time_s,time_us,phase,body_x_mm,body_y_mm,body_z_mm,body_qw,body_qx,body_qy,body_qz,assumed_com_x_mm,assumed_com_y_mm,assumed_com_z_mm,support_margin_mm,body_ground_clearance_mm,FL_h002_rad,FL_alpha006_rad,FL_theta005_rad,FL_foot_bolt_x_mm,FL_foot_bolt_y_mm,FL_foot_bolt_z_mm,FL_sole_contact_x_mm,FL_sole_contact_y_mm,FL_sole_contact_z_mm,FL_contact_active,FL_sole_clearance_mm,FR_h002_rad,FR_alpha006_rad,FR_theta005_rad,FR_foot_bolt_x_mm,FR_foot_bolt_y_mm,FR_foot_bolt_z_mm,FR_sole_contact_x_mm,FR_sole_contact_y_mm,FR_sole_contact_z_mm,FR_contact_active,FR_sole_clearance_mm,RL_h002_rad,RL_alpha006_rad,RL_theta005_rad,RL_foot_bolt_x_mm,RL_foot_bolt_y_mm,RL_foot_bolt_z_mm,RL_sole_contact_x_mm,RL_sole_contact_y_mm,RL_sole_contact_z_mm,RL_contact_active,RL_sole_clearance_mm,RR_h002_rad,RR_alpha006_rad,RR_theta005_rad,RR_foot_bolt_x_mm,RR_foot_bolt_y_mm,RR_foot_bolt_z_mm,RR_sole_contact_x_mm,RR_sole_contact_y_mm,RR_sole_contact_z_mm,RR_contact_active,RR_sole_clearance_mm
0.0,0,lower_into_sit,-0.0,0.0,80.96182697652446,1.0,0.0,-0.0,0.0,0.0,0.0,80.96182697652446,39.11558723449706,55.711819974729565,0.0,0.0,0.0,-39.120476722717285,63.70001399999999,9.599998167183458,-39.11558723449707,59.96905316591212,0.0,1,0.0,0.0,0.0,0.0,-39.12047672271727,-63.70001399999998,9.599998167183486,-39.11558723449705,-59.96905316591213,0.0,1,2.842170943040401e-14,0.0,0.0,0.0,73.55512142181396,63.70001399999999,9.599998167183458,73.56001091003418,59.96905316591212,0.0,1,0.0,0.0,0.0,0.0,73.55512142181396,-63.70001399999998,9.599998167183458,73.56001091003418,-59.96905316591213,0.0,1,0.0
0.008333333333333333,8333,lower_into_sit,-1.7075410887567953e-06,0.0,80.9618232312308,0.9999999999999987,0.0,-5.122255550481918e-08,0.0,-1.7075410887567953e-06,0.0,80.9618232312308,39.115585526955975,55.71181242797217,0.0,2.596258137366192e-07,-5.9373803651396884e-08,-39.12047810448625,63.70001399999999,9.599998166479608,-39.11558723449707,59.96905316591212,0.0,1,-1.893951662168547e-10,0.0,2.596258137366192e-07,-5.937381031273503e-08,-39.12047810448625,-63.70001399999998,9.599998166479608,-39.11558723449705,-59.96905316591213,0.0,1,-1.893951662168547e-10,0.0,4.6219688520920954e-08,1.503472497610403e-07,73.55512144691163,63.70001399999999,9.599998167196276,73.56001091003418,59.96905316591212,0.0,1,3.552713678800501e-14,0.0,4.6219688520920954e-08,1.503472497610403e-07,73.55512144691163,-63.70001399999998,9.599998167196276,73.56001091003418,-59.96905316591213,0.0,1,3.552713678800501e-14
0.016666666666666666,16667,lower_into_sit,-1.3603363308438755e-05,0.0,80.96179713912217,0.9999999999999167,0.0,-4.0807160466400387e-07,0.0,-1.3603363308438755e-05,0.0,80.96179713912217,39.115573631133756,55.711759001232906,0.0,2.0683443113789224e-06,-4.730085843007714e-07,-39.12048773076503,63.70001399999999,9.599998161570525,-39.11558723449707,59.96905316591212,0.0,1,-1.3104410001574252e-08,0.0,2.0683443113789224e-06,-4.730086411441903e-07,-39.120487730765014,-63.70001399999998,9.599998161570554,-39.11558723449705,-59.96905316591213,0.0,1,-1.3104381579864821e-08,0.0,3.6821528981434426e-07,1.1977625513637236e-06,73.55512162175717,63.70001399999999,9.59999816728535,73.56001091003418,59.96905316591212,0.0,1,5.861977570020827e-14,0.0,3.6821528981434426e-07,1.1977625513637236e-06,73.55512162175717,-63.70001399999998,9.59999816728535,73.56001091003418,-59.96905316591213,0.0,1,5.861977570020827e-14
0.025,25000,lower_into_sit,-4.571952160493827e-05,0.0,80.96172669604763,0.9999999999990595,0.0,-1.3714871920107273e-06,0.0,-4.571952160493827e-05,0.0,80.96172669604763,39.128452357870884,55.71152624403756,0.0,6.95237634928958e-06,-1.5905973631547e-06,-39.12051372544395,63.70001399999999,9.59999819633002,-39.128498077392486,59.980312244891614,0.0,1,2.6645352591003757e-14,0.0,6.95237634928958e-06,-1.5905975532248817e-06,-39.12051372544395,-63.70001399999998,9.59999819633002,-39.128498077392486,-59.98031224489162,0.0,1,2.6645352591003757e-14,0.0,1.2375316691404237e-06,4.025560930376315e-06,73.5551220937963,63.70001399999999,9.599998167525683,73.56001091003418,59.96905316591212,0.0,1,-5.329070518200751e-15,0.0,1.2375316691404237e-06,4.025560930376315e-06,73.5551220937963,-63.70001399999998,9.599998167525683,73.56001091003418,-59.96905316591213,0.0,1,-5.329070518200751e-15
0.03333333333333333,33333,lower_into_sit,-0.00010791850835746584,0.0,80.96159026977215,0.9999999999947599,0.0,-3.237322850223527e-06,0.0,-0.00010791850835746584,0.0,80.96159026977215,39.12839015888413,55.711074491972354,0.0,1.6410725498516854e-05,-3.7545185875842435e-06,-39.12056406569614,63.70001399999999,9.599998238066192,-39.128498077392486,59.980312244891614,0.0,1,2.1316282072803006e-14,0.0,1.6410725498516854e-05,-3.7545190365584347e-06,-39.12056406569614,-63.70001399999998,9.599998238066192,-39.128498077392486,-59.98031224489162,0.0,1,2.1316282072803006e-14,0.0,2.9211165171183495e-06,9.502135717376348e-06,73.55512300796353,63.70001399999999,9.599998167991217,73.56001091003418,59.96905316591212,0.0,1,3.019806626980426e-14,0.0,2.9211165171183495e-06,9.502135717376348e-06,73.55512300796353,-63.70001399999998,9.599998167991217,73.56001091003418,-59.96905316591213,0.0,1,3.019806626980426e-14
0.041666666666666664,41667,lower_into_sit,-0.00020989420597723925,0.0,80.96136659788708,0.9999999999801779,0.0,-6.296374176018062e-06,0.0,-0.00020989420597723925,0.0,80.96136659788708,39.128288183186505,55.71033384188972,0.0,3.1917675699322245e-05,-7.302173063550299e-06,-39.12064659821505,63.70001399999999,9.599998305921233,-39.128498077392486,59.980312244891614,0.0,1,3.375077994860476e-14,0.0,3.1917675699322245e-05,-7.302173936185596e-06,-39.12064659821505,-63.70001399999998,9.599998305921233,-39.128498077392486,-59.98031224489162,0.0,1,3.375077994860476e-14,0.0,5.681337813090437e-06,1.8481051482943656e-05,73.55512450667487,63.70001399999999,9.599998168754183,73.56001091003418,59.96905316591212,0.0,1,3.375077994860476e-14,0.0,5.681337813090437e-06,1.8481051482943656e-05,73.55512450667487,-63.70001399999998,9.599998168754183,73.56001091003418,-59.96905316591213,0.0,1,3.375077994860476e-14
0.05,50000,lower_into_sit,-0.00036117283950617285,0.0,80.96103478572081,0.9999999999413078,0.0,-1.0834407406000134e-05,0.0,-0.00036117283950617285,0.0,80.96103478572081,39.12813690455298,55.709235106039024,0.0,5.492169452603335e-05,-1.2564785499602493e-05,-39.12076903174171,63.70001399999999,9.599998405274278,-39.128498077392486,59.980312244891614,0.0,1,8.881784197001252e-15,0.0,5.492169452603335e-05,-1.2564787001512201e-05,-39.12076903174171,-63.70001399999998,9.599998405274278,-39.128498077392486,-59.98031224489162,0.0,1,8.881784197001252e-15,0.0,9.775998295769028e-06,3.1801140230047764e-05,73.55512672981305,63.70001399999999,9.599998169885467,73.56001091003418,59.96905316591212,0.0,1,-3.552713678800501e-15,0.0,9.775998295769028e-06,3.1801140230047764e-05,73.55512672981305,-63.70001399999998,9.599998169885467,73.56001091003418,-59.96905316591213,0.0,1,-3.552713678800501e-15
0.058333333333333334,58333,lower_into_sit,-0.0005711139292155667,0.0,80.96057430424939,0.9999999998532441,0.0,-1.7132187992435076e-05,0.0,-0.0005711139292155667,0.0,80.96057430424939,39.12792696346327,55.707710308550844,0.0,8.68457792280175e-05,-1.986762109895679e-05,-39.120938939088035,63.70001399999999,9.599998540564641,-39.128498077392486,59.980312244891614,0.0,1,-1.7763568394002505e-15,0.0,8.68457792280175e-05,-1.9867623473501794e-05,-39.120938939088035,-63.70001399999998,9.599998540564641,-39.128498077392486,-59.98031224489162,0.0,1,-1.7763568394002505e-15,0.0,1.5458347129460037e-05,5.028660064176904e-05,73.55512981470551,63.70001399999999,9.599998171454473,73.56001091003418,59.96905316591212,0.0,1,1.7763568394002505e-15,0.0,1.5458347129460037e-05,5.028660064176904e-05,73.55512981470551,-63.70001399999998,9.599998171454473,73.56001091003418,-59.96905316591213,0.0,1,1.7763568394002505e-15
0.06666666666666667,66667,lower_into_sit,-0.000848911243204796,0.0,80.959964988007,0.9999999996757539,0.0,-2.5465509178863624e-05,0.0,-0.000848911243204796,0.0,80.959964988007,39.12764916614928,55.70569267896547,0.0,0.00012908755285856444,-2.9529953907037054e-05,-39.1211637574991,63.70001399999999,9.599998714956541,-39.128498077392486,59.980312244891614,0.0,1,1.9539925233402755e-14,0.0,0.00012908755285856444,-2.9529957436658094e-05,-39.12116375749908,-63.70001399999998,9.599998714956556,-39.128498077392486,-59.98031224489162,0.0,1,3.375077994860476e-14,0.0,2.2977088948827884e-05,7.47471001831812e-05,73.5551338960958,63.70001399999999,9.599998173528775,73.56001091003418,59.96905316591212,0.0,1,-1.7763568394002505e-15,0.0,2.2977088948827884e-05,7.47471001831812e-05,73.5551338960958,-63.70001399999998,9.599998173528775,73.56001091003418,-59.96905316591213,0.0,1,-1.7763568394002505e-15
0.075,75000,lower_into_sit,-0.0012035937499999998,0.0,80.95918703299665,0.9999999993482065,0.0,-3.6105220575465066e-05,0.0,-0.0012035937499999998,0.0,80.95918703299665,39.12729448364249,55.703116645826775,0.0,0.00018301935334763542,-4.1865025764309394e-05,-39.121450788955975,63.70001399999999,9.599998929955206,-39.128498077392486,59.980312244891614,0.0,1,1.2434497875801753e-14,0.0,0.00018301935334763542,-4.186503076786252e-05,-39.12145078895596,-63.70001399999998,9.599998929955234,-39.128498077392486,-59.98031224489162,0.0,1,4.085620730620576e-14,0.0,3.2576390474492456e-05,0.00010597787986332818,73.55513910610858,63.70001399999999,9.599998176174196,73.56001091003418,59.96905316591212,0.0,1,3.197442310920451e-14,0.0,3.2576390474492456e-05,0.00010597787986332818,73.55513910610858,-63.70001399999998,9.599998176174196,73.56001091003418,-59.96905316591213,0.0,1,3.197442310920451e-14
0.08333333333333333,83333,lower_into_sit,-0.0016440265711527714,0.0,80.9582209946007,0.9999999987839041,0.0,-4.931725673403593e-05,0.0,-0.0016440265711527714,0.0,80.9582209946007,39.126854050821336,55.69991783033662,0.0,0.0002499883160620442,-5.717999656873474e-05,-39.12180720042364,63.70001399999999,9.599999184978145,-39.128498077392486,59.980312244891614,0.0,1,2.4868995751603507e-14,0.0,0.0002499883160620442,-5.718000340193541e-05,-39.12180720042365,-63.70001399999998,9.599999184978117,-39.128498077392486,-59.98031224489162,0.0,1,-3.552713678800501e-15,0.0,4.4495884864215185e-05,0.00014475986145656705,73.55514557420926,63.70001399999999,9.599998179454431,73.56001091003418,59.96905316591212,0.0,1,1.4210854715202004e-14,0.0,4.4495884864215185e-05,0.00014475986145656705,73.55514557420926,-63.70001399999998,9.599998179454431,73.56001091003418,-59.96905316591213,0.0,1,1.4210854715202004e-14
0.09166666666666666,91667,lower_into_sit,-0.0021789119338388456,0.0,80.95704778549144,0.999999997863861,0.0,-6.536266572241684e-05,0.0,-0.0021789119338388456,0.0,80.95704778549144,39.126319165458646,55.6960330400654,0.0,0.0003313164503766508,-7.57758865423952e-05,-39.122240024048395,63.70001399999999,9.599999476884548,-39.128498077392486,59.980312244891614,0.0,1,5.329070518200751e-15,0.0,0.0003313164503766508,-7.577589559826237e-05,-39.12224002404841,-63.70001399999998,9.599999476884534,-39.128498077392486,-59.98031224489162,0.0,1,-8.881784197001252e-15,0.0,5.897067398086264e-05,0.00019185975702340485,73.55515342715798,63.70001399999999,9.599998183431154,73.56001091003418,59.96905316591212,0.0,1,2.842170943040401e-14,0.0,5.897067398086264e-05,0.00019185975702340485,73.55515342715798,-63.70001399999998,9.599998183431154,73.56001091003418,-59.96905316591213,0.0,1,2.842170943040401e-14
0.1,100000,lower_into_sit,-0.00281679012345679,0.0,80.95564867354173,0.9999999964300746,0.0,-8.449763769816303e-05,0.0,-0.00281679012345679,0.0,80.95564867354173,39.12568128726903,55.69140026271454,0.0,0.00042830071078325815,-9.794751119329703e-05,-39.12275615730854,63.70001399999999,9.599999799467156,-39.128498077392486,59.980312244891614,0.0,1,2.4868995751603507e-14,0.0,0.00042830071078325815,-9.794752289904451e-05,-39.12275615730854,-63.70001399999998,9.599999799467156,-39.128498077392486,-59.98031224489162,0.0,1,2.4868995751603507e-14,0.0,7.623132874634564e-05,0.00024803018053054515,73.55516278895865,63.70001399999999,9.599998188163525,73.56001091003418,59.96905316591212,0.0,1,5.329070518200751e-15,0.0,7.623132874634564e-05,0.00024803018053054515,73.55516278895865,-63.70001399999998,9.599998188163525,73.56001091003418,-59.96905316591213,0.0,1,5.329070518200751e-15
0.10833333333333334,108333,lower_into_sit,-0.0035660404362266944,0.0,80.95400527973555,0.9999999942783315,0.0,-0.00010697353348121476,0.0,-0.0035660404362266944,0.0,80.95400527973555,39.12493203695626,55.68595865992641,0.0,0.000542213063053687,-0.00012398340961539134,-39.123362363123356,63.70001399999999,9.600000142909053,-39.128498077392486,59.980312244891614,0.0,1,-1.4210854715202004e-14,0.0,0.000542213063053687,-0.000123983424433316,-39.12336236312334,-63.70001399999998,9.600000142909082,-39.128498077392486,-59.98031224489162,0.0,1,1.4210854715202004e-14,0.0,9.650388773296825e-05,0.00031400976141382486,73.55517378080404,63.70001399999999,9.59999819370826,73.56001091003418,59.96905316591212,0.0,1,1.2434497875801753e-14,0.0,9.650388773296825e-05,0.00031400976141382486,73.55517378080404,-63.70001399999998,9.59999819370826,73.56001091003418,-59.96905316591213,0.0,1,1.2434497875801753e-14
0.11666666666666667,116667,lower_into_sit,-0.0044348821317888535,0.0,80.95209957607858,0.9999999911505898,0.0,-0.00013303691312528386,0.0,-0.0044348821317888535,0.0,80.95209957607858,39.124063195260696,55.679648561138116,0.0,0.000674300545967732,-0.00015416576682625305,-39.12406526992309,63.70001399999999,9.60000049321009,-39.128498077392486,59.980312244891614,0.0,1,4.263256414560601e-14,0.0,0.000674300545967732,-0.000154165785249738,-39.124065269923115,-63.70001399999998,9.600000493210075,-39.128498077392486,-59.98031224489162,0.0,1,2.842170943040401e-14,0.0,0.00012000985416360521,0.000390523259913067,73.5551865210163,63.70001399999999,9.59999820011923,73.56001091003418,59.96905316591212,0.0,1,5.684341886080802e-14,0.0,0.00012000985416360521,0.000390523259913067,73.5551865210163,-63.70001399999998,9.59999820011923,73.56001091003418,-59.96905316591213,0.0,1,5.684341886080802e-14
0.125,125000,lower_into_sit,-0.0054313753858024685,0.0,80.94991388350877,0.9999999867269784,0.0,-0.0001629295644876338,0.0,-0.0054313753858024685,0.0,80.94991388350877,39.12306670200668,55.67241145747488,0.0,0.0008257853291042672,-0.00018877033073660954,-39.12487137168558,63.70001399999999,9.600000831584424,-39.128498077392486,59.980312244891614,0.0,1,3.907985046680551e-14,0.0,0.0008257853291042672,-0.00018877035329545322,-39.12487137168559,-63.70001399999998,9.60000083158441,-39.128498077392486,-59.98031224489162,0.0,1,2.4868995751603507e-14,0.0,0.00014696619146992163,0.00047828168402963556,73.55520112498381,63.70001399999999,9.599998207447157,73.56001091003418,59.96905316591212,0.0,1,3.552713678800501e-15,0.0,0.00014696619146992163,0.00047828168402963556,73.55520112498381,-63.70001399999998,9.599998207447157,73.56001091003418,-59.96905316591213,0.0,1,3.552713678800501e-15
0.13333333333333333,133333,lower_into_sit,-0.006563422242544328,0.0,80.947430869807,0.9999999806174529,0.0,-0.00019688853179688793,0.0,-0.006563422242544328,0.0,80.947430869807,39.12193465514994,55.664189995679635,0.0,0.0009978647671977647,-0.00022806632444094532,-39.12578702794161,63.70001399999999,9.60000113383461,-39.128498077392486,59.980312244891614,0.0,1,-1.2434497875801753e-14,0.0,0.0009978647671977647,-0.0002280663516955883,-39.12578702794161,-63.70001399999998,9.60000113383461,-39.128498077392486,-59.98031224489162,0.0,1,-1.2434497875801753e-14,0.0,0.00017758531755118767,0.0005779824079312768,73.5552177050956,63.70001399999999,9.599998215739788,73.56001091003418,59.96905316591212,0.0,1,-5.329070518200751e-15,0.0,0.00017758531755118767,0.0005779824079312768,73.5552177050956,-63.70001399999998,9.599998215739788,73.56001091003418,-59.96905316591213,0.0,1,-5.329070518200751e-15
0.14166666666666666,141667,lower_into_sit,-0.007838767567507494,0.0,80.94463354750754,0.9999999723531451,0.0,-0.00023514614421846398,0.0,-0.007838767567507494,0.0,80.94463354750754,39.12065930982498,55.654927972074915,0.0,0.0011917114515509475,-0.0002723163544153806,-39.12681846375427,63.70001399999999,9.600001369703733,-39.128498077392486,59.980312244891614,0.0,1,1.9539925233402755e-14,0.0,0.0011917114515509475,-0.0002723163869577938,-39.12681846375427,-63.70001399999998,9.600001369703733,-39.128498077392486,-59.98031224489162,0.0,1,1.9539925233402755e-14,0.0,0.0002120750979011099,0.0006903092916976661,73.55523637067154,63.70001399999999,9.599998225041276,73.56001091003418,59.96905316591212,0.0,1,5.1514348342607263e-14,0.0,0.0002120750979011099,0.0006903092916976661,73.55523637067154,-63.70001399999998,9.599998225041276,73.56001091003418,-59.96905316591213,0.0,1,5.1514348342607263e-14
0.15,150000,lower_into_sit,-0.009264999999999999,0.0,80.94150527180878,0.9999999613774445,0.0,-0.0002779300444171928,0.0,-0.009264999999999999,0.0,80.94150527180878,39.11923307739249,55.64457032655403,0.0,0.0014084732589769722,-0.00032177631524366035,-39.12797176967525,63.70001399999999,9.60000150220904,-39.128498077392486,59.980312244891614,0.0,1,2.3092638912203256e-14,0.0,0.0014084732589769722,-0.0003217763536955687,-39.12797176967526,-63.70001399999998,9.600001502209025,-39.128498077392486,-59.98031224489162,0.0,1,8.881784197001252e-15,0.0,0.00025063883770437556,0.0008159328022179224,73.55525722789119,63.70001399999999,9.599998235391894,73.56001091003418,59.96905316591212,0.0,1,3.019806626980426e-14,0.0,0.00025063883770437556,0.0008159328022179224,73.55525722789119,-63.70001399999998,9.599998235391894,73.56001091003418,-59.96905316591213,0.0,1,3.019806626980426e-14
0.15833333333333333,158333,lower_into_sit,-0.010849552905743536,0.0,80.93802973848369,0.9999999470368458,0.0,-0.00032546321711664233,0.0,-0.010849552905743536,0.0,80.93802973848369,39.11764852448674,55.6330631365978,0.0,0.001649273398768969,-0.00037669529148898206,-39.12925290168184,63.70001399999999,9.60000148696112,-39.128498077392486,59.980312244891614,0.0,1,1.0658141036401503e-14,0.0,0.001649273398768969,-0.00037669533650275255,-39.12925290168184,-63.70001399999998,9.60000148696112,-39.128498077392486,-59.98031224489162,0.0,1,1.0658141036401503e-14,0.0,0.00029347527308987154,0.0009555101351446105,73.5552803797198,63.70001399999999,9.599998246828136,73.56001091003418,59.96905316591212,0.0,1,-2.4868995751603507e-14,0.0,0.00029347527308987154,0.0009555101351446105,73.5552803797198,-63.70001399999998,9.599998246828136,73.56001091003418,-59.96905316591213,0.0,1,-2.4868995751603507e-14
0.16666666666666666,166667,lower_into_sit,-0.012599705329472133,0.0,80.9341909817905,0.9999999285715981,0.0,-0.0003779640176546313,0.0,-0.012599705329472133,0.0,80.9341909817905,39.12369752432914,55.62035361131409,0.0,0.0019152224238916382,-0.00043732721572231625,-39.13066775999943,63.70001399999999,9.600001919532517,-39.136297229658624,59.9925097393973,0.0,1,2.3092638912203256e-14,0.0,0.0019152224238916382,-0.00043732726797962584,-39.13066775999943,-63.70001399999998,9.600001919532517,-39.1362972296586,-59.99250973939729,0.0,1,2.3092638912203256e-14,0.0,0.00034077856163161613,0.0011096853377488003,73.5553059258327,63.70001399999999,9.599998259382417,73.56001091003418,59.96905316591212,0.0,1,5.1514348342607263e-14,0.0,0.00034077856163161613,0.0011096853377488003,73.5553059258327,-63.70001399999998,9.599998259382417,73.56001091003418,-59.96905316591213,0.0,1,5.1514348342607263e-14
0.175,175000,lower_into_sit,-0.014522582947530858,0.0,80.9299733723832,0.9999999051061895,0.0,-0.0004356462005343881,0.0,-0.014522582947530858,0.0,80.9299733723832,39.12177464671108,55.606390085496855,0.0,0.002207393721867401,-0.0005039066318324181,-39.132222027280314,63.70001399999999,9.600002705139289,-39.136297229658624,59.9925097393973,0.0,1,-7.105427357601002e-15,0.0,0.002207393721867401,-0.0005039066920433655,-39.1322220272803,-63.70001399999998,9.600002705139318,-39.1362972296586,-59.99250973939729,0.0,1,2.1316282072803006e-14,0.0,0.00039273827223729185,0.0012790894325775959,73.55533396253854,63.70001399999999,9.599998273082278,73.56001091003418,59.96905316591212,0.0,1,-1.0658141036401503e-14,0.0,0.00039273827223729185,0.0012790894325775959,73.55533396253854,-63.70001399999998,9.599998273082278,73.56001091003418,-59.96905316591213,0.0,1,-1.0658141036401503e-14
0.18333333333333332,183333,lower_into_sit,-0.016625159020474522,0.0,80.9253616152222,0.9999998756396977,0.0,-0.0004987189479707724,0.0,-0.016625159020474522,0.0,80.9253616152222,39.11967207063813,55.59112201370199,0.0,0.0025268275898002734,-0.0005766525645345411,-39.13392119477969,63.70001399999999,9.600003276062694,-39.136297229658624,59.9925097393973,0.0,1,-1.7763568394002505e-15,0.0,0.0025268275898002734,-0.0005766526334345379,-39.13392119477972,-63.70001399999998,9.60000327606268,-39.1362972296586,-59.99250973939729,0.0,1,-1.5987211554602254e-14,0.0,0.0004495393745731491,0.001464340541753817,73.55536458270053,63.70001399999999,9.599998287951081,73.56001091003418,59.96905316591212,0.0,1,3.019806626980426e-14,0.0,0.0004495393745731491,0.001464340541753817,73.55536458270053,-63.70001399999998,9.599998287951081,73.56001091003418,-59.96905316591213,0.0,1,3.019806626980426e-14
0.19166666666666668,191667,lower_into_sit,-0.01891425534566632,0.0,80.92034074748487,0.9999998390360408,0.0,-0.0005673868984309525,0.0,-0.01891425534566632,0.0,80.92034074748487,39.117382974312946,55.57449996433712,0.0,0.0028745490922439387,-0.0006557859157210189,-39.135770679861565,63.70001399999999,9.60000355566089,-39.136297229658624,59.9925097393973,0.0,1,1.2434497875801753e-14,0.0,0.0028745490922434946,-0.0006557859940730104,-39.13577067986155,-63.70001399999998,9.600003555660876,-39.1362972296586,-59.99250973939729,0.0,1,-1.7763568394002505e-15,0.0,0.0005113622281016639,0.001666044011861878,73.55539787565782,63.70001399999999,9.599998304006874,73.56001091003418,59.96905316591212,0.0,1,1.2434497875801753e-14,0.0,0.0005113622281016639,0.001666044011861878,73.55539787565782,-63.70001399999998,9.599998304006874,73.56001091003418,-59.96905316591213,0.0,1,1.2434497875801753e-14
0.2,200000,lower_into_sit,-0.021396543209876544,0.0,80.91489613647616,0.9999997940141551,0.0,-0.0006418501751689065,0.0,-0.021396543209876544,0.0,80.91489613647616,39.114900686448735,55.556475613762885,0.0,0.0032515588451884625,-0.0007415202613070271,-39.13777576482519,63.70001399999999,9.600003456243641,-39.136297229658624,59.9925097393973,0.0,1,-5.329070518200751e-15,0.0,0.0032515588451875743,-0.0007415203498988276,-39.13777576482515,-63.70001399999998,9.600003456243641,-39.1362972296586,-59.99250973939729,0.0,1,-5.329070518200751e-15,0.0,0.0005783825708918222,0.0018847925392555531,73.55543392714554,63.70001399999999,9.599998321262788,73.56001091003418,59.96905316591212,0.0,1,-3.552713678800501e-15,0.0,0.0005783825708918222,0.0018847925392555531,73.55543392714554,-63.70001399999998,9.599998321262788,73.56001091003418,-59.96905316591213,0.0,1,-3.552713678800501e-15
0.20833333333333334,208333,lower_into_sit,-0.024078544341881326,0.0,80.9090134775391,0.9999997391381322,0.0,-0.0007223044147530927,0.0,-0.024078544341881326,0.0,80.9090134775391,39.112218685316726,55.53700174040286,0.0,0.003658833060728117,-0.000834061747856385,-39.13994159679828,63.70001399999999,9.60000287836128,-39.136297229658624,59.9925097393973,0.0,1,2.6645352591003757e-14,0.0,0.003658833060727229,-0.0008340618474989014,-39.139941596798245,-63.70001399999998,9.600002878361266,-39.1362972296586,-59.99250973939729,0.0,1,1.2434497875801753e-14,0.0,0.0006507715082828547,0.0021211662957227873,73.55547281921521,63.70001399999999,9.599998339726554,73.56001091003418,59.96905316591212,0.0,1,3.552713678800501e-15,0.0,0.0006507715082828547,0.0021211662957227873,73.55547281921521,-63.70001399999998,9.599998339726554,73.56001091003418,-59.96905316591213,0.0,1,3.552713678800501e-15
0.21666666666666667,216667,lower_into_sit,-0.02696663186506123,0.0,80.90267879196554,0.9999996728073411,0.0,-0.0008089407955866035,0.0,-0.02696663186506123,0.0,80.90267879196554,39.10933059779355,55.516032218860275,0.0,0.0040973235928754015,-0.0009336089902052258,-39.142273187634224,63.70001399999999,9.600001710097885,-39.136297229658624,59.9925097393973,0.0,1,-8.881784197001252e-15,0.0,0.004097323592874957,-0.0009336091017351222,-39.14227318763419,-63.70001399999998,9.600001710097885,-39.1362972296586,-59.99250973939729,0.0,1,-8.881784197001252e-15,0.0,0.000728695501526655,0.0023757330543894284,73.55551463015475,63.70001399999999,9.59999835940026,73.56001091003418,59.96905316591212,0.0,1,-1.9539925233402755e-14,0.0,0.000728695501526655,0.0023757330543894284,73.55551463015475,-63.70001399999998,9.59999835940026,73.56001091003418,-59.96905316591213,0.0,1,-1.9539925233402755e-14
0.225,225000,lower_into_sit,-0.030067031249999997,0.0,80.89587842490656,0.999999593246564,0.0,-0.0009019460664191224,0.0,-0.030067031249999997,0.0,80.89587842490656,39.10623019840861,55.49352201403866,0.0,0.004567957984944027,-0.0010403529706208836,-39.14477541381576,63.70001399999999,9.599999826372382,-39.136297229658624,59.9925097393973,0.0,1,7.105427357601002e-15,0.0,0.0045679579849435825,-0.0010403530948952522,-39.14477541381574,-63.70001399999998,9.599999826372368,-39.1362972296586,-59.99250973939729,0.0,1,-7.105427357601002e-15,0.0,0.0008123163565159075,0.0026490483157770583,73.5555594344091,63.70001399999999,9.599998380280397,73.56001091003418,59.96905316591212,0.0,1,3.552713678800501e-14,0.0,0.0008123163565159075,0.0026490483157770583,73.5555594344091,-63.70001399999998,9.599998380280397,73.56001091003418,-59.96905316591213,0.0,1,3.552713678800501e-14
0.23333333333333334,233333,lower_into_sit,-0.033385821267083275,0.0,80.8885990432832,0.9999994984961705,0.0,-0.0010015025748499708,0.0,-0.033385821267083275,0.0,80.8885990432832,39.10291140839153,55.46942717526478,0.0,0.005071639518885451,-0.0011544769399356447,-39.14745301636826,63.70001399999999,9.599997088248472,-39.136297229658624,59.9925097393973,0.0,1,0.0,0.0,0.005071639518885451,-0.0011544770778346702,-39.147453016368246,-63.70001399999998,9.599997088248486,-39.1362972296586,-59.99250973939729,0.0,1,1.4210854715202004e-14,0.0,0.0009017912126760841,0.002941655433922552,73.55560730250127,63.70001399999999,9.5999984023573,73.56001091003418,59.96905316591212,0.0,1,6.394884621840902e-14,0.0,0.0009017912126760841,0.002941655433922552,73.55560730250127,-63.70001399999998,9.5999984023573,73.56001091003418,-59.96905316591213,0.0,1,6.394884621840902e-14
0.24166666666666667,241667,lower_into_sit,-0.0369289349390972,0.0,80.88082763369692,0.9999993864023575,0.0,-0.0011077882958215252,0.0,-0.0369289349390972,0.0,80.88082763369692,39.09936829471951,55.44370483041139,0.0,0.005609247266990636,-0.0012761563211745042,-39.150310600785325,63.70001399999999,9.59999334225735,-39.136297229658624,59.9925097393973,0.0,1,-2.4868995751603507e-14,0.0,0.005609247266990192,-0.0012761564735970232,-39.15031060078529,-63.70001399999998,9.599993342257363,-39.1362972296586,-59.99250973939729,0.0,1,-1.0658141036401503e-14,0.0,0.0009972725321572007,0.0032540857424780967,73.55565830095432,63.70001399999999,9.59999842561524,73.56001091003418,59.96905316591212,0.0,1,3.552713678800501e-15,0.0,0.0009972725321572007,0.0032540857424780967,73.55565830095432,-63.70001399999998,9.59999842561524,73.56001091003418,-59.96905316591213,0.0,1,3.552713678800501e-15
0.25,250000,lower_into_sit,-0.040702160493827154,0.0,80.87255150034032,0.9999992546074757,0.0,-0.0012209768601022916,0.0,-0.040702160493827154,0.0,80.87255150034032,39.09559506916478,55.41631318001822,0.0,0.006181636146315839,-0.0014055586160917066,-39.15335263696913,63.70001399999999,9.599988419734586,-39.136297229658624,59.9925097393973,0.0,1,2.4868995751603507e-14,0.0,0.006181636146315395,-0.0014055587839587602,-39.15335263696911,-63.70001399999998,9.599988419734572,-39.1362972296586,-59.99250973939729,0.0,1,1.0658141036401503e-14,0.0,0.001098908089377293,0.0035868586806966363,73.55571249221482,63.70001399999999,9.599998450032416,73.56001091003418,59.96905316591212,0.0,1,-1.4210854715202004e-14,0.0,0.001098908089377293,0.0035868586806966363,73.55571249221482,-63.70001399999998,9.599998450032416,73.56001091003418,-59.96905316591213,0.0,1,-1.4210854715202004e-14
0.25833333333333336,258333,lower_into_sit,-0.04471114231665652,0.0,80.86375826290761,0.9999991005404688,0.0,-0.001341237582758906,0.0,-0.04471114231665652,0.0,80.86375826290761,39.09158608734195,55.38721149140906,0.0,0.006789636976213043,-0.001542843315082365,-39.1565834591886,63.70001399999999,9.59998213617338,-39.136297229658624,59.9925097393973,0.0,1,1.9539925233402755e-14,0.0,0.0067896369762125985,-0.0015428434993318696,-39.15658345918861,-63.70001399999998,9.599982136173352,-39.1362972296586,-59.99250973939729,0.0,1,-8.881784197001252e-15,0.0,0.0012068409610455078,0.0039404819192569995,73.5557699345766,63.70001399999999,9.599998475580492,73.56001091003418,59.96905316591212,0.0,1,-1.0658141036401503e-14,0.0,0.0012068409610455078,0.0039404819192569995,73.5557699345766,-63.70001399999998,9.599998475580492,73.56001091003418,-59.96905316591213,0.0,1,-1.0658141036401503e-14
0.26666666666666666,266667,lower_into_sit,-0.048961381903165166,0.0,80.85443585450524,0.9999989214074462,0.0,-0.001468735491616331,0.0,-0.048961381903165166,0.0,80.85443585450524,39.08733584775545,55.35636009280326,0.0,0.007434056539313172,-0.0016881618108728347,-39.16000726605727,63.70001399999999,9.599974290597359,-39.136297229658624,59.9925097393973,0.0,1,3.552713678800501e-15,0.0,0.007434056539312284,-0.0016881620124618024,-39.16000726605722,-63.70001399999998,9.599974290597345,-39.1362972296586,-59.99250973939729,0.0,1,-1.0658141036401503e-14,0.0,0.0013212095167181026,0.004315451485825239,73.55583068210747,63.70001399999999,9.59999850222465,73.56001091003418,59.96905316591212,0.0,1,1.2434497875801753e-14,0.0,0.0013212095167181026,0.004315451485825239,73.55583068210747,-63.70001399999998,9.59999850222465,73.56001091003418,-59.96905316591213,0.0,1,1.2434497875801753e-14
0.275,275000,lower_into_sit,-0.05345823881172841,0.0,80.84457251956249,0.9999987141824108,0.0,-0.0016036313557055485,0.0,-0.05345823881172841,0.0,80.84457251956249,39.08283899084688,55.323720367420165,0.0,0.008115677646294284,-0.001841657316408174,-39.16362812053311,63.70001399999999,9.599964664953745,-39.136297229658624,59.9925097393973,0.0,1,1.4210854715202004e-14,0.0,0.008115677646294284,-0.0018416575363087162,-39.16362812053311,-63.70001399999998,9.599964664953745,-39.1362972296586,-59.99250973939729,0.0,1,1.4210854715202004e-14,0.0,0.0014421474099952647,0.004712251890303332,73.5558947845767,63.70001399999999,9.599998529923425,73.56001091003418,59.96905316591212,0.0,1,-5.329070518200751e-15,0.0,0.0014421474099952647,0.004712251890303332,73.5558947845767,-63.70001399999998,9.599998529923425,73.56001091003418,-59.96905316591213,0.0,1,-5.329070518200751e-15
0.2833333333333333,283333,lower_into_sit,-0.05820693161611542,0.0,80.83415681174206,0.9999984755981627,0.0,-0.0017460817136980026,0.0,-0.05820693161611542,0.0,80.83415681174206,39.137834887018165,55.28925474757462,0.0,0.008835287186001128,-0.002003492278320085,-39.16745013459844,63.70001399999999,9.599954546397186,-39.1960418186343,65.90477742429005,0.0,1,-5.329070518200751e-15,0.0,0.00883528718600024,-0.002003492517524741,-39.16745013459836,-63.70001399999998,9.599954546397242,-39.19604181863426,-65.90477742429005,0.0,1,5.1514348342607263e-14,0.0,0.0015697835704302499,0.005131356249690189,73.55596228738487,63.70001399999999,9.599998558628855,73.56001091003418,59.96905316591212,0.0,1,3.552713678800501e-14,0.0,0.0015697835704302499,0.005131356249690189,73.55596228738487,-63.70001399999998,9.599998558628855,73.56001091003418,-59.96905316591213,0.0,1,3.552713678800501e-14
0.2916666666666667,291667,lower_into_sit,-0.06321253885808821,0.0,80.82317759185064,0.9999982021373965,0.0,-0.0018962389023261359,0.0,-0.06321253885808821,0.0,80.82317759185064,39.13282927977619,55.25292670876217,0.0,0.009594024699173698,-0.002174190513231089,-39.17147977414903,63.70001399999999,9.59996570219181,-39.1960418186343,65.90477742429005,0.0,1,1.4210854715202004e-14,0.0,0.00959402469917281,-0.0021741907727919063,-39.171479774149,-63.70001399999998,9.599965702191795,-39.19604181863426,-65.90477742429005,0.0,1,0.0,0.0,0.0017042421962170096,0.00557322641250968,73.55603323149619,63.70001399999999,9.59999858828607,73.56001091003418,59.96905316591212,0.0,1,1.4210854715202004e-14,0.0,0.0017042421962170096,0.00557322641250968,73.55603323149619,-63.70001399999998,9.59999858828607,73.56001091003418,-59.96905316591213,0.0,1,1.4210854715202004e-14
0.3,300000,lower_into_sit,-0.06847999999999999,0.0,80.81162402574947,0.9999978900240143,0.0,-0.002054251084789287,0.0,-0.06847999999999999,0.0,80.81162402574947,39.12756181863428,55.21470076373264,0.0,0.010392192523444255,-0.0023534682435104592,-39.17571800133131,63.70001399999999,9.599975610372056,-39.1960418186343,65.90477742429005,0.0,1,0.0,0.0,0.010392192523443367,-0.0023534685244466225,-39.17571800133128,-63.70001399999998,9.599975610372042,-39.19604181863426,-65.90477742429005,0.0,1,-1.4210854715202004e-14,0.0,0.0018456427477455684,0.006038313082719071,73.55610765337298,63.70001399999999,9.59999861883368,73.56001091003418,59.96905316591212,0.0,1,1.7763568394002505e-14,0.0,0.0018456427477455684,0.006038313082719071,73.55610765337298,-63.70001399999998,9.59999861883368,73.56001091003418,-59.96905316591213,0.0,1,1.7763568394002505e-14
0.30833333333333335,308333,lower_into_sit,-0.07401411637739423,0.0,80.79948558226499,0.9999975352146683,0.0,-0.0022202622791443285,0.0,-0.07401411637739423,0.0,80.79948558226499,39.12202770225689,55.174542456550554,0.0,0.01123047866261695,-0.00254143552362196,-39.180168340771445,63.70001399999999,9.599984000506893,-39.1960418186343,65.90477742429005,0.0,1,-1.5987211554602254e-14,0.0,0.011230478662616505,-0.0025414358269673087,-39.18016834077141,-63.70001399999998,9.599984000506907,-39.19604181863426,-65.90477742429005,0.0,1,-1.7763568394002505e-15,0.0,0.001994099942082439,0.006527055943092552,73.55618558491275,63.70001399999999,9.599998650203503,73.56001091003418,59.96905316591212,0.0,1,2.842170943040401e-14,0.0,0.001994099942082439,0.006527055943092552,73.55618558491275,-63.70001399999998,9.599998650203503,73.56001091003418,-59.96905316591213,0.0,1,2.842170943040401e-14
0.31666666666666665,316667,lower_into_sit,-0.07981955215160291,0.0,80.78675203109938,0.9999971333905525,0.0,-0.002394412386680353,0.0,-0.07981955215160291,0.0,80.78675203109938,39.11622226648267,55.132418356641296,0.0,0.01210954752094251,-0.00273819387050267,-39.18483418182836,63.70001399999999,9.599990581566516,-39.1960418186343,65.90477742429005,0.0,1,2.4868995751603507e-14,0.0,0.012109547520941177,-0.0027381941972981494,-39.18483418182831,-63.70001399999998,9.599990581566487,-39.19604181863426,-65.90477742429005,0.0,1,-3.552713678800501e-15,0.0,0.002149723748448018,0.00703988377797371,73.55626705338821,63.70001399999999,9.599998682320646,73.56001091003418,59.96905316591212,0.0,1,-5.329070518200751e-15,0.0,0.002149723748448018,0.00703988377797371,73.55626705338821,-63.70001399999998,9.599998682320646,73.56001091003418,-59.96905316591213,0.0,1,-5.329070518200751e-15
0.325,325000,lower_into_sit,-0.0859008352623457,0.0,80.77341344074115,0.9999966799494587,0.0,-0.0025768372202768456,0.0,-0.0859008352623457,0.0,80.77341344074115,39.110140983371934,55.08829605282161,0.0,0.01303003999690766,-0.0029438362138840546,-39.18971877877284,63.70001399999999,9.599995041480739,-39.1960418186343,65.90477742429005,0.0,1,-1.2434497875801753e-14,0.0,0.013030039996906773,-0.002943836565186153,-39.18971877877277,-63.70001399999998,9.599995041480781,-39.19604181863426,-65.90477742429005,0.0,1,3.019806626980426e-14,0.0,0.0023126193847504695,0.007577214595392956,73.55635208139026,63.70001399999999,9.599998715103752,73.56001091003418,59.96905316591212,0.0,1,-1.03826991448841e-08,0.0,0.0023126193847504695,0.007577214595392956,73.55635208139026,-63.70001399999998,9.599998715103752,73.56001091003418,-59.96905316591213,0.0,1,-1.03826991448841e-08
0.3333333333333333,333333,lower_into_sit,-0.0922623583803282,0.0,80.75946017637573,0.9999961699981119,0.0,-0.002767668532744686,0.0,-0.0922623583803282,0.0,80.75946017637573,39.103779460253946,55.04214414731348,0.0,0.01399257358277639,-0.003158446853130936,-39.19482525100222,63.70001399999999,9.599997046731389,-39.1960418186343,65.90477742429005,0.0,1,3.552713678800501e-15,0.0,0.013992573582775947,-0.0031584472299996946,-39.19482525100219,-63.70001399999998,9.599997046731403,-39.19604181863426,-65.90477742429005,0.0,1,1.7763568394002505e-14,0.0,0.0024828877135276706,0.008139455354242653,73.55644068414324,63.70001399999999,9.599998769989753,73.56121826172716,60.925319569110364,0.0,1,-1.0658141036401503e-14,0.0,0.0024828877135276706,0.008139455354242653,73.55644068414324,-63.70001399999998,9.599998769989753,73.56121826172716,-60.92531956911037,0.0,1,-1.0658141036401503e-14
0.3416666666666667,341667,lower_into_sit,-0.09890837985984097,0.0,80.74488289779605,0.9999955983448002,0.0,-0.0029670340451494843,0.0,-0.09890837985984097,0.0,80.74488289779605,39.097133438774435,54.99393224974021,0.0,0.014997742470074016,-0.003382101420785766,-39.200156583292014,63.70001399999999,9.599996241978417,-39.1960418186343,65.90477742429005,0.0,1,-8.881784197001252e-15,0.0,0.014997742470073572,-0.0033821018242941037,-39.20015658329197,-63.70001399999998,9.599996241978445,-39.19604181863426,-65.90477742429005,0.0,1,1.9539925233402755e-14,0.0,0.0026606238621744716,0.008727003449215953,73.55653287855999,63.70001399999999,9.599998815428947,73.56121826172716,60.925319569110364,0.0,1,3.552713678800501e-15,0.0,0.0026606238621744716,0.008727003449215953,73.55653287855999,-63.70001399999998,9.599998815428947,73.56121826172716,-60.92531956911037,0.0,1,3.552713678800501e-15
0.35,350000,lower_into_sit,-0.10584302469135799,0.0,80.72967255731312,0.9999949594923115,0.0,-0.0031750574751166806,0.0,-0.10584302469135799,0.0,80.72967255731312,39.09019879394292,54.94363097110369,0.0,0.01604611766121833,-0.00361486685309087,-39.20571562608584,63.70001399999999,9.599992249722817,-39.1960418186343,65.90477742429005,0.0,1,3.552713678800501e-14,0.0,0.01604611766121744,-0.003614867284316148,-39.20571562608581,-63.70001399999998,9.599992249722789,-39.19604181863426,-65.90477742429005,0.0,1,7.105427357601002e-15,0.0,0.0028459189774339144,0.009340245094837218,73.5566286716067,63.70001399999999,9.599998861703853,73.56121826172716,60.925319569110364,0.0,1,1.0658141036401503e-14,0.0,0.0028459189774339144,0.009340245094837218,73.5566286716067,-63.70001399999998,9.599998861703853,73.56121826172716,-60.92531956911037,0.0,1,1.0658141036401503e-14
0.35833333333333334,358333,lower_into_sit,-0.11307028545413557,0.0,80.71382039766667,0.9999942476311923,0.0,-0.003391858565117955,0.0,-0.11307028545413557,0.0,80.71382039766667,39.08297153318014,54.891211917741785,0.0,0.01713824708745726,-0.003856801367636997,-39.21150509582516,63.70001399999999,9.599984670005824,-39.1960418186343,65.90477742429005,0.0,1,1.2434497875801753e-14,0.0,0.01713824708745637,-0.003856801827665901,-39.2115050958251,-63.70001399999998,9.599984670005853,-39.19604181863426,-65.90477742429005,0.0,1,4.085620730620576e-14,0.0,0.0030388592604775333,0.009979556400479428,73.55672806664163,63.70001399999999,9.599998908708315,73.56121826172716,60.925319569110364,0.0,1,1.0658141036401503e-14,0.0,0.0030388592604775333,0.009979556400479428,73.55672806664163,-63.70001399999998,9.599998908708315,73.56121826172716,-60.92531956911037,0.0,1,1.0658141036401503e-14
0.36666666666666664,366667,lower_into_sit,-0.12059402326881065,0.0,80.69731794993562,0.9999934566333377,0.0,-0.0036175531107384682,0.0,-0.12059402326881065,0.0,80.69731794993562,39.07544779536547,54.836647685265135,0.0,0.018274655733272027,-0.004107954448362872,-39.217527575319245,63.70001399999999,9.599973080147066,-39.1960418186343,65.90477742429005,0.0,1,3.019806626980426e-14,0.0,0.01827465573327114,-0.004107954938282976,-39.21752757531922,-63.70001399999998,9.599973080147038,-39.19604181863426,-65.90477742429005,0.0,1,1.7763568394002505e-15,0.0,0.0032395261616557924,0.010645303298579822,73.5568310621059,63.70001399999999,9.599998956329728,73.56121826172716,60.925319569110364,0.0,1,-8.881784197001252e-15,0.0,0.0032395261616557924,0.010645303298579822,73.5568310621059,-63.70001399999998,9.599998956329728,73.56121826172716,-60.92531956911037,0.0,1,-8.881784197001252e-15
0.375,375000,lower_into_sit,-0.12841796875,0.0,80.6801570314488,0.9999925800459268,0.0,-0.0038522529889245876,0.0,-0.12841796875,0.0,80.6801570314488,39.06762384988428,54.77991185247217,0.0,0.01945584576736792,-0.004368366838007454,-39.2237855141573,63.70001399999999,9.599957034520884,-39.1960418186343,65.90477742429005,0.0,1,8.881784197001252e-15,0.0,0.01945584576736703,-0.004368367358913439,-39.22378551415727,-63.70001399999998,9.59995703452087,-39.19604181863426,-65.90477742429005,0.0,1,-5.329070518200751e-15,0.0,0.003447996384515317,0.011337841662024672,73.55693765148794,63.70001399999999,9.599999004449401,73.56121826172716,60.925319569110364,0.0,1,5.1514348342607263e-14,0.0,0.003447996384515317,0.011337841662024672,73.55693765148794,-63.70001399999998,9.599999004449401,73.56121826172716,-60.92531956911037,0.0,1,5.1514348342607263e-14
0.38333333333333336,383333,lower_into_sit,-0.13654572295889858,0.0,80.66232974369544,0.9999916110857121,0.0,-0.004096066186211671,0.0,-0.13654572295889858,0.0,80.66232974369544,39.17569926636486,54.72097897524182,0.0,0.020682470885146742,-0.004638241637537455,-39.230282380370596,63.70001399999999,9.599945623925123,-39.312244989323794,63.70001591896379,0.0,1,5.329070518200751e-15,0.0,0.020682470885145854,-0.004638242190547537,-39.230282380370554,-63.70001399999998,9.599945623925123,-39.31224498932373,-63.7000159189638,0.0,1,5.329070518200751e-15,0.0,0.003664341891219447,0.01205751742063077,73.55704782329127,63.70001399999999,9.599999052942465,73.56121826172716,60.925319569110364,0.0,1,2.1316282072803006e-14,0.0,0.003664341891219447,0.01205751742063077,73.55704782329127,-63.70001399999998,9.599999052942465,73.56121826172716,-60.92531956911037,0.0,1,2.1316282072803006e-14
0.39166666666666666,391667,lower_into_sit,-0.14498075835587823,0.0,80.64382847023577,0.9999905426336742,0.0,-0.004349096826931661,0.0,-0.14498075835587823,0.0,80.64382847023577,39.16726423096788,54.65982458040282,0.0,0.021956125968265017,-0.004918718642970887,-39.23702790818836,63.70001399999999,9.600000845952593,-39.312244989323794,63.70001591896379,0.0,1,-1.9539925233402755e-14,0.0,0.02195612596826413,-0.004918719229335178,-39.237027908188296,-63.70001399999998,9.600000845952607,-39.31224498932373,-63.7000159189638,0.0,1,-5.329070518200751e-15,0.0,0.003888629909422736,0.012804666676703658,73.55716156100644,63.70001399999999,9.599999101678733,73.56121826172716,60.925319569110364,0.0,1,3.552713678800501e-14,0.0,0.003888629909422736,0.012804666676703658,73.55716156100644,-63.70001399999998,9.599999101678733,73.56121826172716,-60.92531956911037,0.0,1,3.552713678800501e-14
0.4,400000,lower_into_sit,-0.15372641975308643,0.0,80.62464587461166,0.9999893672300494,0.0,-0.004611445201400207,0.0,-0.15372641975308643,0.0,80.62464587461166,39.158518569570674,54.59642515957907,0.0,0.02327598492965466,-0.005208573378047365,-39.24401584203552,63.70001399999999,9.60005305376201,-39.312244989323794,63.70001591896379,0.0,1,-2.3092638912203256e-14,0.0,0.02327598492965377,-0.005208573998871202,-39.24401584203547,-63.70001399999998,9.60005305376201,-39.31224498932373,-63.7000159189638,0.0,1,-2.3092638912203256e-14,0.0,0.004120922940621163,0.01357961581964684,73.55727884308743,63.70001399999999,9.59999915052255,73.56121826172716,60.925319569110364,0.0,1,1.7763568394002505e-14,0.0,0.004120922940621163,0.01357961581964684,73.55727884308743,-63.70001399999998,9.59999915052255,73.56121826172716,-60.92531956911037,0.0,1,1.7763568394002505e-14
0.4083333333333333,408333,lower_into_sit,-0.1627859252670451,0.0,80.60477489825712,0.9999880770697418,0.0,-0.004883207794083116,0.0,-0.1627859252670451,0.0,80.60477489825712,39.149459064056714,54.5307581630102,0.0,0.02464246035080997,-0.00550781172150705,-39.251248110552645,63.70001399999999,9.600101730313341,-39.312244989323794,63.70001591896379,0.0,1,-1.9539925233402755e-14,0.0,0.024642460350808637,-0.005507812377894439,-39.251248110552574,-63.70001399999998,9.600101730313341,-39.31224498932373,-63.7000159189638,0.0,1,-1.9539925233402755e-14,0.0,0.004361278770012245,0.01438268163959,73.55739964293203,63.70001399999999,9.599999199333453,73.56121826172716,60.925319569110364,0.0,1,-5.329070518200751e-15,0.0,0.004361278770012245,0.01438268163959,73.55739964293203,-63.70001399999998,9.599999199333453,73.56121826172716,-60.92531956911037,0.0,1,-5.329070518200751e-15
0.4166666666666667,416667,lower_into_sit,-0.17216236727124937,0.0,80.58420875840896,0.9999866639981237,0.0,-0.005164477311741988,0.0,-0.17216236727124937,0.0,80.58420875840896,39.14008262205251,54.4628019933466,0.0,0.026055942719076963,-0.0058164308450945335,-39.25872651187209,63.70001399999999,9.600146333476232,-39.312244989323794,63.70001591896379,0.0,1,2.4868995751603507e-14,0.0,0.026055942719075187,-0.005816431538148592,-39.258726511872034,-63.70001399999998,9.60014633347619,-39.31224498932373,-63.7000159189638,0.0,1,-1.7763568394002505e-14,0.0,0.004609750477904573,0.015214171440043334,73.55752392886654,63.70001399999999,9.599999247966522,73.56121826172716,60.925319569110364,0.0,1,2.842170943040401e-14,0.0,0.004609750477904573,0.015214171440043334,73.55752392886654,-63.70001399999998,9.599999247966522,73.56121826172716,-60.92531956911037,0.0,1,2.842170943040401e-14
0.425,425000,lower_into_sit,-0.1818587133487654,0.0,80.56294094601733,0.9999851195072352,0.0,-0.005455342711558912,0.0,-0.1818587133487654,0.0,80.56294094601733,39.13038627597499,54.39253599941841,0.0,0.027516800600244196,-0.0061344192531995745,-39.26645271429543,63.70001399999999,9.600186296063868,-39.312244989323794,63.70001591896379,0.0,1,-3.552713678800501e-14,0.0,0.027516800600242863,-0.006134419984022976,-39.266452714295355,-63.70001399999998,9.600186296063882,-39.31224498932373,-63.7000159189638,0.0,1,-2.1316282072803006e-14,0.0,0.00486638645269144,0.016074383149526472,73.5576516641353,63.70001399999999,9.599999296272571,73.56121826172716,60.925319569110364,0.0,1,-1.5987211554602254e-14,0.0,0.00486638645269144,0.016074383149526472,73.5576516641353,-63.70001399999998,9.599999296272571,73.56121826172716,-60.92531956911037,0.0,1,-1.5987211554602254e-14
0.43333333333333335,433333,lower_into_sit,-0.1918778072448306,0.0,80.54096522365634,0.9999834347323863,0.0,-0.005755889229240283,0.0,-0.1918778072448306,0.0,80.54096522365634,39.12036718207893,54.319940469977624,0.0,0.029025380818121338,-0.006461756830445253,-39.274428257015224,63.70001399999999,9.600221025910969,-39.312244989323794,63.70001591896379,0.0,1,7.105427357601002e-15,0.0,0.02902538081812045,-0.0064617576001340105,-39.27442825701517,-63.70001399999998,9.600221025910983,-39.31224498932373,-63.7000159189638,0.0,1,2.1316282072803006e-14,0.0,0.00513123040541652,0.01696360543217512,73.55778280689422,63.70001399999999,9.599999344099075,73.56121826172716,60.925319569110364,0.0,1,1.7763568394002505e-15,0.0,0.00513123040541652,0.01696360543217512,73.55778280689422,-63.70001399999998,9.599999344099075,73.56121826172716,-60.92531956911037,0.0,1,1.7763568394002505e-15
0.44166666666666665,441667,lower_into_sit,-0.20222236981945083,0.0,80.5182756234346,0.9999816004491712,0.0,-0.006066198407099611,0.0,-0.20222236981945083,0.0,80.5182756234346,39.110022619504306,54.24499662741272,0.0,0.030582008641072633,-0.006798414897189797,-39.28265455088283,63.70001399999999,9.600249905994062,-39.312244989323794,63.70001591896379,0.0,1,3.730349362740526e-14,0.0,0.030582008641070857,-0.006798415706836369,-39.28265455088274,-63.70001399999998,9.600249905994062,-39.31224498932373,-63.7000159189638,0.0,1,3.730349362740526e-14,0.0,0.005404321385958699,0.017882117797320518,73.55791731020909,63.70001399999999,9.599999391290197,73.56121826172716,60.925319569110364,0.0,1,2.842170943040401e-14,0.0,0.005404321385958699,0.017882117797320518,73.55791731020909,-63.70001399999998,9.599999391290197,73.56121826172716,-60.92531956911037,0.0,1,2.842170943040401e-14
0.45,450000,lower_into_sit,-0.212895,0.0,80.49486644490585,0.9999796070708957,0.0,-0.006386348122119579,0.0,-0.212895,0.0,80.49486644490585,39.099349989323755,54.16768662143538,0.0,0.03218698797545683,-0.007144356272900776,-39.29113287922015,63.70001399999999,9.600272294596252,-39.312244989323794,63.70001591896379,0.0,1,-1.7763568394002505e-15,0.0,0.03218698797545594,-0.007144357123593181,-39.29113287922008,-63.70001399999998,9.600272294596294,-39.31224498932373,-63.7000159189638,0.0,1,4.263256414560601e-14,0.0,0.005685693800840053,0.01883019070799996,73.55805512205882,63.70001399999999,9.599999437687487,73.56121826172716,60.925319569110364,0.0,1,3.552713678800501e-15,0.0,0.005685693800839164,0.01883019070799996,73.55805512205882,-63.70001399999998,9.599999437687458,73.56121826172716,-60.92531956911037,0.0,1,-2.4868995751603507e-14
0.4583333333333333,458333,lower_into_sit,-0.22389817573381846,0.0,80.47073225297952,0.9999774446464273,0.0,-0.006716412613993369,0.0,-0.22389817573381846,0.0,80.47073225297952,39.08834681358994,54.087993522738465,0.0,0.03384060156591895,-0.0074995353473314985,-39.29986439867697,63.70001399999999,9.600287525515071,-39.312244989323794,63.70001591896379,0.0,1,-1.9539925233402755e-14,0.0,0.03384060156591806,-0.00749953624014843,-39.299864398676924,-63.70001399999998,9.600287525515085,-39.31224498932373,-63.7000159189638,0.0,1,-3.552713678800501e-15,0.0,0.005975377432693385,0.01980808568841308,73.55819618534264,63.70001399999999,9.599999483130546,73.56121826172716,60.925319569110364,0.0,1,-5.329070518200751e-15,0.0,0.005975377432693385,0.01980808568841308,73.55819618534264,-63.70001399999998,9.599999483130546,73.56121826172716,-60.92531956911037,0.0,1,-5.329070518200751e-15
0.4666666666666667,466667,lower_into_sit,-0.23523425494081188,0.0,80.44586787583131,0.9999751028584665,0.0,-0.007056462513145536,0.0,-0.23523425494081188,0.0,80.44586787583131,39.077010734382945,54.00590131662483,0.0,0.03554311120242737,-0.007863898159384597,-39.308850140132506,63.70001399999999,9.600294908313188,-39.312244989323794,63.70001591896379,0.0,1,-1.4210854715202004e-14,0.0,0.03554311120242648,-0.00786389909540075,-39.30885014013245,-63.70001399999998,9.600294908313202,-39.31224498932373,-63.7000159189638,0.0,1,0.0,0.0,0.006273397461383112,0.020816055430308733,73.55834043789291,63.70001399999999,9.599999527457413,73.56121826172716,60.925319569110364,0.0,1,1.7763568394002505e-15,0.0,0.006273397461382668,0.02081605543030962,73.55834043789288,-63.70001399999998,9.599999527457356,73.56121826172716,-60.92531956911037,0.0,1,-5.5067062021407764e-14
0.475,475000,lower_into_sit,-0.24690547646604935,0.0,80.4202684028138,0.9999725710222482,0.0,-0.0074065648687326735,0.0,-0.24690547646604935,0.0,80.4202684028138,39.07980774773368,53.921394896606394,0.0,0.037294900059749114,-0.008237522021059096,-39.318091950699596,63.70001399999999,9.60030161682748,-39.326713224199736,63.700015918920016,0.0,1,-1.9539925233402755e-14,0.0,0.037294900059749114,-0.008237523001354052,-39.318091950699596,-63.70001399999998,9.60030161682748,-39.32671322419972,-63.700015918920016,0.0,1,-1.9539925233402755e-14,0.0,0.006579774486801693,0.021854343898280337,73.55848781249173,63.70001399999999,9.599999570505176,73.56121826172716,60.925319569110364,0.0,1,1.7763568394002505e-15,0.0,0.006579774486801693,0.021854343898280337,73.55848781249173,-63.70001399999998,9.599999570505176,73.56121826172716,-60.92531956911037,0.0,1,1.7763568394002505e-15
0.48333333333333334,483333,lower_into_sit,-0.25891396103236297,0.0,80.393929182367,0.9999698380846731,0.0,-0.007766783176624249,0.0,-0.25891396103236297,0.0,80.393929182367,39.067799263167366,53.83446005797286,0.0,0.03909616204525035,-0.008620309936492543,-39.32759044873636,63.70001399999999,9.600305447791442,-39.326713224199736,63.700015918920016,0.0,1,-3.019806626980426e-14,0.0,0.03909616204525035,-0.008620310962136113,-39.327590448736316,-63.70001399999998,9.60030544779147,-39.32671322419972,-63.700015918920016,0.0,1,-1.7763568394002505e-15,0.0,0.0068945245533500454,0.022923186433982057,73.55863823689322,63.70001399999999,9.599999612110636,73.56121826172716,60.925319569110364,0.0,1,-1.7763568394002505e-15,0.0,0.0068945245533500454,0.022923186433982057,73.55863823689322,-63.70001399999998,9.599999612110636,73.56121826172716,-60.92531956911037,0.0,1,-1.7763568394002505e-15
0.49166666666666664,491667,lower_into_sit,-0.2712617121929457,0.0,80.366845819929,0.9999668926238714,0.0,-0.008137177407363963,0.0,-0.2712617121929457,0.0,80.366845819929,39.05545151200678,53.74508349132972,0.0,0.040946988399563455,-0.00901207641848023,-39.3373455723752,63.70001399999999,9.600299600199435,-39.326713224199736,63.700015918920016,0.0,1,-1.7763568394002505e-14,0.0,0.040946988399563455,-0.009012077490516468,-39.337345572375185,-63.70001399999998,9.600299600199463,-39.32671322419972,-63.700015918920016,0.0,1,1.0658141036401503e-14,0.0,0.007217659176098845,0.02402280985924543,73.55879163385003,63.70001399999999,9.599999652110924,73.56121826172716,60.925319569110364,0.0,1,8.881784197001252e-15,0.0,0.007217659176098845,0.02402280985924543,73.55879163385003,-63.70001399999998,9.599999652110924,73.56121826172716,-60.92531956911037,0.0,1,8.881784197001252e-15
0.5,500000,lower_into_sit,-0.2839506172839506,0.0,80.33901417584644,0.9999637228492024,0.0,-0.008517804034112144,0.0,-0.2839506172839506,0.0,80.33901417584644,39.04276260691578,53.653252776104736,0.0,0.04284755927846495,-0.009412734986798732,-39.34735786017648,63.70001399999999,9.600283290581714,-39.326713224199736,63.700015918920016,0.0,1,-2.1316282072803006e-14,0.0,0.042847559278464065,-0.00941273610626192,-39.34735786017642,-63.70001399999998,9.600283290581729,-39.32671322419972,-63.700015918920016,0.0,1,-7.105427357601002e-15,0.0,0.007549185368648015,0.02515343257809688,73.55894792114496,63.70001399999999,9.599999690344063,73.56121826172716,60.925319569110364,0.0,1,-5.329070518200751e-15,0.0,0.007549185368648015,0.02515343257809688,73.55894792114496,-63.70001399999998,9.599999690344063,73.56121826172716,-60.92531956911037,0.0,1,-5.329070518200751e-15
0.5083333333333333,508333,lower_into_sit,-0.2969824483770893,0.0,80.31043036328525,0.99996031660169,0.0,-0.008908716060569697,0.0,-0.2969824483770893,0.0,80.31043036328525,39.02973077582264,53.55895637402271,0.0,0.0447980350118069,-0.009822191311028572,-39.35762773009255,63.70001399999999,9.60025571293508,-39.326713224199736,63.700015918920016,0.0,1,-1.2434497875801753e-14,0.0,0.04479803501180646,-0.009822192478937453,-39.35762773009252,-63.70001399999998,9.600255712935109,-39.32671322419972,-63.700015918920016,0.0,1,1.5987211554602254e-14,0.0,0.007889105672678642,0.02631526467767653,73.55910701162699,63.70001399999999,9.599999726649784,73.56121826172716,60.925319569110364,0.0,1,1.9539925233402755e-14,0.0,0.007889105672678642,0.02631526467767653,73.55910701162699,-63.70001399999998,9.599999726649784,73.56121826172716,-60.92531956911037,0.0,1,1.9539925233402755e-14
0.5166666666666667,516667,lower_into_sit,-0.310358863232231,0.0,80.28109074614109,0.9999566613548951,0.0,-0.009309963048884215,0.0,-0.310358863232231,0.0,80.28109074614109,39.0163543609675,53.46218362254781,0.0,0.04679855634847341,-0.010240343332755586,-39.368155480626484,63.70001399999999,9.600216039225344,-39.326713224199736,63.700015918920016,0.0,1,-8.881784197001252e-15,0.0,0.04679855634847341,-0.010240344550119573,-39.368155480626456,-63.70001399999998,9.600216039225387,-39.32671322419972,-63.700015918920016,0.0,1,3.375077994860476e-14,0.0,0.008237418189189771,0.027508508028047718,73.55926881325293,63.70001399999999,9.599999760869963,73.56121826172716,60.925319569110364,0.0,1,8.881784197001252e-15,0.0,0.008237418189189771,0.027508508028047718,73.55926881325293,-63.70001399999998,9.599999760869963,73.56121826172716,-60.92531956911037,0.0,1,8.881784197001252e-15
0.525,525000,lower_into_sit,-0.3240814062500001,0.0,80.25099193695,0.9999527442162255,0.0,-0.009721591147538872,0.0,-0.3240814062500001,0.0,80.25099193695,39.00263181794973,53.36292472829301,0.0,0.04884924470702945,-0.010667081394331479,-39.378941292030056,63.70001399999999,9.600163419929274,-39.326713224199736,63.700015918920016,0.0,1,-3.552713678800501e-15,0.0,0.048849244707029005,-0.010667082662143113,-39.37894129203003,-63.70001399999998,9.600163419929288,-39.32671322419972,-63.700015918920016,0.0,1,8.881784197001252e-15,0.0,0.008594116611434277,0.028733356380897135,73.55943322913305,63.70001399999999,9.599999792849545,73.56121826172716,60.925319569110364,0.0,1,5.329070518200751e-15,0.0,0.008594116611434277,0.028733356380897135,73.55943322913305,-63.70001399999998,9.599999792849545,73.56121826172716,-60.92531956911037,0.0,1,5.329070518200751e-15
0.5333333333333333,533333,lower_into_sit,-0.33815150942437633,0.0,80.220130794799,0.9999485519286829,0.0,-0.010143643119224947,0.0,-0.33815150942437633,0.0,80.220130794799,38.98856171477535,53.2611707603963,0.0,0.05095020243186488,-0.01110228837394489,-39.38998522754148,63.70001399999999,9.600096984614837,-39.326713224199736,63.700015918920016,0.0,1,1.4210854715202004e-14,0.0,0.05095020243186443,-0.011102289693182943,-39.38998522754145,-63.70001399999998,9.600096984614837,-39.32671322419972,-63.700015918920016,0.0,1,1.4210854715202004e-14,0.0,0.008959190259532068,0.029989995467133213,73.559600157582,63.70001399999999,9.599999822437056,73.56121826172716,60.925319569110364,0.0,1,-1.7763568394002505e-15,0.0,0.008959190259532068,0.029989995467133213,73.559600157582,-63.70001399999998,9.599999822437056,73.56121826172716,-60.92531956911037,0.0,1,-1.7763568394002505e-15
0.5416666666666666,541667,lower_into_sit,-0.35257049329529294,0.0,80.18850442323667,0.9999440708730465,0.0,-0.01057615836869862,0.0,-0.35257049329529294,0.0,80.18850442323667,38.97414273090443,53.15691364386288,0.0,0.05310151305460842,-0.011545839826776039,-39.40128723466098,63.70001399999999,9.600015842558847,-39.326713224199736,63.700015918920016,0.0,1,-1.9539925233402755e-14,0.0,0.05310151305460753,-0.011545841198401963,-39.40128723466096,-63.70001399999998,9.600015842558818,-39.32671322419972,-63.700015918920016,0.0,1,-4.796163466380676e-14,0.0,0.009332624116761945,0.03127860309337027,73.5597694921747,63.70001399999999,9.599999849485357,73.56121826172716,60.925319569110364,0.0,1,-2.3092638912203256e-14,0.0,0.009332624116761945,0.03127860309337027,73.5597694921747,-63.70001399999998,9.599999849485357,73.56121826172716,-60.92531956911037,0.0,1,-2.3092638912203256e-14
0.55,550000,lower_into_sit,-0.3673395679012347,0.0,80.15611016818369,0.9999392870704918,0.0,-0.011019172970622994,0.0,-0.3673395679012347,0.0,80.15611016818369,39.0729275901945,53.05014615287321,0.0,0.055303958065403336,-0.011998307358135563,-39.41285190039134,63.70001399999999,9.599959331950728,-39.44026715809573,60.74619282880431,0.0,1,-1.2434497875801753e-14,0.0,0.055303958065403336,-0.011998308783177425,-39.41285190039134,-63.70001399999998,9.599959331950728,-39.440267158095736,-60.74619282880431,0.0,1,-1.2434497875801753e-14,0.0,0.009714398867526342,0.03259934923730512,73.55994112180628,63.70001399999999,9.599999873852383,73.56121826172716,60.925319569110364,0.0,1,-2.1316282072803006e-14,0.0,0.009714398867526342,0.03259934923730512,73.55994112180628,-63.70001399999998,9.599999873852383,73.56121826172716,-60.92531956911037,0.0,1,-2.1316282072803006e-14
0.5583333333333333,558333,lower_into_sit,-0.3824598337318371,0.0,80.12294561584345,0.9999341861856434,0.0,-0.011472719697396242,0.0,-0.3824598337318371,0.0,80.12294561584345,39.0578073243639,52.940861904056106,0.0,0.05755863768924652,-0.012460582073428483,-39.42468604791038,63.70001399999999,9.599985833347318,-39.44026715809573,60.74619282880431,0.0,1,3.730349362740526e-14,0.0,0.05755863768924652,-0.012460583553018711,-39.42468604791039,-63.70001399999998,9.59998583334729,-39.440267158095736,-60.74619282880431,0.0,1,8.881784197001252e-15,0.0,0.01010449093696586,0.03395239614198742,73.56011493075769,63.70001399999999,9.599999895401737,73.56121826172716,60.925319569110364,0.0,1,3.552713678800501e-15,0.0,0.01010449093696586,0.03395239614198742,73.56011493075769,-63.70001399999998,9.599999895401737,73.56121826172716,-60.92531956911037,0.0,1,3.552713678800501e-15
0.5666666666666667,566667,lower_into_sit,-0.3979322826804857,0.0,80.08900859061269,0.9999287535300588,0.0,-0.011936828046966864,0.0,-0.3979322826804857,0.0,80.08900859061269,39.04233487541525,52.8290553497267,0.0,0.05986385962905194,-0.012930827899765074,-39.43677790595942,63.70001399999999,9.5999978435718,-39.44026715809573,60.74619282880431,0.0,1,3.019806626980426e-14,0.0,0.05986385962905194,-0.012930829434817603,-39.4367779059594,-63.70001399999998,9.599997843571828,-39.440267158095736,-60.74619282880431,0.0,1,5.861977570020827e-14,0.0,0.010502872532221375,0.035337898408989155,73.56029079876538,63.70001399999999,9.599999914003433,73.56121826172716,60.925319569110364,0.0,1,4.796163466380676e-14,0.0,0.010502872532221375,0.035337898408989155,73.56029079876538,-63.70001399999998,9.599999914003433,73.56121826172716,-60.92531956911037,0.0,1,4.796163466380676e-14
0.575,575000,lower_into_sit,-0.4137577989969135,0.0,80.05429715299199,0.9999229740661425,0.0,-0.01241152427063706,0.0,-0.4137577989969135,0.0,80.05429715299199,39.03674994598935,52.71472177108854,0.0,0.062219761932698514,-0.01340901694735841,-39.44912782567243,63.70001399999999,9.600001580164886,-39.45050774498625,60.7399748722095,0.0,1,2.842170943040401e-14,0.0,0.0622197619326994,-0.013409018538780959,-39.4491278256725,-63.70001399999998,9.600001580164857,-39.450507744986275,-60.7399748722095,0.0,1,0.0,0.0,0.01090951168532639,0.036756003090467004,73.56046860109578,63.70001399999999,9.599999929534448,73.56121826172716,60.925319569110364,0.0,1,-3.552713678800501e-15,0.0,0.01090951168532639,0.036756003090467004,73.56046860109578,-63.70001399999998,9.599999929534448,73.56121826172716,-60.92531956911037,0.0,1,-3.552713678800501e-15
0.5833333333333334,583333,lower_into_sit,-0.4299371602398009,0.0,80.01880959749643,0.9999168324114851,0.0,-0.012896831400855359,0.0,-0.4299371602398009,0.0,80.01880959749643,39.02944526989195,52.59785727139959,0.0,0.06462636695131785,-0.013895017782228791,-39.461735412276504,63.70001399999999,9.599997716987446,-39.45938243013173,60.73333348422281,0.0,1,2.1316282072803006e-14,0.0,0.06462636695131829,-0.013895019430914868,-39.46173541227652,-63.70001399999998,9.599997716987446,-39.459382430131775,-60.73333348422281,0.0,1,2.1316282072803006e-14,0.0,0.011324372297708774,0.03820684978011579,73.56064820862508,63.70001399999999,9.599999941879844,73.56121826172716,60.925319569110364,0.0,1,5.1514348342607263e-14,0.0,0.011324372297708774,0.03820684978011579,73.56064820862508,-63.70001399999998,9.599999941879844,73.56121826172716,-60.92531956911037,0.0,1,5.1514348342607263e-14
0.5916666666666667,591667,lower_into_sit,-0.446471038229373,0.0,79.98254445056612,0.9999103128436267,0.0,-0.01339276927899962,0.0,-0.446471038229373,0.0,79.98254445056612,39.03058096644955,52.47845876910151,0.0,0.06708398777594704,-0.014388994919342313,-39.47460220439749,63.70001399999999,9.600004359326249,-39.47705200467889,60.71151150841919,0.0,1,1.5987211554602254e-14,0.0,0.06708398777594837,-0.014388996626201411,-39.47460220439756,-63.70001399999998,9.60000435932622,-39.47705200467896,-60.71151150841919,0.0,1,-1.2434497875801753e-14,0.0,0.011747414186291216,0.03969057070305482,73.56082948792215,63.70001399999999,9.599999950932713,73.56121826172716,60.925319569110364,0.0,1,3.197442310920451e-14,0.0,0.011747414186291216,0.03969057070305482,73.56082948792215,-63.70001399999998,9.599999950932713,73.56121826172716,-60.92531956911037,0.0,1,3.197442310920451e-14
0.6,600000,lower_into_sit,-0.46335999999999994,0.0,79.94550046847684,0.9999033993052387,0.0,-0.013899354583151698,0.0,-0.46335999999999994,0.0,79.94550046847684,39.02469781120309,52.356523990911754,0.0,0.06959220667472232,-0.01489040494413274,-39.4877249213675,63.70001399999999,9.599999203644686,-39.488057811203035,66.27374638689588,0.0,1,4.440892098500626e-14,0.0,0.0695922066747241,-0.014890406710009074,-39.48772492136761,-63.70001399999998,9.599999203644643,-39.48805781120314,-66.27374638689588,0.0,1,1.7763568394002505e-15,0.0,0.01217859313116021,0.041207290804582186,73.56101230133756,63.70001399999999,9.599999956595482,73.56121826172716,60.925319569110364,0.0,1,2.1316282072803006e-14,0.0,0.01217859313116021,0.041207290804582186,73.56101230133756,-63.70001399999998,9.599999956595482,73.56121826172716,-60.92531956911037,0.0,1,2.1316282072803006e-14
0.6083333333333333,608333,lower_into_sit,-0.48060450875279415,0.0,79.90767663525057,0.9998960754097211,0.0,-0.014416600855864888,0.0,-0.48060450875279415,0.0,79.90767663525057,39.026592855600654,52.23205146487821,0.0,0.07215133671626806,-0.015399433069460233,-39.50110511085087,63.70001399999999,9.600002283741333,-39.50719736435339,59.93459691168532,0.0,1,2.1316282072803006e-14,0.0,0.07215133671626983,-0.015399434895221553,-39.50110511085096,-63.70001399999998,9.600002283741318,-39.507197364353495,-59.93459691168532,0.0,1,7.105427357601002e-15,0.0,0.01261786092478756,0.042757127837874886,73.56119650709633,63.70001399999999,9.599999958780174,73.56121826172716,60.925319569110364,0.0,1,3.552713678800501e-15,0.0,0.01261786092478756,0.042757127837874886,73.56119650709633,-63.70001399999998,9.599999958780174,73.56121826172716,-60.92531956911037,0.0,1,3.552713678800501e-15
0.6166666666666667,616667,lower_into_sit,-0.49820492480821027,0.0,79.86907216056612,0.9998883244472099,0.0,-0.014944518531925653,0.0,-0.49820492480821027,0.0,79.86907216056612,39.09182955222506,52.105040513395664,0.0,0.07476119941847736,-0.01591579091636408,-39.51474109568801,63.70001399999999,9.600006677654136,-39.59003447703321,63.70001591752033,0.0,1,7.105427357601002e-15,0.0,0.07476119941848003,-0.01591579280283817,-39.514741095688144,-63.70001399999998,9.600006677654136,-39.59003447703333,-63.70001591752033,0.0,1,7.105427357601002e-15,0.0,0.013065165422789793,0.04434019245058485,73.56138195939464,63.70001399999999,9.599999957409153,73.56121826172716,60.925319569110364,0.0,1,7.105427357601002e-15,0.0,0.013065165422789349,0.04434019245058485,73.56138195939468,-63.70001399999998,9.599999957409139,73.56121826172716,-60.92531956911037,0.0,1,-7.105427357601002e-15
0.625,625000,lower_into_sit,-0.516161506558642,0.0,79.8296864776697,0.9998801293909917,0.0,-0.0154831149661108,0.0,-0.516161506558642,0.0,79.8296864776697,39.07387297047463,51.975491246183864,0.0,0.07742336008359141,-0.016440909433672157,-39.52864284407294,63.70001399999999,9.600105643777113,-39.59003447703321,63.70001591752033,0.0,1,2.3092638912203256e-14,0.0,0.07742336008359318,-0.016440911381857326,-39.52864284407304,-63.70001399999998,9.60010564377707,-39.59003447703333,-63.70001591752033,0.0,1,-1.9539925233402755e-14,0.0,0.013520450596172129,0.045956588270362975,73.56156850850225,63.70001399999999,9.599999952415615,73.56121826172716,60.925319569110364,0.0,1,3.552713678800501e-15,0.0,0.01352045059617124,0.045956588270362975,73.56156850850225,-63.70001399999998,9.599999952415601,73.56121826172716,-60.92531956911037,0.0,1,-1.0658141036401503e-14
0.6333333333333333,633333,lower_into_sit,-0.5344744114210231,0.0,79.78951924128548,0.9998714729043172,0.0,-0.01603239446094175,0.0,-0.5344744114210231,0.0,79.78951924128548,39.05556006561225,51.84340455322657,0.0,0.08013573563547771,-0.01697265009613158,-39.542796058261864,63.70001399999999,9.600185718832236,-39.59003447703321,63.70001591752033,0.0,1,8.881784197001252e-15,0.0,0.08013573563547993,-0.01697265210677079,-39.54279605826199,-63.70001399999998,9.600185718832208,-39.59003447703333,-63.70001591752033,0.0,1,-1.9539925233402755e-14,0.0,0.013983656585074389,0.04760641198930893,73.56175600086723,63.70001399999999,9.599999943744209,73.56121826172716,60.925319569110364,0.0,1,-1.7763568394002505e-14,0.0,0.013983656585074389,0.04760641198930893,73.56175600086723,-63.70001399999998,9.599999943744209,73.56121826172716,-60.92531956911037,0.0,1,-1.7763568394002505e-14
0.6416666666666667,641667,lower_into_sit,-0.553143696789425,0.0,79.74857032552622,0.9998623373476115,0.0,-0.016592358294437125,0.0,-0.553143696789425,0.0,79.74857032552622,39.036890780243844,51.70878209767129,0.0,0.08289820459098385,-0.017510811260954107,-39.5571994247243,63.70001399999999,9.600245786625365,-39.59003447703321,63.70001591752033,0.0,1,-3.552713678800501e-15,0.0,0.08289820459098607,-0.017510813334767672,-39.55719942472444,-63.70001399999998,9.600245786625337,-39.59003447703333,-63.70001591752033,0.0,1,-3.019806626980426e-14,0.0,0.014454719753945966,0.04928975344735198,73.56194427922694,63.70001399999999,9.599999931351633,73.56121826172716,60.925319569110364,0.0,1,1.0658141036401503e-14,0.0,0.014454719753945966,0.04928975344735198,73.56194427922694,-63.70001399999998,9.599999931351633,73.56121826172716,-60.92531956911037,0.0,1,1.0658141036401503e-14
0.65,650000,lower_into_sit,-0.5721693209876544,0.0,79.70683982180381,0.9998527047860724,0.0,-0.0171630047478653,0.0,-0.5721693209876544,0.0,79.70683982180381,39.017865156045616,51.571626308689154,0.0,0.08571063038184734,-0.01805518617862223,-39.57185153362323,63.70001399999999,9.600284718947023,-39.59003447703321,63.70001591752033,0.0,1,2.6645352591003757e-14,0.0,0.08571063038184912,-0.01805518831630426,-39.5718515336233,-63.70001399999998,9.600284718947051,-39.59003447703333,-63.70001591752033,0.0,1,5.5067062021407764e-14,0.0,0.014933572748149881,0.0510066957145634,73.56213318272135,63.70001399999999,9.599999915206894,73.56121826172716,60.925319569110364,0.0,1,1.4210854715202004e-14,0.0,0.014933572748149881,0.0510066957145634,73.56213318272135,-63.70001399999998,9.599999915206894,73.56121826172716,-60.92531956911037,0.0,1,1.4210854715202004e-14
0.6583333333333333,658333,lower_into_sit,-0.591551144221854,0.0,79.6643280367399,0.9998425569976516,0.0,-0.01774432913349847,0.0,-0.591551144221854,0.0,79.6643280367399,38.99848333281142,51.431940374294555,0.0,0.08857286166411615,-0.01860556319177542,-39.58675088047899,63.70001399999999,9.600301376637702,-39.59003447703321,63.70001591752033,0.0,1,-8.881784197001252e-15,0.0,0.08857286166411882,-0.018605565393992052,-39.5867508804791,-63.70001399999998,9.600301376637717,-39.59003447703333,-63.70001591752033,0.0,1,5.329070518200751e-15,0.0,0.015420144551957282,0.05275731517242166,73.56232254701159,63.70001399999999,9.599999895291973,73.56121826172716,60.925319569110364,0.0,1,-3.552713678800501e-14,0.0,0.015420144551957282,0.05275731517242166,73.56232254701159,-63.70001399999998,9.599999895291973,73.56121826172716,-60.92531956911037,0.0,1,-3.552713678800501e-14
0.6666666666666666,666667,lower_into_sit,-0.6112889295330997,0.0,79.62103549007647,0.9998318754814137,0.0,-0.018336323822369677,0.0,-0.6112889295330997,0.0,79.62103549007647,38.97874554750017,51.28972823412415,0.0,0.09148473262866919,-0.019161725935735507,-39.60189586785058,63.70001399999999,9.600294610671384,-39.59003447703321,63.70001591752033,0.0,1,-7.105427357601002e-15,0.0,0.0914847326286714,-0.01916172820312889,-39.60189586785067,-63.70001399999998,9.600294610671412,-39.59003447703333,-63.70001591752033,0.0,1,2.1316282072803006e-14,0.0,0.015914360547899076,0.05454168159400963,73.56251220440159,63.70001399999999,9.59999987160235,73.56121826172716,60.925319569110364,0.0,1,1.2434497875801753e-14,0.0,0.015914360547899076,0.05454168159400963,73.56251220440159,-63.70001399999998,9.59999987160235,73.56121826172716,-60.92531956911037,0.0,1,1.2434497875801753e-14
0.675,675000,lower_into_sit,-0.6313823437500001,0.0,79.57696291258635,0.9998206414662639,0.0,-0.018938978272034647,0.0,-0.6313823437500001,0.0,79.57696291258635,38.95865213328327,51.14499457217463,0.0,0.09444606331251526,-0.019723453540321234,-39.6172848070331,63.70001399999999,9.600263263254476,-39.59003447703321,63.70001591752033,0.0,1,1.7763568394002505e-14,0.0,0.09444606331251704,-0.01972345587350466,-39.61728480703319,-63.70001399999998,9.600263263254476,-39.59003447703333,-63.70001591752033,0.0,1,1.7763568394002505e-14,0.0,0.016416142577441395,0.05635985822318279,73.56270198396395,63.70001399999999,9.599999844146936,73.56121826172716,60.925319569110364,0.0,1,1.7763568394002505e-14,0.0,0.016416142577441395,0.05635985822318279,73.56270198396395,-63.70001399999998,9.599999844146936,73.56121826172716,-60.92531956911037,0.0,1,1.7763568394002505e-14
0.6833333333333333,683333,lower_into_sit,-0.6518309584412946,0.0,79.53211124398395,0.9998088359200379,0.0,-0.01955227905433977,0.0,-0.6518309584412946,0.0,79.53211124398395,38.938203518591976,50.99774480949925,0.0,0.09745665991059971,-0.020290520832671355,-39.63291591976992,63.70001399999999,9.60020616893965,-39.59003447703321,63.70001591752033,0.0,1,-8.881784197001252e-15,0.0,0.09745665991060148,-0.020290523232233237,-39.63291591976999,-63.70001399999998,9.600206168939678,-39.59003447703333,-63.70001591752033,0.0,1,1.9539925233402755e-14,0.0,0.01692540900294892,0.05821190185267833,73.56289171166958,63.70001399999999,9.599999812948795,73.56121826172716,60.925319569110364,0.0,1,-4.973799150320701e-14,0.0,0.01692540900294892,0.05821190185267833,73.56289171166958,-63.70001399999998,9.599999812948795,73.56121826172716,-60.92531956911037,0.0,1,-4.973799150320701e-14
0.6916666666666667,691667,lower_into_sit,-0.6726342508684524,0.0,79.48648163083567,0.999796439558948,0.0,-0.020176209883198258,0.0,-0.6726342508684524,0.0,79.48648163083567,38.917400226164816,50.84798509686215,0.0,0.10051631508782544,-0.020862698540767166,-39.648787339978135,63.70001399999999,9.600122155752715,-39.59003447703321,63.70001591752033,0.0,1,5.329070518200751e-15,0.0,0.10051631508782766,-0.020862701007265727,-39.64878733997825,-63.70001399999998,9.600122155752715,-39.59003447703333,-63.70001591752033,0.0,1,5.329070518200751e-15,0.0,0.017442074770916083,0.060097862901196564,73.56308121052051,63.70001399999999,9.599999778045557,73.56121826172716,60.925319569110364,0.0,1,2.1316282072803006e-14,0.0,0.017442074770916083,0.060097862901196564,73.56308121052051,-63.70001399999998,9.599999778045557,73.56121826172716,-60.92531956911037,0.0,1,2.1316282072803006e-14
0.7,700000,lower_into_sit,-0.6937916049382714,0.0,79.44007542447062,0.999783432857376,0.0,-0.020810751642375874,0.0,-0.6937916049382714,0.0,79.44007542447062,38.896242872095,50.69572230735068,0.0,0.1036248082909883,-0.021439753497352054,-39.664897115486106,63.70001399999999,9.600010046330297,-39.59003447703321,63.70001591752033,0.0,1,2.6645352591003757e-14,0.0,0.10362480829099008,-0.021439756031317092,-39.66489711548619,-63.70001399999998,9.600010046330297,-39.59003447703333,-63.70001591752033,0.0,1,2.6645352591003757e-14,0.0,0.0179660514764044,0.06201778548946324,73.56327030068631,63.70001399999999,9.59999973948905,73.56121826172716,60.925319569110364,0.0,1,6.039613253960852e-14,0.0,0.0179660514764044,0.06201778548946324,73.56327030068631,-63.70001399999998,9.59999973948905,73.56121826172716,-60.92531956911037,0.0,1,6.039613253960852e-14
0.7083333333333334,708333,lower_into_sit,-0.715302312155477,0.0,79.39289417889117,0.9997697960580061,0.0,-0.021455882413288174,0.0,-0.715302312155477,0.0,79.39289417889117,38.9333315413834,50.540964028944856,0.0,0.10678328379372237,-0.022022800262864184,-39.681252404312495,63.70001399999999,9.599948636207174,-39.648633853538826,60.014427080345826,0.0,1,-2.3092638912203256e-14,0.0,0.10678328379372504,-0.02202280286495606,-39.68125240431261,-63.70001399999998,9.599948636207202,-39.64863385353894,-60.014427080345826,0.0,1,5.329070518200751e-15,0.0,0.018497247428669095,0.06397170751524595,73.56345879964422,63.70001399999999,9.599999697345936,73.56121826172716,60.925319569110364,0.0,1,-1.5987211554602254e-14,0.0,0.018497247428669095,0.06397170751524595,73.56345879964422,-63.70001399999998,9.599999697345936,73.56121826172716,-60.92531956911037,0.0,1,-1.5987211554602254e-14
0.7166666666666667,716667,lower_into_sit,-0.7371655725753189,0.0,79.34493964868348,0.9997555091822886,0.0,-0.02211157750281087,0.0,-0.7371655725753189,0.0,79.34493964868348,38.91146828096356,50.383718557043856,0.0,0.10999048025290747,-0.02261059552627076,-39.69784449677919,63.70001399999999,9.59987792111248,-39.648633853538826,60.014427080345826,0.0,1,0.0,0.0,0.1099904802529097,-0.022610598197003284,-39.69784449677932,-63.70001399999998,9.59987792111248,-39.64863385353894,-60.014427080345826,0.0,1,0.0,0.0,0.019035567717928803,0.06595966072735715,73.56364652232237,63.70001399999999,9.599999651698042,73.56121826172716,60.925319569110364,0.0,1,-2.6645352591003757e-14,0.0,0.019035567717928803,0.06595966072735715,73.56364652232237,-63.70001399999998,9.599999651698042,73.56121826172716,-60.92531956911037,0.0,1,-2.6645352591003757e-14
0.725,725000,lower_into_sit,-0.7593804957561727,0.0,79.29621378692816,0.9997405520412274,0.0,-0.022777809471105248,0.0,-0.7593804957561727,0.0,79.29621378692816,39.03440514907303,50.22399488694919,0.0,0.11324917568677817,-0.023205875250406294,-39.714691439013336,63.70001399999999,9.599973852793624,-39.79378564482915,63.70001591568979,0.0,1,1.2434497875801753e-14,0.0,0.11324917568678039,-0.02320587799061169,-39.714691439013436,-63.70001399999998,9.599973852793624,-39.79378564482926,-63.70001591568979,0.0,1,1.2434497875801753e-14,0.0,0.019580914283245043,0.06798167079866069,73.5638332812455,63.70001399999999,9.59999960264193,73.56121826172716,60.925319569110364,0.0,1,-1.2434497875801753e-14,0.0,0.019580914283245043,0.06798167079866069,73.5638332812455,-63.70001399999998,9.59999960264193,73.56121826172716,-60.92531956911037,0.0,1,-1.2434497875801753e-14
0.7333333333333333,733333,lower_into_sit,-0.7819461017121373,0.0,79.24671874311082,0.999724904246481,0.0,-0.023454548159460246,0.0,-0.7819461017121373,0.0,79.24671874311082,39.01183954311707,50.06180270630405,0.0,0.11655676387608338,-0.02380608307774157,-39.731775832712,63.70001399999999,9.60009940838718,-39.79378564482915,63.70001591568979,0.0,1,1.7763568394002505e-15,0.0,0.11655676387608516,-0.02380608588795141,-39.731775832712096,-63.70001399999998,9.60009940838718,-39.79378564482926,-63.70001591568979,0.0,1,1.7763568394002505e-15,0.0,0.020133185981455082,0.0700377573980453,73.56401888668466,63.70001399999999,9.599999550289198,73.56121826172716,60.925319569110364,0.0,1,2.1316282072803006e-14,0.0,0.020133185981454638,0.0700377573980453,73.56401888668469,-63.70001399999998,9.599999550289184,73.56121826172716,-60.92531956911037,0.0,1,7.105427357601002e-15
0.7416666666666667,741667,lower_into_sit,-0.804861321865633,0.0,79.19645686103264,0.9997085452217699,0.0,-0.02414176071815306,0.0,-0.804861321865633,0.0,79.19645686103264,38.98892432296358,49.89715238748868,0.0,0.1199119670205655,-0.02440999558095669,-39.749088597755105,63.70001399999999,9.6001956251786,-39.79378564482915,63.70001591568979,0.0,1,4.263256414560601e-14,0.0,0.11991196702056728,-0.02440999846156,-39.749088597755225,-63.70001399999998,9.600195625178529,-39.79378564482926,-63.70001591568979,0.0,1,-2.842170943040401e-14,0.0,0.020692278657147067,0.07212793426140784,73.56420314680899,63.70001399999999,9.599999494766351,73.56121826172716,60.925319569110364,0.0,1,3.019806626980426e-14,0.0,0.020692278657146623,0.07212793426140873,73.56420314680899,-63.70001399999998,9.599999494766308,73.56121826172716,-60.92531956911037,0.0,1,-1.0658141036401503e-14
0.75,750000,lower_into_sit,-0.828125,0.0,79.14543067672099,0.9996914542145793,0.0,-0.024839411634330143,0.0,-0.828125,0.0,79.14543067672099,38.96566064482921,49.73005497997142,0.0,0.12331449055557275,-0.02501735844329689,-39.76662731438574,63.70001399999999,9.60026126169501,-39.79378564482915,63.70001591568979,0.0,1,-1.5987211554602254e-14,0.0,0.12331449055557453,-0.025017361394651605,-39.76662731438583,-63.70001399999998,9.600261261694996,-39.79378564482926,-63.70001591568979,0.0,1,-3.019806626980426e-14,0.0,0.02125808521360506,0.07425220926163156,73.5643858678407,63.70001399999999,9.599999436214773,73.56121826172716,60.925319569110364,0.0,1,-5.329070518200751e-15,0.0,0.02125808521360506,0.07425220926163156,73.5643858678407,-63.70001399999998,9.599999436214773,73.56121826172716,-60.92531956911037,0.0,1,-5.329070518200751e-15
0.7583333333333333,758333,lower_into_sit,-0.8517358932120991,0.0,79.09364291634,0.99967361030815,0.0,-0.025547462759910343,0.0,-0.8517358932120991,0.0,79.09364291634,38.942049751617105,49.5605222026151,0.0,0.1267640288519809,-0.025627914858960654,-39.78438948896092,63.70001399999999,9.600295077755149,-39.79378564482915,63.70001591568979,0.0,1,8.881784197001252e-15,0.0,0.12676402885198268,-0.025627917881394513,-39.78438948896101,-63.70001399999998,9.600295077755135,-39.79378564482926,-63.70001591568979,0.0,1,-5.329070518200751e-15,0.0,0.021830495684705742,0.07641058447757132,73.56456685421227,63.70001399999999,9.599999374790684,73.56121826172716,60.925319569110364,0.0,1,3.019806626980426e-14,0.0,0.021830495684705742,0.07641058447757132,73.56456685421227,-63.70001399999998,9.599999374790684,73.56121826172716,-60.92531956911037,0.0,1,3.019806626980426e-14
0.7666666666666667,766667,lower_into_sit,-0.875692672864909,0.0,79.04109649410111,0.999654992433746,0.0,-0.02626587333951201,0.0,-0.875692672864909,0.0,79.04109649410111,38.9180929719643,49.38856643593847,0.0,0.13026026551938008,-0.02624140573236522,-39.80237255572245,63.70001399999999,9.600295835685316,-39.79378564482915,63.70001591568979,0.0,1,4.440892098500626e-14,0.0,0.13026026551938186,-0.02624140882617576,-39.80237255572257,-63.70001399999998,9.600295835685245,-39.79378564482926,-63.70001591568979,0.0,1,-2.6645352591003757e-14,0.0,0.022409397307707746,0.078603056262049,73.56474590872625,63.70001399999999,9.599999310664543,73.56121826172716,60.925319569110364,0.0,1,2.6645352591003757e-14,0.0,0.022409397307707746,0.078603056262049,73.56474590872625,-63.70001399999998,9.599999310664543,73.56121826172716,-60.92531956911037,0.0,1,2.6645352591003757e-14
0.775,775000,lower_into_sit,-0.8999939255401236,0.0,78.98779451017376,0.9996355793831903,0.0,-0.026994600038405748,0.0,-0.8999939255401236,0.0,78.98779451017376,38.9146711024159,49.21420071433273,0.0,0.1338034440371505,-0.02685812925132991,-39.82057769622273,63.70001399999999,9.600295955575817,-39.81466502795595,63.70001591546515,0.0,1,-8.881784197001252e-15,0.0,0.13380344403715316,-0.026858132416847535,-39.82057769622287,-63.70001399999998,9.600295955575817,-39.8146650279561,-63.700015915465144,0.0,1,-8.881784197001252e-15,0.0,0.02299467459690341,0.08082961530886035,73.56492283271758,63.70001399999999,9.59999924402112,73.56121826172716,60.925319569110364,0.0,1,-1.2434497875801753e-14,0.0,0.02299467459690341,0.08082961530886035,73.56492283271758,-63.70001399999998,9.59999924402112,73.56121826172716,-60.92531956911037,0.0,1,-1.2434497875801753e-14
0.7833333333333333,783333,lower_into_sit,-0.9246381539907538,0.0,78.93374024859581,0.9996153498216592,0.0,-0.027733596970495003,0.0,-0.9246381539907538,0.0,78.93374024859581,38.89002687396527,49.03743871823238,0.0,0.13739276445477433,-0.027477365035564638,-39.838999191058605,63.70001399999999,9.600266936017846,-39.81466502795595,63.70001591546515,0.0,1,-1.0658141036401503e-14,0.0,0.13739276445477744,-0.027477368273036706,-39.83899919105873,-63.70001399999998,9.600266936017874,-39.8146650279561,-63.700015915465144,0.0,1,1.7763568394002505e-14,0.0,0.02358620941808187,0.08309024671879195,73.5650974262177,63.70001399999999,9.59999917505911,73.56121826172716,60.925319569110364,0.0,1,1.0658141036401503e-14,0.0,0.02358620941808187,0.08309024671879195,73.5650974262177,-63.70001399999998,9.59999917505911,73.56121826172716,-60.92531956911037,0.0,1,1.0658141036401503e-14
0.7916666666666666,791667,lower_into_sit,-0.949623778093723,0.0,78.87893717518429,0.9995942823007243,0.0,-0.028482815726325737,0.0,-0.949623778093723,0.0,78.87893717518429,38.8650412498623,48.85829476624079,0.0,0.14102777857078985,-0.028098749655196986,-39.85763357218753,63.70001399999999,9.600201617596298,-39.81466502795595,63.70001591546515,0.0,1,1.7763568394002505e-14,0.0,0.14102777857079252,-0.028098752964826446,-39.85763357218767,-63.70001399999998,9.600201617596298,-39.8146650279561,-63.700015915465144,0.0,1,1.9539925233402755e-14,0.0,0.024183881063760904,0.08538493006467718,73.5652694881206,63.70001399999999,9.59999910399047,73.56121826172716,60.925319569110364,0.0,1,3.019806626980426e-14,0.0,0.024183881063760904,0.08538493006467762,73.5652694881206,-63.70001399999998,9.599999103990456,73.56121826172716,-60.92531956911037,0.0,1,1.5987211554602254e-14
0.8,800000,lower_into_sit,-0.9749491358024691,0.0,78.82338893544589,0.9995723552716322,0.0,-0.02924220540112749,0.0,-0.9749491358024691,0.0,78.82338893544589,38.839715892153556,48.67678380720991,0.0,0.14470812980208025,-0.028722016590007726,-39.876478004251275,63.70001399999999,9.600098778150851,-39.81466502795595,63.70001591546515,0.0,1,1.9539925233402755e-14,0.0,0.14470812980208292,-0.028722019971966883,-39.876478004251446,-63.70001399999998,9.600098778150809,-39.8146650279561,-63.700015915465144,0.0,1,-2.3092638912203256e-14,0.0,0.024787567130251542,0.08771363860353487,73.56543881095746,63.70001399999999,9.59999907398226,73.56822204990559,59.96391667604281,0.0,1,-1.4210854715202004e-14,0.0,0.024787567130251542,0.08771363860353487,73.56543881095746,-63.70001399999998,9.59999907398226,73.56822204990559,-59.9639166760428,0.0,1,-1.4210854715202004e-14
0.8083333333333333,808333,lower_into_sit,-1.00061248409954,0.0,78.76709935248755,0.9995495470988125,0.0,-0.030011712622887207,0.0,-1.00061248409954,0.0,78.76709935248755,38.814052543856484,48.49292141227417,0.0,0.14843345228048488,-0.029346897993463017,-39.89552958858913,63.70001399999999,9.599957203921562,-39.81466502795595,63.70001591546515,0.0,1,1.7763568394002505e-14,0.0,0.148433452280488,-0.029346901447894425,-39.8955295885893,-63.70001399999998,9.59995720392152,-39.8146650279561,-63.700015915465144,0.0,1,-2.6645352591003757e-14,0.0,0.02539714265518178,0.0900763403312217,73.56560518737871,63.70001399999999,9.59999912077653,73.56822204990559,59.96391667604281,0.0,1,5.329070518200751e-15,0.0,0.02539714265518178,0.0900763403312217,73.56560518737871,-63.70001399999998,9.59999912077653,73.56822204990559,-59.9639166760428,0.0,1,5.329070518200751e-15
0.8166666666666667,816667,lower_into_sit,-1.0266119999491945,0.0,78.7100724249271,0.9995258360736019,0.0,-0.030791281580457866,0.0,-1.0266119999491945,0.0,78.7100724249271,38.901823789071614,48.30672376683843,0.0,0.15220701280019844,-0.029976696649503864,-39.914809789372654,63.70001399999999,9.599992916228516,-39.92843578902074,66.08449162208595,0.0,1,5.1514348342607263e-14,0.0,0.1522070128002011,-0.02997670017693066,-39.914809789372825,-63.70001399999998,9.599992916228445,-39.92843578902089,-66.08449162208595,0.0,1,-1.9539925233402755e-14,0.0,0.02601247816386687,0.0924730002151195,73.5657684240153,63.70001399999999,9.599999163885371,73.56822204990559,59.96391667604281,0.0,1,1.4210854715202004e-14,0.0,0.02601247816386687,0.0924730002151195,73.5657684240153,-63.70001399999998,9.599999163885371,73.56822204990559,-59.9639166760428,0.0,1,1.4210854715202004e-14
0.825,825000,lower_into_sit,-1.0529457812499998,0.0,78.6523123248038,0.999501200428176,0.0,-0.031580854051703446,0.0,-1.0529457812499998,0.0,78.6523123248038,38.87549000777081,48.11820766251976,0.0,0.15602500510559958,-0.030607764253023806,-39.934293178812354,63.70001399999999,9.600000799504556,-39.92843578902074,66.08449162208595,0.0,1,1.0658141036401503e-14,0.0,0.15602500510560313,-0.03060776785354724,-39.93429317881253,-63.70001399999998,9.60000079950457,-39.92843578902089,-66.08449162208595,0.0,1,2.4868995751603507e-14,0.0,0.026633443419130653,0.09490357635016,73.56592831692828,63.70001399999999,9.599999203420225,73.56822204990559,59.96391667604281,0.0,1,1.9539925233402755e-14,0.0,0.026633443419130653,0.09490357635016,73.56592831692828,-63.70001399999998,9.599999203420225,73.56822204990559,-59.9639166760428,0.0,1,1.9539925233402755e-14
0.8333333333333334,833333,lower_into_sit,-1.0796118477874308,0.0,78.5938233954889,0.9994756183496762,0.0,-0.032380369431682036,0.0,-1.0796118477874308,0.0,78.5938233954889,38.84882394123338,47.92739048904319,0.0,0.1598868474977606,-0.0312396500950487,-39.95397525597649,63.70001399999999,9.599968614278438,-39.92843578902074,66.08449162208595,0.0,1,1.9539925233402755e-14,0.0,0.15988684749776327,-0.031239653768715847,-39.95397525597664,-63.70001399999998,9.599968614278424,-39.92843578902089,-66.08449162208595,0.0,1,5.329070518200751e-15,0.0,0.027259905996671385,0.09736802161397007,73.56608466189729,63.70001399999999,9.59999923950268,73.56822204990559,59.96391667604281,0.0,1,-1.7763568394002505e-15,0.0,0.027259905996671385,0.09736802161397007,73.56608466189729,-63.70001399999998,9.59999923950268,73.56822204990559,-59.9639166760428,0.0,1,-1.7763568394002505e-15
0.8416666666666667,841667,lower_into_sit,-1.106608142186468,0.0,78.53461014959629,0.9994490679945217,0.0,-0.03318976476086878,0.0,-1.106608142186468,0.0,78.53461014959629,38.82182764683434,47.734290226091375,0.0,0.16379213909392698,-0.0318720816593685,-39.97385289235751,63.70001399999999,9.599895152876869,-39.92843578902074,66.08449162208595,0.0,1,6.394884621840902e-14,0.0,0.16379213909392965,-0.03187208540619446,-39.97385289235767,-63.70001399999998,9.599895152876826,-39.92843578902089,-66.08449162208595,0.0,1,1.9539925233402755e-14,0.0,0.027891731363975936,0.09986628372609108,73.5662372545959,63.70001399999999,9.59999927226393,73.56822204990559,59.96391667604281,0.0,1,4.440892098500626e-14,0.0,0.027891731363975936,0.09986628372609108,73.5662372545959,-63.70001399999998,9.59999927226393,73.56822204990559,-59.9639166760428,0.0,1,4.440892098500626e-14
0.85,850000,lower_into_sit,-1.1339325308641974,0.0,78.47467726689305,0.9994215275028957,0.0,-0.03400897475342025,0.0,-1.1339325308641974,0.0,78.47467726689305,38.79450325815661,47.538925435107956,0.0,0.16774047112388812,-0.0325047860013008,-39.99392290468553,63.70001399999999,9.599779221273039,-39.92843578902074,66.08449162208595,0.0,1,3.197442310920451e-14,0.0,0.1677404711238908,-0.03250478982127225,-39.99392290468566,-63.70001399999998,9.599779221273025,-39.92843578902089,-66.08449162208595,0.0,1,1.7763568394002505e-14,0.0,0.028528782959690524,0.10239830530622562,73.56638589076717,63.70001399999999,9.59999930184371,73.56822204990559,59.96391667604281,0.0,1,2.842170943040401e-14,0.0,0.028528782959690524,0.10239830530622562,73.56638589076717,-63.70001399999998,9.59999930184371,73.56822204990559,-59.9639166760428,0.0,1,2.842170943040401e-14
0.8583333333333333,858333,lower_into_sit,-1.1615828049824084,0.0,78.41402959221004,0.9993929750133944,0.0,-0.034837931825481824,0.0,-1.1615828049824084,0.0,78.41402959221004,38.910502908709894,47.34131525105505,0.0,0.17173489306965983,-0.03314088950006999,-40.014205349907265,63.70001399999999,9.599828707686342,-40.07208571369224,66.67061985496431,0.0,1,2.4868995751603507e-14,0.0,0.17173489306966294,-0.033140893393531545,-40.01420534990743,-63.70001399999998,9.599828707686328,-40.072085713692374,-66.67061985496431,0.0,1,8.881784197001252e-15,0.0,0.029170922273402677,0.1049640239315206,73.56653036640036,63.70001399999999,9.599999328389899,73.56822204990559,59.96391667604281,0.0,1,1.7763568394002505e-15,0.0,0.029170922273402677,0.1049640239315206,73.56653036640036,-63.70001399999998,9.599999328389899,73.56822204990559,-59.9639166760428,0.0,1,1.7763568394002505e-15
0.8666666666666667,866667,lower_into_sit,-1.1895566814001934,0.0,78.35267213335247,0.9993633886778286,0.0,-0.035676566123539886,0.0,-1.1895566814001934,0.0,78.35267213335247,38.88252903229211,47.141479374124614,0.0,0.17577311772367255,-0.0337782664284485,-40.03468504228407,63.70001399999999,9.59993034053943,-40.07208571369224,66.67061985496431,0.0,1,5.5067062021407764e-14,0.0,0.17577311772367432,-0.03377827039549963,-40.03468504228416,-63.70001399999998,9.599930340539402,-40.072085713692374,-66.67061985496431,0.0,1,2.6645352591003757e-14,0.0,0.02981800892578912,0.10756337219288392,73.56667047790805,63.70001399999999,9.59999935205748,73.56822204990559,59.96391667604281,0.0,1,8.881784197001252e-15,0.0,0.02981800892578912,0.10756337219288392,73.56667047790805,-63.70001399999998,9.59999935205748,73.56822204990559,-59.9639166760428,0.0,1,8.881784197001252e-15
0.875,875000,lower_into_sit,-1.2178518036265435,0.0,78.29061005901052,0.9993327466761652,0.0,-0.03652480555281988,0.0,-1.2178518036265435,0.0,78.29061005901052,38.85423391006576,46.939438061404005,0.0,0.17985314400186914,-0.03441510661196068,-40.0553480141514,63.70001399999999,9.599988604308052,-40.07208571369224,66.67061985496431,0.0,1,7.105427357601002e-15,0.0,0.17985314400187136,-0.0344151106524917,-40.05534801415151,-63.70001399999998,9.599988604308052,-40.072085713692374,-66.67061985496431,0.0,1,7.105427357601002e-15,0.0,0.03046990074907141,0.1101962777503398,73.566806022304,63.70001399999999,9.599999373007577,73.56822204990559,59.96391667604281,0.0,1,2.6645352591003757e-14,0.0,0.03046990074907141,0.1101962777503398,73.566806022304,-63.70001399999998,9.599999373007577,73.56822204990559,-59.9639166760428,0.0,1,2.6645352591003757e-14
0.8833333333333333,883333,lower_into_sit,-1.2464657427729513,0.0,78.22784869666988,0.9993010272315989,0.0,-0.037382575805732454,0.0,-1.2464657427729513,0.0,78.22784869666988,38.828169207358116,46.73521211849578,0.0,0.1839745597293474,-0.035051161444351386,-40.07619106440049,63.70001399999999,9.600003919818889,-40.07463495013101,66.67236698627397,0.0,1,8.881784197001252e-15,0.0,0.18397455972934962,-0.035051165558226405,-40.07619106440059,-63.70001399999998,9.600003919818903,-40.07463495013113,-66.67236698627397,0.0,1,2.1316282072803006e-14,0.0,0.031126453867764248,0.11286266338741102,73.5669367973805,63.70001399999999,9.599999391406541,73.56822204990559,59.96391667604281,0.0,1,2.3092638912203256e-14,0.0,0.031126453867764248,0.11286266338741102,73.5669367973805,-63.70001399999998,9.599999391406541,73.56822204990559,-59.9639166760428,0.0,1,2.3092638912203256e-14
0.8916666666666667,891667,lower_into_sit,-1.2753959985060075,0.0,78.16439353052239,0.9992682086257407,0.0,-0.03824980039036836,0.0,-1.2753959985060075,0.0,78.16439353052239,38.81281485457516,46.528822891092105,0.0,0.18813730565726017,-0.035686535067218195,-40.09721337347893,63.70001399999999,9.599998616573814,-40.088210853081094,65.48333347776813,0.0,1,1.7763568394002505e-15,0.0,0.18813730565726283,-0.03568653925430887,-40.09721337347907,-63.70001399999998,9.599998616573814,-40.08821085308123,-65.48333347776813,0.0,1,0.0,0.0,0.03178752277963648,0.11556244706453667,73.56706260188659,63.70001399999999,9.599999407425031,73.56822204990559,59.96391667604281,0.0,1,5.861977570020827e-14,0.0,0.03178752277963648,0.11556244706453667,73.56706260188659,-63.70001399999998,9.599999407425031,73.56822204990559,-59.9639166760428,0.0,1,5.861977570020827e-14
0.9,900000,lower_into_sit,-1.3046400000000002,0.0,78.10025019937656,0.9992342692139156,0.0,-0.03912640065904411,0.0,-1.3046400000000002,0.0,78.10025019937656,38.86879524329968,46.320292256503706,0.0,0.19234369836156162,-0.03632366670092635,-40.11843018264957,63.70001399999999,9.600140535626238,-40.173435243299615,63.700015910542625,0.0,1,4.085620730620576e-14,0.0,0.19234369836156384,-0.03632367096138944,-40.118430182649675,-63.70001399999998,9.600140535626224,-40.17343524329974,-63.70001591054262,0.0,1,2.4868995751603507e-14,0.0,0.03245296043686574,0.11829554197152214,73.56718323570568,63.70001399999999,9.599999421236689,73.56822204990559,59.96391667604281,0.0,1,7.105427357601002e-15,0.0,0.03245296043686574,0.11829554197152214,73.56718323570568,-63.70001399999998,9.599999421236689,73.56822204990559,-59.9639166760428,0.0,1,7.105427357601002e-15
0.9083333333333333,908333,lower_into_sit,-1.334195106889511,0.0,78.03542449456823,0.9991991874405526,0.0,-0.04001229583689923,0.0,-1.334195106889511,0.0,78.03542449456823,38.83924013641017,46.10964261514414,0.0,0.19659017452576588,-0.03695921714308392,-40.13981755432672,63.70001399999999,9.600239252823783,-40.173435243299615,63.700015910542625,0.0,1,1.7763568394002505e-15,0.0,0.196590174525769,-0.03695922147668984,-40.139817554326875,-63.70001399999998,9.600239252823798,-40.17343524329974,-63.70001591054262,0.0,1,1.5987211554602254e-14,0.0,0.03312261832732677,0.12106185657901047,73.56729850003303,63.70001399999999,9.599999433017445,73.56822204990559,59.96391667604281,0.0,1,3.552713678800501e-15,0.0,0.03312261832732677,0.12106185657901047,73.56729850003303,-63.70001399999998,9.599999433017445,73.56822204990559,-59.9639166760428,0.0,1,3.552713678800501e-15
0.9166666666666666,916667,lower_into_sit,-1.3640586102220187,0.0,77.96992235787107,0.9991629418546607,0.0,-0.04090740305054703,0.0,-1.3640586102220187,0.0,77.96992235787107,38.80937663307766,45.896896881969106,0.0,0.20087621549039492,-0.03759286624636937,-40.16137141358717,63.70001399999999,9.600290533337159,-40.173435243299615,63.700015910542625,0.0,1,1.7763568394002505e-15,0.0,0.20087621549039714,-0.03759287065285433,-40.16137141358727,-63.70001399999998,9.600290533337187,-40.17343524329974,-63.70001591054262,0.0,1,2.842170943040401e-14,0.0,0.03379634655598229,0.12386129468899032,73.56740819755272,63.70001399999999,9.599999442943925,73.56822204990559,59.96391667604281,0.0,1,-1.0658141036401503e-14,0.0,0.03379634655598229,0.12386129468899032,73.56740819755272,-63.70001399999998,9.599999442943925,73.56822204990559,-59.9639166760428,0.0,1,-1.0658141036401503e-14
0.925,925000,lower_into_sit,-1.394227733410494,0.0,77.90374987940723,0.9991255111253766,0.0,-0.041811637356779424,0.0,-1.394227733410494,0.0,77.90374987940723,38.77920750988918,45.682078477871734,0.0,0.205201351605107,-0.03822434194230073,-40.18308816939793,63.70001399999999,9.600293260181616,-40.173435243299615,63.700015910542625,0.0,1,2.3092638912203256e-14,0.0,0.20520135160510877,-0.038224346421366295,-40.18308816939801,-63.70001399999998,9.600293260181616,-40.17343524329974,-63.70001591054262,0.0,1,2.3092638912203256e-14,0.0,0.03447399392631256,0.12669375548431505,73.5675121326144,63.70001399999999,9.59999945119253,73.56822204990559,59.96391667604281,0.0,1,-5.329070518200751e-15,0.0,0.03447399392631256,0.12669375548431505,73.5675121326144,-63.70001399999998,9.59999945119253,73.56822204990559,-59.9639166760428,0.0,1,-5.329070518200751e-15
0.9333333333333333,933333,lower_into_sit,-1.4246996331859982,0.0,77.83691329555793,0.9990868740575728,0.0,-0.04272491177132739,0.0,-1.4246996331859982,0.0,77.83691329555793,38.748735610113684,45.46521132103402,0.0,0.2095651078232703,-0.038853373278417536,-40.20496419206749,63.70001399999999,9.60024633985293,-40.173435243299615,63.700015910542625,0.0,1,-1.9539925233402755e-14,0.0,0.20956510782327298,-0.03885337782973819,-40.20496419206761,-63.70001399999998,9.600246339852973,-40.17343524329974,-63.70001591054262,0.0,1,2.1316282072803006e-14,0.0,0.035155408021767975,0.12955913357725546,73.56761011140836,63.70001399999999,9.59999945793804,73.56822204990559,59.96391667604281,0.0,1,-8.881784197001252e-15,0.0,0.035155408021767975,0.12955913357725546,73.56761011140836,-63.70001399999998,9.59999945793804,73.56822204990559,-59.9639166760428,0.0,1,-8.881784197001252e-15
0.9416666666666667,941667,lower_into_sit,-1.4554714005502845,0.0,77.76941898687397,0.9990470096075147,0.0,-0.04364713729767824,0.0,-1.4554714005502845,0.0,77.76941898687397,38.71796384274939,45.24631981823463,0.0,0.21396700392370738,-0.03947969054953582,-40.226995814828015,63.70001399999999,9.600148703309117,-40.173435243299615,63.700015910542625,0.0,1,-1.2434497875801753e-14,0.0,0.21396700392370915,-0.039479695172753626,-40.2269958148281,-63.70001399999998,9.60014870330913,-40.17343524329974,-63.70001591054262,0.0,1,1.7763568394002505e-15,0.0,0.035840435287172845,0.13245731905705327,73.56770194214072,63.70001399999999,9.59999946335246,73.56822204990559,59.96391667604281,0.0,1,3.552713678800501e-15,0.0,0.035840435287172845,0.13245731905705327,73.56770194214072,-63.70001399999998,9.59999946335246,73.56822204990559,-59.9639166760428,0.0,1,3.552713678800501e-15
0.95,950000,lower_into_sit,-1.4865400617283948,0.0,77.7012734759864,0.9990058968985567,0.0,-0.04457822295595037,0.0,-1.4865400617283948,0.0,77.7012734759864,38.80466376618468,45.02542885611426,0.0,0.2184098687750997,-0.04010627715645798,-40.24920171499919,63.70001399999999,9.60020439604449,-40.291203827913044,63.700015908487444,0.0,1,8.881784197001252e-15,0.0,0.2184098687751006,-0.04010628185155962,-40.24920171499922,-63.70001399999998,9.600204396044504,-40.29120382791311,-63.700015908487444,0.0,1,2.3092638912203256e-14,0.0,0.036528921110058565,0.1353881975364999,73.56778743520654,63.70001399999999,9.599999467603624,73.56822204990559,59.96391667604281,0.0,1,1.2434497875801753e-14,0.0,0.036528921110058565,0.1353881975364999,73.56778743520654,-63.70001399999998,9.599999467603624,73.56822204990559,-59.9639166760428,0.0,1,1.2434497875801753e-14
0.9583333333333334,958333,lower_into_sit,-1.5179025791212601,0.0,77.63248342551707,0.9989635152368623,0.0,-0.04551807581182685,0.0,-1.5179025791212601,0.0,77.63248342551707,38.77330124879182,44.802563792398395,0.0,0.2228910082891269,-0.040730677703261,-40.27156391025618,63.70001399999999,9.600276188576842,-40.291203827913044,63.700015908487444,0.0,1,5.329070518200751e-15,0.0,0.22289100828912778,-0.040730682469949375,-40.271563910256226,-63.70001399999998,9.600276188576842,-40.29120382791311,-63.700015908487444,0.0,1,5.329070518200751e-15,0.0,0.03722070990186932,0.13835165019751372,73.56786640336242,63.70001399999999,9.599999470853916,73.56822204990559,59.96391667604281,0.0,1,2.1316282072803006e-14,0.0,0.03722070990186932,0.13835165019751372,73.56786640336242,-63.70001399999998,9.599999470853916,73.56822204990559,-59.9639166760428,0.0,1,2.1316282072803006e-14
0.9666666666666667,966667,lower_into_sit,-1.549555852258294,0.0,77.56305563598917,0.9989198441271407,0.0,-0.04646660100554838,0.0,-1.549555852258294,0.0,77.56305563598917,38.741647975654786,44.577750447078486,0.0,0.22740883597203032,-0.041351560229361706,-40.29407114569999,63.70001399999999,9.600295849702235,-40.291203827913044,63.700015908487444,0.0,1,1.4210854715202004e-14,0.0,0.22740883597203165,-0.04135156506718962,-40.29407114570003,-63.70001399999998,9.60029584970222,-40.29120382791311,-63.700015908487444,0.0,1,-1.7763568394002505e-15,0.0,0.037915645179011914,0.14134755383571962,73.56793866189716,63.70001399999999,9.599999473258876,73.56822204990559,59.96391667604281,0.0,1,-5.329070518200751e-15,0.0,0.037915645179011914,0.14134755383571962,73.56793866189716,-63.70001399999998,9.599999473258876,73.56822204990559,-59.9639166760428,0.0,1,-5.329070518200751e-15
0.975,975000,lower_into_sit,-1.5814967187500004,0.0,77.49299704373794,0.998874863288385,0.0,-0.04742370178096702,0.0,-1.5814967187500004,0.0,77.49299704373794,38.70970710916308,44.35101509355224,0.0,0.23196285239258208,-0.041968660126689095,-40.31671962542446,63.70001399999999,9.600262369716688,-40.291203827913044,63.700015908487444,0.0,1,-3.552713678800501e-15,0.0,0.23196285239258385,-0.041968665035180486,-40.316719625424504,-63.70001399999998,9.600262369716745,-40.29120382791311,-63.700015908487444,0.0,1,5.3290705182007514e-14,0.0,0.03861356964369511,0.1443757809040327,73.56800402880067,63.70001399999999,9.599999474965927,73.56822204990559,59.96391667604281,0.0,1,-1.5987211554602254e-14,0.0,0.03861356964369511,0.1443757809040327,73.56800402880067,-63.70001399999998,9.599999474965927,73.56822204990559,-59.9639166760428,0.0,1,-1.5987211554602254e-14
0.9833333333333333,983333,lower_into_sit,-1.613721955240563,0.0,77.42231471882111,0.998828552669602,0.0,-0.04838927951466064,0.0,-1.613721955240563,0.0,77.42231471882111,38.677481872672516,44.12238444972344,0.0,0.23655255399028707,-0.04258171464350147,-40.33950552385553,63.70001399999999,9.600174767653499,-40.291203827913044,63.700015908487444,0.0,1,4.440892098500626e-14,0.0,0.2365525539902884,-0.04258171962214652,-40.33950552385559,-63.70001399999998,9.600174767653499,-40.29120382791311,-63.700015908487444,0.0,1,4.440892098500626e-14,0.0,0.039314325264524275,0.1474361995552238,73.56806232493186,63.70001399999999,9.59999947611287,73.56822204990559,59.96391667604281,0.0,1,-5.329070518200751e-15,0.0,0.039314325264524275,0.1474361995552238,73.56806232493186,-63.70001399999998,9.59999947611287,73.56822204990559,-59.9639166760428,0.0,1,-5.329070518200751e-15
0.9916666666666667,991667,lower_into_sit,-1.6462282783604507,0.0,77.35101586292959,0.9987808924655225,0.0,-0.049363233745109564,0.0,-1.6462282783604507,0.0,77.35101586292959,38.644975549552626,43.89188566906236,0.0,0.2411774332672887,-0.043190462991669065,-40.36242498724485,63.70001399999999,9.60003209212266,-40.291203827913044,63.700015908487444,0.0,1,3.019806626980426e-14,0.0,0.24117743326729046,-0.043190468039934427,-40.36242498724492,-63.70001399999998,9.600032092122674,-40.29120382791311,-63.700015908487444,0.0,1,4.440892098500626e-14,0.0,0.04001775335681668,0.15052867368347744,73.56811337418344,63.70001399999999,9.599999476826497,73.56822204990559,59.96391667604281,0.0,1,-7.105427357601002e-15,0.0,0.04001775335681668,0.15052867368347744,73.56811337418344,-63.70001399999998,9.599999476826497,73.56822204990559,-59.9639166760428,0.0,1,-7.105427357601002e-15
1.0,1000000,lower_into_sit,-1.6790123456790123,0.0,77.27910780729795,0.9987318631322791,0.0,-0.050345462201935434,0.0,-1.6790123456790123,0.0,77.27910780729795,38.70668095598036,43.65954633162749,0.0,0.24583969908578718,-0.043797316229377437,-40.38549255205455,63.70001399999999,9.600004177240336,-40.38569330165935,65.99266422206816,0.0,1,-2.3092638912203256e-14,0.0,0.24583969908578807,-0.04379732134700509,-40.385492552054565,-63.70001399999998,9.600004177240379,-40.385693301659394,-65.99266422206816,0.0,1,1.9539925233402755e-14,0.0,0.04072369466258374,0.1536530629649202,73.56815700364554,63.70001399999999,9.599999477221289,73.56822204990559,59.96391667604281,0.0,1,2.4868995751603507e-14,0.0,0.04072369466258374,0.1536530629649202,73.56815700364554,-63.70001399999998,9.599999477221289,73.56822204990559,-59.9639166760428,0.0,1,2.4868995751603507e-14
1.0083333333333333,1008333,lower_into_sit,-1.7120707566570768,0.0,77.20659801061515,0.9986814454030417,0.0,-0.05133586083520318,0.0,-1.7120707566570768,0.0,77.20659801061515,38.69311253101434,43.42539443504942,0.0,0.2505373651404512,-0.044400550960721485,-40.40869489849403,63.70001399999999,9.59999792764232,-40.40518328767142,66.0115126408671,0.0,1,5.329070518200751e-15,0.0,0.2505373651404512,-0.044400556147255354,-40.408694898494055,-63.70001399999998,9.599997927642306,-40.40518328767141,-66.0115126408671,0.0,1,-8.881784197001252e-15,0.0,0.04143198943015225,0.15680922289712695,73.56819304376657,63.70001399999999,9.599999477397802,73.56822204990559,59.96391667604281,0.0,1,-7.105427357601002e-15,0.0,0.04143198943015225,0.15680922289712695,73.56819304376657,-63.70001399999998,9.599999477397802,73.56822204990559,-59.9639166760428,0.0,1,-7.105427357601002e-15
1.0166666666666666,1016667,lower_into_sit,-1.7454000535995529,0.0,77.13349405693502,0.9986296203035984,0.0,-0.05233432384478631,0.0,-1.7454000535995529,0.0,77.13349405693502,38.6825233887792,43.189458385477785,0.0,0.25526968789681703,-0.04499969243934876,-40.432026564376955,63.70001399999999,9.599998853628279,-40.42792344237878,67.46700275270982,0.0,1,1.5987211554602254e-14,0.0,0.2552696878968166,-0.044999697694279917,-40.43202656437694,-63.70001399999998,9.599998853628236,-40.42792344237874,-67.46700275270982,0.0,1,-2.842170943040401e-14,0.0,0.04214247749338673,0.15999700483758073,73.56822132851175,63.70001399999999,9.5999994774416,73.56822204990559,59.96391667604281,0.0,1,-1.7763568394002505e-15,0.0,0.04214247749338673,0.15999700483758073,73.56822132851175,-63.70001399999998,9.5999994774416,73.56822204990559,-59.9639166760428,0.0,1,-1.7763568394002505e-15
1.025,1025000,lower_into_sit,-1.778996722608024,0.0,77.05980365358684,0.9985763691678698,0.0,-0.05334074370979591,0.0,-1.778996722608024,0.0,77.05980365358684,38.648926719770735,42.95176698849237,0.0,0.26003541542116393,-0.04559376575914831,-40.455478787600505,63.70001399999999,9.599960183679059,-40.42792344237878,67.46700275270982,0.0,1,-2.842170943040401e-14,0.0,0.26003541542116393,-0.045593771081859025,-40.455478787600484,-63.70001399999998,9.599960183679116,-40.42792344237874,-67.46700275270982,0.0,1,3.019806626980426e-14,0.0,0.042854998350462026,0.16321625604110412,73.56824169551926,63.70001399999999,9.599999477421534,73.56822204990559,59.96391667604281,0.0,1,5.329070518200751e-15,0.0,0.042854998350462026,0.16321625604110412,73.56824169551926,-63.70001399999998,9.599999477421534,73.56822204990559,-59.9639166760428,0.0,1,5.329070518200751e-15
1.0333333333333334,1033333,lower_into_sit,-1.8128571945333545,0.0,76.98553462908599,0.9985216736533479,0.0,-0.054355011218073915,0.0,-1.8128571945333545,0.0,76.98553462908599,38.67008293468135,42.7123494399793,0.0,0.2648358277865763,-0.04618429331468521,-40.479059824969205,63.70001399999999,9.599995636167264,-40.482940129214725,65.4658392688918,0.0,1,-1.0658141036401503e-14,0.0,0.2648358277865759,-0.04618429870472962,-40.479059824969184,-63.70001399999998,9.599995636167279,-40.482940129214704,-65.4658392688918,0.0,1,3.552713678800501e-15,0.0,0.043569391242172184,0.16646681969622312,73.56825398625284,63.70001399999999,9.599999477388508,73.56822204990559,59.96391667604281,0.0,1,0.0,0.0,0.043569391242172184,0.16646681969622312,73.56825398625284,-63.70001399999998,9.599999477388508,73.56822204990559,-59.9639166760428,0.0,1,0.0
1.0416666666666667,1041667,lower_into_sit,-1.8469778459282764,0.0,76.91069493104447,0.9984655157564448,0.0,-0.05537701549575009,0.0,-1.8469778459282764,0.0,76.91069493104447,38.65691243360371,42.4712353169734,0.0,0.26966873636239663,-0.04676938031801736,-40.50275481452556,63.70001399999999,9.599999232998897,-40.503890279532,65.46781528162495,0.0,1,-1.2434497875801753e-14,0.0,0.26966873636239663,-0.04676938577473555,-40.50275481452554,-63.70001399999998,9.599999232998925,-40.50389027953198,-65.46781528162495,0.0,1,1.5987211554602254e-14,0.0,0.044285495229710925,0.16974853496047349,73.56825804615261,63.70001399999999,9.599999477374112,73.56822204990559,59.96391667604281,0.0,1,-3.019806626980426e-14,0.0,0.044285495229710925,0.16974853496047349,73.56825804615261,-63.70001399999998,9.599999477374112,73.56822204990559,-59.9639166760428,0.0,1,-3.019806626980426e-14
1.05,1050000,lower_into_sit,-1.8813550000000003,0.0,76.83529262408157,0.9984078778277435,0.0,-0.056406644036863934,0.0,-1.8813550000000003,0.0,76.83529262408157,38.65215101005844,42.22845456846801,0.0,0.27453406974586025,-0.047349233266867685,-40.52656284356287,63.70001399999999,9.599999670223283,-40.53350601005847,65.47797763449199,0.0,1,-5.5067062021407764e-14,0.0,0.27453406974585937,-0.04734923878962638,-40.526562843562836,-63.70001399999998,9.599999670223283,-40.53350601005841,-65.47797763449199,0.0,1,-5.5067062021407764e-14,0.0,0.04500314927191518,0.1730612369946405,73.5682537247821,63.70001399999999,9.599999477389389,73.56822204990559,59.96391667604281,0.0,1,1.4210854715202004e-14,0.0,0.04500314927191518,0.1730612369946405,73.5682537247821,-63.70001399999998,9.599999477389389,73.56822204990559,-59.9639166760428,0.0,1,1.4210854715202004e-14
1.0583333333333333,1058333,lower_into_sit,-1.9159849275628085,0.0,76.75933588773435,0.9983487425871372,0.0,-0.05744378273305044,0.0,-1.9159849275628085,0.0,76.75933588773435,38.70404881976051,41.98403750619317,0.0,0.27943213886531515,-0.04792443251918943,-40.550485757246676,63.70001399999999,9.6000502750164,-40.62003374732336,63.70001590160536,0.0,1,-8.881784197001252e-15,0.0,0.2794321388653138,-0.04792443810742064,-40.55048575724662,-63.70001399999998,9.600050275016415,-40.62003374732328,-63.700015901605354,0.0,1,7.105427357601002e-15,0.0,0.04572219230191754,0.1764047569959244,73.56824087597197,63.70001399999999,9.599999477423196,73.56822204990559,59.96391667604281,0.0,1,2.6645352591003757e-14,0.0,0.04572219230191754,0.1764047569959244,73.56824087597197,-63.70001399999998,9.599999477423196,73.56822204990559,-59.9639166760428,0.0,1,2.6645352591003757e-14
1.0666666666666667,1066667,lower_into_sit,-1.9508638479906517,0.0,76.68283301436828,0.9982880931388478,0.0,-0.05848831590329016,0.0,-1.9508638479906517,0.0,76.68283301436828,38.669169899332665,41.73801479536376,0.0,0.28436309232197443,-0.04849539450847429,-40.574524528404325,63.70001399999999,9.600194327031076,-40.62003374732336,63.70001590160536,0.0,1,-1.7763568394002505e-15,0.0,0.28436309232197265,-0.04849540016165843,-40.57452452840425,-63.70001399999998,9.600194327031062,-40.62003374732328,-63.700015901605354,0.0,1,-1.5987211554602254e-14,0.0,0.04644246330318724,0.1797789222300037,73.56821935796087,63.70001399999999,9.599999477441287,73.56822204990559,59.96391667604281,0.0,1,3.552713678800501e-14,0.0,0.04644246330318724,0.1797789222300037,73.56821935796087,-63.70001399999998,9.599999477441287,73.56822204990559,-59.9639166760428,0.0,1,3.552713678800501e-14
1.075,1075000,lower_into_sit,-1.9859879301697532,0.0,76.60579240708785,0.9982259129863115,0.0,-0.05954012632372349,0.0,-1.9859879301697532,0.0,76.60579240708785,38.63404581715356,41.49041744539863,0.0,0.2893239960757259,-0.049059524916232444,-40.598658928465184,63.70001399999999,9.60027839819685,-40.62003374732336,63.70001590160536,0.0,1,-1.7763568394002505e-15,0.0,0.2893239960757241,-0.04905953063355595,-40.59865892846508,-63.70001399999998,9.600278398196863,-40.62003374732328,-63.700015901605354,0.0,1,1.2434497875801753e-14,0.0,0.047163801384910276,0.18318355606201342,73.56818903353242,63.70001399999999,9.599999477384856,73.56822204990559,59.96391667604281,0.0,1,1.7763568394002505e-15,0.0,0.047163801384910276,0.18318355606201342,73.56818903353242,-63.70001399999998,9.599999477384856,73.56822204990559,-59.9639166760428,0.0,1,1.7763568394002505e-15
1.0833333333333333,1083333,lower_into_sit,-2.0213532934512015,0.0,76.52822257764709,0.9981621860469214,0.0,-0.06059909525752851,0.0,-2.0213532934512015,0.0,76.52822257764709,38.59868045387212,41.241276800612205,0.0,0.2943143091897622,-0.049616587898822395,-40.6228848890411,63.70001399999999,9.600301770088123,-40.62003374732336,63.70001590160536,0.0,1,-3.552713678800501e-15,0.0,0.29431430918976087,-0.049616593679445486,-40.62288488904106,-63.70001399999998,9.600301770088109,-40.62003374732328,-63.700015901605354,0.0,1,-1.7763568394002505e-14,0.0,0.047886045856699866,0.18661847798640308,73.56814977014875,63.70001399999999,9.599999477169547,73.56822204990559,59.96391667604281,0.0,1,2.1316282072803006e-14,0.0,0.047886045856699866,0.18661847798640308,73.56814977014875,-63.70001399999998,9.599999477169547,73.56822204990559,-59.9639166760428,0.0,1,2.1316282072803006e-14
1.0916666666666666,1091667,lower_into_sit,-2.0569560086035534,0.0,76.45013214436023,0.9980968966666169,0.0,-0.061665102484862386,0.0,-2.0569560086035534,0.0,76.45013214436023,38.56307773871976,40.99062453087994,0.0,0.2993334887446655,-0.050166350620233224,-40.64719832936945,63.70001399999999,9.600263761545776,-40.62003374732336,63.70001590160536,0.0,1,2.4868995751603507e-14,0.0,0.2993334887446637,-0.050166356463293926,-40.647198329369374,-63.70001399999998,9.600263761545776,-40.62003374732328,-63.700015901605354,0.0,1,2.4868995751603507e-14,0.0,0.04860903630257729,0.19008350365569315,73.56810144008017,63.70001399999999,9.599999476684047,73.56822204990559,59.96391667604281,0.0,1,6.217248937900877e-14,0.0,0.04860903630257729,0.19008350365569315,73.56810144008017,-63.70001399999998,9.599999476684047,73.56822204990559,-59.9639166760428,0.0,1,6.217248937900877e-14
1.1,1100000,lower_into_sit,-2.0927920987654325,0.0,76.3715298300122,0.9980300296343074,0.0,-0.06273802633286575,0.0,-2.0927920987654325,0.0,76.3715298300122,38.58559520564569,40.73849262227903,0.0,0.30438271623798707,-0.05071027891761615,-40.67160690578679,63.70001399999999,9.600275245446596,-40.67838730441116,63.70001590020452,0.0,1,1.0658141036401503e-14,0.0,0.3043827162379853,-0.050710284822417684,-40.6716069057867,-63.70001399999998,9.600275245446596,-40.678387304411075,-63.70001590020452,0.0,1,1.0658141036401503e-14,0.0,0.04933261265421862,0.1935784449080833,73.56804392053078,63.70001399999999,9.599999475789033,73.56822204990559,59.96391667604281,0.0,1,1.0658141036401503e-14,0.0,0.04933261265421862,0.1935784449080833,73.56804392053078,-63.70001399999998,9.599999475789033,73.56822204990559,-59.9639166760428,0.0,1,1.0658141036401503e-14
1.1083333333333334,1108333,lower_into_sit,-2.128857540398123,0.0,76.2924244597693,0.9979615701961223,0.0,-0.0638177437057293,0.0,-2.128857540398123,0.0,76.2924244597693,38.549529764012995,40.48491336770608,0.0,0.30946029466691494,-0.05124700000002713,-40.696099058562424,63.70001399999999,9.600261301438891,-40.67838730441116,63.70001590020452,0.0,1,1.4210854715202004e-14,0.0,0.30946029466691316,-0.051247005965718184,-40.69609905856236,-63.70001399999998,9.600261301438863,-40.678387304411075,-63.70001590020452,0.0,1,-1.4210854715202004e-14,0.0,0.05005661526342209,0.1971031097939333,73.56797709376026,63.70001399999999,9.599999474316434,73.56822204990559,59.96391667604281,0.0,1,-1.2434497875801753e-14,0.0,0.05005661526342209,0.1971031097939333,73.56797709376026,-63.70001399999998,9.599999474316434,73.56822204990559,-59.9639166760428,0.0,1,-1.2434497875801753e-14
1.1166666666666667,1116667,lower_into_sit,-2.165148264238175,0.0,76.21282495908974,0.9978915040694746,0.0,-0.0649041301148226,0.0,-2.165148264238175,0.0,76.21282495908974,38.59169582704739,40.22991935747295,0.0,0.31456583895727874,-0.05177645372452133,-40.720671721768056,63.70001399999999,9.600232319237364,-40.75684409128561,63.70001589824611,0.0,1,0.0,0.0,0.3145658389572774,-0.05177645975024703,-40.720671721767985,-63.70001399999998,9.600232319237378,-40.75684409128552,-63.70001589824611,0.0,1,1.4210854715202004e-14,0.0,0.05078088497376809,0.2006573026010905,73.56790084720159,63.70001399999999,9.599999472068134,73.56822204990559,59.96391667604281,0.0,1,5.329070518200751e-15,0.0,0.05078088497376809,0.2006573026010905,73.56790084720159,-63.70001399999998,9.599999472068134,73.56822204990559,-59.9639166760428,0.0,1,5.329070518200751e-15
1.125,1125000,lower_into_sit,-2.20166015625,0.0,76.13274035163421,0.9978198174569305,0.0,-0.06599705970888346,0.0,-2.20166015625,0.0,76.13274035163421,38.555183935035565,39.97354346988273,0.0,0.3197004281721516,-0.05230000662354195,-40.745332171725615,63.70001399999999,9.600293563186241,-40.75684409128561,63.70001589824611,0.0,1,5.3290705182007514e-14,0.0,0.31970042817214983,-0.05230001270860063,-40.74533217172556,-63.70001399999998,9.600293563186213,-40.75684409128552,-63.70001589824611,0.0,1,2.3092638912203256e-14,0.0,0.051505263191448325,0.20424082387905074,73.56781507357407,63.70001399999999,9.599999468815113,73.56822204990559,59.96391667604281,0.0,1,3.375077994860476e-14,0.0,0.051505263191448325,0.20424082387905074,73.56781507357407,-63.70001399999998,9.599999468815113,73.56822204990559,-59.9639166760428,0.0,1,3.375077994860476e-14
1.1333333333333333,1133333,lower_into_sit,-2.2383890585784685,0.0,76.05217975717653,0.9977464970598722,0.0,-0.06709640530426796,0.0,-2.2383890585784685,0.0,76.05217975717653,38.518455032707095,39.715818861787405,0.0,0.3248611488376918,-0.05281511591076571,-40.77006030558641,63.70001399999999,9.600291368251575,-40.75684409128561,63.70001589824611,0.0,1,1.7763568394002505e-15,0.0,0.32486114883769,-0.05281512205417149,-40.77006030558632,-63.70001399999998,9.600291368251604,-40.75684409128552,-63.70001589824611,0.0,1,3.019806626980426e-14,0.0,0.05222959195523691,0.20785347046196012,73.56771967099219,63.70001399999999,9.599999464296644,73.56822204990559,59.96391667604281,0.0,1,4.618527782440651e-14,0.0,0.05222959195523691,0.20785347046196012,73.56771967099219,-63.70001399999998,9.599999464296644,73.56822204990559,-59.9639166760428,0.0,1,4.618527782440651e-14
1.1416666666666666,1141667,lower_into_sit,-2.2753307705015113,0.0,75.97115238951413,0.9976715300919454,0.0,-0.06820203841525947,0.0,-2.2753307705015113,0.0,75.97115238951413,38.53345843339877,39.456778959128705,0.0,0.33004845359681045,-0.053322554862570204,-40.794858849499555,63.70001399999999,9.60029094566353,-40.808789203900325,63.700015896894804,0.0,1,5.329070518200751e-15,0.0,0.3300484535968091,-0.053322561063425145,-40.794858849499484,-63.70001399999998,9.60029094566353,-40.80878920390025,-63.7000158968948,0.0,1,5.329070518200751e-15,0.0,0.05295371400557425,0.21149503549040993,73.56761454306994,63.70001399999999,9.599999458219528,73.56822204990559,59.96391667604281,0.0,1,1.2434497875801753e-14,0.0,0.05295371400557425,0.21149503549040993,73.56761454306994,-63.70001399999998,9.599999458219528,73.56822204990559,-59.9639166760428,0.0,1,1.2434497875801753e-14
1.15,1150000,lower_into_sit,-2.312481049382716,0.0,75.88966755437875,0.9975949042922824,0.0,-0.06931382928443622,0.0,-2.312481049382716,0.0,75.88966755437875,38.496308154517564,39.19645744746428,0.0,0.33526183416133426,-0.053822145248620945,-40.81972424924564,63.70001399999999,9.600294824688788,-40.808789203900325,63.700015896894804,0.0,1,1.2434497875801753e-14,0.0,0.33526183416133293,-0.05382215150600844,-40.81972424924558,-63.70001399999998,9.600294824688788,-40.80878920390025,-63.7000158968948,0.0,1,1.2434497875801753e-14,0.0,0.05367747285273117,0.21516530843205395,73.56749959902073,63.70001399999999,9.599999450257457,73.56822204990559,59.96391667604281,0.0,1,-4.085620730620576e-14,0.0,0.05367747285273117,0.21516530843205395,73.56749959902073,-63.70001399999998,9.599999450257457,73.56822204990559,-59.9639166760428,0.0,1,-4.085620730620576e-14
1.1583333333333334,1158333,lower_into_sit,-2.3498356116239267,0.0,75.80773464734695,0.997516607938489,0.0,-0.07043164691309596,0.0,-2.3498356116239267,0.0,75.80773464734695,38.50627676417337,38.93488826248069,0.0,0.34050051521869706,-0.054313462675357194,-40.844650876085645,63.70001399999999,9.600288575172087,-40.85611237579732,63.70001589562644,0.0,1,-2.1316282072803006e-14,0.0,0.3405005152186962,-0.054313468988313574,-40.84465087608558,-63.70001399999998,9.60028857517213,-40.85611237579727,-63.70001589562645,0.0,1,2.1316282072803006e-14,0.0,0.054400712844048904,0.2188640751010067,73.56737475375209,63.70001399999999,9.59999944005044,73.56822204990559,59.96391667604281,0.0,1,-1.7763568394002505e-15,0.0,0.054400712844048904,0.2188640751010067,73.56737475375209,-63.70001399999998,9.59999944005044,73.56822204990559,-59.9639166760428,0.0,1,-1.7763568394002505e-15
1.1666666666666667,1166667,lower_into_sit,-2.3873901336178434,0.0,75.7253631517507,0.9974366298593874,0.0,-0.07155535909173671,0.0,-2.3873901336178434,0.0,75.7253631517507,38.46872224217945,38.67210558049511,0.0,0.3457641552510009,-0.05479650291367211,-40.86963629013688,63.70001399999999,9.600285891383464,-40.85611237579732,63.70001589562644,0.0,1,-1.5987211554602254e-14,0.0,0.345764155251,-0.054796509281234584,-40.869636290136825,-63.70001399999998,9.600285891383493,-40.85611237579727,-63.70001589562645,0.0,1,1.4210854715202004e-14,0.0,0.05512327923020699,0.22259111767603956,73.56723992795567,63.70001399999999,9.599999427203883,73.56822204990559,59.96391667604281,0.0,1,-5.861977570020827e-14,0.0,0.05512327923020699,0.22259111767603956,73.56723992795567,-63.70001399999998,9.599999427203883,73.56822204990559,-59.9639166760428,0.0,1,-5.861977570020827e-14
1.175,1175000,lower_into_sit,-2.425140252700617,0.0,75.64256263658802,0.9973549594475062,0.0,-0.07268483243059208,0.0,-2.425140252700617,0.0,75.64256263658802,38.48847375331141,38.40814380894797,0.0,0.35105209090036604,-0.05527095969946361,-40.8946756471111,63.70001399999999,9.60027983111037,-40.91361400601205,63.700015894040135,0.0,1,0.0,0.0,0.35105209090036515,-0.05527096612063609,-40.89467564711106,-63.70001399999998,9.60027983111037,-40.913614006012004,-63.700015894040135,0.0,1,0.0,0.0,0.055845018230516796,0.22634621471751037,73.5670950481927,63.70001399999999,9.599999411288948,73.56822204990559,59.96391667604281,0.0,1,7.638334409421077e-14,0.0,0.055845018230516796,0.22634621471751037,73.5670950481927,-63.70001399999998,9.599999411288948,73.56822204990559,-59.9639166760428,0.0,1,7.638334409421077e-14
1.1833333333333333,1183333,lower_into_sit,-2.4630815681044553,0.0,75.55934275443352,0.9972715866713056,0.0,-0.07381993239022032,0.0,-2.4630815681044553,0.0,75.55934275443352,38.45053243790757,38.14303757688784,0.0,0.3563641656770389,-0.05573701719297608,-40.91976782563169,63.70001399999999,9.600296538522471,-40.91361400601205,63.700015894040135,0.0,1,3.552713678800501e-15,0.0,0.356364165677038,-0.05573702366678601,-40.91976782563163,-63.70001399999998,9.6002965385225,-40.913614006012004,-63.700015894040135,0.0,1,3.197442310920451e-14,0.0,0.05656577709719324,0.23012914118309968,73.5669400469737,63.70001399999999,9.599999391841052,73.56822204990559,59.96391667604281,0.0,1,3.019806626980426e-14,0.0,0.05656577709719324,0.23012914118309968,73.5669400469737,-63.70001399999998,9.599999391841052,73.56822204990559,-59.9639166760428,0.0,1,3.019806626980426e-14
1.1916666666666667,1191667,lower_into_sit,-2.501209641910214,0.0,75.47571323934893,0.9971865020871319,0.0,-0.07496052331214477,0.0,-2.501209641910214,0.0,75.47571323934893,38.41240436410181,37.8768217254512,0.0,0.3616984822988898,-0.05619316413402675,-40.944899574484715,63.70001399999999,9.600247533801806,-40.91361400601205,63.700015894040135,0.0,1,-5.329070518200751e-15,0.0,0.3616984822988889,-0.05619317065933149,-40.94489957448466,-63.70001399999998,9.60024753380182,-40.913614006012004,-63.700015894040135,0.0,1,8.881784197001252e-15,0.0,0.057285404178624155,0.2339396684422339,73.5667748628338,63.70001399999999,9.599999368360884,73.56822204990559,59.96391667604281,0.0,1,1.0658141036401503e-14,0.0,0.057285404178624155,0.2339396684422339,73.5667748628338,-63.70001399999998,9.599999368360884,73.56822204990559,-59.9639166760428,0.0,1,1.0658141036401503e-14
1.2,1200000,lower_into_sit,-2.53952,0.0,75.39168390479385,0.9970996968508908,0.0,-0.07610646844954509,0.0,-2.53952,0.0,75.39168390479385,38.37409400601202,37.60953129833875,0.0,0.3670544813860248,-0.056639209552601155,-40.97006675670938,63.70001399999999,9.600132529501934,-40.91361400601205,63.700015894040135,0.0,1,5.329070518200751e-15,0.0,0.3670544813860239,-0.05663921612823675,-40.97006675670935,-63.70001399999998,9.60013252950192,-40.913614006012004,-63.700015894040135,0.0,1,-8.881784197001252e-15,0.0,0.05800374898156102,0.23777756428929386,73.5665994404027,63.70001399999999,9.599999340313417,73.56822204990559,59.96391667604281,0.0,1,5.329070518200751e-15,0.0,0.05800374898156102,0.23777756428929386,73.5665994404027,-63.70001399999998,9.599999340313417,73.56822204990559,-59.9639166760428,0.0,1,5.329070518200751e-15
1.2083333333333333,1208333,lower_into_sit,-2.578008133009767,0.0,75.30726464153615,0.9970111627294314,0.0,-0.07725762999799696,0.0,-2.578008133009767,0.0,75.30726464153615,38.406958907691475,37.34120153229029,0.0,0.3724322741589461,-0.05707562591434323,-40.995269828508455,63.70001399999999,9.599995964469073,-40.98496704070127,67.46700273887998,0.0,1,-7.105427357601002e-15,0.0,0.37243227415894475,-0.05707563253920389,-40.99526982850839,-63.70001399999998,9.599995964469073,-40.984967040701214,-67.46700273887998,0.0,1,-7.105427357601002e-15,0.0,0.05872066223227046,0.24164259295550705,73.56641373046877,63.70001399999999,9.599999307128144,73.56822204990559,59.96391667604281,0.0,1,2.3092638912203256e-14,0.0,0.05872066223227046,0.24164259295550705,73.56641373046877,-63.70001399999998,9.599999307128144,73.56822204990559,-59.9639166760428,0.0,1,2.3092638912203256e-14
1.2166666666666666,1216667,lower_into_sit,-2.616669497281918,0.0,75.22246541556267,0.9969208921116308,0.0,-0.07841386912625888,0.0,-2.616669497281918,0.0,75.22246541556267,38.3894420645134,37.07186784756051,0.0,0.3778335860234985,-0.05750446380733676,-41.020520574381294,63.70001399999999,9.599989970806831,-41.00611156179536,65.87399660422699,0.0,1,-2.6645352591003757e-14,0.0,0.37783358602349715,-0.05750447048054719,-41.020520574381216,-63.70001399999998,9.599989970806888,-41.00611156179528,-65.87399660422699,0.0,1,3.197442310920451e-14,0.0,0.05943599593658355,0.24553451511957602,73.56621769003812,63.70001399999999,9.599999268199,73.56822204990559,59.96391667604281,0.0,1,1.2434497875801753e-14,0.0,0.05943599593658355,0.24553451511957602,73.56621769003812,-63.70001399999998,9.599999268199,73.56822204990559,-59.9639166760428,0.0,1,1.2434497875801753e-14
1.225,1225000,lower_into_sit,-2.655499515817901,0.0,75.13729626598976,0.996828878019175,0.0,-0.07957504600710409,0.0,-2.655499515817901,0.0,75.13729626598976,38.43557146647175,36.801565838397615,0.0,0.38325543152405706,-0.057923147357916704,-41.04579855747064,63.70001399999999,9.59995306243762,-41.09107098228969,63.700015888785835,0.0,1,-7.105427357601002e-15,0.0,0.3832554315240553,-0.057923154078310723,-41.04579855747056,-63.70001399999998,9.59995306243762,-41.09107098228961,-63.70001588878583,0.0,1,-8.881784197001252e-15,0.0,0.06014960343884024,0.2494530879169803,73.5660112823891,63.70001399999999,9.59999922288469,73.56822204990559,59.96391667604281,0.0,1,5.329070518200751e-15,0.0,0.06014960343884024,0.2494530879169803,73.5660112823891,-63.70001399999998,9.59999922288469,73.56822204990559,-59.9639166760428,0.0,1,5.329070518200751e-15
1.2333333333333334,1233333,lower_into_sit,-2.694493579230809,0.0,75.0517673029739,0.9967351141170222,0.0,-0.0807410198481959,0.0,-2.694493579230809,0.0,75.0517673029739,38.39657740305884,36.530331263527,0.0,0.38869954964584563,-0.05833375019291198,-41.07111564331591,63.70001399999999,9.600039071686211,-41.09107098228969,63.700015888785835,0.0,1,4.263256414560601e-14,0.0,0.38869954964584297,-0.05833375695955967,-41.07111564331582,-63.70001399999998,9.600039071686155,-41.09107098228961,-63.70001588878583,0.0,1,-1.4210854715202004e-14,0.0,0.06086133947972305,0.2533980649479801,73.56579447711978,63.70001399999999,9.599999170508823,73.56822204990559,59.96391667604281,0.0,1,8.881784197001252e-15,0.0,0.06086133947972305,0.2533980649479801,73.56579447711978,-63.70001399999998,9.599999170508823,73.56822204990559,-59.9639166760428,0.0,1,8.881784197001252e-15
1.2416666666666667,1241667,lower_into_sit,-2.733647046697976,0.0,74.96588870562225,0.9966395947235462,0.0,-0.0819116489230041,0.0,-2.733647046697976,0.0,74.96588870562225,38.357423935591676,36.258200036642315,0.0,0.3941625424432367,-0.058733303424562955,-41.0964484710028,63.70001399999999,9.600058305868231,-41.09107098228969,63.700015888785835,0.0,1,-7.105427357601002e-15,0.0,0.39416254244323534,-0.05873331023620354,-41.096448471002724,-63.70001399999998,9.60005830586826,-41.09107098228961,-63.70001588878583,0.0,1,2.1316282072803006e-14,0.0,0.06157106025294201,0.2573691962842908,73.5655672501911,63.70001399999999,9.599999110360287,73.56822204990559,59.96391667604281,0.0,1,1.4210854715202004e-14,0.0,0.06157106025294201,0.2573691962842908,73.5655672501911,-63.70001399999998,9.599999110360287,73.56822204990559,-59.9639166760428,0.0,1,1.4210854715202004e-14
1.25,1250000,lower_into_sit,-2.7729552469135803,0.0,74.87967071990323,0.9965423148203488,0.0,-0.08308679060176095,0.0,-2.7729552469135803,0.0,74.87967071990323,38.31811573537607,35.985208216905846,0.0,0.39964384790696217,-0.05912163755871447,-41.12179293541972,63.70001399999999,9.600010653902956,-41.09107098228969,63.700015888785835,0.0,1,-1.0658141036401503e-14,0.0,0.3996438479069604,-0.059121644414066754,-41.12179293541964,-63.70001399999998,9.600010653902956,-41.09107098228961,-63.70001588878583,0.0,1,-1.2434497875801753e-14,0.0,0.0622786241604083,0.2613662275973043,73.56532957905522,63.70001399999999,9.599999078443858,73.56121826172713,60.925319569110364,0.0,1,2.842170943040401e-14,0.0,0.0622786241604083,0.2613662275973043,73.56532957905522,-63.70001399999998,9.599999078443858,73.56121826172713,-60.92531956911037,0.0,1,2.842170943040401e-14
1.2583333333333333,1258333,lower_into_sit,-2.8124134790412407,0.0,74.79312365655716,0.9964432700617338,0.0,-0.08426630138245422,0.0,-2.8124134790412407,0.0,74.79312365655716,38.33721917317233,35.71139199946083,0.0,0.40514444916686054,-0.05950010641217274,-41.14715552699716,63.70001399999999,9.600000313903521,-41.14963265221361,66.4822615229347,0.0,1,1.9539925233402755e-14,0.0,0.4051444491668583,-0.05950011331011007,-41.14715552699707,-63.70001399999998,9.600000313903521,-41.149632652213526,-66.4822615229347,0.0,1,1.9539925233402755e-14,0.0,0.06298389251655179,0.26538889932681853,73.56508143809789,63.70001399999999,9.599999181506305,73.56121826172713,60.925319569110364,0.0,1,4.440892098500626e-14,0.0,0.06298389251655179,0.26538889932681853,73.56508143809789,-63.70001399999998,9.599999181506305,73.56121826172713,-60.92531956911037,0.0,1,4.440892098500626e-14
1.2666666666666666,1266667,lower_into_sit,-2.852017013666616,0.0,74.70625788900676,0.9963424567838377,0.0,-0.08545003692185506,0.0,-2.852017013666616,0.0,74.70625788900676,38.29761563854695,35.43678770595772,0.0,0.4106629865274316,-0.05986774657642169,-41.172527062149236,63.70001399999999,9.599973333769753,-41.14963265221361,66.4822615229347,0.0,1,-1.7763568394002505e-15,0.0,0.4106629865274303,-0.05986775351571039,-41.17252706214917,-63.70001399999998,9.599973333769768,-41.149632652213526,-66.4822615229347,0.0,1,1.2434497875801753e-14,0.0,0.06368672360289063,0.2694369542294046,73.5648228407875,63.70001399999999,9.599999282086571,73.56121826172713,60.925319569110364,0.0,1,1.7763568394002505e-14,0.0,0.06368672360289063,0.2694369542294046,73.5648228407875,-63.70001399999998,9.599999282086571,73.56121826172713,-60.92531956911037,0.0,1,1.7763568394002505e-14
1.275,1275000,lower_into_sit,-2.8917610937499996,0.0,74.61908385126785,0.996239872013407,0.0,-0.08663785206657859,0.0,-2.8917610937499996,0.0,74.61908385126785,38.30951858868267,35.16143177509686,0.0,0.4161999304315551,-0.06022541816236959,-41.197910495499194,63.70001399999999,9.600000127204979,-41.20127968243272,67.09890351956915,0.0,1,-1.7763568394002505e-14,0.0,0.41619993043155334,-0.06022542514187501,-41.197910495499116,-63.70001399999998,9.600000127204979,-41.20127968243263,-67.09890351956915,0.0,1,-1.7763568394002505e-14,0.0,0.06438697996914611,0.2735101282992276,73.56455378884559,63.70001399999999,9.599999379339152,73.56121826172713,60.925319569110364,0.0,1,3.730349362740526e-14,0.0,0.06438697996914522,0.27351012829922894,73.56455378884557,-63.70001399999998,9.599999379339081,73.56121826172713,-60.92531956911037,0.0,1,-3.375077994860476e-14
1.2833333333333334,1283333,lower_into_sit,-2.9316409355789266,0.0,74.53161203585977,0.996135513476217,0.0,-0.08782960088417507,0.0,-2.9316409355789266,0.0,74.53161203585977,38.28543969030473,34.88536075318972,0.0,0.4217535163042392,-0.06057176636562911,-41.22329390262257,63.70001399999999,9.599999144325594,-41.21708062588368,67.1158484043081,0.0,1,-2.6645352591003757e-14,0.0,0.42175351630423785,-0.06057177338406339,-41.22329390262251,-63.70001399999998,9.599999144325608,-41.217080625883625,-67.1158484043081,0.0,1,-1.4210854715202004e-14,0.0,0.06508452588386193,0.2776081540150592,73.56427429048563,63.70001399999999,9.599999472382322,73.56121826172713,60.925319569110364,0.0,1,3.552713678800501e-15,0.0,0.06508452588386193,0.2776081540150592,73.56427429048563,-63.70001399999998,9.599999472382322,73.56121826172713,-60.92531956911037,0.0,1,3.552713678800501e-15
1.2916666666666667,1291667,lower_into_sit,-2.9716517297207625,0.0,74.44385299171616,0.996029379605125,0.0,-0.08902513669424857,0.0,-2.9716517297207625,0.0,74.44385299171616,38.27898519268342,34.608611284741436,0.0,0.42732367687510076,-0.06090712831188627,-41.24867661430593,63.70001399999999,9.600004418461197,-41.250636922404205,67.25214372180568,0.0,1,5.329070518200751e-15,0.0,0.42732367687509987,-0.06090713536800285,-41.24867661430588,-63.70001399999998,9.60000441846124,-41.250636922404155,-67.25214372180568,0.0,1,4.796163466380676e-14,0.0,0.06577922738396191,0.2817307603387582,73.56398436042251,63.70001399999999,9.599999560299509,73.56121826172713,60.925319569110364,0.0,1,1.0658141036401503e-14,0.0,0.06577922738396191,0.2817307603387582,73.56398436042251,-63.70001399999998,9.599999560299509,73.56121826172713,-60.92531956911037,0.0,1,1.0658141036401503e-14
1.3,1300000,lower_into_sit,-3.0117886419753086,0.0,74.35581732209539,0.9959214695477518,0.0,-0.0902243120996015,0.0,-3.0117886419753086,0.0,74.35581732209539,38.27486881540462,34.331220103056395,0.0,0.43290952075535083,-0.061231024285029356,-41.27405253087818,63.70001399999999,9.59999369375069,-41.28665745737996,67.43400559803979,0.0,1,1.5987211554602254e-14,0.0,0.43290952075534994,-0.061231031377527945,-41.27405253087813,-63.70001399999998,9.59999369375069,-41.2866574573799,-67.43400559803979,0.0,1,1.5987211554602254e-14,0.0,0.06647095232309308,0.2858776727123735,73.56368401987496,63.70001399999999,9.599999642140062,73.56121826172713,60.925319569110364,0.0,1,0.0,0.0,0.06647095232309308,0.2858776727123735,73.56368401987496,-63.70001399999998,9.599999642140062,73.56121826172713,-60.92531956911037,0.0,1,0.0
1.3083333333333333,1308333,lower_into_sit,-3.052046814327402,0.0,74.26751568249124,0.995811783173784,0.0,-0.09142697901740193,0.0,-3.052046814327402,0.0,74.26751568249124,38.2423800456288,34.05322402086992,0.0,0.4385110026952046,-0.061543814523416174,-41.29942128493365,63.70001399999999,9.600002537097225,-41.294426859956246,67.45516572350957,0.0,1,-2.3092638912203256e-14,0.0,0.43851100269520327,-0.061543821651038666,-41.29942128493357,-63.70001399999998,9.600002537097254,-41.29442685995617,-67.45516572350957,0.0,1,5.329070518200751e-15,0.0,0.067159570418724,0.29004861305383134,73.56337329656257,63.70001399999999,9.599999716920749,73.56121826172713,60.925319569110364,0.0,1,5.5067062021407764e-14,0.0,0.06715957041872356,0.2900486130538331,73.56337329656253,-63.70001399999998,9.599999716920678,73.56121826172713,-60.92531956911037,0.0,1,-1.5987211554602254e-14
1.3166666666666667,1316667,lower_into_sit,-3.0924213658995074,0.0,74.1789587785434,0.9957003210818928,0.0,-0.09263298871037094,0.0,-3.0924213658995074,0.0,74.1789587785434,38.22502410453401,33.77465992100796,0.0,0.44412711227690327,-0.061844914410741136,-41.32477589408268,63.70001399999999,9.600000749284547,-41.31744547043353,65.4947660950395,0.0,1,-2.1316282072803006e-14,0.0,0.4441271122769028,-0.06184492157216326,-41.324775894082656,-63.70001399999998,9.600000749284561,-41.31744547043349,-65.4947660950395,0.0,1,-8.881784197001252e-15,0.0,0.06784495329798901,0.29424329975120944,73.56305222469732,63.70001399999999,9.599999783626672,73.56121826172713,60.925319569110364,0.0,1,-1.2434497875801753e-14,0.0,0.06784495329798901,0.29424329975120944,73.56305222469732,-63.70001399999998,9.599999783626672,73.56121826172713,-60.92531956911037,0.0,1,-1.2434497875801753e-14
1.325,1325000,lower_into_sit,-3.1329073939043206,0.0,74.09015736394817,0.9955870846062618,0.0,-0.09384219181798804,0.0,-3.1329073939043206,0.0,74.09015736394817,38.243704078133725,33.495564747077495,0.0,0.44975691819561403,-0.062133818185513334,-41.35010998429451,63.70001399999999,9.599963218624694,-41.37661147203808,66.24574647018272,0.0,1,1.0658141036401503e-14,0.0,0.44975691819561225,-0.062133825379358854,-41.35010998429444,-63.70001399999998,9.599963218624723,-41.376611472038014,-66.24574647018272,0.0,1,3.907985046680551e-14,0.0,0.0685269745422854,0.29846144765557314,73.56272084496923,63.70001399999999,9.59999984121329,73.56121826172713,60.925319569110364,0.0,1,-4.973799150320701e-14,0.0,0.0685269745422854,0.29846144765557314,73.56272084496923,-63.70001399999998,9.59999984121329,73.56121826172713,-60.92531956911037,0.0,1,-4.973799150320701e-14
1.3333333333333333,1333333,lower_into_sit,-3.1734999745973678,0.0,74.00112223836891,0.9954720758227208,0.0,-0.09505443838771135,0.0,-3.1734999745973678,0.0,74.00112223836891,38.20311149744067,33.215975494189856,0.0,0.45540145367634643,-0.06241195530332,-41.37543068192726,63.70001399999999,9.59999972570489,-41.37661147203808,66.24574647018272,0.0,1,-8.881784197001252e-15,0.0,0.4554014536763451,-0.062411962528370335,-41.37543068192718,-63.70001399999998,9.599999725704919,-41.376611472038014,-66.24574647018272,0.0,1,1.9539925233402755e-14,0.0,0.06920550973059747,0.3027027680723968,73.56237920452573,63.70001399999999,9.599999888607513,73.56121826172713,60.925319569110364,0.0,1,-7.105427357601002e-15,0.0,0.06920550973059747,0.3027027680723968,73.56237920452573,-63.70001399999998,9.599999888607513,73.56121826172713,-60.92531956911037,0.0,1,-7.105427357601002e-15
1.3416666666666666,1341667,lower_into_sit,-3.2141941642296015,0.0,73.91186424534672,0.9953552975544764,0.0,-0.09626957790620985,0.0,-3.2141941642296015,0.0,73.91186424534672,38.16241730780844,32.935929199719524,0.0,0.461058102185008,-0.06267717166705822,-41.40072005292032,63.70001399999999,9.59996952620827,-41.37661147203808,66.24574647018272,0.0,1,8.881784197001252e-15,0.0,0.4610581021850062,-0.06267717892185676,-41.40072005292025,-63.70001399999998,9.59996952620827,-41.376611472038014,-66.24574647018272,0.0,1,8.881784197001252e-15,0.0,0.06988043648154552,0.3069669687515457,73.56202735694582,63.70001399999999,9.599999924709266,73.56121826172713,60.925319569110364,0.0,1,2.3092638912203256e-14,0.0,0.06988043648154552,0.3069669687515457,73.56202735694582,-63.70001399999998,9.599999924709266,73.56121826172713,-60.92531956911037,0.0,1,2.3092638912203256e-14
1.35,1350000,lower_into_sit,-3.2549850000000005,0.0,73.82239427021103,0.9952367533774381,0.0,-0.09748745933060517,0.0,-3.2549850000000005,0.0,73.82239427021103,38.256474179494994,32.65546293410088,0.0,0.46672699088978264,-0.062930021117797,-41.425978885588016,63.70001399999999,9.599920426176581,-41.511459179495034,62.450015874526294,0.0,1,2.842170943040401e-14,0.0,0.46672699088978,-0.06293002840094886,-41.42597888558791,-63.70001399999998,9.599920426176567,-41.51145917949495,-62.45001587452629,0.0,1,1.4210854715202004e-14,0.0,0.07055163449416302,0.31125375387579224,73.5616653622084,63.70001399999999,9.599999948393446,73.56121826172713,60.925319569110364,0.0,1,2.3092638912203256e-14,0.0,0.07055163449416302,0.31125375387579224,73.5616653622084,-63.70001399999998,9.599999948393446,73.56121826172713,-60.92531956911037,0.0,1,2.3092638912203256e-14
1.3583333333333334,1358333,lower_into_sit,-3.2958675010081673,0.0,73.73272323799011,0.9951164476251333,0.0,-0.09870793111971975,0.0,-3.2958675010081673,0.0,73.73272323799011,38.215591678486824,32.37461379166506,0.0,0.47241131599117026,-0.06317405590401881,-41.45122949171842,63.70001399999999,9.600112054256357,-41.511459179495034,62.450015874526294,0.0,1,-1.9539925233402755e-14,0.0,0.47241131599116803,-0.06317406321452967,-41.45122949171833,-63.70001399999998,9.600112054256371,-41.51145917949495,-62.45001587452629,0.0,1,-5.329070518200751e-15,0.0,0.07121898558738149,0.31556282404790004,73.56129328665469,63.70001399999999,9.599999958511646,73.56121826172713,60.925319569110364,0.0,1,-1.0658141036401503e-14,0.0,0.07121898558738149,0.31556282404790004,73.56129328665469,-63.70001399999998,9.599999958511646,73.56121826172713,-60.92531956911037,0.0,1,-1.0658141036401503e-14
1.3666666666666667,1366667,lower_into_sit,-3.3368366692069302,0.0,73.64286211132173,0.994994385393206,0.0,-0.09993084126532885,0.0,-3.3368366692069302,0.0,73.64286211132173,38.17462251028806,32.09341888151976,0.0,0.4781060598752638,-0.06340476553842533,-41.47643762958576,63.70001399999999,9.600237109603626,-41.511459179495034,62.450015874526294,0.0,1,2.1316282072803006e-14,0.0,0.47810605987526156,-0.06340477287479462,-41.476437629585675,-63.70001399999998,9.600237109603626,-41.51145917949495,-62.45001587452629,0.0,1,1.9539925233402755e-14,0.0,0.07188237373822304,0.31989387627624044,73.56091120294492,63.70001399999999,9.599999953894113,73.56121826172713,60.925319569110364,0.0,1,-2.4868995751603507e-14,0.0,0.07188237373822304,0.31989387627624044,73.56091120294492,-63.70001399999998,9.599999953894113,73.56121826172713,-60.92531956911037,0.0,1,-2.4868995751603507e-14
1.375,1375000,lower_into_sit,-3.3778874903549383,0.0,73.55282188836368,0.9948705725434964,0.0,-0.10115603732341287,0.0,-3.3778874903549383,0.0,73.55282188836368,38.133571689140055,31.811915318473922,0.0,0.48381066194594613,-0.0636220387315718,-41.501599417975804,63.70001399999999,9.600295925369757,-41.511459179495034,62.450015874526294,0.0,1,7.105427357601002e-15,0.0,0.48381066194594435,-0.06362204609228828,-41.501599417975726,-63.70001399999998,9.600295925369771,-41.51145917949495,-62.45001587452629,0.0,1,2.1316282072803006e-14,0.0,0.07254168511870196,0.324246603958954,73.5605191900098,63.70001399999999,9.59999993335164,73.56121826172713,60.925319569110364,0.0,1,1.0658141036401503e-14,0.0,0.07254168511870196,0.324246603958954,73.5605191900098,-63.70001399999998,9.59999993335164,73.56121826172713,-60.92531956911037,0.0,1,1.0658141036401503e-14
1.3833333333333333,1383333,lower_into_sit,-3.419014934969262,0.0,73.46261360070442,0.9947450157076965,0.0,-0.10238336644540764,0.0,-3.419014934969262,0.0,73.46261360070442,38.09244424452573,31.530140214010267,0.0,0.48952456197439176,-0.06382576837104503,-41.52671099978605,63.70001399999999,9.600288873338464,-41.511459179495034,62.450015874526294,0.0,1,1.4210854715202004e-14,0.0,0.48952456197439,-0.06382577575458681,-41.526710999785976,-63.70001399999998,9.600288873338478,-41.51145917949495,-62.45001587452629,0.0,1,2.842170943040401e-14,0.0,0.0731968081314176,0.3286206968666452,73.56011733299565,63.70001399999999,9.599999895677556,73.56121826172713,60.925319569110364,0.0,1,3.197442310920451e-14,0.0,0.07319680813141716,0.3286206968666465,73.56011733299565,-63.70001399999998,9.599999895677506,73.56121826172713,-60.92531956911037,0.0,1,-1.7763568394002505e-14
1.3916666666666666,1391667,lower_into_sit,-3.460213959277993,0.0,73.3722483112736,0.9946177222905773,0.0,-0.10361267540944939,0.0,-3.460213959277993,0.0,73.3722483112736,38.127080745388135,31.248130667307557,0.0,0.49524748586346146,-0.06401613238224613,-41.5517705051829,63.70001399999999,9.600236284205451,-41.58729470466617,62.4500158716601,0.0,1,7.105427357601002e-15,0.0,0.49524748586345924,-0.06401613978711085,-41.5517705051828,-63.70001399999998,9.600236284205451,-41.587294704666085,-62.4500158716601,0.0,1,5.329070518200751e-15,0.0,0.07384763344384782,0.3330158411236033,73.55970572320483,63.70001399999999,9.599999839650017,73.56121826172713,60.925319569110364,0.0,1,3.197442310920451e-14,0.0,0.07384763344384782,0.3330158411236033,73.55970572320483,-63.70001399999998,9.599999839650017,73.56121826172713,-60.92531956911037,0.0,1,3.197442310920451e-14
1.4,1400000,lower_into_sit,-3.501479506172839,0.0,73.28173711225273,0.9944887004727853,0.0,-0.1048438106516111,0.0,-3.501479506172839,0.0,73.28173711225273,38.085815198493286,30.965923756315377,0.0,0.5009811366515691,-0.06419524330505011,-41.576789888999166,63.70001399999999,9.600296262625001,-41.58729470466617,62.4500158716601,0.0,1,3.552713678800501e-15,0.0,0.5009811366515673,-0.06419525072997434,-41.576789888999095,-63.70001399999998,9.600296262624987,-41.587294704666085,-62.4500158716601,0.0,1,-1.0658141036401503e-14,0.0,0.07449405402133236,0.33743171918756465,73.55928445802984,63.70001399999999,9.599999764034166,73.56121826172713,60.925319569110364,0.0,1,1.2434497875801753e-14,0.0,0.07449405402133236,0.33743171918756465,73.55928445802984,-63.70001399999998,9.599999764034166,73.56121826172713,-60.92531956911037,0.0,1,1.2434497875801753e-14
1.4083333333333334,1408333,lower_into_sit,-3.5428065061617264,0.0,73.19109112298565,0.9943579592132028,0.0,-0.10607661829712776,0.0,-3.5428065061617264,0.0,73.19109112298565,38.0444881985044,30.68355652888348,0.0,0.5067223996011325,-0.06436048649125281,-41.60174796884732,63.70001399999999,9.600291130193831,-41.58729470466617,62.4500158716601,0.0,1,8.881784197001252e-15,0.0,0.5067223996011303,-0.06436049393468046,-41.601747968847235,-63.70001399999998,9.600291130193831,-41.587294704666085,-62.4500158716601,0.0,1,7.105427357601002e-15,0.0,0.07513596515874532,0.3418680098279885,73.55885364088266,63.70001399999999,9.59999966758442,73.56121826172713,60.925319569110364,0.0,1,8.881784197001252e-15,0.0,0.07513596515874532,0.3418680098279885,73.55885364088266,-63.70001399999998,9.59999966758442,73.56121826172713,-60.92531956911037,0.0,1,8.881784197001252e-15
1.4166666666666667,1416667,lower_into_sit,-3.5841898783213955,0.0,73.10032148788925,0.9942255082508725,0.0,-0.10731094419160699,0.0,-3.5841898783213955,0.0,73.10032148788925,38.00310482634473,30.4010659939485,0.0,0.5124707159465349,-0.0645117714475325,-41.626640987190456,63.70001399999999,9.600221380331554,-41.58729470466617,62.4500158716601,0.0,1,-7.105427357601002e-15,0.0,0.5124707159465327,-0.06451177890789772,-41.62664098719035,-63.70001399999998,9.600221380331575,-41.587294704666085,-62.4500158716601,0.0,1,1.5987211554602254e-14,0.0,0.07577326451085131,0.3463243881028846,73.55841338111803,63.70001399999999,9.5999995490467,73.56121826172713,60.925319569110364,0.0,1,-2.4868995751603507e-14,0.0,0.07577326451085131,0.3463243881028846,73.55841338111803,-63.70001399999998,9.5999995490467,73.56121826172713,-60.92531956911037,0.0,1,-2.4868995751603507e-14
1.425,1425000,lower_into_sit,-3.62562453125,0.0,73.00943937436392,0.9940913581064792,0.0,-0.108546633932222,0.0,-3.62562453125,0.0,73.00943937436392,38.061874772594756,30.118489112779848,0.0,0.5182276322969512,-0.06465107968521844,-41.65147966757724,63.70001399999999,9.6002353659469,-41.6874993038448,62.45001586773867,0.0,1,2.6645352591003757e-14,0.0,0.518227632296949,-0.06465108716117829,-41.65147966757716,-63.70001399999998,9.6002353659469,-41.6874993038447,-62.45001586773867,0.0,1,2.6645352591003757e-14,0.0,0.0764058521213502,0.35080052533414374,73.55796379395228,63.70001399999999,9.599999407161029,73.56121826172713,60.925319569110364,0.0,1,3.552713678800501e-15,0.0,0.0764058521213502,0.35080052533414374,73.55796379395228,-63.70001399999998,9.599999407161029,73.56121826172713,-60.92531956911037,0.0,1,3.552713678800501e-15
1.4333333333333333,1433333,lower_into_sit,-3.667105364019713,0.0,72.91845597070424,0.9939555200833886,0.0,-0.10978353289888416,0.0,-3.667105364019713,0.0,72.91845597070424,38.02039393982504,29.83586279028745,0.0,0.523992065318466,-0.0647777839819792,-41.676257217171006,63.70001399999999,9.600296355387236,-41.6874993038448,62.45001586773867,0.0,1,1.4210854715202004e-14,0.0,0.5239920653184638,-0.06477779147212015,-41.676257217170935,-63.70001399999998,9.600296355387236,-41.6874993038447,-62.45001586773867,0.0,1,1.4210854715202004e-14,0.0,0.07703363045060252,0.3552960890814263,73.55750500037591,63.70001399999999,9.59999924066365,73.56121826172713,60.925319569110364,0.0,1,-1.7763568394002505e-15,0.0,0.07703363045060252,0.3552960890814263,73.55750500037591,-63.70001399999998,9.59999924066365,73.56121826172713,-60.92531956911037,0.0,1,-1.7763568394002505e-15
1.4416666666666667,1441667,lower_into_sit,-3.7086272671293123,0.0,72.8273824840095,0.9938180062682416,0.0,-0.11102148628539116,0.0,-3.7086272671293123,0.0,72.8273824840095,37.978872036715444,29.553223866393665,0.0,0.5297618669961865,-0.06489024579389113,-41.70095900447603,63.70001399999999,9.600293502400483,-41.6874993038448,62.45001586773867,0.0,1,1.7763568394002505e-15,0.0,0.5297618669961843,-0.06489025329661846,-41.70095900447595,-63.70001399999998,9.600293502400476,-41.6874993038447,-62.45001586773867,0.0,1,-5.329070518200751e-15,0.0,0.07765650440203542,0.35981074311456407,73.55703712706209,63.70001399999999,9.599999048289824,73.56121826172713,60.925319569110364,0.0,1,3.552713678800501e-15,0.0,0.07765650440203542,0.35981074311456407,73.55703712706209,-63.70001399999998,9.599999048289824,73.56121826172713,-60.92531956911037,0.0,1,3.552713678800501e-15
1.45,1450000,lower_into_sit,-3.75018512345679,0.0,72.73623013809434,0.9936788295310987,0.0,-0.11226033913054875,0.0,-3.75018512345679,0.0,72.73623013809434,37.937314180387965,29.2706091074714,0.0,0.5355364800813587,-0.06498839153166802,-41.7255813832416,63.70001399999999,9.60022740621298,-41.6874993038448,62.45001586773867,0.0,1,0.0,0.0,0.5355364800813565,-0.06498839904537723,-41.72558138324151,-63.70001399999998,9.600227406212959,-41.6874993038447,-62.45001586773867,0.0,1,-2.1316282072803006e-14,0.0,0.0782743813472373,0.36434414738451837,73.55656030626898,63.70001399999999,9.599998828776123,73.56121826172713,60.925319569110364,0.0,1,-3.019806626980426e-14,0.0,0.0782743813472373,0.36434414738451837,73.55656030626898,-63.70001399999998,9.599998828776123,73.56121826172713,-60.92531956911037,0.0,1,-3.019806626980426e-14
1.4583333333333333,1458333,lower_into_sit,-3.7917738092119464,0.0,72.64501017139928,0.9935380035251361,0.0,-0.11349993634926207,0.0,-3.7917738092119464,0.0,72.64501017139928,37.895725494632806,28.988055197850805,0.0,0.5413153477316528,-0.06507215196906113,-41.75012073961852,63.70001399999999,9.600098700094485,-41.6874993038448,62.45001586773867,0.0,1,1.0658141036401503e-14,0.0,0.5413153477316501,-0.06507215949214373,-41.75012073961841,-63.70001399999998,9.600098700094492,-41.6874993038447,-62.45001586773867,0.0,1,1.7763568394002505e-14,0.0,0.07888717162303172,0.3688959573321755,73.55607467233818,63.70001399999999,9.599998605367304,73.56001091003422,59.96905316591212,0.0,1,3.019806626980426e-14,0.0,0.07888717162303172,0.3688959573321755,73.55607467233818,-63.70001399999998,9.599998605367304,73.56001091003422,-59.96905316591213,0.0,1,3.019806626980426e-14
1.4666666666666666,1466667,lower_into_sit,-3.8333881948889905,0.0,72.55373383490131,0.9933955426858908,0.0,-0.11474012276359384,0.0,-3.8333881948889905,0.0,72.55373383490131,37.94622444446444,28.705598731396734,0.0,0.547099194179907,-0.0651427190766074,-41.77458228000242,63.70001399999999,9.599998764795771,-41.77961263935347,67.45157988983439,0.0,1,1.2434497875801753e-14,0.0,0.5470991941799048,-0.06514272660758502,-41.774582280002335,-63.70001399999998,9.599998764795771,-41.77961263935338,-67.45157988983439,0.0,1,1.4210854715202004e-14,0.0,0.07949478786252184,0.3734658248107201,73.55558036654025,63.70001399999999,9.599998389963645,73.56001091003422,59.96905316591212,0.0,1,-3.019806626980426e-14,0.0,0.07949478786252184,0.3734658248107201,73.55558036654025,-63.70001399999998,9.599998389963645,73.56001091003422,-59.96905316591213,0.0,1,-3.019806626980426e-14
1.475,1475000,lower_into_sit,-3.8750231462191356,0.0,72.46241239002454,0.9932514622300511,0.0,-0.11598074313378608,0.0,-3.8750231462191356,0.0,72.46241239002454,37.91787495974208,28.42327620315924,0.0,0.5528884931889992,-0.0652010206148419,-41.79896989503152,63.70001399999999,9.600000962060705,-41.79289810596127,67.43755324743918,0.0,1,-4.796163466380676e-14,0.0,0.552888493188997,-0.0652010281523423,-41.798969895031426,-63.70001399999998,9.60000096206074,-41.792898105961164,-67.43755324743918,0.0,1,-1.2434497875801753e-14,0.0,0.08009714538154489,0.3780533975441571,73.55507753434597,63.70001399999999,9.599998202053584,73.54710006713883,59.980312244891614,0.0,1,-5.329070518200751e-15,0.0,0.08009714538154489,0.3780533975441571,73.55507753434597,-63.70001399999998,9.599998202053584,73.54710006713883,-59.98031224489162,0.0,1,-5.329070518200751e-15
1.4833333333333334,1483333,lower_into_sit,-3.9166735251232034,0.0,72.37105710655072,0.9931057781537963,0.0,-0.11722164218924247,0.0,-3.9166735251232034,0.0,72.37105710655072,37.89493411608463,28.141124001098937,0.0,0.5586810381898504,-0.06524537288844323,-41.823268848966784,63.70001399999999,9.599989226809122,-41.81160764120787,67.39936049763583,0.0,1,5.329070518200751e-15,0.0,0.5586810381898482,-0.06524538043090455,-41.823268848966705,-63.70001399999998,9.599989226809114,-41.81160764120778,-67.39936049763583,0.0,1,-1.7763568394002505e-15,0.0,0.08069417273927249,0.3826583041655014,73.55456624934665,63.70001399999999,9.599998613309218,73.54710006713883,59.980312244891614,0.0,1,2.6645352591003757e-14,0.0,0.08069417273927249,0.3826583041655014,73.55456624934665,-63.70001399999998,9.599998613309218,73.54710006713883,-59.98031224489162,0.0,1,2.6645352591003757e-14
1.4916666666666667,1491667,lower_into_sit,-3.9583341906642158,0.0,72.27967926052983,0.992958507230679,0.0,-0.11846266465946789,0.0,-3.9583341906642158,0.0,72.27967926052983,37.91856707996352,27.859178397889664,0.0,0.5644761820114224,-0.06527562794965958,-41.84747512116555,63.70001399999999,9.59995775873368,-41.876901270627805,61.49525244739142,0.0,1,3.552713678800501e-15,0.0,0.5644761820114197,-0.06527563549550619,-41.84747512116547,-63.70001399999998,9.59995775873363,-41.876901270627684,-61.49525244739142,0.0,1,-4.440892098500626e-14,0.0,0.08128577801061887,0.3872802018216168,73.55404675613597,63.70001399999999,9.599999003277397,73.54710006713883,59.980312244891614,0.0,1,-8.881784197001252e-15,0.0,0.08128577801061887,0.3872802018216168,73.55404675613597,-63.70001399999998,9.599999003277397,73.54710006713883,-59.98031224489162,0.0,1,-8.881784197001252e-15
1.5,1500000,lower_into_sit,-4.0,0.0,72.1882901321907,0.992809667009055,0.0,-0.11970365530496252,0.0,-4.0,0.0,72.1882901321907,37.87690127062774,27.5774755428003,0.0,0.570274692355,-0.06529302438215057,-41.871594502409,63.70001399999999,9.600001390934992,-41.876901270627805,61.49525244739142,0.0,1,-1.9539925233402755e-14,0.0,0.5702746923549973,-0.06529303192994362,-41.87159450240889,-63.70001399999998,9.600001390935006,-41.876901270627684,-61.49525244739142,0.0,1,-5.329070518200751e-15,0.0,0.08187188382526944,0.39191872685681606,73.55351921819587,63.70001399999999,9.599999370516358,73.54710006713883,59.980312244891614,0.0,1,-2.1316282072803006e-14,0.0,0.08187188382526944,0.39191872685681606,73.55351921819587,-63.70001399999998,9.599999370516358,73.54710006713883,-59.98031224489162,0.0,1,-2.1316282072803006e-14
1.5083333333333333,1508333,lower_into_sit,-4.041665809335784,0.0,72.09690100385158,0.9926592758090559,0.0,-0.12094445894806691,0.0,-4.041665809335784,0.0,72.09690100385158,37.83523546129196,27.29605145365774,0.0,0.5760741001952954,-0.0652956359808563,-41.89561054137292,63.70001399999999,9.599984626598697,-41.876901270627805,61.49525244739142,0.0,1,3.552713678800501e-15,0.0,0.5760741001952927,-0.06529564352894157,-41.895610541372804,-63.70001399999998,9.599984626598719,-41.876901270627684,-61.49525244739142,0.0,1,2.4868995751603507e-14,0.0,0.08245241541965997,0.39657351155316123,73.55298380378242,63.70001399999999,9.599999713596787,73.54710006713883,59.980312244891614,0.0,1,5.329070518200751e-15,0.0,0.08245241541965997,0.39657351155316123,73.55298380378242,-63.70001399999998,9.599999713596787,73.54710006713883,-59.98031224489162,0.0,1,5.329070518200751e-15
1.5166666666666666,1516667,lower_into_sit,-4.083326474876797,0.0,72.00552315783071,0.9925073527191076,0.0,-0.12218492050375526,0.0,-4.083326474876797,0.0,72.00552315783071,37.90977681240799,27.014942008892966,0.0,0.5818754216511732,-0.06528496287732777,-41.91953061419805,63.70001399999999,9.600020556626717,-41.99310328728485,62.450015854839656,0.0,1,2.1316282072803006e-14,0.0,0.5818754216511701,-0.06528497042421888,-41.91953061419794,-63.70001399999998,9.600020556626703,-41.993103287284725,-62.45001585483965,0.0,1,7.105427357601002e-15,0.0,0.08302730065154984,0.40124418409006957,73.5524406857918,63.70001399999999,9.600000031104543,73.54710006713883,59.980312244891614,0.0,1,-1.9539925233402755e-14,0.0,0.08302730065154984,0.40124418409006957,73.5524406857918,-63.70001399999998,9.600000031104543,73.54710006713883,-59.98031224489162,0.0,1,-1.9539925233402755e-14
1.525,1525000,lower_into_sit,-4.124976853780864,0.0,71.91416787435688,0.992353917591993,0.0,-0.12342488501037394,0.0,-4.124976853780864,0.0,71.91416787435688,37.868126433503924,26.734182939672273,0.0,0.5876789985182289,-0.06526182056426322,-41.94335795277582,63.70001399999999,9.600173593616681,-41.99310328728485,62.450015854839656,0.0,1,8.881784197001252e-15,0.0,0.5876789985182258,-0.06526182810856573,-41.943357952775706,-63.70001399999998,9.600173593616667,-41.993103287284725,-62.45001585483965,0.0,1,-5.329070518200751e-15,0.0,0.08359647001328385,0.40593036850255704,73.55189004162266,63.70001399999999,9.600000321643712,73.54710006713883,59.980312244891614,0.0,1,-1.2434497875801753e-14,0.0,0.08359647001328385,0.40593036850255704,73.55189004162266,-63.70001399999998,9.600000321643712,73.54710006713883,-59.98031224489162,0.0,1,-1.2434497875801753e-14
1.5333333333333334,1533333,lower_into_sit,-4.1666118051110095,0.0,71.82284642948011,0.9921989910404607,0.0,-0.12466419766032195,0.0,-4.1666118051110095,0.0,71.82284642948011,37.82649148217378,26.453809822115282,0.0,0.5934817946445734,-0.0652237435191263,-41.96707229065428,63.70001399999999,9.600267184463924,-41.99310328728485,62.450015854839656,0.0,1,1.0658141036401503e-14,0.0,0.5934817946445698,-0.06522375105916911,-41.967072290654144,-63.70001399999998,9.60026718446391,-41.993103287284725,-62.45001585483965,0.0,1,-5.329070518200751e-15,0.0,0.0841598566437427,0.4106316846381515,73.55133205303461,63.70001399999999,9.60000058383907,73.54710006713883,59.980312244891614,0.0,1,-5.329070518200751e-15,0.0,0.08415985664374315,0.4106316846381515,73.55133205303459,-63.70001399999998,9.600000583839062,73.54710006713883,-59.98031224489162,0.0,1,-1.2434497875801753e-14
1.5416666666666667,1541667,lower_into_sit,-4.208226190788054,0.0,71.73157009298214,0.9920425944323794,0.0,-0.12590270383067084,0.0,-4.208226190788054,0.0,71.73157009298214,37.784877096496736,26.173858069601557,0.0,0.5992832564616895,-0.06517070685231818,-41.99067035383565,63.70001399999999,9.600302167469273,-41.99310328728485,62.450015854839656,0.0,1,7.105427357601002e-15,0.0,0.5992832564616859,-0.06517071438642752,-41.99067035383552,-63.70001399999998,9.600302167469252,-41.993103287284725,-62.45001585483965,0.0,1,-1.4210854715202004e-14,0.0,0.08471739633900155,0.4153477481125023,73.55076690600288,63.70001399999999,9.600000816338898,73.54710006713883,59.980312244891614,0.0,1,-2.1316282072803006e-14,0.0,0.084717396339002,0.4153477481125023,73.55076690600288,-63.70001399999998,9.600000816338905,73.54710006713883,-59.98031224489162,0.0,1,-1.4210854715202004e-14
1.55,1550000,lower_into_sit,-4.24981487654321,0.0,71.64035012628707,0.9918847498854396,0.0,-0.12714024911372054,0.0,-4.24981487654321,0.0,71.64035012628707,37.75775480408566,25.89436292516777,0.0,0.6050830440077113,-0.06510289901589816,-42.01415036920798,63.70001399999999,9.600294749506894,-42.00756968062894,62.45001585419338,0.0,1,0.0,0.0,0.6050830440077086,-0.06510290654242112,-42.01415036920789,-63.70001399999998,9.600294749506908,-42.0075696806288,-62.45001585419338,0.0,1,1.5987211554602254e-14,0.0,0.08526902756168431,0.42007817026368777,73.55019479056939,63.70001399999999,9.600001017817753,73.54710006713883,59.980312244891614,0.0,1,-8.881784197001252e-15,0.0,0.08526902756168431,0.42007817026368777,73.55019479056939,-63.70001399999998,9.600001017817753,73.54710006713883,-59.98031224489162,0.0,1,-8.881784197001252e-15
1.5583333333333333,1558333,lower_into_sit,-4.291372732870688,0.0,71.54919778037191,0.9917254802614038,0.0,-0.1283766793474888,0.0,-4.291372732870688,0.0,71.54919778037191,37.71619694775818,25.61535945399674,0.0,0.6108806677172303,-0.06502036290483293,-42.037509635880184,63.70001399999999,9.600250318713123,-42.00756968062894,62.45001585419338,0.0,1,3.552713678800501e-15,0.0,0.6108806677172267,-0.06502037042212105,-42.03750963588004,-63.70001399999998,9.600250318713137,-42.0075696806288,-62.45001585419338,0.0,1,1.7763568394002505e-14,0.0,0.08581469144902298,0.42482255810528313,73.5496159006905,63.70001399999999,9.600001186978893,73.54710006713883,59.980312244891614,0.0,1,-3.019806626980426e-14,0.0,0.08581469144902343,0.42482255810528224,73.54961590069051,-63.70001399999998,9.600001186978936,73.54710006713883,-59.98031224489162,0.0,1,1.2434497875801753e-14
1.5666666666666667,1566667,lower_into_sit,-4.3328946359802885,0.0,71.45812429367717,0.9915648091599065,0.0,-0.1296118406461313,0.0,-4.3328946359802885,0.0,71.45812429367717,37.67467504464858,25.336882536000267,0.0,0.6166752958695709,-0.06492281454971494,-42.060743102663416,63.70001399999999,9.600149747272717,-42.00756968062894,62.45001585419338,0.0,1,-2.842170943040401e-14,0.0,0.6166752958695678,-0.06492282205608735,-42.060743102663274,-63.70001399999998,9.60014974727276,-42.0075696806288,-62.45001585419338,0.0,1,1.4210854715202004e-14,0.0,0.0863543318196287,0.42958051427817034,73.54903043408126,63.70001399999999,9.600001322557134,73.54710006713883,59.980312244891614,0.0,1,3.552713678800501e-15,0.0,0.0863543318196287,0.42958051427817034,73.54903043408126,-63.70001399999998,9.600001322557134,73.54710006713883,-59.98031224489162,0.0,1,3.552713678800501e-15
1.575,1575000,lower_into_sit,-4.37437546875,0.0,71.3671408900175,0.9914027609118062,0.0,-0.13084557943028888,0.0,-4.37437546875,0.0,71.3671408900175,37.720397266372004,25.058966858497143,0.0,0.6224664115375385,-0.06481028276048972,-42.08384791075832,63.70001399999999,9.599996546728498,-42.094772735122085,67.4669073296858,0.0,1,1.9539925233402755e-14,0.0,0.6224664115375345,-0.0648102902542691,-42.08384791075819,-63.70001399999998,9.599996546728462,-42.09477273512192,-67.4669073296858,0.0,1,-1.5987211554602254e-14,0.0,0.08688789517896778,0.43435163700119084,73.548438592057,63.70001399999999,9.600001423321054,73.54710006713883,59.980312244891614,0.0,1,1.7763568394002505e-15,0.0,0.08688789517896778,0.43435163700119084,73.548438592057,-63.70001399999998,9.600001423321054,73.54710006713883,-59.98031224489162,0.0,1,1.7763568394002505e-15
1.5833333333333333,1583333,lower_into_sit,-4.415810121678606,0.0,71.27625877649217,0.9912393605720906,0.0,-0.13207774245736073,0.0,-4.415810121678606,0.0,71.27625877649217,37.68777830718487,24.781646908987696,0.0,0.6282563582096348,-0.06468558256513068,-42.106840943126656,63.70001399999999,9.600000596464618,-42.103588428863574,67.46632749529476,0.0,1,7.105427357601002e-15,0.0,0.6282563582096299,-0.06468559004495411,-42.10684094312649,-63.70001399999998,9.600000596464604,-42.103588428863375,-67.46632749529476,0.0,1,-7.105427357601002e-15,0.0,0.08741533072356766,0.4391355200205922,73.54784057937128,63.70001399999999,9.600001488075726,73.54710006713883,59.980312244891614,0.0,1,-3.375077994860476e-14,0.0,0.08741533072356766,0.4391355200205922,73.54784057937128,-63.70001399999998,9.600001488075726,73.54710006713883,-59.98031224489162,0.0,1,-3.375077994860476e-14
1.5916666666666666,1591667,lower_into_sit,-4.457193493838275,0.0,71.18548914139576,0.9910746339123386,0.0,-0.13330817685169924,0.0,-4.457193493838275,0.0,71.18548914139576,37.66782973138277,24.50495696802662,0.0,0.6340423317673856,-0.06454650372162485,-42.12970398730098,63.70001399999999,9.600000180698856,-42.12502322522115,67.46351606241697,0.0,1,-1.7763568394002505e-15,0.0,0.6340423317673802,-0.06454651118588073,-42.12970398730078,-63.70001399999998,9.600000180698842,-42.12502322522093,-67.46351606241697,0.0,1,-1.5987211554602254e-14,0.0,0.08793659034392798,0.4439317525583726,73.5472366040521,63.70001399999999,9.600001515665113,73.54710006713883,59.980312244891614,0.0,1,-1.9539925233402755e-14,0.0,0.08793659034392798,0.4439317525583726,73.5472366040521,-63.70001399999998,9.600001515665113,73.54710006713883,-59.98031224489162,0.0,1,-1.9539925233402755e-14
1.6,1600000,lower_into_sit,-4.49852049382716,0.0,71.0948431521287,0.9909086074127403,0.0,-0.1345367301347246,0.0,-4.49852049382716,0.0,71.0948431521287,37.65109407107778,24.228931102195055,0.0,0.6398238816534971,-0.06439314590242962,-42.152434859562376,63.70001399999999,9.600003551997304,-42.14961456490506,66.80219251390629,0.0,1,-7.105427357601002e-15,0.0,0.6398238816534918,-0.06439315334951656,-42.15243485956218,-63.70001399999998,9.600003551997325,-42.149614564904816,-66.80219251390629,0.0,1,1.2434497875801753e-14,0.0,0.08845162862617073,0.4487399192595367,73.54662687723415,63.70001399999999,9.600001504974166,73.54710006713883,59.980312244891614,0.0,1,-1.2434497875801753e-14,0.0,0.08845162862617073,0.4487399192595367,73.54662687723415,-63.70001399999998,9.600001504974166,73.54710006713883,-59.98031224489162,0.0,1,-1.2434497875801753e-14
1.6083333333333334,1608333,lower_into_sit,-4.539786040722006,0.0,71.00433195310782,0.9907413082536782,0.0,-0.13576325025495747,0.0,-4.539786040722006,0.0,71.00433195310782,37.63106651772647,23.953603157173298,0.0,0.6456003121238751,-0.06422537470052303,-42.17502974118873,63.70001399999999,9.60000122730883,-42.170852558448615,66.81808072701884,0.0,1,-4.973799150320701e-14,0.0,0.6456003121238685,-0.06422538212882589,-42.17502974118847,-63.70001399999998,9.600001227308887,-42.170852558448324,-66.81808072701884,0.0,1,7.105427357601002e-15,0.0,0.08896040285240803,0.4535596001383029,73.5460116129899,63.70001399999999,9.60000145493126,73.54710006713883,59.980312244891614,0.0,1,-2.4868995751603507e-14,0.0,0.08896040285240803,0.4535596001383029,73.5460116129899,-63.70001399999998,9.60000145493126,73.54710006713883,-59.98031224489162,0.0,1,-2.4868995751603507e-14
1.6166666666666667,1616667,lower_into_sit,-4.580985065030738,0.0,70.913966663677,0.9905727643068735,0.0,-0.13698758561796504,0.0,-4.580985065030738,0.0,70.913966663677,37.68991482020868,23.679006750915512,0.0,0.6513713996721662,-0.06404352261181723,-42.19748804475643,63.70001399999999,9.600018053272308,-42.27089988523957,62.450015841895706,0.0,1,2.6645352591003757e-14,0.0,0.6513713996721582,-0.0640435300197546,-42.19748804475616,-63.70001399999998,9.60001805327228,-42.27089988523925,-62.450015841895706,0.0,1,-1.7763568394002505e-15,0.0,0.08946287836029221,0.4583903623101935,73.54539098895225,63.70001399999999,9.60000163838292,73.53930091485063,59.9925097393973,0.0,1,5.684341886080802e-14,0.0,0.08946287836029221,0.4583903623101935,73.54539098895225,-63.70001399999998,9.60000163838292,73.53930091485063,-59.99250973939729,0.0,1,5.684341886080802e-14
1.625,1625000,lower_into_sit,-4.622112509645061,0.0,70.82375837601774,0.9904030041260993,0.0,-0.13820958511622025,0.0,-4.622112509645061,0.0,70.82375837601774,37.64878737559435,23.40517526692726,0.0,0.6571380807106104,-0.06384904308571304,-42.21981730276127,63.70001399999999,9.60016283670457,-42.27089988523957,62.450015841895706,0.0,1,-3.375077994860476e-14,0.0,0.6571380807106029,-0.06384905047186651,-42.21981730276098,-63.70001399999998,9.600162836704591,-42.27089988523925,-62.450015841895706,0.0,1,-1.2434497875801753e-14,0.0,0.0899590170610316,0.4632317774057064,73.54476522997174,63.70001399999999,9.600002014959053,73.53930091485063,59.9925097393973,0.0,1,7.283063041541027e-14,0.0,0.0899590170610316,0.4632317774057064,73.54476522997174,-63.70001399999998,9.600002014959053,73.53930091485063,-59.99250973939729,0.0,1,7.283063041541027e-14
1.6333333333333333,1633333,lower_into_sit,-4.663163330793069,0.0,70.73371815305968,0.9902320569374654,0.0,-0.1394290981588713,0.0,-4.663163330793069,0.0,70.73371815305968,37.60773655444635,23.132141847646892,0.0,0.6628973073493509,-0.06363952505411641,-42.241997824379254,63.70001399999999,9.600255235792133,-42.27089988523957,62.450015841895706,0.0,1,-3.197442310920451e-14,0.0,0.6628973073493429,-0.06363953241679798,-42.241997824378956,-63.70001399999998,9.600255235792162,-42.27089988523925,-62.450015841895706,0.0,1,-1.7763568394002505e-15,0.0,0.09044877980595478,0.4680834180820632,73.54413459083793,63.70001399999999,9.600002353204545,73.53930091485063,59.9925097393973,0.0,1,7.105427357601002e-15,0.0,0.09044877980595478,0.4680834180820632,73.54413459083793,-63.70001399999998,9.600002353204545,73.53930091485063,-59.99250973939729,0.0,1,7.105427357601002e-15
1.6416666666666666,1641667,lower_into_sit,-4.704132498991832,0.0,70.6438570263913,0.9900599526292779,0.0,-0.14064597470141785,0.0,-4.704132498991832,0.0,70.6438570263913,37.566767386247584,22.859939387932123,0.0,0.6686485277338008,-0.063415001691697,-42.264026863032896,63.70001399999999,9.600296281003104,-42.27089988523957,62.450015841895706,0.0,1,-2.842170943040401e-14,0.0,0.6686485277337932,-0.06341500902921826,-42.26402686303261,-63.70001399999998,9.600296281003132,-42.27089988523925,-62.450015841895706,0.0,1,0.0,0.0,0.09093213463641847,0.47294484527378744,73.54349929565947,63.70001399999999,9.600002652059807,73.53930091485063,59.9925097393973,0.0,1,2.6645352591003757e-14,0.0,0.09093213463641847,0.47294484527378744,73.54349929565947,-63.70001399999998,9.600002652059807,73.53930091485063,-59.99250973939729,0.0,1,2.6645352591003757e-14
1.65,1650000,lower_into_sit,-4.7450149999999995,0.0,70.55418599417038,0.9898867217414775,0.0,-0.14186006527529368,0.0,-4.7450149999999995,0.0,70.55418599417038,37.525884885239414,22.5886005286521,0.0,0.6743911900168356,-0.06317551129876398,-42.285901724309525,63.70001399999999,9.600287019995903,-42.27089988523957,62.450015841895706,0.0,1,2.4868995751603507e-14,0.0,0.6743911900168276,-0.0631755186094427,-42.285901724309255,-63.70001399999998,9.600287019995882,-42.27089988523925,-62.450015841895706,0.0,1,3.552713678800501e-15,0.0,0.091409052272728,0.4778156150018713,73.54285957060553,63.70001399999999,9.600002910516515,73.53930091485063,59.9925097393973,0.0,1,5.329070518200751e-15,0.0,0.091409052272728,0.4778156150018713,73.54285957060553,-63.70001399999998,9.600002910516515,73.53930091485063,-59.99250973939729,0.0,1,5.329070518200751e-15
1.6583333333333334,1658333,lower_into_sit,-4.785805835770398,0.0,70.4647160190347,0.9897123954546613,0.0,-0.1430712210173523,0.0,-4.785805835770398,0.0,70.4647160190347,37.48509404946902,22.318157650386183,0.0,0.6801247423348378,-0.0629210973416745,-42.307619766795504,63.70001399999999,9.600228516643519,-42.27089988523957,62.450015841895706,0.0,1,3.552713678800501e-15,0.0,0.6801247423348298,-0.06292110462383116,-42.30761976679521,-63.70001399999998,9.600228516643547,-42.27089988523925,-62.450015841895706,0.0,1,3.197442310920451e-14,0.0,0.09187950610699103,0.48269527831479575,73.54221564372635,63.70001399999999,9.600003127619871,73.53930091485063,59.9925097393973,0.0,1,-2.4868995751603507e-14,0.0,0.09187950610699103,0.48269527831479575,73.54221564372635,-63.70001399999998,9.600003127619871,73.53930091485063,-59.99250973939729,0.0,1,-2.4868995751603507e-14
1.6666666666666667,1666667,lower_into_sit,-4.826500025402632,0.0,70.37545802601251,0.989537005578692,0.0,-0.14427929369925455,0.0,-4.826500025402632,0.0,70.37545802601251,37.444399859836786,22.04864286722985,0.0,0.6858486327840487,-0.06265180849376106,-42.32917840290004,63.70001399999999,9.600121850052545,-42.27089988523957,62.450015841895706,0.0,1,1.0658141036401503e-14,0.0,0.6858486327840398,-0.06265181574572054,-42.32917840289976,-63.70001399999998,9.600121850052503,-42.27089988523925,-62.450015841895706,0.0,1,-3.197442310920451e-14,0.0,0.09234347219475714,0.48758338122892386,73.54156774477177,63.70001399999999,9.600003302470185,73.53930091485063,59.9925097393973,0.0,1,7.105427357601002e-15,0.0,0.09234347219475714,0.48758338122892386,73.54156774477177,-63.70001399999998,9.600003302470185,73.53930091485063,-59.99250973939729,0.0,1,7.105427357601002e-15
1.675,1675000,lower_into_sit,-4.867092606095679,0.0,70.28642290043325,0.9893605845408994,0.0,-0.1454841357567549,0.0,-4.867092606095679,0.0,70.28642290043325,37.48442429097767,21.78008802070856,0.0,0.6915628185900191,-0.062368192081826646,-42.35057854328646,63.70001399999999,9.600005356456094,-42.35151689707352,61.81332379076298,0.0,1,2.1316282072803006e-14,0.0,0.6915628185900111,-0.062368199301972904,-42.3505785432862,-63.70001399999998,9.600005356456059,-42.35151689707318,-61.81332379076298,0.0,1,-1.4210854715202004e-14,0.0,0.09280092924542016,0.49247946466832726,73.54091610500885,63.70001399999999,9.600003434224249,73.53930091485063,59.9925097393973,0.0,1,2.1316282072803006e-14,0.0,0.09280092924542016,0.49247946466832726,73.54091610500885,-63.70001399999998,9.600003434224249,73.53930091485063,-59.99250973939729,0.0,1,2.1316282072803006e-14
1.6833333333333333,1683333,lower_into_sit,-4.907578634100493,0.0,70.19762148583801,0.9891831653738795,0.0,-0.14668560031888656,0.0,-4.907578634100493,0.0,70.19762148583801,37.44393826297286,21.512524673799795,0.0,0.6972681710041027,-0.06207167149702819,-42.37182750724807,63.70001399999999,9.599983916841069,-42.35151689707352,61.81332379076298,0.0,1,-1.4210854715202004e-14,0.0,0.6972681710040942,-0.06207167868390506,-42.371827507247794,-63.70001399999998,9.599983916841055,-42.35151689707318,-61.81332379076298,0.0,1,-2.842170943040401e-14,0.0,0.09325185861140328,0.4973830644040951,73.54026095703917,63.70001399999999,9.600003522097005,73.53930091485063,59.9925097393973,0.0,1,-1.5987211554602254e-14,0.0,0.09325185861140328,0.4973830644040951,73.54026095703917,-63.70001399999998,9.600003522097005,73.53930091485063,-59.99250973939729,0.0,1,-1.5987211554602254e-14
1.6916666666666667,1691667,lower_into_sit,-4.947953185672598,0.0,70.10906458189018,0.9890047817028956,0.0,-0.14788354123704167,0.0,-4.947953185672598,0.0,70.10906458189018,37.526680274884434,21.245984105064053,0.0,0.7029626130250684,-0.061760826236969546,-42.392912612957815,63.70001399999999,9.599947072501067,-42.4746334605572,62.45001583167165,0.0,1,-1.0658141036401503e-14,0.0,0.7029626130250599,-0.0617608333889601,-42.392912612957524,-63.70001399999998,9.599947072501074,-42.47463346055685,-62.45001583167165,0.0,1,-3.552713678800501e-15,0.0,0.09369624427613443,0.5022937109932353,73.53960253461531,63.70001399999999,9.600003565362975,73.53930091485063,59.9925097393973,0.0,1,5.329070518200751e-15,0.0,0.09369624427613443,0.5022937109932353,73.53960253461531,-63.70001399999998,9.600003565362975,73.53930091485063,-59.99250973939729,0.0,1,5.329070518200751e-15
1.7,1700000,lower_into_sit,-4.9882113580246905,0.0,70.02076294228603,0.9888254677328873,0.0,-0.14907781311394638,0.0,-4.9882113580246905,0.0,70.02076294228603,37.48642210253234,20.98049730288485,0.0,0.7086484173464904,-0.06143843888100475,-42.413850765709306,63.70001399999999,9.600102476315612,-42.4746334605572,62.45001583167165,0.0,1,-1.2434497875801753e-14,0.0,0.7086484173464815,-0.061438445996801594,-42.41385076570899,-63.70001399999998,9.600102476315627,-42.47463346055685,-62.45001583167165,0.0,1,1.7763568394002505e-15,0.0,0.09413407284080444,0.5072109297172585,73.53894107245706,63.70001399999999,9.600003563357149,73.53930091485063,59.9925097393973,0.0,1,1.4210854715202004e-14,0.0,0.09413407284080444,0.5072109297172585,73.53894107245706,-63.70001399999998,9.600003563357149,73.53930091485063,-59.99250973939729,0.0,1,1.4210854715202004e-14
1.7083333333333333,1708333,lower_into_sit,-5.0283482702792375,0.0,69.93272727266526,0.9886452582350929,0.0,-0.1502682713325288,0.0,-5.0283482702792375,0.0,69.93272727266526,37.44628519027779,20.716094959818086,0.0,0.7143217623636784,-0.06110140946060261,-42.434617706377196,63.70001399999999,9.60021149929372,-42.4746334605572,62.45001583167165,0.0,1,-1.9539925233402755e-14,0.0,0.71432176236367,-0.06110141653854928,-42.4346177063769,-63.70001399999998,9.600211499293756,-42.47463346055685,-62.45001583167165,0.0,1,1.5987211554602254e-14,0.0,0.09456533350993857,0.5121342405204987,73.53827680606757,63.70001399999999,9.600003515476338,73.53930091485063,59.9925097393973,0.0,1,3.375077994860476e-14,0.0,0.09456533350993857,0.5121342405204987,73.53827680606757,-63.70001399999998,9.600003515476338,73.53930091485063,-59.99250973939729,0.0,1,3.375077994860476e-14
1.7166666666666666,1716667,lower_into_sit,-5.068359064421073,0.0,69.84496822852165,0.9884641885332914,0.0,-0.15145477208467797,0.0,-5.068359064421073,0.0,69.84496822852165,37.406274396135956,20.452807467050995,0.0,0.719982095357691,-0.0607498187528317,-42.455211161686634,63.70001399999999,9.600275249494736,-42.4746334605572,62.45001583167165,0.0,1,1.4210854715202004e-14,0.0,0.7199820953576821,-0.06074982579128063,-42.455211161686336,-63.70001399999998,9.600275249494729,-42.47463346055685,-62.45001583167165,0.0,1,7.105427357601002e-15,0.0,0.09499001807576724,0.5170631579483129,73.53760997154922,63.70001399999999,9.600003421179998,73.53930091485063,59.9925097393973,0.0,1,3.730349362740526e-14,0.0,0.09499001807576724,0.5170631579483129,73.53760997154922,-63.70001399999998,9.600003421179998,73.53930091485063,-59.99250973939729,0.0,1,3.730349362740526e-14
1.725,1725000,lower_into_sit,-5.1082389062499995,0.0,69.75749641311359,0.9882822944896692,0.0,-0.1526371723998935,0.0,-5.1082389062499995,0.0,69.75749641311359,37.36639455430703,20.190664908970568,0.0,0.7256288634210049,-0.06038375305469401,-42.47562891763766,63.70001399999999,9.600294844473275,-42.4746334605572,62.45001583167165,0.0,1,3.019806626980426e-14,0.0,0.725628863420996,-0.06038376005200341,-42.47562891763737,-63.70001399999998,9.600294844473254,-42.47463346055685,-62.45001583167165,0.0,1,8.881784197001252e-15,0.0,0.0954081209014106,0.521997191085231,73.53694080542037,63.70001399999999,9.600003279991107,73.53930091485063,59.9925097393973,0.0,1,1.5987211554602254e-14,0.0,0.0954081209014106,0.521997191085231,73.53694080542037,-63.70001399999998,9.600003279991107,73.53930091485063,-59.99250973939729,0.0,1,1.5987211554602254e-14
1.7333333333333334,1733333,lower_into_sit,-5.147982986333385,0.0,69.67032237537465,0.9880996124903185,0.0,-0.15381533017382373,0.0,-5.147982986333385,0.0,69.67032237537465,37.3475347230383,19.92969705784151,0.0,0.7312619266946947,-0.06000370196535609,-42.49587159217056,63.70001399999999,9.600301793966402,-42.49551770937187,62.45001583058992,0.0,1,2.842170943040401e-14,0.0,0.7312619266946849,-0.06000370891994011,-42.49587159217025,-63.70001399999998,9.60030179396638,-42.495517709371505,-62.45001583058992,0.0,1,7.105427357601002e-15,0.0,0.09581963890288803,0.5269358434931695,73.53626954443205,63.70001399999999,9.600003091496873,73.53930091485063,59.9925097393973,0.0,1,-3.552713678800501e-15,0.0,0.09581963890288803,0.5269358434931695,73.53626954443205,-63.70001399999998,9.600003091496873,73.53930091485063,-59.99250973939729,0.0,1,-3.552713678800501e-15
1.7416666666666667,1741667,lower_into_sit,-5.18758652095876,0.0,69.58345660782425,0.987916179430374,0.0,-0.15498910419669193,0.0,-5.18758652095876,0.0,69.58345660782425,37.30793118841292,19.669933368593718,0.0,0.7368805008775587,-0.05960953454279716,-42.51593560765555,63.70001399999999,9.600280088096206,-42.49551770937187,62.45001583058992,0.0,1,-1.0658141036401503e-14,0.0,0.7368805008775494,-0.05960954145305086,-42.51593560765522,-63.70001399999998,9.60028008809622,-42.495517709371505,-62.45001583058992,0.0,1,3.552713678800501e-15,0.0,0.09622457152995922,0.5318786131498414,73.53559642538546,63.70001399999999,9.600002855349288,73.53930091485063,59.9925097393973,0.0,1,2.4868995751603507e-14,0.0,0.09622457152995922,0.5318786131498414,73.53559642538546,-63.70001399999998,9.600002855349288,73.53930091485063,-59.99250973939729,0.0,1,2.4868995751603507e-14
1.75,1750000,lower_into_sit,-5.22704475308642,0.0,69.49690954447817,0.9877320326987938,0.0,-0.1561583541816092,0.0,-5.22704475308642,0.0,69.49690954447817,37.268472956285265,19.411402973718808,0.0,0.7424838461874388,-0.05920117530721081,-42.535817667178485,63.70001399999999,9.600217214931526,-42.49551770937187,62.45001583058992,0.0,1,-1.0658141036401503e-14,0.0,0.7424838461874299,-0.05920118217152037,-42.53581766717819,-63.70001399999998,9.600217214931526,-42.495517709371505,-62.45001583058992,0.0,1,-8.881784197001252e-15,0.0,0.0966229207457947,0.53682499238746,73.53492168495036,63.70001399999999,9.60000257126535,73.53930091485063,59.9925097393973,0.0,1,-1.9539925233402755e-14,0.0,0.0966229207457947,0.53682499238746,73.53492168495036,-63.70001399999998,9.60000257126535,73.53930091485063,-59.99250973939729,0.0,1,-1.9539925233402755e-14
1.7583333333333333,1758333,lower_into_sit,-5.266352953302024,0.0,69.41069155875917,0.9875472101627919,0.0,-0.15732294079277362,0.0,-5.266352953302024,0.0,69.41069155875917,37.22916475606966,19.154134678275476,0.0,0.7480714087946692,-0.05877873306181325,-42.55551579858523,63.70001399999999,9.600114316494242,-42.49551770937187,62.45001583058992,0.0,1,-3.552713678800501e-15,0.0,0.7480714087946603,-0.058778739878574626,-42.55551579858495,-63.70001399999998,9.600114316494235,-42.495517709371505,-62.45001583058992,0.0,1,-8.881784197001252e-15,0.0,0.09701469100550497,0.5417744678318539,73.53424555948459,63.70001399999999,9.600002239027816,73.53930091485063,59.9925097393973,0.0,1,3.907985046680551e-14,0.0,0.09701469100550497,0.5417744678318539,73.53424555948459,-63.70001399999998,9.600002239027816,73.53930091485063,-59.99250973939729,0.0,1,3.907985046680551e-14
1.7666666666666666,1766667,lower_into_sit,-5.305506420769192,0.0,69.3248129614075,0.9873617501519294,0.0,-0.15848272567355418,0.0,-5.305506420769192,0.0,69.3248129614075,37.19001128860249,18.898156955003337,0.0,0.7536426346104932,-0.05834232233853065,-42.575028092566505,63.70001399999999,9.599972539514432,-42.49551770937187,62.45001583058992,0.0,1,-3.552713678800501e-15,0.0,0.7536426346104834,-0.058342329106151336,-42.57502809256618,-63.70001399999998,9.599972539514447,-42.495517709371505,-62.45001583058992,0.0,1,1.0658141036401503e-14,0.0,0.09739988923350928,0.5467265203421872,73.53356828485472,63.70001399999999,9.600001858484696,73.53930091485063,59.9925097393973,0.0,1,3.552713678800501e-15,0.0,0.09739988923350928,0.5467265203421872,73.53356828485472,-63.70001399999998,9.600001858484696,73.53930091485063,-59.99250973939729,0.0,1,3.552713678800501e-15
1.775,1775000,lower_into_sit,-5.344500484182099,0.0,69.23928399839166,0.9871756914418713,0.0,-0.15963757147445956,0.0,-5.344500484182099,0.0,69.23928399839166,37.2792867009458,18.643497939544865,0.0,0.7591991567733554,-0.05789415644217932,-42.59436727003237,63.70001399999999,9.59995428717005,-42.62378718512808,66.65383891335583,0.0,1,7.105427357601002e-15,0.0,0.759199156773346,-0.05789416315931328,-42.59436727003206,-63.70001399999998,9.599954287170057,-42.623787185127725,-66.65383891335583,0.0,1,1.4210854715202004e-14,0.0,0.09777852479978622,0.5516806249513264,73.53289009625809,63.70001399999999,9.600001429549984,73.53930091485063,59.9925097393973,0.0,1,2.842170943040401e-14,0.0,0.09777852479978622,0.5516806249513264,73.53289009625809,-63.70001399999998,9.600001429549984,73.53930091485063,-59.99250973939729,0.0,1,2.842170943040401e-14
1.7833333333333334,1783333,lower_into_sit,-5.383330502718081,0.0,69.15411484881875,0.9869890732378173,0.0,-0.160787341880991,0.0,-5.383330502718081,0.0,69.15411484881875,37.24045668240982,18.390185425774163,0.0,0.7647395268906956,-0.0574334721252705,-42.61352592512216,63.70001399999999,9.599993883003364,-42.62378718512808,66.65383891335583,0.0,1,1.0658141036401503e-14,0.0,0.7647395268906862,-0.05743347879048377,-42.61352592512188,-63.70001399999998,9.599993883003336,-42.623787185127725,-66.65383891335583,0.0,1,-1.7763568394002505e-14,0.0,0.09815060949497711,0.5566362508071134,73.53221122804689,63.70001399999999,9.60000095220294,73.53930091485063,59.9925097393973,0.0,1,5.329070518200751e-15,0.0,0.09815060949497711,0.5566362508071134,73.53221122804689,-63.70001399999998,9.60000095220294,73.53930091485063,-59.99250973939729,0.0,1,5.329070518200751e-15
1.7916666666666667,1791667,lower_into_sit,-5.421991866990232,0.0,69.06931562284527,0.9868019351576115,0.0,-0.16193190164137874,0.0,-5.421991866990232,0.0,69.06931562284527,37.21203595046644,18.138246861232908,0.0,0.7702618890015347,-0.056959158027661605,-42.632493605035805,63.70001399999999,9.599996727744355,-42.634027817456875,66.66005686934582,0.0,1,1.2434497875801753e-14,0.0,0.7702618890015245,-0.056959164639394544,-42.632493605035485,-63.70001399999998,9.599996727744326,-42.63402781745648,-66.66005686934582,0.0,1,-1.5987211554602254e-14,0.0,0.0985161575043918,0.5615928611145988,73.5315319135533,63.70001399999999,9.600000426488265,73.53930091485063,59.9925097393973,0.0,1,-1.0658141036401503e-14,0.0,0.0985161575043918,0.5615928611145988,73.5315319135533,-63.70001399999998,9.600000426488265,73.53930091485063,-59.99250973939729,0.0,1,-1.0658141036401503e-14
1.8,1800000,lower_into_sit,-5.4604800000000004,0.0,68.98489635958757,0.9866143172145437,0.0,-0.16307111659420184,0.0,-5.4604800000000004,0.0,68.98489635958757,37.19575449166075,17.887709342671627,0.0,0.7757662051744236,-0.056471843956927614,-42.6512720855725,63.70001399999999,9.600002093931629,-42.65623449166097,66.68099574143415,0.0,1,8.881784197001252e-15,0.0,0.7757662051744121,-0.05647185051369075,-42.65127208557213,-63.70001399999998,9.600002093931671,-42.656234491660534,-66.68099574143415,0.0,1,5.1514348342607263e-14,0.0,0.09887518538088935,0.5665499130794798,73.5308523849176,63.70001399999999,9.599999852515502,73.53930091485063,59.9925097393973,0.0,1,-2.842170943040401e-14,0.0,0.09887518538088935,0.5665499130794798,73.5308523849176,-63.70001399999998,9.599999852515502,73.53930091485063,-59.99250973939729,0.0,1,-2.842170943040401e-14
1.8083333333333333,1808333,lower_into_sit,-5.498790358089786,0.0,68.90086702503248,0.9864262597998448,0.0,-0.16420485369589127,0.0,-5.498790358089786,0.0,68.90086702503248,37.17469518266396,17.638599611696115,0.0,0.7812518036266978,-0.0559715562969032,-42.669859044251886,63.70001399999999,9.600002380080255,-42.67348554075396,67.46660975416599,0.0,1,3.552713678800501e-15,0.0,0.7812518036266867,-0.055971562797201724,-42.66985904425154,-63.70001399999998,9.600002380080248,-42.67348554075354,-67.46660975416599,0.0,1,-3.552713678800501e-15,0.0,0.09922771201667402,0.5715068578528486,73.53017287291796,63.70001399999999,9.599999230458685,73.53930091485063,59.9925097393973,0.0,1,3.375077994860476e-14,0.0,0.09922771201667402,0.5715068578528486,73.53017287291796,-63.70001399999998,9.599999230458685,73.53930091485063,-59.99250973939729,0.0,1,3.375077994860476e-14
1.8166666666666667,1816667,lower_into_sit,-5.536918431895543,0.0,68.8172375099479,0.9862378036648886,0.0,-0.16533298104811608,0.0,-5.536918431895543,0.0,68.8172375099479,37.15379616682614,17.390944050517632,0.0,0.7867181528406983,-0.05545846386116304,-42.6882531228881,63.70001399999999,9.600000442313465,-42.69071459872189,67.46543482646467,0.0,1,-1.7763568394002505e-15,0.0,0.7867181528406877,-0.05545847030352391,-42.688253122887765,-63.70001399999998,9.600000442313451,-42.690714598721485,-67.46543482646467,0.0,1,-1.7763568394002505e-14,0.0,0.09957375861399775,0.5764631404774971,73.52949360680228,63.70001399999999,9.599998560555363,73.53930091485063,59.9925097393973,0.0,1,0.0,0.0,0.09957375861399775,0.5764631404774971,73.52949360680228,-63.70001399999998,9.599998560555363,73.53930091485063,-59.99250973939729,0.0,1,0.0
1.825,1825000,lower_into_sit,-5.57485974729938,0.0,68.73401762779339,0.9860489899031057,0.0,-0.1664553679250532,0.0,-5.57485974729938,0.0,68.73401762779339,37.13274577929672,17.144768677806013,0.0,0.7921647774960614,-0.05493279424264319,-42.70645340770299,63.70001399999999,9.600003277411673,-42.707605526596296,67.46348551523343,0.0,1,2.4868995751603507e-14,0.0,0.7921647774960507,-0.05493280062561512,-42.70645340770265,-63.70001399999998,9.600003277411659,-42.7076055265959,-67.46348551523343,0.0,1,1.0658141036401503e-14,0.0,0.0999133486547894,0.5814181998359031,73.52881481412366,63.70001399999999,9.599997843106415,73.53930091485063,59.9925097393973,0.0,1,3.552713678800501e-15,0.0,0.0999133486547894,0.5814181998359031,73.52881481412366,-63.70001399999998,9.599997843106415,73.53930091485063,-59.99250973939729,0.0,1,3.552713678800501e-15
1.8333333333333333,1833333,lower_into_sit,-5.612609866382156,0.0,68.65121711263072,0.9858598599316205,0.0,-0.16757188480054058,0.0,-5.612609866382156,0.0,68.65121711263072,37.111385178989345,16.90009914464416,0.0,0.7975909884384609,-0.054394577701301294,-42.724457648065865,63.70001399999999,9.600002081803062,-42.7239950453717,67.46078470866388,0.0,1,1.7763568394002505e-15,0.0,0.7975909884384498,-0.054394584023436554,-42.72445764806553,-63.70001399999998,9.600002081803026,-42.7239950453713,-67.46078470866388,0.0,1,-3.552713678800501e-14,0.0,0.10024650786922384,0.5863714686001447,73.52813672057755,63.70001399999999,9.5999970784747,73.53930091485063,59.9925097393973,0.0,1,1.7763568394002505e-14,0.0,0.10024650786922384,0.5863714686001447,73.52813672057755,-63.70001399999998,9.5999970784747,73.53930091485063,-59.99250973939729,0.0,1,1.7763568394002505e-14
1.8416666666666666,1841667,lower_into_sit,-5.650164388376074,0.0,68.56884561703447,0.9856704554726166,0.0,-0.16868240337511367,0.0,-5.650164388376074,0.0,68.56884561703447,37.08955168331448,16.656960730583165,0.0,0.8029962815028298,-0.05384402739832295,-42.74226486933896,63.70001399999999,9.60000175924064,-42.73971607169076,67.45735910964729,0.0,1,5.329070518200751e-15,0.0,0.8029962815028191,-0.05384403365819379,-42.74226486933863,-63.70001399999998,9.60000175924064,-42.73971607169036,-67.45735910964729,0.0,1,3.552713678800501e-15,0.0,0.1005732642032311,0.5913223731839339,73.52745954984239,63.70001399999999,9.599996267084215,73.53930091485063,59.9925097393973,0.0,1,-5.329070518200751e-15,0.0,0.1005732642032311,0.5913223731839339,73.52745954984239,-63.70001399999998,9.599996267084215,73.53930091485063,-59.99250973939729,0.0,1,-5.329070518200751e-15
1.85,1850000,lower_into_sit,-5.687518950617284,0.0,68.48691271000266,0.9854808185344432,0.0,-0.16978679660292706,0.0,-5.687518950617284,0.0,68.48691271000266,37.067973637223105,16.41537833979617,0.0,0.808380065342559,-0.05328127977182673,-42.75987359534805,63.70001399999999,9.600000768640847,-42.75549258784059,60.72766664966186,0.0,1,-1.7763568394002505e-15,0.0,0.8083800653425484,-0.05328128596801873,-42.759873595347706,-63.70001399999998,9.600000768640882,-42.75549258784018,-60.72766664966187,0.0,1,3.375077994860476e-14,0.0,0.10089364778497201,0.5962703336969715,73.52678352342349,63.70001399999999,9.59999540941915,73.53930091485063,59.9925097393973,0.0,1,3.730349362740526e-14,0.0,0.10089364778497201,0.5962703336969715,73.52678352342349,-63.70001399999998,9.59999540941915,73.53930091485063,-59.99250973939729,0.0,1,3.730349362740526e-14
1.8583333333333334,1858333,lower_into_sit,-5.724669229498488,0.0,68.40542787486729,0.9852909913924687,0.0,-0.17088493871856078,0.0,-5.724669229498488,0.0,68.40542787486729,37.05047110109851,16.175376497329708,0.0,0.8137418349580146,-0.05270655930578183,-42.77728298220006,63.70001399999999,9.600003961290867,-42.77514033059722,67.15051248901696,0.0,1,-7.105427357601002e-15,0.0,0.813741834958003,-0.05270656543690233,-42.77728298219971,-63.70001399999998,9.600003961290867,-42.775140330596784,-67.15051248901696,0.0,1,-7.105427357601002e-15,0.0,0.10120769089028903,0.6012147639019036,73.52610886049946,63.70001399999999,9.599994506022291,73.53930091485063,59.9925097393973,0.0,1,-1.7763568394002505e-15,0.0,0.10120769089028903,0.6012147639019036,73.52610886049946,-63.70001399999998,9.599994506022291,73.53930091485063,-59.99250973939729,0.0,1,-1.7763568394002505e-15
1.8666666666666667,1866667,lower_into_sit,-5.761610941421533,0.0,68.32440050720489,0.9851010165696908,0.0,-0.17197670526371203,0.0,-5.761610941421533,0.0,68.32440050720489,37.092683178324606,15.936979345450943,0.0,0.819082373039707,-0.05212130764830869,-42.79450066413658,63.70001399999999,9.600111317618484,-42.854294119746356,62.450015810987374,0.0,1,-7.105427357601002e-15,0.0,0.8190823730396941,-0.052121313713129336,-42.79450066413618,-63.70001399999998,9.600111317618506,-42.854294119745916,-62.45001581098737,0.0,1,1.4210854715202004e-14,0.0,0.10151542790713863,0.6061550711740362,73.52543577777324,63.70001399999999,9.599993557494201,73.53930091485063,59.9925097393973,0.0,1,7.105427357601002e-15,0.0,0.10151542790713863,0.6061550711740362,73.52543577777324,-63.70001399999998,9.599993557494201,73.53930091485063,-59.99250973939729,0.0,1,7.105427357601002e-15
1.875,1875000,lower_into_sit,-5.79833984375,0.0,68.2438399127472,0.9849109368171153,0.0,-0.1730619731137734,0.0,-5.79833984375,0.0,68.2438399127472,37.055954275996136,15.70021064008936,0.0,0.824399484039886,-0.051524152935197076,-42.81151504613575,63.70001399999999,9.600202212394315,-42.854294119746356,62.450015810987374,0.0,1,-3.730349362740526e-14,0.0,0.8243994840398741,-0.05152415893232787,-42.811515046135376,-63.70001399999998,9.600202212394358,-42.854294119745916,-62.45001581098737,0.0,1,5.329070518200751e-15,0.0,0.10181689529903037,0.6110906564641607,73.52476448932543,63.70001399999999,9.599992564491359,73.53930091485063,59.9925097393973,0.0,1,1.0658141036401503e-14,0.0,0.10181689529903037,0.6110906564641607,73.52476448932543,-63.70001399999998,9.599992564491359,73.53930091485063,-59.99250973939729,0.0,1,1.0658141036401503e-14
1.8833333333333333,1883333,lower_into_sit,-5.8348517357618235,0.0,68.16375530529169,0.9847207950939076,0.0,-0.174140620504299,0.0,-5.8348517357618235,0.0,68.16375530529169,37.01944238398431,15.465093747370595,0.0,0.8296924001522292,-0.050915100695183124,-42.82832368090897,63.70001399999999,9.600262397679948,-42.854294119746356,62.450015810987374,0.0,1,3.019806626980426e-14,0.0,0.8296924001522172,-0.050915106623233175,-42.828323680908646,-63.70001399999998,9.600262397679913,-42.854294119745916,-62.45001581098737,0.0,1,-5.329070518200751e-15,0.0,0.10211213156747911,0.6160209142646544,73.5240952064724,63.70001399999999,9.599991527724868,73.53930091485063,59.9925097393973,0.0,1,1.5987211554602254e-14,0.0,0.10211213156747911,0.6160209142646544,73.5240952064724,-63.70001399999998,9.599991527724868,73.53930091485063,-59.99250973939729,0.0,1,1.5987211554602254e-14
1.8916666666666666,1891667,lower_into_sit,-5.871142459601877,0.0,68.08415580461212,0.984530634547333,0.0,-0.17521252705735882,0.0,-5.871142459601877,0.0,68.08415580461212,36.98315166014426,15.231651640241232,0.0,0.8349605637414039,-0.050294355969997984,-42.84492563311449,63.70001399999999,9.600292953835215,-42.854294119746356,62.450015810987374,0.0,1,-2.842170943040401e-14,0.0,0.8349605637413915,-0.05029436182760172,-42.844925633114116,-63.70001399999998,9.60029295383525,-42.854294119745916,-62.45001581098737,0.0,1,5.329070518200751e-15,0.0,0.10240117721349007,0.6209452325792069,73.5234281376278,63.70001399999999,9.599990447958753,73.53930091485063,59.9925097393973,0.0,1,-8.881784197001252e-15,0.0,0.10240117721349007,0.6209452325792069,73.5234281376278,-63.70001399999998,9.599990447958753,73.53930091485063,-59.99250973939729,0.0,1,-8.881784197001252e-15
1.9,1900000,lower_into_sit,-5.907207901234568,0.0,68.00505043436922,0.984340498492489,0.0,-0.17627757380778267,0.0,-5.907207901234568,0.0,68.00505043436922,36.947086218511565,14.999906895182214,0.0,0.8402034171375905,-0.049662129985264425,-42.86132003881171,63.70001399999999,9.600294954034574,-42.854294119746356,62.450015810987374,0.0,1,0.0,0.0,0.8402034171375781,-0.0496621357710727,-42.86132003881135,-63.70001399999998,9.600294954034588,-42.854294119745916,-62.45001581098737,0.0,1,1.4210854715202004e-14,0.0,0.10268407469809171,0.6258629928964039,73.52276348816821,63.70001399999999,9.599989326008377,73.53930091485063,59.9925097393973,0.0,1,-8.881784197001252e-15,0.0,0.10268407469809171,0.6258629928964039,73.52276348816821,-63.70001399999998,9.599989326008377,73.53930091485063,-59.99250973939729,0.0,1,-8.881784197001252e-15
1.9083333333333334,1908333,lower_into_sit,-5.943043991396446,0.0,67.9264481200212,0.984150430391844,0.0,-0.1773356432292959,0.0,-5.943043991396446,0.0,67.9264481200212,36.91125012834969,14.769881689008947,0.0,0.8454204026854546,-0.04901864015292956,-42.87750610574642,63.70001399999999,9.600269463494591,-42.854294119746356,62.450015810987374,0.0,1,2.1316282072803006e-14,0.0,0.8454204026854422,-0.04901864586561544,-42.87750610574604,-63.70001399999998,9.600269463494598,-42.854294119745916,-62.45001581098737,0.0,1,2.842170943040401e-14,0.0,0.10296086840193075,0.6307735701675066,73.52210146030309,63.70001399999999,9.599988162738512,73.53930091485063,59.9925097393973,0.0,1,3.552713678800501e-15,0.0,0.10296086840193075,0.6307735701675066,73.52210146030309,-63.70001399999998,9.599988162738512,73.53930091485063,-59.99250973939729,0.0,1,3.552713678800501e-15
1.9166666666666667,1916667,lower_into_sit,-5.9786467065488,0.0,67.84835768673432,0.9839604738345908,0.0,-0.1783866192605474,0.0,-5.9786467065488,0.0,67.84835768673432,36.875647413197335,14.541597795755969,0.0,0.850610962798473,-0.04836411006957331,-42.89348311360101,63.70001399999999,9.600217538720727,-42.854294119746356,62.450015810987374,0.0,1,0.0,0.0,0.8506109627984606,-0.048364115707835165,-42.89348311360064,-63.70001399999998,9.600217538720727,-42.854294119745916,-62.45001581098737,0.0,1,0.0,0.0,0.10323160458395275,0.635676332788718,73.52144225294882,63.70001399999999,9.599986959061539,73.53930091485063,59.9925097393973,0.0,1,1.5987211554602254e-14,0.0,0.10323160458395275,0.635676332788718,73.52144225294882,-63.70001399999998,9.599986959061539,73.53930091485063,-59.99250973939729,0.0,1,1.5987211554602254e-14
1.925,1925000,lower_into_sit,-6.014012069830248,0.0,67.77078785729357,0.9837706725158236,0.0,-0.17943038733103167,0.0,-6.014012069830248,0.0,67.77078785729357,36.840282049915885,14.315076583644306,0.0,0.8557745400188304,-0.047698769510347905,-42.909250414209176,63.70001399999999,9.60014022677268,-42.854294119746356,62.450015810987374,0.0,1,-1.5987211554602254e-14,0.0,0.8557745400188184,-0.04769877507290765,-42.90925041420881,-63.70001399999998,9.600140226772709,-42.854294119745916,-62.45001581098737,0.0,1,1.2434497875801753e-14,0.0,0.10349633133917413,0.6405706425882602,73.52078606160744,63.70001399999999,9.599985715935489,73.53930091485063,59.9925097393973,0.0,1,-8.881784197001252e-15,0.0,0.10349633133917413,0.6405706425882602,73.52078606160744,-63.70001399999998,9.599985715935489,73.53930091485063,-59.99250973939729,0.0,1,-8.881784197001252e-15
1.9333333333333333,1933333,lower_into_sit,-6.049136152009348,0.0,67.69374725001313,0.983581070215551,0.0,-0.18046683438690708,0.0,-6.049136152009348,0.0,67.69374725001313,36.92086115505976,14.09033901212856,0.0,0.8609126731172214,-0.047024797162197096,-42.9248208609178,63.70001399999999,9.600193269325842,-42.96999730706933,62.45001580426541,0.0,1,0.0,0.0,0.860912673117209,-0.04702480264802089,-42.924820860917436,-63.70001399999998,9.600193269325857,-42.96999730706889,-62.450015804265405,0.0,1,1.5987211554602254e-14,0.0,0.10375509855558374,0.6454558548186067,73.52013307824976,63.70001399999999,9.59998443436222,73.53930091485063,59.9925097393973,0.0,1,3.552713678800501e-14,0.0,0.10375509855558374,0.6454558548186067,73.52013307824976,-63.70001399999998,9.59998443436222,73.53930091485063,-59.99250973939729,0.0,1,3.552713678800501e-14
1.9416666666666667,1941667,lower_into_sit,-6.084015072437192,0.0,67.61724437664706,0.9833917107775528,0.0,-0.1814958489167121,0.0,-6.084015072437192,0.0,67.61724437664706,36.88598223463192,13.867405629022244,0.0,0.8660231320192491,-0.046340855304024764,-42.940183412448704,63.70001399999999,9.600253270168643,-42.96999730706933,62.45001580426541,0.0,1,5.329070518200751e-15,0.0,0.8660231320192366,-0.046340860711925114,-42.94018341244835,-63.70001399999998,9.600253270168658,-42.96999730706889,-62.450015804265405,0.0,1,2.1316282072803006e-14,0.0,0.10400795787017003,0.6503313181542407,73.51948349120345,63.70001399999999,9.599983115384987,73.53930091485063,59.9925097393973,0.0,1,3.197442310920451e-14,0.0,0.10400795787017003,0.6503313181542407,73.51948349120345,-63.70001399999998,9.599983115384987,73.53930091485063,-59.99250973939729,0.0,1,3.197442310920451e-14
1.95,1950000,lower_into_sit,-6.118645000000002,0.0,67.54128764029983,0.983202638088093,0.0,-0.1825173209769808,0.0,-6.118645000000002,0.0,67.54128764029983,36.85135230706911,13.646296567698187,0.0,0.8711049119722052,-0.04564678128749522,-42.955334685777316,63.70001399999999,9.600288366879006,-42.96999730706933,62.45001580426541,0.0,1,-2.842170943040401e-14,0.0,0.8711049119721928,-0.04564678661626287,-42.95533468577696,-63.70001399999998,9.60028836687902,-42.96999730706889,-62.450015804265405,0.0,1,-1.4210854715202004e-14,0.0,0.10425496262411738,0.6551963746952536,73.51883748504545,63.70001399999999,9.599981760086685,73.53930091485063,59.9925097393973,0.0,1,1.2434497875801753e-14,0.0,0.10425496262411738,0.6551963746952536,73.51883748504545,-63.70001399999998,9.599981760086685,73.53930091485063,-59.99250973939729,0.0,1,1.2434497875801753e-14
1.9583333333333333,1958333,lower_into_sit,-6.153022154071726,0.0,67.46588533333693,0.9830138960544984,0.0,-0.18353114221776037,0.0,-6.153022154071726,0.0,67.46588533333693,36.81697515299738,13.427031544362023,0.0,0.8761574567136261,-0.04494282975335073,-42.970274312842434,63.70001399999999,9.600299560063924,-42.96999730706933,62.45001580426541,0.0,1,-1.5987211554602254e-14,0.0,0.8761574567136137,-0.044942835001803516,-42.97027431284208,-63.70001399999998,9.600299560063938,-42.96999730706889,-62.450015804265405,0.0,1,0.0,0.0,0.10449616781717275,0.6600503599772285,73.5181952404997,63.70001399999999,9.599980369587591,73.53930091485063,59.9925097393973,0.0,1,3.552713678800501e-14,0.0,0.10449616781717275,0.6600503599772285,73.5181952404997,-63.70001399999998,9.599980369587591,73.53930091485063,-59.99250973939729,0.0,1,3.552713678800501e-14
1.9666666666666666,1966667,lower_into_sit,-6.187142805466647,0.0,67.39104563529543,0.9828255285836119,0.0,-0.18453720590803285,0.0,-6.187142805466647,0.0,67.39104563529543,36.78285450160246,13.209629855395818,0.0,0.8811802105005082,-0.044229261427818134,-42.98500199849321,63.70001399999999,9.600287838337472,-42.96999730706933,62.45001580426541,0.0,1,-4.973799150320701e-14,0.0,0.8811802105004958,-0.04422926659480142,-42.98500199849284,-63.70001399999998,9.600287838337522,-42.96999730706889,-62.450015804265405,0.0,1,-1.7763568394002505e-15,0.0,0.10473163006121533,0.6648926029877695,73.5175569343396,63.70001399999999,9.599978945042949,73.53930091485063,59.9925097393973,0.0,1,8.881784197001252e-15,0.0,0.10473163006121533,0.6648926029877695,73.5175569343396,-63.70001399999998,9.599978945042949,73.53930091485063,-59.99250973939729,0.0,1,8.881784197001252e-15
1.975,1975000,lower_into_sit,-6.221003277391973,0.0,67.31677661079459,0.9826375795601348,0.0,-0.18553540696104323,0.0,-6.221003277391973,0.0,67.31677661079459,36.748994029677135,12.994110374769413,0.0,0.8861726182073504,-0.04350634308506551,-42.99951752047297,63.70001399999999,9.600254177713012,-42.96999730706933,62.45001580426541,0.0,1,-2.842170943040401e-14,0.0,0.886172618207338,-0.0435063481694522,-42.999517520472615,-63.70001399999998,9.600254177713026,-42.96999730706889,-62.450015804265405,0.0,1,-1.2434497875801753e-14,0.0,0.10496140753305694,0.6697224261900772,73.51692273929582,63.70001399999999,9.59997748764102,73.53930091485063,59.9925097393973,0.0,1,-3.552713678800501e-14,0.0,0.10496140753305694,0.6697224261900772,73.51692273929582,-63.70001399999998,9.59997748764102,73.53930091485063,-59.99250973939729,0.0,1,-3.552713678800501e-14
1.9833333333333334,1983333,lower_into_sit,-6.2545999464004485,0.0,67.2430862074464,0.9824500928248635,0.0,-0.18652564195953597,0.0,-6.2545999464004485,0.0,67.2430862074464,36.71539736066866,12.78049155151659,0.0,0.8911341254313268,-0.042774347503504284,-43.013820729359644,63.70001399999999,9.600199541017616,-42.96999730706933,62.45001580426541,0.0,1,1.7763568394002505e-15,0.0,0.8911341254313125,-0.042774352504198365,-43.01382072935924,-63.70001399999998,9.600199541017616,-42.96999730706889,-62.450015804265405,0.0,1,1.7763568394002505e-15,0.0,0.1051855599264786,0.6745391455540322,73.51629282396888,63.70001399999999,9.59997599860072,73.53930091485063,59.9925097393973,0.0,1,-1.5987211554602254e-14,0.0,0.1051855599264786,0.6745391455540322,73.51629282396888,-63.70001399999998,9.59997599860072,73.53930091485063,-59.99250973939729,0.0,1,-1.5987211554602254e-14
1.9916666666666667,1991667,lower_into_sit,-6.287929243342924,0.0,67.16998225376626,0.9822631121528377,0.0,-0.1875078091809025,0.0,-6.287929243342924,0.0,67.16998225376626,36.682068063726184,12.568791407273693,0.0,0.8960641786047621,-0.04203355341572035,-43.02791154846051,63.70001399999999,9.60012487733053,-42.96999730706933,62.45001580426541,0.0,1,1.9539925233402755e-14,0.0,0.8960641786047479,-0.04203355833165112,-43.02791154846011,-63.70001399999998,9.600124877330494,-42.96999730706889,-62.450015804265405,0.0,1,-1.5987211554602254e-14,0.0,0.10540414840354728,0.6793420705952005,73.51566735274731,63.70001399999999,9.599974479169177,73.53930091485063,59.9925097393973,0.0,1,5.1514348342607263e-14,0.0,0.10540414840354728,0.6793420705952005,73.51566735274731,-63.70001399999998,9.599974479169177,73.53930091485063,-59.99250973939729,0.0,1,5.1514348342607263e-14
2.0,2000000,lower_into_sit,-6.320987654320988,0.0,67.09747245708347,0.9820766812314036,0.0,-0.18848180862224387,0.0,-6.320987654320988,0.0,67.09747245708347,36.64900965274812,12.359027533876905,0.0,0.9009622251151876,-0.04128424545173637,-43.041789973661935,63.70001399999999,9.600031121445383,-42.96999730706933,62.45001580426541,0.0,1,1.5987211554602254e-14,0.0,0.9009622251151743,-0.04128425028186555,-43.04178997366156,-63.70001399999998,9.600031121445383,-42.96999730706889,-62.450015804265405,0.0,1,1.7763568394002505e-14,0.0,0.10561723554522695,0.684130504422229,73.51504648573072,63.70001399999999,9.599972930619337,73.53930091485063,59.9925097393973,0.0,1,-1.2434497875801753e-14,0.0,0.10561723554522695,0.684130504422229,73.51504648573072,-63.70001399999998,9.599972930619337,73.53930091485063,-59.99250973939729,0.0,1,-1.2434497875801753e-14
2.0083333333333333,2008333,lower_into_sit,-6.353771721639547,0.0,67.02556440145185,0.981890843638209,0.0,-0.18944754202534864,0.0,-6.353771721639547,0.0,67.02556440145185,36.704361990087676,12.151217091016399,0.0,0.9058288102364589,-0.04052771000894806,-43.055462929293114,63.70001399999999,9.599999816227225,-43.05813371172745,59.936424032615676,0.0,1,-4.796163466380676e-14,0.0,0.9058288102364465,-0.040527714752383925,-43.055462929292766,-63.70001399999998,9.599999816227268,-43.05813371172699,-59.936424032615676,0.0,1,-5.329070518200751e-15,0.0,0.10582488530131551,0.6889037437930834,73.5144303786588,63.70001399999999,9.599971354248169,73.53930091485063,59.9925097393973,0.0,1,-1.7763568394002505e-14,0.0,0.10582488530131551,0.6889037437930834,73.5144303786588,-63.70001399999998,9.599971354248169,73.53930091485063,-59.99250973939729,0.0,1,-1.7763568394002505e-14
2.0166666666666666,2016667,lower_into_sit,-6.386278044759438,0.0,66.9542655455603,0.9817056428191382,0.0,-0.19040491290159148,0.0,-6.386278044759438,0.0,66.9542655455603,36.680273148390015,11.945376803943468,0.0,0.9106629981107108,-0.039763876160387124,-43.06892821906397,63.70001399999999,9.600002959199813,-43.066551193149685,61.40736557568789,0.0,1,-1.7763568394002505e-15,0.0,0.9106629981106966,-0.03976388081622684,-43.068928219063565,-63.70001399999998,9.600002959199813,-43.066551193149216,-61.40736557568789,0.0,1,-3.552713678800501e-15,0.0,0.10602716293973113,0.6936610791806674,73.51381918284501,63.70001399999999,9.599969751373735,73.53930091485063,59.9925097393973,0.0,1,2.4868995751603507e-14,0.0,0.10602716293973113,0.6936610791806674,73.51381918284501,-63.70001399999998,9.599969751373735,73.53930091485063,-59.99250973939729,0.0,1,2.4868995751603507e-14
2.025,2025000,lower_into_sit,-6.418503281250001,0.0,66.88358322064346,0.9815211220661979,0.0,-0.19135382655675262,0.0,-6.418503281250001,0.0,66.88358322064346,36.66344277982366,11.741522961228242,0.0,0.9154636917651313,-0.03899254628633342,-43.08218259985098,63.70001399999999,9.600001120801558,-43.08194606107391,61.39389397136352,0.0,1,1.4210854715202004e-14,0.0,0.9154636917651171,-0.038992550853647945,-43.082182599850604,-63.70001399999998,9.600001120801565,-43.081946061073424,-61.393893971363525,0.0,1,2.3092638912203256e-14,0.0,0.1062241349951738,0.6984017948482553,73.5132130451163,63.70001399999999,9.599968123332957,73.53930091485063,59.9925097393973,0.0,1,-3.552713678800501e-15,0.0,0.1062241349951738,0.6984017948482553,73.5132130451163,-63.70001399999998,9.599968123332957,73.53930091485063,-59.99250973939729,0.0,1,-3.552713678800501e-15
2.033333333333333,2033333,lower_into_sit,-6.450444147741707,0.0,66.81352462839223,0.9813373244953654,0.0,-0.1922941901157649,0.0,-6.450444147741707,0.0,66.81352462839223,36.6412398293201,11.539671412564331,0.0,0.920230359331458,-0.03821403968555037,-43.095226450577,63.70001399999999,9.599996239810586,-43.09168397706204,59.933408512398515,0.0,1,2.842170943040401e-14,0.0,0.9202303593314447,-0.038214044163445315,-43.09522645057664,-63.70001399999998,9.599996239810565,-43.091683977061564,-59.933408512398515,0.0,1,7.105427357601002e-15,0.0,0.10641586921721036,0.7031251689353173,73.51261210775769,63.70001399999999,9.59996647147959,73.53930091485063,59.9925097393973,0.0,1,5.329070518200751e-15,0.0,0.10641586921721036,0.7031251689353173,73.51261210775769,-63.70001399999998,9.59996647147959,73.53930091485063,-59.99250973939729,0.0,1,5.329070518200751e-15
2.0416666666666665,2041667,lower_into_sit,-6.482097420878739,0.0,66.74409683886435,0.9811542930244098,0.0,-0.19322591254738736,0.0,-6.482097420878739,0.0,66.74409683886435,36.6266860618449,11.339837566617561,0.0,0.9249626449050012,-0.037428838220817884,-43.108061288974625,63.70001399999999,9.600003034005077,-43.10878348272386,59.93302894898147,0.0,1,2.842170943040401e-14,0.0,0.924962644904987,-0.037428842608454804,-43.10806128897424,-63.70001399999998,9.600003034005063,-43.10878348272341,-59.93302894898147,0.0,1,1.4210854715202004e-14,0.0,0.10660243451777829,0.7078304735542367,73.51201650846318,63.70001399999999,9.59996479718152,73.53930091485063,59.9925097393973,0.0,1,7.105427357601002e-15,0.0,0.10660243451777829,0.7078304735542367,73.51201650846318,-63.70001399999998,9.59996479718152,73.53930091485063,-59.99250973939729,0.0,1,7.105427357601002e-15
2.05,2050000,lower_into_sit,-6.5134599382716045,0.0,66.67530678839502,0.9809720703506978,0.0,-0.1941489046888124,0.0,-6.5134599382716045,0.0,66.67530678839502,36.595323544452036,11.142036388915571,0.0,0.9296596427405408,-0.03663693123622469,-43.12068531099221,63.70001399999999,9.599995683381998,-43.10878348272386,59.93302894898147,0.0,1,-4.263256414560601e-14,0.0,0.9296596427405284,-0.03663693553275982,-43.12068531099185,-63.70001399999998,9.599995683382062,-43.10878348272341,-59.93302894898147,0.0,1,2.1316282072803006e-14,0.0,0.10678390091817924,0.7125169748984796,73.51142638029108,63.70001399999999,9.599963101818645,73.53930091485063,59.9925097393973,0.0,1,7.105427357601002e-15,0.0,0.10678390091817924,0.7125169748984796,73.51142638029108,-63.70001399999998,9.599963101818645,73.53930091485063,-59.99250973939729,0.0,1,7.105427357601002e-15
2.058333333333333,2058333,lower_into_sit,-6.544528599449716,0.0,66.60716127750744,0.9807906989289943,0.0,-0.19506307927020658,0.0,-6.544528599449716,0.0,66.60716127750744,36.56425488327392,10.946282399774937,0.0,0.9343207730842327,-0.03583860946762174,-43.13309876235587,63.70001399999999,9.599972267754026,-43.10878348272386,59.93302894898147,0.0,1,1.7763568394002505e-15,0.0,0.9343207730842185,-0.035838613672243724,-43.13309876235549,-63.70001399999998,9.599972267754033,-43.10878348272341,-59.93302894898147,0.0,1,8.881784197001252e-15,0.0,0.10696033949556005,0.717183933362783,73.51084185162587,63.70001399999999,9.599961386780514,73.53930091485063,59.9925097393973,0.0,1,1.4210854715202004e-14,0.0,0.10696033949556005,0.717183933362783,73.51084185162587,-63.70001399999998,9.599961386780514,73.53930091485063,-59.99250973939729,0.0,1,1.4210854715202004e-14
2.066666666666667,2066667,lower_into_sit,-6.575300366814003,0.0,66.53966696882348,0.980610220949269,0.0,-0.195968350939191,0.0,-6.575300366814003,0.0,66.53966696882348,36.58849636608277,10.75258967226253,0.0,0.9389462094600347,-0.03503483817523545,-43.14530656257036,63.70001399999999,9.599985762404238,-43.163796732897005,61.934188613576,0.0,1,3.552713678800501e-14,0.0,0.9389462094600205,-0.035034842287242185,-43.14530656256998,-63.70001399999998,9.59998576240423,-43.16379673289655,-61.934188613576,0.0,1,2.842170943040401e-14,0.0,0.10713182232893859,0.7218306036759166,73.5102630461449,63.70001399999999,9.599959653464047,73.53930091485063,59.9925097393973,0.0,1,1.5987211554602254e-14,0.0,0.10713182232893859,0.7218306036759166,73.5102630461449,-63.70001399999998,9.599959653464047,73.53930091485063,-59.99250973939729,0.0,1,1.5987211554602254e-14
2.075,2075000,lower_into_sit,-6.605772266589506,0.0,66.47283038497417,0.9804306783145206,0.0,-0.19686463628526335,0.0,-6.605772266589506,0.0,66.47283038497417,36.55802446630727,10.560971830187746,0.0,0.9435349326396416,-0.0342255122506292,-43.15730642583874,63.70001399999999,9.600001375035141,-43.163796732897005,61.934188613576,0.0,1,1.0658141036401503e-14,0.0,0.9435349326396274,-0.03422551626930348,-43.15730642583837,-63.70001399999998,9.600001375035106,-43.16379673289655,-61.934188613576,0.0,1,-2.4868995751603507e-14,0.0,0.10729842244479926,0.7264562350466468,73.50969008279063,63.70001399999999,9.599957903271296,73.53930091485063,59.9925097393973,0.0,1,3.552713678800501e-15,0.0,0.10729842244479926,0.7264562350466468,73.50969008279063,-63.70001399999998,9.599957903271296,73.53930091485063,-59.99250973939729,0.0,1,3.552713678800501e-15
2.0833333333333335,2083333,lower_into_sit,-6.635941389777985,0.0,66.40665790651033,0.9802521126186292,0.0,-0.19775185386416566,0.0,-6.635941389777985,0.0,66.40665790651033,36.527855343118794,10.371442046122226,0.0,0.9480861643174858,-0.03341075467278953,-43.16909753610462,63.70001399999999,9.600002105533484,-43.163796732897005,61.934188613576,0.0,1,-7.105427357601002e-15,0.0,0.9480861643174716,-0.03341075859742926,-43.16909753610425,-63.70001399999998,9.600002105533477,-43.16379673289655,-61.934188613576,0.0,1,-1.4210854715202004e-14,0.0,0.10746021376228976,0.7310600713234638,73.50912307574886,63.70001399999999,9.599956137607258,73.53930091485063,59.9925097393973,0.0,1,-5.329070518200751e-15,0.0,0.10746021376228976,0.7310600713234638,73.50912307574886,-63.70001399999998,9.599956137607258,73.53930091485063,-59.99250973939729,0.0,1,-5.329070518200751e-15
2.091666666666667,2091667,lower_into_sit,-6.665804893110489,0.0,66.34115576981318,0.9800745651242475,0.0,-0.1986299242222006,0.0,-6.665804893110489,0.0,66.34115576981318,36.508521877245684,10.184013039443812,0.0,0.9525995426430889,-0.032591060107513226,-43.180681683460925,63.70001399999999,9.600001120544555,-43.1743267703564,61.93369651697785,0.0,1,-2.4868995751603507e-14,0.0,0.9525995426430747,-0.03259106393747002,-43.18068168346054,-63.70001399999998,9.600001120544597,-43.17432677035594,-61.93369651697785,0.0,1,1.7763568394002505e-14,0.0,0.10761727103806873,0.7356413511687085,73.5085621344315,63.70001399999999,9.5999543578777,73.53930091485063,59.9925097393973,0.0,1,2.4868995751603507e-14,0.0,0.10761727103806873,0.7356413511687085,73.5085621344315,-63.70001399999998,9.5999543578777,73.53930091485063,-59.99250973939729,0.0,1,2.4868995751603507e-14
2.1,2100000,lower_into_sit,-6.695359999999998,0.0,66.27633006500486,0.9798980767407428,0.0,-0.19949876992050208,0.0,-6.695359999999998,0.0,66.27633006500486,36.48939035564235,9.998697074400766,0.0,0.9570745123522766,-0.0317667517332918,-43.1920595396114,63.70001399999999,9.599997155906152,-43.18475035564258,61.932212599095244,0.0,1,1.2434497875801753e-14,0.0,0.9570745123522624,-0.03176675546795238,-43.19205953961102,-63.70001399999998,9.599997155906152,-43.18475035564212,-61.93221259909524,0.0,1,1.2434497875801753e-14,0.0,0.1077697190511282,0.7401992037675651,73.50800698697581,63.70001399999999,9.599954965372135,73.4795563259037,65.90477742429005,0.0,1,2.3092638912203256e-14,0.0,0.1077697190511282,0.7401992037675651,73.50800698697581,-63.70001399999998,9.599954965372135,73.4795563259037,-65.90477742429005,0.0,1,2.3092638912203256e-14
2.1083333333333334,2108333,lower_into_sit,-6.724604001493992,0.0,66.21218673385903,0.9797226880021997,0.0,-0.20035831555926117,0.0,-6.724604001493992,0.0,66.21218673385903,36.48026337502924,9.815505958193462,0.0,0.9615106437529892,-0.030938265501821327,-43.20323257310464,63.70001399999999,9.59999786220419,-43.20486737652347,61.92636466693596,0.0,1,-6.750155989720952e-14,0.0,0.961510643752975,-0.03093826914062392,-43.203232573104245,-63.70001399999998,9.599997862204262,-43.204867376523,-61.92636466693597,0.0,1,3.552713678800501e-15,0.0,0.10791760575633447,0.7447329165985863,73.5074579489791,63.70001399999999,9.599956576814208,73.4795563259037,65.90477742429005,0.0,1,2.6645352591003757e-14,0.0,0.10791760575633447,0.7447329165985863,73.5074579489791,-63.70001399999998,9.599956576814208,73.4795563259037,-65.90477742429005,0.0,1,2.6645352591003757e-14
2.1166666666666667,2116667,lower_into_sit,-6.753534257227051,0.0,66.14873156771154,0.9795484390454958,0.0,-0.20120848780191275,0.0,-6.753534257227051,0.0,66.14873156771154,36.46083036427478,9.634451039069639,0.0,0.9659073737490154,-0.030105919888804067,-43.214201497874186,63.70001399999999,9.600000852143395,-43.21436462150206,61.92205024373641,0.0,1,0.0,0.0,0.9659073737490012,-0.030105923431217985,-43.2142014978738,-63.70001399999998,9.600000852143381,-43.2143646215016,-61.92205024373641,0.0,1,-1.4210854715202004e-14,0.0,0.10806098645872542,0.749241759605185,73.5069152808334,63.70001399999999,9.599958138704203,73.4795563259037,65.90477742429005,0.0,1,-8.881784197001252e-15,0.0,0.10806098645872542,0.749241759605185,73.5069152808334,-63.70001399999998,9.599958138704203,73.4795563259037,-65.90477742429005,0.0,1,-8.881784197001252e-15
2.125,2125000,lower_into_sit,-6.7821481963734565,0.0,66.0859702053709,0.9793753695884599,0.0,-0.20204921539928686,0.0,-6.7821481963734565,0.0,66.0859702053709,36.44120964073016,9.455543204429532,0.0,0.9702641099614189,-0.029270009956325005,-43.22496688700158,63.70001399999999,9.60000136715474,-43.22335783710384,61.916869884287514,0.0,1,2.3092638912203256e-14,0.0,0.9702641099614047,-0.029270013401856865,-43.2249668870012,-63.70001399999998,9.600001367154732,-43.223357837103386,-61.91686988428751,0.0,1,1.5987211554602254e-14,0.0,0.10819993869326217,0.7537249528021026,73.50637907293212,63.70001399999999,9.59995965186991,73.4795563259037,65.90477742429005,0.0,1,1.4210854715202004e-14,0.0,0.10819993869326217,0.7537249528021026,73.50637907293212,-63.70001399999998,9.59995965186991,73.4795563259037,-65.90477742429005,0.0,1,1.4210854715202004e-14
2.1333333333333333,2133333,lower_into_sit,-6.810443318599805,0.0,66.02390813102896,0.9792035189081242,0.0,-0.20288042921372887,0.0,-6.810443318599805,0.0,66.02390813102896,36.49044734586483,9.278792878937594,0.0,0.9745813949303432,-0.02843182041524317,-43.23553611234633,63.70001399999999,9.600076731836552,-43.30089066446487,62.450015783973974,0.0,1,-1.0658141036401503e-14,0.0,0.9745813949303281,-0.028431823763547914,-43.23553611234593,-63.70001399999998,9.60007673183658,-43.30089066446439,-62.45001578397398,0.0,1,1.5987211554602254e-14,0.0,0.10833454055314062,0.7581817121270915,73.5058494108866,63.70001399999999,9.599961117159332,73.4795563259037,65.90477742429005,0.0,1,4.618527782440651e-14,0.0,0.10833454055314062,0.7581817121270915,73.5058494108866,-63.70001399999998,9.599961117159332,73.4795563259037,-65.90477742429005,0.0,1,4.618527782440651e-14
2.1416666666666666,2141667,lower_into_sit,-6.838417195017591,0.0,65.96255067217137,0.9790329258190815,0.0,-0.20370206224319062,0.0,-6.838417195017591,0.0,65.96255067217137,36.46247346944704,9.10421002263714,0.0,0.9788575420831496,-0.027590682288562984,-43.245903352631984,63.70001399999999,9.600141710942097,-43.30089066446487,62.450015783973974,0.0,1,2.4868995751603507e-14,0.0,0.9788575420831345,-0.027590685539212956,-43.24590335263159,-63.70001399999998,9.600141710942083,-43.30089066446439,-62.45001578397398,0.0,1,1.0658141036401503e-14,0.0,0.10846487063330601,0.7626112497147939,73.50532637554136,63.70001399999999,9.599962535438884,73.4795563259037,65.90477742429005,0.0,1,2.1316282072803006e-14,0.0,0.10846487063330601,0.7626112497147939,73.50532637554136,-63.70001399999998,9.599962535438884,73.4795563259037,-65.90477742429005,0.0,1,2.1316282072803006e-14
2.15,2150000,lower_into_sit,-6.866067469135804,0.0,65.90190299748836,0.9788636286519591,0.0,-0.20451404964529857,0.0,-6.866067469135804,0.0,65.90190299748836,36.434823195328825,8.931804129064552,0.0,0.9830920117811335,-0.026746941470243257,-43.256069582466765,63.70001399999999,9.600194557676453,-43.30089066446487,62.450015783973974,0.0,1,-1.7763568394002505e-14,0.0,0.9830920117811193,-0.026746944622850766,-43.25606958246639,-63.70001399999998,9.600194557676467,-43.30089066446439,-62.45001578397398,0.0,1,-3.552713678800501e-15,0.0,0.10859100797389809,0.7670127741895709,73.50481004299345,63.70001399999999,9.599963907591594,73.4795563259037,65.90477742429005,0.0,1,1.7763568394002505e-15,0.0,0.10859100797389809,0.7670127741895709,73.50481004299345,-63.70001399999998,9.599963907591594,73.4795563259037,-65.90477742429005,0.0,1,1.7763568394002505e-15
2.158333333333333,2158333,lower_into_sit,-6.893391857813532,0.0,65.84197011478513,0.9786956652320167,0.0,-0.2053163287614024,0.0,-6.893391857813532,0.0,65.84197011478513,36.4074988066511,8.761584223358746,0.0,0.9872843038084262,-0.025900974860344927,-43.26603607096796,63.70001399999999,9.600235915431703,-43.30089066446487,62.450015783973974,0.0,1,1.2434497875801753e-14,0.0,0.9872843038084103,-0.0259009779145698,-43.26603607096755,-63.70001399999998,9.600235915431682,-43.30089066446439,-62.45001578397398,0.0,1,-8.881784197001252e-15,0.0,0.10871303200366533,0.7713854909778926,73.504300484617,63.70001399999999,9.599965234515082,73.4795563259037,65.90477742429005,0.0,1,2.842170943040401e-14,0.0,0.10871303200366533,0.7713854909778926,73.504300484617,-63.70001399999998,9.599965234515082,73.4795563259037,-65.90477742429005,0.0,1,2.842170943040401e-14
2.1666666666666665,2166667,lower_into_sit,-6.920388152212568,0.0,65.78275686889252,0.9785290728578844,0.0,-0.20610883914060832,0.0,-6.920388152212568,0.0,65.78275686889252,36.380502512252065,8.593558860363075,0.0,0.9914339231605442,-0.025053162405594076,-43.275804146749316,63.70001399999999,9.600266409910802,-43.30089066446487,62.450015783973974,0.0,1,1.5987211554602254e-14,0.0,0.9914339231605283,-0.02505316536113389,-43.27580414674892,-63.70001399999998,9.600266409910773,-43.30089066446439,-62.45001578397398,0.0,1,-1.0658141036401503e-14,0.0,0.10883102248338972,0.7757286026409624,73.50379776709217,63.70001399999999,9.59996651711959,73.4795563259037,65.90477742429005,0.0,1,1.7763568394002505e-15,0.0,0.10883102248338972,0.7757286026409624,73.50379776709217,-63.70001399999998,9.59996651711959,73.4795563259037,-65.90477742429005,0.0,1,1.7763568394002505e-15
2.175,2175000,lower_into_sit,-6.947054218749999,0.0,65.72426793957763,0.9783638882804458,0.0,-0.20689152256380003,0.0,-6.947054218749999,0.0,65.72426793957763,36.353836445714634,8.427736122715729,0.0,0.9955403803577312,-0.024203886855465484,-43.28537519664166,63.70001399999999,9.600286649100148,-43.30089066446487,62.450015783973974,0.0,1,-3.552713678800501e-15,0.0,0.9955403803577152,-0.024203889712065774,-43.285375196641255,-63.70001399999998,9.60028664910017,-43.30089066446439,-62.45001578397398,0.0,1,1.7763568394002505e-14,0.0,0.1089450594493746,0.7800413092282148,73.50330195243932,63.70001399999999,9.599967756326492,73.4795563259037,65.90477742429005,0.0,1,-1.0658141036401503e-14,0.0,0.1089450594493746,0.7800413092282148,73.50330195243932,-63.70001399999998,9.599967756326492,73.4795563259037,-65.90477742429005,0.0,1,-1.0658141036401503e-14
2.183333333333333,2183333,lower_into_sit,-6.973388000050805,0.0,65.66650783945431,0.9782001476818808,0.0,-0.20766432306765337,0.0,-6.973388000050805,0.0,65.66650783945431,36.32750266441383,8.264123618924827,0.0,0.9996031917680313,-0.023353533508223112,-43.294750664358574,63.70001399999999,9.60029722326508,-43.30089066446487,62.450015783973974,0.0,1,7.105427357601002e-15,0.0,0.9996031917680153,-0.023353536265670716,-43.29475066435817,-63.70001399999998,9.60029722326506,-43.30089066446439,-62.45001578397398,0.0,1,-1.4210854715202004e-14,0.0,0.10905522315703742,0.784322808652326,73.5028130980573,63.70001399999999,9.599968953066352,73.4795563259037,65.90477742429005,0.0,1,4.085620730620576e-14,0.0,0.10905522315703742,0.784322808652326,73.5028130980573,-63.70001399999998,9.599968953066352,73.4795563259037,-65.90477742429005,0.0,1,4.085620730620576e-14
2.191666666666667,2191667,lower_into_sit,-6.999387515900459,0.0,65.60948091189387,0.9780378866548762,0.0,-0.20842718696864734,0.0,-6.999387515900459,0.0,65.60948091189387,36.30150314856417,8.102728481425075,0.0,1.00362187993999,-0.022502489946957027,-43.30393204910775,63.70001399999999,9.600298704968075,-43.30089066446487,62.450015783973974,0.0,1,-7.105427357601002e-15,0.0,1.003621879939974,-0.022502492605084967,-43.30393204910737,-63.70001399999998,9.600298704968083,-43.30089066446439,-62.45001578397398,0.0,1,0.0,0.0,0.10916159402466175,0.788572297086378,73.50233125676581,63.70001399999999,9.599970108277041,73.4795563259037,65.90477742429005,0.0,1,2.1316282072803006e-14,0.0,0.10916159402466175,0.788572297086378,73.50233125676581,-63.70001399999998,9.599970108277041,73.4795563259037,-65.90477742429005,0.0,1,2.1316282072803006e-14
2.2,2200000,lower_into_sit,-7.025050864197532,0.0,65.55319132893553,0.9778771401820162,0.0,-0.20918006288707677,0.0,-7.025050864197532,0.0,65.55319132893553,36.2758398002671,7.943557364611728,0.0,1.0075959739448797,-0.021651145765706037,-43.31292090414941,63.70001399999999,9.600291649109685,-43.30089066446487,62.450015783973974,0.0,1,-1.9539925233402755e-14,0.0,1.0075959739448646,-0.021651148324390856,-43.312920904149024,-63.70001399999998,9.600291649109685,-43.30089066446439,-62.45001578397398,0.0,1,-1.9539925233402755e-14,0.0,0.10926425257734573,0.792788969383754,73.50185647685282,63.70001399999999,9.599971222902496,73.4795563259037,65.90477742429005,0.0,1,1.5987211554602254e-14,0.0,0.10926425257734573,0.792788969383754,73.50185647685282,-63.70001399999998,9.599971222902496,73.4795563259037,-65.90477742429005,0.0,1,1.5987211554602254e-14
2.2083333333333335,2208333,lower_into_sit,-7.050376221906281,0.0,65.49764308919713,0.9777179426153608,0.0,-0.2099229017710694,0.0,-7.050376221906281,0.0,65.49764308919713,36.25051444255835,7.786616442849002,0.0,1.011525009728306,-0.020799892285748633,-43.321718835302505,63.70001399999999,9.60027659299108,-43.30089066446487,62.450015783973974,0.0,1,2.3092638912203256e-14,0.0,1.01152500972829,-0.02079989474491617,-43.32171883530211,-63.70001399999998,9.600276592991023,-43.30089066446439,-62.45001578397398,0.0,1,-3.375077994860476e-14,0.0,0.1093632793912045,0.7969720195214034,73.50138880212549,63.70001399999999,9.59997229789078,73.4795563259037,65.90477742429005,0.0,1,1.4210854715202004e-14,0.0,0.1093632793912045,0.7969720195214034,73.50138880212549,-63.70001399999998,9.59997229789078,73.4795563259037,-65.90477742429005,0.0,1,1.4210854715202004e-14
2.216666666666667,2216667,lower_into_sit,-7.0753618460092484,0.0,65.4428400157856,0.9775603276562244,0.0,-0.2106556569206134,0.0,-7.0753618460092484,0.0,65.4428400157856,36.22552881845538,7.63191140844868,0.0,1.0154085304710296,-0.019949122262212793,-43.330327499400404,63.70001399999999,9.600254056397752,-43.30089066446487,62.450015783973974,0.0,1,5.329070518200751e-15,0.0,1.0154085304710136,-0.01994912462183196,-43.33032749940001,-63.70001399999998,9.600254056397738,-43.30089066446439,-62.45001578397398,0.0,1,-8.881784197001252e-15,0.0,0.1094587550378825,0.8011206410669782,73.50092827196482,63.70001399999999,9.599973334192612,73.4795563259037,65.90477742429005,0.0,1,-2.3092638912203256e-14,0.0,0.1094587550378825,0.8011206410669782,73.50092827196482,-63.70001399999998,9.599973334192612,73.4795563259037,-65.90477742429005,0.0,1,-2.3092638912203256e-14
2.225,2225000,lower_into_sit,-7.100006074459876,0.0,65.38878575420766,0.9774043283351634,0.0,-0.21137828401159844,0.0,-7.100006074459876,0.0,65.38878575420766,36.25834446578585,7.479447469615842,0.0,1.019246535348655,-0.019099606628843357,-43.3387511632866,63.70001399999999,9.600256671858958,-43.358350540245965,62.45001578028755,0.0,1,-3.552713678800501e-15,0.0,1.019246535348639,-0.019099608888974107,-43.33875116328621,-63.70001399999998,9.60025667185895,-43.35835054024549,-62.45001578028754,0.0,1,-1.0658141036401503e-14,0.0,0.10955076002941011,0.8052340276704482,73.50047492138472,63.70001399999999,9.599974332760034,73.4795563259037,65.90477742429005,0.0,1,1.4210854715202004e-14,0.0,0.10955076002941011,0.8052340276704482,73.50047492138472,-63.70001399999998,9.599974332760034,73.4795563259037,-65.90477742429005,0.0,1,1.4210854715202004e-14
2.2333333333333334,2233333,lower_into_sit,-7.124307327135092,0.0,65.33548377028029,0.9772499769921832,0.0,-0.2120907411198742,0.0,-7.124307327135092,0.0,65.33548377028029,36.23404321311063,7.32922934835792,0.0,1.023038377285257,-0.018251561046339848,-43.3469904102848,63.70001399999999,9.600269957068775,-43.358350540245965,62.45001578028755,0.0,1,1.5987211554602254e-14,0.0,1.023038377285241,-0.018251563207067445,-43.3469904102844,-63.70001399999998,9.600269957068797,-43.35835054024549,-62.45001578028754,0.0,1,3.730349362740526e-14,0.0,0.1096393747634603,0.809311373580675,73.50002878109427,63.70001399999999,9.59997529454462,73.4795563259037,65.90477742429005,0.0,1,2.6645352591003757e-14,0.0,0.1096393747634603,0.809311373580675,73.50002878109427,-63.70001399999998,9.59997529454462,73.4795563259037,-65.90477742429005,0.0,1,2.6645352591003757e-14
2.2416666666666667,2241667,lower_into_sit,-7.148264106787904,0.0,65.28293734804141,0.9770973052571731,0.0,-0.21279298874533123,0.0,-7.148264106787904,0.0,65.28293734804141,36.21008643345782,7.181261278353787,0.0,1.026783368465125,-0.017405166199885524,-43.355045574192886,63.70001399999999,9.600276109484994,-43.358350540245965,62.45001578028755,0.0,1,-4.085620730620576e-14,0.0,1.0267833684651109,-0.017405168261315662,-43.355045574192516,-63.70001399999998,9.600276109485058,-43.35835054024549,-62.45001578028754,0.0,1,2.3092638912203256e-14,0.0,0.10972467946907427,0.8133518741873722,73.49958987756317,63.70001399999999,9.599976220496423,73.4795563259037,65.90477742429005,0.0,1,4.085620730620576e-14,0.0,0.10972467946907427,0.8133518741873722,73.49958987756317,-63.70001399999998,9.599976220496423,73.4795563259037,-65.90477742429005,0.0,1,4.085620730620576e-14
2.25,2250000,lower_into_sit,-7.171875,0.0,65.23114958766043,0.9769463440305817,0.0,-0.21348498983600805,0.0,-7.171875,0.0,65.23114958766043,36.18647554024572,7.035547002779062,0.0,1.0304810848474055,-0.016560817743718648,-43.36291849888656,63.70001399999999,9.60027559161211,-43.358350540245965,62.45001578028755,0.0,1,-1.7763568394002505e-14,0.0,1.0304810848473904,-0.01656081970600587,-43.36291849888618,-63.70001399999998,9.600275591612167,-43.35835054024549,-62.45001578028754,0.0,1,4.085620730620576e-14,0.0,0.10980675415288488,0.8173547265889609,73.49915823309085,63.70001399999999,9.599977111562438,73.4795563259037,65.90477742429005,0.0,1,-1.7763568394002505e-15,0.0,0.10980675415288488,0.8173547265889609,73.49915823309085,-63.70001399999998,9.599977111562438,73.4795563259037,-65.90477742429005,0.0,1,-1.7763568394002505e-15
2.2583333333333333,2258333,lower_into_sit,-7.195138678134364,0.0,65.18012340334879,0.9767971234643376,0.0,-0.21416670981222935,0.0,-7.195138678134364,0.0,65.18012340334879,36.16321186211136,6.8920897720844465,0.0,1.0341311115634486,-0.015718911161746174,-43.37061107094032,63.70001399999999,9.600268849388378,-43.358350540245965,62.45001578028755,0.0,1,1.7763568394002505e-15,0.0,1.0341311115634326,-0.015718913025090764,-43.37061107093994,-63.70001399999998,9.600268849388371,-43.35835054024549,-62.45001578028754,0.0,1,-5.329070518200751e-15,0.0,0.10988567854589748,0.8213191301866396,73.49873386587868,63.70001399999999,9.599977968685629,73.4795563259037,65.90477742429005,0.0,1,4.440892098500626e-14,0.0,0.10988567854589748,0.8213191301866396,73.49873386587868,-63.70001399999998,9.599977968685629,73.4795563259037,-65.90477742429005,0.0,1,4.440892098500626e-14
2.2666666666666666,2266667,lower_into_sit,-7.218053898287864,0.0,65.1298615212706,0.97664967294303,0.0,-0.21483811659077787,0.0,-7.218053898287864,0.0,65.1298615212706,36.14029664195786,6.7508923417236915,0.0,1.0377330433281298,-0.0148798414202167,-43.37812521781216,63.70001399999999,9.600256312373979,-43.358350540245965,62.45001578028755,0.0,1,-2.3092638912203256e-14,0.0,1.0377330433281138,-0.01487984318486646,-43.37812521781177,-63.70001399999998,9.600256312373972,-43.35835054024549,-62.45001578028754,0.0,1,-3.019806626980426e-14,0.0,0.1099615320508911,0.8252442873050305,73.49831679010417,63.70001399999999,9.59997879280317,73.4795563259037,65.90477742429005,0.0,1,-2.4868995751603507e-14,0.0,0.1099615320508911,0.8252442873050305,73.49831679010417,-63.70001399999998,9.59997879280317,73.4795563259037,-65.90477742429005,0.0,1,-2.4868995751603507e-14
2.275,2275000,lower_into_sit,-7.2406195042438295,0.0,65.08036647745325,0.9765040210653536,0.0,-0.2154991806091046,0.0,-7.2406195042438295,0.0,65.08036647745325,36.11773103600189,6.611956969827858,0.0,1.0412864848585421,-0.014044002612439321,-43.385462905991425,63.70001399999999,9.600238393955344,-43.358350540245965,62.45001578028755,0.0,1,4.618527782440651e-14,0.0,1.0412864848585262,-0.014044004278687794,-43.38546290599105,-63.70001399999998,9.600238393955259,-43.35835054024549,-62.45001578028754,0.0,1,-3.907985046680551e-14,0.0,0.11003439369047774,0.8291294038396404,73.49790701599919,63.70001399999999,9.59997958484606,73.4795563259037,65.90477742429005,0.0,1,1.7763568394002505e-15,0.0,0.11003439369047774,0.8291294038396404,73.49790701599919,-63.70001399999998,9.59997958484606,73.4795563259037,-65.90477742429005,0.0,1,1.7763568394002505e-15
2.283333333333333,2283333,lower_into_sit,-7.262834427424683,0.0,65.03164061569794,0.9763601956258302,0.0,-0.2161498748495832,0.0,-7.262834427424683,0.0,65.03164061569794,36.09551611282104,6.47528541482211,0.0,1.0447910512996739,-0.013211787595968971,-43.39262613911197,63.70001399999999,9.600215491564356,-43.358350540245965,62.45001578028755,0.0,1,8.881784197001252e-15,0.0,1.0447910512996579,-0.013211789164159882,-43.3926261391116,-63.70001399999998,9.600215491564335,-43.35835054024549,-62.45001578028754,0.0,1,-1.2434497875801753e-14,0.0,0.11010434205588338,0.8329736899314089,73.49750454992922,63.70001399999999,9.599980345737272,73.4795563259037,65.90477742429005,0.0,1,-2.6645352591003757e-14,0.0,0.11010434205588338,0.8329736899314089,73.49750454992922,-63.70001399999998,9.599980345737272,73.4795563259037,-65.90477742429005,0.0,1,-2.6645352591003757e-14
2.2916666666666665,2291667,lower_into_sit,-7.28469768784452,0.0,64.98368608549026,0.9762182235968138,0.0,-0.21679017486380991,0.0,-7.28469768784452,0.0,64.98368608549026,36.1530014144102,6.340878932982406,0.0,1.0482469476424754,-0.012384061552094483,-43.399620160759,63.70001399999999,9.600229043416604,-43.43769910225495,62.45001577512771,0.0,1,-1.7763568394002505e-14,0.0,1.0482469476424594,-0.012384063022671032,-43.39962016075862,-63.70001399999998,9.600229043416583,-43.437699102254484,-62.45001577512771,0.0,1,-3.907985046680551e-14,0.0,0.11017145525649985,0.836776360668388,73.49710939447604,63.70001399999999,9.59998107639133,73.4795563259037,65.90477742429005,0.0,1,-7.105427357601002e-15,0.0,0.11017145525649985,0.836776360668388,73.49710939447604,-63.70001399999998,9.59998107639133,73.4795563259037,-65.90477742429005,0.0,1,-7.105427357601002e-15
2.3,2300000,lower_into_sit,-7.306208395061729,0.0,64.9365048399108,0.976078131110788,0.0,-0.2174200587969549,0.0,-7.306208395061729,0.0,64.9365048399108,36.13149070719299,6.208738275928347,0.0,1.0516534518704255,-0.011560912953695102,-43.40644505428197,63.70001399999999,9.600253688123615,-43.43769910225495,62.45001577512771,0.0,1,1.5987211554602254e-14,0.0,1.0516534518704095,-0.011560914327116034,-43.4064450542816,-63.70001399999998,9.600253688123637,-43.437699102254484,-62.45001577512771,0.0,1,3.730349362740526e-14,0.0,0.11023581087026146,0.8405366368147309,73.4967215485214,63.70001399999999,9.599981777712976,73.4795563259037,65.90477742429005,0.0,1,3.197442310920451e-14,0.0,0.11023581087026146,0.8405366368147309,73.4967215485214,-63.70001399999998,9.599981777712976,73.4795563259037,-65.90477742429005,0.0,1,3.197442310920451e-14
2.308333333333333,2308333,lower_into_sit,-7.327365749131552,0.0,64.89009863354575,0.975939943442966,0.0,-0.21803950741216688,0.0,-7.327365749131552,0.0,64.89009863354575,36.11033335312317,6.078863688049601,0.0,1.0550099770322987,-0.010742535696889544,-43.41310160573915,63.70001399999999,9.60027305106528,-43.43769910225495,62.45001577512771,0.0,1,-1.9539925233402755e-14,0.0,1.0550099770322845,-0.0107425369736327,-43.41310160573881,-63.70001399999998,9.600273051065336,-43.437699102254484,-62.45001577512771,0.0,1,3.730349362740526e-14,0.0,0.11029748589489952,0.84425374556686,73.49634100733331,63.70001399999999,9.599982450596336,73.4795563259037,65.90477742429005,0.0,1,1.2434497875801753e-14,0.0,0.11029748589489952,0.84425374556686,73.49634100733331,-63.70001399999998,9.599982450596336,73.4795563259037,-65.90477742429005,0.0,1,1.2434497875801753e-14
2.316666666666667,2316667,lower_into_sit,-7.348169041558701,0.0,64.84446902039748,0.9758036849941982,0.0,-0.21864850411503758,0.0,-7.348169041558701,0.0,64.84446902039748,36.08953006069602,5.951254903862051,0.0,1.058316184471174,-0.00992931432994748,-43.41959194797597,63.70001399999999,9.60028748646669,-43.43769910225495,62.45001577512771,0.0,1,-2.3092638912203256e-14,0.0,1.058316184471158,-0.009929315510542658,-43.4195919479756,-63.70001399999998,9.600287486466684,-43.437699102254484,-62.45001577512771,0.0,1,-3.019806626980426e-14,0.0,0.11035655670012678,0.8479269213367981,73.49596776265356,63.70001399999999,9.59998309592428,73.4795563259037,65.90477742429005,0.0,1,0.0,0.0,0.11035655670012678,0.8479269213367981,73.49596776265356,-63.70001399999998,9.59998309592428,73.4795563259037,-65.90477742429005,0.0,1,0.0
2.325,2325000,lower_into_sit,-7.3686176562500005,0.0,64.79961735179506,0.9756693792741981,0.0,-0.2192470349781292,0.0,-7.3686176562500005,0.0,64.79961735179506,36.069081446004716,5.825911145290931,0.0,1.0615717481796878,-0.009121630253278834,-43.42591824124949,63.70001399999999,9.600297334101654,-43.43769910225495,62.45001577512771,0.0,1,-5.329070518200751e-15,0.0,1.0615717481796718,-0.009121631338299352,-43.425918241249114,-63.70001399999998,9.600297334101668,-43.437699102254484,-62.45001577512771,0.0,1,8.881784197001252e-15,0.0,0.1104130989808092,0.8515554065624316,73.49560180278657,63.70001399999999,9.59998371456745,73.4795563259037,65.90477742429005,0.0,1,3.019806626980426e-14,0.0,0.1104130989808092,0.8515554065624316,73.49560180278657,-63.70001399999998,9.59998371456745,73.4795563259037,-65.90477742429005,0.0,1,3.019806626980426e-14
2.3333333333333335,2333333,lower_into_sit,-7.388711070466904,0.0,64.75554477430495,0.9755370488850931,0.0,-0.21983508876556435,0.0,-7.388711070466904,0.0,64.75554477430495,36.048988031787815,5.702831118878741,0.0,1.0647763552585268,-0.00831986132074336,-43.43208267119433,63.70001399999999,9.600302919572258,-43.43769910225495,62.45001577512771,0.0,1,0.0,0.0,1.0647763552585099,-0.008319862310810056,-43.43208267119394,-63.70001399999998,9.600302919572279,-43.437699102254484,-62.45001577512771,0.0,1,2.3092638912203256e-14,0.0,0.11046718771116426,0.8551384525443995,73.49524311268948,63.70001399999999,9.599984307383465,73.4795563259037,65.90477742429005,0.0,1,1.9539925233402755e-14,0.0,0.11046718771116426,0.8551384525443995,73.49524311268948,-63.70001399999998,9.599984307383465,73.4795563259037,-65.90477742429005,0.0,1,1.9539925233402755e-14
2.341666666666667,2341667,lower_into_sit,-7.408448855778144,0.0,64.71225222764151,0.9754067155053076,0.0,-0.2204126569576892,0.0,-7.408448855778144,0.0,64.71225222764151,36.02925024647657,5.582013012913592,0.0,1.0679297063786288,-0.007524381436965655,-43.43808744677618,63.70001399999999,9.600304554597948,-43.43769910225495,62.45001577512771,0.0,1,5.329070518200751e-15,0.0,1.0679297063786137,-0.007524382332741997,-43.43808744677583,-63.70001399999998,9.600304554597948,-43.437699102254484,-62.45001577512771,0.0,1,5.329070518200751e-15,0.0,0.1105188971000608,0.8586753203092359,73.49489167406327,63.70001399999999,9.599984875216471,73.4795563259037,65.90477742429005,0.0,1,3.552713678800501e-15,0.0,0.1105188971000608,0.8586753203092359,73.49489167406327,-63.70001399999998,9.599984875216471,73.4795563259037,-65.90477742429005,0.0,1,3.552713678800501e-15
2.35,2350000,lower_into_sit,-7.427830679012345,0.0,64.6697404425776,0.9752783998737861,0.0,-0.22097973377580898,0.0,-7.427830679012345,0.0,64.6697404425776,36.009868423242374,5.463454494476245,0.0,1.0710315162465651,-0.006735560151243103,-43.44393479823805,63.70001399999999,9.600302537313127,-43.43769910225495,62.45001577512771,0.0,1,-8.881784197001252e-15,0.0,1.0710315162465474,-0.0067355609534454075,-43.44393479823763,-63.70001399999998,9.600302537313134,-43.437699102254484,-62.45001577512771,0.0,1,-3.552713678800501e-15,0.0,0.11056830054744893,0.862165281498239,73.49454746544433,63.70001399999999,9.59998541889643,73.4795563259037,65.90477742429005,0.0,1,3.730349362740526e-14,0.0,0.11056830054744893,0.862165281498239,73.49454746544433,-63.70001399999998,9.59998541889643,73.4795563259037,-65.90477742429005,0.0,1,3.730349362740526e-14
2.3583333333333334,2358333,lower_into_sit,-7.446856303210575,0.0,64.6280099388552,0.9751521217745633,0.0,-0.22153631620699837,0.0,-7.446856303210575,0.0,64.6280099388552,35.990842799044145,5.347152706402916,0.0,1.0740815140724642,-0.005953762248752881,-43.449626975041724,63.70001399999999,9.600297152572736,-43.43769910225495,62.45001577512771,0.0,1,-3.552713678800501e-15,0.0,1.0740815140724482,-0.005953762958134767,-43.44962697504135,-63.70001399999998,9.60029715257275,-43.437699102254484,-62.45001577512771,0.0,1,1.0658141036401503e-14,0.0,0.11061547060197752,0.8656076192814579,73.49421046229686,63.70001399999999,9.59998593923838,73.4795563259037,65.90477742429005,0.0,1,-3.552713678800501e-15,0.0,0.11061547060197752,0.8656076192814579,73.49421046229686,-63.70001399999998,9.59998593923838,73.4795563259037,-65.90477742429005,0.0,1,-3.552713678800501e-15
2.3666666666666667,2366667,lower_into_sit,-7.465525588578982,0.0,64.58706102309593,0.9750279000216879,0.0,-0.22208240402899398,0.0,-7.465525588578982,0.0,64.58706102309593,35.972173513675735,5.233104264160815,0.0,1.077079444039967,-0.005179347339673512,-43.45516624381036,63.70001399999999,9.600288672264568,-43.43769910225495,62.45001577512771,0.0,1,1.7763568394002505e-15,0.0,1.077079444039951,-0.005179347957037006,-43.455166243810005,-63.70001399999998,9.600288672264568,-43.437699102254484,-62.45001577512771,0.0,1,1.7763568394002505e-15,0.0,0.11066047891986663,0.8690016292960223,73.49388063710501,63.70001399999999,9.599986437042332,73.4795563259037,65.90477742429005,0.0,1,0.0,0.0,0.11066047891986663,0.8690016292960223,73.49388063710501,-63.70001399999998,9.599986437042332,73.4795563259037,-65.90477742429005,0.0,1,0.0
2.375,2375000,lower_into_sit,-7.483838493441362,0.0,64.5468937867117,0.9749057524445063,0.0,-0.22261799983516864,0.0,-7.483838493441362,0.0,64.5468937867117,35.95386060881336,5.121305252634329,0.0,1.0800250657775177,-0.004412669446977269,-43.4605548862746,63.70001399999999,9.60027735562791,-43.43769910225495,62.45001577512771,0.0,1,-1.5987211554602254e-14,0.0,1.0800250657775017,-0.004412669973168359,-43.46055488627424,-63.70001399999998,9.600277355627881,-43.437699102254484,-62.45001577512771,0.0,1,-4.440892098500626e-14,0.0,0.11070339622505276,0.8723466206079804,73.49355795946568,63.70001399999999,9.599986913092444,73.4795563259037,65.90477742429005,0.0,1,2.6645352591003757e-14,0.0,0.11070339622505276,0.8723466206079804,73.49355795946568,-63.70001399999998,9.599986913092444,73.4795563259037,-65.90477742429005,0.0,1,2.6645352591003757e-14
2.3833333333333333,2383333,lower_into_sit,-7.501795075191791,0.0,64.5075081038153,0.9747856958733125,0.0,-0.2231431090595939,0.0,-7.501795075191791,0.0,64.5075081038153,35.98785277680591,5.011751222818809,0.0,1.082918254124987,-0.003654154913092622,-43.46579572386925,63.70001399999999,9.600270386821862,-43.48964785199794,62.45001577169819,0.0,1,0.0,0.0,1.0829182541249711,-0.0036541553490110346,-43.46579572386888,-63.70001399999998,9.600270386821876,-43.489647851997475,-62.45001577169819,0.0,1,1.5987211554602254e-14,0.0,0.11074429227067872,0.8756419166966545,73.49324239618062,63.70001399999999,9.599987368156697,73.4795563259037,65.90477742429005,0.0,1,-1.7763568394002505e-14,0.0,0.11074429227067872,0.8756419166966545,73.49324239618062,-63.70001399999998,9.599987368156697,73.4795563259037,-65.90477742429005,0.0,1,-1.7763568394002505e-14
2.3916666666666666,2391667,lower_into_sit,-7.5193954912472085,0.0,64.46890362913084,0.974667746125372,0.0,-0.22365774000219066,0.0,-7.5193954912472085,0.0,64.46890362913084,35.97025236075049,4.90443718842009,0.0,1.0857589980828593,-0.002904298850991971,-43.470892104349986,63.70001399999999,9.60028169618139,-43.48964785199794,62.45001577169819,0.0,1,1.2434497875801753e-14,0.0,1.0857589980828433,-0.0029042991975956056,-43.47089210434963,-63.70001399999998,9.600281696181383,-43.489647851997475,-62.45001577169819,0.0,1,5.329070518200751e-15,0.0,0.1107832358019758,0.8788868564603121,73.49293391134857,63.70001399999999,9.59998780298686,73.4795563259037,65.90477742429005,0.0,1,3.730349362740526e-14,0.0,0.1107832358019758,0.8788868564603121,73.49293391134857,-63.70001399999998,9.59998780298686,73.4795563259037,-65.90477742429005,0.0,1,3.730349362740526e-14
2.4,2400000,lower_into_sit,-7.536640000000006,0.0,64.43107979590457,0.9745519179913209,0.0,-0.2241619038539726,0.0,-7.536640000000006,0.0,64.43107979590457,35.9530078519977,4.799357622357455,0.0,1.0885468004203442,-0.0021631938052495414,-43.47584471571461,63.70001399999999,9.600290094446834,-43.48964785199794,62.45001577169819,0.0,1,1.0658141036401503e-14,0.0,1.0885468004203283,-0.002163194063513618,-43.475844715714246,-63.70001399999998,9.600290094446848,-43.489647851997475,-62.45001577169819,0.0,1,2.4868995751603507e-14,0.0,0.11082029452056341,0.8820807952420076,73.49263246645612,63.70001399999999,9.599988218317598,73.4795563259037,65.90477742429005,0.0,1,1.7763568394002505e-14,0.0,0.11082029452056341,0.8820807952420076,73.49263246645612,-63.70001399999998,9.599988218317598,73.4795563259037,-65.90477742429005,0.0,1,1.7763568394002505e-14
2.408333333333333,2408333,lower_into_sit,-7.553528961770624,0.0,64.3940358138153,0.9744382252219518,0.0,-0.2246556147223853,0.0,-7.553528961770624,0.0,64.3940358138153,35.93611889022708,4.696506453167295,0.0,1.0912814873573797,-0.0014311675719138606,-43.4806558804256,63.70001399999999,9.60029580630475,-43.48964785199794,62.45001577169819,0.0,1,1.5987211554602254e-14,0.0,1.0912814873573637,-0.001431167742851791,-43.48065588042524,-63.70001399999998,9.600295806304764,-43.489647851997475,-62.45001577169819,0.0,1,3.019806626980426e-14,0.0,0.11085553505023693,0.8852231058740507,73.49233802046858,63.70001399999999,9.599988614866788,73.4795563259037,65.90477742429005,0.0,1,-8.881784197001252e-15,0.0,0.11085553505023693,0.8852231058740507,73.49233802046858,-63.70001399999998,9.599988614866788,73.4795563259037,-65.90477742429005,0.0,1,-8.881784197001252e-15
2.4166666666666665,2416667,lower_into_sit,-7.570062839760196,0.0,64.35777066688499,0.9743266805153845,0.0,-0.2251388896567447,0.0,-7.570062839760196,0.0,64.35777066688499,35.919585012237505,4.595877061305735,0.0,1.0939629029150257,-0.000708540302411631,-43.48532792604414,63.70001399999999,9.600299045464418,-43.48964785199794,62.45001577169819,0.0,1,1.0658141036401503e-14,0.0,1.0939629029150097,-0.0007085403870785711,-43.48532792604379,-63.70001399999998,9.60029904546441,-43.489647851997475,-62.45001577169819,0.0,1,5.329070518200751e-15,0.0,0.11088902290426939,0.8883131797397139,73.49205052991917,63.70001399999999,9.599988993335046,73.4795563259037,65.90477742429005,0.0,1,-5.329070518200751e-15,0.0,0.11088902290426939,0.8883131797397139,73.49205052991917,-63.70001399999998,9.599988993335046,73.4795563259037,-65.90477742429005,0.0,1,-5.329070518200751e-15
2.425,2425000,lower_into_sit,-7.586242201003089,0.0,64.32228311138941,0.9742172955046332,0.0,-0.22561174867377384,0.0,-7.586242201003089,0.0,64.32228311138941,35.903405650994614,4.4974622753486955,0.0,1.0965909093813622,4.375901080155842e-06,-43.489863183292044,63.70001399999999,9.600300014985834,-43.48964785199794,62.45001577169819,0.0,1,-2.4868995751603507e-14,0.0,1.0965909093813462,4.375901588637987e-06,-43.489863183291696,-63.70001399999998,9.60030001498582,-43.489647851997475,-62.45001577169819,0.0,1,-3.907985046680551e-14,0.0,0.11092082245428037,0.891350427850349,73.49176994899705,63.70001399999999,9.599989354405515,73.4795563259037,65.90477742429005,0.0,1,1.0658141036401503e-14,0.0,0.11092082245428037,0.891350427850349,73.49176994899705,-63.70001399999998,9.599989354405515,73.4795563259037,-65.90477742429005,0.0,1,1.0658141036401503e-14
2.433333333333333,2433333,lower_into_sit,-7.602067717319514,0.0,64.28757167376872,0.9741100807455693,0.0,-0.22607421478324422,0.0,-7.602067717319514,0.0,64.28757167376872,35.88758013467819,4.401254368086889,0.0,1.099165387774141,0.000707277386197358,-43.49426398414923,63.70001399999999,9.600298907608511,-43.48964785199794,62.45001577169819,0.0,1,8.881784197001252e-15,0.0,1.099165387774125,0.0007072774707470586,-43.49426398414886,-63.70001399999998,9.60029890760854,-43.489647851997475,-62.45001577169819,0.0,1,3.730349362740526e-14,0.0,0.11095099690069654,0.8943342819362154,73.49149622963415,63.70001399999999,9.59998969874382,73.4795563259037,65.90477742429005,0.0,1,2.3092638912203256e-14,0.0,0.11095099690069654,0.8943342819362154,73.49149622963415,-63.70001399999998,9.59998969874382,73.4795563259037,-65.90477742429005,0.0,1,2.3092638912203256e-14
2.441666666666667,2441667,lower_into_sit,-7.617540166268157,0.0,64.25363464853797,0.9740050457052857,0.0,-0.22652631401372397,0.0,-7.617540166268157,0.0,64.25363464853797,35.872107685729546,4.3072450525138635,0.0,1.1016862382995232,0.0013998693460641753,-43.49853265999154,63.70001399999999,9.60029590607975,-43.48964785199794,62.45001577169819,0.0,1,-1.5987211554602254e-14,0.0,1.1016862382995072,0.0013998695134844752,-43.49853265999118,-63.70001399999998,9.600295906079744,-43.489647851997475,-62.45001577169819,0.0,1,-2.4868995751603507e-14,0.0,0.11097960824486908,0.8972641955490097,73.4912293215901,63.70001399999999,9.599990026997965,73.4795563259037,65.90477742429005,0.0,1,3.019806626980426e-14,0.0,0.11097960824486908,0.8972641955490097,73.4912293215901,-63.70001399999998,9.599990026997965,73.4795563259037,-65.90477742429005,0.0,1,3.019806626980426e-14
2.45,2450000,lower_into_sit,-7.63266043209876,0.0,64.22047009619774,0.9739021987508676,0.0,-0.22696807543843178,0.0,-7.63266043209876,0.0,64.22047009619774,35.85698741989894,4.215425477706418,0.0,1.1041533808061903,0.002081866209250105,-43.502671539773225,63.70001399999999,9.60029118348298,-43.48964785199794,62.45001577169819,0.0,1,-3.730349362740526e-14,0.0,1.1041533808061743,0.002081866458331305,-43.50267153977287,-63.70001399999998,9.600291183482994,-43.489647851997475,-62.45001577169819,0.0,1,-2.3092638912203256e-14,0.0,0.11100671726285283,0.9001396451739909,73.49096917253559,63.70001399999999,9.599990339798268,73.4795563259037,65.90477742429005,0.0,1,1.0658141036401503e-14,0.0,0.11100671726285283,0.9001396451739909,73.49096917253559,-63.70001399999998,9.599990339798268,73.4795563259037,-65.90477742429005,0.0,1,1.0658141036401503e-14
2.4583333333333335,2458333,lower_into_sit,-7.647429506704713,0.0,64.18807584114474,0.9738015471385706,0.0,-0.2273995312012017,0.0,-7.647429506704713,0.0,64.18807584114474,35.84221834529299,4.125786224594918,0.0,1.1065667552341907,0.0027529920232076677,-43.50668294825901,63.70001399999999,9.60028490356408,-43.48964785199794,62.45001577169819,0.0,1,-1.7763568394002505e-15,0.0,1.1065667552341747,0.0027529923527067623,-43.50668294825866,-63.70001399999998,9.600284903564095,-43.489647851997475,-62.45001577169819,0.0,1,1.4210854715202004e-14,0.0,0.11103238348091837,0.9029601313495323,73.49071572813304,63.70001399999999,9.599990637757415,73.4795563259037,65.90477742429005,0.0,1,1.7763568394002505e-15,0.0,0.11103238348091837,0.9029601313495323,73.49071572813304,-63.70001399999998,9.599990637757415,73.4795563259037,-65.90477742429005,0.0,1,1.7763568394002505e-15
2.466666666666667,2466667,lower_into_sit,-7.661848490575621,0.0,64.15644946958241,0.9737030970034116,0.0,-0.22782071654255856,0.0,-7.661848490575621,0.0,64.15644946958241,35.82779936142208,4.038317301623003,0.0,1.1089263220578092,0.0034129808303622333,-43.5105692043099,63.70001399999999,9.600277221055777,-43.48964785199794,62.45001577169819,0.0,1,-1.7763568394002505e-15,0.0,1.1089263220577923,0.0034129812389993575,-43.51056920430954,-63.70001399999998,9.600277221055748,-43.489647851997475,-62.45001577169819,0.0,1,-3.019806626980426e-14,0.0,0.11105666515278934,0.905725179791709,73.49046893211604,63.70001399999999,9.599990921470365,73.4795563259037,65.90477742429005,0.0,1,-1.5987211554602254e-14,0.0,0.11105666515278934,0.905725179791709,73.49046893211604,-63.70001399999998,9.599990921470365,73.4795563259037,-65.90477742429005,0.0,1,-1.5987211554602254e-14
2.475,2475000,lower_into_sit,-7.675918593749995,0.0,64.12558832743143,0.9736068533491723,0.0,-0.22823166982591025,0.0,-7.675918593749995,0.0,64.12558832743143,35.813729258247704,3.9530081402941164,0.0,1.1112320627218448,0.004061577036045705,-43.51433261922726,63.70001399999999,9.600268281999831,-43.48964785199794,62.45001577169819,0.0,1,7.105427357601002e-15,0.0,1.1112320627218288,0.004061577522509463,-43.51433261922691,-63.70001399999998,9.600268281999817,-43.489647851997475,-62.45001577169819,0.0,1,-7.105427357601002e-15,0.0,0.11107961923867338,0.9084343425215007,73.49022872636563,63.70001399999999,9.599991191514512,73.4795563259037,65.90477742429005,0.0,1,-1.2434497875801753e-14,0.0,0.11107961923867338,0.9084343425215007,73.49022872636563,-63.70001399999998,9.599991191514512,73.4795563259037,-65.90477742429005,0.0,1,-1.2434497875801753e-14
2.4833333333333334,2483333,lower_into_sit,-7.6896411367677695,0.0,64.09548951824033,0.9735128200388201,0.0,-0.228632432563851,0.0,-7.6896411367677695,0.0,64.09548951824033,35.800006715229934,3.8698475906055165,0.0,1.1134839800705922,0.004698535767479584,-43.51797549515964,63.70001399999999,9.600258224065527,-43.48964785199794,62.45001577169819,0.0,1,-7.105427357601002e-15,0.0,1.1134839800705763,0.004698536330425718,-43.517975495159284,-63.70001399999998,9.600258224065506,-43.489647851997475,-62.45001577169819,0.0,1,-3.019806626980426e-14,0.0,0.11110130138609398,0.9110871989919813,73.48999505098425,63.70001399999999,9.599991448449714,73.4795563259037,65.90477742429005,0.0,1,4.440892098500626e-14,0.0,0.11110130138609398,0.9110871989919813,73.48999505098425,-63.70001399999998,9.599991448449714,73.4795563259037,-65.90477742429005,0.0,1,4.440892098500626e-14
2.4916666666666667,2491667,lower_into_sit,-7.703017551622915,0.0,64.06614990109615,0.9734209997853468,0.0,-0.22902304944458296,0.0,-7.703017551622915,0.0,64.06614990109615,35.78663030037479,3.788823916367619,0.0,1.1156820987689278,0.005323623223020935,-43.5215001235766,63.70001399999999,9.600247176864805,-43.48964785199794,62.45001577169819,0.0,1,1.7763568394002505e-14,0.0,1.115682098768911,0.005323623861073212,-43.52150012357623,-63.70001399999998,9.600247176864784,-43.489647851997475,-62.45001577169819,0.0,1,-1.7763568394002505e-15,0.0,0.11112176591255718,0.9136833572128609,73.48976784436687,63.70001399999999,9.599991692818257,73.4795563259037,65.90477742429005,0.0,1,4.085620730620576e-14,0.0,0.11112176591255718,0.9136833572128609,73.48976784436687,-63.70001399999998,9.599991692818257,73.4795563259037,-65.90477742429005,0.0,1,4.085620730620576e-14
2.5,2500000,lower_into_sit,-7.716049382716048,0.0,64.03756608853497,0.9733313941430262,0.0,-0.22940356835845643,0.0,-7.716049382716048,0.0,64.03756608853497,35.77359846928165,3.709924790407875,0.0,1.1178264657148542,0.00593661701089232,-43.52490878381331,63.70001399999999,9.600235262262707,-43.48964785199794,62.45001577169819,0.0,1,-1.2434497875801753e-14,0.0,1.1178264657148365,0.005936617722645643,-43.52490878381291,-63.70001399999998,9.6002352622627,-43.489647851997475,-62.45001577169819,0.0,1,-1.9539925233402755e-14,0.0,0.11114106579006933,0.9162224548695734,73.48954704326984,63.70001399999999,9.599991925145275,73.4795563259037,65.90477742429005,0.0,1,-7.105427357601002e-15,0.0,0.11114106579006933,0.9162224548695734,73.48954704326984,-63.70001399999998,9.599991925145275,73.4795563259037,-65.90477742429005,0.0,1,-7.105427357601002e-15
2.5083333333333333,2508333,lower_into_sit,-7.728738287807054,0.0,64.00973444445242,0.9732440034990922,0.0,-0.22977404042462873,0.0,-7.728738287807054,0.0,64.00973444445242,35.76090956419065,3.6331372896588903,0.0,1.1199171504429248,0.006537306476659843,-43.52820374169035,63.70001399999999,9.600222594683679,-43.48964785199794,62.45001577169819,0.0,1,-1.7763568394002505e-15,0.0,1.1199171504429088,0.006537307260683356,-43.52820374169,-63.70001399999998,9.600222594683686,-43.489647851997475,-62.45001577169819,0.0,1,5.329070518200751e-15,0.0,0.11115925263154791,0.9187041604341069,73.48933258287572,63.70001399999999,9.599992145938863,73.4795563259037,65.90477742429005,0.0,1,8.881784197001252e-15,0.0,0.11115925263154791,0.9187041604341069,73.48933258287572,-63.70001399999998,9.599992145938863,73.4795563259037,-65.90477742429005,0.0,1,8.881784197001252e-15
2.5166666666666666,2516667,lower_into_sit,-7.741086038967636,0.0,63.982651082014414,0.9731588270658381,0.0,-0.23013452001784132,0.0,-7.741086038967636,0.0,63.982651082014414,35.748561813030065,3.558447890130452,0.0,1.1219542455179274,0.007125493018727447,-43.53138724821266,63.70001399999999,9.600209281411985,-43.48964785199794,62.45001577169819,0.0,1,8.881784197001252e-15,0.0,1.1219542455179106,0.007125493873560096,-43.531387248212305,-63.70001399999998,9.600209281411964,-43.489647851997475,-62.45001577169819,0.0,1,-1.2434497875801753e-14,0.0,0.11117637667911051,0.9211281742645783,73.48912439685598,63.70001399999999,9.599992355689984,73.4795563259037,65.90477742429005,0.0,1,-1.0658141036401503e-14,0.0,0.11117637667911051,0.9211281742645783,73.48912439685598,-63.70001399999998,9.599992355689984,73.4795563259037,-65.90477742429005,0.0,1,-1.0658141036401503e-14
2.525,2525000,lower_into_sit,-7.7530945235339574,0.0,63.956311861567606,0.9730758628731355,0.0,-0.23048506479531977,0.0,-7.7530945235339574,0.0,63.956311861567606,35.73655332846374,3.485842461764193,0.0,1.123937866918297,0.00770099039113159,-43.53446153835045,63.70001399999999,9.600195422887005,-43.48964785199794,62.45001577169819,0.0,1,3.552713678800501e-15,0.0,1.123937866918281,0.0077009913152892295,-43.5344615383501,-63.70001399999998,9.60019542288704,-43.489647851997475,-62.45001577169819,0.0,1,3.907985046680551e-14,0.0,0.11119248679429772,0.9234942296906574,73.48892241742958,63.70001399999999,9.59999255487304,73.4795563259037,65.90477742429005,0.0,1,8.881784197001252e-15,0.0,0.11119248679429772,0.9234942296906574,73.48892241742958,-63.70001399999998,9.59999255487304,73.4795563259037,-65.90477742429005,0.0,1,8.881784197001252e-15
2.533333333333333,2533333,lower_into_sit,-7.764765745059184,0.0,63.93071238855012,0.972995107761375,0.0,-0.23082573572379272,0.0,-7.764765745059184,0.0,63.93071238855012,35.724882106938516,3.415306263171871,0.0,1.1258681544087121,0.008263624992995933,-43.5374288299067,63.70001399999999,9.60018111299236,-43.48964785199794,62.45001577169819,0.0,1,5.329070518200751e-15,0.0,1.1258681544086944,0.008263625984969103,-43.53742882990632,-63.70001399999998,9.60018111299236,-43.489647851997475,-62.45001577169819,0.0,1,5.329070518200751e-15,0.0,0.11120763045020698,0.9258020940817611,73.488726575419,63.70001399999999,9.599992743945798,73.4795563259037,65.90477742429005,0.0,1,3.552713678800501e-15,0.0,0.11120763045020698,0.9258020940817611,73.488726575419,-63.70001399999998,9.599992743945798,73.4795563259037,-65.90477742429005,0.0,1,3.552713678800501e-15
2.5416666666666665,2541667,lower_into_sit,-7.776101824266174,0.0,63.905848011401915,0.9729165573748246,0.0,-0.23115659710663602,0.0,-7.776101824266174,0.0,63.905848011401915,35.809596945495784,3.3468239362556105,0.0,1.1277455888894483,0.008812999977571678,-43.54029289778366,63.70001399999999,9.60018807700181,-43.58569876976219,62.45001576525732,0.0,1,-3.552713678800501e-14,0.0,1.1277455888894323,0.008813001035802959,-43.5402928977833,-63.70001399999998,9.600188077001825,-43.58569876976173,-62.45001576525732,0.0,1,-2.1316282072803006e-14,0.0,0.11122185372557869,0.92805156989502,73.48853680030197,63.70001399999999,9.599992923349866,73.4795563259037,65.90477742429005,0.0,1,-7.105427357601002e-15,0.0,0.11122185372557869,0.92805156989502,73.48853680030197,-63.70001399999998,9.599992923349866,73.4795563259037,-65.90477742429005,0.0,1,-7.105427357601002e-15
2.55,2550000,lower_into_sit,-7.787104999999994,0.0,63.88171381947558,0.9728402061554073,0.0,-0.23147771661113398,0.0,-7.787104999999994,0.0,63.88171381947558,35.798593769761965,3.2803795007121863,0.0,1.1295701305654582,0.009349139863863876,-43.54305478394445,63.70001399999999,9.60020074256223,-43.58569876976219,62.45001576525732,0.0,1,1.4210854715202004e-14,0.0,1.1295701305654422,0.009349140986793625,-43.5430547839441,-63.70001399999998,9.600200742562237,-43.58569876976173,-62.45001576525732,0.0,1,1.9539925233402755e-14,0.0,0.11123520130081621,0.9302424956999369,73.48835302026033,63.70001399999999,9.599993093510854,73.4795563259037,65.90477742429005,0.0,1,-2.1316282072803006e-14,0.0,0.11123520130081621,0.9302424956999369,73.48835302026033,-63.70001399999998,9.599993093510854,73.4795563259037,-65.90477742429005,0.0,1,-2.1316282072803006e-14
2.558333333333333,2558333,lower_into_sit,-7.797777630180555,0.0,63.8583046409468,0.9727660473368948,0.0,-0.23178916529586605,0.0,-7.797777630180555,0.0,63.8583046409468,35.78792113958141,3.215956348419816,0.0,1.131341890203828,0.009871986811124778,-43.54571613722224,63.70001399999999,9.600212195369089,-43.58569876976219,62.45001576525732,0.0,1,-1.7763568394002505e-14,0.0,1.131341890203812,0.00987198799718536,-43.5457161372219,-63.70001399999998,9.600212195369103,-43.58569876976173,-62.45001576525732,0.0,1,-3.552713678800501e-15,0.0,0.11124771645596887,0.9323747471767474,73.4881751622246,63.70001399999999,9.599993254838715,73.4795563259037,65.90477742429005,0.0,1,1.4210854715202004e-14,0.0,0.11124771645596887,0.9323747471767474,73.4881751622246,-63.70001399999998,9.599993254838715,73.4795563259037,-65.90477742429005,0.0,1,1.4210854715202004e-14
2.566666666666667,2566667,lower_into_sit,-7.80812219275517,0.0,63.835615040725074,0.9726940729395132,0.0,-0.2320910176382126,0.0,-7.80812219275517,0.0,63.835615040725074,35.77757657700679,3.153537237709024,0.0,1.1330611064237885,0.010381420064993208,-43.54827909883782,63.70001399999999,9.600222527381646,-43.58569876976219,62.45001576525732,0.0,1,-2.1316282072803006e-14,0.0,1.1330611064237726,0.01038142131259745,-43.54827909883747,-63.70001399999998,9.600222527381668,-43.58569876976173,-62.45001576525732,0.0,1,0.0,0.0,0.11125944107064845,0.9344482380854284,73.48800315191548,63.70001399999999,9.599993407727872,73.4795563259037,65.90477742429005,0.0,1,8.881784197001252e-15,0.0,0.11125944107064845,0.9344482380854284,73.48800315191548,-63.70001399999998,9.599993407727872,73.4795563259037,-65.90477742429005,0.0,1,8.881784197001252e-15
2.575,2575000,lower_into_sit,-7.818141286651234,0.0,63.81363931836408,0.9726242737649614,0.0,-0.2323833515619857,0.0,-7.818141286651234,0.0,63.81363931836408,35.76755748311073,3.0931042875170647,0.0,1.1347280433157394,0.01087733274900593,-43.5507457885802,63.70001399999999,9.600231825124062,-43.58569876976219,62.45001576525732,0.0,1,-7.105427357601002e-15,0.0,1.1347280433157234,0.01087733405655289,-43.550745788579846,-63.70001399999998,9.600231825124098,-43.58569876976173,-62.45001576525732,0.0,1,2.842170943040401e-14,0.0,0.11127041562591966,0.9364629212024624,73.48783691388093,63.70001399999999,9.599993552557805,73.4795563259037,65.90477742429005,0.0,1,3.019806626980426e-14,0.0,0.11127041562591966,0.9364629212024624,73.48783691388093,-63.70001399999998,9.599993552557805,73.4795563259037,-65.90477742429005,0.0,1,3.019806626980426e-14
2.5833333333333335,2583333,lower_into_sit,-7.827837632728758,0.0,63.79237150597244,0.9725566393918356,0.0,-0.2326662484651762,0.0,-7.827837632728758,0.0,63.79237150597244,35.7578611370332,3.0346389714281514,0.0,1.1363429907393972,0.011359632061874514,-43.55311830424909,63.70001399999999,9.600240169927282,-43.58569876976219,62.45001576525732,0.0,1,-3.552713678800501e-15,0.0,1.1363429907393812,0.011359633427749483,-43.553118304248756,-63.70001399999998,9.600240169927297,-43.58569876976173,-62.45001576525732,0.0,1,1.0658141036401503e-14,0.0,0.11128067920811535,0.9384187892224123,73.48767637152977,63.70001399999999,9.599993689693093,73.4795563259037,65.90477742429005,0.0,1,5.329070518200751e-15,0.0,0.11128067920811535,0.9384187892224123,73.48767637152977,-63.70001399999998,9.599993689693093,73.4795563259037,-65.90477742429005,0.0,1,5.329070518200751e-15
2.591666666666667,2591667,lower_into_sit,-7.837214074732958,0.0,63.77180536612429,0.9724911581714569,0.0,-0.23293979324782266,0.0,-7.837214074732958,0.0,63.77180536612429,35.748484695029006,2.9781221115992764,0.0,1.1379062646083167,0.011828239457773115,-43.5553987212016,63.70001399999999,9.60024763816412,-43.58569876976219,62.45001576525732,0.0,1,0.0,0.0,1.137906264608299,0.011828240880347618,-43.55539872120123,-63.70001399999998,9.60024763816412,-43.58569876976173,-62.45001576525732,0.0,1,0.0,0.0,0.11129026951459808,0.9403158756215619,73.48752144716141,63.70001399999999,9.599993819484084,73.4795563259037,65.90477742429005,0.0,1,6.039613253960852e-14,0.0,0.11129026951459808,0.9403158756215619,73.48752144716141,-63.70001399999998,9.599993819484084,73.4795563259037,-65.90477742429005,0.0,1,6.039613253960852e-14
2.6,2600000,lower_into_sit,-7.846273580246911,0.0,63.751934389769765,0.9724278172240978,0.0,-0.23320407434000087,0.0,-7.846273580246911,0.0,63.751934389769765,35.73942518951505,2.9235338725726905,0.0,1.1394182071605314,0.012283090809305897,-43.557589092004434,63.70001399999999,9.60025430147737,-43.58569876976219,62.45001576525732,0.0,1,-7.105427357601002e-15,0.0,1.1394182071605137,0.012283092286943909,-43.557589092004065,-63.70001399999998,9.60025430147737,-43.58569876976173,-62.45001576525732,0.0,1,-7.105427357601002e-15,0.0,0.11129922286144334,0.9421542554809594,73.48737206199118,63.70001399999999,9.599993942266721,73.4795563259037,65.90477742429005,0.0,1,1.2434497875801753e-14,0.0,0.11129922286144334,0.9421542554809594,73.48737206199118,-63.70001399999998,9.599993942266721,73.4795563259037,-65.90477742429005,0.0,1,1.2434497875801753e-14
2.6083333333333334,2608333,lower_into_sit,-7.855019241644121,0.0,63.73275179414564,0.9723666024356017,0.0,-0.23345918372992874,0.0,-7.855019241644121,0.0,63.73275179414564,35.73067952811784,2.870853754977162,0.0,1.1408791872151038,0.012724136552887622,-43.559691446193696,63.70001399999999,9.600260227001108,-43.58569876976219,62.45001576525732,0.0,1,1.7763568394002505e-15,0.0,1.1408791872150879,0.012724138083945125,-43.55969144619336,-63.70001399999998,9.600260227001094,-43.58569876976173,-62.45001576525732,0.0,1,-1.2434497875801753e-14,0.0,0.11130757419303583,0.9439340462662305,73.4872281361726,63.70001399999999,9.59999405836357,73.4795563259037,65.90477742429005,0.0,1,3.019806626980426e-14,0.0,0.11130757419303583,0.9439340462662305,73.4872281361726,-63.70001399999998,9.59999405836357,73.4795563259037,-65.90477742429005,0.0,1,3.019806626980426e-14
2.6166666666666667,2616667,lower_into_sit,-7.863454277041103,0.0,63.71425052068597,0.9723074984543904,0.0,-0.23370521699218802,0.0,-7.863454277041103,0.0,63.71425052068597,35.72224449272086,2.8200605891189596,0.0,1.1422896004144114,0.013151341816298512,-43.56170779014189,63.70001399999999,9.600265477574865,-43.58569876976219,62.45001576525732,0.0,1,1.9539925233402755e-14,0.0,1.1422896004143936,0.013151343399119497,-43.56170779014152,-63.70001399999998,9.600265477574851,-43.58569876976173,-62.45001576525732,0.0,1,5.329070518200751e-15,0.0,0.11131535709355322,0.9456554085618762,73.48708958881456,63.70001399999999,9.59999416808354,73.4795563259037,65.90477742429005,0.0,1,-1.7763568394002505e-15,0.0,0.11131535709355322,0.9456554085618762,73.48708958881456,-63.70001399999998,9.59999416808354,73.4795563259037,-65.90477742429005,0.0,1,-1.7763568394002505e-15
2.625,2625000,lower_into_sit,-7.87158203125,0.0,63.69642323293261,0.9722504886888528,0.0,-0.23394227331606185,0.0,-7.87158203125,0.0,63.69642323293261,35.71411673851196,2.7711325284640296,0.0,1.1436498694520605,0.01356468652825571,-43.56364010703354,63.70001399999999,9.600270111950877,-43.58569876976219,62.45001576525732,0.0,1,8.881784197001252e-15,0.0,1.1436498694520427,0.013564688161185945,-43.56364010703317,-63.70001399999998,9.600270111950856,-43.58569876976173,-62.45001576525732,0.0,1,-1.4210854715202004e-14,0.0,0.11132260380031411,0.9473185467577405,73.48695633799575,63.70001399999999,9.599994271722736,73.4795563259037,65.90477742429005,0.0,1,1.0658141036401503e-14,0.0,0.11132260380031411,0.9473185467577405,73.48695633799575,-63.70001399999998,9.599994271722736,73.4795563259037,-65.90477742429005,0.0,1,1.0658141036401503e-14
2.6333333333333333,2633333,lower_into_sit,-7.879405976731188,0.0,63.67926231444579,0.9721955553051073,0.0,-0.23417045553398497,0.0,-7.879405976731188,0.0,63.67926231444579,35.70629279303078,2.724047043013563,0.0,1.144960444286376,0.013964165509918303,-43.56549035694957,63.70001399999999,9.600274184994433,-43.58569876976219,62.45001576525732,0.0,1,1.9539925233402755e-14,0.0,1.1449604442863581,0.013964167191296006,-43.565490356949184,-63.70001399999998,9.600274184994433,-43.58569876976173,-62.45001576525732,0.0,1,1.9539925233402755e-14,0.0,0.11132934521897608,0.9489237096856833,73.48682830077425,63.70001399999999,9.599994369564484,73.4795563259037,65.90477742429005,0.0,1,1.0658141036401503e-14,0.0,0.11132934521897608,0.9489237096856833,73.48682830077425,-63.70001399999998,9.599994369564484,73.4795563259037,-65.90477742429005,0.0,1,1.0658141036401503e-14
2.6416666666666666,2641667,lower_into_sit,-7.886929714545869,0.0,63.66275986671474,0.9721426792251315,0.0,-0.23438987015010465,0.0,-7.886929714545869,0.0,63.66275986671474,35.69876905521609,2.6787809125748794,0.0,1.1462218023394062,0.01434978854824065,-43.56726047705996,63.70001399999999,9.600277747876909,-43.58569876976219,62.45001576525732,0.0,1,-1.2434497875801753e-14,0.0,1.1462218023393884,0.014349790276407148,-43.5672604770596,-63.70001399999998,9.600277747876916,-43.58569876976173,-62.45001576525732,0.0,1,-3.552713678800501e-15,0.0,0.11133561094054212,0.9504711912045556,73.4867053931934,63.70001399999999,9.599994461879895,73.4795563259037,65.90477742429005,0.0,1,-1.7763568394002505e-14,0.0,0.11133561094054212,0.9504711912045556,73.4867053931934,-63.70001399999998,9.599994461879895,73.4795563259037,-65.90477742429005,0.0,1,-1.7763568394002505e-14
2.65,2650000,lower_into_sit,-7.8941569753086505,0.0,63.64690770706827,0.9720918401252503,0.0,-0.23460062736894974,0.0,-7.8941569753086505,0.0,63.64690770706827,35.691541794453315,2.6353102199299627,0.0,1.1474344486814907,0.014721580451223737,-43.5689523819246,63.70001399999999,9.60028084826233,-43.58569876976219,62.45001576525732,0.0,1,-2.3092638912203256e-14,0.0,1.147434448681473,0.014721582224517249,-43.56895238192422,-63.70001399999998,9.600280848262344,-43.58569876976173,-62.45001576525732,0.0,1,-8.881784197001252e-15,0.0,0.11134142926014201,0.9519613307319403,73.48658753028442,63.70001399999999,9.59999454892833,73.4795563259037,65.90477742429005,0.0,1,3.197442310920451e-14,0.0,0.11134142926014201,0.9519613307319403,73.48658753028442,-63.70001399999998,9.59999454892833,73.4795563259037,-65.90477742429005,0.0,1,3.197442310920451e-14
2.658333333333333,2658333,lower_into_sit,-7.901091620140162,0.0,63.631697366585364,0.9720430164349725,0.0,-0.23480284112420738,0.0,-7.901091620140162,0.0,63.631697366585364,35.6846071496218,2.5936103439037126,0.0,1.1485989162014647,0.015079581085116534,-43.57056796390131,63.70001399999999,9.600283530486628,-43.58569876976219,62.45001576525732,0.0,1,1.4210854715202004e-14,0.0,1.148598916201447,0.015079582901881938,-43.57056796390093,-63.70001399999998,9.600283530486621,-43.58569876976173,-62.45001576525732,0.0,1,7.105427357601002e-15,0.0,0.11134682719755729,0.9533945137212694,73.48647462606421,63.70001399999999,9.599994630957404,73.4795563259037,65.90477742429005,0.0,1,0.0,0.0,0.11134682719755729,0.9533945137212694,73.48647462606421,-63.70001399999998,9.599994630957404,73.4795563259037,-65.90477742429005,0.0,1,0.0
2.6666666666666665,2666667,lower_into_sit,-7.907737641619667,0.0,63.6171200880057,0.9719961853361686,0.0,-0.23499662910760333,0.0,-7.907737641619667,0.0,63.6171200880057,35.67796112814229,2.5536559523348004,0.0,1.1497157657626094,0.015423845393725877,-43.57210909366004,63.70001399999999,9.600285835730226,-43.58569876976219,62.45001576525732,0.0,1,2.3092638912203256e-14,0.0,1.1497157657625916,0.01542384725230983,-43.57210909365967,-63.70001399999998,9.600285835730212,-43.58569876976173,-62.45001576525732,0.0,1,8.881784197001252e-15,0.0,0.11135183051945008,0.9547711720831833,73.4863665935302,63.70001399999999,9.599994708203909,73.4795563259037,65.90477742429005,0.0,1,5.329070518200751e-15,0.0,0.11135183051945008,0.9547711720831833,73.4863665935302,-63.70001399999998,9.599994708203909,73.4795563259037,-65.90477742429005,0.0,1,5.329070518200751e-15
2.675,2675000,lower_into_sit,-7.914099164737658,0.0,63.60316682364025,0.9719513227625776,0.0,-0.23518211279788218,0.0,-7.914099164737658,0.0,63.60316682364025,35.671599605024305,2.515420994951924,0.0,1.150785586344524,0.01575444340001475,-43.57357762080179,63.70001399999999,9.600287802184212,-43.58569876976219,62.45001576525732,0.0,1,2.842170943040401e-14,0.0,1.1507855863445062,0.015754445298772346,-43.57357762080143,-63.70001399999998,9.600287802184177,-43.58569876976173,-62.45001576525732,0.0,1,-7.105427357601002e-15,0.0,0.11135646376323649,0.95609178455034,73.486263344651,63.70001399999999,9.59999478089378,73.4795563259037,65.90477742429005,0.0,1,1.0658141036401503e-14,0.0,0.11135646376323649,0.95609178455034,73.486263344651,-63.70001399999998,9.59999478089378,73.4795563259037,-65.90477742429005,0.0,1,1.0658141036401503e-14
2.683333333333333,2683333,lower_into_sit,-7.9201804478483995,0.0,63.58982823328202,0.9719084033996324,0.0,-0.23535941748988407,0.0,-7.9201804478483995,0.0,63.58982823328202,35.66551832191356,2.478878696158972,0.0,1.1518089951711152,0.01607146019025585,-43.57497537458014,63.70001399999999,9.600289465209542,-43.58569876976219,62.45001576525732,0.0,1,-5.1514348342607263e-14,0.0,1.1518089951710984,0.01607146212754884,-43.57497537457978,-63.70001399999998,9.60028946520962,-43.58569876976173,-62.45001576525732,0.0,1,2.6645352591003757e-14,0.0,0.11136075026257553,0.9573568769850143,73.48616479035381,63.70001399999999,9.599994849242698,73.4795563259037,65.90477742429005,0.0,1,3.197442310920451e-14,0.0,0.11136075026257553,0.9573568769850143,73.48616479035381,-63.70001399999998,9.599994849242698,73.4795563259037,-65.90477742429005,0.0,1,3.197442310920451e-14
2.691666666666667,2691667,lower_into_sit,-7.925985883622598,0.0,63.57709468211644,0.9718674006845923,0.0,-0.23552867232371955,0.0,-7.925985883622598,0.0,63.57709468211644,35.65971288613936,2.4440015477307995,0.0,1.1527866378250202,0.016374995881077492,-43.576304164723766,63.70001399999999,9.600290857490464,-43.58569876976219,62.45001576525732,0.0,1,1.4210854715202004e-14,0.0,1.1527866378250025,0.01637499785528096,-43.576304164723396,-63.70001399999998,9.600290857490435,-43.58569876976173,-62.45001576525732,0.0,1,-1.4210854715202004e-14,0.0,0.11136471217440258,0.9585670226293352,73.48607084050798,63.70001399999999,9.599994913456378,73.4795563259037,65.90477742429005,0.0,1,4.085620730620576e-14,0.0,0.11136471217440258,0.9585670226293352,73.48607084050798,-63.70001399999998,9.599994913456378,73.4795563259037,-65.90477742429005,0.0,1,4.085620730620576e-14
2.7,2700000,lower_into_sit,-7.931519999999998,0.0,63.56495623863195,0.9718282868069704,0.0,-0.23569001031403275,0.0,-7.931519999999998,0.0,63.56495623863195,35.65417876976196,2.4107613014246283,0.0,1.1537191883487043,0.016665165569768714,-43.57756578235691,63.70001399999999,9.60029200918045,-43.58569876976219,62.45001576525732,0.0,1,-2.1316282072803006e-14,0.0,1.1537191883486866,0.01666516757926706,-43.57756578235654,-63.70001399999998,9.600292009180464,-43.58569876976173,-62.45001576525732,0.0,1,-7.105427357601002e-15,0.0,0.11136837050746573,0.9597228422980422,73.48598140390511,63.70001399999999,9.599994973731008,73.4795563259037,65.90477742429005,0.0,1,-8.881784197001252e-15,0.0,0.11136837050746573,0.9597228422980422,73.48598140390511,-63.70001399999998,9.599994973731008,73.4795563259037,-65.90477742429005,0.0,1,-8.881784197001252e-15
2.7083333333333335,2708333,lower_into_sit,-7.936787461141912,0.0,63.55340267253078,0.9717910327092419,0.0,-0.23584356837935003,0.0,-7.936787461141912,0.0,63.55340267253078,35.64891130862005,2.3791289615106166,0.0,1.154607349332636,0.016942099268280497,-43.57876200101527,63.70001399999999,9.600292948043737,-43.58569876976219,62.45001576525732,0.0,1,2.3092638912203256e-14,0.0,1.1546073493326183,0.016942101311475888,-43.57876200101491,-63.70001399999998,9.600292948043723,-43.58569876976173,-62.45001576525732,0.0,1,8.881784197001252e-15,0.0,0.11137174515228931,0.9608250045141045,73.48589638823641,63.70001399999999,9.59999503025385,73.4795563259037,65.90477742429005,0.0,1,4.796163466380676e-14,0.0,0.11137174515228931,0.9608250045141045,73.48589638823641,-63.70001399999998,9.59999503025385,73.4795563259037,-65.90477742429005,0.0,1,4.796163466380676e-14
2.716666666666667,2716667,lower_into_sit,-7.941793068383888,0.0,63.54242345263935,0.9717556080878202,0.0,-0.23598948737151573,0.0,-7.941793068383888,0.0,63.54242345263935,35.643905701378074,2.349074777223855,0.0,1.1554518519909358,0.01720594182145918,-43.57989457775416,63.70001399999999,9.600293699589287,-43.58569876976219,62.45001576525732,0.0,1,5.329070518200751e-15,0.0,1.155451851990918,0.017205943896767106,-43.5798945777538,-63.70001399999998,9.60029369958928,-43.58569876976173,-62.45001576525732,0.0,1,-1.7763568394002505e-15,0.0,0.11137485491251198,0.961874225587863,73.48581570006584,63.70001399999999,9.599995083203112,73.4795563259037,65.90477742429005,0.0,1,3.907985046680551e-14,0.0,0.11137485491251198,0.961874225587863,73.48581570006584,-63.70001399999998,9.599995083203112,73.4795563259037,-65.90477742429005,0.0,1,3.907985046680551e-14
2.725,2725000,lower_into_sit,-7.946541761188265,0.0,63.53200774481894,0.9717219813942861,0.0,-0.23612791210520337,0.0,-7.946541761188265,0.0,63.53200774481894,35.6391570085737,2.320568235143959,0.0,1.1562534562249223,0.017456852810028956,-43.58096525434519,63.70001399999999,9.60029428720025,-43.58569876976219,62.45001576525732,0.0,1,-3.019806626980426e-14,0.0,1.1562534562249045,0.017456854915884,-43.58096525434483,-63.70001399999998,9.60029428720025,-43.58569876976173,-62.45001576525732,0.0,1,-3.019806626980426e-14,0.0,0.11137771753752235,0.9628712696404715,73.48573924480122,63.70001399999999,9.599995132748901,73.4795563259037,65.90477742429005,0.0,1,3.019806626980426e-14,0.0,0.11137771753752235,0.9628712696404715,73.48573924480122,-63.70001399999998,9.599995132748901,73.4795563259037,-65.90477742429005,0.0,1,3.019806626980426e-14
2.7333333333333334,2733333,lower_into_sit,-7.951038618096837,0.0,63.52214440987618,0.9716901198368536,0.0,-0.23625899138750475,0.0,-7.951038618096837,0.0,63.52214440987618,35.63466015166512,2.2935780515046105,0.0,1.1570129506750924,0.017695006438988692,-43.581975758558166,63.70001399999999,9.60029473225724,-43.58569876976219,62.45001576525732,0.0,1,0.0,0.0,1.1570129506750746,0.01769500857384365,-43.58197575855778,-63.70001399999998,9.600294732257282,-43.58569876976173,-62.45001576525732,0.0,1,4.263256414560601e-14,0.0,0.11138034975632838,0.96381694857297,73.48566692666155,63.70001399999999,9.599995179053316,73.4795563259037,65.90477742429005,0.0,1,2.1316282072803006e-14,0.0,0.11138034975632838,0.96381694857297,73.48566692666155,-63.70001399999998,9.599995179053316,73.4795563259037,-65.90477742429005,0.0,1,2.1316282072803006e-14
2.7416666666666667,2741667,lower_into_sit,-7.955288857683354,0.0,63.51282200147379,0.971659989382058,0.0,-0.23638287804758373,0.0,-7.955288857683354,0.0,63.51282200147379,35.630409912078605,2.26807216443963,0.0,1.1577311527619791,0.017920591412040388,-43.58292780552334,63.70001399999999,9.600295054256186,-43.58569876976219,62.45001576525732,0.0,1,3.552713678800501e-15,0.0,1.1577311527619623,0.017920593574375143,-43.58292780552299,-63.70001399999998,9.600295054256172,-43.58569876976173,-62.45001576525732,0.0,1,-1.0658141036401503e-14,0.0,0.1113827673125658,0.9647121219823358,73.48559864864211,63.70001399999999,9.59999522227092,73.4795563259037,65.90477742429005,0.0,1,2.4868995751603507e-14,0.0,0.1113827673125658,0.9647121219823358,73.48559864864211,-63.70001399999998,9.59999522227092,73.4795563259037,-65.90477742429005,0.0,1,2.4868995751603507e-14
2.75,2750000,lower_into_sit,-7.9592978395061795,0.0,63.50402876404108,0.9716315547566471,0.0,-0.23649972896640017,0.0,-7.9592978395061795,0.0,63.50402876404108,35.626400930255784,2.2440177261679324,0.0,1.1584089087165763,0.01813381079283971,-43.58382309917069,63.70001399999999,9.600295270921535,-43.58569876976219,62.45001576525732,0.0,1,1.7763568394002505e-15,0.0,1.1584089087165594,0.018133812981151465,-43.58382309917034,-63.70001399999998,9.600295270921535,-43.58569876976173,-62.45001576525732,0.0,1,1.7763568394002505e-15,0.0,0.11138498500059102,0.9655576970263917,73.48553431247652,63.70001399999999,9.599995262549115,73.4795563259037,65.90477742429005,0.0,1,4.263256414560601e-14,0.0,0.11138498500059102,0.9655576970263917,73.48553431247652,-63.70001399999998,9.599995262549115,73.4795563259037,-65.90477742429005,0.0,1,4.263256414560601e-14
2.7583333333333333,2758333,lower_into_sit,-7.963071065060903,0.0,63.49575263068449,0.9716047794496583,0.0,-0.23660970510649174,0.0,-7.963071065060903,0.0,63.49575263068449,35.62262770470106,2.221381095124073,0.0,1.1590470936008348,0.018334881853784513,-43.5846633337403,63.70001399999999,9.600295398314103,-43.58569876976219,62.45001576525732,0.0,1,7.105427357601002e-15,0.0,1.159047093600817,0.01833488406659889,-43.58466333373995,-63.70001399999998,9.600295398314088,-43.58569876976173,-62.45001576525732,0.0,1,-5.329070518200751e-15,0.0,0.11138701670254303,0.9663546282395954,73.48547381859636,63.70001399999999,9.599995300028453,73.4795563259037,65.90477742429005,0.0,1,3.552713678800501e-15,0.0,0.11138701670254303,0.9663546282395954,73.48547381859636,-63.70001399999998,9.599995300028453,73.4795563259037,-65.90477742429005,0.0,1,3.552713678800501e-15
2.7666666666666666,2766667,lower_into_sit,-7.96661417873292,0.0,63.487981221098224,0.9715796257146638,0.0,-0.2367129715418099,0.0,-7.96661417873292,0.0,63.487981221098224,35.61908459102904,2.2001278280388306,0.0,1.1596466113189372,0.018524035913214387,-43.58545019535981,63.70001399999999,9.600295450934276,-43.58569876976219,62.45001576525732,0.0,1,3.552713678800501e-15,0.0,1.1596466113189212,0.01852403814908543,-43.58545019535948,-63.70001399999998,9.600295450934311,-43.58569876976173,-62.45001576525732,0.0,1,3.907985046680551e-14,0.0,0.11138887542631393,0.9671039173019507,73.48541706608876,63.70001399999999,9.599995334843314,73.4795563259037,65.90477742429005,0.0,1,4.263256414560601e-14,0.0,0.11138887542631393,0.9671039173019507,73.48541706608876,-63.70001399999998,9.599995334843314,73.4795563259037,-65.90477742429005,0.0,1,4.263256414560601e-14
2.775,2775000,lower_into_sit,-7.969932968750004,0.0,63.48070183947485,0.9715560545721638,0.0,-0.2368096974876043,0.0,-7.969932968750004,0.0,63.48070183947485,35.61576580101196,2.180222671975521,0.0,1.1602083946200157,0.018701518161879704,-43.58618536368348,63.70001399999999,9.600295441820741,-43.58569876976219,62.45001576525732,0.0,1,-4.085620730620576e-14,0.0,1.160208394619998,0.018701520419385886,-43.5861853636831,-63.70001399999998,9.600295441820784,-43.58569876976173,-62.45001576525732,0.0,1,1.7763568394002505e-15,0.0,0.11139057334431124,0.967806612763737,73.48536395265133,63.70001399999999,9.599995367121792,73.4795563259037,65.90477742429005,0.0,1,1.0658141036401503e-14,0.0,0.11139057334431124,0.967806612763737,73.48536395265133,-63.70001399999998,9.599995367121792,73.4795563259037,-65.90477742429005,0.0,1,1.0658141036401503e-14
2.783333333333333,2783333,lower_into_sit,-7.973033368134942,0.0,63.473901472415875,0.9715340258121049,0.0,-0.23690005633035263,0.0,-7.973033368134942,0.0,63.473901472415875,35.61266540162702,2.1616295563270214,0.0,1.1607334050930174,0.018867587479581616,-43.586870513586696,63.70001399999999,9.600295382645001,-43.58569876976219,62.45001576525732,0.0,1,0.0,0.0,1.1607334050929996,0.01886758975733871,-43.58687051358634,-63.70001399999998,9.600295382645001,-43.58569876976173,-62.45001576525732,0.0,1,0.0,0.0,0.11139212183292768,0.9684638097287621,73.48531437454557,63.70001399999999,9.5999953969866,73.4795563259037,65.90477742429005,0.0,1,-1.7763568394002505e-15,0.0,0.11139212183292768,0.9684638097287621,73.48531437454557,-63.70001399999998,9.5999953969866,73.4795563259037,-65.90477742429005,0.0,1,-1.7763568394002505e-15
2.7916666666666665,2791667,lower_into_sit,-7.97592145565812,0.0,63.467566786842305,0.9715134979965065,0.0,-0.23698422565772576,0.0,-7.97592145565812,0.0,63.467566786842305,35.609777314103845,2.1443115847800485,0.0,1.1612226331544981,0.019022516243001775,-43.58750731691159,63.70001399999999,9.60029528380118,-43.58569876976219,62.45001576525732,0.0,1,-3.019806626980426e-14,0.0,1.1612226331544822,0.01902251853965442,-43.58750731691125,-63.70001399999998,9.600295283801202,-43.58569876976173,-62.45001576525732,0.0,1,-7.105427357601002e-15,0.0,0.11139353151261489,0.9690766494992529,73.48526822654814,63.70001399999999,9.59999542455514,73.4795563259037,65.90477742429005,0.0,1,2.4868995751603507e-14,0.0,0.11139353151261489,0.9690766494992529,73.48526822654814,-63.70001399999998,9.59999542455514,73.4795563259037,-65.90477742429005,0.0,1,2.4868995751603507e-14
2.8,2800000,lower_into_sit,-7.97860345679012,0.0,63.46168412790527,0.9714944284621693,0.0,-0.23706238728858506,0.0,-7.97860345679012,0.0,63.46168412790527,35.60709531297184,2.1282310272524327,0.0,1.1616770980300881,0.019166590125653915,-43.58809744425612,63.70001399999999,9.600295154492898,-43.58569876976219,62.45001576525732,0.0,1,3.197442310920451e-14,0.0,1.1616770980300704,0.01916659243987917,-43.588097444255766,-63.70001399999998,9.600295154492876,-43.58569876976173,-62.45001576525732,0.0,1,1.0658141036401503e-14,0.0,0.11139481228845272,0.9696463191856095,73.48522540190059,63.70001399999999,9.59999544993984,73.4795563259037,65.90477742429005,0.0,1,1.0658141036401503e-14,0.0,0.11139481228845272,0.9696463191856095,73.48522540190059,-63.70001399999998,9.59999544993984,73.4795563259037,-65.90477742429005,0.0,1,1.0658141036401503e-14
2.808333333333333,2808333,lower_into_sit,-7.981085744654337,0.0,63.45623951689653,0.9714767733234438,0.0,-0.23713472730300406,0.0,-7.981085744654337,0.0,63.45623951689653,35.604613025107625,2.1133493118095075,0.0,1.162097847730445,0.019300107891063067,-43.58864256680165,63.70001399999999,9.600295002815152,-43.58569876976219,62.45001576525732,0.0,1,1.7763568394002505e-15,0.0,1.1620978477304291,0.01930011022157796,-43.588642566801326,-63.70001399999998,9.60029500281513,-43.58569876976173,-62.45001576525732,0.0,1,-1.7763568394002505e-14,0.0,0.11139597339110541,0.9701740512844701,73.48518579225765,63.70001399999999,9.599995473248768,73.4795563259037,65.90477742429005,0.0,1,8.881784197001252e-15,0.0,0.11139597339110541,0.9701740512844701,73.48518579225765,-63.70001399999998,9.599995473248768,73.4795563259037,-65.90477742429005,0.0,1,8.881784197001252e-15
2.816666666666667,2816667,lower_into_sit,-7.983374840979514,0.0,63.45121864915924,0.9714604874750365,0.0,-0.23720143607230632,0.0,-7.983374840979514,0.0,63.45121864915924,35.60232392878245,2.0996270165669273,0.0,1.162485959022538,0.019423381180213806,-43.58914435817212,63.70001399999999,9.600294835833921,-43.58569876976219,62.45001576525732,0.0,1,2.1316282072803006e-14,0.0,1.1624859590225203,0.019423383525768223,-43.58914435817176,-63.70001399999998,9.600294835833907,-43.58569876976173,-62.45001576525732,0.0,1,8.881784197001252e-15,0.0,0.11139702341804458,0.9706611232287328,73.48514928763477,63.70001399999999,9.59999549458579,73.4795563259037,65.90477742429005,0.0,1,1.5987211554602254e-14,0.0,0.11139702341804458,0.9706611232287328,73.48514928763477,-63.70001399999998,9.59999549458579,73.4795563259037,-65.90477742429005,0.0,1,1.5987211554602254e-14
2.825,2825000,lower_into_sit,-7.985477417052471,0.0,63.446606891998215,0.9714455245948236,0.0,-0.23726270828911974,0.0,-7.985477417052471,0.0,63.446606891998215,35.60022135270949,2.0870238615849246,0.0,1.16284253739712,0.0195367342944075,-43.589604496318174,63.70001399999999,9.600294659661145,-43.58569876976219,62.45001576525732,0.0,1,-1.5987211554602254e-14,0.0,1.1628425373971023,0.01953673665379352,-43.5896044963178,-63.70001399999998,9.600294659661195,-43.58569876976173,-62.45001576525732,0.0,1,3.375077994860476e-14,0.0,0.11139797037494104,0.9711088569133377,73.48511577635337,63.70001399999999,9.59999551405096,73.4795563259037,65.90477742429005,0.0,1,-1.2434497875801753e-14,0.0,0.11139797037494104,0.9711088569133377,73.48511577635337,-63.70001399999998,9.59999551405096,73.4795563259037,-65.90477742429005,0.0,1,-1.2434497875801753e-14
2.8333333333333335,2833333,lower_into_sit,-7.98740029467053,0.0,63.442389282590916,0.9714318371466532,0.0,-0.23731874299742614,0.0,-7.98740029467053,0.0,63.442389282590916,35.59829847509143,2.0754987007639443,0.0,1.1631687170332246,0.019640503974641454,-43.59002466541949,63.70001399999999,9.60029447952747,-43.58569876976219,62.45001576525732,0.0,1,1.7763568394002505e-14,0.0,1.1631687170332077,0.019640506346693343,-43.590024665419165,-63.70001399999998,9.600294479527442,-43.58569876976173,-62.45001576525732,0.0,1,-1.0658141036401503e-14,0.0,0.11139882171707294,0.9715186182006912,73.48508514498688,63.70001399999999,9.599995531741015,73.4795563259037,65.90477742429005,0.0,1,-8.881784197001252e-15,0.0,0.11139882171707294,0.9715186182006912,73.48508514498688,-63.70001399999998,9.599995531741015,73.4795563259037,-65.90477742429005,0.0,1,-8.881784197001252e-15
2.841666666666667,2841667,lower_into_sit,-7.989150447094257,0.0,63.438550525897725,0.9714193763831013,0.0,-0.23736974362261637,0.0,-7.989150447094257,0.0,63.438550525897725,35.5965483226677,2.065009513745416,0.0,1.1634656607606626,0.019735039178731206,-43.59040655779856,63.70001399999999,9.600294299850951,-43.58569876976219,62.45001576525732,0.0,1,1.7763568394002505e-14,0.0,1.1634656607606466,0.01973504156232142,-43.59040655779823,-63.70001399999998,9.600294299850937,-43.58569876976173,-62.45001576525732,0.0,1,3.552713678800501e-15,0.0,0.11139958439064968,0.9718918164098689,73.48505727830499,63.70001399999999,9.599995547749536,73.4795563259037,65.90477742429005,0.0,1,8.881784197001252e-15,0.0,0.11139958439064968,0.9718918164098689,73.48505727830499,-63.70001399999998,9.599995547749536,73.4795563259037,-65.90477742429005,0.0,1,8.881784197001252e-15
2.85,2850000,lower_into_sit,-7.9907349999999955,0.0,63.43507499257265,0.97140809234816,0.0,-0.2374159180015289,0.0,-7.9907349999999955,0.0,63.43507499257265,35.59496376976197,2.0555133978279727,0.0,1.163734560021365,0.019820700857328344,-43.59075187583819,63.70001399999999,9.600294124303545,-43.58569876976219,62.45001576525732,0.0,1,-1.7763568394002505e-14,0.0,1.1637345600213482,0.01982070325137375,-43.59075187583783,-63.70001399999998,9.600294124303588,-43.58569876976173,-62.45001576525732,0.0,1,2.4868995751603507e-14,0.0,0.11140026487390253,0.9722299037937114,73.48503205921796,63.70001399999999,9.599995562167372,73.4795563259037,65.90477742429005,0.0,1,2.4868995751603507e-14,0.0,0.11140026487390253,0.9722299037937114,73.48503205921796,-63.70001399999998,9.599995562167372,73.4795563259037,-65.90477742429005,0.0,1,2.4868995751603507e-14
2.8583333333333334,2858333,lower_into_sit,-7.992161232432494,0.0,63.431946716873874,0.9713979338798238,0.0,-0.237457478412472,0.0,-7.992161232432494,0.0,63.431946716873874,35.59353753732947,2.0469665599053712,0.0,1.1639766348305471,0.019897861730097777,-43.59106233389605,63.70001399999999,9.600293955874392,-43.58569876976219,62.45001576525732,0.0,1,3.552713678800501e-15,0.0,1.1639766348305303,0.01989786413356276,-43.59106233389569,-63.70001399999998,9.600293955874427,-43.58569876976173,-62.45001576525732,0.0,1,3.907985046680551e-14,0.0,0.11140086921782455,0.9725343750080873,73.4850093687205,63.70001399999999,9.599995575082978,73.4795563259037,65.90477742429005,0.0,1,3.197442310920451e-14,0.0,0.11140086921782455,0.9725343750080873,73.4850093687205,-63.70001399999998,9.599995575082978,73.4795563259037,-65.90477742429005,0.0,1,3.197442310920451e-14
2.8666666666666667,2866667,lower_into_sit,-7.993436577757462,0.0,63.42914939457441,0.9713888486125468,0.0,-0.2374946416052172,0.0,-7.993436577757462,0.0,63.42914939457441,35.5922621920045,2.0393243084348853,0.0,1.1641931337386318,0.01996690606329965,-43.59133966020846,63.70001399999999,9.600293796930046,-43.58569876976219,62.45001576525732,0.0,1,0.0,0.0,1.164193133738614,0.01996690847519389,-43.59133966020811,-63.70001399999998,9.60029379693001,-43.58569876976173,-62.45001576525732,0.0,1,-3.552713678800501e-14,0.0,0.1114014030864019,0.9728067665776443,73.48498908583605,63.70001399999999,9.599995586582743,73.4795563259037,65.90477742429005,0.0,1,2.842170943040401e-14,0.0,0.1114014030864019,0.9728067665776443,73.48498908583605,-63.70001399999998,9.599995586582743,73.4795563259037,-65.90477742429005,0.0,1,2.842170943040401e-14
2.875,2875000,lower_into_sit,-7.994568624614195,0.0,63.426666380872646,0.9713807829795388,0.0,-0.23752762883095985,0.0,-7.994568624614195,0.0,63.426666380872646,35.591130145147766,2.032541045443601,0.0,1.164385333794904,0.020028229450026913,-43.591585598775744,63.70001399999999,9.600293649272551,-43.58569876976219,62.45001576525732,0.0,1,8.881784197001252e-15,0.0,1.1643853337948862,0.02002823186940761,-43.5915855987754,-63.70001399999998,9.600293649272565,-43.58569876976173,-62.45001576525732,0.0,1,2.3092638912203256e-14,0.0,0.1114018717962062,0.9730486563624785,73.48497108756098,63.70001399999999,9.599995596751278,73.4795563259037,65.90477742429005,0.0,1,-1.9539925233402755e-14,0.0,0.1114018717962062,0.9730486563624785,73.48497108756098,-63.70001399999998,9.599995596751278,73.4795563259037,-65.90477742429005,0.0,1,-1.9539925233402755e-14
2.8833333333333333,2883333,lower_into_sit,-7.995565117868209,0.0,63.424480688302836,0.9713736822148655,0.0,-0.2375566658722364,0.0,-7.995565117868209,0.0,63.424480688302836,35.59013365189375,2.0265702585816,0.0,1.1645545405138797,0.02008223859442948,-43.59180191122174,63.70001399999999,9.600293514194377,-43.58569876976219,62.45001576525732,0.0,1,-1.4210854715202004e-14,0.0,1.1645545405138638,0.020082241020406677,-43.5918019112214,-63.70001399999998,9.600293514194412,-43.58569876976173,-62.45001576525732,0.0,1,2.3092638912203256e-14,0.0,0.11140228035519506,0.9732616630301028,73.48495524880929,63.70001399999999,9.599995605671914,73.4795563259037,65.90477742429005,0.0,1,2.6645352591003757e-14,0.0,0.11140228035519506,0.9732616630301028,73.48495524880929,-63.70001399999998,9.599995605671914,73.4795563259037,-65.90477742429005,0.0,1,2.6645352591003757e-14
2.8916666666666666,2891667,lower_into_sit,-7.996433959563769,0.0,63.42257498464587,0.971367490355325,0.0,-0.2375819830727862,0.0,-7.996433959563769,0.0,63.42257498464587,35.589264810198195,2.0213645132313474,0.0,1.164702087845363,0.020129351101208837,-43.5919903786192,63.70001399999999,9.600293392531107,-43.58569876976219,62.45001576525732,0.0,1,-3.552713678800501e-15,0.0,1.1647020878453453,0.020129353532937877,-43.59199037861883,-63.70001399999998,9.600293392531093,-43.58569876976173,-62.45001576525732,0.0,1,-1.9539925233402755e-14,0.0,0.111402633500568,0.9734474455372197,73.48494144235798,63.70001399999999,9.599995613426564,73.4795563259037,65.90477742429005,0.0,1,2.1316282072803006e-14,0.0,0.111402633500568,0.9734474455372197,73.48494144235798,-63.70001399999998,9.599995613426564,73.4795563259037,-65.90477742429005,0.0,1,2.1316282072803006e-14
2.9,2900000,lower_into_sit,-7.997183209876548,0.0,63.42093159083967,0.9713621502420584,0.0,-0.23760381536735625,0.0,-7.997183209876548,0.0,63.42093159083967,35.588515559885415,2.016875444680842,0.0,1.1648293381492092,0.02016999527171981,-43.59215280327344,63.70001399999999,9.600293284711142,-43.58569876976219,62.45001576525732,0.0,1,-7.105427357601002e-15,0.0,1.1648293381491914,0.02016999770841066,-43.59215280327308,-63.70001399999998,9.600293284711178,-43.58569876976173,-62.45001576525732,0.0,1,3.019806626980426e-14,0.0,0.11140293573552285,0.973607702625757,73.48492953879366,63.70001399999999,9.599995620096472,73.4795563259037,65.90477742429005,0.0,1,5.329070518200751e-15,0.0,0.11140293573552285,0.973607702625757,73.48492953879366,-63.70001399999998,9.599995620096472,73.4795563259037,-65.90477742429005,0.0,1,5.329070518200751e-15
2.908333333333333,2908333,lower_into_sit,-7.997821088066161,0.0,63.41953247888998,0.9713576035218667,0.0,-0.23762240231143164,0.0,-7.997821088066161,0.0,63.41953247888998,35.5878776816958,2.01305375037159,0.0,1.164937682175795,0.020204609908033966,-43.59229101045585,63.70001399999999,9.60029319080315,-43.58569876976219,62.45001576525732,0.0,1,8.881784197001252e-15,0.0,1.1649376821757773,0.020204612348953432,-43.59229101045552,-63.70001399999998,9.600293190803114,-43.58569876976173,-62.45001576525732,0.0,1,-2.6645352591003757e-14,0.0,0.11140319136475307,0.9737441723376508,73.48491940645968,63.70001399999999,9.599995625762311,73.4795563259037,65.90477742429005,0.0,1,2.4868995751603507e-14,0.0,0.11140319136475307,0.9737441723376508,73.48491940645968,-63.70001399999998,9.599995625762311,73.4795563259037,-65.90477742429005,0.0,1,2.4868995751603507e-14
2.9166666666666665,2916667,lower_into_sit,-7.998355973428839,0.0,63.41835926978074,0.9713537906481903,0.0,-0.23763798811089046,0.0,-7.998355973428839,0.0,63.41835926978074,35.587342796333125,2.0098491822290327,0.0,1.1650285390532513,0.02023364412633688,-43.592406850079406,63.70001399999999,9.60029311056055,-43.58569876976219,62.45001576525732,0.0,1,-3.375077994860476e-14,0.0,1.1650285390532353,0.020233646570802843,-43.59240685007907,-63.70001399999998,9.600293110560564,-43.58569876976173,-62.45001576525732,0.0,1,-1.9539925233402755e-14,0.0,0.11140340452851216,0.9738586315529236,73.48491091140512,63.70001399999999,9.599995630504317,73.4795563259037,65.90477742429005,0.0,1,-1.2434497875801753e-14,0.0,0.11140340452851216,0.9738586315529236,73.48491091140512,-63.70001399999998,9.599995630504317,73.4795563259037,-65.90477742429005,0.0,1,-1.2434497875801753e-14
2.925,2925000,lower_into_sit,-7.998796406249995,0.0,63.41739323138477,0.9713506508817171,0.0,-0.237650821651566,0.0,-7.998796406249995,0.0,63.41739323138477,35.58690236351197,2.007210539087012,0.0,1.165103356282442,0.020257557181007968,-43.592502198307336,63.70001399999999,9.600293043463765,-43.58569876976219,62.45001576525732,0.0,1,8.881784197001252e-15,0.0,1.1651033562824251,0.020257559628393818,-43.59250219830699,-63.70001399999998,9.600293043463793,-43.58569876976173,-62.45001576525732,0.0,1,3.907985046680551e-14,0.0,0.11140357923509159,0.9739528955554544,73.48490391733502,63.70001399999999,9.599995634402838,73.4795563259037,65.90477742429005,0.0,1,-2.3092638912203256e-14,0.0,0.11140357923509159,0.9739528955554544,73.48490391733502,-63.70001399999998,9.599995634402838,73.4795563259037,-65.90477742429005,0.0,1,-2.3092638912203256e-14
2.933333333333333,2933333,lower_into_sit,-7.999151088756805,0.0,63.41661527637439,0.9713481222905802,0.0,-0.23766115652871,0.0,-7.999151088756805,0.0,63.41661527637439,35.58654768100516,2.0050856592154886,0.0,1.1651636097407465,0.02027681830081063,-43.59257895908704,63.70001399999999,9.600292988758873,-43.58569876976219,62.45001576525732,0.0,1,-3.197442310920451e-14,0.0,1.1651636097407287,0.020276820750547042,-43.59257895908666,-63.70001399999998,9.600292988758923,-43.58569876976173,-62.45001576525732,0.0,1,1.7763568394002505e-14,0.0,0.11140371939151406,0.9740288176309688,73.48489828556275,63.70001399999999,9.599995637538377,73.4795563259037,65.90477742429005,0.0,1,4.085620730620576e-14,0.0,0.11140371939151406,0.9740288176309688,73.48489828556275,-63.70001399999998,9.599995637538377,73.4795563259037,-65.90477742429005,0.0,1,4.085620730620576e-14
2.941666666666667,2941667,lower_into_sit,-7.999428886070783,0.0,63.416005960132026,0.9713461417501017,0.0,-0.23766925107634623,0.0,-7.999428886070783,0.0,63.416005960132026,35.58626988369118,2.003421412961977,0.0,1.1652108036957252,0.020291906538581816,-43.5926390656002,63.70001399999999,9.600292945494552,-43.58569876976219,62.45001576525732,0.0,1,1.2434497875801753e-14,0.0,1.1652108036957074,0.020291908990162533,-43.592639065599855,-63.70001399999998,9.600292945494516,-43.58569876976173,-62.45001576525732,0.0,1,-2.3092638912203256e-14,0.0,0.1114038288322865,0.9740882887017053,73.48489387496386,63.70001399999999,9.599995639991626,73.4795563259037,65.90477742429005,0.0,1,5.329070518200751e-15,0.0,0.1114038288322865,0.9740882887017053,73.48489387496386,-63.70001399999998,9.599995639991626,73.4795563259037,-65.90477742429005,0.0,1,5.329070518200751e-15
2.95,2950000,lower_into_sit,-7.9996388271604895,0.0,63.415545478660604,0.9713446449420434,0.0,-0.2376753683965077,0.0,-7.9996388271604895,0.0,63.415545478660604,35.58605994260147,2.0021636955167637,0.0,1.1652464708297074,0.020303310635873206,-43.592684481620985,63.70001399999999,9.600292912554742,-43.58569876976219,62.45001576525732,0.0,1,2.4868995751603507e-14,0.0,1.1652464708296915,0.020303313088847474,-43.59268448162065,-63.70001399999998,9.600292912554742,-43.58569876976173,-62.45001576525732,0.0,1,2.4868995751603507e-14,0.0,0.11140391134601568,0.9741332370021913,73.48489054193287,63.70001399999999,9.599995641844238,73.4795563259037,65.90477742429005,0.0,1,4.796163466380676e-14,0.0,0.11140391134601568,0.9741332370021913,73.48489054193287,-63.70001399999998,9.599995641844238,73.4795563259037,-65.90477742429005,0.0,1,4.796163466380676e-14
2.9583333333333335,2958333,lower_into_sit,-7.999790105794027,0.0,63.41521366649433,0.9713435663533218,0.0,-0.23767977638833732,0.0,-7.999790105794027,0.0,63.41521366649433,35.585908663967935,2.0012574198145856,0.0,1.1652721722763575,0.020311528903959264,-43.592717202772945,63.70001399999999,9.60029288868921,-43.58569876976219,62.45001576525732,0.0,1,0.0,0.0,1.1652721722763406,0.020311531357937174,-43.59271720277261,-63.70001399999998,9.600292888689182,-43.58569876976173,-62.45001576525732,0.0,1,-2.842170943040401e-14,0.0,0.11140397069969632,0.974165627800553,73.48488814034184,63.70001399999999,9.599995643178346,73.4795563259037,65.90477742429005,0.0,1,1.7763568394002505e-14,0.0,0.11140397069969632,0.974165627800553,73.48488814034184,-63.70001399999998,9.599995643178346,73.4795563259037,-65.90477742429005,0.0,1,1.7763568394002505e-14
2.966666666666667,2966667,lower_into_sit,-7.999892081491639,0.0,63.41498999460927,0.9713428392741419,0.0,-0.2376827477770495,0.0,-7.999892081491639,0.0,63.41498999460927,35.585806688270324,2.000646509582438,0.0,1.1652894976703152,0.020317069122686604,-43.59273925767597,63.70001399999999,9.60029287254033,-43.58569876976219,62.45001576525732,0.0,1,8.881784197001252e-15,0.0,1.1652894976702974,0.020317071577339973,-43.59273925767562,-63.70001399999998,9.600292872540315,-43.58569876976173,-62.45001576525732,0.0,1,-5.329070518200751e-15,0.0,0.111404010660479,0.974187463169776,73.48488652150236,63.70001399999999,9.59999564407729,73.4795563259037,65.90477742429005,0.0,1,-3.552713678800501e-15,0.0,0.111404010660479,0.974187463169776,73.48488652150236,-63.70001399999998,9.59999564407729,73.4795563259037,-65.90477742429005,0.0,1,-3.552713678800501e-15
2.975,2975000,lower_into_sit,-7.999954280478382,0.0,63.41485356833381,0.9713423957955051,0.0,-0.23768456014274134,0.0,-7.999954280478382,0.0,63.41485356833381,35.58574448928358,2.0002738925450316,0.0,1.165300065211035,0.020320448458668317,-43.59275270897434,63.70001399999999,9.600292862666237,-43.58569876976219,62.45001576525732,0.0,1,8.881784197001252e-15,0.0,1.1653000652110181,0.020320450913735577,-43.592752708974004,-63.70001399999998,9.600292862666244,-43.58569876976173,-62.45001576525732,0.0,1,1.5987211554602254e-14,0.0,0.11140403501473894,0.9742007818133995,73.48488553412962,63.70001399999999,9.599995644625501,73.4795563259037,65.90477742429005,0.0,1,4.263256414560601e-14,0.0,0.11140403501473894,0.9742007818133995,73.48488553412962,-63.70001399999998,9.599995644625501,73.4795563259037,-65.90477742429005,0.0,1,4.263256414560601e-14
2.9833333333333334,2983333,lower_into_sit,-7.999986396636694,0.0,63.41478312525925,0.971342166806044,0.0,-0.23768549594903626,0.0,-7.999986396636694,0.0,63.41478312525925,35.58571237312527,2.0000814938008418,0.0,1.1653055217418906,0.020322193404300748,-43.59275965423657,63.70001399999999,9.600292857560603,-43.58569876976219,62.45001576525732,0.0,1,8.881784197001252e-15,0.0,1.1653055217418729,0.02032219585957984,-43.59275965423621,-63.70001399999998,9.600292857560596,-43.58569876976173,-62.45001576525732,0.0,1,1.7763568394002505e-15,0.0,0.1114040475841942,0.9742076589500135,73.48488502431056,63.70001399999999,9.599995644908468,73.4795563259037,65.90477742429005,0.0,1,8.881784197001252e-15,0.0,0.1114040475841942,0.9742076589500135,73.48488502431056,-63.70001399999998,9.599995644908468,73.4795563259037,-65.90477742429005,0.0,1,8.881784197001252e-15
2.9916666666666667,2991667,lower_into_sit,-7.999998292458915,0.0,63.41475703315061,0.971342081988139,0.0,-0.23768584257154982,0.0,-7.999998292458915,0.0,63.41475703315061,35.58570047730305,2.0000102293807416,0.0,1.1653075428456638,0.020322839739125964,-43.59276222671731,63.70001399999999,9.6002928556682,-43.58569876976219,62.45001576525732,0.0,1,-2.4868995751603507e-14,0.0,1.165307542845646,0.020322842194484103,-43.59276222671694,-63.70001399999998,9.60029285566823,-43.58569876976173,-62.45001576525732,0.0,1,3.552713678800501e-15,0.0,0.11140405223892502,0.9742102062609925,73.48488483547474,63.70001399999999,9.599995645013323,73.4795563259037,65.90477742429005,0.0,1,4.796163466380676e-14,0.0,0.11140405223892502,0.9742102062609925,73.48488483547474,-63.70001399999998,9.599995645013323,73.4795563259037,-65.90477742429005,0.0,1,4.796163466380676e-14
3.0,3000000,hold_sit,-8.0,0.0,63.41475328785695,0.9713420698132614,0.0,-0.2376858923261731,0.0,-8.0,0.0,63.41475328785695,35.58569876976196,2.0,0.0,1.1653078329576392,0.020322932515144387,-43.59276259597243,63.70001399999999,9.600292855396532,-43.58569876976219,62.45001576525732,0.0,1,-7.105427357601002e-15,0.0,1.1653078329576214,0.020322934970514073,-43.59276259597208,-63.70001399999998,9.600292855396532,-43.58569876976173,-62.45001576525732,0.0,1,-5.329070518200751e-15,0.0,0.11140405290702526,0.9742105719060676,73.48488480836909,63.70001399999999,9.599995645028315,73.4795563259037,65.90477742429005,0.0,1,-5.329070518200751e-15,0.0,0.11140405290702526,0.9742105719060676,73.48488480836909,-63.70001399999998,9.599995645028315,73.4795563259037,-65.90477742429005,0.0,1,-5.329070518200751e-15
3.0083333333333333,3008333,hold_sit,-8.0,0.0,63.41475328785695,0.9713420698132614,0.0,-0.2376858923261731,0.0,-8.0,0.0,63.41475328785695,35.58569876976196,2.0,0.0,1.1653078329576392,0.020322932515144387,-43.59276259597243,63.70001399999999,9.600292855396532,-43.58569876976219,62.45001576525732,0.0,1,-7.105427357601002e-15,0.0,1.1653078329576214,0.020322934970514073,-43.59276259597208,-63.70001399999998,9.600292855396532,-43.58569876976173,-62.45001576525732,0.0,1,-5.329070518200751e-15,0.0,0.11140405290702526,0.9742105719060676,73.48488480836909,63.70001399999999,9.599995645028315,73.4795563259037,65.90477742429005,0.0,1,-5.329070518200751e-15,0.0,0.11140405290702526,0.9742105719060676,73.48488480836909,-63.70001399999998,9.599995645028315,73.4795563259037,-65.90477742429005,0.0,1,-5.329070518200751e-15
3.0166666666666666,3016667,hold_sit,-8.0,0.0,63.41475328785695,0.9713420698132614,0.0,-0.2376858923261731,0.0,-8.0,0.0,63.41475328785695,35.58569876976196,2.0,0.0,1.1653078329576392,0.020322932515144387,-43.59276259597243,63.70001399999999,9.600292855396532,-43.58569876976219,62.45001576525732,0.0,1,-7.105427357601002e-15,0.0,1.1653078329576214,0.020322934970514073,-43.59276259597208,-63.70001399999998,9.600292855396532,-43.58569876976173,-62.45001576525732,0.0,1,-5.329070518200751e-15,0.0,0.11140405290702526,0.9742105719060676,73.48488480836909,63.70001399999999,9.599995645028315,73.4795563259037,65.90477742429005,0.0,1,-5.329070518200751e-15,0.0,0.11140405290702526,0.9742105719060676,73.48488480836909,-63.70001399999998,9.599995645028315,73.4795563259037,-65.90477742429005,0.0,1,-5.329070518200751e-15
3.025,3025000,hold_sit,-8.0,0.0,63.41475328785695,0.9713420698132614,0.0,-0.2376858923261731,0.0,-8.0,0.0,63.41475328785695,35.58569876976196,2.0,0.0,1.1653078329576392,0.020322932515144387,-43.59276259597243,63.70001399999999,9.600292855396532,-43.58569876976219,62.45001576525732,0.0,1,-7.105427357601002e-15,0.0,1.1653078329576214,0.020322934970514073,-43.59276259597208,-63.70001399999998,9.600292855396532,-43.58569876976173,-62.45001576525732,0.0,1,-5.329070518200751e-15,0.0,0.11140405290702526,0.9742105719060676,73.48488480836909,63.70001399999999,9.599995645028315,73.4795563259037,65.90477742429005,0.0,1,-5.329070518200751e-15,0.0,0.11140405290702526,0.9742105719060676,73.48488480836909,-63.70001399999998,9.599995645028315,73.4795563259037,-65.90477742429005,0.0,1,-5.329070518200751e-15
3.033333333333333,3033333,hold_sit,-8.0,0.0,63.41475328785695,0.9713420698132614,0.0,-0.2376858923261731,0.0,-8.0,0.0,63.41475328785695,35.58569876976196,2.0,0.0,1.1653078329576392,0.020322932515144387,-43.59276259597243,63.70001399999999,9.600292855396532,-43.58569876976219,62.45001576525732,0.0,1,-7.105427357601002e-15,0.0,1.1653078329576214,0.020322934970514073,-43.59276259597208,-63.70001399999998,9.600292855396532,-43.58569876976173,-62.45001576525732,0.0,1,-5.329070518200751e-15,0.0,0.11140405290702526,0.9742105719060676,73.48488480836909,63.70001399999999,9.599995645028315,73.4795563259037,65.90477742429005,0.0,1,-5.329070518200751e-15,0.0,0.11140405290702526,0.9742105719060676,73.48488480836909,-63.70001399999998,9.599995645028315,73.4795563259037,-65.90477742429005,0.0,1,-5.329070518200751e-15
3.0416666666666665,3041667,hold_sit,-8.0,0.0,63.41475328785695,0.9713420698132614,0.0,-0.2376858923261731,0.0,-8.0,0.0,63.41475328785695,35.58569876976196,2.0,0.0,1.1653078329576392,0.020322932515144387,-43.59276259597243,63.70001399999999,9.600292855396532,-43.58569876976219,62.45001576525732,0.0,1,-7.105427357601002e-15,0.0,1.1653078329576214,0.020322934970514073,-43.59276259597208,-63.70001399999998,9.600292855396532,-43.58569876976173,-62.45001576525732,0.0,1,-5.329070518200751e-15,0.0,0.11140405290702526,0.9742105719060676,73.48488480836909,63.70001399999999,9.599995645028315,73.4795563259037,65.90477742429005,0.0,1,-5.329070518200751e-15,0.0,0.11140405290702526,0.9742105719060676,73.48488480836909,-63.70001399999998,9.599995645028315,73.4795563259037,-65.90477742429005,0.0,1,-5.329070518200751e-15
3.05,3050000,hold_sit,-8.0,0.0,63.41475328785695,0.9713420698132614,0.0,-0.2376858923261731,0.0,-8.0,0.0,63.41475328785695,35.58569876976196,2.0,0.0,1.1653078329576392,0.020322932515144387,-43.59276259597243,63.70001399999999,9.600292855396532,-43.58569876976219,62.45001576525732,0.0,1,-7.105427357601002e-15,0.0,1.1653078329576214,0.020322934970514073,-43.59276259597208,-63.70001399999998,9.600292855396532,-43.58569876976173,-62.45001576525732,0.0,1,-5.329070518200751e-15,0.0,0.11140405290702526,0.9742105719060676,73.48488480836909,63.70001399999999,9.599995645028315,73.4795563259037,65.90477742429005,0.0,1,-5.329070518200751e-15,0.0,0.11140405290702526,0.9742105719060676,73.48488480836909,-63.70001399999998,9.599995645028315,73.4795563259037,-65.90477742429005,0.0,1,-5.329070518200751e-15
3.058333333333333,3058333,hold_sit,-8.0,0.0,63.41475328785695,0.9713420698132614,0.0,-0.2376858923261731,0.0,-8.0,0.0,63.41475328785695,35.58569876976196,2.0,0.0,1.1653078329576392,0.020322932515144387,-43.59276259597243,63.70001399999999,9.600292855396532,-43.58569876976219,62.45001576525732,0.0,1,-7.105427357601002e-15,0.0,1.1653078329576214,0.020322934970514073,-43.59276259597208,-63.70001399999998,9.600292855396532,-43.58569876976173,-62.45001576525732,0.0,1,-5.329070518200751e-15,0.0,0.11140405290702526,0.9742105719060676,73.48488480836909,63.70001399999999,9.599995645028315,73.4795563259037,65.90477742429005,0.0,1,-5.329070518200751e-15,0.0,0.11140405290702526,0.9742105719060676,73.48488480836909,-63.70001399999998,9.599995645028315,73.4795563259037,-65.90477742429005,0.0,1,-5.329070518200751e-15
3.066666666666667,3066667,hold_sit,-8.0,0.0,63.41475328785695,0.9713420698132614,0.0,-0.2376858923261731,0.0,-8.0,0.0,63.41475328785695,35.58569876976196,2.0,0.0,1.1653078329576392,0.020322932515144387,-43.59276259597243,63.70001399999999,9.600292855396532,-43.58569876976219,62.45001576525732,0.0,1,-7.105427357601002e-15,0.0,1.1653078329576214,0.020322934970514073,-43.59276259597208,-63.70001399999998,9.600292855396532,-43.58569876976173,-62.45001576525732,0.0,1,-5.329070518200751e-15,0.0,0.11140405290702526,0.9742105719060676,73.48488480836909,63.70001399999999,9.599995645028315,73.4795563259037,65.90477742429005,0.0,1,-5.329070518200751e-15,0.0,0.11140405290702526,0.9742105719060676,73.48488480836909,-63.70001399999998,9.599995645028315,73.4795563259037,-65.90477742429005,0.0,1,-5.329070518200751e-15
3.075,3075000,hold_sit,-8.0,0.0,63.41475328785695,0.9713420698132614,0.0,-0.2376858923261731,0.0,-8.0,0.0,63.41475328785695,35.58569876976196,2.0,0.0,1.1653078329576392,0.020322932515144387,-43.59276259597243,63.70001399999999,9.600292855396532,-43.58569876976219,62.45001576525732,0.0,1,-7.105427357601002e-15,0.0,1.1653078329576214,0.020322934970514073,-43.59276259597208,-63.70001399999998,9.600292855396532,-43.58569876976173,-62.45001576525732,0.0,1,-5.329070518200751e-15,0.0,0.11140405290702526,0.9742105719060676,73.48488480836909,63.70001399999999,9.599995645028315,73.4795563259037,65.90477742429005,0.0,1,-5.329070518200751e-15,0.0,0.11140405290702526,0.9742105719060676,73.48488480836909,-63.70001399999998,9.599995645028315,73.4795563259037,-65.90477742429005,0.0,1,-5.329070518200751e-15
3.0833333333333335,3083333,hold_sit,-8.0,0.0,63.41475328785695,0.9713420698132614,0.0,-0.2376858923261731,0.0,-8.0,0.0,63.41475328785695,35.58569876976196,2.0,0.0,1.1653078329576392,0.020322932515144387,-43.59276259597243,63.70001399999999,9.600292855396532,-43.58569876976219,62.45001576525732,0.0,1,-7.105427357601002e-15,0.0,1.1653078329576214,0.020322934970514073,-43.59276259597208,-63.70001399999998,9.600292855396532,-43.58569876976173,-62.45001576525732,0.0,1,-5.329070518200751e-15,0.0,0.11140405290702526,0.9742105719060676,73.48488480836909,63.70001399999999,9.599995645028315,73.4795563259037,65.90477742429005,0.0,1,-5.329070518200751e-15,0.0,0.11140405290702526,0.9742105719060676,73.48488480836909,-63.70001399999998,9.599995645028315,73.4795563259037,-65.90477742429005,0.0,1,-5.329070518200751e-15
3.091666666666667,3091667,hold_sit,-8.0,0.0,63.41475328785695,0.9713420698132614,0.0,-0.2376858923261731,0.0,-8.0,0.0,63.41475328785695,35.58569876976196,2.0,0.0,1.1653078329576392,0.020322932515144387,-43.59276259597243,63.70001399999999,9.600292855396532,-43.58569876976219,62.45001576525732,0.0,1,-7.105427357601002e-15,0.0,1.1653078329576214,0.020322934970514073,-43.59276259597208,-63.70001399999998,9.600292855396532,-43.58569876976173,-62.45001576525732,0.0,1,-5.329070518200751e-15,0.0,0.11140405290702526,0.9742105719060676,73.48488480836909,63.70001399999999,9.599995645028315,73.4795563259037,65.90477742429005,0.0,1,-5.329070518200751e-15,0.0,0.11140405290702526,0.9742105719060676,73.48488480836909,-63.70001399999998,9.599995645028315,73.4795563259037,-65.90477742429005,0.0,1,-5.329070518200751e-15
3.1,3100000,hold_sit,-8.0,0.0,63.41475328785695,0.9713420698132614,0.0,-0.2376858923261731,0.0,-8.0,0.0,63.41475328785695,35.58569876976196,2.0,0.0,1.1653078329576392,0.020322932515144387,-43.59276259597243,63.70001399999999,9.600292855396532,-43.58569876976219,62.45001576525732,0.0,1,-7.105427357601002e-15,0.0,1.1653078329576214,0.020322934970514073,-43.59276259597208,-63.70001399999998,9.600292855396532,-43.58569876976173,-62.45001576525732,0.0,1,-5.329070518200751e-15,0.0,0.11140405290702526,0.9742105719060676,73.48488480836909,63.70001399999999,9.599995645028315,73.4795563259037,65.90477742429005,0.0,1,-5.329070518200751e-15,0.0,0.11140405290702526,0.9742105719060676,73.48488480836909,-63.70001399999998,9.599995645028315,73.4795563259037,-65.90477742429005,0.0,1,-5.329070518200751e-15
3.1083333333333334,3108333,hold_sit,-8.0,0.0,63.41475328785695,0.9713420698132614,0.0,-0.2376858923261731,0.0,-8.0,0.0,63.41475328785695,35.58569876976196,2.0,0.0,1.1653078329576392,0.020322932515144387,-43.59276259597243,63.70001399999999,9.600292855396532,-43.58569876976219,62.45001576525732,0.0,1,-7.105427357601002e-15,0.0,1.1653078329576214,0.020322934970514073,-43.59276259597208,-63.70001399999998,9.600292855396532,-43.58569876976173,-62.45001576525732,0.0,1,-5.329070518200751e-15,0.0,0.11140405290702526,0.9742105719060676,73.48488480836909,63.70001399999999,9.599995645028315,73.4795563259037,65.90477742429005,0.0,1,-5.329070518200751e-15,0.0,0.11140405290702526,0.9742105719060676,73.48488480836909,-63.70001399999998,9.599995645028315,73.4795563259037,-65.90477742429005,0.0,1,-5.329070518200751e-15
3.1166666666666667,3116667,hold_sit,-8.0,0.0,63.41475328785695,0.9713420698132614,0.0,-0.2376858923261731,0.0,-8.0,0.0,63.41475328785695,35.58569876976196,2.0,0.0,1.1653078329576392,0.020322932515144387,-43.59276259597243,63.70001399999999,9.600292855396532,-43.58569876976219,62.45001576525732,0.0,1,-7.105427357601002e-15,0.0,1.1653078329576214,0.020322934970514073,-43.59276259597208,-63.70001399999998,9.600292855396532,-43.58569876976173,-62.45001576525732,0.0,1,-5.329070518200751e-15,0.0,0.11140405290702526,0.9742105719060676,73.48488480836909,63.70001399999999,9.599995645028315,73.4795563259037,65.90477742429005,0.0,1,-5.329070518200751e-15,0.0,0.11140405290702526,0.9742105719060676,73.48488480836909,-63.70001399999998,9.599995645028315,73.4795563259037,-65.90477742429005,0.0,1,-5.329070518200751e-15
3.125,3125000,hold_sit,-8.0,0.0,63.41475328785695,0.9713420698132614,0.0,-0.2376858923261731,0.0,-8.0,0.0,63.41475328785695,35.58569876976196,2.0,0.0,1.1653078329576392,0.020322932515144387,-43.59276259597243,63.70001399999999,9.600292855396532,-43.58569876976219,62.45001576525732,0.0,1,-7.105427357601002e-15,0.0,1.1653078329576214,0.020322934970514073,-43.59276259597208,-63.70001399999998,9.600292855396532,-43.58569876976173,-62.45001576525732,0.0,1,-5.329070518200751e-15,0.0,0.11140405290702526,0.9742105719060676,73.48488480836909,63.70001399999999,9.599995645028315,73.4795563259037,65.90477742429005,0.0,1,-5.329070518200751e-15,0.0,0.11140405290702526,0.9742105719060676,73.48488480836909,-63.70001399999998,9.599995645028315,73.4795563259037,-65.90477742429005,0.0,1,-5.329070518200751e-15
3.1333333333333333,3133333,hold_sit,-8.0,0.0,63.41475328785695,0.9713420698132614,0.0,-0.2376858923261731,0.0,-8.0,0.0,63.41475328785695,35.58569876976196,2.0,0.0,1.1653078329576392,0.020322932515144387,-43.59276259597243,63.70001399999999,9.600292855396532,-43.58569876976219,62.45001576525732,0.0,1,-7.105427357601002e-15,0.0,1.1653078329576214,0.020322934970514073,-43.59276259597208,-63.70001399999998,9.600292855396532,-43.58569876976173,-62.45001576525732,0.0,1,-5.329070518200751e-15,0.0,0.11140405290702526,0.9742105719060676,73.48488480836909,63.70001399999999,9.599995645028315,73.4795563259037,65.90477742429005,0.0,1,-5.329070518200751e-15,0.0,0.11140405290702526,0.9742105719060676,73.48488480836909,-63.70001399999998,9.599995645028315,73.4795563259037,-65.90477742429005,0.0,1,-5.329070518200751e-15
3.1416666666666666,3141667,hold_sit,-8.0,0.0,63.41475328785695,0.9713420698132614,0.0,-0.2376858923261731,0.0,-8.0,0.0,63.41475328785695,35.58569876976196,2.0,0.0,1.1653078329576392,0.020322932515144387,-43.59276259597243,63.70001399999999,9.600292855396532,-43.58569876976219,62.45001576525732,0.0,1,-7.105427357601002e-15,0.0,1.1653078329576214,0.020322934970514073,-43.59276259597208,-63.70001399999998,9.600292855396532,-43.58569876976173,-62.45001576525732,0.0,1,-5.329070518200751e-15,0.0,0.11140405290702526,0.9742105719060676,73.48488480836909,63.70001399999999,9.599995645028315,73.4795563259037,65.90477742429005,0.0,1,-5.329070518200751e-15,0.0,0.11140405290702526,0.9742105719060676,73.48488480836909,-63.70001399999998,9.599995645028315,73.4795563259037,-65.90477742429005,0.0,1,-5.329070518200751e-15
3.15,3150000,hold_sit,-8.0,0.0,63.41475328785695,0.9713420698132614,0.0,-0.2376858923261731,0.0,-8.0,0.0,63.41475328785695,35.58569876976196,2.0,0.0,1.1653078329576392,0.020322932515144387,-43.59276259597243,63.70001399999999,9.600292855396532,-43.58569876976219,62.45001576525732,0.0,1,-7.105427357601002e-15,0.0,1.1653078329576214,0.020322934970514073,-43.59276259597208,-63.70001399999998,9.600292855396532,-43.58569876976173,-62.45001576525732,0.0,1,-5.329070518200751e-15,0.0,0.11140405290702526,0.9742105719060676,73.48488480836909,63.70001399999999,9.599995645028315,73.4795563259037,65.90477742429005,0.0,1,-5.329070518200751e-15,0.0,0.11140405290702526,0.9742105719060676,73.48488480836909,-63.70001399999998,9.599995645028315,73.4795563259037,-65.90477742429005,0.0,1,-5.329070518200751e-15
3.158333333333333,3158333,hold_sit,-8.0,0.0,63.41475328785695,0.9713420698132614,0.0,-0.2376858923261731,0.0,-8.0,0.0,63.41475328785695,35.58569876976196,2.0,0.0,1.1653078329576392,0.020322932515144387,-43.59276259597243,63.70001399999999,9.600292855396532,-43.58569876976219,62.45001576525732,0.0,1,-7.105427357601002e-15,0.0,1.1653078329576214,0.020322934970514073,-43.59276259597208,-63.70001399999998,9.600292855396532,-43.58569876976173,-62.45001576525732,0.0,1,-5.329070518200751e-15,0.0,0.11140405290702526,0.9742105719060676,73.48488480836909,63.70001399999999,9.599995645028315,73.4795563259037,65.90477742429005,0.0,1,-5.329070518200751e-15,0.0,0.11140405290702526,0.9742105719060676,73.48488480836909,-63.70001399999998,9.599995645028315,73.4795563259037,-65.90477742429005,0.0,1,-5.329070518200751e-15
3.1666666666666665,3166667,hold_sit,-8.0,0.0,63.41475328785695,0.9713420698132614,0.0,-0.2376858923261731,0.0,-8.0,0.0,63.41475328785695,35.58569876976196,2.0,0.0,1.1653078329576392,0.020322932515144387,-43.59276259597243,63.70001399999999,9.600292855396532,-43.58569876976219,62.45001576525732,0.0,1,-7.105427357601002e-15,0.0,1.1653078329576214,0.020322934970514073,-43.59276259597208,-63.70001399999998,9.600292855396532,-43.58569876976173,-62.45001576525732,0.0,1,-5.329070518200751e-15,0.0,0.11140405290702526,0.9742105719060676,73.48488480836909,63.70001399999999,9.599995645028315,73.4795563259037,65.90477742429005,0.0,1,-5.329070518200751e-15,0.0,0.11140405290702526,0.9742105719060676,73.48488480836909,-63.70001399999998,9.599995645028315,73.4795563259037,-65.90477742429005,0.0,1,-5.329070518200751e-15
3.175,3175000,hold_sit,-8.0,0.0,63.41475328785695,0.9713420698132614,0.0,-0.2376858923261731,0.0,-8.0,0.0,63.41475328785695,35.58569876976196,2.0,0.0,1.1653078329576392,0.020322932515144387,-43.59276259597243,63.70001399999999,9.600292855396532,-43.58569876976219,62.45001576525732,0.0,1,-7.105427357601002e-15,0.0,1.1653078329576214,0.020322934970514073,-43.59276259597208,-63.70001399999998,9.600292855396532,-43.58569876976173,-62.45001576525732,0.0,1,-5.329070518200751e-15,0.0,0.11140405290702526,0.9742105719060676,73.48488480836909,63.70001399999999,9.599995645028315,73.4795563259037,65.90477742429005,0.0,1,-5.329070518200751e-15,0.0,0.11140405290702526,0.9742105719060676,73.48488480836909,-63.70001399999998,9.599995645028315,73.4795563259037,-65.90477742429005,0.0,1,-5.329070518200751e-15
3.183333333333333,3183333,hold_sit,-8.0,0.0,63.41475328785695,0.9713420698132614,0.0,-0.2376858923261731,0.0,-8.0,0.0,63.41475328785695,35.58569876976196,2.0,0.0,1.1653078329576392,0.020322932515144387,-43.59276259597243,63.70001399999999,9.600292855396532,-43.58569876976219,62.45001576525732,0.0,1,-7.105427357601002e-15,0.0,1.1653078329576214,0.020322934970514073,-43.59276259597208,-63.70001399999998,9.600292855396532,-43.58569876976173,-62.45001576525732,0.0,1,-5.329070518200751e-15,0.0,0.11140405290702526,0.9742105719060676,73.48488480836909,63.70001399999999,9.599995645028315,73.4795563259037,65.90477742429005,0.0,1,-5.329070518200751e-15,0.0,0.11140405290702526,0.9742105719060676,73.48488480836909,-63.70001399999998,9.599995645028315,73.4795563259037,-65.90477742429005,0.0,1,-5.329070518200751e-15
3.191666666666667,3191667,hold_sit,-8.0,0.0,63.41475328785695,0.9713420698132614,0.0,-0.2376858923261731,0.0,-8.0,0.0,63.41475328785695,35.58569876976196,2.0,0.0,1.1653078329576392,0.020322932515144387,-43.59276259597243,63.70001399999999,9.600292855396532,-43.58569876976219,62.45001576525732,0.0,1,-7.105427357601002e-15,0.0,1.1653078329576214,0.020322934970514073,-43.59276259597208,-63.70001399999998,9.600292855396532,-43.58569876976173,-62.45001576525732,0.0,1,-5.329070518200751e-15,0.0,0.11140405290702526,0.9742105719060676,73.48488480836909,63.70001399999999,9.599995645028315,73.4795563259037,65.90477742429005,0.0,1,-5.329070518200751e-15,0.0,0.11140405290702526,0.9742105719060676,73.48488480836909,-63.70001399999998,9.599995645028315,73.4795563259037,-65.90477742429005,0.0,1,-5.329070518200751e-15
3.2,3200000,hold_sit,-8.0,0.0,63.41475328785695,0.9713420698132614,0.0,-0.2376858923261731,0.0,-8.0,0.0,63.41475328785695,35.58569876976196,2.0,0.0,1.1653078329576392,0.020322932515144387,-43.59276259597243,63.70001399999999,9.600292855396532,-43.58569876976219,62.45001576525732,0.0,1,-7.105427357601002e-15,0.0,1.1653078329576214,0.020322934970514073,-43.59276259597208,-63.70001399999998,9.600292855396532,-43.58569876976173,-62.45001576525732,0.0,1,-5.329070518200751e-15,0.0,0.11140405290702526,0.9742105719060676,73.48488480836909,63.70001399999999,9.599995645028315,73.4795563259037,65.90477742429005,0.0,1,-5.329070518200751e-15,0.0,0.11140405290702526,0.9742105719060676,73.48488480836909,-63.70001399999998,9.599995645028315,73.4795563259037,-65.90477742429005,0.0,1,-5.329070518200751e-15
3.2083333333333335,3208333,hold_sit,-8.0,0.0,63.41475328785695,0.9713420698132614,0.0,-0.2376858923261731,0.0,-8.0,0.0,63.41475328785695,35.58569876976196,2.0,0.0,1.1653078329576392,0.020322932515144387,-43.59276259597243,63.70001399999999,9.600292855396532,-43.58569876976219,62.45001576525732,0.0,1,-7.105427357601002e-15,0.0,1.1653078329576214,0.020322934970514073,-43.59276259597208,-63.70001399999998,9.600292855396532,-43.58569876976173,-62.45001576525732,0.0,1,-5.329070518200751e-15,0.0,0.11140405290702526,0.9742105719060676,73.48488480836909,63.70001399999999,9.599995645028315,73.4795563259037,65.90477742429005,0.0,1,-5.329070518200751e-15,0.0,0.11140405290702526,0.9742105719060676,73.48488480836909,-63.70001399999998,9.599995645028315,73.4795563259037,-65.90477742429005,0.0,1,-5.329070518200751e-15
3.216666666666667,3216667,hold_sit,-8.0,0.0,63.41475328785695,0.9713420698132614,0.0,-0.2376858923261731,0.0,-8.0,0.0,63.41475328785695,35.58569876976196,2.0,0.0,1.1653078329576392,0.020322932515144387,-43.59276259597243,63.70001399999999,9.600292855396532,-43.58569876976219,62.45001576525732,0.0,1,-7.105427357601002e-15,0.0,1.1653078329576214,0.020322934970514073,-43.59276259597208,-63.70001399999998,9.600292855396532,-43.58569876976173,-62.45001576525732,0.0,1,-5.329070518200751e-15,0.0,0.11140405290702526,0.9742105719060676,73.48488480836909,63.70001399999999,9.599995645028315,73.4795563259037,65.90477742429005,0.0,1,-5.329070518200751e-15,0.0,0.11140405290702526,0.9742105719060676,73.48488480836909,-63.70001399999998,9.599995645028315,73.4795563259037,-65.90477742429005,0.0,1,-5.329070518200751e-15
3.225,3225000,hold_sit,-8.0,0.0,63.41475328785695,0.9713420698132614,0.0,-0.2376858923261731,0.0,-8.0,0.0,63.41475328785695,35.58569876976196,2.0,0.0,1.1653078329576392,0.020322932515144387,-43.59276259597243,63.70001399999999,9.600292855396532,-43.58569876976219,62.45001576525732,0.0,1,-7.105427357601002e-15,0.0,1.1653078329576214,0.020322934970514073,-43.59276259597208,-63.70001399999998,9.600292855396532,-43.58569876976173,-62.45001576525732,0.0,1,-5.329070518200751e-15,0.0,0.11140405290702526,0.9742105719060676,73.48488480836909,63.70001399999999,9.599995645028315,73.4795563259037,65.90477742429005,0.0,1,-5.329070518200751e-15,0.0,0.11140405290702526,0.9742105719060676,73.48488480836909,-63.70001399999998,9.599995645028315,73.4795563259037,-65.90477742429005,0.0,1,-5.329070518200751e-15
3.2333333333333334,3233333,hold_sit,-8.0,0.0,63.41475328785695,0.9713420698132614,0.0,-0.2376858923261731,0.0,-8.0,0.0,63.41475328785695,35.58569876976196,2.0,0.0,1.1653078329576392,0.020322932515144387,-43.59276259597243,63.70001399999999,9.600292855396532,-43.58569876976219,62.45001576525732,0.0,1,-7.105427357601002e-15,0.0,1.1653078329576214,0.020322934970514073,-43.59276259597208,-63.70001399999998,9.600292855396532,-43.58569876976173,-62.45001576525732,0.0,1,-5.329070518200751e-15,0.0,0.11140405290702526,0.9742105719060676,73.48488480836909,63.70001399999999,9.599995645028315,73.4795563259037,65.90477742429005,0.0,1,-5.329070518200751e-15,0.0,0.11140405290702526,0.9742105719060676,73.48488480836909,-63.70001399999998,9.599995645028315,73.4795563259037,-65.90477742429005,0.0,1,-5.329070518200751e-15
3.2416666666666667,3241667,hold_sit,-8.0,0.0,63.41475328785695,0.9713420698132614,0.0,-0.2376858923261731,0.0,-8.0,0.0,63.41475328785695,35.58569876976196,2.0,0.0,1.1653078329576392,0.020322932515144387,-43.59276259597243,63.70001399999999,9.600292855396532,-43.58569876976219,62.45001576525732,0.0,1,-7.105427357601002e-15,0.0,1.1653078329576214,0.020322934970514073,-43.59276259597208,-63.70001399999998,9.600292855396532,-43.58569876976173,-62.45001576525732,0.0,1,-5.329070518200751e-15,0.0,0.11140405290702526,0.9742105719060676,73.48488480836909,63.70001399999999,9.599995645028315,73.4795563259037,65.90477742429005,0.0,1,-5.329070518200751e-15,0.0,0.11140405290702526,0.9742105719060676,73.48488480836909,-63.70001399999998,9.599995645028315,73.4795563259037,-65.90477742429005,0.0,1,-5.329070518200751e-15
3.25,3250000,hold_sit,-8.0,0.0,63.41475328785695,0.9713420698132614,0.0,-0.2376858923261731,0.0,-8.0,0.0,63.41475328785695,35.58569876976196,2.0,0.0,1.1653078329576392,0.020322932515144387,-43.59276259597243,63.70001399999999,9.600292855396532,-43.58569876976219,62.45001576525732,0.0,1,-7.105427357601002e-15,0.0,1.1653078329576214,0.020322934970514073,-43.59276259597208,-63.70001399999998,9.600292855396532,-43.58569876976173,-62.45001576525732,0.0,1,-5.329070518200751e-15,0.0,0.11140405290702526,0.9742105719060676,73.48488480836909,63.70001399999999,9.599995645028315,73.4795563259037,65.90477742429005,0.0,1,-5.329070518200751e-15,0.0,0.11140405290702526,0.9742105719060676,73.48488480836909,-63.70001399999998,9.599995645028315,73.4795563259037,-65.90477742429005,0.0,1,-5.329070518200751e-15
3.2583333333333333,3258333,hold_sit,-8.0,0.0,63.41475328785695,0.9713420698132614,0.0,-0.2376858923261731,0.0,-8.0,0.0,63.41475328785695,35.58569876976196,2.0,0.0,1.1653078329576392,0.020322932515144387,-43.59276259597243,63.70001399999999,9.600292855396532,-43.58569876976219,62.45001576525732,0.0,1,-7.105427357601002e-15,0.0,1.1653078329576214,0.020322934970514073,-43.59276259597208,-63.70001399999998,9.600292855396532,-43.58569876976173,-62.45001576525732,0.0,1,-5.329070518200751e-15,0.0,0.11140405290702526,0.9742105719060676,73.48488480836909,63.70001399999999,9.599995645028315,73.4795563259037,65.90477742429005,0.0,1,-5.329070518200751e-15,0.0,0.11140405290702526,0.9742105719060676,73.48488480836909,-63.70001399999998,9.599995645028315,73.4795563259037,-65.90477742429005,0.0,1,-5.329070518200751e-15
3.2666666666666666,3266667,hold_sit,-8.0,0.0,63.41475328785695,0.9713420698132614,0.0,-0.2376858923261731,0.0,-8.0,0.0,63.41475328785695,35.58569876976196,2.0,0.0,1.1653078329576392,0.020322932515144387,-43.59276259597243,63.70001399999999,9.600292855396532,-43.58569876976219,62.45001576525732,0.0,1,-7.105427357601002e-15,0.0,1.1653078329576214,0.020322934970514073,-43.59276259597208,-63.70001399999998,9.600292855396532,-43.58569876976173,-62.45001576525732,0.0,1,-5.329070518200751e-15,0.0,0.11140405290702526,0.9742105719060676,73.48488480836909,63.70001399999999,9.599995645028315,73.4795563259037,65.90477742429005,0.0,1,-5.329070518200751e-15,0.0,0.11140405290702526,0.9742105719060676,73.48488480836909,-63.70001399999998,9.599995645028315,73.4795563259037,-65.90477742429005,0.0,1,-5.329070518200751e-15
3.275,3275000,hold_sit,-8.0,0.0,63.41475328785695,0.9713420698132614,0.0,-0.2376858923261731,0.0,-8.0,0.0,63.41475328785695,35.58569876976196,2.0,0.0,1.1653078329576392,0.020322932515144387,-43.59276259597243,63.70001399999999,9.600292855396532,-43.58569876976219,62.45001576525732,0.0,1,-7.105427357601002e-15,0.0,1.1653078329576214,0.020322934970514073,-43.59276259597208,-63.70001399999998,9.600292855396532,-43.58569876976173,-62.45001576525732,0.0,1,-5.329070518200751e-15,0.0,0.11140405290702526,0.9742105719060676,73.48488480836909,63.70001399999999,9.599995645028315,73.4795563259037,65.90477742429005,0.0,1,-5.329070518200751e-15,0.0,0.11140405290702526,0.9742105719060676,73.48488480836909,-63.70001399999998,9.599995645028315,73.4795563259037,-65.90477742429005,0.0,1,-5.329070518200751e-15
3.283333333333333,3283333,hold_sit,-8.0,0.0,63.41475328785695,0.9713420698132614,0.0,-0.2376858923261731,0.0,-8.0,0.0,63.41475328785695,35.58569876976196,2.0,0.0,1.1653078329576392,0.020322932515144387,-43.59276259597243,63.70001399999999,9.600292855396532,-43.58569876976219,62.45001576525732,0.0,1,-7.105427357601002e-15,0.0,1.1653078329576214,0.020322934970514073,-43.59276259597208,-63.70001399999998,9.600292855396532,-43.58569876976173,-62.45001576525732,0.0,1,-5.329070518200751e-15,0.0,0.11140405290702526,0.9742105719060676,73.48488480836909,63.70001399999999,9.599995645028315,73.4795563259037,65.90477742429005,0.0,1,-5.329070518200751e-15,0.0,0.11140405290702526,0.9742105719060676,73.48488480836909,-63.70001399999998,9.599995645028315,73.4795563259037,-65.90477742429005,0.0,1,-5.329070518200751e-15
3.2916666666666665,3291667,hold_sit,-8.0,0.0,63.41475328785695,0.9713420698132614,0.0,-0.2376858923261731,0.0,-8.0,0.0,63.41475328785695,35.58569876976196,2.0,0.0,1.1653078329576392,0.020322932515144387,-43.59276259597243,63.70001399999999,9.600292855396532,-43.58569876976219,62.45001576525732,0.0,1,-7.105427357601002e-15,0.0,1.1653078329576214,0.020322934970514073,-43.59276259597208,-63.70001399999998,9.600292855396532,-43.58569876976173,-62.45001576525732,0.0,1,-5.329070518200751e-15,0.0,0.11140405290702526,0.9742105719060676,73.48488480836909,63.70001399999999,9.599995645028315,73.4795563259037,65.90477742429005,0.0,1,-5.329070518200751e-15,0.0,0.11140405290702526,0.9742105719060676,73.48488480836909,-63.70001399999998,9.599995645028315,73.4795563259037,-65.90477742429005,0.0,1,-5.329070518200751e-15
3.3,3300000,hold_sit,-8.0,0.0,63.41475328785695,0.9713420698132614,0.0,-0.2376858923261731,0.0,-8.0,0.0,63.41475328785695,35.58569876976196,2.0,0.0,1.1653078329576392,0.020322932515144387,-43.59276259597243,63.70001399999999,9.600292855396532,-43.58569876976219,62.45001576525732,0.0,1,-7.105427357601002e-15,0.0,1.1653078329576214,0.020322934970514073,-43.59276259597208,-63.70001399999998,9.600292855396532,-43.58569876976173,-62.45001576525732,0.0,1,-5.329070518200751e-15,0.0,0.11140405290702526,0.9742105719060676,73.48488480836909,63.70001399999999,9.599995645028315,73.4795563259037,65.90477742429005,0.0,1,-5.329070518200751e-15,0.0,0.11140405290702526,0.9742105719060676,73.48488480836909,-63.70001399999998,9.599995645028315,73.4795563259037,-65.90477742429005,0.0,1,-5.329070518200751e-15
3.308333333333333,3308333,hold_sit,-8.0,0.0,63.41475328785695,0.9713420698132614,0.0,-0.2376858923261731,0.0,-8.0,0.0,63.41475328785695,35.58569876976196,2.0,0.0,1.1653078329576392,0.020322932515144387,-43.59276259597243,63.70001399999999,9.600292855396532,-43.58569876976219,62.45001576525732,0.0,1,-7.105427357601002e-15,0.0,1.1653078329576214,0.020322934970514073,-43.59276259597208,-63.70001399999998,9.600292855396532,-43.58569876976173,-62.45001576525732,0.0,1,-5.329070518200751e-15,0.0,0.11140405290702526,0.9742105719060676,73.48488480836909,63.70001399999999,9.599995645028315,73.4795563259037,65.90477742429005,0.0,1,-5.329070518200751e-15,0.0,0.11140405290702526,0.9742105719060676,73.48488480836909,-63.70001399999998,9.599995645028315,73.4795563259037,-65.90477742429005,0.0,1,-5.329070518200751e-15
3.316666666666667,3316667,hold_sit,-8.0,0.0,63.41475328785695,0.9713420698132614,0.0,-0.2376858923261731,0.0,-8.0,0.0,63.41475328785695,35.58569876976196,2.0,0.0,1.1653078329576392,0.020322932515144387,-43.59276259597243,63.70001399999999,9.600292855396532,-43.58569876976219,62.45001576525732,0.0,1,-7.105427357601002e-15,0.0,1.1653078329576214,0.020322934970514073,-43.59276259597208,-63.70001399999998,9.600292855396532,-43.58569876976173,-62.45001576525732,0.0,1,-5.329070518200751e-15,0.0,0.11140405290702526,0.9742105719060676,73.48488480836909,63.70001399999999,9.599995645028315,73.4795563259037,65.90477742429005,0.0,1,-5.329070518200751e-15,0.0,0.11140405290702526,0.9742105719060676,73.48488480836909,-63.70001399999998,9.599995645028315,73.4795563259037,-65.90477742429005,0.0,1,-5.329070518200751e-15
3.325,3325000,hold_sit,-8.0,0.0,63.41475328785695,0.9713420698132614,0.0,-0.2376858923261731,0.0,-8.0,0.0,63.41475328785695,35.58569876976196,2.0,0.0,1.1653078329576392,0.020322932515144387,-43.59276259597243,63.70001399999999,9.600292855396532,-43.58569876976219,62.45001576525732,0.0,1,-7.105427357601002e-15,0.0,1.1653078329576214,0.020322934970514073,-43.59276259597208,-63.70001399999998,9.600292855396532,-43.58569876976173,-62.45001576525732,0.0,1,-5.329070518200751e-15,0.0,0.11140405290702526,0.9742105719060676,73.48488480836909,63.70001399999999,9.599995645028315,73.4795563259037,65.90477742429005,0.0,1,-5.329070518200751e-15,0.0,0.11140405290702526,0.9742105719060676,73.48488480836909,-63.70001399999998,9.599995645028315,73.4795563259037,-65.90477742429005,0.0,1,-5.329070518200751e-15
3.3333333333333335,3333333,hold_sit,-8.0,0.0,63.41475328785695,0.9713420698132614,0.0,-0.2376858923261731,0.0,-8.0,0.0,63.41475328785695,35.58569876976196,2.0,0.0,1.1653078329576392,0.020322932515144387,-43.59276259597243,63.70001399999999,9.600292855396532,-43.58569876976219,62.45001576525732,0.0,1,-7.105427357601002e-15,0.0,1.1653078329576214,0.020322934970514073,-43.59276259597208,-63.70001399999998,9.600292855396532,-43.58569876976173,-62.45001576525732,0.0,1,-5.329070518200751e-15,0.0,0.11140405290702526,0.9742105719060676,73.48488480836909,63.70001399999999,9.599995645028315,73.4795563259037,65.90477742429005,0.0,1,-5.329070518200751e-15,0.0,0.11140405290702526,0.9742105719060676,73.48488480836909,-63.70001399999998,9.599995645028315,73.4795563259037,-65.90477742429005,0.0,1,-5.329070518200751e-15
3.341666666666667,3341667,hold_sit,-8.0,0.0,63.41475328785695,0.9713420698132614,0.0,-0.2376858923261731,0.0,-8.0,0.0,63.41475328785695,35.58569876976196,2.0,0.0,1.1653078329576392,0.020322932515144387,-43.59276259597243,63.70001399999999,9.600292855396532,-43.58569876976219,62.45001576525732,0.0,1,-7.105427357601002e-15,0.0,1.1653078329576214,0.020322934970514073,-43.59276259597208,-63.70001399999998,9.600292855396532,-43.58569876976173,-62.45001576525732,0.0,1,-5.329070518200751e-15,0.0,0.11140405290702526,0.9742105719060676,73.48488480836909,63.70001399999999,9.599995645028315,73.4795563259037,65.90477742429005,0.0,1,-5.329070518200751e-15,0.0,0.11140405290702526,0.9742105719060676,73.48488480836909,-63.70001399999998,9.599995645028315,73.4795563259037,-65.90477742429005,0.0,1,-5.329070518200751e-15
3.35,3350000,hold_sit,-8.0,0.0,63.41475328785695,0.9713420698132614,0.0,-0.2376858923261731,0.0,-8.0,0.0,63.41475328785695,35.58569876976196,2.0,0.0,1.1653078329576392,0.020322932515144387,-43.59276259597243,63.70001399999999,9.600292855396532,-43.58569876976219,62.45001576525732,0.0,1,-7.105427357601002e-15,0.0,1.1653078329576214,0.020322934970514073,-43.59276259597208,-63.70001399999998,9.600292855396532,-43.58569876976173,-62.45001576525732,0.0,1,-5.329070518200751e-15,0.0,0.11140405290702526,0.9742105719060676,73.48488480836909,63.70001399999999,9.599995645028315,73.4795563259037,65.90477742429005,0.0,1,-5.329070518200751e-15,0.0,0.11140405290702526,0.9742105719060676,73.48488480836909,-63.70001399999998,9.599995645028315,73.4795563259037,-65.90477742429005,0.0,1,-5.329070518200751e-15
3.3583333333333334,3358333,hold_sit,-8.0,0.0,63.41475328785695,0.9713420698132614,0.0,-0.2376858923261731,0.0,-8.0,0.0,63.41475328785695,35.58569876976196,2.0,0.0,1.1653078329576392,0.020322932515144387,-43.59276259597243,63.70001399999999,9.600292855396532,-43.58569876976219,62.45001576525732,0.0,1,-7.105427357601002e-15,0.0,1.1653078329576214,0.020322934970514073,-43.59276259597208,-63.70001399999998,9.600292855396532,-43.58569876976173,-62.45001576525732,0.0,1,-5.329070518200751e-15,0.0,0.11140405290702526,0.9742105719060676,73.48488480836909,63.70001399999999,9.599995645028315,73.4795563259037,65.90477742429005,0.0,1,-5.329070518200751e-15,0.0,0.11140405290702526,0.9742105719060676,73.48488480836909,-63.70001399999998,9.599995645028315,73.4795563259037,-65.90477742429005,0.0,1,-5.329070518200751e-15
3.3666666666666667,3366667,hold_sit,-8.0,0.0,63.41475328785695,0.9713420698132614,0.0,-0.2376858923261731,0.0,-8.0,0.0,63.41475328785695,35.58569876976196,2.0,0.0,1.1653078329576392,0.020322932515144387,-43.59276259597243,63.70001399999999,9.600292855396532,-43.58569876976219,62.45001576525732,0.0,1,-7.105427357601002e-15,0.0,1.1653078329576214,0.020322934970514073,-43.59276259597208,-63.70001399999998,9.600292855396532,-43.58569876976173,-62.45001576525732,0.0,1,-5.329070518200751e-15,0.0,0.11140405290702526,0.9742105719060676,73.48488480836909,63.70001399999999,9.599995645028315,73.4795563259037,65.90477742429005,0.0,1,-5.329070518200751e-15,0.0,0.11140405290702526,0.9742105719060676,73.48488480836909,-63.70001399999998,9.599995645028315,73.4795563259037,-65.90477742429005,0.0,1,-5.329070518200751e-15
3.375,3375000,hold_sit,-8.0,0.0,63.41475328785695,0.9713420698132614,0.0,-0.2376858923261731,0.0,-8.0,0.0,63.41475328785695,35.58569876976196,2.0,0.0,1.1653078329576392,0.020322932515144387,-43.59276259597243,63.70001399999999,9.600292855396532,-43.58569876976219,62.45001576525732,0.0,1,-7.105427357601002e-15,0.0,1.1653078329576214,0.020322934970514073,-43.59276259597208,-63.70001399999998,9.600292855396532,-43.58569876976173,-62.45001576525732,0.0,1,-5.329070518200751e-15,0.0,0.11140405290702526,0.9742105719060676,73.48488480836909,63.70001399999999,9.599995645028315,73.4795563259037,65.90477742429005,0.0,1,-5.329070518200751e-15,0.0,0.11140405290702526,0.9742105719060676,73.48488480836909,-63.70001399999998,9.599995645028315,73.4795563259037,-65.90477742429005,0.0,1,-5.329070518200751e-15
3.3833333333333333,3383333,hold_sit,-8.0,0.0,63.41475328785695,0.9713420698132614,0.0,-0.2376858923261731,0.0,-8.0,0.0,63.41475328785695,35.58569876976196,2.0,0.0,1.1653078329576392,0.020322932515144387,-43.59276259597243,63.70001399999999,9.600292855396532,-43.58569876976219,62.45001576525732,0.0,1,-7.105427357601002e-15,0.0,1.1653078329576214,0.020322934970514073,-43.59276259597208,-63.70001399999998,9.600292855396532,-43.58569876976173,-62.45001576525732,0.0,1,-5.329070518200751e-15,0.0,0.11140405290702526,0.9742105719060676,73.48488480836909,63.70001399999999,9.599995645028315,73.4795563259037,65.90477742429005,0.0,1,-5.329070518200751e-15,0.0,0.11140405290702526,0.9742105719060676,73.48488480836909,-63.70001399999998,9.599995645028315,73.4795563259037,-65.90477742429005,0.0,1,-5.329070518200751e-15
3.3916666666666666,3391667,hold_sit,-8.0,0.0,63.41475328785695,0.9713420698132614,0.0,-0.2376858923261731,0.0,-8.0,0.0,63.41475328785695,35.58569876976196,2.0,0.0,1.1653078329576392,0.020322932515144387,-43.59276259597243,63.70001399999999,9.600292855396532,-43.58569876976219,62.45001576525732,0.0,1,-7.105427357601002e-15,0.0,1.1653078329576214,0.020322934970514073,-43.59276259597208,-63.70001399999998,9.600292855396532,-43.58569876976173,-62.45001576525732,0.0,1,-5.329070518200751e-15,0.0,0.11140405290702526,0.9742105719060676,73.48488480836909,63.70001399999999,9.599995645028315,73.4795563259037,65.90477742429005,0.0,1,-5.329070518200751e-15,0.0,0.11140405290702526,0.9742105719060676,73.48488480836909,-63.70001399999998,9.599995645028315,73.4795563259037,-65.90477742429005,0.0,1,-5.329070518200751e-15
3.4,3400000,hold_sit,-8.0,0.0,63.41475328785695,0.9713420698132614,0.0,-0.2376858923261731,0.0,-8.0,0.0,63.41475328785695,35.58569876976196,2.0,0.0,1.1653078329576392,0.020322932515144387,-43.59276259597243,63.70001399999999,9.600292855396532,-43.58569876976219,62.45001576525732,0.0,1,-7.105427357601002e-15,0.0,1.1653078329576214,0.020322934970514073,-43.59276259597208,-63.70001399999998,9.600292855396532,-43.58569876976173,-62.45001576525732,0.0,1,-5.329070518200751e-15,0.0,0.11140405290702526,0.9742105719060676,73.48488480836909,63.70001399999999,9.599995645028315,73.4795563259037,65.90477742429005,0.0,1,-5.329070518200751e-15,0.0,0.11140405290702526,0.9742105719060676,73.48488480836909,-63.70001399999998,9.599995645028315,73.4795563259037,-65.90477742429005,0.0,1,-5.329070518200751e-15
3.408333333333333,3408333,hold_sit,-8.0,0.0,63.41475328785695,0.9713420698132614,0.0,-0.2376858923261731,0.0,-8.0,0.0,63.41475328785695,35.58569876976196,2.0,0.0,1.1653078329576392,0.020322932515144387,-43.59276259597243,63.70001399999999,9.600292855396532,-43.58569876976219,62.45001576525732,0.0,1,-7.105427357601002e-15,0.0,1.1653078329576214,0.020322934970514073,-43.59276259597208,-63.70001399999998,9.600292855396532,-43.58569876976173,-62.45001576525732,0.0,1,-5.329070518200751e-15,0.0,0.11140405290702526,0.9742105719060676,73.48488480836909,63.70001399999999,9.599995645028315,73.4795563259037,65.90477742429005,0.0,1,-5.329070518200751e-15,0.0,0.11140405290702526,0.9742105719060676,73.48488480836909,-63.70001399999998,9.599995645028315,73.4795563259037,-65.90477742429005,0.0,1,-5.329070518200751e-15
3.4166666666666665,3416667,hold_sit,-8.0,0.0,63.41475328785695,0.9713420698132614,0.0,-0.2376858923261731,0.0,-8.0,0.0,63.41475328785695,35.58569876976196,2.0,0.0,1.1653078329576392,0.020322932515144387,-43.59276259597243,63.70001399999999,9.600292855396532,-43.58569876976219,62.45001576525732,0.0,1,-7.105427357601002e-15,0.0,1.1653078329576214,0.020322934970514073,-43.59276259597208,-63.70001399999998,9.600292855396532,-43.58569876976173,-62.45001576525732,0.0,1,-5.329070518200751e-15,0.0,0.11140405290702526,0.9742105719060676,73.48488480836909,63.70001399999999,9.599995645028315,73.4795563259037,65.90477742429005,0.0,1,-5.329070518200751e-15,0.0,0.11140405290702526,0.9742105719060676,73.48488480836909,-63.70001399999998,9.599995645028315,73.4795563259037,-65.90477742429005,0.0,1,-5.329070518200751e-15
3.425,3425000,hold_sit,-8.0,0.0,63.41475328785695,0.9713420698132614,0.0,-0.2376858923261731,0.0,-8.0,0.0,63.41475328785695,35.58569876976196,2.0,0.0,1.1653078329576392,0.020322932515144387,-43.59276259597243,63.70001399999999,9.600292855396532,-43.58569876976219,62.45001576525732,0.0,1,-7.105427357601002e-15,0.0,1.1653078329576214,0.020322934970514073,-43.59276259597208,-63.70001399999998,9.600292855396532,-43.58569876976173,-62.45001576525732,0.0,1,-5.329070518200751e-15,0.0,0.11140405290702526,0.9742105719060676,73.48488480836909,63.70001399999999,9.599995645028315,73.4795563259037,65.90477742429005,0.0,1,-5.329070518200751e-15,0.0,0.11140405290702526,0.9742105719060676,73.48488480836909,-63.70001399999998,9.599995645028315,73.4795563259037,-65.90477742429005,0.0,1,-5.329070518200751e-15
3.433333333333333,3433333,hold_sit,-8.0,0.0,63.41475328785695,0.9713420698132614,0.0,-0.2376858923261731,0.0,-8.0,0.0,63.41475328785695,35.58569876976196,2.0,0.0,1.1653078329576392,0.020322932515144387,-43.59276259597243,63.70001399999999,9.600292855396532,-43.58569876976219,62.45001576525732,0.0,1,-7.105427357601002e-15,0.0,1.1653078329576214,0.020322934970514073,-43.59276259597208,-63.70001399999998,9.600292855396532,-43.58569876976173,-62.45001576525732,0.0,1,-5.329070518200751e-15,0.0,0.11140405290702526,0.9742105719060676,73.48488480836909,63.70001399999999,9.599995645028315,73.4795563259037,65.90477742429005,0.0,1,-5.329070518200751e-15,0.0,0.11140405290702526,0.9742105719060676,73.48488480836909,-63.70001399999998,9.599995645028315,73.4795563259037,-65.90477742429005,0.0,1,-5.329070518200751e-15
3.441666666666667,3441667,hold_sit,-8.0,0.0,63.41475328785695,0.9713420698132614,0.0,-0.2376858923261731,0.0,-8.0,0.0,63.41475328785695,35.58569876976196,2.0,0.0,1.1653078329576392,0.020322932515144387,-43.59276259597243,63.70001399999999,9.600292855396532,-43.58569876976219,62.45001576525732,0.0,1,-7.105427357601002e-15,0.0,1.1653078329576214,0.020322934970514073,-43.59276259597208,-63.70001399999998,9.600292855396532,-43.58569876976173,-62.45001576525732,0.0,1,-5.329070518200751e-15,0.0,0.11140405290702526,0.9742105719060676,73.48488480836909,63.70001399999999,9.599995645028315,73.4795563259037,65.90477742429005,0.0,1,-5.329070518200751e-15,0.0,0.11140405290702526,0.9742105719060676,73.48488480836909,-63.70001399999998,9.599995645028315,73.4795563259037,-65.90477742429005,0.0,1,-5.329070518200751e-15
3.45,3450000,hold_sit,-8.0,0.0,63.41475328785695,0.9713420698132614,0.0,-0.2376858923261731,0.0,-8.0,0.0,63.41475328785695,35.58569876976196,2.0,0.0,1.1653078329576392,0.020322932515144387,-43.59276259597243,63.70001399999999,9.600292855396532,-43.58569876976219,62.45001576525732,0.0,1,-7.105427357601002e-15,0.0,1.1653078329576214,0.020322934970514073,-43.59276259597208,-63.70001399999998,9.600292855396532,-43.58569876976173,-62.45001576525732,0.0,1,-5.329070518200751e-15,0.0,0.11140405290702526,0.9742105719060676,73.48488480836909,63.70001399999999,9.599995645028315,73.4795563259037,65.90477742429005,0.0,1,-5.329070518200751e-15,0.0,0.11140405290702526,0.9742105719060676,73.48488480836909,-63.70001399999998,9.599995645028315,73.4795563259037,-65.90477742429005,0.0,1,-5.329070518200751e-15
3.4583333333333335,3458333,hold_sit,-8.0,0.0,63.41475328785695,0.9713420698132614,0.0,-0.2376858923261731,0.0,-8.0,0.0,63.41475328785695,35.58569876976196,2.0,0.0,1.1653078329576392,0.020322932515144387,-43.59276259597243,63.70001399999999,9.600292855396532,-43.58569876976219,62.45001576525732,0.0,1,-7.105427357601002e-15,0.0,1.1653078329576214,0.020322934970514073,-43.59276259597208,-63.70001399999998,9.600292855396532,-43.58569876976173,-62.45001576525732,0.0,1,-5.329070518200751e-15,0.0,0.11140405290702526,0.9742105719060676,73.48488480836909,63.70001399999999,9.599995645028315,73.4795563259037,65.90477742429005,0.0,1,-5.329070518200751e-15,0.0,0.11140405290702526,0.9742105719060676,73.48488480836909,-63.70001399999998,9.599995645028315,73.4795563259037,-65.90477742429005,0.0,1,-5.329070518200751e-15
3.466666666666667,3466667,hold_sit,-8.0,0.0,63.41475328785695,0.9713420698132614,0.0,-0.2376858923261731,0.0,-8.0,0.0,63.41475328785695,35.58569876976196,2.0,0.0,1.1653078329576392,0.020322932515144387,-43.59276259597243,63.70001399999999,9.600292855396532,-43.58569876976219,62.45001576525732,0.0,1,-7.105427357601002e-15,0.0,1.1653078329576214,0.020322934970514073,-43.59276259597208,-63.70001399999998,9.600292855396532,-43.58569876976173,-62.45001576525732,0.0,1,-5.329070518200751e-15,0.0,0.11140405290702526,0.9742105719060676,73.48488480836909,63.70001399999999,9.599995645028315,73.4795563259037,65.90477742429005,0.0,1,-5.329070518200751e-15,0.0,0.11140405290702526,0.9742105719060676,73.48488480836909,-63.70001399999998,9.599995645028315,73.4795563259037,-65.90477742429005,0.0,1,-5.329070518200751e-15
3.475,3475000,hold_sit,-8.0,0.0,63.41475328785695,0.9713420698132614,0.0,-0.2376858923261731,0.0,-8.0,0.0,63.41475328785695,35.58569876976196,2.0,0.0,1.1653078329576392,0.020322932515144387,-43.59276259597243,63.70001399999999,9.600292855396532,-43.58569876976219,62.45001576525732,0.0,1,-7.105427357601002e-15,0.0,1.1653078329576214,0.020322934970514073,-43.59276259597208,-63.70001399999998,9.600292855396532,-43.58569876976173,-62.45001576525732,0.0,1,-5.329070518200751e-15,0.0,0.11140405290702526,0.9742105719060676,73.48488480836909,63.70001399999999,9.599995645028315,73.4795563259037,65.90477742429005,0.0,1,-5.329070518200751e-15,0.0,0.11140405290702526,0.9742105719060676,73.48488480836909,-63.70001399999998,9.599995645028315,73.4795563259037,-65.90477742429005,0.0,1,-5.329070518200751e-15
3.4833333333333334,3483333,hold_sit,-8.0,0.0,63.41475328785695,0.9713420698132614,0.0,-0.2376858923261731,0.0,-8.0,0.0,63.41475328785695,35.58569876976196,2.0,0.0,1.1653078329576392,0.020322932515144387,-43.59276259597243,63.70001399999999,9.600292855396532,-43.58569876976219,62.45001576525732,0.0,1,-7.105427357601002e-15,0.0,1.1653078329576214,0.020322934970514073,-43.59276259597208,-63.70001399999998,9.600292855396532,-43.58569876976173,-62.45001576525732,0.0,1,-5.329070518200751e-15,0.0,0.11140405290702526,0.9742105719060676,73.48488480836909,63.70001399999999,9.599995645028315,73.4795563259037,65.90477742429005,0.0,1,-5.329070518200751e-15,0.0,0.11140405290702526,0.9742105719060676,73.48488480836909,-63.70001399999998,9.599995645028315,73.4795563259037,-65.90477742429005,0.0,1,-5.329070518200751e-15
3.4916666666666667,3491667,hold_sit,-8.0,0.0,63.41475328785695,0.9713420698132614,0.0,-0.2376858923261731,0.0,-8.0,0.0,63.41475328785695,35.58569876976196,2.0,0.0,1.1653078329576392,0.020322932515144387,-43.59276259597243,63.70001399999999,9.600292855396532,-43.58569876976219,62.45001576525732,0.0,1,-7.105427357601002e-15,0.0,1.1653078329576214,0.020322934970514073,-43.59276259597208,-63.70001399999998,9.600292855396532,-43.58569876976173,-62.45001576525732,0.0,1,-5.329070518200751e-15,0.0,0.11140405290702526,0.9742105719060676,73.48488480836909,63.70001399999999,9.599995645028315,73.4795563259037,65.90477742429005,0.0,1,-5.329070518200751e-15,0.0,0.11140405290702526,0.9742105719060676,73.48488480836909,-63.70001399999998,9.599995645028315,73.4795563259037,-65.90477742429005,0.0,1,-5.329070518200751e-15
3.5,3500000,hold_sit,-8.0,0.0,63.41475328785695,0.9713420698132614,0.0,-0.2376858923261731,0.0,-8.0,0.0,63.41475328785695,35.58569876976196,2.0,0.0,1.1653078329576392,0.020322932515144387,-43.59276259597243,63.70001399999999,9.600292855396532,-43.58569876976219,62.45001576525732,0.0,1,-7.105427357601002e-15,0.0,1.1653078329576214,0.020322934970514073,-43.59276259597208,-63.70001399999998,9.600292855396532,-43.58569876976173,-62.45001576525732,0.0,1,-5.329070518200751e-15,0.0,0.11140405290702526,0.9742105719060676,73.48488480836909,63.70001399999999,9.599995645028315,73.4795563259037,65.90477742429005,0.0,1,-5.329070518200751e-15,0.0,0.11140405290702526,0.9742105719060676,73.48488480836909,-63.70001399999998,9.599995645028315,73.4795563259037,-65.90477742429005,0.0,1,-5.329070518200751e-15
3.5083333333333333,3508333,hold_sit,-8.0,0.0,63.41475328785695,0.9713420698132614,0.0,-0.2376858923261731,0.0,-8.0,0.0,63.41475328785695,35.58569876976196,2.0,0.0,1.1653078329576392,0.020322932515144387,-43.59276259597243,63.70001399999999,9.600292855396532,-43.58569876976219,62.45001576525732,0.0,1,-7.105427357601002e-15,0.0,1.1653078329576214,0.020322934970514073,-43.59276259597208,-63.70001399999998,9.600292855396532,-43.58569876976173,-62.45001576525732,0.0,1,-5.329070518200751e-15,0.0,0.11140405290702526,0.9742105719060676,73.48488480836909,63.70001399999999,9.599995645028315,73.4795563259037,65.90477742429005,0.0,1,-5.329070518200751e-15,0.0,0.11140405290702526,0.9742105719060676,73.48488480836909,-63.70001399999998,9.599995645028315,73.4795563259037,-65.90477742429005,0.0,1,-5.329070518200751e-15
3.5166666666666666,3516667,hold_sit,-8.0,0.0,63.41475328785695,0.9713420698132614,0.0,-0.2376858923261731,0.0,-8.0,0.0,63.41475328785695,35.58569876976196,2.0,0.0,1.1653078329576392,0.020322932515144387,-43.59276259597243,63.70001399999999,9.600292855396532,-43.58569876976219,62.45001576525732,0.0,1,-7.105427357601002e-15,0.0,1.1653078329576214,0.020322934970514073,-43.59276259597208,-63.70001399999998,9.600292855396532,-43.58569876976173,-62.45001576525732,0.0,1,-5.329070518200751e-15,0.0,0.11140405290702526,0.9742105719060676,73.48488480836909,63.70001399999999,9.599995645028315,73.4795563259037,65.90477742429005,0.0,1,-5.329070518200751e-15,0.0,0.11140405290702526,0.9742105719060676,73.48488480836909,-63.70001399999998,9.599995645028315,73.4795563259037,-65.90477742429005,0.0,1,-5.329070518200751e-15
3.525,3525000,hold_sit,-8.0,0.0,63.41475328785695,0.9713420698132614,0.0,-0.2376858923261731,0.0,-8.0,0.0,63.41475328785695,35.58569876976196,2.0,0.0,1.1653078329576392,0.020322932515144387,-43.59276259597243,63.70001399999999,9.600292855396532,-43.58569876976219,62.45001576525732,0.0,1,-7.105427357601002e-15,0.0,1.1653078329576214,0.020322934970514073,-43.59276259597208,-63.70001399999998,9.600292855396532,-43.58569876976173,-62.45001576525732,0.0,1,-5.329070518200751e-15,0.0,0.11140405290702526,0.9742105719060676,73.48488480836909,63.70001399999999,9.599995645028315,73.4795563259037,65.90477742429005,0.0,1,-5.329070518200751e-15,0.0,0.11140405290702526,0.9742105719060676,73.48488480836909,-63.70001399999998,9.599995645028315,73.4795563259037,-65.90477742429005,0.0,1,-5.329070518200751e-15
3.533333333333333,3533333,hold_sit,-8.0,0.0,63.41475328785695,0.9713420698132614,0.0,-0.2376858923261731,0.0,-8.0,0.0,63.41475328785695,35.58569876976196,2.0,0.0,1.1653078329576392,0.020322932515144387,-43.59276259597243,63.70001399999999,9.600292855396532,-43.58569876976219,62.45001576525732,0.0,1,-7.105427357601002e-15,0.0,1.1653078329576214,0.020322934970514073,-43.59276259597208,-63.70001399999998,9.600292855396532,-43.58569876976173,-62.45001576525732,0.0,1,-5.329070518200751e-15,0.0,0.11140405290702526,0.9742105719060676,73.48488480836909,63.70001399999999,9.599995645028315,73.4795563259037,65.90477742429005,0.0,1,-5.329070518200751e-15,0.0,0.11140405290702526,0.9742105719060676,73.48488480836909,-63.70001399999998,9.599995645028315,73.4795563259037,-65.90477742429005,0.0,1,-5.329070518200751e-15
3.5416666666666665,3541667,hold_sit,-8.0,0.0,63.41475328785695,0.9713420698132614,0.0,-0.2376858923261731,0.0,-8.0,0.0,63.41475328785695,35.58569876976196,2.0,0.0,1.1653078329576392,0.020322932515144387,-43.59276259597243,63.70001399999999,9.600292855396532,-43.58569876976219,62.45001576525732,0.0,1,-7.105427357601002e-15,0.0,1.1653078329576214,0.020322934970514073,-43.59276259597208,-63.70001399999998,9.600292855396532,-43.58569876976173,-62.45001576525732,0.0,1,-5.329070518200751e-15,0.0,0.11140405290702526,0.9742105719060676,73.48488480836909,63.70001399999999,9.599995645028315,73.4795563259037,65.90477742429005,0.0,1,-5.329070518200751e-15,0.0,0.11140405290702526,0.9742105719060676,73.48488480836909,-63.70001399999998,9.599995645028315,73.4795563259037,-65.90477742429005,0.0,1,-5.329070518200751e-15
3.55,3550000,hold_sit,-8.0,0.0,63.41475328785695,0.9713420698132614,0.0,-0.2376858923261731,0.0,-8.0,0.0,63.41475328785695,35.58569876976196,2.0,0.0,1.1653078329576392,0.020322932515144387,-43.59276259597243,63.70001399999999,9.600292855396532,-43.58569876976219,62.45001576525732,0.0,1,-7.105427357601002e-15,0.0,1.1653078329576214,0.020322934970514073,-43.59276259597208,-63.70001399999998,9.600292855396532,-43.58569876976173,-62.45001576525732,0.0,1,-5.329070518200751e-15,0.0,0.11140405290702526,0.9742105719060676,73.48488480836909,63.70001399999999,9.599995645028315,73.4795563259037,65.90477742429005,0.0,1,-5.329070518200751e-15,0.0,0.11140405290702526,0.9742105719060676,73.48488480836909,-63.70001399999998,9.599995645028315,73.4795563259037,-65.90477742429005,0.0,1,-5.329070518200751e-15
3.558333333333333,3558333,hold_sit,-8.0,0.0,63.41475328785695,0.9713420698132614,0.0,-0.2376858923261731,0.0,-8.0,0.0,63.41475328785695,35.58569876976196,2.0,0.0,1.1653078329576392,0.020322932515144387,-43.59276259597243,63.70001399999999,9.600292855396532,-43.58569876976219,62.45001576525732,0.0,1,-7.105427357601002e-15,0.0,1.1653078329576214,0.020322934970514073,-43.59276259597208,-63.70001399999998,9.600292855396532,-43.58569876976173,-62.45001576525732,0.0,1,-5.329070518200751e-15,0.0,0.11140405290702526,0.9742105719060676,73.48488480836909,63.70001399999999,9.599995645028315,73.4795563259037,65.90477742429005,0.0,1,-5.329070518200751e-15,0.0,0.11140405290702526,0.9742105719060676,73.48488480836909,-63.70001399999998,9.599995645028315,73.4795563259037,-65.90477742429005,0.0,1,-5.329070518200751e-15
3.566666666666667,3566667,hold_sit,-8.0,0.0,63.41475328785695,0.9713420698132614,0.0,-0.2376858923261731,0.0,-8.0,0.0,63.41475328785695,35.58569876976196,2.0,0.0,1.1653078329576392,0.020322932515144387,-43.59276259597243,63.70001399999999,9.600292855396532,-43.58569876976219,62.45001576525732,0.0,1,-7.105427357601002e-15,0.0,1.1653078329576214,0.020322934970514073,-43.59276259597208,-63.70001399999998,9.600292855396532,-43.58569876976173,-62.45001576525732,0.0,1,-5.329070518200751e-15,0.0,0.11140405290702526,0.9742105719060676,73.48488480836909,63.70001399999999,9.599995645028315,73.4795563259037,65.90477742429005,0.0,1,-5.329070518200751e-15,0.0,0.11140405290702526,0.9742105719060676,73.48488480836909,-63.70001399999998,9.599995645028315,73.4795563259037,-65.90477742429005,0.0,1,-5.329070518200751e-15
3.575,3575000,hold_sit,-8.0,0.0,63.41475328785695,0.9713420698132614,0.0,-0.2376858923261731,0.0,-8.0,0.0,63.41475328785695,35.58569876976196,2.0,0.0,1.1653078329576392,0.020322932515144387,-43.59276259597243,63.70001399999999,9.600292855396532,-43.58569876976219,62.45001576525732,0.0,1,-7.105427357601002e-15,0.0,1.1653078329576214,0.020322934970514073,-43.59276259597208,-63.70001399999998,9.600292855396532,-43.58569876976173,-62.45001576525732,0.0,1,-5.329070518200751e-15,0.0,0.11140405290702526,0.9742105719060676,73.48488480836909,63.70001399999999,9.599995645028315,73.4795563259037,65.90477742429005,0.0,1,-5.329070518200751e-15,0.0,0.11140405290702526,0.9742105719060676,73.48488480836909,-63.70001399999998,9.599995645028315,73.4795563259037,-65.90477742429005,0.0,1,-5.329070518200751e-15
3.5833333333333335,3583333,hold_sit,-8.0,0.0,63.41475328785695,0.9713420698132614,0.0,-0.2376858923261731,0.0,-8.0,0.0,63.41475328785695,35.58569876976196,2.0,0.0,1.1653078329576392,0.020322932515144387,-43.59276259597243,63.70001399999999,9.600292855396532,-43.58569876976219,62.45001576525732,0.0,1,-7.105427357601002e-15,0.0,1.1653078329576214,0.020322934970514073,-43.59276259597208,-63.70001399999998,9.600292855396532,-43.58569876976173,-62.45001576525732,0.0,1,-5.329070518200751e-15,0.0,0.11140405290702526,0.9742105719060676,73.48488480836909,63.70001399999999,9.599995645028315,73.4795563259037,65.90477742429005,0.0,1,-5.329070518200751e-15,0.0,0.11140405290702526,0.9742105719060676,73.48488480836909,-63.70001399999998,9.599995645028315,73.4795563259037,-65.90477742429005,0.0,1,-5.329070518200751e-15
3.591666666666667,3591667,hold_sit,-8.0,0.0,63.41475328785695,0.9713420698132614,0.0,-0.2376858923261731,0.0,-8.0,0.0,63.41475328785695,35.58569876976196,2.0,0.0,1.1653078329576392,0.020322932515144387,-43.59276259597243,63.70001399999999,9.600292855396532,-43.58569876976219,62.45001576525732,0.0,1,-7.105427357601002e-15,0.0,1.1653078329576214,0.020322934970514073,-43.59276259597208,-63.70001399999998,9.600292855396532,-43.58569876976173,-62.45001576525732,0.0,1,-5.329070518200751e-15,0.0,0.11140405290702526,0.9742105719060676,73.48488480836909,63.70001399999999,9.599995645028315,73.4795563259037,65.90477742429005,0.0,1,-5.329070518200751e-15,0.0,0.11140405290702526,0.9742105719060676,73.48488480836909,-63.70001399999998,9.599995645028315,73.4795563259037,-65.90477742429005,0.0,1,-5.329070518200751e-15
3.6,3600000,hold_sit,-8.0,0.0,63.41475328785695,0.9713420698132614,0.0,-0.2376858923261731,0.0,-8.0,0.0,63.41475328785695,35.58569876976196,2.0,0.0,1.1653078329576392,0.020322932515144387,-43.59276259597243,63.70001399999999,9.600292855396532,-43.58569876976219,62.45001576525732,0.0,1,-7.105427357601002e-15,0.0,1.1653078329576214,0.020322934970514073,-43.59276259597208,-63.70001399999998,9.600292855396532,-43.58569876976173,-62.45001576525732,0.0,1,-5.329070518200751e-15,0.0,0.11140405290702526,0.9742105719060676,73.48488480836909,63.70001399999999,9.599995645028315,73.4795563259037,65.90477742429005,0.0,1,-5.329070518200751e-15,0.0,0.11140405290702526,0.9742105719060676,73.48488480836909,-63.70001399999998,9.599995645028315,73.4795563259037,-65.90477742429005,0.0,1,-5.329070518200751e-15
3.6083333333333334,3608333,hold_sit,-8.0,0.0,63.41475328785695,0.9713420698132614,0.0,-0.2376858923261731,0.0,-8.0,0.0,63.41475328785695,35.58569876976196,2.0,0.0,1.1653078329576392,0.020322932515144387,-43.59276259597243,63.70001399999999,9.600292855396532,-43.58569876976219,62.45001576525732,0.0,1,-7.105427357601002e-15,0.0,1.1653078329576214,0.020322934970514073,-43.59276259597208,-63.70001399999998,9.600292855396532,-43.58569876976173,-62.45001576525732,0.0,1,-5.329070518200751e-15,0.0,0.11140405290702526,0.9742105719060676,73.48488480836909,63.70001399999999,9.599995645028315,73.4795563259037,65.90477742429005,0.0,1,-5.329070518200751e-15,0.0,0.11140405290702526,0.9742105719060676,73.48488480836909,-63.70001399999998,9.599995645028315,73.4795563259037,-65.90477742429005,0.0,1,-5.329070518200751e-15
3.6166666666666667,3616667,hold_sit,-8.0,0.0,63.41475328785695,0.9713420698132614,0.0,-0.2376858923261731,0.0,-8.0,0.0,63.41475328785695,35.58569876976196,2.0,0.0,1.1653078329576392,0.020322932515144387,-43.59276259597243,63.70001399999999,9.600292855396532,-43.58569876976219,62.45001576525732,0.0,1,-7.105427357601002e-15,0.0,1.1653078329576214,0.020322934970514073,-43.59276259597208,-63.70001399999998,9.600292855396532,-43.58569876976173,-62.45001576525732,0.0,1,-5.329070518200751e-15,0.0,0.11140405290702526,0.9742105719060676,73.48488480836909,63.70001399999999,9.599995645028315,73.4795563259037,65.90477742429005,0.0,1,-5.329070518200751e-15,0.0,0.11140405290702526,0.9742105719060676,73.48488480836909,-63.70001399999998,9.599995645028315,73.4795563259037,-65.90477742429005,0.0,1,-5.329070518200751e-15
3.625,3625000,hold_sit,-8.0,0.0,63.41475328785695,0.9713420698132614,0.0,-0.2376858923261731,0.0,-8.0,0.0,63.41475328785695,35.58569876976196,2.0,0.0,1.1653078329576392,0.020322932515144387,-43.59276259597243,63.70001399999999,9.600292855396532,-43.58569876976219,62.45001576525732,0.0,1,-7.105427357601002e-15,0.0,1.1653078329576214,0.020322934970514073,-43.59276259597208,-63.70001399999998,9.600292855396532,-43.58569876976173,-62.45001576525732,0.0,1,-5.329070518200751e-15,0.0,0.11140405290702526,0.9742105719060676,73.48488480836909,63.70001399999999,9.599995645028315,73.4795563259037,65.90477742429005,0.0,1,-5.329070518200751e-15,0.0,0.11140405290702526,0.9742105719060676,73.48488480836909,-63.70001399999998,9.599995645028315,73.4795563259037,-65.90477742429005,0.0,1,-5.329070518200751e-15
3.6333333333333333,3633333,hold_sit,-8.0,0.0,63.41475328785695,0.9713420698132614,0.0,-0.2376858923261731,0.0,-8.0,0.0,63.41475328785695,35.58569876976196,2.0,0.0,1.1653078329576392,0.020322932515144387,-43.59276259597243,63.70001399999999,9.600292855396532,-43.58569876976219,62.45001576525732,0.0,1,-7.105427357601002e-15,0.0,1.1653078329576214,0.020322934970514073,-43.59276259597208,-63.70001399999998,9.600292855396532,-43.58569876976173,-62.45001576525732,0.0,1,-5.329070518200751e-15,0.0,0.11140405290702526,0.9742105719060676,73.48488480836909,63.70001399999999,9.599995645028315,73.4795563259037,65.90477742429005,0.0,1,-5.329070518200751e-15,0.0,0.11140405290702526,0.9742105719060676,73.48488480836909,-63.70001399999998,9.599995645028315,73.4795563259037,-65.90477742429005,0.0,1,-5.329070518200751e-15
3.6416666666666666,3641667,hold_sit,-8.0,0.0,63.41475328785695,0.9713420698132614,0.0,-0.2376858923261731,0.0,-8.0,0.0,63.41475328785695,35.58569876976196,2.0,0.0,1.1653078329576392,0.020322932515144387,-43.59276259597243,63.70001399999999,9.600292855396532,-43.58569876976219,62.45001576525732,0.0,1,-7.105427357601002e-15,0.0,1.1653078329576214,0.020322934970514073,-43.59276259597208,-63.70001399999998,9.600292855396532,-43.58569876976173,-62.45001576525732,0.0,1,-5.329070518200751e-15,0.0,0.11140405290702526,0.9742105719060676,73.48488480836909,63.70001399999999,9.599995645028315,73.4795563259037,65.90477742429005,0.0,1,-5.329070518200751e-15,0.0,0.11140405290702526,0.9742105719060676,73.48488480836909,-63.70001399999998,9.599995645028315,73.4795563259037,-65.90477742429005,0.0,1,-5.329070518200751e-15
3.65,3650000,hold_sit,-8.0,0.0,63.41475328785695,0.9713420698132614,0.0,-0.2376858923261731,0.0,-8.0,0.0,63.41475328785695,35.58569876976196,2.0,0.0,1.1653078329576392,0.020322932515144387,-43.59276259597243,63.70001399999999,9.600292855396532,-43.58569876976219,62.45001576525732,0.0,1,-7.105427357601002e-15,0.0,1.1653078329576214,0.020322934970514073,-43.59276259597208,-63.70001399999998,9.600292855396532,-43.58569876976173,-62.45001576525732,0.0,1,-5.329070518200751e-15,0.0,0.11140405290702526,0.9742105719060676,73.48488480836909,63.70001399999999,9.599995645028315,73.4795563259037,65.90477742429005,0.0,1,-5.329070518200751e-15,0.0,0.11140405290702526,0.9742105719060676,73.48488480836909,-63.70001399999998,9.599995645028315,73.4795563259037,-65.90477742429005,0.0,1,-5.329070518200751e-15
3.658333333333333,3658333,hold_sit,-8.0,0.0,63.41475328785695,0.9713420698132614,0.0,-0.2376858923261731,0.0,-8.0,0.0,63.41475328785695,35.58569876976196,2.0,0.0,1.1653078329576392,0.020322932515144387,-43.59276259597243,63.70001399999999,9.600292855396532,-43.58569876976219,62.45001576525732,0.0,1,-7.105427357601002e-15,0.0,1.1653078329576214,0.020322934970514073,-43.59276259597208,-63.70001399999998,9.600292855396532,-43.58569876976173,-62.45001576525732,0.0,1,-5.329070518200751e-15,0.0,0.11140405290702526,0.9742105719060676,73.48488480836909,63.70001399999999,9.599995645028315,73.4795563259037,65.90477742429005,0.0,1,-5.329070518200751e-15,0.0,0.11140405290702526,0.9742105719060676,73.48488480836909,-63.70001399999998,9.599995645028315,73.4795563259037,-65.90477742429005,0.0,1,-5.329070518200751e-15
3.6666666666666665,3666667,hold_sit,-8.0,0.0,63.41475328785695,0.9713420698132614,0.0,-0.2376858923261731,0.0,-8.0,0.0,63.41475328785695,35.58569876976196,2.0,0.0,1.1653078329576392,0.020322932515144387,-43.59276259597243,63.70001399999999,9.600292855396532,-43.58569876976219,62.45001576525732,0.0,1,-7.105427357601002e-15,0.0,1.1653078329576214,0.020322934970514073,-43.59276259597208,-63.70001399999998,9.600292855396532,-43.58569876976173,-62.45001576525732,0.0,1,-5.329070518200751e-15,0.0,0.11140405290702526,0.9742105719060676,73.48488480836909,63.70001399999999,9.599995645028315,73.4795563259037,65.90477742429005,0.0,1,-5.329070518200751e-15,0.0,0.11140405290702526,0.9742105719060676,73.48488480836909,-63.70001399999998,9.599995645028315,73.4795563259037,-65.90477742429005,0.0,1,-5.329070518200751e-15
3.675,3675000,hold_sit,-8.0,0.0,63.41475328785695,0.9713420698132614,0.0,-0.2376858923261731,0.0,-8.0,0.0,63.41475328785695,35.58569876976196,2.0,0.0,1.1653078329576392,0.020322932515144387,-43.59276259597243,63.70001399999999,9.600292855396532,-43.58569876976219,62.45001576525732,0.0,1,-7.105427357601002e-15,0.0,1.1653078329576214,0.020322934970514073,-43.59276259597208,-63.70001399999998,9.600292855396532,-43.58569876976173,-62.45001576525732,0.0,1,-5.329070518200751e-15,0.0,0.11140405290702526,0.9742105719060676,73.48488480836909,63.70001399999999,9.599995645028315,73.4795563259037,65.90477742429005,0.0,1,-5.329070518200751e-15,0.0,0.11140405290702526,0.9742105719060676,73.48488480836909,-63.70001399999998,9.599995645028315,73.4795563259037,-65.90477742429005,0.0,1,-5.329070518200751e-15
3.683333333333333,3683333,hold_sit,-8.0,0.0,63.41475328785695,0.9713420698132614,0.0,-0.2376858923261731,0.0,-8.0,0.0,63.41475328785695,35.58569876976196,2.0,0.0,1.1653078329576392,0.020322932515144387,-43.59276259597243,63.70001399999999,9.600292855396532,-43.58569876976219,62.45001576525732,0.0,1,-7.105427357601002e-15,0.0,1.1653078329576214,0.020322934970514073,-43.59276259597208,-63.70001399999998,9.600292855396532,-43.58569876976173,-62.45001576525732,0.0,1,-5.329070518200751e-15,0.0,0.11140405290702526,0.9742105719060676,73.48488480836909,63.70001399999999,9.599995645028315,73.4795563259037,65.90477742429005,0.0,1,-5.329070518200751e-15,0.0,0.11140405290702526,0.9742105719060676,73.48488480836909,-63.70001399999998,9.599995645028315,73.4795563259037,-65.90477742429005,0.0,1,-5.329070518200751e-15
3.691666666666667,3691667,hold_sit,-8.0,0.0,63.41475328785695,0.9713420698132614,0.0,-0.2376858923261731,0.0,-8.0,0.0,63.41475328785695,35.58569876976196,2.0,0.0,1.1653078329576392,0.020322932515144387,-43.59276259597243,63.70001399999999,9.600292855396532,-43.58569876976219,62.45001576525732,0.0,1,-7.105427357601002e-15,0.0,1.1653078329576214,0.020322934970514073,-43.59276259597208,-63.70001399999998,9.600292855396532,-43.58569876976173,-62.45001576525732,0.0,1,-5.329070518200751e-15,0.0,0.11140405290702526,0.9742105719060676,73.48488480836909,63.70001399999999,9.599995645028315,73.4795563259037,65.90477742429005,0.0,1,-5.329070518200751e-15,0.0,0.11140405290702526,0.9742105719060676,73.48488480836909,-63.70001399999998,9.599995645028315,73.4795563259037,-65.90477742429005,0.0,1,-5.329070518200751e-15
3.7,3700000,hold_sit,-8.0,0.0,63.41475328785695,0.9713420698132614,0.0,-0.2376858923261731,0.0,-8.0,0.0,63.41475328785695,35.58569876976196,2.0,0.0,1.1653078329576392,0.020322932515144387,-43.59276259597243,63.70001399999999,9.600292855396532,-43.58569876976219,62.45001576525732,0.0,1,-7.105427357601002e-15,0.0,1.1653078329576214,0.020322934970514073,-43.59276259597208,-63.70001399999998,9.600292855396532,-43.58569876976173,-62.45001576525732,0.0,1,-5.329070518200751e-15,0.0,0.11140405290702526,0.9742105719060676,73.48488480836909,63.70001399999999,9.599995645028315,73.4795563259037,65.90477742429005,0.0,1,-5.329070518200751e-15,0.0,0.11140405290702526,0.9742105719060676,73.48488480836909,-63.70001399999998,9.599995645028315,73.4795563259037,-65.90477742429005,0.0,1,-5.329070518200751e-15
3.7083333333333335,3708333,hold_sit,-8.0,0.0,63.41475328785695,0.9713420698132614,0.0,-0.2376858923261731,0.0,-8.0,0.0,63.41475328785695,35.58569876976196,2.0,0.0,1.1653078329576392,0.020322932515144387,-43.59276259597243,63.70001399999999,9.600292855396532,-43.58569876976219,62.45001576525732,0.0,1,-7.105427357601002e-15,0.0,1.1653078329576214,0.020322934970514073,-43.59276259597208,-63.70001399999998,9.600292855396532,-43.58569876976173,-62.45001576525732,0.0,1,-5.329070518200751e-15,0.0,0.11140405290702526,0.9742105719060676,73.48488480836909,63.70001399999999,9.599995645028315,73.4795563259037,65.90477742429005,0.0,1,-5.329070518200751e-15,0.0,0.11140405290702526,0.9742105719060676,73.48488480836909,-63.70001399999998,9.599995645028315,73.4795563259037,-65.90477742429005,0.0,1,-5.329070518200751e-15
3.716666666666667,3716667,hold_sit,-8.0,0.0,63.41475328785695,0.9713420698132614,0.0,-0.2376858923261731,0.0,-8.0,0.0,63.41475328785695,35.58569876976196,2.0,0.0,1.1653078329576392,0.020322932515144387,-43.59276259597243,63.70001399999999,9.600292855396532,-43.58569876976219,62.45001576525732,0.0,1,-7.105427357601002e-15,0.0,1.1653078329576214,0.020322934970514073,-43.59276259597208,-63.70001399999998,9.600292855396532,-43.58569876976173,-62.45001576525732,0.0,1,-5.329070518200751e-15,0.0,0.11140405290702526,0.9742105719060676,73.48488480836909,63.70001399999999,9.599995645028315,73.4795563259037,65.90477742429005,0.0,1,-5.329070518200751e-15,0.0,0.11140405290702526,0.9742105719060676,73.48488480836909,-63.70001399999998,9.599995645028315,73.4795563259037,-65.90477742429005,0.0,1,-5.329070518200751e-15
3.725,3725000,hold_sit,-8.0,0.0,63.41475328785695,0.9713420698132614,0.0,-0.2376858923261731,0.0,-8.0,0.0,63.41475328785695,35.58569876976196,2.0,0.0,1.1653078329576392,0.020322932515144387,-43.59276259597243,63.70001399999999,9.600292855396532,-43.58569876976219,62.45001576525732,0.0,1,-7.105427357601002e-15,0.0,1.1653078329576214,0.020322934970514073,-43.59276259597208,-63.70001399999998,9.600292855396532,-43.58569876976173,-62.45001576525732,0.0,1,-5.329070518200751e-15,0.0,0.11140405290702526,0.9742105719060676,73.48488480836909,63.70001399999999,9.599995645028315,73.4795563259037,65.90477742429005,0.0,1,-5.329070518200751e-15,0.0,0.11140405290702526,0.9742105719060676,73.48488480836909,-63.70001399999998,9.599995645028315,73.4795563259037,-65.90477742429005,0.0,1,-5.329070518200751e-15
3.7333333333333334,3733333,hold_sit,-8.0,0.0,63.41475328785695,0.9713420698132614,0.0,-0.2376858923261731,0.0,-8.0,0.0,63.41475328785695,35.58569876976196,2.0,0.0,1.1653078329576392,0.020322932515144387,-43.59276259597243,63.70001399999999,9.600292855396532,-43.58569876976219,62.45001576525732,0.0,1,-7.105427357601002e-15,0.0,1.1653078329576214,0.020322934970514073,-43.59276259597208,-63.70001399999998,9.600292855396532,-43.58569876976173,-62.45001576525732,0.0,1,-5.329070518200751e-15,0.0,0.11140405290702526,0.9742105719060676,73.48488480836909,63.70001399999999,9.599995645028315,73.4795563259037,65.90477742429005,0.0,1,-5.329070518200751e-15,0.0,0.11140405290702526,0.9742105719060676,73.48488480836909,-63.70001399999998,9.599995645028315,73.4795563259037,-65.90477742429005,0.0,1,-5.329070518200751e-15
3.7416666666666667,3741667,hold_sit,-8.0,0.0,63.41475328785695,0.9713420698132614,0.0,-0.2376858923261731,0.0,-8.0,0.0,63.41475328785695,35.58569876976196,2.0,0.0,1.1653078329576392,0.020322932515144387,-43.59276259597243,63.70001399999999,9.600292855396532,-43.58569876976219,62.45001576525732,0.0,1,-7.105427357601002e-15,0.0,1.1653078329576214,0.020322934970514073,-43.59276259597208,-63.70001399999998,9.600292855396532,-43.58569876976173,-62.45001576525732,0.0,1,-5.329070518200751e-15,0.0,0.11140405290702526,0.9742105719060676,73.48488480836909,63.70001399999999,9.599995645028315,73.4795563259037,65.90477742429005,0.0,1,-5.329070518200751e-15,0.0,0.11140405290702526,0.9742105719060676,73.48488480836909,-63.70001399999998,9.599995645028315,73.4795563259037,-65.90477742429005,0.0,1,-5.329070518200751e-15
3.75,3750000,hold_sit,-8.0,0.0,63.41475328785695,0.9713420698132614,0.0,-0.2376858923261731,0.0,-8.0,0.0,63.41475328785695,35.58569876976196,2.0,0.0,1.1653078329576392,0.020322932515144387,-43.59276259597243,63.70001399999999,9.600292855396532,-43.58569876976219,62.45001576525732,0.0,1,-7.105427357601002e-15,0.0,1.1653078329576214,0.020322934970514073,-43.59276259597208,-63.70001399999998,9.600292855396532,-43.58569876976173,-62.45001576525732,0.0,1,-5.329070518200751e-15,0.0,0.11140405290702526,0.9742105719060676,73.48488480836909,63.70001399999999,9.599995645028315,73.4795563259037,65.90477742429005,0.0,1,-5.329070518200751e-15,0.0,0.11140405290702526,0.9742105719060676,73.48488480836909,-63.70001399999998,9.599995645028315,73.4795563259037,-65.90477742429005,0.0,1,-5.329070518200751e-15
3.7583333333333333,3758333,hold_sit,-8.0,0.0,63.41475328785695,0.9713420698132614,0.0,-0.2376858923261731,0.0,-8.0,0.0,63.41475328785695,35.58569876976196,2.0,0.0,1.1653078329576392,0.020322932515144387,-43.59276259597243,63.70001399999999,9.600292855396532,-43.58569876976219,62.45001576525732,0.0,1,-7.105427357601002e-15,0.0,1.1653078329576214,0.020322934970514073,-43.59276259597208,-63.70001399999998,9.600292855396532,-43.58569876976173,-62.45001576525732,0.0,1,-5.329070518200751e-15,0.0,0.11140405290702526,0.9742105719060676,73.48488480836909,63.70001399999999,9.599995645028315,73.4795563259037,65.90477742429005,0.0,1,-5.329070518200751e-15,0.0,0.11140405290702526,0.9742105719060676,73.48488480836909,-63.70001399999998,9.599995645028315,73.4795563259037,-65.90477742429005,0.0,1,-5.329070518200751e-15
3.7666666666666666,3766667,hold_sit,-8.0,0.0,63.41475328785695,0.9713420698132614,0.0,-0.2376858923261731,0.0,-8.0,0.0,63.41475328785695,35.58569876976196,2.0,0.0,1.1653078329576392,0.020322932515144387,-43.59276259597243,63.70001399999999,9.600292855396532,-43.58569876976219,62.45001576525732,0.0,1,-7.105427357601002e-15,0.0,1.1653078329576214,0.020322934970514073,-43.59276259597208,-63.70001399999998,9.600292855396532,-43.58569876976173,-62.45001576525732,0.0,1,-5.329070518200751e-15,0.0,0.11140405290702526,0.9742105719060676,73.48488480836909,63.70001399999999,9.599995645028315,73.4795563259037,65.90477742429005,0.0,1,-5.329070518200751e-15,0.0,0.11140405290702526,0.9742105719060676,73.48488480836909,-63.70001399999998,9.599995645028315,73.4795563259037,-65.90477742429005,0.0,1,-5.329070518200751e-15
3.775,3775000,hold_sit,-8.0,0.0,63.41475328785695,0.9713420698132614,0.0,-0.2376858923261731,0.0,-8.0,0.0,63.41475328785695,35.58569876976196,2.0,0.0,1.1653078329576392,0.020322932515144387,-43.59276259597243,63.70001399999999,9.600292855396532,-43.58569876976219,62.45001576525732,0.0,1,-7.105427357601002e-15,0.0,1.1653078329576214,0.020322934970514073,-43.59276259597208,-63.70001399999998,9.600292855396532,-43.58569876976173,-62.45001576525732,0.0,1,-5.329070518200751e-15,0.0,0.11140405290702526,0.9742105719060676,73.48488480836909,63.70001399999999,9.599995645028315,73.4795563259037,65.90477742429005,0.0,1,-5.329070518200751e-15,0.0,0.11140405290702526,0.9742105719060676,73.48488480836909,-63.70001399999998,9.599995645028315,73.4795563259037,-65.90477742429005,0.0,1,-5.329070518200751e-15
3.783333333333333,3783333,hold_sit,-8.0,0.0,63.41475328785695,0.9713420698132614,0.0,-0.2376858923261731,0.0,-8.0,0.0,63.41475328785695,35.58569876976196,2.0,0.0,1.1653078329576392,0.020322932515144387,-43.59276259597243,63.70001399999999,9.600292855396532,-43.58569876976219,62.45001576525732,0.0,1,-7.105427357601002e-15,0.0,1.1653078329576214,0.020322934970514073,-43.59276259597208,-63.70001399999998,9.600292855396532,-43.58569876976173,-62.45001576525732,0.0,1,-5.329070518200751e-15,0.0,0.11140405290702526,0.9742105719060676,73.48488480836909,63.70001399999999,9.599995645028315,73.4795563259037,65.90477742429005,0.0,1,-5.329070518200751e-15,0.0,0.11140405290702526,0.9742105719060676,73.48488480836909,-63.70001399999998,9.599995645028315,73.4795563259037,-65.90477742429005,0.0,1,-5.329070518200751e-15
3.7916666666666665,3791667,hold_sit,-8.0,0.0,63.41475328785695,0.9713420698132614,0.0,-0.2376858923261731,0.0,-8.0,0.0,63.41475328785695,35.58569876976196,2.0,0.0,1.1653078329576392,0.020322932515144387,-43.59276259597243,63.70001399999999,9.600292855396532,-43.58569876976219,62.45001576525732,0.0,1,-7.105427357601002e-15,0.0,1.1653078329576214,0.020322934970514073,-43.59276259597208,-63.70001399999998,9.600292855396532,-43.58569876976173,-62.45001576525732,0.0,1,-5.329070518200751e-15,0.0,0.11140405290702526,0.9742105719060676,73.48488480836909,63.70001399999999,9.599995645028315,73.4795563259037,65.90477742429005,0.0,1,-5.329070518200751e-15,0.0,0.11140405290702526,0.9742105719060676,73.48488480836909,-63.70001399999998,9.599995645028315,73.4795563259037,-65.90477742429005,0.0,1,-5.329070518200751e-15
3.8,3800000,hold_sit,-8.0,0.0,63.41475328785695,0.9713420698132614,0.0,-0.2376858923261731,0.0,-8.0,0.0,63.41475328785695,35.58569876976196,2.0,0.0,1.1653078329576392,0.020322932515144387,-43.59276259597243,63.70001399999999,9.600292855396532,-43.58569876976219,62.45001576525732,0.0,1,-7.105427357601002e-15,0.0,1.1653078329576214,0.020322934970514073,-43.59276259597208,-63.70001399999998,9.600292855396532,-43.58569876976173,-62.45001576525732,0.0,1,-5.329070518200751e-15,0.0,0.11140405290702526,0.9742105719060676,73.48488480836909,63.70001399999999,9.599995645028315,73.4795563259037,65.90477742429005,0.0,1,-5.329070518200751e-15,0.0,0.11140405290702526,0.9742105719060676,73.48488480836909,-63.70001399999998,9.599995645028315,73.4795563259037,-65.90477742429005,0.0,1,-5.329070518200751e-15
3.808333333333333,3808333,hold_sit,-8.0,0.0,63.41475328785695,0.9713420698132614,0.0,-0.2376858923261731,0.0,-8.0,0.0,63.41475328785695,35.58569876976196,2.0,0.0,1.1653078329576392,0.020322932515144387,-43.59276259597243,63.70001399999999,9.600292855396532,-43.58569876976219,62.45001576525732,0.0,1,-7.105427357601002e-15,0.0,1.1653078329576214,0.020322934970514073,-43.59276259597208,-63.70001399999998,9.600292855396532,-43.58569876976173,-62.45001576525732,0.0,1,-5.329070518200751e-15,0.0,0.11140405290702526,0.9742105719060676,73.48488480836909,63.70001399999999,9.599995645028315,73.4795563259037,65.90477742429005,0.0,1,-5.329070518200751e-15,0.0,0.11140405290702526,0.9742105719060676,73.48488480836909,-63.70001399999998,9.599995645028315,73.4795563259037,-65.90477742429005,0.0,1,-5.329070518200751e-15
3.816666666666667,3816667,hold_sit,-8.0,0.0,63.41475328785695,0.9713420698132614,0.0,-0.2376858923261731,0.0,-8.0,0.0,63.41475328785695,35.58569876976196,2.0,0.0,1.1653078329576392,0.020322932515144387,-43.59276259597243,63.70001399999999,9.600292855396532,-43.58569876976219,62.45001576525732,0.0,1,-7.105427357601002e-15,0.0,1.1653078329576214,0.020322934970514073,-43.59276259597208,-63.70001399999998,9.600292855396532,-43.58569876976173,-62.45001576525732,0.0,1,-5.329070518200751e-15,0.0,0.11140405290702526,0.9742105719060676,73.48488480836909,63.70001399999999,9.599995645028315,73.4795563259037,65.90477742429005,0.0,1,-5.329070518200751e-15,0.0,0.11140405290702526,0.9742105719060676,73.48488480836909,-63.70001399999998,9.599995645028315,73.4795563259037,-65.90477742429005,0.0,1,-5.329070518200751e-15
3.825,3825000,hold_sit,-8.0,0.0,63.41475328785695,0.9713420698132614,0.0,-0.2376858923261731,0.0,-8.0,0.0,63.41475328785695,35.58569876976196,2.0,0.0,1.1653078329576392,0.020322932515144387,-43.59276259597243,63.70001399999999,9.600292855396532,-43.58569876976219,62.45001576525732,0.0,1,-7.105427357601002e-15,0.0,1.1653078329576214,0.020322934970514073,-43.59276259597208,-63.70001399999998,9.600292855396532,-43.58569876976173,-62.45001576525732,0.0,1,-5.329070518200751e-15,0.0,0.11140405290702526,0.9742105719060676,73.48488480836909,63.70001399999999,9.599995645028315,73.4795563259037,65.90477742429005,0.0,1,-5.329070518200751e-15,0.0,0.11140405290702526,0.9742105719060676,73.48488480836909,-63.70001399999998,9.599995645028315,73.4795563259037,-65.90477742429005,0.0,1,-5.329070518200751e-15
3.8333333333333335,3833333,hold_sit,-8.0,0.0,63.41475328785695,0.9713420698132614,0.0,-0.2376858923261731,0.0,-8.0,0.0,63.41475328785695,35.58569876976196,2.0,0.0,1.1653078329576392,0.020322932515144387,-43.59276259597243,63.70001399999999,9.600292855396532,-43.58569876976219,62.45001576525732,0.0,1,-7.105427357601002e-15,0.0,1.1653078329576214,0.020322934970514073,-43.59276259597208,-63.70001399999998,9.600292855396532,-43.58569876976173,-62.45001576525732,0.0,1,-5.329070518200751e-15,0.0,0.11140405290702526,0.9742105719060676,73.48488480836909,63.70001399999999,9.599995645028315,73.4795563259037,65.90477742429005,0.0,1,-5.329070518200751e-15,0.0,0.11140405290702526,0.9742105719060676,73.48488480836909,-63.70001399999998,9.599995645028315,73.4795563259037,-65.90477742429005,0.0,1,-5.329070518200751e-15
3.841666666666667,3841667,hold_sit,-8.0,0.0,63.41475328785695,0.9713420698132614,0.0,-0.2376858923261731,0.0,-8.0,0.0,63.41475328785695,35.58569876976196,2.0,0.0,1.1653078329576392,0.020322932515144387,-43.59276259597243,63.70001399999999,9.600292855396532,-43.58569876976219,62.45001576525732,0.0,1,-7.105427357601002e-15,0.0,1.1653078329576214,0.020322934970514073,-43.59276259597208,-63.70001399999998,9.600292855396532,-43.58569876976173,-62.45001576525732,0.0,1,-5.329070518200751e-15,0.0,0.11140405290702526,0.9742105719060676,73.48488480836909,63.70001399999999,9.599995645028315,73.4795563259037,65.90477742429005,0.0,1,-5.329070518200751e-15,0.0,0.11140405290702526,0.9742105719060676,73.48488480836909,-63.70001399999998,9.599995645028315,73.4795563259037,-65.90477742429005,0.0,1,-5.329070518200751e-15
3.85,3850000,hold_sit,-8.0,0.0,63.41475328785695,0.9713420698132614,0.0,-0.2376858923261731,0.0,-8.0,0.0,63.41475328785695,35.58569876976196,2.0,0.0,1.1653078329576392,0.020322932515144387,-43.59276259597243,63.70001399999999,9.600292855396532,-43.58569876976219,62.45001576525732,0.0,1,-7.105427357601002e-15,0.0,1.1653078329576214,0.020322934970514073,-43.59276259597208,-63.70001399999998,9.600292855396532,-43.58569876976173,-62.45001576525732,0.0,1,-5.329070518200751e-15,0.0,0.11140405290702526,0.9742105719060676,73.48488480836909,63.70001399999999,9.599995645028315,73.4795563259037,65.90477742429005,0.0,1,-5.329070518200751e-15,0.0,0.11140405290702526,0.9742105719060676,73.48488480836909,-63.70001399999998,9.599995645028315,73.4795563259037,-65.90477742429005,0.0,1,-5.329070518200751e-15
3.8583333333333334,3858333,hold_sit,-8.0,0.0,63.41475328785695,0.9713420698132614,0.0,-0.2376858923261731,0.0,-8.0,0.0,63.41475328785695,35.58569876976196,2.0,0.0,1.1653078329576392,0.020322932515144387,-43.59276259597243,63.70001399999999,9.600292855396532,-43.58569876976219,62.45001576525732,0.0,1,-7.105427357601002e-15,0.0,1.1653078329576214,0.020322934970514073,-43.59276259597208,-63.70001399999998,9.600292855396532,-43.58569876976173,-62.45001576525732,0.0,1,-5.329070518200751e-15,0.0,0.11140405290702526,0.9742105719060676,73.48488480836909,63.70001399999999,9.599995645028315,73.4795563259037,65.90477742429005,0.0,1,-5.329070518200751e-15,0.0,0.11140405290702526,0.9742105719060676,73.48488480836909,-63.70001399999998,9.599995645028315,73.4795563259037,-65.90477742429005,0.0,1,-5.329070518200751e-15
3.8666666666666667,3866667,hold_sit,-8.0,0.0,63.41475328785695,0.9713420698132614,0.0,-0.2376858923261731,0.0,-8.0,0.0,63.41475328785695,35.58569876976196,2.0,0.0,1.1653078329576392,0.020322932515144387,-43.59276259597243,63.70001399999999,9.600292855396532,-43.58569876976219,62.45001576525732,0.0,1,-7.105427357601002e-15,0.0,1.1653078329576214,0.020322934970514073,-43.59276259597208,-63.70001399999998,9.600292855396532,-43.58569876976173,-62.45001576525732,0.0,1,-5.329070518200751e-15,0.0,0.11140405290702526,0.9742105719060676,73.48488480836909,63.70001399999999,9.599995645028315,73.4795563259037,65.90477742429005,0.0,1,-5.329070518200751e-15,0.0,0.11140405290702526,0.9742105719060676,73.48488480836909,-63.70001399999998,9.599995645028315,73.4795563259037,-65.90477742429005,0.0,1,-5.329070518200751e-15
3.875,3875000,hold_sit,-8.0,0.0,63.41475328785695,0.9713420698132614,0.0,-0.2376858923261731,0.0,-8.0,0.0,63.41475328785695,35.58569876976196,2.0,0.0,1.1653078329576392,0.020322932515144387,-43.59276259597243,63.70001399999999,9.600292855396532,-43.58569876976219,62.45001576525732,0.0,1,-7.105427357601002e-15,0.0,1.1653078329576214,0.020322934970514073,-43.59276259597208,-63.70001399999998,9.600292855396532,-43.58569876976173,-62.45001576525732,0.0,1,-5.329070518200751e-15,0.0,0.11140405290702526,0.9742105719060676,73.48488480836909,63.70001399999999,9.599995645028315,73.4795563259037,65.90477742429005,0.0,1,-5.329070518200751e-15,0.0,0.11140405290702526,0.9742105719060676,73.48488480836909,-63.70001399999998,9.599995645028315,73.4795563259037,-65.90477742429005,0.0,1,-5.329070518200751e-15
3.8833333333333333,3883333,hold_sit,-8.0,0.0,63.41475328785695,0.9713420698132614,0.0,-0.2376858923261731,0.0,-8.0,0.0,63.41475328785695,35.58569876976196,2.0,0.0,1.1653078329576392,0.020322932515144387,-43.59276259597243,63.70001399999999,9.600292855396532,-43.58569876976219,62.45001576525732,0.0,1,-7.105427357601002e-15,0.0,1.1653078329576214,0.020322934970514073,-43.59276259597208,-63.70001399999998,9.600292855396532,-43.58569876976173,-62.45001576525732,0.0,1,-5.329070518200751e-15,0.0,0.11140405290702526,0.9742105719060676,73.48488480836909,63.70001399999999,9.599995645028315,73.4795563259037,65.90477742429005,0.0,1,-5.329070518200751e-15,0.0,0.11140405290702526,0.9742105719060676,73.48488480836909,-63.70001399999998,9.599995645028315,73.4795563259037,-65.90477742429005,0.0,1,-5.329070518200751e-15
3.8916666666666666,3891667,hold_sit,-8.0,0.0,63.41475328785695,0.9713420698132614,0.0,-0.2376858923261731,0.0,-8.0,0.0,63.41475328785695,35.58569876976196,2.0,0.0,1.1653078329576392,0.020322932515144387,-43.59276259597243,63.70001399999999,9.600292855396532,-43.58569876976219,62.45001576525732,0.0,1,-7.105427357601002e-15,0.0,1.1653078329576214,0.020322934970514073,-43.59276259597208,-63.70001399999998,9.600292855396532,-43.58569876976173,-62.45001576525732,0.0,1,-5.329070518200751e-15,0.0,0.11140405290702526,0.9742105719060676,73.48488480836909,63.70001399999999,9.599995645028315,73.4795563259037,65.90477742429005,0.0,1,-5.329070518200751e-15,0.0,0.11140405290702526,0.9742105719060676,73.48488480836909,-63.70001399999998,9.599995645028315,73.4795563259037,-65.90477742429005,0.0,1,-5.329070518200751e-15
3.9,3900000,hold_sit,-8.0,0.0,63.41475328785695,0.9713420698132614,0.0,-0.2376858923261731,0.0,-8.0,0.0,63.41475328785695,35.58569876976196,2.0,0.0,1.1653078329576392,0.020322932515144387,-43.59276259597243,63.70001399999999,9.600292855396532,-43.58569876976219,62.45001576525732,0.0,1,-7.105427357601002e-15,0.0,1.1653078329576214,0.020322934970514073,-43.59276259597208,-63.70001399999998,9.600292855396532,-43.58569876976173,-62.45001576525732,0.0,1,-5.329070518200751e-15,0.0,0.11140405290702526,0.9742105719060676,73.48488480836909,63.70001399999999,9.599995645028315,73.4795563259037,65.90477742429005,0.0,1,-5.329070518200751e-15,0.0,0.11140405290702526,0.9742105719060676,73.48488480836909,-63.70001399999998,9.599995645028315,73.4795563259037,-65.90477742429005,0.0,1,-5.329070518200751e-15
3.908333333333333,3908333,hold_sit,-8.0,0.0,63.41475328785695,0.9713420698132614,0.0,-0.2376858923261731,0.0,-8.0,0.0,63.41475328785695,35.58569876976196,2.0,0.0,1.1653078329576392,0.020322932515144387,-43.59276259597243,63.70001399999999,9.600292855396532,-43.58569876976219,62.45001576525732,0.0,1,-7.105427357601002e-15,0.0,1.1653078329576214,0.020322934970514073,-43.59276259597208,-63.70001399999998,9.600292855396532,-43.58569876976173,-62.45001576525732,0.0,1,-5.329070518200751e-15,0.0,0.11140405290702526,0.9742105719060676,73.48488480836909,63.70001399999999,9.599995645028315,73.4795563259037,65.90477742429005,0.0,1,-5.329070518200751e-15,0.0,0.11140405290702526,0.9742105719060676,73.48488480836909,-63.70001399999998,9.599995645028315,73.4795563259037,-65.90477742429005,0.0,1,-5.329070518200751e-15
3.9166666666666665,3916667,hold_sit,-8.0,0.0,63.41475328785695,0.9713420698132614,0.0,-0.2376858923261731,0.0,-8.0,0.0,63.41475328785695,35.58569876976196,2.0,0.0,1.1653078329576392,0.020322932515144387,-43.59276259597243,63.70001399999999,9.600292855396532,-43.58569876976219,62.45001576525732,0.0,1,-7.105427357601002e-15,0.0,1.1653078329576214,0.020322934970514073,-43.59276259597208,-63.70001399999998,9.600292855396532,-43.58569876976173,-62.45001576525732,0.0,1,-5.329070518200751e-15,0.0,0.11140405290702526,0.9742105719060676,73.48488480836909,63.70001399999999,9.599995645028315,73.4795563259037,65.90477742429005,0.0,1,-5.329070518200751e-15,0.0,0.11140405290702526,0.9742105719060676,73.48488480836909,-63.70001399999998,9.599995645028315,73.4795563259037,-65.90477742429005,0.0,1,-5.329070518200751e-15
3.925,3925000,hold_sit,-8.0,0.0,63.41475328785695,0.9713420698132614,0.0,-0.2376858923261731,0.0,-8.0,0.0,63.41475328785695,35.58569876976196,2.0,0.0,1.1653078329576392,0.020322932515144387,-43.59276259597243,63.70001399999999,9.600292855396532,-43.58569876976219,62.45001576525732,0.0,1,-7.105427357601002e-15,0.0,1.1653078329576214,0.020322934970514073,-43.59276259597208,-63.70001399999998,9.600292855396532,-43.58569876976173,-62.45001576525732,0.0,1,-5.329070518200751e-15,0.0,0.11140405290702526,0.9742105719060676,73.48488480836909,63.70001399999999,9.599995645028315,73.4795563259037,65.90477742429005,0.0,1,-5.329070518200751e-15,0.0,0.11140405290702526,0.9742105719060676,73.48488480836909,-63.70001399999998,9.599995645028315,73.4795563259037,-65.90477742429005,0.0,1,-5.329070518200751e-15
3.933333333333333,3933333,hold_sit,-8.0,0.0,63.41475328785695,0.9713420698132614,0.0,-0.2376858923261731,0.0,-8.0,0.0,63.41475328785695,35.58569876976196,2.0,0.0,1.1653078329576392,0.020322932515144387,-43.59276259597243,63.70001399999999,9.600292855396532,-43.58569876976219,62.45001576525732,0.0,1,-7.105427357601002e-15,0.0,1.1653078329576214,0.020322934970514073,-43.59276259597208,-63.70001399999998,9.600292855396532,-43.58569876976173,-62.45001576525732,0.0,1,-5.329070518200751e-15,0.0,0.11140405290702526,0.9742105719060676,73.48488480836909,63.70001399999999,9.599995645028315,73.4795563259037,65.90477742429005,0.0,1,-5.329070518200751e-15,0.0,0.11140405290702526,0.9742105719060676,73.48488480836909,-63.70001399999998,9.599995645028315,73.4795563259037,-65.90477742429005,0.0,1,-5.329070518200751e-15
3.941666666666667,3941667,hold_sit,-8.0,0.0,63.41475328785695,0.9713420698132614,0.0,-0.2376858923261731,0.0,-8.0,0.0,63.41475328785695,35.58569876976196,2.0,0.0,1.1653078329576392,0.020322932515144387,-43.59276259597243,63.70001399999999,9.600292855396532,-43.58569876976219,62.45001576525732,0.0,1,-7.105427357601002e-15,0.0,1.1653078329576214,0.020322934970514073,-43.59276259597208,-63.70001399999998,9.600292855396532,-43.58569876976173,-62.45001576525732,0.0,1,-5.329070518200751e-15,0.0,0.11140405290702526,0.9742105719060676,73.48488480836909,63.70001399999999,9.599995645028315,73.4795563259037,65.90477742429005,0.0,1,-5.329070518200751e-15,0.0,0.11140405290702526,0.9742105719060676,73.48488480836909,-63.70001399999998,9.599995645028315,73.4795563259037,-65.90477742429005,0.0,1,-5.329070518200751e-15
3.95,3950000,hold_sit,-8.0,0.0,63.41475328785695,0.9713420698132614,0.0,-0.2376858923261731,0.0,-8.0,0.0,63.41475328785695,35.58569876976196,2.0,0.0,1.1653078329576392,0.020322932515144387,-43.59276259597243,63.70001399999999,9.600292855396532,-43.58569876976219,62.45001576525732,0.0,1,-7.105427357601002e-15,0.0,1.1653078329576214,0.020322934970514073,-43.59276259597208,-63.70001399999998,9.600292855396532,-43.58569876976173,-62.45001576525732,0.0,1,-5.329070518200751e-15,0.0,0.11140405290702526,0.9742105719060676,73.48488480836909,63.70001399999999,9.599995645028315,73.4795563259037,65.90477742429005,0.0,1,-5.329070518200751e-15,0.0,0.11140405290702526,0.9742105719060676,73.48488480836909,-63.70001399999998,9.599995645028315,73.4795563259037,-65.90477742429005,0.0,1,-5.329070518200751e-15
3.9583333333333335,3958333,hold_sit,-8.0,0.0,63.41475328785695,0.9713420698132614,0.0,-0.2376858923261731,0.0,-8.0,0.0,63.41475328785695,35.58569876976196,2.0,0.0,1.1653078329576392,0.020322932515144387,-43.59276259597243,63.70001399999999,9.600292855396532,-43.58569876976219,62.45001576525732,0.0,1,-7.105427357601002e-15,0.0,1.1653078329576214,0.020322934970514073,-43.59276259597208,-63.70001399999998,9.600292855396532,-43.58569876976173,-62.45001576525732,0.0,1,-5.329070518200751e-15,0.0,0.11140405290702526,0.9742105719060676,73.48488480836909,63.70001399999999,9.599995645028315,73.4795563259037,65.90477742429005,0.0,1,-5.329070518200751e-15,0.0,0.11140405290702526,0.9742105719060676,73.48488480836909,-63.70001399999998,9.599995645028315,73.4795563259037,-65.90477742429005,0.0,1,-5.329070518200751e-15
3.966666666666667,3966667,hold_sit,-8.0,0.0,63.41475328785695,0.9713420698132614,0.0,-0.2376858923261731,0.0,-8.0,0.0,63.41475328785695,35.58569876976196,2.0,0.0,1.1653078329576392,0.020322932515144387,-43.59276259597243,63.70001399999999,9.600292855396532,-43.58569876976219,62.45001576525732,0.0,1,-7.105427357601002e-15,0.0,1.1653078329576214,0.020322934970514073,-43.59276259597208,-63.70001399999998,9.600292855396532,-43.58569876976173,-62.45001576525732,0.0,1,-5.329070518200751e-15,0.0,0.11140405290702526,0.9742105719060676,73.48488480836909,63.70001399999999,9.599995645028315,73.4795563259037,65.90477742429005,0.0,1,-5.329070518200751e-15,0.0,0.11140405290702526,0.9742105719060676,73.48488480836909,-63.70001399999998,9.599995645028315,73.4795563259037,-65.90477742429005,0.0,1,-5.329070518200751e-15
3.975,3975000,hold_sit,-8.0,0.0,63.41475328785695,0.9713420698132614,0.0,-0.2376858923261731,0.0,-8.0,0.0,63.41475328785695,35.58569876976196,2.0,0.0,1.1653078329576392,0.020322932515144387,-43.59276259597243,63.70001399999999,9.600292855396532,-43.58569876976219,62.45001576525732,0.0,1,-7.105427357601002e-15,0.0,1.1653078329576214,0.020322934970514073,-43.59276259597208,-63.70001399999998,9.600292855396532,-43.58569876976173,-62.45001576525732,0.0,1,-5.329070518200751e-15,0.0,0.11140405290702526,0.9742105719060676,73.48488480836909,63.70001399999999,9.599995645028315,73.4795563259037,65.90477742429005,0.0,1,-5.329070518200751e-15,0.0,0.11140405290702526,0.9742105719060676,73.48488480836909,-63.70001399999998,9.599995645028315,73.4795563259037,-65.90477742429005,0.0,1,-5.329070518200751e-15
3.9833333333333334,3983333,hold_sit,-8.0,0.0,63.41475328785695,0.9713420698132614,0.0,-0.2376858923261731,0.0,-8.0,0.0,63.41475328785695,35.58569876976196,2.0,0.0,1.1653078329576392,0.020322932515144387,-43.59276259597243,63.70001399999999,9.600292855396532,-43.58569876976219,62.45001576525732,0.0,1,-7.105427357601002e-15,0.0,1.1653078329576214,0.020322934970514073,-43.59276259597208,-63.70001399999998,9.600292855396532,-43.58569876976173,-62.45001576525732,0.0,1,-5.329070518200751e-15,0.0,0.11140405290702526,0.9742105719060676,73.48488480836909,63.70001399999999,9.599995645028315,73.4795563259037,65.90477742429005,0.0,1,-5.329070518200751e-15,0.0,0.11140405290702526,0.9742105719060676,73.48488480836909,-63.70001399999998,9.599995645028315,73.4795563259037,-65.90477742429005,0.0,1,-5.329070518200751e-15
3.9916666666666667,3991667,hold_sit,-8.0,0.0,63.41475328785695,0.9713420698132614,0.0,-0.2376858923261731,0.0,-8.0,0.0,63.41475328785695,35.58569876976196,2.0,0.0,1.1653078329576392,0.020322932515144387,-43.59276259597243,63.70001399999999,9.600292855396532,-43.58569876976219,62.45001576525732,0.0,1,-7.105427357601002e-15,0.0,1.1653078329576214,0.020322934970514073,-43.59276259597208,-63.70001399999998,9.600292855396532,-43.58569876976173,-62.45001576525732,0.0,1,-5.329070518200751e-15,0.0,0.11140405290702526,0.9742105719060676,73.48488480836909,63.70001399999999,9.599995645028315,73.4795563259037,65.90477742429005,0.0,1,-5.329070518200751e-15,0.0,0.11140405290702526,0.9742105719060676,73.48488480836909,-63.70001399999998,9.599995645028315,73.4795563259037,-65.90477742429005,0.0,1,-5.329070518200751e-15
4.0,4000000,hold_sit,-8.0,0.0,63.41475328785695,0.9713420698132614,0.0,-0.2376858923261731,0.0,-8.0,0.0,63.41475328785695,35.58569876976196,2.0,0.0,1.1653078329576392,0.020322932515144387,-43.59276259597243,63.70001399999999,9.600292855396532,-43.58569876976219,62.45001576525732,0.0,1,-7.105427357601002e-15,0.0,1.1653078329576214,0.020322934970514073,-43.59276259597208,-63.70001399999998,9.600292855396532,-43.58569876976173,-62.45001576525732,0.0,1,-5.329070518200751e-15,0.0,0.11140405290702526,0.9742105719060676,73.48488480836909,63.70001399999999,9.599995645028315,73.4795563259037,65.90477742429005,0.0,1,-5.329070518200751e-15,0.0,0.11140405290702526,0.9742105719060676,73.48488480836909,-63.70001399999998,9.599995645028315,73.4795563259037,-65.90477742429005,0.0,1,-5.329070518200751e-15
4.008333333333334,4008333,hold_sit,-8.0,0.0,63.41475328785695,0.9713420698132614,0.0,-0.2376858923261731,0.0,-8.0,0.0,63.41475328785695,35.58569876976196,2.0,0.0,1.1653078329576392,0.020322932515144387,-43.59276259597243,63.70001399999999,9.600292855396532,-43.58569876976219,62.45001576525732,0.0,1,-7.105427357601002e-15,0.0,1.1653078329576214,0.020322934970514073,-43.59276259597208,-63.70001399999998,9.600292855396532,-43.58569876976173,-62.45001576525732,0.0,1,-5.329070518200751e-15,0.0,0.11140405290702526,0.9742105719060676,73.48488480836909,63.70001399999999,9.599995645028315,73.4795563259037,65.90477742429005,0.0,1,-5.329070518200751e-15,0.0,0.11140405290702526,0.9742105719060676,73.48488480836909,-63.70001399999998,9.599995645028315,73.4795563259037,-65.90477742429005,0.0,1,-5.329070518200751e-15
4.016666666666667,4016667,hold_sit,-8.0,0.0,63.41475328785695,0.9713420698132614,0.0,-0.2376858923261731,0.0,-8.0,0.0,63.41475328785695,35.58569876976196,2.0,0.0,1.1653078329576392,0.020322932515144387,-43.59276259597243,63.70001399999999,9.600292855396532,-43.58569876976219,62.45001576525732,0.0,1,-7.105427357601002e-15,0.0,1.1653078329576214,0.020322934970514073,-43.59276259597208,-63.70001399999998,9.600292855396532,-43.58569876976173,-62.45001576525732,0.0,1,-5.329070518200751e-15,0.0,0.11140405290702526,0.9742105719060676,73.48488480836909,63.70001399999999,9.599995645028315,73.4795563259037,65.90477742429005,0.0,1,-5.329070518200751e-15,0.0,0.11140405290702526,0.9742105719060676,73.48488480836909,-63.70001399999998,9.599995645028315,73.4795563259037,-65.90477742429005,0.0,1,-5.329070518200751e-15
4.025,4025000,hold_sit,-8.0,0.0,63.41475328785695,0.9713420698132614,0.0,-0.2376858923261731,0.0,-8.0,0.0,63.41475328785695,35.58569876976196,2.0,0.0,1.1653078329576392,0.020322932515144387,-43.59276259597243,63.70001399999999,9.600292855396532,-43.58569876976219,62.45001576525732,0.0,1,-7.105427357601002e-15,0.0,1.1653078329576214,0.020322934970514073,-43.59276259597208,-63.70001399999998,9.600292855396532,-43.58569876976173,-62.45001576525732,0.0,1,-5.329070518200751e-15,0.0,0.11140405290702526,0.9742105719060676,73.48488480836909,63.70001399999999,9.599995645028315,73.4795563259037,65.90477742429005,0.0,1,-5.329070518200751e-15,0.0,0.11140405290702526,0.9742105719060676,73.48488480836909,-63.70001399999998,9.599995645028315,73.4795563259037,-65.90477742429005,0.0,1,-5.329070518200751e-15
4.033333333333333,4033333,hold_sit,-8.0,0.0,63.41475328785695,0.9713420698132614,0.0,-0.2376858923261731,0.0,-8.0,0.0,63.41475328785695,35.58569876976196,2.0,0.0,1.1653078329576392,0.020322932515144387,-43.59276259597243,63.70001399999999,9.600292855396532,-43.58569876976219,62.45001576525732,0.0,1,-7.105427357601002e-15,0.0,1.1653078329576214,0.020322934970514073,-43.59276259597208,-63.70001399999998,9.600292855396532,-43.58569876976173,-62.45001576525732,0.0,1,-5.329070518200751e-15,0.0,0.11140405290702526,0.9742105719060676,73.48488480836909,63.70001399999999,9.599995645028315,73.4795563259037,65.90477742429005,0.0,1,-5.329070518200751e-15,0.0,0.11140405290702526,0.9742105719060676,73.48488480836909,-63.70001399999998,9.599995645028315,73.4795563259037,-65.90477742429005,0.0,1,-5.329070518200751e-15
4.041666666666667,4041667,hold_sit,-8.0,0.0,63.41475328785695,0.9713420698132614,0.0,-0.2376858923261731,0.0,-8.0,0.0,63.41475328785695,35.58569876976196,2.0,0.0,1.1653078329576392,0.020322932515144387,-43.59276259597243,63.70001399999999,9.600292855396532,-43.58569876976219,62.45001576525732,0.0,1,-7.105427357601002e-15,0.0,1.1653078329576214,0.020322934970514073,-43.59276259597208,-63.70001399999998,9.600292855396532,-43.58569876976173,-62.45001576525732,0.0,1,-5.329070518200751e-15,0.0,0.11140405290702526,0.9742105719060676,73.48488480836909,63.70001399999999,9.599995645028315,73.4795563259037,65.90477742429005,0.0,1,-5.329070518200751e-15,0.0,0.11140405290702526,0.9742105719060676,73.48488480836909,-63.70001399999998,9.599995645028315,73.4795563259037,-65.90477742429005,0.0,1,-5.329070518200751e-15
4.05,4050000,hold_sit,-8.0,0.0,63.41475328785695,0.9713420698132614,0.0,-0.2376858923261731,0.0,-8.0,0.0,63.41475328785695,35.58569876976196,2.0,0.0,1.1653078329576392,0.020322932515144387,-43.59276259597243,63.70001399999999,9.600292855396532,-43.58569876976219,62.45001576525732,0.0,1,-7.105427357601002e-15,0.0,1.1653078329576214,0.020322934970514073,-43.59276259597208,-63.70001399999998,9.600292855396532,-43.58569876976173,-62.45001576525732,0.0,1,-5.329070518200751e-15,0.0,0.11140405290702526,0.9742105719060676,73.48488480836909,63.70001399999999,9.599995645028315,73.4795563259037,65.90477742429005,0.0,1,-5.329070518200751e-15,0.0,0.11140405290702526,0.9742105719060676,73.48488480836909,-63.70001399999998,9.599995645028315,73.4795563259037,-65.90477742429005,0.0,1,-5.329070518200751e-15
4.058333333333334,4058333,hold_sit,-8.0,0.0,63.41475328785695,0.9713420698132614,0.0,-0.2376858923261731,0.0,-8.0,0.0,63.41475328785695,35.58569876976196,2.0,0.0,1.1653078329576392,0.020322932515144387,-43.59276259597243,63.70001399999999,9.600292855396532,-43.58569876976219,62.45001576525732,0.0,1,-7.105427357601002e-15,0.0,1.1653078329576214,0.020322934970514073,-43.59276259597208,-63.70001399999998,9.600292855396532,-43.58569876976173,-62.45001576525732,0.0,1,-5.329070518200751e-15,0.0,0.11140405290702526,0.9742105719060676,73.48488480836909,63.70001399999999,9.599995645028315,73.4795563259037,65.90477742429005,0.0,1,-5.329070518200751e-15,0.0,0.11140405290702526,0.9742105719060676,73.48488480836909,-63.70001399999998,9.599995645028315,73.4795563259037,-65.90477742429005,0.0,1,-5.329070518200751e-15
4.066666666666666,4066667,hold_sit,-8.0,0.0,63.41475328785695,0.9713420698132614,0.0,-0.2376858923261731,0.0,-8.0,0.0,63.41475328785695,35.58569876976196,2.0,0.0,1.1653078329576392,0.020322932515144387,-43.59276259597243,63.70001399999999,9.600292855396532,-43.58569876976219,62.45001576525732,0.0,1,-7.105427357601002e-15,0.0,1.1653078329576214,0.020322934970514073,-43.59276259597208,-63.70001399999998,9.600292855396532,-43.58569876976173,-62.45001576525732,0.0,1,-5.329070518200751e-15,0.0,0.11140405290702526,0.9742105719060676,73.48488480836909,63.70001399999999,9.599995645028315,73.4795563259037,65.90477742429005,0.0,1,-5.329070518200751e-15,0.0,0.11140405290702526,0.9742105719060676,73.48488480836909,-63.70001399999998,9.599995645028315,73.4795563259037,-65.90477742429005,0.0,1,-5.329070518200751e-15
4.075,4075000,hold_sit,-8.0,0.0,63.41475328785695,0.9713420698132614,0.0,-0.2376858923261731,0.0,-8.0,0.0,63.41475328785695,35.58569876976196,2.0,0.0,1.1653078329576392,0.020322932515144387,-43.59276259597243,63.70001399999999,9.600292855396532,-43.58569876976219,62.45001576525732,0.0,1,-7.105427357601002e-15,0.0,1.1653078329576214,0.020322934970514073,-43.59276259597208,-63.70001399999998,9.600292855396532,-43.58569876976173,-62.45001576525732,0.0,1,-5.329070518200751e-15,0.0,0.11140405290702526,0.9742105719060676,73.48488480836909,63.70001399999999,9.599995645028315,73.4795563259037,65.90477742429005,0.0,1,-5.329070518200751e-15,0.0,0.11140405290702526,0.9742105719060676,73.48488480836909,-63.70001399999998,9.599995645028315,73.4795563259037,-65.90477742429005,0.0,1,-5.329070518200751e-15
4.083333333333333,4083333,hold_sit,-8.0,0.0,63.41475328785695,0.9713420698132614,0.0,-0.2376858923261731,0.0,-8.0,0.0,63.41475328785695,35.58569876976196,2.0,0.0,1.1653078329576392,0.020322932515144387,-43.59276259597243,63.70001399999999,9.600292855396532,-43.58569876976219,62.45001576525732,0.0,1,-7.105427357601002e-15,0.0,1.1653078329576214,0.020322934970514073,-43.59276259597208,-63.70001399999998,9.600292855396532,-43.58569876976173,-62.45001576525732,0.0,1,-5.329070518200751e-15,0.0,0.11140405290702526,0.9742105719060676,73.48488480836909,63.70001399999999,9.599995645028315,73.4795563259037,65.90477742429005,0.0,1,-5.329070518200751e-15,0.0,0.11140405290702526,0.9742105719060676,73.48488480836909,-63.70001399999998,9.599995645028315,73.4795563259037,-65.90477742429005,0.0,1,-5.329070518200751e-15
4.091666666666667,4091667,hold_sit,-8.0,0.0,63.41475328785695,0.9713420698132614,0.0,-0.2376858923261731,0.0,-8.0,0.0,63.41475328785695,35.58569876976196,2.0,0.0,1.1653078329576392,0.020322932515144387,-43.59276259597243,63.70001399999999,9.600292855396532,-43.58569876976219,62.45001576525732,0.0,1,-7.105427357601002e-15,0.0,1.1653078329576214,0.020322934970514073,-43.59276259597208,-63.70001399999998,9.600292855396532,-43.58569876976173,-62.45001576525732,0.0,1,-5.329070518200751e-15,0.0,0.11140405290702526,0.9742105719060676,73.48488480836909,63.70001399999999,9.599995645028315,73.4795563259037,65.90477742429005,0.0,1,-5.329070518200751e-15,0.0,0.11140405290702526,0.9742105719060676,73.48488480836909,-63.70001399999998,9.599995645028315,73.4795563259037,-65.90477742429005,0.0,1,-5.329070518200751e-15
4.1,4100000,hold_sit,-8.0,0.0,63.41475328785695,0.9713420698132614,0.0,-0.2376858923261731,0.0,-8.0,0.0,63.41475328785695,35.58569876976196,2.0,0.0,1.1653078329576392,0.020322932515144387,-43.59276259597243,63.70001399999999,9.600292855396532,-43.58569876976219,62.45001576525732,0.0,1,-7.105427357601002e-15,0.0,1.1653078329576214,0.020322934970514073,-43.59276259597208,-63.70001399999998,9.600292855396532,-43.58569876976173,-62.45001576525732,0.0,1,-5.329070518200751e-15,0.0,0.11140405290702526,0.9742105719060676,73.48488480836909,63.70001399999999,9.599995645028315,73.4795563259037,65.90477742429005,0.0,1,-5.329070518200751e-15,0.0,0.11140405290702526,0.9742105719060676,73.48488480836909,-63.70001399999998,9.599995645028315,73.4795563259037,-65.90477742429005,0.0,1,-5.329070518200751e-15
4.108333333333333,4108333,hold_sit,-8.0,0.0,63.41475328785695,0.9713420698132614,0.0,-0.2376858923261731,0.0,-8.0,0.0,63.41475328785695,35.58569876976196,2.0,0.0,1.1653078329576392,0.020322932515144387,-43.59276259597243,63.70001399999999,9.600292855396532,-43.58569876976219,62.45001576525732,0.0,1,-7.105427357601002e-15,0.0,1.1653078329576214,0.020322934970514073,-43.59276259597208,-63.70001399999998,9.600292855396532,-43.58569876976173,-62.45001576525732,0.0,1,-5.329070518200751e-15,0.0,0.11140405290702526,0.9742105719060676,73.48488480836909,63.70001399999999,9.599995645028315,73.4795563259037,65.90477742429005,0.0,1,-5.329070518200751e-15,0.0,0.11140405290702526,0.9742105719060676,73.48488480836909,-63.70001399999998,9.599995645028315,73.4795563259037,-65.90477742429005,0.0,1,-5.329070518200751e-15
4.116666666666666,4116667,hold_sit,-8.0,0.0,63.41475328785695,0.9713420698132614,0.0,-0.2376858923261731,0.0,-8.0,0.0,63.41475328785695,35.58569876976196,2.0,0.0,1.1653078329576392,0.020322932515144387,-43.59276259597243,63.70001399999999,9.600292855396532,-43.58569876976219,62.45001576525732,0.0,1,-7.105427357601002e-15,0.0,1.1653078329576214,0.020322934970514073,-43.59276259597208,-63.70001399999998,9.600292855396532,-43.58569876976173,-62.45001576525732,0.0,1,-5.329070518200751e-15,0.0,0.11140405290702526,0.9742105719060676,73.48488480836909,63.70001399999999,9.599995645028315,73.4795563259037,65.90477742429005,0.0,1,-5.329070518200751e-15,0.0,0.11140405290702526,0.9742105719060676,73.48488480836909,-63.70001399999998,9.599995645028315,73.4795563259037,-65.90477742429005,0.0,1,-5.329070518200751e-15
4.125,4125000,hold_sit,-8.0,0.0,63.41475328785695,0.9713420698132614,0.0,-0.2376858923261731,0.0,-8.0,0.0,63.41475328785695,35.58569876976196,2.0,0.0,1.1653078329576392,0.020322932515144387,-43.59276259597243,63.70001399999999,9.600292855396532,-43.58569876976219,62.45001576525732,0.0,1,-7.105427357601002e-15,0.0,1.1653078329576214,0.020322934970514073,-43.59276259597208,-63.70001399999998,9.600292855396532,-43.58569876976173,-62.45001576525732,0.0,1,-5.329070518200751e-15,0.0,0.11140405290702526,0.9742105719060676,73.48488480836909,63.70001399999999,9.599995645028315,73.4795563259037,65.90477742429005,0.0,1,-5.329070518200751e-15,0.0,0.11140405290702526,0.9742105719060676,73.48488480836909,-63.70001399999998,9.599995645028315,73.4795563259037,-65.90477742429005,0.0,1,-5.329070518200751e-15
4.133333333333334,4133333,hold_sit,-8.0,0.0,63.41475328785695,0.9713420698132614,0.0,-0.2376858923261731,0.0,-8.0,0.0,63.41475328785695,35.58569876976196,2.0,0.0,1.1653078329576392,0.020322932515144387,-43.59276259597243,63.70001399999999,9.600292855396532,-43.58569876976219,62.45001576525732,0.0,1,-7.105427357601002e-15,0.0,1.1653078329576214,0.020322934970514073,-43.59276259597208,-63.70001399999998,9.600292855396532,-43.58569876976173,-62.45001576525732,0.0,1,-5.329070518200751e-15,0.0,0.11140405290702526,0.9742105719060676,73.48488480836909,63.70001399999999,9.599995645028315,73.4795563259037,65.90477742429005,0.0,1,-5.329070518200751e-15,0.0,0.11140405290702526,0.9742105719060676,73.48488480836909,-63.70001399999998,9.599995645028315,73.4795563259037,-65.90477742429005,0.0,1,-5.329070518200751e-15
4.141666666666667,4141667,hold_sit,-8.0,0.0,63.41475328785695,0.9713420698132614,0.0,-0.2376858923261731,0.0,-8.0,0.0,63.41475328785695,35.58569876976196,2.0,0.0,1.1653078329576392,0.020322932515144387,-43.59276259597243,63.70001399999999,9.600292855396532,-43.58569876976219,62.45001576525732,0.0,1,-7.105427357601002e-15,0.0,1.1653078329576214,0.020322934970514073,-43.59276259597208,-63.70001399999998,9.600292855396532,-43.58569876976173,-62.45001576525732,0.0,1,-5.329070518200751e-15,0.0,0.11140405290702526,0.9742105719060676,73.48488480836909,63.70001399999999,9.599995645028315,73.4795563259037,65.90477742429005,0.0,1,-5.329070518200751e-15,0.0,0.11140405290702526,0.9742105719060676,73.48488480836909,-63.70001399999998,9.599995645028315,73.4795563259037,-65.90477742429005,0.0,1,-5.329070518200751e-15
4.15,4150000,hold_sit,-8.0,0.0,63.41475328785695,0.9713420698132614,0.0,-0.2376858923261731,0.0,-8.0,0.0,63.41475328785695,35.58569876976196,2.0,0.0,1.1653078329576392,0.020322932515144387,-43.59276259597243,63.70001399999999,9.600292855396532,-43.58569876976219,62.45001576525732,0.0,1,-7.105427357601002e-15,0.0,1.1653078329576214,0.020322934970514073,-43.59276259597208,-63.70001399999998,9.600292855396532,-43.58569876976173,-62.45001576525732,0.0,1,-5.329070518200751e-15,0.0,0.11140405290702526,0.9742105719060676,73.48488480836909,63.70001399999999,9.599995645028315,73.4795563259037,65.90477742429005,0.0,1,-5.329070518200751e-15,0.0,0.11140405290702526,0.9742105719060676,73.48488480836909,-63.70001399999998,9.599995645028315,73.4795563259037,-65.90477742429005,0.0,1,-5.329070518200751e-15
4.158333333333333,4158333,hold_sit,-8.0,0.0,63.41475328785695,0.9713420698132614,0.0,-0.2376858923261731,0.0,-8.0,0.0,63.41475328785695,35.58569876976196,2.0,0.0,1.1653078329576392,0.020322932515144387,-43.59276259597243,63.70001399999999,9.600292855396532,-43.58569876976219,62.45001576525732,0.0,1,-7.105427357601002e-15,0.0,1.1653078329576214,0.020322934970514073,-43.59276259597208,-63.70001399999998,9.600292855396532,-43.58569876976173,-62.45001576525732,0.0,1,-5.329070518200751e-15,0.0,0.11140405290702526,0.9742105719060676,73.48488480836909,63.70001399999999,9.599995645028315,73.4795563259037,65.90477742429005,0.0,1,-5.329070518200751e-15,0.0,0.11140405290702526,0.9742105719060676,73.48488480836909,-63.70001399999998,9.599995645028315,73.4795563259037,-65.90477742429005,0.0,1,-5.329070518200751e-15
4.166666666666667,4166667,hold_sit,-8.0,0.0,63.41475328785695,0.9713420698132614,0.0,-0.2376858923261731,0.0,-8.0,0.0,63.41475328785695,35.58569876976196,2.0,0.0,1.1653078329576392,0.020322932515144387,-43.59276259597243,63.70001399999999,9.600292855396532,-43.58569876976219,62.45001576525732,0.0,1,-7.105427357601002e-15,0.0,1.1653078329576214,0.020322934970514073,-43.59276259597208,-63.70001399999998,9.600292855396532,-43.58569876976173,-62.45001576525732,0.0,1,-5.329070518200751e-15,0.0,0.11140405290702526,0.9742105719060676,73.48488480836909,63.70001399999999,9.599995645028315,73.4795563259037,65.90477742429005,0.0,1,-5.329070518200751e-15,0.0,0.11140405290702526,0.9742105719060676,73.48488480836909,-63.70001399999998,9.599995645028315,73.4795563259037,-65.90477742429005,0.0,1,-5.329070518200751e-15
4.175,4175000,hold_sit,-8.0,0.0,63.41475328785695,0.9713420698132614,0.0,-0.2376858923261731,0.0,-8.0,0.0,63.41475328785695,35.58569876976196,2.0,0.0,1.1653078329576392,0.020322932515144387,-43.59276259597243,63.70001399999999,9.600292855396532,-43.58569876976219,62.45001576525732,0.0,1,-7.105427357601002e-15,0.0,1.1653078329576214,0.020322934970514073,-43.59276259597208,-63.70001399999998,9.600292855396532,-43.58569876976173,-62.45001576525732,0.0,1,-5.329070518200751e-15,0.0,0.11140405290702526,0.9742105719060676,73.48488480836909,63.70001399999999,9.599995645028315,73.4795563259037,65.90477742429005,0.0,1,-5.329070518200751e-15,0.0,0.11140405290702526,0.9742105719060676,73.48488480836909,-63.70001399999998,9.599995645028315,73.4795563259037,-65.90477742429005,0.0,1,-5.329070518200751e-15
4.183333333333334,4183333,hold_sit,-8.0,0.0,63.41475328785695,0.9713420698132614,0.0,-0.2376858923261731,0.0,-8.0,0.0,63.41475328785695,35.58569876976196,2.0,0.0,1.1653078329576392,0.020322932515144387,-43.59276259597243,63.70001399999999,9.600292855396532,-43.58569876976219,62.45001576525732,0.0,1,-7.105427357601002e-15,0.0,1.1653078329576214,0.020322934970514073,-43.59276259597208,-63.70001399999998,9.600292855396532,-43.58569876976173,-62.45001576525732,0.0,1,-5.329070518200751e-15,0.0,0.11140405290702526,0.9742105719060676,73.48488480836909,63.70001399999999,9.599995645028315,73.4795563259037,65.90477742429005,0.0,1,-5.329070518200751e-15,0.0,0.11140405290702526,0.9742105719060676,73.48488480836909,-63.70001399999998,9.599995645028315,73.4795563259037,-65.90477742429005,0.0,1,-5.329070518200751e-15
4.191666666666666,4191667,hold_sit,-8.0,0.0,63.41475328785695,0.9713420698132614,0.0,-0.2376858923261731,0.0,-8.0,0.0,63.41475328785695,35.58569876976196,2.0,0.0,1.1653078329576392,0.020322932515144387,-43.59276259597243,63.70001399999999,9.600292855396532,-43.58569876976219,62.45001576525732,0.0,1,-7.105427357601002e-15,0.0,1.1653078329576214,0.020322934970514073,-43.59276259597208,-63.70001399999998,9.600292855396532,-43.58569876976173,-62.45001576525732,0.0,1,-5.329070518200751e-15,0.0,0.11140405290702526,0.9742105719060676,73.48488480836909,63.70001399999999,9.599995645028315,73.4795563259037,65.90477742429005,0.0,1,-5.329070518200751e-15,0.0,0.11140405290702526,0.9742105719060676,73.48488480836909,-63.70001399999998,9.599995645028315,73.4795563259037,-65.90477742429005,0.0,1,-5.329070518200751e-15
4.2,4200000,hold_sit,-8.0,0.0,63.41475328785695,0.9713420698132614,0.0,-0.2376858923261731,0.0,-8.0,0.0,63.41475328785695,35.58569876976196,2.0,0.0,1.1653078329576392,0.020322932515144387,-43.59276259597243,63.70001399999999,9.600292855396532,-43.58569876976219,62.45001576525732,0.0,1,-7.105427357601002e-15,0.0,1.1653078329576214,0.020322934970514073,-43.59276259597208,-63.70001399999998,9.600292855396532,-43.58569876976173,-62.45001576525732,0.0,1,-5.329070518200751e-15,0.0,0.11140405290702526,0.9742105719060676,73.48488480836909,63.70001399999999,9.599995645028315,73.4795563259037,65.90477742429005,0.0,1,-5.329070518200751e-15,0.0,0.11140405290702526,0.9742105719060676,73.48488480836909,-63.70001399999998,9.599995645028315,73.4795563259037,-65.90477742429005,0.0,1,-5.329070518200751e-15
4.208333333333333,4208333,hold_sit,-8.0,0.0,63.41475328785695,0.9713420698132614,0.0,-0.2376858923261731,0.0,-8.0,0.0,63.41475328785695,35.58569876976196,2.0,0.0,1.1653078329576392,0.020322932515144387,-43.59276259597243,63.70001399999999,9.600292855396532,-43.58569876976219,62.45001576525732,0.0,1,-7.105427357601002e-15,0.0,1.1653078329576214,0.020322934970514073,-43.59276259597208,-63.70001399999998,9.600292855396532,-43.58569876976173,-62.45001576525732,0.0,1,-5.329070518200751e-15,0.0,0.11140405290702526,0.9742105719060676,73.48488480836909,63.70001399999999,9.599995645028315,73.4795563259037,65.90477742429005,0.0,1,-5.329070518200751e-15,0.0,0.11140405290702526,0.9742105719060676,73.48488480836909,-63.70001399999998,9.599995645028315,73.4795563259037,-65.90477742429005,0.0,1,-5.329070518200751e-15
4.216666666666667,4216667,hold_sit,-8.0,0.0,63.41475328785695,0.9713420698132614,0.0,-0.2376858923261731,0.0,-8.0,0.0,63.41475328785695,35.58569876976196,2.0,0.0,1.1653078329576392,0.020322932515144387,-43.59276259597243,63.70001399999999,9.600292855396532,-43.58569876976219,62.45001576525732,0.0,1,-7.105427357601002e-15,0.0,1.1653078329576214,0.020322934970514073,-43.59276259597208,-63.70001399999998,9.600292855396532,-43.58569876976173,-62.45001576525732,0.0,1,-5.329070518200751e-15,0.0,0.11140405290702526,0.9742105719060676,73.48488480836909,63.70001399999999,9.599995645028315,73.4795563259037,65.90477742429005,0.0,1,-5.329070518200751e-15,0.0,0.11140405290702526,0.9742105719060676,73.48488480836909,-63.70001399999998,9.599995645028315,73.4795563259037,-65.90477742429005,0.0,1,-5.329070518200751e-15
4.225,4225000,hold_sit,-8.0,0.0,63.41475328785695,0.9713420698132614,0.0,-0.2376858923261731,0.0,-8.0,0.0,63.41475328785695,35.58569876976196,2.0,0.0,1.1653078329576392,0.020322932515144387,-43.59276259597243,63.70001399999999,9.600292855396532,-43.58569876976219,62.45001576525732,0.0,1,-7.105427357601002e-15,0.0,1.1653078329576214,0.020322934970514073,-43.59276259597208,-63.70001399999998,9.600292855396532,-43.58569876976173,-62.45001576525732,0.0,1,-5.329070518200751e-15,0.0,0.11140405290702526,0.9742105719060676,73.48488480836909,63.70001399999999,9.599995645028315,73.4795563259037,65.90477742429005,0.0,1,-5.329070518200751e-15,0.0,0.11140405290702526,0.9742105719060676,73.48488480836909,-63.70001399999998,9.599995645028315,73.4795563259037,-65.90477742429005,0.0,1,-5.329070518200751e-15
4.233333333333333,4233333,hold_sit,-8.0,0.0,63.41475328785695,0.9713420698132614,0.0,-0.2376858923261731,0.0,-8.0,0.0,63.41475328785695,35.58569876976196,2.0,0.0,1.1653078329576392,0.020322932515144387,-43.59276259597243,63.70001399999999,9.600292855396532,-43.58569876976219,62.45001576525732,0.0,1,-7.105427357601002e-15,0.0,1.1653078329576214,0.020322934970514073,-43.59276259597208,-63.70001399999998,9.600292855396532,-43.58569876976173,-62.45001576525732,0.0,1,-5.329070518200751e-15,0.0,0.11140405290702526,0.9742105719060676,73.48488480836909,63.70001399999999,9.599995645028315,73.4795563259037,65.90477742429005,0.0,1,-5.329070518200751e-15,0.0,0.11140405290702526,0.9742105719060676,73.48488480836909,-63.70001399999998,9.599995645028315,73.4795563259037,-65.90477742429005,0.0,1,-5.329070518200751e-15
4.241666666666666,4241667,hold_sit,-8.0,0.0,63.41475328785695,0.9713420698132614,0.0,-0.2376858923261731,0.0,-8.0,0.0,63.41475328785695,35.58569876976196,2.0,0.0,1.1653078329576392,0.020322932515144387,-43.59276259597243,63.70001399999999,9.600292855396532,-43.58569876976219,62.45001576525732,0.0,1,-7.105427357601002e-15,0.0,1.1653078329576214,0.020322934970514073,-43.59276259597208,-63.70001399999998,9.600292855396532,-43.58569876976173,-62.45001576525732,0.0,1,-5.329070518200751e-15,0.0,0.11140405290702526,0.9742105719060676,73.48488480836909,63.70001399999999,9.599995645028315,73.4795563259037,65.90477742429005,0.0,1,-5.329070518200751e-15,0.0,0.11140405290702526,0.9742105719060676,73.48488480836909,-63.70001399999998,9.599995645028315,73.4795563259037,-65.90477742429005,0.0,1,-5.329070518200751e-15
4.25,4250000,hold_sit,-8.0,0.0,63.41475328785695,0.9713420698132614,0.0,-0.2376858923261731,0.0,-8.0,0.0,63.41475328785695,35.58569876976196,2.0,0.0,1.1653078329576392,0.020322932515144387,-43.59276259597243,63.70001399999999,9.600292855396532,-43.58569876976219,62.45001576525732,0.0,1,-7.105427357601002e-15,0.0,1.1653078329576214,0.020322934970514073,-43.59276259597208,-63.70001399999998,9.600292855396532,-43.58569876976173,-62.45001576525732,0.0,1,-5.329070518200751e-15,0.0,0.11140405290702526,0.9742105719060676,73.48488480836909,63.70001399999999,9.599995645028315,73.4795563259037,65.90477742429005,0.0,1,-5.329070518200751e-15,0.0,0.11140405290702526,0.9742105719060676,73.48488480836909,-63.70001399999998,9.599995645028315,73.4795563259037,-65.90477742429005,0.0,1,-5.329070518200751e-15
4.258333333333334,4258333,hold_sit,-8.0,0.0,63.41475328785695,0.9713420698132614,0.0,-0.2376858923261731,0.0,-8.0,0.0,63.41475328785695,35.58569876976196,2.0,0.0,1.1653078329576392,0.020322932515144387,-43.59276259597243,63.70001399999999,9.600292855396532,-43.58569876976219,62.45001576525732,0.0,1,-7.105427357601002e-15,0.0,1.1653078329576214,0.020322934970514073,-43.59276259597208,-63.70001399999998,9.600292855396532,-43.58569876976173,-62.45001576525732,0.0,1,-5.329070518200751e-15,0.0,0.11140405290702526,0.9742105719060676,73.48488480836909,63.70001399999999,9.599995645028315,73.4795563259037,65.90477742429005,0.0,1,-5.329070518200751e-15,0.0,0.11140405290702526,0.9742105719060676,73.48488480836909,-63.70001399999998,9.599995645028315,73.4795563259037,-65.90477742429005,0.0,1,-5.329070518200751e-15
4.266666666666667,4266667,hold_sit,-8.0,0.0,63.41475328785695,0.9713420698132614,0.0,-0.2376858923261731,0.0,-8.0,0.0,63.41475328785695,35.58569876976196,2.0,0.0,1.1653078329576392,0.020322932515144387,-43.59276259597243,63.70001399999999,9.600292855396532,-43.58569876976219,62.45001576525732,0.0,1,-7.105427357601002e-15,0.0,1.1653078329576214,0.020322934970514073,-43.59276259597208,-63.70001399999998,9.600292855396532,-43.58569876976173,-62.45001576525732,0.0,1,-5.329070518200751e-15,0.0,0.11140405290702526,0.9742105719060676,73.48488480836909,63.70001399999999,9.599995645028315,73.4795563259037,65.90477742429005,0.0,1,-5.329070518200751e-15,0.0,0.11140405290702526,0.9742105719060676,73.48488480836909,-63.70001399999998,9.599995645028315,73.4795563259037,-65.90477742429005,0.0,1,-5.329070518200751e-15
4.275,4275000,hold_sit,-8.0,0.0,63.41475328785695,0.9713420698132614,0.0,-0.2376858923261731,0.0,-8.0,0.0,63.41475328785695,35.58569876976196,2.0,0.0,1.1653078329576392,0.020322932515144387,-43.59276259597243,63.70001399999999,9.600292855396532,-43.58569876976219,62.45001576525732,0.0,1,-7.105427357601002e-15,0.0,1.1653078329576214,0.020322934970514073,-43.59276259597208,-63.70001399999998,9.600292855396532,-43.58569876976173,-62.45001576525732,0.0,1,-5.329070518200751e-15,0.0,0.11140405290702526,0.9742105719060676,73.48488480836909,63.70001399999999,9.599995645028315,73.4795563259037,65.90477742429005,0.0,1,-5.329070518200751e-15,0.0,0.11140405290702526,0.9742105719060676,73.48488480836909,-63.70001399999998,9.599995645028315,73.4795563259037,-65.90477742429005,0.0,1,-5.329070518200751e-15
4.283333333333333,4283333,hold_sit,-8.0,0.0,63.41475328785695,0.9713420698132614,0.0,-0.2376858923261731,0.0,-8.0,0.0,63.41475328785695,35.58569876976196,2.0,0.0,1.1653078329576392,0.020322932515144387,-43.59276259597243,63.70001399999999,9.600292855396532,-43.58569876976219,62.45001576525732,0.0,1,-7.105427357601002e-15,0.0,1.1653078329576214,0.020322934970514073,-43.59276259597208,-63.70001399999998,9.600292855396532,-43.58569876976173,-62.45001576525732,0.0,1,-5.329070518200751e-15,0.0,0.11140405290702526,0.9742105719060676,73.48488480836909,63.70001399999999,9.599995645028315,73.4795563259037,65.90477742429005,0.0,1,-5.329070518200751e-15,0.0,0.11140405290702526,0.9742105719060676,73.48488480836909,-63.70001399999998,9.599995645028315,73.4795563259037,-65.90477742429005,0.0,1,-5.329070518200751e-15
4.291666666666667,4291667,hold_sit,-8.0,0.0,63.41475328785695,0.9713420698132614,0.0,-0.2376858923261731,0.0,-8.0,0.0,63.41475328785695,35.58569876976196,2.0,0.0,1.1653078329576392,0.020322932515144387,-43.59276259597243,63.70001399999999,9.600292855396532,-43.58569876976219,62.45001576525732,0.0,1,-7.105427357601002e-15,0.0,1.1653078329576214,0.020322934970514073,-43.59276259597208,-63.70001399999998,9.600292855396532,-43.58569876976173,-62.45001576525732,0.0,1,-5.329070518200751e-15,0.0,0.11140405290702526,0.9742105719060676,73.48488480836909,63.70001399999999,9.599995645028315,73.4795563259037,65.90477742429005,0.0,1,-5.329070518200751e-15,0.0,0.11140405290702526,0.9742105719060676,73.48488480836909,-63.70001399999998,9.599995645028315,73.4795563259037,-65.90477742429005,0.0,1,-5.329070518200751e-15
4.3,4300000,hold_sit,-8.0,0.0,63.41475328785695,0.9713420698132614,0.0,-0.2376858923261731,0.0,-8.0,0.0,63.41475328785695,35.58569876976196,2.0,0.0,1.1653078329576392,0.020322932515144387,-43.59276259597243,63.70001399999999,9.600292855396532,-43.58569876976219,62.45001576525732,0.0,1,-7.105427357601002e-15,0.0,1.1653078329576214,0.020322934970514073,-43.59276259597208,-63.70001399999998,9.600292855396532,-43.58569876976173,-62.45001576525732,0.0,1,-5.329070518200751e-15,0.0,0.11140405290702526,0.9742105719060676,73.48488480836909,63.70001399999999,9.599995645028315,73.4795563259037,65.90477742429005,0.0,1,-5.329070518200751e-15,0.0,0.11140405290702526,0.9742105719060676,73.48488480836909,-63.70001399999998,9.599995645028315,73.4795563259037,-65.90477742429005,0.0,1,-5.329070518200751e-15
4.308333333333334,4308333,hold_sit,-8.0,0.0,63.41475328785695,0.9713420698132614,0.0,-0.2376858923261731,0.0,-8.0,0.0,63.41475328785695,35.58569876976196,2.0,0.0,1.1653078329576392,0.020322932515144387,-43.59276259597243,63.70001399999999,9.600292855396532,-43.58569876976219,62.45001576525732,0.0,1,-7.105427357601002e-15,0.0,1.1653078329576214,0.020322934970514073,-43.59276259597208,-63.70001399999998,9.600292855396532,-43.58569876976173,-62.45001576525732,0.0,1,-5.329070518200751e-15,0.0,0.11140405290702526,0.9742105719060676,73.48488480836909,63.70001399999999,9.599995645028315,73.4795563259037,65.90477742429005,0.0,1,-5.329070518200751e-15,0.0,0.11140405290702526,0.9742105719060676,73.48488480836909,-63.70001399999998,9.599995645028315,73.4795563259037,-65.90477742429005,0.0,1,-5.329070518200751e-15
4.316666666666666,4316667,hold_sit,-8.0,0.0,63.41475328785695,0.9713420698132614,0.0,-0.2376858923261731,0.0,-8.0,0.0,63.41475328785695,35.58569876976196,2.0,0.0,1.1653078329576392,0.020322932515144387,-43.59276259597243,63.70001399999999,9.600292855396532,-43.58569876976219,62.45001576525732,0.0,1,-7.105427357601002e-15,0.0,1.1653078329576214,0.020322934970514073,-43.59276259597208,-63.70001399999998,9.600292855396532,-43.58569876976173,-62.45001576525732,0.0,1,-5.329070518200751e-15,0.0,0.11140405290702526,0.9742105719060676,73.48488480836909,63.70001399999999,9.599995645028315,73.4795563259037,65.90477742429005,0.0,1,-5.329070518200751e-15,0.0,0.11140405290702526,0.9742105719060676,73.48488480836909,-63.70001399999998,9.599995645028315,73.4795563259037,-65.90477742429005,0.0,1,-5.329070518200751e-15
4.325,4325000,hold_sit,-8.0,0.0,63.41475328785695,0.9713420698132614,0.0,-0.2376858923261731,0.0,-8.0,0.0,63.41475328785695,35.58569876976196,2.0,0.0,1.1653078329576392,0.020322932515144387,-43.59276259597243,63.70001399999999,9.600292855396532,-43.58569876976219,62.45001576525732,0.0,1,-7.105427357601002e-15,0.0,1.1653078329576214,0.020322934970514073,-43.59276259597208,-63.70001399999998,9.600292855396532,-43.58569876976173,-62.45001576525732,0.0,1,-5.329070518200751e-15,0.0,0.11140405290702526,0.9742105719060676,73.48488480836909,63.70001399999999,9.599995645028315,73.4795563259037,65.90477742429005,0.0,1,-5.329070518200751e-15,0.0,0.11140405290702526,0.9742105719060676,73.48488480836909,-63.70001399999998,9.599995645028315,73.4795563259037,-65.90477742429005,0.0,1,-5.329070518200751e-15
4.333333333333333,4333333,hold_sit,-8.0,0.0,63.41475328785695,0.9713420698132614,0.0,-0.2376858923261731,0.0,-8.0,0.0,63.41475328785695,35.58569876976196,2.0,0.0,1.1653078329576392,0.020322932515144387,-43.59276259597243,63.70001399999999,9.600292855396532,-43.58569876976219,62.45001576525732,0.0,1,-7.105427357601002e-15,0.0,1.1653078329576214,0.020322934970514073,-43.59276259597208,-63.70001399999998,9.600292855396532,-43.58569876976173,-62.45001576525732,0.0,1,-5.329070518200751e-15,0.0,0.11140405290702526,0.9742105719060676,73.48488480836909,63.70001399999999,9.599995645028315,73.4795563259037,65.90477742429005,0.0,1,-5.329070518200751e-15,0.0,0.11140405290702526,0.9742105719060676,73.48488480836909,-63.70001399999998,9.599995645028315,73.4795563259037,-65.90477742429005,0.0,1,-5.329070518200751e-15
4.341666666666667,4341667,hold_sit,-8.0,0.0,63.41475328785695,0.9713420698132614,0.0,-0.2376858923261731,0.0,-8.0,0.0,63.41475328785695,35.58569876976196,2.0,0.0,1.1653078329576392,0.020322932515144387,-43.59276259597243,63.70001399999999,9.600292855396532,-43.58569876976219,62.45001576525732,0.0,1,-7.105427357601002e-15,0.0,1.1653078329576214,0.020322934970514073,-43.59276259597208,-63.70001399999998,9.600292855396532,-43.58569876976173,-62.45001576525732,0.0,1,-5.329070518200751e-15,0.0,0.11140405290702526,0.9742105719060676,73.48488480836909,63.70001399999999,9.599995645028315,73.4795563259037,65.90477742429005,0.0,1,-5.329070518200751e-15,0.0,0.11140405290702526,0.9742105719060676,73.48488480836909,-63.70001399999998,9.599995645028315,73.4795563259037,-65.90477742429005,0.0,1,-5.329070518200751e-15
4.35,4350000,hold_sit,-8.0,0.0,63.41475328785695,0.9713420698132614,0.0,-0.2376858923261731,0.0,-8.0,0.0,63.41475328785695,35.58569876976196,2.0,0.0,1.1653078329576392,0.020322932515144387,-43.59276259597243,63.70001399999999,9.600292855396532,-43.58569876976219,62.45001576525732,0.0,1,-7.105427357601002e-15,0.0,1.1653078329576214,0.020322934970514073,-43.59276259597208,-63.70001399999998,9.600292855396532,-43.58569876976173,-62.45001576525732,0.0,1,-5.329070518200751e-15,0.0,0.11140405290702526,0.9742105719060676,73.48488480836909,63.70001399999999,9.599995645028315,73.4795563259037,65.90477742429005,0.0,1,-5.329070518200751e-15,0.0,0.11140405290702526,0.9742105719060676,73.48488480836909,-63.70001399999998,9.599995645028315,73.4795563259037,-65.90477742429005,0.0,1,-5.329070518200751e-15
4.358333333333333,4358333,hold_sit,-8.0,0.0,63.41475328785695,0.9713420698132614,0.0,-0.2376858923261731,0.0,-8.0,0.0,63.41475328785695,35.58569876976196,2.0,0.0,1.1653078329576392,0.020322932515144387,-43.59276259597243,63.70001399999999,9.600292855396532,-43.58569876976219,62.45001576525732,0.0,1,-7.105427357601002e-15,0.0,1.1653078329576214,0.020322934970514073,-43.59276259597208,-63.70001399999998,9.600292855396532,-43.58569876976173,-62.45001576525732,0.0,1,-5.329070518200751e-15,0.0,0.11140405290702526,0.9742105719060676,73.48488480836909,63.70001399999999,9.599995645028315,73.4795563259037,65.90477742429005,0.0,1,-5.329070518200751e-15,0.0,0.11140405290702526,0.9742105719060676,73.48488480836909,-63.70001399999998,9.599995645028315,73.4795563259037,-65.90477742429005,0.0,1,-5.329070518200751e-15
4.366666666666666,4366667,hold_sit,-8.0,0.0,63.41475328785695,0.9713420698132614,0.0,-0.2376858923261731,0.0,-8.0,0.0,63.41475328785695,35.58569876976196,2.0,0.0,1.1653078329576392,0.020322932515144387,-43.59276259597243,63.70001399999999,9.600292855396532,-43.58569876976219,62.45001576525732,0.0,1,-7.105427357601002e-15,0.0,1.1653078329576214,0.020322934970514073,-43.59276259597208,-63.70001399999998,9.600292855396532,-43.58569876976173,-62.45001576525732,0.0,1,-5.329070518200751e-15,0.0,0.11140405290702526,0.9742105719060676,73.48488480836909,63.70001399999999,9.599995645028315,73.4795563259037,65.90477742429005,0.0,1,-5.329070518200751e-15,0.0,0.11140405290702526,0.9742105719060676,73.48488480836909,-63.70001399999998,9.599995645028315,73.4795563259037,-65.90477742429005,0.0,1,-5.329070518200751e-15
4.375,4375000,hold_sit,-8.0,0.0,63.41475328785695,0.9713420698132614,0.0,-0.2376858923261731,0.0,-8.0,0.0,63.41475328785695,35.58569876976196,2.0,0.0,1.1653078329576392,0.020322932515144387,-43.59276259597243,63.70001399999999,9.600292855396532,-43.58569876976219,62.45001576525732,0.0,1,-7.105427357601002e-15,0.0,1.1653078329576214,0.020322934970514073,-43.59276259597208,-63.70001399999998,9.600292855396532,-43.58569876976173,-62.45001576525732,0.0,1,-5.329070518200751e-15,0.0,0.11140405290702526,0.9742105719060676,73.48488480836909,63.70001399999999,9.599995645028315,73.4795563259037,65.90477742429005,0.0,1,-5.329070518200751e-15,0.0,0.11140405290702526,0.9742105719060676,73.48488480836909,-63.70001399999998,9.599995645028315,73.4795563259037,-65.90477742429005,0.0,1,-5.329070518200751e-15
4.383333333333334,4383333,hold_sit,-8.0,0.0,63.41475328785695,0.9713420698132614,0.0,-0.2376858923261731,0.0,-8.0,0.0,63.41475328785695,35.58569876976196,2.0,0.0,1.1653078329576392,0.020322932515144387,-43.59276259597243,63.70001399999999,9.600292855396532,-43.58569876976219,62.45001576525732,0.0,1,-7.105427357601002e-15,0.0,1.1653078329576214,0.020322934970514073,-43.59276259597208,-63.70001399999998,9.600292855396532,-43.58569876976173,-62.45001576525732,0.0,1,-5.329070518200751e-15,0.0,0.11140405290702526,0.9742105719060676,73.48488480836909,63.70001399999999,9.599995645028315,73.4795563259037,65.90477742429005,0.0,1,-5.329070518200751e-15,0.0,0.11140405290702526,0.9742105719060676,73.48488480836909,-63.70001399999998,9.599995645028315,73.4795563259037,-65.90477742429005,0.0,1,-5.329070518200751e-15
4.391666666666667,4391667,hold_sit,-8.0,0.0,63.41475328785695,0.9713420698132614,0.0,-0.2376858923261731,0.0,-8.0,0.0,63.41475328785695,35.58569876976196,2.0,0.0,1.1653078329576392,0.020322932515144387,-43.59276259597243,63.70001399999999,9.600292855396532,-43.58569876976219,62.45001576525732,0.0,1,-7.105427357601002e-15,0.0,1.1653078329576214,0.020322934970514073,-43.59276259597208,-63.70001399999998,9.600292855396532,-43.58569876976173,-62.45001576525732,0.0,1,-5.329070518200751e-15,0.0,0.11140405290702526,0.9742105719060676,73.48488480836909,63.70001399999999,9.599995645028315,73.4795563259037,65.90477742429005,0.0,1,-5.329070518200751e-15,0.0,0.11140405290702526,0.9742105719060676,73.48488480836909,-63.70001399999998,9.599995645028315,73.4795563259037,-65.90477742429005,0.0,1,-5.329070518200751e-15
4.4,4400000,hold_sit,-8.0,0.0,63.41475328785695,0.9713420698132614,0.0,-0.2376858923261731,0.0,-8.0,0.0,63.41475328785695,35.58569876976196,2.0,0.0,1.1653078329576392,0.020322932515144387,-43.59276259597243,63.70001399999999,9.600292855396532,-43.58569876976219,62.45001576525732,0.0,1,-7.105427357601002e-15,0.0,1.1653078329576214,0.020322934970514073,-43.59276259597208,-63.70001399999998,9.600292855396532,-43.58569876976173,-62.45001576525732,0.0,1,-5.329070518200751e-15,0.0,0.11140405290702526,0.9742105719060676,73.48488480836909,63.70001399999999,9.599995645028315,73.4795563259037,65.90477742429005,0.0,1,-5.329070518200751e-15,0.0,0.11140405290702526,0.9742105719060676,73.48488480836909,-63.70001399999998,9.599995645028315,73.4795563259037,-65.90477742429005,0.0,1,-5.329070518200751e-15
4.408333333333333,4408333,hold_sit,-8.0,0.0,63.41475328785695,0.9713420698132614,0.0,-0.2376858923261731,0.0,-8.0,0.0,63.41475328785695,35.58569876976196,2.0,0.0,1.1653078329576392,0.020322932515144387,-43.59276259597243,63.70001399999999,9.600292855396532,-43.58569876976219,62.45001576525732,0.0,1,-7.105427357601002e-15,0.0,1.1653078329576214,0.020322934970514073,-43.59276259597208,-63.70001399999998,9.600292855396532,-43.58569876976173,-62.45001576525732,0.0,1,-5.329070518200751e-15,0.0,0.11140405290702526,0.9742105719060676,73.48488480836909,63.70001399999999,9.599995645028315,73.4795563259037,65.90477742429005,0.0,1,-5.329070518200751e-15,0.0,0.11140405290702526,0.9742105719060676,73.48488480836909,-63.70001399999998,9.599995645028315,73.4795563259037,-65.90477742429005,0.0,1,-5.329070518200751e-15
4.416666666666667,4416667,hold_sit,-8.0,0.0,63.41475328785695,0.9713420698132614,0.0,-0.2376858923261731,0.0,-8.0,0.0,63.41475328785695,35.58569876976196,2.0,0.0,1.1653078329576392,0.020322932515144387,-43.59276259597243,63.70001399999999,9.600292855396532,-43.58569876976219,62.45001576525732,0.0,1,-7.105427357601002e-15,0.0,1.1653078329576214,0.020322934970514073,-43.59276259597208,-63.70001399999998,9.600292855396532,-43.58569876976173,-62.45001576525732,0.0,1,-5.329070518200751e-15,0.0,0.11140405290702526,0.9742105719060676,73.48488480836909,63.70001399999999,9.599995645028315,73.4795563259037,65.90477742429005,0.0,1,-5.329070518200751e-15,0.0,0.11140405290702526,0.9742105719060676,73.48488480836909,-63.70001399999998,9.599995645028315,73.4795563259037,-65.90477742429005,0.0,1,-5.329070518200751e-15
4.425,4425000,hold_sit,-8.0,0.0,63.41475328785695,0.9713420698132614,0.0,-0.2376858923261731,0.0,-8.0,0.0,63.41475328785695,35.58569876976196,2.0,0.0,1.1653078329576392,0.020322932515144387,-43.59276259597243,63.70001399999999,9.600292855396532,-43.58569876976219,62.45001576525732,0.0,1,-7.105427357601002e-15,0.0,1.1653078329576214,0.020322934970514073,-43.59276259597208,-63.70001399999998,9.600292855396532,-43.58569876976173,-62.45001576525732,0.0,1,-5.329070518200751e-15,0.0,0.11140405290702526,0.9742105719060676,73.48488480836909,63.70001399999999,9.599995645028315,73.4795563259037,65.90477742429005,0.0,1,-5.329070518200751e-15,0.0,0.11140405290702526,0.9742105719060676,73.48488480836909,-63.70001399999998,9.599995645028315,73.4795563259037,-65.90477742429005,0.0,1,-5.329070518200751e-15
4.433333333333334,4433333,hold_sit,-8.0,0.0,63.41475328785695,0.9713420698132614,0.0,-0.2376858923261731,0.0,-8.0,0.0,63.41475328785695,35.58569876976196,2.0,0.0,1.1653078329576392,0.020322932515144387,-43.59276259597243,63.70001399999999,9.600292855396532,-43.58569876976219,62.45001576525732,0.0,1,-7.105427357601002e-15,0.0,1.1653078329576214,0.020322934970514073,-43.59276259597208,-63.70001399999998,9.600292855396532,-43.58569876976173,-62.45001576525732,0.0,1,-5.329070518200751e-15,0.0,0.11140405290702526,0.9742105719060676,73.48488480836909,63.70001399999999,9.599995645028315,73.4795563259037,65.90477742429005,0.0,1,-5.329070518200751e-15,0.0,0.11140405290702526,0.9742105719060676,73.48488480836909,-63.70001399999998,9.599995645028315,73.4795563259037,-65.90477742429005,0.0,1,-5.329070518200751e-15
4.441666666666666,4441667,hold_sit,-8.0,0.0,63.41475328785695,0.9713420698132614,0.0,-0.2376858923261731,0.0,-8.0,0.0,63.41475328785695,35.58569876976196,2.0,0.0,1.1653078329576392,0.020322932515144387,-43.59276259597243,63.70001399999999,9.600292855396532,-43.58569876976219,62.45001576525732,0.0,1,-7.105427357601002e-15,0.0,1.1653078329576214,0.020322934970514073,-43.59276259597208,-63.70001399999998,9.600292855396532,-43.58569876976173,-62.45001576525732,0.0,1,-5.329070518200751e-15,0.0,0.11140405290702526,0.9742105719060676,73.48488480836909,63.70001399999999,9.599995645028315,73.4795563259037,65.90477742429005,0.0,1,-5.329070518200751e-15,0.0,0.11140405290702526,0.9742105719060676,73.48488480836909,-63.70001399999998,9.599995645028315,73.4795563259037,-65.90477742429005,0.0,1,-5.329070518200751e-15
4.45,4450000,hold_sit,-8.0,0.0,63.41475328785695,0.9713420698132614,0.0,-0.2376858923261731,0.0,-8.0,0.0,63.41475328785695,35.58569876976196,2.0,0.0,1.1653078329576392,0.020322932515144387,-43.59276259597243,63.70001399999999,9.600292855396532,-43.58569876976219,62.45001576525732,0.0,1,-7.105427357601002e-15,0.0,1.1653078329576214,0.020322934970514073,-43.59276259597208,-63.70001399999998,9.600292855396532,-43.58569876976173,-62.45001576525732,0.0,1,-5.329070518200751e-15,0.0,0.11140405290702526,0.9742105719060676,73.48488480836909,63.70001399999999,9.599995645028315,73.4795563259037,65.90477742429005,0.0,1,-5.329070518200751e-15,0.0,0.11140405290702526,0.9742105719060676,73.48488480836909,-63.70001399999998,9.599995645028315,73.4795563259037,-65.90477742429005,0.0,1,-5.329070518200751e-15
4.458333333333333,4458333,hold_sit,-8.0,0.0,63.41475328785695,0.9713420698132614,0.0,-0.2376858923261731,0.0,-8.0,0.0,63.41475328785695,35.58569876976196,2.0,0.0,1.1653078329576392,0.020322932515144387,-43.59276259597243,63.70001399999999,9.600292855396532,-43.58569876976219,62.45001576525732,0.0,1,-7.105427357601002e-15,0.0,1.1653078329576214,0.020322934970514073,-43.59276259597208,-63.70001399999998,9.600292855396532,-43.58569876976173,-62.45001576525732,0.0,1,-5.329070518200751e-15,0.0,0.11140405290702526,0.9742105719060676,73.48488480836909,63.70001399999999,9.599995645028315,73.4795563259037,65.90477742429005,0.0,1,-5.329070518200751e-15,0.0,0.11140405290702526,0.9742105719060676,73.48488480836909,-63.70001399999998,9.599995645028315,73.4795563259037,-65.90477742429005,0.0,1,-5.329070518200751e-15
4.466666666666667,4466667,hold_sit,-8.0,0.0,63.41475328785695,0.9713420698132614,0.0,-0.2376858923261731,0.0,-8.0,0.0,63.41475328785695,35.58569876976196,2.0,0.0,1.1653078329576392,0.020322932515144387,-43.59276259597243,63.70001399999999,9.600292855396532,-43.58569876976219,62.45001576525732,0.0,1,-7.105427357601002e-15,0.0,1.1653078329576214,0.020322934970514073,-43.59276259597208,-63.70001399999998,9.600292855396532,-43.58569876976173,-62.45001576525732,0.0,1,-5.329070518200751e-15,0.0,0.11140405290702526,0.9742105719060676,73.48488480836909,63.70001399999999,9.599995645028315,73.4795563259037,65.90477742429005,0.0,1,-5.329070518200751e-15,0.0,0.11140405290702526,0.9742105719060676,73.48488480836909,-63.70001399999998,9.599995645028315,73.4795563259037,-65.90477742429005,0.0,1,-5.329070518200751e-15
4.475,4475000,hold_sit,-8.0,0.0,63.41475328785695,0.9713420698132614,0.0,-0.2376858923261731,0.0,-8.0,0.0,63.41475328785695,35.58569876976196,2.0,0.0,1.1653078329576392,0.020322932515144387,-43.59276259597243,63.70001399999999,9.600292855396532,-43.58569876976219,62.45001576525732,0.0,1,-7.105427357601002e-15,0.0,1.1653078329576214,0.020322934970514073,-43.59276259597208,-63.70001399999998,9.600292855396532,-43.58569876976173,-62.45001576525732,0.0,1,-5.329070518200751e-15,0.0,0.11140405290702526,0.9742105719060676,73.48488480836909,63.70001399999999,9.599995645028315,73.4795563259037,65.90477742429005,0.0,1,-5.329070518200751e-15,0.0,0.11140405290702526,0.9742105719060676,73.48488480836909,-63.70001399999998,9.599995645028315,73.4795563259037,-65.90477742429005,0.0,1,-5.329070518200751e-15
4.483333333333333,4483333,hold_sit,-8.0,0.0,63.41475328785695,0.9713420698132614,0.0,-0.2376858923261731,0.0,-8.0,0.0,63.41475328785695,35.58569876976196,2.0,0.0,1.1653078329576392,0.020322932515144387,-43.59276259597243,63.70001399999999,9.600292855396532,-43.58569876976219,62.45001576525732,0.0,1,-7.105427357601002e-15,0.0,1.1653078329576214,0.020322934970514073,-43.59276259597208,-63.70001399999998,9.600292855396532,-43.58569876976173,-62.45001576525732,0.0,1,-5.329070518200751e-15,0.0,0.11140405290702526,0.9742105719060676,73.48488480836909,63.70001399999999,9.599995645028315,73.4795563259037,65.90477742429005,0.0,1,-5.329070518200751e-15,0.0,0.11140405290702526,0.9742105719060676,73.48488480836909,-63.70001399999998,9.599995645028315,73.4795563259037,-65.90477742429005,0.0,1,-5.329070518200751e-15
4.491666666666666,4491667,hold_sit,-8.0,0.0,63.41475328785695,0.9713420698132614,0.0,-0.2376858923261731,0.0,-8.0,0.0,63.41475328785695,35.58569876976196,2.0,0.0,1.1653078329576392,0.020322932515144387,-43.59276259597243,63.70001399999999,9.600292855396532,-43.58569876976219,62.45001576525732,0.0,1,-7.105427357601002e-15,0.0,1.1653078329576214,0.020322934970514073,-43.59276259597208,-63.70001399999998,9.600292855396532,-43.58569876976173,-62.45001576525732,0.0,1,-5.329070518200751e-15,0.0,0.11140405290702526,0.9742105719060676,73.48488480836909,63.70001399999999,9.599995645028315,73.4795563259037,65.90477742429005,0.0,1,-5.329070518200751e-15,0.0,0.11140405290702526,0.9742105719060676,73.48488480836909,-63.70001399999998,9.599995645028315,73.4795563259037,-65.90477742429005,0.0,1,-5.329070518200751e-15
4.5,4500000,hold_sit,-8.0,0.0,63.41475328785695,0.9713420698132614,0.0,-0.2376858923261731,0.0,-8.0,0.0,63.41475328785695,35.58569876976196,2.0,0.0,1.1653078329576392,0.020322932515144387,-43.59276259597243,63.70001399999999,9.600292855396532,-43.58569876976219,62.45001576525732,0.0,1,-7.105427357601002e-15,0.0,1.1653078329576214,0.020322934970514073,-43.59276259597208,-63.70001399999998,9.600292855396532,-43.58569876976173,-62.45001576525732,0.0,1,-5.329070518200751e-15,0.0,0.11140405290702526,0.9742105719060676,73.48488480836909,63.70001399999999,9.599995645028315,73.4795563259037,65.90477742429005,0.0,1,-5.329070518200751e-15,0.0,0.11140405290702526,0.9742105719060676,73.48488480836909,-63.70001399999998,9.599995645028315,73.4795563259037,-65.90477742429005,0.0,1,-5.329070518200751e-15
4.508333333333334,4508333,hold_sit,-8.0,0.0,63.41475328785695,0.9713420698132614,0.0,-0.2376858923261731,0.0,-8.0,0.0,63.41475328785695,35.58569876976196,2.0,0.0,1.1653078329576392,0.020322932515144387,-43.59276259597243,63.70001399999999,9.600292855396532,-43.58569876976219,62.45001576525732,0.0,1,-7.105427357601002e-15,0.0,1.1653078329576214,0.020322934970514073,-43.59276259597208,-63.70001399999998,9.600292855396532,-43.58569876976173,-62.45001576525732,0.0,1,-5.329070518200751e-15,0.0,0.11140405290702526,0.9742105719060676,73.48488480836909,63.70001399999999,9.599995645028315,73.4795563259037,65.90477742429005,0.0,1,-5.329070518200751e-15,0.0,0.11140405290702526,0.9742105719060676,73.48488480836909,-63.70001399999998,9.599995645028315,73.4795563259037,-65.90477742429005,0.0,1,-5.329070518200751e-15
4.516666666666667,4516667,hold_sit,-8.0,0.0,63.41475328785695,0.9713420698132614,0.0,-0.2376858923261731,0.0,-8.0,0.0,63.41475328785695,35.58569876976196,2.0,0.0,1.1653078329576392,0.020322932515144387,-43.59276259597243,63.70001399999999,9.600292855396532,-43.58569876976219,62.45001576525732,0.0,1,-7.105427357601002e-15,0.0,1.1653078329576214,0.020322934970514073,-43.59276259597208,-63.70001399999998,9.600292855396532,-43.58569876976173,-62.45001576525732,0.0,1,-5.329070518200751e-15,0.0,0.11140405290702526,0.9742105719060676,73.48488480836909,63.70001399999999,9.599995645028315,73.4795563259037,65.90477742429005,0.0,1,-5.329070518200751e-15,0.0,0.11140405290702526,0.9742105719060676,73.48488480836909,-63.70001399999998,9.599995645028315,73.4795563259037,-65.90477742429005,0.0,1,-5.329070518200751e-15
4.525,4525000,hold_sit,-8.0,0.0,63.41475328785695,0.9713420698132614,0.0,-0.2376858923261731,0.0,-8.0,0.0,63.41475328785695,35.58569876976196,2.0,0.0,1.1653078329576392,0.020322932515144387,-43.59276259597243,63.70001399999999,9.600292855396532,-43.58569876976219,62.45001576525732,0.0,1,-7.105427357601002e-15,0.0,1.1653078329576214,0.020322934970514073,-43.59276259597208,-63.70001399999998,9.600292855396532,-43.58569876976173,-62.45001576525732,0.0,1,-5.329070518200751e-15,0.0,0.11140405290702526,0.9742105719060676,73.48488480836909,63.70001399999999,9.599995645028315,73.4795563259037,65.90477742429005,0.0,1,-5.329070518200751e-15,0.0,0.11140405290702526,0.9742105719060676,73.48488480836909,-63.70001399999998,9.599995645028315,73.4795563259037,-65.90477742429005,0.0,1,-5.329070518200751e-15
4.533333333333333,4533333,hold_sit,-8.0,0.0,63.41475328785695,0.9713420698132614,0.0,-0.2376858923261731,0.0,-8.0,0.0,63.41475328785695,35.58569876976196,2.0,0.0,1.1653078329576392,0.020322932515144387,-43.59276259597243,63.70001399999999,9.600292855396532,-43.58569876976219,62.45001576525732,0.0,1,-7.105427357601002e-15,0.0,1.1653078329576214,0.020322934970514073,-43.59276259597208,-63.70001399999998,9.600292855396532,-43.58569876976173,-62.45001576525732,0.0,1,-5.329070518200751e-15,0.0,0.11140405290702526,0.9742105719060676,73.48488480836909,63.70001399999999,9.599995645028315,73.4795563259037,65.90477742429005,0.0,1,-5.329070518200751e-15,0.0,0.11140405290702526,0.9742105719060676,73.48488480836909,-63.70001399999998,9.599995645028315,73.4795563259037,-65.90477742429005,0.0,1,-5.329070518200751e-15
4.541666666666667,4541667,hold_sit,-8.0,0.0,63.41475328785695,0.9713420698132614,0.0,-0.2376858923261731,0.0,-8.0,0.0,63.41475328785695,35.58569876976196,2.0,0.0,1.1653078329576392,0.020322932515144387,-43.59276259597243,63.70001399999999,9.600292855396532,-43.58569876976219,62.45001576525732,0.0,1,-7.105427357601002e-15,0.0,1.1653078329576214,0.020322934970514073,-43.59276259597208,-63.70001399999998,9.600292855396532,-43.58569876976173,-62.45001576525732,0.0,1,-5.329070518200751e-15,0.0,0.11140405290702526,0.9742105719060676,73.48488480836909,63.70001399999999,9.599995645028315,73.4795563259037,65.90477742429005,0.0,1,-5.329070518200751e-15,0.0,0.11140405290702526,0.9742105719060676,73.48488480836909,-63.70001399999998,9.599995645028315,73.4795563259037,-65.90477742429005,0.0,1,-5.329070518200751e-15
4.55,4550000,hold_sit,-8.0,0.0,63.41475328785695,0.9713420698132614,0.0,-0.2376858923261731,0.0,-8.0,0.0,63.41475328785695,35.58569876976196,2.0,0.0,1.1653078329576392,0.020322932515144387,-43.59276259597243,63.70001399999999,9.600292855396532,-43.58569876976219,62.45001576525732,0.0,1,-7.105427357601002e-15,0.0,1.1653078329576214,0.020322934970514073,-43.59276259597208,-63.70001399999998,9.600292855396532,-43.58569876976173,-62.45001576525732,0.0,1,-5.329070518200751e-15,0.0,0.11140405290702526,0.9742105719060676,73.48488480836909,63.70001399999999,9.599995645028315,73.4795563259037,65.90477742429005,0.0,1,-5.329070518200751e-15,0.0,0.11140405290702526,0.9742105719060676,73.48488480836909,-63.70001399999998,9.599995645028315,73.4795563259037,-65.90477742429005,0.0,1,-5.329070518200751e-15
4.558333333333334,4558333,hold_sit,-8.0,0.0,63.41475328785695,0.9713420698132614,0.0,-0.2376858923261731,0.0,-8.0,0.0,63.41475328785695,35.58569876976196,2.0,0.0,1.1653078329576392,0.020322932515144387,-43.59276259597243,63.70001399999999,9.600292855396532,-43.58569876976219,62.45001576525732,0.0,1,-7.105427357601002e-15,0.0,1.1653078329576214,0.020322934970514073,-43.59276259597208,-63.70001399999998,9.600292855396532,-43.58569876976173,-62.45001576525732,0.0,1,-5.329070518200751e-15,0.0,0.11140405290702526,0.9742105719060676,73.48488480836909,63.70001399999999,9.599995645028315,73.4795563259037,65.90477742429005,0.0,1,-5.329070518200751e-15,0.0,0.11140405290702526,0.9742105719060676,73.48488480836909,-63.70001399999998,9.599995645028315,73.4795563259037,-65.90477742429005,0.0,1,-5.329070518200751e-15
4.566666666666666,4566667,hold_sit,-8.0,0.0,63.41475328785695,0.9713420698132614,0.0,-0.2376858923261731,0.0,-8.0,0.0,63.41475328785695,35.58569876976196,2.0,0.0,1.1653078329576392,0.020322932515144387,-43.59276259597243,63.70001399999999,9.600292855396532,-43.58569876976219,62.45001576525732,0.0,1,-7.105427357601002e-15,0.0,1.1653078329576214,0.020322934970514073,-43.59276259597208,-63.70001399999998,9.600292855396532,-43.58569876976173,-62.45001576525732,0.0,1,-5.329070518200751e-15,0.0,0.11140405290702526,0.9742105719060676,73.48488480836909,63.70001399999999,9.599995645028315,73.4795563259037,65.90477742429005,0.0,1,-5.329070518200751e-15,0.0,0.11140405290702526,0.9742105719060676,73.48488480836909,-63.70001399999998,9.599995645028315,73.4795563259037,-65.90477742429005,0.0,1,-5.329070518200751e-15
4.575,4575000,hold_sit,-8.0,0.0,63.41475328785695,0.9713420698132614,0.0,-0.2376858923261731,0.0,-8.0,0.0,63.41475328785695,35.58569876976196,2.0,0.0,1.1653078329576392,0.020322932515144387,-43.59276259597243,63.70001399999999,9.600292855396532,-43.58569876976219,62.45001576525732,0.0,1,-7.105427357601002e-15,0.0,1.1653078329576214,0.020322934970514073,-43.59276259597208,-63.70001399999998,9.600292855396532,-43.58569876976173,-62.45001576525732,0.0,1,-5.329070518200751e-15,0.0,0.11140405290702526,0.9742105719060676,73.48488480836909,63.70001399999999,9.599995645028315,73.4795563259037,65.90477742429005,0.0,1,-5.329070518200751e-15,0.0,0.11140405290702526,0.9742105719060676,73.48488480836909,-63.70001399999998,9.599995645028315,73.4795563259037,-65.90477742429005,0.0,1,-5.329070518200751e-15
4.583333333333333,4583333,hold_sit,-8.0,0.0,63.41475328785695,0.9713420698132614,0.0,-0.2376858923261731,0.0,-8.0,0.0,63.41475328785695,35.58569876976196,2.0,0.0,1.1653078329576392,0.020322932515144387,-43.59276259597243,63.70001399999999,9.600292855396532,-43.58569876976219,62.45001576525732,0.0,1,-7.105427357601002e-15,0.0,1.1653078329576214,0.020322934970514073,-43.59276259597208,-63.70001399999998,9.600292855396532,-43.58569876976173,-62.45001576525732,0.0,1,-5.329070518200751e-15,0.0,0.11140405290702526,0.9742105719060676,73.48488480836909,63.70001399999999,9.599995645028315,73.4795563259037,65.90477742429005,0.0,1,-5.329070518200751e-15,0.0,0.11140405290702526,0.9742105719060676,73.48488480836909,-63.70001399999998,9.599995645028315,73.4795563259037,-65.90477742429005,0.0,1,-5.329070518200751e-15
4.591666666666667,4591667,hold_sit,-8.0,0.0,63.41475328785695,0.9713420698132614,0.0,-0.2376858923261731,0.0,-8.0,0.0,63.41475328785695,35.58569876976196,2.0,0.0,1.1653078329576392,0.020322932515144387,-43.59276259597243,63.70001399999999,9.600292855396532,-43.58569876976219,62.45001576525732,0.0,1,-7.105427357601002e-15,0.0,1.1653078329576214,0.020322934970514073,-43.59276259597208,-63.70001399999998,9.600292855396532,-43.58569876976173,-62.45001576525732,0.0,1,-5.329070518200751e-15,0.0,0.11140405290702526,0.9742105719060676,73.48488480836909,63.70001399999999,9.599995645028315,73.4795563259037,65.90477742429005,0.0,1,-5.329070518200751e-15,0.0,0.11140405290702526,0.9742105719060676,73.48488480836909,-63.70001399999998,9.599995645028315,73.4795563259037,-65.90477742429005,0.0,1,-5.329070518200751e-15
4.6,4600000,hold_sit,-8.0,0.0,63.41475328785695,0.9713420698132614,0.0,-0.2376858923261731,0.0,-8.0,0.0,63.41475328785695,35.58569876976196,2.0,0.0,1.1653078329576392,0.020322932515144387,-43.59276259597243,63.70001399999999,9.600292855396532,-43.58569876976219,62.45001576525732,0.0,1,-7.105427357601002e-15,0.0,1.1653078329576214,0.020322934970514073,-43.59276259597208,-63.70001399999998,9.600292855396532,-43.58569876976173,-62.45001576525732,0.0,1,-5.329070518200751e-15,0.0,0.11140405290702526,0.9742105719060676,73.48488480836909,63.70001399999999,9.599995645028315,73.4795563259037,65.90477742429005,0.0,1,-5.329070518200751e-15,0.0,0.11140405290702526,0.9742105719060676,73.48488480836909,-63.70001399999998,9.599995645028315,73.4795563259037,-65.90477742429005,0.0,1,-5.329070518200751e-15
4.608333333333333,4608333,hold_sit,-8.0,0.0,63.41475328785695,0.9713420698132614,0.0,-0.2376858923261731,0.0,-8.0,0.0,63.41475328785695,35.58569876976196,2.0,0.0,1.1653078329576392,0.020322932515144387,-43.59276259597243,63.70001399999999,9.600292855396532,-43.58569876976219,62.45001576525732,0.0,1,-7.105427357601002e-15,0.0,1.1653078329576214,0.020322934970514073,-43.59276259597208,-63.70001399999998,9.600292855396532,-43.58569876976173,-62.45001576525732,0.0,1,-5.329070518200751e-15,0.0,0.11140405290702526,0.9742105719060676,73.48488480836909,63.70001399999999,9.599995645028315,73.4795563259037,65.90477742429005,0.0,1,-5.329070518200751e-15,0.0,0.11140405290702526,0.9742105719060676,73.48488480836909,-63.70001399999998,9.599995645028315,73.4795563259037,-65.90477742429005,0.0,1,-5.329070518200751e-15
4.616666666666666,4616667,hold_sit,-8.0,0.0,63.41475328785695,0.9713420698132614,0.0,-0.2376858923261731,0.0,-8.0,0.0,63.41475328785695,35.58569876976196,2.0,0.0,1.1653078329576392,0.020322932515144387,-43.59276259597243,63.70001399999999,9.600292855396532,-43.58569876976219,62.45001576525732,0.0,1,-7.105427357601002e-15,0.0,1.1653078329576214,0.020322934970514073,-43.59276259597208,-63.70001399999998,9.600292855396532,-43.58569876976173,-62.45001576525732,0.0,1,-5.329070518200751e-15,0.0,0.11140405290702526,0.9742105719060676,73.48488480836909,63.70001399999999,9.599995645028315,73.4795563259037,65.90477742429005,0.0,1,-5.329070518200751e-15,0.0,0.11140405290702526,0.9742105719060676,73.48488480836909,-63.70001399999998,9.599995645028315,73.4795563259037,-65.90477742429005,0.0,1,-5.329070518200751e-15
4.625,4625000,hold_sit,-8.0,0.0,63.41475328785695,0.9713420698132614,0.0,-0.2376858923261731,0.0,-8.0,0.0,63.41475328785695,35.58569876976196,2.0,0.0,1.1653078329576392,0.020322932515144387,-43.59276259597243,63.70001399999999,9.600292855396532,-43.58569876976219,62.45001576525732,0.0,1,-7.105427357601002e-15,0.0,1.1653078329576214,0.020322934970514073,-43.59276259597208,-63.70001399999998,9.600292855396532,-43.58569876976173,-62.45001576525732,0.0,1,-5.329070518200751e-15,0.0,0.11140405290702526,0.9742105719060676,73.48488480836909,63.70001399999999,9.599995645028315,73.4795563259037,65.90477742429005,0.0,1,-5.329070518200751e-15,0.0,0.11140405290702526,0.9742105719060676,73.48488480836909,-63.70001399999998,9.599995645028315,73.4795563259037,-65.90477742429005,0.0,1,-5.329070518200751e-15
4.633333333333334,4633333,hold_sit,-8.0,0.0,63.41475328785695,0.9713420698132614,0.0,-0.2376858923261731,0.0,-8.0,0.0,63.41475328785695,35.58569876976196,2.0,0.0,1.1653078329576392,0.020322932515144387,-43.59276259597243,63.70001399999999,9.600292855396532,-43.58569876976219,62.45001576525732,0.0,1,-7.105427357601002e-15,0.0,1.1653078329576214,0.020322934970514073,-43.59276259597208,-63.70001399999998,9.600292855396532,-43.58569876976173,-62.45001576525732,0.0,1,-5.329070518200751e-15,0.0,0.11140405290702526,0.9742105719060676,73.48488480836909,63.70001399999999,9.599995645028315,73.4795563259037,65.90477742429005,0.0,1,-5.329070518200751e-15,0.0,0.11140405290702526,0.9742105719060676,73.48488480836909,-63.70001399999998,9.599995645028315,73.4795563259037,-65.90477742429005,0.0,1,-5.329070518200751e-15
4.641666666666667,4641667,hold_sit,-8.0,0.0,63.41475328785695,0.9713420698132614,0.0,-0.2376858923261731,0.0,-8.0,0.0,63.41475328785695,35.58569876976196,2.0,0.0,1.1653078329576392,0.020322932515144387,-43.59276259597243,63.70001399999999,9.600292855396532,-43.58569876976219,62.45001576525732,0.0,1,-7.105427357601002e-15,0.0,1.1653078329576214,0.020322934970514073,-43.59276259597208,-63.70001399999998,9.600292855396532,-43.58569876976173,-62.45001576525732,0.0,1,-5.329070518200751e-15,0.0,0.11140405290702526,0.9742105719060676,73.48488480836909,63.70001399999999,9.599995645028315,73.4795563259037,65.90477742429005,0.0,1,-5.329070518200751e-15,0.0,0.11140405290702526,0.9742105719060676,73.48488480836909,-63.70001399999998,9.599995645028315,73.4795563259037,-65.90477742429005,0.0,1,-5.329070518200751e-15
4.65,4650000,hold_sit,-8.0,0.0,63.41475328785695,0.9713420698132614,0.0,-0.2376858923261731,0.0,-8.0,0.0,63.41475328785695,35.58569876976196,2.0,0.0,1.1653078329576392,0.020322932515144387,-43.59276259597243,63.70001399999999,9.600292855396532,-43.58569876976219,62.45001576525732,0.0,1,-7.105427357601002e-15,0.0,1.1653078329576214,0.020322934970514073,-43.59276259597208,-63.70001399999998,9.600292855396532,-43.58569876976173,-62.45001576525732,0.0,1,-5.329070518200751e-15,0.0,0.11140405290702526,0.9742105719060676,73.48488480836909,63.70001399999999,9.599995645028315,73.4795563259037,65.90477742429005,0.0,1,-5.329070518200751e-15,0.0,0.11140405290702526,0.9742105719060676,73.48488480836909,-63.70001399999998,9.599995645028315,73.4795563259037,-65.90477742429005,0.0,1,-5.329070518200751e-15
4.658333333333333,4658333,hold_sit,-8.0,0.0,63.41475328785695,0.9713420698132614,0.0,-0.2376858923261731,0.0,-8.0,0.0,63.41475328785695,35.58569876976196,2.0,0.0,1.1653078329576392,0.020322932515144387,-43.59276259597243,63.70001399999999,9.600292855396532,-43.58569876976219,62.45001576525732,0.0,1,-7.105427357601002e-15,0.0,1.1653078329576214,0.020322934970514073,-43.59276259597208,-63.70001399999998,9.600292855396532,-43.58569876976173,-62.45001576525732,0.0,1,-5.329070518200751e-15,0.0,0.11140405290702526,0.9742105719060676,73.48488480836909,63.70001399999999,9.599995645028315,73.4795563259037,65.90477742429005,0.0,1,-5.329070518200751e-15,0.0,0.11140405290702526,0.9742105719060676,73.48488480836909,-63.70001399999998,9.599995645028315,73.4795563259037,-65.90477742429005,0.0,1,-5.329070518200751e-15
4.666666666666667,4666667,hold_sit,-8.0,0.0,63.41475328785695,0.9713420698132614,0.0,-0.2376858923261731,0.0,-8.0,0.0,63.41475328785695,35.58569876976196,2.0,0.0,1.1653078329576392,0.020322932515144387,-43.59276259597243,63.70001399999999,9.600292855396532,-43.58569876976219,62.45001576525732,0.0,1,-7.105427357601002e-15,0.0,1.1653078329576214,0.020322934970514073,-43.59276259597208,-63.70001399999998,9.600292855396532,-43.58569876976173,-62.45001576525732,0.0,1,-5.329070518200751e-15,0.0,0.11140405290702526,0.9742105719060676,73.48488480836909,63.70001399999999,9.599995645028315,73.4795563259037,65.90477742429005,0.0,1,-5.329070518200751e-15,0.0,0.11140405290702526,0.9742105719060676,73.48488480836909,-63.70001399999998,9.599995645028315,73.4795563259037,-65.90477742429005,0.0,1,-5.329070518200751e-15
4.675,4675000,hold_sit,-8.0,0.0,63.41475328785695,0.9713420698132614,0.0,-0.2376858923261731,0.0,-8.0,0.0,63.41475328785695,35.58569876976196,2.0,0.0,1.1653078329576392,0.020322932515144387,-43.59276259597243,63.70001399999999,9.600292855396532,-43.58569876976219,62.45001576525732,0.0,1,-7.105427357601002e-15,0.0,1.1653078329576214,0.020322934970514073,-43.59276259597208,-63.70001399999998,9.600292855396532,-43.58569876976173,-62.45001576525732,0.0,1,-5.329070518200751e-15,0.0,0.11140405290702526,0.9742105719060676,73.48488480836909,63.70001399999999,9.599995645028315,73.4795563259037,65.90477742429005,0.0,1,-5.329070518200751e-15,0.0,0.11140405290702526,0.9742105719060676,73.48488480836909,-63.70001399999998,9.599995645028315,73.4795563259037,-65.90477742429005,0.0,1,-5.329070518200751e-15
4.683333333333334,4683333,hold_sit,-8.0,0.0,63.41475328785695,0.9713420698132614,0.0,-0.2376858923261731,0.0,-8.0,0.0,63.41475328785695,35.58569876976196,2.0,0.0,1.1653078329576392,0.020322932515144387,-43.59276259597243,63.70001399999999,9.600292855396532,-43.58569876976219,62.45001576525732,0.0,1,-7.105427357601002e-15,0.0,1.1653078329576214,0.020322934970514073,-43.59276259597208,-63.70001399999998,9.600292855396532,-43.58569876976173,-62.45001576525732,0.0,1,-5.329070518200751e-15,0.0,0.11140405290702526,0.9742105719060676,73.48488480836909,63.70001399999999,9.599995645028315,73.4795563259037,65.90477742429005,0.0,1,-5.329070518200751e-15,0.0,0.11140405290702526,0.9742105719060676,73.48488480836909,-63.70001399999998,9.599995645028315,73.4795563259037,-65.90477742429005,0.0,1,-5.329070518200751e-15
4.691666666666666,4691667,hold_sit,-8.0,0.0,63.41475328785695,0.9713420698132614,0.0,-0.2376858923261731,0.0,-8.0,0.0,63.41475328785695,35.58569876976196,2.0,0.0,1.1653078329576392,0.020322932515144387,-43.59276259597243,63.70001399999999,9.600292855396532,-43.58569876976219,62.45001576525732,0.0,1,-7.105427357601002e-15,0.0,1.1653078329576214,0.020322934970514073,-43.59276259597208,-63.70001399999998,9.600292855396532,-43.58569876976173,-62.45001576525732,0.0,1,-5.329070518200751e-15,0.0,0.11140405290702526,0.9742105719060676,73.48488480836909,63.70001399999999,9.599995645028315,73.4795563259037,65.90477742429005,0.0,1,-5.329070518200751e-15,0.0,0.11140405290702526,0.9742105719060676,73.48488480836909,-63.70001399999998,9.599995645028315,73.4795563259037,-65.90477742429005,0.0,1,-5.329070518200751e-15
4.7,4700000,hold_sit,-8.0,0.0,63.41475328785695,0.9713420698132614,0.0,-0.2376858923261731,0.0,-8.0,0.0,63.41475328785695,35.58569876976196,2.0,0.0,1.1653078329576392,0.020322932515144387,-43.59276259597243,63.70001399999999,9.600292855396532,-43.58569876976219,62.45001576525732,0.0,1,-7.105427357601002e-15,0.0,1.1653078329576214,0.020322934970514073,-43.59276259597208,-63.70001399999998,9.600292855396532,-43.58569876976173,-62.45001576525732,0.0,1,-5.329070518200751e-15,0.0,0.11140405290702526,0.9742105719060676,73.48488480836909,63.70001399999999,9.599995645028315,73.4795563259037,65.90477742429005,0.0,1,-5.329070518200751e-15,0.0,0.11140405290702526,0.9742105719060676,73.48488480836909,-63.70001399999998,9.599995645028315,73.4795563259037,-65.90477742429005,0.0,1,-5.329070518200751e-15
4.708333333333333,4708333,hold_sit,-8.0,0.0,63.41475328785695,0.9713420698132614,0.0,-0.2376858923261731,0.0,-8.0,0.0,63.41475328785695,35.58569876976196,2.0,0.0,1.1653078329576392,0.020322932515144387,-43.59276259597243,63.70001399999999,9.600292855396532,-43.58569876976219,62.45001576525732,0.0,1,-7.105427357601002e-15,0.0,1.1653078329576214,0.020322934970514073,-43.59276259597208,-63.70001399999998,9.600292855396532,-43.58569876976173,-62.45001576525732,0.0,1,-5.329070518200751e-15,0.0,0.11140405290702526,0.9742105719060676,73.48488480836909,63.70001399999999,9.599995645028315,73.4795563259037,65.90477742429005,0.0,1,-5.329070518200751e-15,0.0,0.11140405290702526,0.9742105719060676,73.48488480836909,-63.70001399999998,9.599995645028315,73.4795563259037,-65.90477742429005,0.0,1,-5.329070518200751e-15
4.716666666666667,4716667,hold_sit,-8.0,0.0,63.41475328785695,0.9713420698132614,0.0,-0.2376858923261731,0.0,-8.0,0.0,63.41475328785695,35.58569876976196,2.0,0.0,1.1653078329576392,0.020322932515144387,-43.59276259597243,63.70001399999999,9.600292855396532,-43.58569876976219,62.45001576525732,0.0,1,-7.105427357601002e-15,0.0,1.1653078329576214,0.020322934970514073,-43.59276259597208,-63.70001399999998,9.600292855396532,-43.58569876976173,-62.45001576525732,0.0,1,-5.329070518200751e-15,0.0,0.11140405290702526,0.9742105719060676,73.48488480836909,63.70001399999999,9.599995645028315,73.4795563259037,65.90477742429005,0.0,1,-5.329070518200751e-15,0.0,0.11140405290702526,0.9742105719060676,73.48488480836909,-63.70001399999998,9.599995645028315,73.4795563259037,-65.90477742429005,0.0,1,-5.329070518200751e-15
4.725,4725000,hold_sit,-8.0,0.0,63.41475328785695,0.9713420698132614,0.0,-0.2376858923261731,0.0,-8.0,0.0,63.41475328785695,35.58569876976196,2.0,0.0,1.1653078329576392,0.020322932515144387,-43.59276259597243,63.70001399999999,9.600292855396532,-43.58569876976219,62.45001576525732,0.0,1,-7.105427357601002e-15,0.0,1.1653078329576214,0.020322934970514073,-43.59276259597208,-63.70001399999998,9.600292855396532,-43.58569876976173,-62.45001576525732,0.0,1,-5.329070518200751e-15,0.0,0.11140405290702526,0.9742105719060676,73.48488480836909,63.70001399999999,9.599995645028315,73.4795563259037,65.90477742429005,0.0,1,-5.329070518200751e-15,0.0,0.11140405290702526,0.9742105719060676,73.48488480836909,-63.70001399999998,9.599995645028315,73.4795563259037,-65.90477742429005,0.0,1,-5.329070518200751e-15
4.733333333333333,4733333,hold_sit,-8.0,0.0,63.41475328785695,0.9713420698132614,0.0,-0.2376858923261731,0.0,-8.0,0.0,63.41475328785695,35.58569876976196,2.0,0.0,1.1653078329576392,0.020322932515144387,-43.59276259597243,63.70001399999999,9.600292855396532,-43.58569876976219,62.45001576525732,0.0,1,-7.105427357601002e-15,0.0,1.1653078329576214,0.020322934970514073,-43.59276259597208,-63.70001399999998,9.600292855396532,-43.58569876976173,-62.45001576525732,0.0,1,-5.329070518200751e-15,0.0,0.11140405290702526,0.9742105719060676,73.48488480836909,63.70001399999999,9.599995645028315,73.4795563259037,65.90477742429005,0.0,1,-5.329070518200751e-15,0.0,0.11140405290702526,0.9742105719060676,73.48488480836909,-63.70001399999998,9.599995645028315,73.4795563259037,-65.90477742429005,0.0,1,-5.329070518200751e-15
4.741666666666666,4741667,hold_sit,-8.0,0.0,63.41475328785695,0.9713420698132614,0.0,-0.2376858923261731,0.0,-8.0,0.0,63.41475328785695,35.58569876976196,2.0,0.0,1.1653078329576392,0.020322932515144387,-43.59276259597243,63.70001399999999,9.600292855396532,-43.58569876976219,62.45001576525732,0.0,1,-7.105427357601002e-15,0.0,1.1653078329576214,0.020322934970514073,-43.59276259597208,-63.70001399999998,9.600292855396532,-43.58569876976173,-62.45001576525732,0.0,1,-5.329070518200751e-15,0.0,0.11140405290702526,0.9742105719060676,73.48488480836909,63.70001399999999,9.599995645028315,73.4795563259037,65.90477742429005,0.0,1,-5.329070518200751e-15,0.0,0.11140405290702526,0.9742105719060676,73.48488480836909,-63.70001399999998,9.599995645028315,73.4795563259037,-65.90477742429005,0.0,1,-5.329070518200751e-15
4.75,4750000,hold_sit,-8.0,0.0,63.41475328785695,0.9713420698132614,0.0,-0.2376858923261731,0.0,-8.0,0.0,63.41475328785695,35.58569876976196,2.0,0.0,1.1653078329576392,0.020322932515144387,-43.59276259597243,63.70001399999999,9.600292855396532,-43.58569876976219,62.45001576525732,0.0,1,-7.105427357601002e-15,0.0,1.1653078329576214,0.020322934970514073,-43.59276259597208,-63.70001399999998,9.600292855396532,-43.58569876976173,-62.45001576525732,0.0,1,-5.329070518200751e-15,0.0,0.11140405290702526,0.9742105719060676,73.48488480836909,63.70001399999999,9.599995645028315,73.4795563259037,65.90477742429005,0.0,1,-5.329070518200751e-15,0.0,0.11140405290702526,0.9742105719060676,73.48488480836909,-63.70001399999998,9.599995645028315,73.4795563259037,-65.90477742429005,0.0,1,-5.329070518200751e-15
4.758333333333334,4758333,hold_sit,-8.0,0.0,63.41475328785695,0.9713420698132614,0.0,-0.2376858923261731,0.0,-8.0,0.0,63.41475328785695,35.58569876976196,2.0,0.0,1.1653078329576392,0.020322932515144387,-43.59276259597243,63.70001399999999,9.600292855396532,-43.58569876976219,62.45001576525732,0.0,1,-7.105427357601002e-15,0.0,1.1653078329576214,0.020322934970514073,-43.59276259597208,-63.70001399999998,9.600292855396532,-43.58569876976173,-62.45001576525732,0.0,1,-5.329070518200751e-15,0.0,0.11140405290702526,0.9742105719060676,73.48488480836909,63.70001399999999,9.599995645028315,73.4795563259037,65.90477742429005,0.0,1,-5.329070518200751e-15,0.0,0.11140405290702526,0.9742105719060676,73.48488480836909,-63.70001399999998,9.599995645028315,73.4795563259037,-65.90477742429005,0.0,1,-5.329070518200751e-15
4.766666666666667,4766667,hold_sit,-8.0,0.0,63.41475328785695,0.9713420698132614,0.0,-0.2376858923261731,0.0,-8.0,0.0,63.41475328785695,35.58569876976196,2.0,0.0,1.1653078329576392,0.020322932515144387,-43.59276259597243,63.70001399999999,9.600292855396532,-43.58569876976219,62.45001576525732,0.0,1,-7.105427357601002e-15,0.0,1.1653078329576214,0.020322934970514073,-43.59276259597208,-63.70001399999998,9.600292855396532,-43.58569876976173,-62.45001576525732,0.0,1,-5.329070518200751e-15,0.0,0.11140405290702526,0.9742105719060676,73.48488480836909,63.70001399999999,9.599995645028315,73.4795563259037,65.90477742429005,0.0,1,-5.329070518200751e-15,0.0,0.11140405290702526,0.9742105719060676,73.48488480836909,-63.70001399999998,9.599995645028315,73.4795563259037,-65.90477742429005,0.0,1,-5.329070518200751e-15
4.775,4775000,hold_sit,-8.0,0.0,63.41475328785695,0.9713420698132614,0.0,-0.2376858923261731,0.0,-8.0,0.0,63.41475328785695,35.58569876976196,2.0,0.0,1.1653078329576392,0.020322932515144387,-43.59276259597243,63.70001399999999,9.600292855396532,-43.58569876976219,62.45001576525732,0.0,1,-7.105427357601002e-15,0.0,1.1653078329576214,0.020322934970514073,-43.59276259597208,-63.70001399999998,9.600292855396532,-43.58569876976173,-62.45001576525732,0.0,1,-5.329070518200751e-15,0.0,0.11140405290702526,0.9742105719060676,73.48488480836909,63.70001399999999,9.599995645028315,73.4795563259037,65.90477742429005,0.0,1,-5.329070518200751e-15,0.0,0.11140405290702526,0.9742105719060676,73.48488480836909,-63.70001399999998,9.599995645028315,73.4795563259037,-65.90477742429005,0.0,1,-5.329070518200751e-15
4.783333333333333,4783333,hold_sit,-8.0,0.0,63.41475328785695,0.9713420698132614,0.0,-0.2376858923261731,0.0,-8.0,0.0,63.41475328785695,35.58569876976196,2.0,0.0,1.1653078329576392,0.020322932515144387,-43.59276259597243,63.70001399999999,9.600292855396532,-43.58569876976219,62.45001576525732,0.0,1,-7.105427357601002e-15,0.0,1.1653078329576214,0.020322934970514073,-43.59276259597208,-63.70001399999998,9.600292855396532,-43.58569876976173,-62.45001576525732,0.0,1,-5.329070518200751e-15,0.0,0.11140405290702526,0.9742105719060676,73.48488480836909,63.70001399999999,9.599995645028315,73.4795563259037,65.90477742429005,0.0,1,-5.329070518200751e-15,0.0,0.11140405290702526,0.9742105719060676,73.48488480836909,-63.70001399999998,9.599995645028315,73.4795563259037,-65.90477742429005,0.0,1,-5.329070518200751e-15
4.791666666666667,4791667,hold_sit,-8.0,0.0,63.41475328785695,0.9713420698132614,0.0,-0.2376858923261731,0.0,-8.0,0.0,63.41475328785695,35.58569876976196,2.0,0.0,1.1653078329576392,0.020322932515144387,-43.59276259597243,63.70001399999999,9.600292855396532,-43.58569876976219,62.45001576525732,0.0,1,-7.105427357601002e-15,0.0,1.1653078329576214,0.020322934970514073,-43.59276259597208,-63.70001399999998,9.600292855396532,-43.58569876976173,-62.45001576525732,0.0,1,-5.329070518200751e-15,0.0,0.11140405290702526,0.9742105719060676,73.48488480836909,63.70001399999999,9.599995645028315,73.4795563259037,65.90477742429005,0.0,1,-5.329070518200751e-15,0.0,0.11140405290702526,0.9742105719060676,73.48488480836909,-63.70001399999998,9.599995645028315,73.4795563259037,-65.90477742429005,0.0,1,-5.329070518200751e-15
4.8,4800000,hold_sit,-8.0,0.0,63.41475328785695,0.9713420698132614,0.0,-0.2376858923261731,0.0,-8.0,0.0,63.41475328785695,35.58569876976196,2.0,0.0,1.1653078329576392,0.020322932515144387,-43.59276259597243,63.70001399999999,9.600292855396532,-43.58569876976219,62.45001576525732,0.0,1,-7.105427357601002e-15,0.0,1.1653078329576214,0.020322934970514073,-43.59276259597208,-63.70001399999998,9.600292855396532,-43.58569876976173,-62.45001576525732,0.0,1,-5.329070518200751e-15,0.0,0.11140405290702526,0.9742105719060676,73.48488480836909,63.70001399999999,9.599995645028315,73.4795563259037,65.90477742429005,0.0,1,-5.329070518200751e-15,0.0,0.11140405290702526,0.9742105719060676,73.48488480836909,-63.70001399999998,9.599995645028315,73.4795563259037,-65.90477742429005,0.0,1,-5.329070518200751e-15
4.808333333333334,4808333,hold_sit,-8.0,0.0,63.41475328785695,0.9713420698132614,0.0,-0.2376858923261731,0.0,-8.0,0.0,63.41475328785695,35.58569876976196,2.0,0.0,1.1653078329576392,0.020322932515144387,-43.59276259597243,63.70001399999999,9.600292855396532,-43.58569876976219,62.45001576525732,0.0,1,-7.105427357601002e-15,0.0,1.1653078329576214,0.020322934970514073,-43.59276259597208,-63.70001399999998,9.600292855396532,-43.58569876976173,-62.45001576525732,0.0,1,-5.329070518200751e-15,0.0,0.11140405290702526,0.9742105719060676,73.48488480836909,63.70001399999999,9.599995645028315,73.4795563259037,65.90477742429005,0.0,1,-5.329070518200751e-15,0.0,0.11140405290702526,0.9742105719060676,73.48488480836909,-63.70001399999998,9.599995645028315,73.4795563259037,-65.90477742429005,0.0,1,-5.329070518200751e-15
4.816666666666666,4816667,hold_sit,-8.0,0.0,63.41475328785695,0.9713420698132614,0.0,-0.2376858923261731,0.0,-8.0,0.0,63.41475328785695,35.58569876976196,2.0,0.0,1.1653078329576392,0.020322932515144387,-43.59276259597243,63.70001399999999,9.600292855396532,-43.58569876976219,62.45001576525732,0.0,1,-7.105427357601002e-15,0.0,1.1653078329576214,0.020322934970514073,-43.59276259597208,-63.70001399999998,9.600292855396532,-43.58569876976173,-62.45001576525732,0.0,1,-5.329070518200751e-15,0.0,0.11140405290702526,0.9742105719060676,73.48488480836909,63.70001399999999,9.599995645028315,73.4795563259037,65.90477742429005,0.0,1,-5.329070518200751e-15,0.0,0.11140405290702526,0.9742105719060676,73.48488480836909,-63.70001399999998,9.599995645028315,73.4795563259037,-65.90477742429005,0.0,1,-5.329070518200751e-15
4.825,4825000,hold_sit,-8.0,0.0,63.41475328785695,0.9713420698132614,0.0,-0.2376858923261731,0.0,-8.0,0.0,63.41475328785695,35.58569876976196,2.0,0.0,1.1653078329576392,0.020322932515144387,-43.59276259597243,63.70001399999999,9.600292855396532,-43.58569876976219,62.45001576525732,0.0,1,-7.105427357601002e-15,0.0,1.1653078329576214,0.020322934970514073,-43.59276259597208,-63.70001399999998,9.600292855396532,-43.58569876976173,-62.45001576525732,0.0,1,-5.329070518200751e-15,0.0,0.11140405290702526,0.9742105719060676,73.48488480836909,63.70001399999999,9.599995645028315,73.4795563259037,65.90477742429005,0.0,1,-5.329070518200751e-15,0.0,0.11140405290702526,0.9742105719060676,73.48488480836909,-63.70001399999998,9.599995645028315,73.4795563259037,-65.90477742429005,0.0,1,-5.329070518200751e-15
4.833333333333333,4833333,hold_sit,-8.0,0.0,63.41475328785695,0.9713420698132614,0.0,-0.2376858923261731,0.0,-8.0,0.0,63.41475328785695,35.58569876976196,2.0,0.0,1.1653078329576392,0.020322932515144387,-43.59276259597243,63.70001399999999,9.600292855396532,-43.58569876976219,62.45001576525732,0.0,1,-7.105427357601002e-15,0.0,1.1653078329576214,0.020322934970514073,-43.59276259597208,-63.70001399999998,9.600292855396532,-43.58569876976173,-62.45001576525732,0.0,1,-5.329070518200751e-15,0.0,0.11140405290702526,0.9742105719060676,73.48488480836909,63.70001399999999,9.599995645028315,73.4795563259037,65.90477742429005,0.0,1,-5.329070518200751e-15,0.0,0.11140405290702526,0.9742105719060676,73.48488480836909,-63.70001399999998,9.599995645028315,73.4795563259037,-65.90477742429005,0.0,1,-5.329070518200751e-15
4.841666666666667,4841667,hold_sit,-8.0,0.0,63.41475328785695,0.9713420698132614,0.0,-0.2376858923261731,0.0,-8.0,0.0,63.41475328785695,35.58569876976196,2.0,0.0,1.1653078329576392,0.020322932515144387,-43.59276259597243,63.70001399999999,9.600292855396532,-43.58569876976219,62.45001576525732,0.0,1,-7.105427357601002e-15,0.0,1.1653078329576214,0.020322934970514073,-43.59276259597208,-63.70001399999998,9.600292855396532,-43.58569876976173,-62.45001576525732,0.0,1,-5.329070518200751e-15,0.0,0.11140405290702526,0.9742105719060676,73.48488480836909,63.70001399999999,9.599995645028315,73.4795563259037,65.90477742429005,0.0,1,-5.329070518200751e-15,0.0,0.11140405290702526,0.9742105719060676,73.48488480836909,-63.70001399999998,9.599995645028315,73.4795563259037,-65.90477742429005,0.0,1,-5.329070518200751e-15
4.85,4850000,hold_sit,-8.0,0.0,63.41475328785695,0.9713420698132614,0.0,-0.2376858923261731,0.0,-8.0,0.0,63.41475328785695,35.58569876976196,2.0,0.0,1.1653078329576392,0.020322932515144387,-43.59276259597243,63.70001399999999,9.600292855396532,-43.58569876976219,62.45001576525732,0.0,1,-7.105427357601002e-15,0.0,1.1653078329576214,0.020322934970514073,-43.59276259597208,-63.70001399999998,9.600292855396532,-43.58569876976173,-62.45001576525732,0.0,1,-5.329070518200751e-15,0.0,0.11140405290702526,0.9742105719060676,73.48488480836909,63.70001399999999,9.599995645028315,73.4795563259037,65.90477742429005,0.0,1,-5.329070518200751e-15,0.0,0.11140405290702526,0.9742105719060676,73.48488480836909,-63.70001399999998,9.599995645028315,73.4795563259037,-65.90477742429005,0.0,1,-5.329070518200751e-15
4.858333333333333,4858333,hold_sit,-8.0,0.0,63.41475328785695,0.9713420698132614,0.0,-0.2376858923261731,0.0,-8.0,0.0,63.41475328785695,35.58569876976196,2.0,0.0,1.1653078329576392,0.020322932515144387,-43.59276259597243,63.70001399999999,9.600292855396532,-43.58569876976219,62.45001576525732,0.0,1,-7.105427357601002e-15,0.0,1.1653078329576214,0.020322934970514073,-43.59276259597208,-63.70001399999998,9.600292855396532,-43.58569876976173,-62.45001576525732,0.0,1,-5.329070518200751e-15,0.0,0.11140405290702526,0.9742105719060676,73.48488480836909,63.70001399999999,9.599995645028315,73.4795563259037,65.90477742429005,0.0,1,-5.329070518200751e-15,0.0,0.11140405290702526,0.9742105719060676,73.48488480836909,-63.70001399999998,9.599995645028315,73.4795563259037,-65.90477742429005,0.0,1,-5.329070518200751e-15
4.866666666666666,4866667,hold_sit,-8.0,0.0,63.41475328785695,0.9713420698132614,0.0,-0.2376858923261731,0.0,-8.0,0.0,63.41475328785695,35.58569876976196,2.0,0.0,1.1653078329576392,0.020322932515144387,-43.59276259597243,63.70001399999999,9.600292855396532,-43.58569876976219,62.45001576525732,0.0,1,-7.105427357601002e-15,0.0,1.1653078329576214,0.020322934970514073,-43.59276259597208,-63.70001399999998,9.600292855396532,-43.58569876976173,-62.45001576525732,0.0,1,-5.329070518200751e-15,0.0,0.11140405290702526,0.9742105719060676,73.48488480836909,63.70001399999999,9.599995645028315,73.4795563259037,65.90477742429005,0.0,1,-5.329070518200751e-15,0.0,0.11140405290702526,0.9742105719060676,73.48488480836909,-63.70001399999998,9.599995645028315,73.4795563259037,-65.90477742429005,0.0,1,-5.329070518200751e-15
4.875,4875000,hold_sit,-8.0,0.0,63.41475328785695,0.9713420698132614,0.0,-0.2376858923261731,0.0,-8.0,0.0,63.41475328785695,35.58569876976196,2.0,0.0,1.1653078329576392,0.020322932515144387,-43.59276259597243,63.70001399999999,9.600292855396532,-43.58569876976219,62.45001576525732,0.0,1,-7.105427357601002e-15,0.0,1.1653078329576214,0.020322934970514073,-43.59276259597208,-63.70001399999998,9.600292855396532,-43.58569876976173,-62.45001576525732,0.0,1,-5.329070518200751e-15,0.0,0.11140405290702526,0.9742105719060676,73.48488480836909,63.70001399999999,9.599995645028315,73.4795563259037,65.90477742429005,0.0,1,-5.329070518200751e-15,0.0,0.11140405290702526,0.9742105719060676,73.48488480836909,-63.70001399999998,9.599995645028315,73.4795563259037,-65.90477742429005,0.0,1,-5.329070518200751e-15
4.883333333333334,4883333,hold_sit,-8.0,0.0,63.41475328785695,0.9713420698132614,0.0,-0.2376858923261731,0.0,-8.0,0.0,63.41475328785695,35.58569876976196,2.0,0.0,1.1653078329576392,0.020322932515144387,-43.59276259597243,63.70001399999999,9.600292855396532,-43.58569876976219,62.45001576525732,0.0,1,-7.105427357601002e-15,0.0,1.1653078329576214,0.020322934970514073,-43.59276259597208,-63.70001399999998,9.600292855396532,-43.58569876976173,-62.45001576525732,0.0,1,-5.329070518200751e-15,0.0,0.11140405290702526,0.9742105719060676,73.48488480836909,63.70001399999999,9.599995645028315,73.4795563259037,65.90477742429005,0.0,1,-5.329070518200751e-15,0.0,0.11140405290702526,0.9742105719060676,73.48488480836909,-63.70001399999998,9.599995645028315,73.4795563259037,-65.90477742429005,0.0,1,-5.329070518200751e-15
4.891666666666667,4891667,hold_sit,-8.0,0.0,63.41475328785695,0.9713420698132614,0.0,-0.2376858923261731,0.0,-8.0,0.0,63.41475328785695,35.58569876976196,2.0,0.0,1.1653078329576392,0.020322932515144387,-43.59276259597243,63.70001399999999,9.600292855396532,-43.58569876976219,62.45001576525732,0.0,1,-7.105427357601002e-15,0.0,1.1653078329576214,0.020322934970514073,-43.59276259597208,-63.70001399999998,9.600292855396532,-43.58569876976173,-62.45001576525732,0.0,1,-5.329070518200751e-15,0.0,0.11140405290702526,0.9742105719060676,73.48488480836909,63.70001399999999,9.599995645028315,73.4795563259037,65.90477742429005,0.0,1,-5.329070518200751e-15,0.0,0.11140405290702526,0.9742105719060676,73.48488480836909,-63.70001399999998,9.599995645028315,73.4795563259037,-65.90477742429005,0.0,1,-5.329070518200751e-15
4.9,4900000,hold_sit,-8.0,0.0,63.41475328785695,0.9713420698132614,0.0,-0.2376858923261731,0.0,-8.0,0.0,63.41475328785695,35.58569876976196,2.0,0.0,1.1653078329576392,0.020322932515144387,-43.59276259597243,63.70001399999999,9.600292855396532,-43.58569876976219,62.45001576525732,0.0,1,-7.105427357601002e-15,0.0,1.1653078329576214,0.020322934970514073,-43.59276259597208,-63.70001399999998,9.600292855396532,-43.58569876976173,-62.45001576525732,0.0,1,-5.329070518200751e-15,0.0,0.11140405290702526,0.9742105719060676,73.48488480836909,63.70001399999999,9.599995645028315,73.4795563259037,65.90477742429005,0.0,1,-5.329070518200751e-15,0.0,0.11140405290702526,0.9742105719060676,73.48488480836909,-63.70001399999998,9.599995645028315,73.4795563259037,-65.90477742429005,0.0,1,-5.329070518200751e-15
4.908333333333333,4908333,hold_sit,-8.0,0.0,63.41475328785695,0.9713420698132614,0.0,-0.2376858923261731,0.0,-8.0,0.0,63.41475328785695,35.58569876976196,2.0,0.0,1.1653078329576392,0.020322932515144387,-43.59276259597243,63.70001399999999,9.600292855396532,-43.58569876976219,62.45001576525732,0.0,1,-7.105427357601002e-15,0.0,1.1653078329576214,0.020322934970514073,-43.59276259597208,-63.70001399999998,9.600292855396532,-43.58569876976173,-62.45001576525732,0.0,1,-5.329070518200751e-15,0.0,0.11140405290702526,0.9742105719060676,73.48488480836909,63.70001399999999,9.599995645028315,73.4795563259037,65.90477742429005,0.0,1,-5.329070518200751e-15,0.0,0.11140405290702526,0.9742105719060676,73.48488480836909,-63.70001399999998,9.599995645028315,73.4795563259037,-65.90477742429005,0.0,1,-5.329070518200751e-15
4.916666666666667,4916667,hold_sit,-8.0,0.0,63.41475328785695,0.9713420698132614,0.0,-0.2376858923261731,0.0,-8.0,0.0,63.41475328785695,35.58569876976196,2.0,0.0,1.1653078329576392,0.020322932515144387,-43.59276259597243,63.70001399999999,9.600292855396532,-43.58569876976219,62.45001576525732,0.0,1,-7.105427357601002e-15,0.0,1.1653078329576214,0.020322934970514073,-43.59276259597208,-63.70001399999998,9.600292855396532,-43.58569876976173,-62.45001576525732,0.0,1,-5.329070518200751e-15,0.0,0.11140405290702526,0.9742105719060676,73.48488480836909,63.70001399999999,9.599995645028315,73.4795563259037,65.90477742429005,0.0,1,-5.329070518200751e-15,0.0,0.11140405290702526,0.9742105719060676,73.48488480836909,-63.70001399999998,9.599995645028315,73.4795563259037,-65.90477742429005,0.0,1,-5.329070518200751e-15
4.925,4925000,hold_sit,-8.0,0.0,63.41475328785695,0.9713420698132614,0.0,-0.2376858923261731,0.0,-8.0,0.0,63.41475328785695,35.58569876976196,2.0,0.0,1.1653078329576392,0.020322932515144387,-43.59276259597243,63.70001399999999,9.600292855396532,-43.58569876976219,62.45001576525732,0.0,1,-7.105427357601002e-15,0.0,1.1653078329576214,0.020322934970514073,-43.59276259597208,-63.70001399999998,9.600292855396532,-43.58569876976173,-62.45001576525732,0.0,1,-5.329070518200751e-15,0.0,0.11140405290702526,0.9742105719060676,73.48488480836909,63.70001399999999,9.599995645028315,73.4795563259037,65.90477742429005,0.0,1,-5.329070518200751e-15,0.0,0.11140405290702526,0.9742105719060676,73.48488480836909,-63.70001399999998,9.599995645028315,73.4795563259037,-65.90477742429005,0.0,1,-5.329070518200751e-15
4.933333333333334,4933333,hold_sit,-8.0,0.0,63.41475328785695,0.9713420698132614,0.0,-0.2376858923261731,0.0,-8.0,0.0,63.41475328785695,35.58569876976196,2.0,0.0,1.1653078329576392,0.020322932515144387,-43.59276259597243,63.70001399999999,9.600292855396532,-43.58569876976219,62.45001576525732,0.0,1,-7.105427357601002e-15,0.0,1.1653078329576214,0.020322934970514073,-43.59276259597208,-63.70001399999998,9.600292855396532,-43.58569876976173,-62.45001576525732,0.0,1,-5.329070518200751e-15,0.0,0.11140405290702526,0.9742105719060676,73.48488480836909,63.70001399999999,9.599995645028315,73.4795563259037,65.90477742429005,0.0,1,-5.329070518200751e-15,0.0,0.11140405290702526,0.9742105719060676,73.48488480836909,-63.70001399999998,9.599995645028315,73.4795563259037,-65.90477742429005,0.0,1,-5.329070518200751e-15
4.941666666666666,4941667,hold_sit,-8.0,0.0,63.41475328785695,0.9713420698132614,0.0,-0.2376858923261731,0.0,-8.0,0.0,63.41475328785695,35.58569876976196,2.0,0.0,1.1653078329576392,0.020322932515144387,-43.59276259597243,63.70001399999999,9.600292855396532,-43.58569876976219,62.45001576525732,0.0,1,-7.105427357601002e-15,0.0,1.1653078329576214,0.020322934970514073,-43.59276259597208,-63.70001399999998,9.600292855396532,-43.58569876976173,-62.45001576525732,0.0,1,-5.329070518200751e-15,0.0,0.11140405290702526,0.9742105719060676,73.48488480836909,63.70001399999999,9.599995645028315,73.4795563259037,65.90477742429005,0.0,1,-5.329070518200751e-15,0.0,0.11140405290702526,0.9742105719060676,73.48488480836909,-63.70001399999998,9.599995645028315,73.4795563259037,-65.90477742429005,0.0,1,-5.329070518200751e-15
4.95,4950000,hold_sit,-8.0,0.0,63.41475328785695,0.9713420698132614,0.0,-0.2376858923261731,0.0,-8.0,0.0,63.41475328785695,35.58569876976196,2.0,0.0,1.1653078329576392,0.020322932515144387,-43.59276259597243,63.70001399999999,9.600292855396532,-43.58569876976219,62.45001576525732,0.0,1,-7.105427357601002e-15,0.0,1.1653078329576214,0.020322934970514073,-43.59276259597208,-63.70001399999998,9.600292855396532,-43.58569876976173,-62.45001576525732,0.0,1,-5.329070518200751e-15,0.0,0.11140405290702526,0.9742105719060676,73.48488480836909,63.70001399999999,9.599995645028315,73.4795563259037,65.90477742429005,0.0,1,-5.329070518200751e-15,0.0,0.11140405290702526,0.9742105719060676,73.48488480836909,-63.70001399999998,9.599995645028315,73.4795563259037,-65.90477742429005,0.0,1,-5.329070518200751e-15
4.958333333333333,4958333,hold_sit,-8.0,0.0,63.41475328785695,0.9713420698132614,0.0,-0.2376858923261731,0.0,-8.0,0.0,63.41475328785695,35.58569876976196,2.0,0.0,1.1653078329576392,0.020322932515144387,-43.59276259597243,63.70001399999999,9.600292855396532,-43.58569876976219,62.45001576525732,0.0,1,-7.105427357601002e-15,0.0,1.1653078329576214,0.020322934970514073,-43.59276259597208,-63.70001399999998,9.600292855396532,-43.58569876976173,-62.45001576525732,0.0,1,-5.329070518200751e-15,0.0,0.11140405290702526,0.9742105719060676,73.48488480836909,63.70001399999999,9.599995645028315,73.4795563259037,65.90477742429005,0.0,1,-5.329070518200751e-15,0.0,0.11140405290702526,0.9742105719060676,73.48488480836909,-63.70001399999998,9.599995645028315,73.4795563259037,-65.90477742429005,0.0,1,-5.329070518200751e-15
4.966666666666667,4966667,hold_sit,-8.0,0.0,63.41475328785695,0.9713420698132614,0.0,-0.2376858923261731,0.0,-8.0,0.0,63.41475328785695,35.58569876976196,2.0,0.0,1.1653078329576392,0.020322932515144387,-43.59276259597243,63.70001399999999,9.600292855396532,-43.58569876976219,62.45001576525732,0.0,1,-7.105427357601002e-15,0.0,1.1653078329576214,0.020322934970514073,-43.59276259597208,-63.70001399999998,9.600292855396532,-43.58569876976173,-62.45001576525732,0.0,1,-5.329070518200751e-15,0.0,0.11140405290702526,0.9742105719060676,73.48488480836909,63.70001399999999,9.599995645028315,73.4795563259037,65.90477742429005,0.0,1,-5.329070518200751e-15,0.0,0.11140405290702526,0.9742105719060676,73.48488480836909,-63.70001399999998,9.599995645028315,73.4795563259037,-65.90477742429005,0.0,1,-5.329070518200751e-15
4.975,4975000,hold_sit,-8.0,0.0,63.41475328785695,0.9713420698132614,0.0,-0.2376858923261731,0.0,-8.0,0.0,63.41475328785695,35.58569876976196,2.0,0.0,1.1653078329576392,0.020322932515144387,-43.59276259597243,63.70001399999999,9.600292855396532,-43.58569876976219,62.45001576525732,0.0,1,-7.105427357601002e-15,0.0,1.1653078329576214,0.020322934970514073,-43.59276259597208,-63.70001399999998,9.600292855396532,-43.58569876976173,-62.45001576525732,0.0,1,-5.329070518200751e-15,0.0,0.11140405290702526,0.9742105719060676,73.48488480836909,63.70001399999999,9.599995645028315,73.4795563259037,65.90477742429005,0.0,1,-5.329070518200751e-15,0.0,0.11140405290702526,0.9742105719060676,73.48488480836909,-63.70001399999998,9.599995645028315,73.4795563259037,-65.90477742429005,0.0,1,-5.329070518200751e-15
4.983333333333333,4983333,hold_sit,-8.0,0.0,63.41475328785695,0.9713420698132614,0.0,-0.2376858923261731,0.0,-8.0,0.0,63.41475328785695,35.58569876976196,2.0,0.0,1.1653078329576392,0.020322932515144387,-43.59276259597243,63.70001399999999,9.600292855396532,-43.58569876976219,62.45001576525732,0.0,1,-7.105427357601002e-15,0.0,1.1653078329576214,0.020322934970514073,-43.59276259597208,-63.70001399999998,9.600292855396532,-43.58569876976173,-62.45001576525732,0.0,1,-5.329070518200751e-15,0.0,0.11140405290702526,0.9742105719060676,73.48488480836909,63.70001399999999,9.599995645028315,73.4795563259037,65.90477742429005,0.0,1,-5.329070518200751e-15,0.0,0.11140405290702526,0.9742105719060676,73.48488480836909,-63.70001399999998,9.599995645028315,73.4795563259037,-65.90477742429005,0.0,1,-5.329070518200751e-15
4.991666666666666,4991667,hold_sit,-8.0,0.0,63.41475328785695,0.9713420698132614,0.0,-0.2376858923261731,0.0,-8.0,0.0,63.41475328785695,35.58569876976196,2.0,0.0,1.1653078329576392,0.020322932515144387,-43.59276259597243,63.70001399999999,9.600292855396532,-43.58569876976219,62.45001576525732,0.0,1,-7.105427357601002e-15,0.0,1.1653078329576214,0.020322934970514073,-43.59276259597208,-63.70001399999998,9.600292855396532,-43.58569876976173,-62.45001576525732,0.0,1,-5.329070518200751e-15,0.0,0.11140405290702526,0.9742105719060676,73.48488480836909,63.70001399999999,9.599995645028315,73.4795563259037,65.90477742429005,0.0,1,-5.329070518200751e-15,0.0,0.11140405290702526,0.9742105719060676,73.48488480836909,-63.70001399999998,9.599995645028315,73.4795563259037,-65.90477742429005,0.0,1,-5.329070518200751e-15
5.0,5000000,hold_sit,-8.0,0.0,63.41475328785695,0.9713420698132614,0.0,-0.2376858923261731,0.0,-8.0,0.0,63.41475328785695,35.58569876976196,2.0,0.0,1.1653078329576392,0.020322932515144387,-43.59276259597243,63.70001399999999,9.600292855396532,-43.58569876976219,62.45001576525732,0.0,1,-7.105427357601002e-15,0.0,1.1653078329576214,0.020322934970514073,-43.59276259597208,-63.70001399999998,9.600292855396532,-43.58569876976173,-62.45001576525732,0.0,1,-5.329070518200751e-15,0.0,0.11140405290702526,0.9742105719060676,73.48488480836909,63.70001399999999,9.599995645028315,73.4795563259037,65.90477742429005,0.0,1,-5.329070518200751e-15,0.0,0.11140405290702526,0.9742105719060676,73.48488480836909,-63.70001399999998,9.599995645028315,73.4795563259037,-65.90477742429005,0.0,1,-5.329070518200751e-15
