time_s,time_us,phase,prescribed_front_slide_mm,body_x_mm,body_y_mm,body_z_mm,body_qw,body_qx,body_qy,body_qz,assumed_com_x_mm,assumed_com_y_mm,assumed_com_z_mm,support_margin_mm,body_ground_clearance_mm,body_contact_active,support_source,FL_h002_rad,FL_alpha006_rad,FL_theta005_rad,FL_foot_bolt_x_mm,FL_foot_bolt_y_mm,FL_foot_bolt_z_mm,FL_sole_contact_x_mm,FL_sole_contact_y_mm,FL_sole_contact_z_mm,FL_contact_active,FL_sole_clearance_mm,FR_h002_rad,FR_alpha006_rad,FR_theta005_rad,FR_foot_bolt_x_mm,FR_foot_bolt_y_mm,FR_foot_bolt_z_mm,FR_sole_contact_x_mm,FR_sole_contact_y_mm,FR_sole_contact_z_mm,FR_contact_active,FR_sole_clearance_mm,RL_h002_rad,RL_alpha006_rad,RL_theta005_rad,RL_foot_bolt_x_mm,RL_foot_bolt_y_mm,RL_foot_bolt_z_mm,RL_sole_contact_x_mm,RL_sole_contact_y_mm,RL_sole_contact_z_mm,RL_contact_active,RL_sole_clearance_mm,RR_h002_rad,RR_alpha006_rad,RR_theta005_rad,RR_foot_bolt_x_mm,RR_foot_bolt_y_mm,RR_foot_bolt_z_mm,RR_sole_contact_x_mm,RR_sole_contact_y_mm,RR_sole_contact_z_mm,RR_contact_active,RR_sole_clearance_mm
0.0,0,brace_stance,0.0,0.0,0.0,80.96182697652446,1.0,0.0,0.0,0.0,0.0,0.0,80.96182697652446,39.11558723449706,36.53557893492406,0,feet,0.0,0.0,0.0,-39.120476722717285,63.70001399999999,9.599998167183458,-39.11558723449707,59.96905316591212,0.0,1,0.0,0.0,0.0,0.0,-39.12047672271727,-63.70001399999998,9.599998167183486,-39.11558723449705,-59.96905316591213,0.0,1,2.842170943040401e-14,0.0,0.0,0.0,73.55512142181396,63.70001399999999,9.599998167183458,73.56001091003418,59.96905316591212,0.0,1,0.0,0.0,0.0,0.0,73.55512142181396,-63.70001399999998,9.599998167183458,73.56001091003418,-59.96905316591213,0.0,1,0.0
0.008333333333333333,8333,brace_stance,0.0,0.0,0.0,80.96179861998,1.0,0.0,0.0,0.0,0.0,0.0,80.96179861998,39.11558723449706,36.5355505783796,0,feet,0.0,5.242506868619046e-07,-5.151975952522037e-07,-39.12048017880751,63.70001399999999,9.599998165422562,-39.11558723449707,59.96905316591212,0.0,1,-2.947963650967722e-09,0.0,5.242506868619046e-07,-5.15197657424693e-07,-39.12048017880747,-63.70001399999998,9.599998165422605,-39.11558723449705,-59.96905316591213,0.0,1,-2.9479210184035765e-09,0.0,5.242508347436114e-07,-5.151981752327117e-07,73.55511796572279,63.70001399999999,9.599998165422576,73.56001091003418,59.96905316591212,0.0,1,-2.9479512164698463e-09,0.0,5.242508347436114e-07,-5.151981752327117e-07,73.55511796572279,-63.70001399999998,9.599998165422576,73.56001091003418,-59.96905316591213,0.0,1,-2.9479512164698463e-09
0.016666666666666666,16667,brace_stance,0.0,0.0,0.0,80.96160296688218,1.0,0.0,0.0,0.0,0.0,0.0,80.96160296688218,39.12849807739252,36.53535492528178,0,feet,0.0,4.14208982180142e-06,-4.070556755664256e-06,-39.120504029186876,63.70001399999999,9.599998188260699,-39.128498077392535,59.980312244891614,0.0,1,1.2434497875801753e-14,0.0,4.142089821357331e-06,-4.070557241941941e-06,-39.12050402918686,-63.70001399999998,9.599998188260685,-39.1284980773925,-59.98031224489162,0.0,1,-1.7763568394002505e-15,0.0,4.142090989756042e-06,-4.07056133999717e-06,73.55509411533666,63.70001399999999,9.59999818826067,73.54710006713873,59.980312244891614,0.0,1,-2.1316282072803006e-14,0.0,4.142090989756042e-06,-4.07056133999717e-06,73.55509411533666,-63.70001399999998,9.59999818826067,73.54710006713873,-59.98031224489162,0.0,1,-2.1316282072803006e-14
0.025,25000,brace_stance,0.0,0.0,0.0,80.96108047353228,1.0,0.0,0.0,0.0,0.0,0.0,80.96108047353228,39.12849807739252,36.534832431931875,0,feet,0.0,1.3803350857877206e-05,-1.3564926586440151e-05,-39.12056772043876,63.70001399999999,9.599998241085999,-39.128498077392535,59.980312244891614,0.0,1,2.4868995751603507e-14,0.0,1.3803350857433117e-05,-1.3564928207809857e-05,-39.12056772043874,-63.70001399999998,9.599998241085984,-39.1284980773925,-59.98031224489162,0.0,1,1.0658141036401503e-14,0.0,1.3803354751651398e-05,-1.3564941864441238e-05,73.55503042406684,63.70001399999999,9.599998241085999,73.54710006713873,59.980312244891614,0.0,1,3.552713678800501e-15,0.0,1.3803354751651398e-05,-1.3564941864441238e-05,73.55503042406684,-63.70001399999998,9.599998241085999,73.54710006713873,-59.98031224489162,0.0,1,3.552713678800501e-15
0.03333333333333333,33333,brace_stance,0.0,0.0,0.0,80.96007992337174,1.0,0.0,0.0,0.0,0.0,0.0,80.96007992337174,39.12849807739252,36.533831881771334,0,feet,0.0,3.230394598796593e-05,-3.174576891096237e-05,-39.1206896843989,63.70001399999999,9.599998341063113,-39.128498077392535,59.980312244891614,0.0,1,2.6645352591003757e-14,0.0,3.2303945987077753e-05,-3.174577270526058e-05,-39.12068968439887,-63.70001399999998,9.599998341063099,-39.1284980773925,-59.98031224489162,0.0,1,1.2434497875801753e-14,0.0,3.230395510112061e-05,-3.174580466724919e-05,73.55490846007228,63.70001399999999,9.599998341063099,73.54710006713873,59.980312244891614,0.0,1,-3.730349362740526e-14,0.0,3.230395510112061e-05,-3.174580466724919e-05,73.55490846007228,-63.70001399999998,9.599998341063099,73.54710006713873,-59.98031224489162,0.0,1,-3.730349362740526e-14
0.041666666666666664,41667,brace_stance,0.0,0.0,0.0,80.95845828341085,1.0,0.0,0.0,0.0,0.0,0.0,80.95845828341085,39.12849807739252,36.532210241810446,0,feet,0.0,6.228801505026027e-05,-6.121114156121266e-05,-39.120887352289635,63.70001399999999,9.599998499806077,-39.128498077392535,59.980312244891614,0.0,1,1.7763568394002505e-14,0.0,6.228801504937209e-05,-6.12111488771383e-05,-39.1208873522896,-63.70001399999998,9.599998499806048,-39.1284980773925,-59.98031224489162,0.0,1,-1.0658141036401503e-14,0.0,6.22880326228703e-05,-6.121121050517431e-05,73.55471079212577,63.70001399999999,9.599998499806162,73.54710006713873,59.980312244891614,0.0,1,1.0658141036401503e-14,0.0,6.22880326228703e-05,-6.121121050517431e-05,73.55471079212577,-63.70001399999998,9.599998499806162,73.54710006713873,-59.98031224489162,0.0,1,1.0658141036401503e-14
0.05,50000,brace_stance,0.0,0.0,0.0,80.95608056065727,1.0,0.0,0.0,0.0,0.0,0.0,80.95608056065727,39.12849807739252,36.52983251905687,0,feet,0.0,0.0001062503777844448,-0.00010441194464716474,-39.121177170845094,63.70001399999999,9.599998725194808,-39.128498077392535,59.980312244891614,0.0,1,-2.842170943040401e-14,0.0,0.0001062503777840007,-0.00010441195712607154,-39.12117717084505,-63.70001399999998,9.599998725194851,-39.1284980773925,-59.98031224489162,0.0,1,1.4210854715202004e-14,0.0,0.00010625040775735783,-0.0001044120622464284,73.55442097348862,63.70001399999999,9.599998725195007,73.54710006713873,59.980312244891614,0.0,1,1.9539925233402755e-14,0.0,0.00010625040775735783,-0.0001044120622464284,73.55442097348862,-63.70001399999998,9.599998725195007,73.54710006713873,-59.98031224489162,0.0,1,1.9539925233402755e-14
0.058333333333333334,58333,brace_stance,0.0,0.0,0.0,80.95281965854473,1.0,0.0,0.0,0.0,0.0,0.0,80.95281965854473,39.12849807739252,36.526571616944324,0,feet,0.0,0.00016653889010154188,-0.00016365404611740075,-39.12157461779586,63.70001399999999,9.599999020058405,-39.128498077392535,59.980312244891614,0.0,1,-3.552713678800501e-15,0.0,0.0001665388901006537,-0.00016365406567553364,-39.12157461779583,-63.70001399999998,9.599999020058377,-39.1284980773925,-59.98031224489162,0.0,1,-3.197442310920451e-14,0.0,0.0001665389370777426,-0.00016365423043351868,73.55402352642565,63.70001399999999,9.599999020058576,73.54710006713873,59.980312244891614,0.0,1,-5.5067062021407764e-14,0.0,0.0001665389370777426,-0.00016365423043351868,73.55402352642565,-63.70001399999998,9.599999020058576,73.54710006713873,-59.98031224489162,0.0,1,-5.5067062021407764e-14
0.06666666666666667,66667,brace_stance,0.0,0.0,0.0,80.94855623336157,1.0,0.0,0.0,0.0,0.0,0.0,80.94855623336157,39.12849807739252,36.52230819176117,0,feet,0.0,0.00024535677148040946,-0.00024110036052960027,-39.12209421715859,63.70001399999999,9.59999938072859,-39.128498077392535,59.980312244891614,0.0,1,1.7763568394002505e-15,0.0,0.0002453567714799654,-0.0002411003893425523,-39.12209421715856,-63.70001399999998,9.599999380728605,-39.1284980773925,-59.98031224489162,0.0,1,1.5987211554602254e-14,0.0,0.00024535684068149877,-0.00024110063205862176,73.55350392691636,63.70001399999999,9.599999380728875,73.54710006713873,59.980312244891614,0.0,1,-1.7763568394002505e-14,0.0,0.00024535684068149877,-0.00024110063205862176,73.55350392691636,-63.70001399999998,9.599999380728875,73.54710006713873,-59.98031224489162,0.0,1,-1.7763568394002505e-14
0.075,75000,brace_stance,0.0,0.0,0.0,80.94317855067943,1.0,0.0,0.0,0.0,0.0,0.0,80.94317855067943,39.12849807739252,36.51693050907903,0,feet,0.0,0.00034476491498480755,-0.00033877289966399715,-39.12274955440648,63.70001399999999,9.599999795515558,-39.128498077392535,59.980312244891614,0.0,1,5.329070518200751e-15,0.0,0.0003447649149834753,-0.0003387729401471695,-39.12274955440644,-63.70001399999998,9.59999979551553,-39.1284980773925,-59.98031224489162,0.0,1,-2.3092638912203256e-14,0.0,0.00034476501220881417,-0.00033877328117259964,73.55284858948369,63.70001399999999,9.599999795515942,73.54710006713873,59.980312244891614,0.0,1,3.552713678800501e-15,0.0,0.00034476501220881417,-0.00033877328117259964,73.55284858948369,-63.70001399999998,9.599999795515942,73.54710006713873,-59.98031224489162,0.0,1,3.552713678800501e-15
0.08333333333333333,83333,brace_stance,0.0,0.0,0.0,80.93658234178183,1.0,0.0,0.0,0.0,0.0,0.0,80.93658234178183,39.12849807739252,36.51033430018143,0,feet,0.0,0.0004666841903802066,-0.0004585548119364624,-39.12355329159158,63.70001399999999,9.600000243151484,-39.128498077392535,59.980312244891614,0.0,1,0.0,0.0,0.0004666841903797625,-0.0004585548667295214,-39.12355329159155,-63.70001399999998,9.600000243151499,-39.1284980773925,-59.98031224489162,0.0,1,1.4210854715202004e-14,0.0,0.000466684321961619,-0.0004585553283029675,73.55204485207196,63.70001399999999,9.600000243151953,73.54710006713873,59.980312244891614,0.0,1,2.3092638912203256e-14,0.0,0.000466684321961619,-0.0004585553283029675,73.55204485207196,-63.70001399999998,9.600000243151953,73.54710006713873,-59.98031224489162,0.0,1,2.3092638912203256e-14
0.09166666666666666,91667,brace_stance,0.0,0.0,0.0,80.92867066009278,1.0,0.0,0.0,0.0,0.0,0.0,80.92867066009278,39.12849807739252,36.502422618492375,0,feet,0.0,0.0006128977498378596,-0.0006021924259611566,-39.12451718248208,63.70001399999999,9.600000691244318,-39.128498077392535,59.980312244891614,0.0,1,2.4868995751603507e-14,0.0,0.0006128977498374155,-0.0006021924979116022,-39.124517182482094,-63.70001399999998,9.60000069124429,-39.1284980773925,-59.98031224489162,0.0,1,-3.552713678800501e-15,0.0,0.0006128979226067699,-0.0006021931040214312,73.55108096090964,63.70001399999999,9.600000691244759,73.54710006713873,59.980312244891614,0.0,1,-7.105427357601002e-15,0.0,0.0006128979226067699,-0.0006021931040214312,73.55108096090964,-63.70001399999998,9.600000691244759,73.54710006713873,-59.98031224489162,0.0,1,-7.105427357601002e-15
0.1,100000,brace_stance,0.0,0.0,0.0,80.91935373760542,1.0,0.0,0.0,0.0,0.0,0.0,80.91935373760542,39.12849807739252,36.49310569600502,0,feet,0.0,0.000785053344743325,-0.0007712973120468369,-39.125652087771954,63.70001399999999,9.600001094779003,-39.128498077392535,59.980312244891614,0.0,1,-8.881784197001252e-15,0.0,0.0007850533447428809,-0.0007712974041944598,-39.125652087771925,-63.70001399999998,9.600001094779017,-39.1284980773925,-59.98031224489162,0.0,1,5.329070518200751e-15,0.0,0.0007850535659845725,-0.0007712981804370855,73.54994605529987,63.70001399999999,9.60000109477943,73.54710006713873,59.980312244891614,0.0,1,-1.5987211554602254e-14,0.0,0.0007850535659845725,-0.0007712981804370855,73.54994605529987,-63.70001399999998,9.60000109477943,73.54710006713873,-59.98031224489162,0.0,1,-1.5987211554602254e-14
0.10833333333333334,108333,brace_stance,0.0,0.0,0.0,80.90854884131063,1.0,0.0,0.0,0.0,0.0,0.0,80.90854884131063,39.12849807739252,36.48230079971023,0,feet,0.0,0.0009846656611980364,-0.0009673483739125466,-39.126967990412496,63.70001399999999,9.600001394700357,-39.128498077392535,59.980312244891614,0.0,1,-1.2434497875801753e-14,0.0,0.0009846656611975924,-0.0009673484894712203,-39.12696799041244,-63.70001399999998,9.600001394700385,-39.1284980773925,-59.98031224489162,0.0,1,1.5987211554602254e-14,0.0,0.0009846659386103518,-0.0009673494629165447,73.54863015228852,63.70001399999999,9.600001394700627,73.54710006713873,59.980312244891614,0.0,1,-3.197442310920451e-14,0.0,0.0009846659386103518,-0.0009673494629165447,73.54863015228852,-63.70001399999998,9.600001394700627,73.54710006713873,-59.98031224489162,0.0,1,-3.197442310920451e-14
0.11666666666666667,116667,brace_stance,0.0,0.0,0.0,80.89618012962565,1.0,0.0,0.0,0.0,0.0,0.0,80.89618012962565,39.12849807739252,36.469932088025246,0,feet,0.0,0.001213118680904568,-0.0011916939814238248,-39.128474011112,63.70001399999999,9.600001516605928,-39.128498077392535,59.980312244891614,0.0,1,7.105427357601002e-15,0.0,0.001213118680904124,-0.0011916941237655188,-39.12847401111198,-63.70001399999998,9.600001516605914,-39.1284980773925,-59.98031224489162,0.0,1,-7.105427357601002e-15,0.0,0.0012131190225637134,-0.001191695322824149,73.54712413116476,63.70001399999999,9.600001516605957,73.54710006713873,59.980312244891614,0.0,1,2.842170943040401e-14,0.0,0.0012131190225637134,-0.001191695322824149,73.54712413116476,-63.70001399999998,9.600001516605957,73.54710006713873,-59.98031224489162,0.0,1,2.842170943040401e-14
0.125,125000,brace_stance,0.0,0.0,0.0,80.88217850882269,1.0,0.0,0.0,0.0,0.0,0.0,80.88217850882269,39.13629722968155,36.45593046722229,0,feet,0.0,0.0014716726994374874,-0.001445558695672755,-39.1301784545375,63.70001399999999,9.600001620132502,-39.13629722968156,59.9925097393973,0.0,1,-1.5987211554602254e-14,0.0,0.0014716726994374874,-0.0014455588683133236,-39.1301784545375,-63.70001399999998,9.600001620132502,-39.13629722968155,-59.99250973939729,0.0,1,-1.5987211554602254e-14,0.0,0.001471673113796701,-0.0014455603226442015,73.54541968725891,63.70001399999999,9.60000162013425,73.53930091484969,59.9925097393973,0.0,1,-1.0658141036401503e-14,0.0,0.001471673113796701,-0.0014455603226442015,73.54541968725891,-63.70001399999998,9.60000162013425,73.53930091484969,-59.99250973939729,0.0,1,-1.0658141036401503e-14
0.13333333333333333,133333,brace_stance,0.0,0.0,0.0,80.86648148945754,1.0,0.0,0.0,0.0,0.0,0.0,80.86648148945754,39.13629722968155,36.44023344785714,0,feet,0.0,0.0017614768996296881,-0.0017300554586077155,-39.13208889229948,63.70001399999999,9.60000264770028,-39.13629722968156,59.9925097393973,0.0,1,-1.7763568394002505e-14,0.0,0.0017614768996296881,-0.0017300556651949073,-39.132088892299436,-63.70001399999998,9.600002647700322,-39.13629722968155,-59.99250973939729,0.0,1,2.4868995751603507e-14,0.0,0.0017614773953700258,-0.001730057405477492,73.54350924895905,63.70001399999999,9.600002647701714,73.53930091484969,59.9925097393973,0.0,1,-1.5987211554602254e-14,0.0,0.0017614773953700258,-0.001730057405477492,73.54350924895905,-63.70001399999998,9.600002647701714,73.53930091484969,-59.99250973939729,0.0,1,-1.5987211554602254e-14
0.14166666666666666,141667,brace_stance,0.0,0.0,0.0,80.84903304279823,1.0,0.0,0.0,0.0,0.0,0.0,80.84903304279823,39.13629722968155,36.42278500119782,0,feet,0.0,0.0020835168006705374,-0.002046133895041269,-39.134211816283084,63.70001399999999,9.600003343593556,-39.13629722968156,59.9925097393973,0.0,1,1.5987211554602254e-14,0.0,0.0020835168006700933,-0.0020461341393303023,-39.13421181628309,-63.70001399999998,9.600003343593528,-39.13629722968155,-59.99250973939729,0.0,1,-1.2434497875801753e-14,0.0,0.002083517386762157,-0.002046136197206394,73.54138632437798,63.70001399999999,9.600003343594366,73.53930091484969,59.9925097393973,0.0,1,-1.4210854715202004e-14,0.0,0.002083517386762157,-0.002046136197206394,73.54138632437798,-63.70001399999998,9.600003343594366,73.53930091484969,-59.99250973939729,0.0,1,-1.4210854715202004e-14
0.15,150000,brace_stance,0.0,0.0,0.0,80.82978345725357,1.0,0.0,0.0,0.0,0.0,0.0,80.82978345725357,39.13629722968155,36.40353541565317,0,feet,0.0,0.002438677952052881,-0.0023946427619749855,-39.13655305843936,63.70001399999999,9.600003566692465,-39.13629722968156,59.9925097393973,0.0,1,8.881784197001252e-15,0.0,0.002438677952052437,-0.002394643047820555,-39.13655305843935,-63.70001399999998,9.60000356669245,-39.13629722968155,-59.99250973939729,0.0,1,-5.329070518200751e-15,0.0,0.0024386786376870973,-0.002394645455747746,73.53904508156313,63.70001399999999,9.60000356669235,73.53930091484969,59.9925097393973,0.0,1,1.7763568394002505e-14,0.0,0.0024386786376870973,-0.002394645455747746,73.53904508156313,-63.70001399999998,9.60000356669235,73.53930091484969,-59.99250973939729,0.0,1,1.7763568394002505e-14
0.15833333333333333,158333,brace_stance,0.0,0.0,0.0,80.80868919480186,1.0,0.0,0.0,0.0,0.0,0.0,80.80868919480186,39.13629722968155,36.382441153201455,0,feet,0.0,0.002827727546014014,-0.002776311830524847,-39.139117669573594,63.70001399999999,9.600003155784663,-39.13629722968156,59.9925097393973,0.0,1,2.3092638912203256e-14,0.0,0.002827727546014014,-0.002776312161862915,-39.13911766957361,-63.70001399999998,9.600003155784648,-39.13629722968155,-59.99250973939729,0.0,1,8.881784197001252e-15,0.0,0.002827728340568214,-0.002776314952994241,73.53648046970778,63.70001399999999,9.6000031557831,73.53930091484969,59.9925097393973,0.0,1,1.7763568394002505e-15,0.0,0.002827728340568214,-0.002776314952994241,73.53648046970778,-63.70001399999998,9.6000031557831,73.53930091484969,-59.99250973939729,0.0,1,1.7763568394002505e-15
0.16666666666666666,166667,brace_stance,0.0,0.0,0.0,80.78571274741942,1.0,0.0,0.0,0.0,0.0,0.0,80.78571274741942,39.13629722968155,36.35946470581902,0,feet,0.0,0.0032513170243322342,-0.003191754416075554,-39.14190993647265,63.70001399999999,9.60000192934767,-39.13629722968156,59.9925097393973,0.0,1,1.5987211554602254e-14,0.0,0.0032513170243322342,-0.0031917547969113613,-39.14190993647265,-63.70001399999998,9.60000192934767,-39.13629722968155,-59.99250973939729,0.0,1,1.5987211554602254e-14,0.0,0.003251317937331688,-0.0031917580049771743,73.53368820202411,63.70001399999999,9.600001929344117,73.53930091484969,59.9925097393973,0.0,1,-8.881784197001252e-15,0.0,0.003251317937331688,-0.0031917580049771743,73.53368820202411,-63.70001399999998,9.600001929344117,73.53930091484969,-59.99250973939729,0.0,1,-8.881784197001252e-15
0.175,175000,brace_stance,0.0,0.0,0.0,80.76082249350931,1.0,0.0,0.0,0.0,0.0,0.0,80.76082249350931,39.13629722968155,36.33457445190891,0,feet,0.0,0.0037099847344297388,-0.0036414699881581747,-39.1449333993595,63.70001399999999,9.599999685548411,-39.13629722968156,59.9925097393973,0.0,1,5.329070518200751e-15,0.0,0.0037099847344292947,-0.003641470422551585,-39.14493339935949,-63.70001399999998,9.599999685548397,-39.13629722968155,-59.99250973939729,0.0,1,-8.881784197001252e-15,0.0,0.0037099857755138466,-0.0036414740817347635,73.53066473828812,63.70001399999999,9.599999685542173,73.53930091484969,59.9925097393973,0.0,1,-4.085620730620576e-14,0.0,0.0037099857755138466,-0.0036414740817347635,73.53066473828812,-63.70001399999998,9.599999685542173,73.53930091484969,-59.99250973939729,0.0,1,-4.085620730620576e-14
0.18333333333333332,183333,brace_stance,0.0,0.0,0.0,80.73399255432982,1.0,0.0,0.0,0.0,0.0,0.0,80.73399255432982,39.13629722968155,36.307744512729414,0,feet,0.0,0.004204158635302768,-0.004125846860882909,-39.148190869679,63.70001399999999,9.599996202461938,-39.13629722968156,59.9925097393973,0.0,1,-1.0658141036401503e-14,0.0,0.004204158635302768,-0.004125847352931977,-39.148190869679,-63.70001399999998,9.599996202461938,-39.13629722968155,-59.99250973939729,0.0,1,-1.0658141036401503e-14,0.0,0.004204159814191311,-0.004125851497757793,73.5274072670544,63.70001399999999,9.599996202452331,73.53930091484969,59.9925097393973,0.0,1,4.440892098500626e-14,0.0,0.004204159814191311,-0.004125851497757793,73.5274072670544,-63.70001399999998,9.599996202452331,73.53930091484969,-59.99250973939729,0.0,1,4.440892098500626e-14
0.19166666666666668,191667,brace_stance,0.0,0.0,0.0,80.70520265042317,1.0,0.0,0.0,0.0,0.0,0.0,80.70520265042317,39.13629722968155,36.27895460882277,0,feet,0.0,0.004734159053184861,-0.004645164963767101,-39.15168444821521,63.70001399999999,9.599991238509674,-39.13629722968156,59.9925097393973,0.0,1,2.4868995751603507e-14,0.0,0.004734159053184417,-0.004645165517599192,-39.151684448215214,-63.70001399999998,9.59999123850963,-39.13629722968155,-59.99250973939729,0.0,1,-1.7763568394002505e-14,0.0,0.004734160379639807,-0.004645170182815406,73.52391368753842,63.70001399999999,9.599991238495619,73.53930091484969,59.9925097393973,0.0,1,4.085620730620576e-14,0.0,0.004734160379639807,-0.004645170182815406,73.52391368753842,-63.70001399999998,9.599991238495619,73.53930091484969,-59.99250973939729,0.0,1,4.085620730620576e-14
0.2,200000,brace_stance,0.0,0.0,0.0,80.67443795804417,1.0,0.0,0.0,0.0,0.0,0.0,80.67443795804417,39.13629722968155,36.24818991644376,0,feet,0.0,0.005300201486254874,-0.005199598691879803,-39.155415543535455,63.70001399999999,9.599984533114196,-39.13629722968156,59.9925097393973,0.0,1,1.0658141036401503e-14,0.0,0.005300201486254874,-0.005199599311636494,-39.15541554353543,-63.70001399999998,9.599984533114224,-39.13629722968155,-59.99250973939729,0.0,1,3.907985046680551e-14,0.0,0.00530020297005418,-0.005199604532109436,73.52018259117247,63.70001399999999,9.599984533094656,73.53930091484969,59.9925097393973,0.0,1,3.375077994860476e-14,0.0,0.00530020297005418,-0.005199604532109436,73.52018259117247,-63.70001399999998,9.599984533094656,73.53930091484969,-59.99250973939729,0.0,1,3.375077994860476e-14
0.20833333333333334,208333,brace_stance,0.0,0.0,0.0,80.64168896558868,1.0,0.0,0.0,0.0,0.0,0.0,80.64168896558868,39.13629722968155,36.21544092398828,0,feet,0.0,0.005902399457193841,-0.005789219833320036,-39.15938489075515,63.70001399999999,9.599975807566523,-39.13629722968156,59.9925097393973,0.0,1,8.881784197001252e-15,0.0,0.005902399457193841,-0.005789220523141125,-39.15938489075515,-63.70001399999998,9.599975807566523,-39.13629722968155,-59.99250973939729,0.0,1,8.881784197001252e-15,0.0,0.00590240110809459,-0.005789226333745567,73.51621324284119,63.70001399999999,9.599975807540204,73.53930091484969,59.9925097393973,0.0,1,-1.4210854715202004e-14,0.0,0.00590240110809459,-0.005789226333745567,73.51621324284119,-63.70001399999998,9.599975807540204,73.53930091484969,-59.99250973939729,0.0,1,-1.4210854715202004e-14
0.21666666666666667,216667,brace_stance,0.0,0.0,0.0,80.60695133002244,1.0,0.0,0.0,0.0,0.0,0.0,80.60695133002244,39.13629722968155,36.18070328842204,0,feet,0.0,0.006540767411855164,-0.00641400057126873,-39.163592570611854,63.70001399999999,9.599964766097855,-39.13629722968156,59.9925097393973,0.0,1,2.6645352591003757e-14,0.0,0.00654076741185472,-0.006414001335287356,-39.16359257061184,-63.70001399999998,9.599964766097841,-39.13629722968155,-59.99250973939729,0.0,1,1.2434497875801753e-14,0.0,0.006540769239564259,-0.00641400777080392,73.5120055618072,63.70001399999999,9.59996476606338,73.53930091484969,59.9925097393973,0.0,1,-8.881784197001252e-15,0.0,0.006540769239564259,-0.00641400777080392,73.5120055618072,-63.70001399999998,9.59996476606338,73.53930091484969,-59.99250973939729,0.0,1,-8.881784197001252e-15
0.225,225000,brace_stance,0.0,0.0,0.0,80.57022573330947,1.0,0.0,0.0,0.0,0.0,0.0,80.57022573330947,39.196041818451874,36.14397769170907,0,feet,0.0,0.00721531887091631,-0.007073909678799506,-39.168038656368196,63.70001399999999,9.599956281160942,-39.196041818451874,65.90477742429005,0.0,1,1.7763568394002505e-15,0.0,0.00721531887091631,-0.007073910521133264,-39.168038656368196,-63.70001399999998,9.599956281160942,-39.196041818451874,-65.90477742429005,0.0,1,1.7763568394002505e-15,0.0,0.007215320886616805,-0.007073917617735681,73.50755947479777,63.70001399999999,9.599956281199908,73.47955632607938,65.90477742429005,0.0,1,-1.9539925233402755e-14,0.0,0.007215320886616805,-0.007073917617735681,73.50755947479777,-63.70001399999998,9.599956281199908,73.47955632607938,-65.90477742429005,0.0,1,-1.9539925233402755e-14
0.23333333333333334,233333,brace_stance,0.0,0.0,0.0,80.53151773884085,1.0,0.0,0.0,0.0,0.0,0.0,80.53151773884085,39.196041818451874,36.105269697240445,0,feet,0.0,0.007926223643802022,-0.007769065932747843,-39.17272425762566,63.70001399999999,9.599968805607944,-39.196041818451874,65.90477742429005,0.0,1,2.1316282072803006e-14,0.0,0.007926223643802022,-0.007769066857521434,-39.17272425762566,-63.70001399999998,9.599968805607944,-39.196041818451874,-65.90477742429005,0.0,1,2.1316282072803006e-14,0.0,0.007926225855756197,-0.007769074648586116,73.50287387223062,63.70001399999999,9.599968805643613,73.47955632607938,65.90477742429005,0.0,1,4.618527782440651e-14,0.0,0.007926225855756197,-0.007769074648586116,73.50287387223062,-63.70001399999998,9.599968805643613,73.47955632607938,-65.90477742429005,0.0,1,4.618527782440651e-14
0.24166666666666667,241667,brace_stance,0.0,0.0,0.0,80.49083764786327,1.0,0.0,0.0,0.0,0.0,0.0,80.49083764786327,39.196041818451874,36.06458960626287,0,feet,0.0,0.008672803199340162,-0.008498756470168178,-39.177644888295134,63.70001399999999,9.599979496345242,-39.196041818451874,65.90477742429005,0.0,1,7.105427357601002e-15,0.0,0.008672803199340162,-0.008498757481413044,-39.177644888295134,-63.70001399999998,9.599979496345242,-39.196041818451874,-65.90477742429005,0.0,1,7.105427357601002e-15,0.0,0.008672805616946277,-0.008498766000880842,73.497953240187,63.70001399999999,9.599979496375965,73.47955632607938,65.90477742429005,0.0,1,-2.4868995751603507e-14,0.0,0.008672805616946277,-0.008498766000880842,73.497953240187,-63.70001399999998,9.599979496375965,73.47955632607938,-65.90477742429005,0.0,1,-2.4868995751603507e-14
0.25,250000,brace_stance,0.0,0.0,0.0,80.44820035590767,1.0,0.0,0.0,0.0,0.0,0.0,80.44820035590767,39.196041818451874,36.02195231430727,0,feet,0.0,0.009454705157633025,-0.009262585953714098,-39.18279820748876,63.70001399999999,9.599987988745426,-39.196041818451874,65.90477742429005,0.0,1,-1.5987211554602254e-14,0.0,0.009454705157633025,-0.00926258705540528,-39.182798207488716,-63.70001399999998,9.599987988745468,-39.196041818451874,-65.90477742429005,0.0,1,2.6645352591003757e-14,0.0,0.009454707790127248,-0.00926259633674853,73.49279991955578,63.70001399999999,9.599987988769541,73.47955632607938,65.90477742429005,0.0,1,-2.4868995751603507e-14,0.0,0.009454707790127248,-0.00926259633674853,73.49279991955578,-63.70001399999998,9.599987988769541,73.47955632607938,-65.90477742429005,0.0,1,-2.4868995751603507e-14
0.25833333333333336,258333,brace_stance,0.0,0.0,0.0,80.40362520921782,1.0,0.0,0.0,0.0,0.0,0.0,80.40362520921782,39.196041818451874,35.97737716761742,0,feet,0.0,0.010271493093117368,-0.01006007535872877,-39.188181319020266,63.70001399999999,9.599993905718705,-39.196041818451874,65.90477742429005,0.0,1,-2.6645352591003757e-14,0.0,0.010271493093117368,-0.010060076554775588,-39.18818131902022,-63.70001399999998,9.599993905718776,-39.196041818451874,-65.90477742429005,0.0,1,4.618527782440651e-14,0.0,0.010271495949549792,-0.010060086630904408,73.4874168065241,63.70001399999999,9.59999390573428,73.47955632607938,65.90477742429005,0.0,1,1.7763568394002505e-15,0.0,0.010271495949549792,-0.010060086630904408,73.4874168065241,-63.70001399999998,9.59999390573428,73.47955632607938,-65.90477742429005,0.0,1,1.7763568394002505e-15
0.26666666666666666,266667,brace_stance,0.0,0.0,0.0,80.35713586117897,1.0,0.0,0.0,0.0,0.0,0.0,80.35713586117897,39.196041818451874,35.93088781957857,0,feet,0.0,0.011122649654693006,-0.010890665332583538,-39.19379079198055,63.70001399999999,9.599996859904067,-39.196041818451874,65.90477742429005,0.0,1,1.7763568394002505e-15,0.0,0.011122649654693006,-0.010890666626817591,-39.19379079198055,-63.70001399999998,9.599996859904067,-39.196041818451874,-65.90477742429005,0.0,1,1.7763568394002505e-15,0.0,0.011122652743901895,-0.010890677530004389,73.48180733200223,63.70001399999999,9.59999685990887,73.47955632607938,65.90477742429005,0.0,1,-1.2434497875801753e-14,0.0,0.011122652743901895,-0.010890677530004389,73.48180733200223,-63.70001399999998,9.59999685990887,73.47955632607938,-65.90477742429005,0.0,1,-1.2434497875801753e-14
0.275,275000,brace_stance,0.0,0.0,0.0,80.30876012874648,1.0,0.0,0.0,0.0,0.0,0.0,80.30876012874648,39.196041818451874,35.88251208714608,0,feet,0.0,0.012007579709860217,-0.011753719592942247,-39.19962268148251,63.70001399999999,9.599996455973738,-39.196041818451874,65.90477742429005,0.0,1,1.4210854715202004e-14,0.0,0.012007579709860217,-0.011753720989112537,-39.19962268148252,-63.70001399999998,9.59999645597371,-39.196041818451874,-65.90477742429005,0.0,1,-1.4210854715202004e-14,0.0,0.01200758304045113,-0.011753732750909851,73.47597544087859,63.70001399999999,9.599996455965425,73.47955632607938,65.90477742429005,0.0,1,-2.842170943040401e-14,0.0,0.01200758304045113,-0.011753732750909851,73.47597544087859,-63.70001399999998,9.599996455965425,73.47955632607938,-65.90477742429005,0.0,1,-2.842170943040401e-14
0.2833333333333333,283333,brace_stance,0.0,0.0,0.0,80.25852984887439,1.0,0.0,0.0,0.0,0.0,0.0,80.25852984887439,39.196041818451874,35.832281807273986,0,feet,0.0,0.012925613508772749,-0.012648528358367273,-39.20567254954967,63.70001399999999,9.599992293033722,-39.196041818451874,65.90477742429005,0.0,1,1.2434497875801753e-14,0.0,0.012925613508772749,-0.012648529860127766,-39.205672549549654,-63.70001399999998,9.59999229303375,-39.196041818451874,-65.90477742429005,0.0,1,4.085620730620576e-14,0.0,0.012925617089096786,-0.012648542511298988,73.46992557113117,63.70001399999999,9.599992293009777,73.47955632607938,65.90477742429005,0.0,1,-5.329070518200751e-15,0.0,0.012925617089096786,-0.012648542511298988,73.46992557113117,-63.70001399999998,9.599992293009777,73.47955632607938,-65.90477742429005,0.0,1,-5.329070518200751e-15
0.2916666666666667,291667,brace_stance,0.0,0.0,0.0,80.20648073494407,1.0,0.0,0.0,0.0,0.0,0.0,80.20648073494407,39.196041818451874,35.78023269334366,0,feet,0.0,0.01387600986403248,-0.01357431180452151,-39.211935486121604,63.70001399999999,9.599983967102077,-39.196041818451874,65.90477742429005,0.0,1,4.263256414560601e-14,0.0,0.01387600986403248,-0.013574313415424033,-39.211935486121604,-63.70001399999998,9.599983967102077,-39.196041818451874,-65.90477742429005,0.0,1,4.263256414560601e-14,0.0,0.013876013702167622,-0.013574326985871465,73.46366263282187,63.70001399999999,9.599983967059657,73.47955632607938,65.90477742429005,0.0,1,-1.4210854715202004e-14,0.0,0.013876013702167622,-0.013574326985871465,73.46366263282187,-63.70001399999998,9.599983967059657,73.47955632607938,-65.90477742429005,0.0,1,-1.4210854715202004e-14
0.3,300000,brace_stance,0.0,0.0,0.0,80.15265223319285,1.0,0.0,0.0,0.0,0.0,0.0,80.15265223319285,39.196041818451874,35.72640419159245,0,feet,0.0,0.014857959341973093,-0.014530223539148679,-39.21840613014891,63.70001399999999,9.599971073646543,-39.196041818451874,65.90477742429005,0.0,1,-1.7763568394002505e-15,0.0,0.014857959341973093,-0.014530225262634922,-39.21840613014889,-63.70001399999998,9.599971073646557,-39.196041818451874,-65.90477742429005,0.0,1,1.0658141036401503e-14,0.0,0.014857963445705114,-0.01453023978133583,73.4571919870018,63.70001399999999,9.599971073582793,73.47955632607938,65.90477742429005,0.0,1,3.375077994860476e-14,0.0,0.014857963445705114,-0.01453023978133583,73.4571919870018,-63.70001399999998,9.599971073582793,73.47955632607938,-65.90477742429005,0.0,1,3.375077994860476e-14
0.30833333333333335,308333,brace_stance,0.0,0.0,0.0,80.09708737914262,1.0,0.0,0.0,0.0,0.0,0.0,80.09708737914262,39.196041818451874,35.67083933754222,0,feet,0.0,0.0158705874611913,-0.015515354088974753,-39.22507869075021,63.70001399999999,9.59995321016386,-39.196041818451874,65.90477742429005,0.0,1,1.0658141036401503e-14,0.0,0.0158705874611913,-0.015515355928370056,-39.22507869075021,-63.70001399999998,9.59995321016386,-39.196041818451874,-65.90477742429005,0.0,1,1.0658141036401503e-14,0.0,0.01587059183799555,-0.015515371423312718,73.45051942455405,63.70001399999999,9.59995321007544,73.47955632607938,65.90477742429005,0.0,1,-7.105427357601002e-15,0.0,0.01587059183799555,-0.015515371423312718,73.45051942455405,-63.70001399999998,9.59995321007544,73.47955632607938,-65.90477742429005,0.0,1,-7.105427357601002e-15
0.31666666666666665,316667,brace_stance,0.0,0.0,0.0,80.03983265402843,1.0,0.0,0.0,0.0,0.0,0.0,80.03983265402843,39.31224498573503,35.61358461242803,0,feet,0.0,0.016913499349573424,-0.016529260607602403,-39.2319505360434,63.70001399999999,9.59995972142248,-39.31224498573502,63.70001591896379,0.0,1,-7.105427357601002e-15,0.0,0.016913499349573424,-0.016529262566168157,-39.2319505360434,-63.70001399999998,9.59995972142248,-39.312244985735035,-63.7000159189638,0.0,1,-7.105427357601002e-15,0.0,0.016913504013611025,-0.0165292790714906,73.44364757731665,63.70001399999999,9.599959721683192,73.36335315879631,63.70001591896379,0.0,1,-1.5987211554602254e-14,0.0,0.016913504013611025,-0.0165292790714906,73.44364757731665,-63.70001399999998,9.599959721683192,73.36335315879631,-63.7000159189638,0.0,1,-1.5987211554602254e-14
0.325,325000,brace_stance,0.0,0.0,0.0,79.98093784122713,1.0,0.0,0.0,0.0,0.0,0.0,79.98093784122713,39.31224498573503,35.55468979962673,0,feet,0.0,0.017986172597437733,-0.01757137417447474,-39.23901823479646,63.70001399999999,9.600016234076534,-39.31224498573502,63.70001591896379,0.0,1,3.197442310920451e-14,0.0,0.017986172597437733,-0.017571376255396842,-39.23901823479646,-63.70001399999998,9.600016234076534,-39.312244985735035,-63.7000159189638,0.0,1,3.197442310920451e-14,0.0,0.017986177549353055,-0.017571393791646184,73.43657987660993,63.70001399999999,9.600016234329175,73.36335315879631,63.70001591896379,0.0,1,1.7763568394002505e-15,0.0,0.017986177549353055,-0.017571393791646184,73.43657987660993,-63.70001399999998,9.600016234329175,73.36335315879631,-63.7000159189638,0.0,1,1.7763568394002505e-15
0.3333333333333333,333333,brace_stance,0.0,0.0,0.0,79.920455882686,1.0,0.0,0.0,0.0,0.0,0.0,79.920455882686,39.31224498573503,35.4942078410856,0,feet,0.0,0.01908658068951663,-0.018639667184175313,-39.24626841269646,63.70001399999999,9.600068798888685,-39.31224498573502,63.70001591896379,0.0,1,2.6645352591003757e-14,0.0,0.019086580689517074,-0.018639669390390523,-39.24626841269651,-63.70001399999998,9.600068798888671,-39.312244985735035,-63.7000159189638,0.0,1,1.4210854715202004e-14,0.0,0.019086585935785383,-0.018639687982305198,73.42932969670858,63.70001399999999,9.600068799130042,73.36335315879631,63.70001591896379,0.0,1,-1.9539925233402755e-14,0.0,0.019086585935785383,-0.018639687982305198,73.42932969670858,-63.70001399999998,9.600068799130042,73.36335315879631,-63.7000159189638,0.0,1,-1.9539925233402755e-14
0.3416666666666667,341667,brace_stance,0.0,0.0,0.0,79.85844273535133,1.0,0.0,0.0,0.0,0.0,0.0,79.85844273535133,39.31224498573503,35.43219469375093,0,feet,0.0,0.020213619183086173,-0.019733010709702015,-39.25369376351449,63.70001399999999,9.600116957931391,-39.31224498573502,63.70001591896379,0.0,1,-1.7763568394002505e-15,0.0,0.02021361918308706,-0.019733013044005876,-39.25369376351452,-63.70001399999998,9.60011695793142,-39.312244985735035,-63.7000159189638,0.0,1,2.6645352591003757e-14,0.0,0.020213624729819912,-0.019733032715129717,73.42190434384366,63.70001399999999,9.600116958158097,73.36335315879631,63.70001591896379,0.0,1,-1.5987211554602254e-14,0.0,0.020213624729819912,-0.019733032715129717,73.42190434384366,-63.70001399999998,9.600116958158097,73.36335315879631,-63.7000159189638,0.0,1,-1.5987211554602254e-14
0.35,350000,brace_stance,0.0,0.0,0.0,79.79495722759707,1.0,0.0,0.0,0.0,0.0,0.0,79.79495722759707,39.31224498573503,35.368709185996664,0,feet,0.0,0.02136613448008573,-0.020850230072044784,-39.26128665640083,63.70001399999999,9.60016026430064,-39.31224498573502,63.70001591896379,0.0,1,3.552713678800501e-15,0.0,0.021366134480086174,-0.02085023253708629,-39.26128665640085,-63.70001399999998,9.600160264300655,-39.312244985735035,-63.7000159189638,0.0,1,1.7763568394002505e-14,0.0,0.021366140333018535,-0.02085025330972501,73.41431144886718,63.70001399999999,9.600160264509029,73.36335315879631,63.70001591896379,0.0,1,-2.1316282072803006e-14,0.0,0.021366140333018535,-0.02085025330972501,73.41431144886718,-63.70001399999998,9.600160264509029,73.36335315879631,-63.7000159189638,0.0,1,-2.1316282072803006e-14
0.35833333333333334,358333,brace_stance,0.0,0.0,0.0,79.73006091565343,1.0,0.0,0.0,0.0,0.0,0.0,79.73006091565343,39.31224498573503,35.30381287405302,0,feet,0.0,0.02254292698873206,-0.021990108267635033,-39.26903915686548,63.70001399999999,9.600198284823975,-39.31224498573502,63.70001591896379,0.0,1,3.552713678800501e-15,0.0,0.02254292698873206,-0.021990110865909962,-39.2690391568655,-63.70001399999998,9.600198284823946,-39.312244985735035,-63.7000159189638,0.0,1,-2.4868995751603507e-14,0.0,0.02254293315321343,-0.021990132761098735,73.40655894627153,63.70001399999999,9.60019828501025,73.36335315879631,63.70001591896379,0.0,1,-1.5987211554602254e-14,0.0,0.02254293315321343,-0.021990132761098735,73.40655894627153,-63.70001399999998,9.60019828501025,73.36335315879631,-63.7000159189638,0.0,1,-1.5987211554602254e-14
0.36666666666666664,366667,brace_stance,0.0,0.0,0.0,79.66381794003551,1.0,0.0,0.0,0.0,0.0,0.0,79.66381794003551,39.31224498573503,35.23756989843511,0,feet,0.0,0.02374275426483452,-0.023151389363381014,-39.27694304764006,63.70001399999999,9.600230602686196,-39.31224498573502,63.70001591896379,0.0,1,2.3092638912203256e-14,0.0,0.02374275426483452,-0.02315139209723105,-39.27694304764006,-63.70001399999998,9.600230602686196,-39.312244985735035,-63.7000159189638,0.0,1,2.3092638912203256e-14,0.0,0.02374276074582138,-0.023151415134695874,73.39865505332745,63.70001399999999,9.600230602846324,73.36335315879631,63.70001591896379,0.0,1,-4.440892098500626e-14,0.0,0.02374276074582138,-0.023151415134695874,73.39865505332745,-63.70001399999998,9.600230602846324,73.36335315879631,-63.7000159189638,0.0,1,-4.440892098500626e-14
0.375,375000,brace_stance,0.0,0.0,0.0,79.59629488197193,1.0,0.0,0.0,0.0,0.0,0.0,79.59629488197193,39.31224498573503,35.170046840371526,0,feet,0.0,0.024964334129531363,-0.024332781854013774,-39.284989849398485,63.70001399999999,9.600256819956897,-39.31224498573502,63.70001591896379,0.0,1,1.0658141036401503e-14,0.0,0.024964334129531363,-0.02433278472562117,-39.284989849398485,-63.70001399999998,9.600256819956897,-39.312244985735035,-63.7000159189638,0.0,1,1.0658141036401503e-14,0.0,0.024964340931580953,-0.024332808923754445,73.39060824936354,63.70001399999999,9.600256820086827,73.36335315879631,63.70001591896379,0.0,1,1.7763568394002505e-15,0.0,0.024964340931580953,-0.024332808923754445,73.39060824936354,-63.70001399999998,9.600256820086827,73.36335315879631,-63.7000159189638,0.0,1,1.7763568394002505e-15
0.38333333333333336,383333,brace_stance,0.0,0.0,0.0,79.52756061983337,1.0,0.0,0.0,0.0,0.0,0.0,79.52756061983337,39.31224498573503,35.101312578232964,0,feet,0.0,0.02620634776041042,-0.0255329619768494,-39.29317084131583,63.70001399999999,9.600276560005966,-39.31224498573502,63.70001591896379,0.0,1,-5.329070518200751e-15,0.0,0.02620634776041042,-0.02553296498823432,-39.29317084131581,-63.70001399999998,9.600276560005994,-39.312244985735035,-63.7000159189638,0.0,1,2.3092638912203256e-14,0.0,0.026206354887674976,-0.025532990364062425,73.38242725520723,63.70001399999999,9.600276560101335,73.36335315879631,63.70001591896379,0.0,1,-2.1316282072803006e-14,0.0,0.026206354887674976,-0.025532990364062425,73.38242725520723,-63.70001399999998,9.600276560101335,73.36335315879631,-63.7000159189638,0.0,1,-2.1316282072803006e-14
0.39166666666666666,391667,brace_stance,0.0,0.0,0.0,79.4576861855613,1.0,0.0,0.0,0.0,0.0,0.0,79.4576861855613,39.31224498573503,35.0314381439609,0,feet,0.0,0.027467442753210225,-0.026750576979426288,-39.30147708144557,63.70001399999999,9.600289469793225,-39.31224498573502,63.70001591896379,0.0,1,3.552713678800501e-15,0.0,0.027467442753211113,-0.026750580132444135,-39.3014770814456,-63.70001399999998,9.600289469793239,-39.312244985735035,-63.7000159189638,0.0,1,1.7763568394002505e-14,0.0,0.02746745020943342,-0.026750606701610113,73.37412101280759,63.70001399999999,9.6002894698496,73.36335315879631,63.70001591896379,0.0,1,-1.5987211554602254e-14,0.0,0.02746745020943342,-0.026750606701610113,73.37412101280759,-63.70001399999998,9.6002894698496,73.36335315879631,-63.7000159189638,0.0,1,-1.5987211554602254e-14
0.4,400000,brace_stance,0.0,0.0,0.0,79.38674462109654,1.0,0.0,0.0,0.0,0.0,0.0,79.38674462109654,39.31224498573503,34.96049657949614,0,feet,0.0,0.02874623615155114,-0.027984248335919837,-39.30989942689746,63.70001399999999,9.60029522201998,-39.31224498573502,63.70001591896379,0.0,1,2.6645352591003757e-14,0.0,0.028746236151551585,-0.02798425163225815,-39.30989942689749,-63.70001399999998,9.600295222019952,-39.312244985735035,-63.7000159189638,0.0,1,-1.7763568394002505e-15,0.0,0.02874624394006231,-0.027984279409002166,73.36569866505758,63.70001399999999,9.600295222032798,73.36335315879631,63.70001591896379,0.0,1,0.0,0.0,0.02874624394006231,-0.027984279409002166,73.36569866505758,-63.70001399999998,9.600295222032798,73.36335315879631,-63.7000159189638,0.0,1,0.0
0.4083333333333333,408333,brace_stance,0.0,0.0,0.0,79.31481083480784,1.0,0.0,0.0,0.0,0.0,0.0,79.31481083480784,39.32671322032474,34.88856279320744,0,feet,0.0,0.030041468537056026,-0.029232720486379815,-39.31842954884722,63.70001399999999,9.600301914065255,-39.32671322032474,63.700015918920016,0.0,1,3.552713678800501e-14,0.0,0.030041468537056026,-0.029232723927575588,-39.31842954884722,-63.70001399999998,9.600301914065255,-39.32671322032474,-63.700015918920016,0.0,1,3.552713678800501e-14,0.0,0.03004147666229917,-0.02923275292629146,73.35716854077398,63.70001399999999,9.600301914112578,73.34888492420669,63.700015918920016,0.0,1,-2.1316282072803006e-14,0.0,0.03004147666229917,-0.02923275292629146,73.35716854077398,-63.70001399999998,9.600301914112578,73.34888492420669,-63.700015918920016,0.0,1,-2.1316282072803006e-14
0.4166666666666667,416667,brace_stance,0.0,0.0,0.0,79.24196145792061,1.0,0.0,0.0,0.0,0.0,0.0,79.24196145792061,39.32671322032474,34.81571341632021,0,feet,0.0,0.03135163632386151,-0.030494506091249818,-39.327057521726324,63.70001399999999,9.600305481695585,-39.32671322032474,63.700015918920016,0.0,1,1.4210854715202004e-14,0.0,0.03135163632386151,-0.030494509678660187,-39.3270575217263,-63.70001399999998,9.600305481695585,-39.32671322032474,-63.700015918920016,0.0,1,1.4210854715202004e-14,0.0,0.03135164478693353,-0.03049453990943629,73.3485405655473,63.70001399999999,9.600305481693539,73.34888492420669,63.700015918920016,0.0,1,2.1316282072803006e-14,0.0,0.03135164478693353,-0.03049453990943629,73.3485405655473,-63.70001399999998,9.600305481693539,73.34888492420669,-63.700015918920016,0.0,1,2.1316282072803006e-14
0.425,425000,brace_stance,0.0,0.0,0.0,79.16827470094539,1.0,0.0,0.0,0.0,0.0,0.0,79.16827470094539,39.32671322032474,34.74202665934499,0,feet,0.0,0.032675202102686374,-0.03176809032348826,-39.33577318654105,63.70001399999999,9.600301212849004,-39.32671322032474,63.700015918920016,0.0,1,2.1316282072803006e-14,0.0,0.032675202102686374,-0.03176809405829095,-39.33577318654106,-63.70001399999998,9.600301212848976,-39.32671322032474,-63.700015918920016,0.0,1,-7.105427357601002e-15,0.0,0.03267521090567227,-0.031768125531072666,73.33982489836472,63.70001399999999,9.60030121279273,73.34888492420669,63.700015918920016,0.0,1,1.5987211554602254e-14,0.0,0.03267521090567227,-0.031768125531072666,73.33982489836472,-63.70001399999998,9.60030121279273,73.34888492420669,-63.700015918920016,0.0,1,1.5987211554602254e-14
0.43333333333333335,433333,brace_stance,0.0,0.0,0.0,79.09383021010657,1.0,0.0,0.0,0.0,0.0,0.0,79.09383021010657,39.32671322032474,34.66758216850617,0,feet,0.0,0.03401069002146473,-0.03305202230344495,-39.34456679231298,63.70001399999999,9.600288886819214,-39.32671322032474,63.700015918920016,0.0,1,-1.2434497875801753e-14,0.0,0.03401069002146473,-0.033052026186644934,-39.34456679231295,-63.70001399999998,9.600288886819243,-39.32671322032474,-63.700015918920016,0.0,1,1.7763568394002505e-14,0.0,0.03401069916603561,-0.033052058909932125,73.33103129020745,63.70001399999999,9.600288886703936,73.34888492420669,63.700015918920016,0.0,1,3.019806626980426e-14,0.0,0.03401069916603561,-0.033052058909932125,73.33103129020745,-63.70001399999998,9.600288886703936,73.34888492420669,-63.700015918920016,0.0,1,3.019806626980426e-14
0.44166666666666665,441667,brace_stance,0.0,0.0,0.0,79.01870892377104,1.0,0.0,0.0,0.0,0.0,0.0,79.01870892377104,39.32671322032474,34.59246088217064,0,feet,0.0,0.03535660827332654,-0.03434484057915066,-39.35342848444553,63.70001399999999,9.600268316827396,-39.32671322032474,63.700015918920016,0.0,1,-2.6645352591003757e-14,0.0,0.03535660827332654,-0.03434484461157972,-39.353428484445494,-63.70001399999998,9.600268316827453,-39.32671322032474,-63.700015918920016,0.0,1,3.019806626980426e-14,0.0,0.03535661776074184,-0.03434487859242008,73.32216959567467,63.70001399999999,9.600268316648169,73.34888492420669,63.700015918920016,0.0,1,-1.2434497875801753e-14,0.0,0.03535661776074184,-0.03434487859242008,73.32216959567467,-63.70001399999998,9.600268316648169,73.34888492420669,-63.700015918920016,0.0,1,-1.2434497875801753e-14
0.45,450000,brace_stance,0.0,0.0,0.0,78.94299292887665,1.0,0.0,0.0,0.0,0.0,0.0,78.94299292887665,39.32671322032474,34.516744887276246,0,feet,0.0,0.03671145189630609,-0.03564507597298494,-39.362348323415915,63.70001399999999,9.600239351174835,-39.32671322032474,63.700015918920016,0.0,1,3.375077994860476e-14,0.0,0.03671145189630609,-0.035645080155301656,-39.362348323415915,-63.70001399999998,9.600239351174835,-39.32671322032474,-63.700015918920016,0.0,1,3.375077994860476e-14,0.0,0.03671146172741446,-0.03564511539929427,73.31324975429197,63.70001399999999,9.600239350926742,73.34888492420669,63.700015918920016,0.0,1,-1.5987211554602254e-14,0.0,0.03671146172741446,-0.03564511539929427,73.31324975429197,-63.70001399999998,9.600239350926742,73.34888492420669,-63.700015918920016,0.0,1,-1.5987211554602254e-14
0.4583333333333333,458333,brace_stance,0.0,0.0,0.0,78.866765317361,1.0,0.0,0.0,0.0,0.0,0.0,78.866765317361,39.32671322032474,34.4405172757606,0,feet,0.0,0.03807370553063816,-0.03695125436005631,-39.37131630318582,63.70001399999999,9.600201874201247,-39.32671322032474,63.700015918920016,0.0,1,1.9539925233402755e-14,0.0,0.03807370553063816,-0.036951258692748734,-39.37131630318582,-63.70001399999998,9.600201874201247,-39.32671322032474,-63.700015918920016,0.0,1,1.9539925233402755e-14,0.0,0.03807371570588236,-0.036951295204044055,73.30428177210047,63.70001399999999,9.600201873879485,73.34888492420669,63.700015918920016,0.0,1,-2.842170943040401e-14,0.0,0.03807371570588236,-0.036951295204044055,73.30428177210047,-63.70001399999998,9.600201873879485,73.34888492420669,-63.700015918920016,0.0,1,-2.842170943040401e-14
0.4666666666666667,466667,brace_stance,0.0,0.0,0.0,78.79011004258997,1.0,0.0,0.0,0.0,0.0,0.0,78.79011004258997,39.32671322032474,34.36386200098957,0,feet,0.0,0.039441846133226655,-0.0382618993775381,-39.38032236932568,63.70001399999999,9.600155807046079,-39.32671322032474,63.700015918920016,0.0,1,-1.7763568394002505e-14,0.0,0.039441846133226655,-0.0382619038609211,-39.38032236932568,-63.70001399999998,9.600155807046079,-39.32671322032474,-63.700015918920016,0.0,1,-1.7763568394002505e-14,0.0,0.03944185665264799,-0.03826194164223029,73.29527570353247,63.70001399999999,9.600155806645901,73.34888492420669,63.700015918920016,0.0,1,4.263256414560601e-14,0.0,0.03944185665264799,-0.03826194164223029,73.29527570353247,-63.70001399999998,9.600155806645901,73.34888492420669,-63.700015918920016,0.0,1,4.263256414560601e-14
0.475,475000,brace_stance,0.0,0.0,0.0,78.71311177578633,1.0,0.0,0.0,0.0,0.0,0.0,78.71311177578633,39.32671322032474,34.28686373418593,0,feet,0.0,0.04081434564908237,-0.03957553506459188,-39.389356436849,63.70001399999999,9.600101108209259,-39.32671322032474,63.700015918920016,0.0,1,-1.7763568394002505e-14,0.0,0.04081434564908237,-0.039575539698810225,-39.38935643684897,-63.70001399999998,9.600101108209316,-39.32671322032474,-63.700015918920016,0.0,1,3.907985046680551e-14,0.0,0.04081435651232468,-0.03957557875140294,73.28624163357702,63.70001399999999,9.600101107725749,73.34888492420669,63.700015918920016,0.0,1,2.842170943040401e-14,0.0,0.04081435651232468,-0.03957557875140294,73.28624163357702,-63.70001399999998,9.600101107725749,73.34888492420669,-63.700015918920016,0.0,1,2.842170943040401e-14
0.48333333333333334,483333,brace_stance,0.0,0.0,0.0,78.63585576245839,1.0,0.0,0.0,0.0,0.0,0.0,78.63585576245839,39.32671322032474,34.20960772085799,0,feet,0.0,0.04218967363979642,-0.04089068843287613,-39.398408407755326,63.70001399999999,9.60003777391097,-39.32671322032474,63.700015918920016,0.0,1,3.730349362740526e-14,0.0,0.04218967363979642,-0.04089069321790362,-39.398408407755326,-63.70001399999998,9.60003777391097,-39.32671322032474,-63.700015918920016,0.0,1,3.730349362740526e-14,0.0,0.04218968484611496,-0.040890733541629753,73.27718966023735,63.70001399999999,9.600037773339324,73.34888492420669,63.700015918920016,0.0,1,0.0,0.0,0.04218968484611496,-0.040890733541629753,73.27718966023735,-63.70001399999998,9.600037773339324,73.34888492420669,-63.700015918920016,0.0,1,0.0
0.49166666666666664,491667,brace_stance,0.0,0.0,0.0,78.55842767882861,1.0,0.0,0.0,0.0,0.0,0.0,78.55842767882861,39.32671322032474,34.132179637228205,0,feet,0.0,0.04356629986932381,-0.04220589196804303,-39.40746818828053,63.70001399999999,9.599965838250071,-39.32671322032474,63.700015918920016,0.0,1,2.3092638912203256e-14,0.0,0.04356629986932381,-0.04220589690368781,-39.40746818828052,-63.70001399999998,9.599965838250071,-39.32671322032474,-63.700015918920016,0.0,1,2.3092638912203256e-14,0.0,0.0435663114175866,-0.042205938496984174,73.26812987728044,63.70001399999999,9.599965837585742,73.34888492420669,63.700015918920016,0.0,1,-5.329070518200751e-15,0.0,0.0435663114175866,-0.042205938496984174,73.26812987728044,-63.70001399999998,9.599965837585742,73.34888492420669,-63.700015918920016,0.0,1,-5.329070518200751e-15
0.5,500000,brace_stance,0.0,0.0,0.0,78.48091348826223,1.0,0.0,0.0,0.0,0.0,0.0,78.48091348826223,39.44026713046647,34.05466544666183,0,feet,0.0,0.044944185034420325,-0.04352110591598857,-39.416535498670584,63.70001399999999,9.599969144800198,-39.44026713046647,60.74619282880431,0.0,1,2.3092638912203256e-14,0.0,0.044944185034420325,-0.04352111100205214,-39.416535498670584,-63.70001399999998,9.599969144800198,-39.44026713046647,-60.74619282880431,0.0,1,2.3092638912203256e-14,0.0,0.04494419694059859,-0.043521153879651386,73.25906256434763,63.70001399999999,9.59996914500168,73.23533101406565,60.74619282880431,0.0,1,-1.7763568394002505e-15,0.0,0.04494419694059859,-0.043521153879651386,73.25906256434763,-63.70001399999998,9.59996914500168,73.23533101406565,-60.74619282880431,0.0,1,-1.7763568394002505e-15
0.5083333333333333,508333,brace_stance,0.0,0.0,0.0,78.40339929769586,1.0,0.0,0.0,0.0,0.0,0.0,78.40339929769586,39.44026713046647,33.97715125609545,0,feet,0.0,0.0463207297963204,-0.04483384651861089,-39.4255933175163,63.70001399999999,9.599987263047652,-39.44026713046647,60.74619282880431,0.0,1,2.842170943040401e-14,0.0,0.0463207297963204,-0.04483385175461363,-39.4255933175163,-63.70001399999998,9.599987263047652,-39.44026713046647,-60.74619282880431,0.0,1,2.842170943040401e-14,0.0,0.04632074204202841,-0.04483389589665698,73.25000474307382,63.70001399999999,9.599987263175919,73.23533101406565,60.74619282880431,0.0,1,-1.2434497875801753e-14,0.0,0.04632074204202841,-0.04483389589665698,73.25000474307382,-63.70001399999998,9.599987263175919,73.23533101406565,-60.74619282880431,0.0,1,-1.2434497875801753e-14
0.5166666666666667,516667,brace_stance,0.0,0.0,0.0,78.32597121406607,1.0,0.0,0.0,0.0,0.0,0.0,78.32597121406607,39.44026713046647,33.89972317246567,0,feet,0.0,0.04769400088720088,-0.04614227804798077,-39.43462888540752,63.70001399999999,9.59999682196073,-39.44026713046647,60.74619282880431,0.0,1,1.9539925233402755e-14,0.0,0.04769400088720088,-0.046142283433235676,-39.43462888540748,-63.70001399999998,9.599996821960758,-39.44026713046647,-60.74619282880431,0.0,1,4.796163466380676e-14,0.0,0.04769401347019375,-0.046142328834001045,73.24096917276398,63.70001399999999,9.599996822011462,73.23533101406565,60.74619282880431,0.0,1,3.197442310920451e-14,0.0,0.04769401347019375,-0.046142328834001045,73.24096917276398,-63.70001399999998,9.599996822011462,73.23533101406565,-60.74619282880431,0.0,1,3.197442310920451e-14
0.525,525000,brace_stance,0.0,0.0,0.0,78.24871520073813,1.0,0.0,0.0,0.0,0.0,0.0,78.24871520073813,39.450507719795304,33.82246715913773,0,feet,0.0,0.04906251542502549,-0.04744499910301547,-39.44363243278288,63.70001399999999,9.59999921738401,-39.450507719795304,60.7399748722095,0.0,1,1.7763568394002505e-15,0.0,0.04906251542502549,-0.04744500463667656,-39.44363243278288,-63.70001399999998,9.59999921738401,-39.450507719795304,-60.7399748722095,0.0,1,1.7763568394002505e-15,0.0,0.049062528344385736,-0.047445051290715856,73.23196562297093,63.70001399999999,9.59999921744759,73.22509042473682,60.7399748722095,0.0,1,0.0,0.0,0.049062528344385736,-0.047445051290715856,73.23196562297093,-63.70001399999998,9.59999921744759,73.22509042473682,-60.7399748722095,0.0,1,0.0
0.5333333333333333,533333,brace_stance,0.0,0.0,0.0,78.17171693393449,1.0,0.0,0.0,0.0,0.0,0.0,78.17171693393449,39.450507719795304,33.74546889233409,0,feet,0.0,0.05042490157140378,-0.048740718705878816,-39.45259492855753,63.70001399999999,9.60000145244284,-39.450507719795304,60.7399748722095,0.0,1,-3.552713678800501e-15,0.0,0.05042490157140378,-0.048740724386959755,-39.45259492855752,-63.70001399999998,9.600001452442868,-39.450507719795304,-60.7399748722095,0.0,1,2.6645352591003757e-14,0.0,0.05042491482259104,-0.048740772284461276,73.2230031248036,63.70001399999999,9.60000145242303,73.22509042473682,60.7399748722095,0.0,1,1.0658141036401503e-14,0.0,0.05042491482259104,-0.048740772284461276,73.2230031248036,-63.70001399999998,9.60000145242303,73.22509042473682,-60.7399748722095,0.0,1,1.0658141036401503e-14
0.5416666666666666,541667,brace_stance,0.0,0.0,0.0,78.09506165916346,1.0,0.0,0.0,0.0,0.0,0.0,78.09506165916346,39.459382405000476,33.66881361756306,0,feet,0.0,0.051779575772727515,-0.05002794946274314,-39.46150595038621,63.70001399999999,9.599997770481195,-39.459382405000476,60.73333348422281,0.0,1,1.0658141036401503e-14,0.0,0.051779575772727515,-0.050027955290087966,-39.46150595038621,-63.70001399999998,9.599997770481195,-39.459382405000476,-60.73333348422281,0.0,1,1.0658141036401503e-14,0.0,0.051779589354000066,-0.05002800442286093,73.21409210058926,63.70001399999999,9.599997770460504,73.2162157395317,60.73333348422281,0.0,1,1.5987211554602254e-14,0.0,0.051779589354000066,-0.05002800442286093,73.21409210058926,-63.70001399999998,9.599997770460504,73.2162157395317,-60.73333348422281,0.0,1,1.5987211554602254e-14
0.55,550000,brace_stance,0.0,0.0,0.0,78.01883404764781,1.0,0.0,0.0,0.0,0.0,0.0,78.01883404764781,39.47705198596154,33.59258600604741,0,feet,0.0,0.05312532309963336,-0.051305558942047025,-39.470357506566145,63.70001399999999,9.600002337736683,-39.47705198596153,60.71151150841919,0.0,1,3.552713678800501e-15,0.0,0.05312532309963425,-0.05130556491437854,-39.47035750656619,-63.70001399999998,9.600002337736683,-39.47705198596155,-60.71151150841919,0.0,1,1.7763568394002505e-15,0.0,0.05312533700908295,-0.05130561527326849,73.20524054203187,63.70001399999999,9.60000233780356,73.19854615857074,60.71151150841919,0.0,1,-1.9539925233402755e-14,0.0,0.05312533700908295,-0.05130561527326849,73.20524054203187,-63.70001399999998,9.60000233780356,73.19854615857074,-60.71151150841919,0.0,1,-1.9539925233402755e-14
0.5583333333333333,558333,brace_stance,0.0,0.0,0.0,77.94311805275342,1.0,0.0,0.0,0.0,0.0,0.0,77.94311805275342,39.47705198596154,33.51687001115302,0,feet,0.0,0.05446050825243498,-0.05257201969210756,-39.47913885404483,63.70001399999999,9.600004445081566,-39.47705198596153,60.71151150841919,0.0,1,7.105427357601002e-15,0.0,0.054460508252435424,-0.05257202580798026,-39.47913885404484,-63.70001399999998,9.600004445081595,-39.47705198596155,-60.71151150841919,0.0,1,3.552713678800501e-14,0.0,0.05446052248312405,-0.052572077377988524,73.19645919221756,63.70001399999999,9.600004445060222,73.19854615857074,60.71151150841919,0.0,1,2.6645352591003757e-14,0.0,0.05446052248312405,-0.052572077377988524,73.19645919221756,-63.70001399999998,9.600004445060222,73.19854615857074,-60.71151150841919,0.0,1,2.6645352591003757e-14
0.5666666666666667,566667,brace_stance,0.0,0.0,0.0,77.86799676641789,1.0,0.0,0.0,0.0,0.0,0.0,77.86799676641789,39.48805779247933,33.44174872481749,0,feet,0.0,0.055783620101407916,-0.053825927746983915,-39.48784005371171,63.70001399999999,9.599999206947018,-39.488057792479346,66.27374638689588,0.0,1,8.881784197001252e-15,0.0,0.05578362010140747,-0.05382593400479774,-39.48784005371169,-63.70001399999998,9.59999920694699,-39.48805779247932,-66.27374638689588,0.0,1,-1.9539925233402755e-14,0.0,0.05578363465114311,-0.05382598677444239,73.187757990226,63.70001399999999,9.599999206949292,73.18754035205296,66.27374638689588,0.0,1,1.7763568394002505e-15,0.0,0.05578363465114311,-0.05382598677444239,73.187757990226,-63.70001399999998,9.599999206949292,73.18754035205296,-66.27374638689588,0.0,1,1.7763568394002505e-15
0.575,575000,brace_stance,0.0,0.0,0.0,77.79355227557907,1.0,0.0,0.0,0.0,0.0,0.0,77.79355227557907,39.507197349167015,33.36730423397867,0,feet,0.0,0.05709346103584645,-0.055066180353462446,-39.49645323785609,63.70001399999999,9.599998204555234,-39.50719734916703,59.93459691168532,0.0,1,2.4868995751603507e-14,0.0,0.05709346103584556,-0.05506618675149877,-39.49645323785606,-63.70001399999998,9.599998204555206,-39.507197349167,-59.93459691168532,0.0,1,-3.552713678800501e-15,0.0,0.057093475901780266,-0.05506624070790567,73.1791448037726,63.70001399999999,9.599998204670399,73.16840079536533,59.93459691168532,0.0,1,2.1316282072803006e-14,0.0,0.057093475901780266,-0.05506624070790567,73.1791448037726,-63.70001399999998,9.599998204670399,73.16840079536533,-59.93459691168532,0.0,1,2.1316282072803006e-14
0.5833333333333334,583333,brace_stance,0.0,0.0,0.0,77.71986551860385,1.0,0.0,0.0,0.0,0.0,0.0,77.71986551860385,39.507197349167015,33.29361747700345,0,feet,0.0,0.05838869921791634,-0.05629155111885131,-39.50496966656985,63.70001399999999,9.60000395837531,-39.50719734916703,59.93459691168532,0.0,1,1.4210854715202004e-14,0.0,0.058388699217915896,-0.056291557655259616,-39.5049696665698,-63.70001399999998,9.60000395837534,-39.507197349167,-59.93459691168532,0.0,1,4.263256414560601e-14,0.0,0.058388714391777174,-0.0562916127795563,73.17062837280133,63.70001399999999,9.600003958399725,73.16840079536533,59.93459691168532,0.0,1,2.6645352591003757e-14,0.0,0.058388714391777174,-0.0562916127795563,73.17062837280133,-63.70001399999998,9.600003958399725,73.16840079536533,-59.93459691168532,0.0,1,2.6645352591003757e-14
0.5916666666666667,591667,brace_stance,0.0,0.0,0.0,77.64701614171662,1.0,0.0,0.0,0.0,0.0,0.0,77.64701614171662,39.507197349167015,33.22076810011622,0,feet,0.0,0.059667736181424846,-0.05750056586786023,-39.513378843656554,63.70001399999999,9.600002226693363,-39.50719734916703,59.93459691168532,0.0,1,2.6645352591003757e-14,0.0,0.05966773618142396,-0.05750057254062879,-39.513378843656525,-63.70001399999998,9.600002226693334,-39.507197349167,-59.93459691168532,0.0,1,-1.7763568394002505e-15,0.0,0.059667751658135426,-0.05750062881594431,73.16221919348828,63.70001399999999,9.600002226624184,73.16840079536533,59.93459691168532,0.0,1,-3.552713678800501e-15,0.0,0.059667751658135426,-0.05750062881594431,73.16221919348828,-63.70001399999998,9.600002226624184,73.16840079536533,-59.93459691168532,0.0,1,-3.552713678800501e-15
0.6,600000,brace_stance,0.0,0.0,0.0,77.57508235542792,1.0,0.0,0.0,0.0,0.0,0.0,77.57508235542792,39.590034436339835,33.14883431382752,0,feet,0.0,0.06093040376620129,-0.058693105466046,-39.52167967569169,63.70001399999999,9.600058589976186,-39.590034436339856,63.70001591752033,0.0,1,2.842170943040401e-14,0.0,0.0609304037662004,-0.05869311227315954,-39.521679675691665,-63.70001399999998,9.600058589976157,-39.59003443633981,-63.70001591752033,0.0,1,0.0,0.0,0.06093041955728351,-0.058693169698231795,73.15391835914917,63.70001399999999,9.600058590757243,73.08556370819328,63.70001591752033,0.0,1,5.1514348342607263e-14,0.0,0.06093041955728351,-0.058693169698231795,73.15391835914917,-63.70001399999998,9.600058590757243,73.08556370819328,-63.70001591752033,0.0,1,5.1514348342607263e-14
0.6083333333333333,608333,brace_stance,0.0,0.0,0.0,77.50414079096316,1.0,0.0,0.0,0.0,0.0,0.0,77.50414079096316,39.590034436339835,33.07789274936276,0,feet,0.0,0.06217436858864955,-0.05986700575696435,-39.529856905773315,63.70001399999999,9.600113331054644,-39.590034436339856,63.70001591752033,0.0,1,-5.329070518200751e-15,0.0,0.06217436858864911,-0.059867012696169564,-39.529856905773286,-63.70001399999998,9.600113331054672,-39.59003443633981,-63.70001591752033,0.0,1,2.3092638912203256e-14,0.0,0.06217438467227154,-0.05986707123668111,73.14574112690502,63.70001399999999,9.600113331755807,73.08556370819328,63.70001591752033,0.0,1,7.105427357601002e-15,0.0,0.06217438467227154,-0.05986707123668111,73.14574112690502,-63.70001399999998,9.600113331755807,73.08556370819328,-63.70001591752033,0.0,1,7.105427357601002e-15
0.6166666666666667,616667,brace_stance,0.0,0.0,0.0,77.4342663566911,1.0,0.0,0.0,0.0,0.0,0.0,77.4342663566911,39.590034436339835,33.008018315090695,0,feet,0.0,0.06339827253864394,-0.06102103177395746,-39.53790160300433,63.70001399999999,9.600160387825156,-39.590034436339856,63.70001591752033,0.0,1,3.019806626980426e-14,0.0,0.06339827253864261,-0.06102103884286869,-39.537901603004286,-63.70001399999998,9.600160387825127,-39.59003443633981,-63.70001591752033,0.0,1,1.7763568394002505e-15,0.0,0.06339828890897037,-0.061021098478784896,73.13769642754903,63.70001399999999,9.600160388444095,73.08556370819328,63.70001591752033,0.0,1,1.4210854715202004e-14,0.0,0.06339828890897037,-0.061021098478784896,73.13769642754903,-63.70001399999998,9.600160388444095,73.08556370819328,-63.70001591752033,0.0,1,1.4210854715202004e-14
0.625,625000,brace_stance,0.0,0.0,0.0,77.36553209455253,1.0,0.0,0.0,0.0,0.0,0.0,77.36553209455253,39.590034436339835,32.93928405295213,0,feet,0.0,0.0646009059801842,-0.062154090977291965,-39.545805836215536,63.70001399999999,9.600200057040965,-39.590034436339856,63.70001591752033,0.0,1,1.7763568394002505e-15,0.0,0.06460090598018331,-0.062154098173411665,-39.54580583621547,-63.70001399999998,9.600200057040993,-39.59003443633981,-63.70001591752033,0.0,1,3.019806626980426e-14,0.0,0.06460092263115635,-0.062154158883724,73.12979219225235,63.70001399999999,9.60020005757572,73.08556370819328,63.70001591752033,0.0,1,3.907985046680551e-14,0.0,0.06460092263115635,-0.062154158883724,73.12979219225235,-63.70001399999998,9.60020005757572,73.08556370819328,-63.70001591752033,0.0,1,3.907985046680551e-14
0.6333333333333333,633333,brace_stance,0.0,0.0,0.0,77.29800903648895,1.0,0.0,0.0,0.0,0.0,0.0,77.29800903648895,39.590034436339835,32.87176099488855,0,feet,0.0,0.06578109818475264,-0.06326513018164004,-39.553561933344284,63.70001399999999,9.600232656597612,-39.590034436339856,63.70001591752033,0.0,1,-1.2434497875801753e-14,0.0,0.0657810981847522,-0.06326513750235874,-39.55356193334423,-63.70001399999998,9.60023265659764,-39.59003443633981,-63.70001591752033,0.0,1,1.5987211554602254e-14,0.0,0.06578111511009865,-0.06326519926513052,73.12203609307934,63.70001399999999,9.600232657046362,73.08556370819328,63.70001591752033,0.0,1,2.4868995751603507e-14,0.0,0.06578111511009865,-0.06326519926513052,73.12203609307934,-63.70001399999998,9.600232657046362,73.08556370819328,-63.70001591752033,0.0,1,2.4868995751603507e-14
0.6416666666666667,641667,brace_stance,0.0,0.0,0.0,77.23176606087104,1.0,0.0,0.0,0.0,0.0,0.0,77.23176606087104,39.590034436339835,32.805518019270636,0,feet,0.0,0.06693771939205906,-0.06435313718649827,-39.561162494821076,63.70001399999999,9.600258523356118,-39.590034436339856,63.70001591752033,0.0,1,3.197442310920451e-14,0.0,0.06693771939205861,-0.06435314462910124,-39.56116249482106,-63.70001399999998,9.600258523356118,-39.59003443633981,-63.70001591752033,0.0,1,3.197442310920451e-14,0.0,0.06693773658530588,-0.06435320742150408,73.1144355296014,63.70001399999999,9.6002585237173,73.08556370819328,63.70001591752033,0.0,1,-7.105427357601002e-15,0.0,0.06693773658530588,-0.06435320742150408,73.1144355296014,-63.70001399999998,9.6002585237173,73.08556370819328,-63.70001591752033,0.0,1,-7.105427357601002e-15
0.65,650000,brace_stance,0.0,0.0,0.0,77.1668697489274,1.0,0.0,0.0,0.0,0.0,0.0,77.1668697489274,39.590034436339835,32.740621707326994,0,feet,0.0,0.06806968286118797,-0.0654171423896952,-39.56860040686739,63.70001399999999,9.60027801090466,-39.590034436339856,63.70001591752033,0.0,1,3.730349362740526e-14,0.0,0.06806968286118709,-0.06541714995137005,-39.568600406867326,-63.70001399999998,9.60027801090466,-39.59003443633981,-63.70001591752033,0.0,1,3.552713678800501e-14,0.0,0.06806970031567383,-0.06541721374972997,73.10699761559889,63.70001399999999,9.600278011177195,73.08556370819328,63.70001591752033,0.0,1,4.085620730620576e-14,0.0,0.06806970031567383,-0.06541721374972997,73.10699761559889,-63.70001399999998,9.600278011177195,73.08556370819328,-63.70001591752033,0.0,1,4.085620730620576e-14
0.6583333333333333,658333,brace_stance,0.0,0.0,0.0,77.10338424117315,1.0,0.0,0.0,0.0,0.0,0.0,77.10338424117315,39.590034436339835,32.67713619957274,0,feet,0.0,0.06917594691457252,-0.06645622038792309,-39.57586885472173,63.70001399999999,9.600291487271406,-39.590034436339856,63.70001591752033,0.0,1,7.105427357601002e-15,0.0,0.06917594691457163,-0.06645622806576057,-39.575868854721705,-63.70001399999998,9.600291487271377,-39.59003443633981,-63.70001591752033,0.0,1,-2.1316282072803006e-14,0.0,0.06917596462346198,-0.06645629284559762,73.09972916583473,63.70001399999999,9.600291487454356,73.08556370819328,63.70001591752033,0.0,1,2.842170943040401e-14,0.0,0.06917596462346198,-0.06645629284559762,73.09972916583473,-63.70001399999998,9.600291487454356,73.08556370819328,-63.70001591752033,0.0,1,2.842170943040401e-14
0.6666666666666666,666667,brace_stance,0.0,0.0,0.0,77.04137109383846,1.0,0.0,0.0,0.0,0.0,0.0,77.04137109383846,39.590034436339835,32.61512305223806,0,feet,0.0,0.07025551697720189,-0.06746949156823856,-39.58296133581206,63.70001399999999,9.600299332600386,-39.590034436339856,63.70001591752033,0.0,1,1.2434497875801753e-14,0.0,0.070255516977201,-0.06746949935924063,-39.582961335812016,-63.70001399999998,9.600299332600358,-39.59003443633981,-63.70001591752033,0.0,1,-1.7763568394002505e-14,0.0,0.07025553493349479,-0.0674695650953141,73.09263668288264,63.70001399999999,9.600299332693126,73.08556370819328,63.70001591752033,0.0,1,4.085620730620576e-14,0.0,0.07025553493349479,-0.0674695650953141,73.09263668288264,-63.70001399999998,9.600299332693126,73.08556370819328,-63.70001591752033,0.0,1,4.085620730620576e-14
0.675,675000,brace_stance,0.0,0.0,0.0,76.98088913529733,1.0,0.0,0.0,0.0,0.0,0.0,76.98088913529733,39.590034436339835,32.55464109369693,0,feet,0.0,0.07130744761344765,-0.06845612369446519,-39.58987167289098,63.70001399999999,9.600301936803163,-39.590034436339856,63.70001591752033,0.0,1,1.4210854715202004e-14,0.0,0.07130744761344676,-0.06845613159555075,-39.58987167289092,-63.70001399999998,9.600301936803163,-39.59003443633981,-63.70001591752033,0.0,1,1.2434497875801753e-14,0.0,0.07130746580999192,-0.06845619826190319,73.08572634399147,63.70001399999999,9.600301936805323,73.08556370819328,63.70001591752033,0.0,1,1.0658141036401503e-14,0.0,0.07130746580999192,-0.06845619826190319,73.08572634399147,-63.70001399999998,9.600301936805323,73.08556370819328,-63.70001591752033,0.0,1,1.0658141036401503e-14
0.6833333333333333,683333,brace_stance,0.0,0.0,0.0,76.92199432249603,1.0,0.0,0.0,0.0,0.0,0.0,76.92199432249603,39.590034436339835,32.49574628089563,0,feet,0.0,0.0723308445639037,-0.06941533349244056,-39.59659402715222,63.70001399999999,9.600299697199375,-39.590034436339856,63.70001591752033,0.0,1,-1.2434497875801753e-14,0.0,0.07233084456390326,-0.06941534150044859,-39.59659402715218,-63.70001399999998,9.600299697199404,-39.59003443633981,-63.70001591752033,0.0,1,1.7763568394002505e-14,0.0,0.07233086299341096,-0.06941540907045818,73.07900398796889,63.70001399999999,9.600299697111012,73.08556370819328,63.70001591752033,0.0,1,4.973799150320701e-14,0.0,0.07233086299341096,-0.06941540907045818,73.07900398796889,-63.70001399999998,9.600299697111012,73.08556370819328,-63.70001591752033,0.0,1,4.973799150320701e-14
0.6916666666666667,691667,brace_stance,0.0,0.0,0.0,76.86473959738184,1.0,0.0,0.0,0.0,0.0,0.0,76.86473959738184,39.590034436339835,32.43849155578144,0,feet,0.0,0.0733248667845885,-0.07034638823799755,-39.60312291134551,63.70001399999999,9.600293016158432,-39.590034436339856,63.70001591752033,0.0,1,3.552713678800501e-15,0.0,0.07332486678458805,-0.0703463963496942,-39.6031229113455,-63.70001399999998,9.600293016158432,-39.59003443633981,-63.70001591752033,0.0,1,3.552713678800501e-15,0.0,0.07332488543964333,-0.07034646479611384,73.07247510206639,63.70001399999999,9.600293015979688,73.08556370819328,63.70001591752033,0.0,1,2.3092638912203256e-14,0.0,0.07332488543964333,-0.07034646479611384,73.07247510206639,-63.70001399999998,9.600293015979688,73.08556370819328,-63.70001591752033,0.0,1,2.3092638912203256e-14
0.7,700000,brace_stance,0.0,0.0,0.0,76.80917474333161,1.0,0.0,0.0,0.0,0.0,0.0,76.80917474333161,39.590034436339835,32.38292670173121,0,feet,0.0,0.07428872849082557,-0.07124860735154082,-39.609453202907844,63.70001399999999,9.60028229875472,-39.590034436339856,63.70001591752033,0.0,1,0.0,0.0,0.07428872849082513,-0.0712486155636265,-39.609453202907815,-63.70001399999998,9.600282298754749,-39.59003443633981,-63.70001591752033,0.0,1,2.842170943040401e-14,0.0,0.07428874736390023,-0.07124868485863889,73.06614480884829,63.70001399999999,9.600282298486192,73.08556370819328,63.70001591752033,0.0,1,4.440892098500626e-14,0.0,0.07428874736390023,-0.07124868485863889,73.06614480884829,-63.70001399999998,9.600282298486192,73.08556370819328,-63.70001591752033,0.0,1,4.440892098500626e-14
0.7083333333333334,708333,brace_stance,0.0,0.0,0.0,76.7553462415804,1.0,0.0,0.0,0.0,0.0,0.0,76.7553462415804,39.590034436339835,32.329098199979995,0,feet,0.0,0.07522170120809246,-0.07212136400303581,-39.61558015712811,63.70001399999999,9.60026795044952,-39.590034436339856,63.70001591752033,0.0,1,3.019806626980426e-14,0.0,0.07522170120809113,-0.07212137231214832,-39.615580157128065,-63.70001399999998,9.600267950449492,-39.59003443633981,-63.70001591752033,0.0,1,1.7763568394002505e-15,0.0,0.07522172029155971,-0.07212144242741303,73.0600178530267,63.70001399999999,9.600267950091947,73.08556370819328,63.70001591752033,0.0,1,2.842170943040401e-14,0.0,0.07522172029155971,-0.07212144242741303,73.0600178530267,-63.70001399999998,9.600267950091947,73.08556370819328,-63.70001591752033,0.0,1,2.842170943040401e-14
0.7166666666666667,716667,brace_stance,0.0,0.0,0.0,76.70329712765007,1.0,0.0,0.0,0.0,0.0,0.0,76.70329712765007,39.590034436339835,32.27704908604967,0,feet,0.0,0.07612311583206433,-0.07296408673115318,-39.62149942036294,63.70001399999999,9.600250374810997,-39.590034436339856,63.70001591752033,0.0,1,0.0,0.0,0.07612311583206344,-0.07296409513387747,-39.621499420362895,-63.70001399999998,9.600250374811026,-39.59003443633981,-63.70001591752033,0.0,1,2.842170943040401e-14,0.0,0.07612313511821123,-0.07296416604058198,73.05409858824598,63.70001399999999,9.600250374365544,73.08556370819328,63.70001591752033,0.0,1,4.085620730620576e-14,0.0,0.07612313511821123,-0.07296416604058198,73.05409858824598,-63.70001399999998,9.600250374365544,73.08556370819328,-63.70001591752033,0.0,1,4.085620730620576e-14
0.725,725000,brace_stance,0.0,0.0,0.0,76.65306684777798,1.0,0.0,0.0,0.0,0.0,0.0,76.65306684777798,39.590034436339835,32.226818806177576,0,feet,0.0,0.07699236470004367,-0.07377626108024282,-39.62720704332063,63.70001399999999,9.600229971285529,-39.590034436339856,63.70001591752033,0.0,1,2.3092638912203256e-14,0.0,0.07699236470004278,-0.07377626957311234,-39.62720704332059,-63.70001399999998,9.6002299712855,-39.59003443633981,-63.70001591752033,0.0,1,-5.329070518200751e-15,0.0,0.07699238418108179,-0.07377634124202626,73.0483909637988,63.70001399999999,9.600229970753446,73.08556370819328,63.70001591752033,0.0,1,1.4210854715202004e-14,0.0,0.07699238418108179,-0.07377634124202626,73.0483909637988,-63.70001399999998,9.600229970753446,73.08556370819328,-63.70001591752033,0.0,1,1.4210854715202004e-14
0.7333333333333333,733333,brace_stance,0.0,0.0,0.0,76.60469111534549,1.0,0.0,0.0,0.0,0.0,0.0,76.60469111534549,39.590034436339835,32.178443073745086,0,feet,0.0,0.07782890367588458,-0.07455743125871006,-39.63269949442974,63.70001399999999,9.60020713303085,-39.590034436339856,63.70001591752033,0.0,1,-1.7763568394002505e-15,0.0,0.07782890367588413,-0.07455743983821828,-39.632699494429716,-63.70001399999998,9.60020713303085,-39.59003443633981,-63.70001591752033,0.0,1,-1.7763568394002505e-15,0.0,0.0778289233439664,-0.07455751223974572,73.04289851125736,63.70001399999999,9.600207132413786,73.08556370819328,63.70001591752033,0.0,1,-8.881784197001252e-15,0.0,0.0778289233439664,-0.07455751223974572,73.04289851125736,-63.70001399999998,9.600207132413786,73.08556370819328,-63.70001591752033,0.0,1,-8.881784197001252e-15
0.7416666666666667,741667,brace_stance,0.0,0.0,0.0,76.55820176730664,1.0,0.0,0.0,0.0,0.0,0.0,76.55820176730664,39.590034436339835,32.13195372570624,0,feet,0.0,0.07863225425047604,-0.07530720182229977,-39.63797367330896,63.70001399999999,9.600182244824182,-39.590034436339856,63.70001591752033,0.0,1,2.1316282072803006e-14,0.0,0.07863225425047515,-0.07530721048490152,-39.637973673308935,-63.70001399999998,9.600182244824154,-39.59003443633981,-63.70001591752033,0.0,1,-7.105427357601002e-15,0.0,0.07863227409770657,-0.07530728358913619,73.03762433100371,63.70001399999999,9.600182244123928,73.08556370819328,63.70001591752033,0.0,1,-3.019806626980426e-14,0.0,0.07863227409770657,-0.07530728358913619,73.03762433100371,-63.70001399999998,9.600182244123928,73.08556370819328,-63.70001591752033,0.0,1,-3.019806626980426e-14
0.75,750000,brace_stance,0.0,0.0,0.0,76.51362662061679,1.0,0.0,0.0,0.0,0.0,0.0,76.51362662061679,39.590034436339835,32.08737857901639,0,feet,0.0,0.07940200565974864,-0.07602523938561001,-39.64302692435411,63.70001399999999,9.600155681055,-39.590034436339856,63.70001591752033,0.0,1,1.2434497875801753e-14,0.0,0.07940200565974775,-0.07602524812773304,-39.64302692435409,-63.70001399999998,9.600155681054972,-39.59003443633981,-63.70001591752033,0.0,1,-1.5987211554602254e-14,0.0,0.07940202567820132,-0.07602532190451461,73.03257107864252,63.70001399999999,9.600155680273716,73.08556370819328,63.70001591752033,0.0,1,7.105427357601002e-15,0.0,0.07940202567820132,-0.07602532190451461,73.03257107864252,-63.70001399999998,9.600155680273716,73.08556370819328,-63.70001591752033,0.0,1,7.105427357601002e-15
0.7583333333333333,758333,brace_stance,0.0,0.0,0.0,76.47098932866119,1.0,0.0,0.0,0.0,0.0,0.0,76.47098932866119,39.590034436339835,32.04474128706079,0,feet,0.0,0.0801378170221132,-0.07671127436511327,-39.64785705045757,63.70001399999999,9.600127803814658,-39.590034436339856,63.70001591752033,0.0,1,2.1316282072803006e-14,0.0,0.08013781702211276,-0.07671128318316356,-39.64785705045753,-63.70001399999998,9.600127803814658,-39.59003443633981,-63.70001591752033,0.0,1,1.9539925233402755e-14,0.0,0.08013783720384016,-0.0767113576021341,73.02774095128191,63.70001399999999,9.600127802954589,73.08556370819328,63.70001591752033,0.0,1,1.4210854715202004e-14,0.0,0.08013783720384016,-0.0767113576021341,73.02774095128191,-63.70001399999998,9.600127802954589,73.08556370819328,-63.70001591752033,0.0,1,1.4210854715202004e-14
0.7666666666666667,766667,brace_stance,0.0,0.0,0.0,76.43030923768362,1.0,0.0,0.0,0.0,0.0,0.0,76.43030923768362,39.590034436339835,32.004061196083214,0,feet,0.0,0.08083941949711493,-0.07736510275673103,-39.65246232687491,63.70001399999999,9.600098961092073,-39.590034436339856,63.70001591752033,0.0,1,-2.6645352591003757e-14,0.0,0.08083941949711404,-0.07736511164709636,-39.65246232687484,-63.70001399999998,9.600098961092101,-39.59003443633981,-63.70001591752033,0.0,1,1.7763568394002505e-15,0.0,0.0808394398341643,-0.07736518667776116,73.02313567366667,63.70001399999999,9.600098960155748,73.08556370819328,63.70001591752033,0.0,1,3.552713678800501e-15,0.0,0.0808394398341643,-0.07736518667776116,73.02313567366667,-63.70001399999998,9.600098960155748,73.08556370819328,-63.70001591752033,0.0,1,3.552713678800501e-15
0.775,775000,brace_stance,0.0,0.0,0.0,76.39160124321499,1.0,0.0,0.0,0.0,0.0,0.0,76.39160124321499,39.590034436339835,31.96535320161459,0,feet,0.0,0.08150661846701013,-0.0779865879508983,-39.65684151525248,63.70001399999999,9.600069485086337,-39.590034436339856,63.70001591752033,0.0,1,2.1316282072803006e-14,0.0,0.08150661846700924,-0.07798659690995935,-39.656841515252424,-63.70001399999998,9.600069485086337,-39.59003443633981,-63.70001591752033,0.0,1,2.3092638912203256e-14,0.0,0.08150663895143895,-0.07798667252174774,73.01875648415054,63.70001399999999,9.600069484076343,73.08556370819328,63.70001591752033,0.0,1,-8.881784197001252e-15,0.0,0.08150663895143895,-0.07798667252174774,73.01875648415054,-63.70001399999998,9.600069484076343,73.08556370819328,-63.70001591752033,0.0,1,-8.881784197001252e-15
0.7833333333333333,783333,brace_stance,0.0,0.0,0.0,76.35487564650202,1.0,0.0,0.0,0.0,0.0,0.0,76.35487564650202,39.590034436339835,31.92862760490162,0,feet,0.0,0.0821392957428504,-0.07857566258784132,-39.66099387782977,63.70001399999999,9.60003969064411,-39.590034436339856,63.70001591752033,0.0,1,2.842170943040401e-14,0.0,0.08213929574284995,-0.07857567161197698,-39.66099387782977,-63.70001399999998,9.600039690644081,-39.59003443633981,-63.70001591752033,0.0,1,0.0,0.0,0.08213931636673877,-0.0785757477743041,73.01460412049431,63.70001399999999,9.600039689563431,73.08556370819328,63.70001591752033,0.0,1,6.750155989720952e-14,0.0,0.08213931636673877,-0.0785757477743041,73.01460412049431,-63.70001399999998,9.600039689563431,73.08556370819328,-63.70001591752033,0.0,1,6.750155989720952e-14
0.7916666666666666,791667,brace_stance,0.0,0.0,0.0,76.32013801093576,1.0,0.0,0.0,0.0,0.0,0.0,76.32013801093576,39.590034436339835,31.893889969335362,0,feet,0.0,0.08273741179653626,-0.07913233045560908,-39.664919191827714,63.70001399999999,9.600009873832121,-39.590034436339856,63.70001591752033,0.0,1,2.3092638912203256e-14,0.0,0.08273741179653582,-0.07913233954120757,-39.66491919182768,-63.70001399999998,9.600009873832121,-39.59003443633981,-63.70001591752033,0.0,1,2.3092638912203256e-14,0.0,0.0827374325520025,-0.07913241622353429,73.01067880547691,63.70001399999999,9.600009872683657,73.08556370819328,63.70001591752033,0.0,1,1.4210854715202004e-14,0.0,0.0827374325520025,-0.07913241622353429,73.01067880547691,-63.70001399999998,9.600009872683657,73.08556370819328,-63.70001591752033,0.0,1,1.4210854715202004e-14
0.8,800000,brace_stance,0.0,0.0,0.0,76.2873890184803,1.0,0.0,0.0,0.0,0.0,0.0,76.2873890184803,39.64863386739114,31.861140976879895,0,feet,0.0,0.08330105865588111,-0.07965671553293552,-39.66861809632097,63.70001399999999,9.599983250936674,-39.648633867391155,60.014427080345826,0.0,1,-1.9539925233402755e-14,0.0,0.08330105865588067,-0.07965672467640239,-39.66861809632092,-63.70001399999998,9.599983250936702,-39.64863386739112,-60.014427080345826,0.0,1,7.105427357601002e-15,0.0,0.08330107955068478,-0.07965680186283874,73.00697989992119,63.70001399999999,9.599983250628014,73.02696427714199,60.014427080345826,0.0,1,1.5987211554602254e-14,0.0,0.08330107955068478,-0.07965680186283874,73.00697989992119,-63.70001399999998,9.599983250628014,73.02696427714199,-60.014427080345826,0.0,1,1.5987211554602254e-14
0.8083333333333333,808333,brace_stance,0.0,0.0,0.0,76.25662432610129,1.0,0.0,0.0,0.0,0.0,0.0,76.25662432610129,39.64863386739114,31.830376284500886,0,feet,0.0,0.08383062451894352,-0.08014921468792746,-39.67209317599979,63.70001399999999,9.599975387911698,-39.648633867391155,60.014427080345826,0.0,1,-1.2434497875801753e-14,0.0,0.08383062451894263,-0.08014922388571621,-39.672093175999755,-63.70001399999998,9.599975387911698,-39.64863386739112,-60.014427080345826,0.0,1,-1.2434497875801753e-14,0.0,0.08383064552991293,-0.08014930153188171,73.00350481933978,63.70001399999999,9.599975387547161,73.02696427714199,60.014427080345826,0.0,1,3.375077994860476e-14,0.0,0.08383064552991293,-0.08014930153188171,73.00350481933978,-63.70001399999998,9.599975387547161,73.02696427714199,-60.014427080345826,0.0,1,3.375077994860476e-14
0.8166666666666667,816667,brace_stance,0.0,0.0,0.0,76.22783442219465,1.0,0.0,0.0,0.0,0.0,0.0,76.22783442219465,39.64863386739114,31.801586380594244,0,feet,0.0,0.0843259815221633,-0.08060974249083053,-39.67534362469922,63.70001399999999,9.599966894554157,-39.648633867391155,60.014427080345826,0.0,1,1.4210854715202004e-14,0.0,0.08432598152216242,-0.08060975173939289,-39.675343624699195,-63.70001399999998,9.599966894554129,-39.64863386739112,-60.014427080345826,0.0,1,-1.4210854715202004e-14,0.0,0.08432600264161438,-0.0806098298152702,73.00025436979638,63.70001399999999,9.599966894136728,73.02696427714199,60.014427080345826,0.0,1,3.019806626980426e-14,0.0,0.08432600264161438,-0.0806098298152702,73.00025436979638,-63.70001399999998,9.599966894136728,73.02696427714199,-60.014427080345826,0.0,1,3.019806626980426e-14
0.825,825000,brace_stance,0.0,0.0,0.0,76.20100448301515,1.0,0.0,0.0,0.0,0.0,0.0,76.20100448301515,39.64863386739114,31.774756441414752,0,feet,0.0,0.08478742790690186,-0.08103860754163472,-39.67837142809384,63.70001399999999,9.599957992884882,-39.648633867391155,60.014427080345826,0.0,1,-7.105427357601002e-15,0.0,0.08478742790690097,-0.08103861683745972,-39.67837142809378,-63.70001399999998,9.599957992884882,-39.64863386739112,-60.014427080345826,0.0,1,-7.105427357601002e-15,0.0,0.08478744912725045,-0.08103869531335972,72.99722656561599,63.70001399999999,9.599957992417714,73.02696427714199,60.014427080345826,0.0,1,2.842170943040401e-14,0.0,0.08478744912725045,-0.08103869531335972,72.99722656561599,-63.70001399999998,9.599957992417714,73.02696427714199,-60.014427080345826,0.0,1,2.842170943040401e-14
0.8333333333333334,833333,brace_stance,0.0,0.0,0.0,76.17611422910504,1.0,0.0,0.0,0.0,0.0,0.0,76.17611422910504,39.64863386739114,31.749866187504637,0,feet,0.0,0.08521535222501297,-0.0814361998384956,-39.68117916240354,63.70001399999999,9.599948884834944,-39.648633867391155,60.014427080345826,0.0,1,7.105427357601002e-15,0.0,0.08521535222501209,-0.081436209178118,-39.68117916240353,-63.70001399999998,9.599948884834888,-39.64863386739112,-60.014427080345826,0.0,1,-4.973799150320701e-14,0.0,0.08521537353879438,-0.08143628802474234,72.99441883057779,63.70001399999999,9.599948884321137,73.02696427714199,60.014427080345826,0.0,1,-1.4210854715202004e-14,0.0,0.08521537353879438,-0.08143628802474234,72.99441883057779,-63.70001399999998,9.599948884321137,73.02696427714199,-60.014427080345826,0.0,1,-1.4210854715202004e-14
0.8416666666666667,841667,brace_stance,0.0,0.0,0.0,76.1531377817226,1.0,0.0,0.0,0.0,0.0,0.0,76.1531377817226,39.64863386739114,31.726889740122203,0,feet,0.0,0.08561023575048621,-0.08180299297231786,-39.683770010103245,63.70001399999999,9.599939751849817,-39.648633867391155,60.014427080345826,0.0,1,1.7763568394002505e-15,0.0,0.08561023575048576,-0.08180300235233151,-39.68377001010323,-63.70001399999998,9.599939751849789,-39.64863386739112,-60.014427080345826,0.0,1,-2.6645352591003757e-14,0.0,0.08561025715037118,-0.0818030815408548,72.9918279822061,63.70001399999999,9.599939751292695,73.02696427714199,60.014427080345826,0.0,1,2.3092638912203256e-14,0.0,0.08561025715037118,-0.0818030815408548,72.9918279822061,-63.70001399999998,9.599939751292695,73.02696427714199,-60.014427080345826,0.0,1,2.3092638912203256e-14
0.85,850000,brace_stance,0.0,0.0,0.0,76.1320435192709,1.0,0.0,0.0,0.0,0.0,0.0,76.1320435192709,39.64863386739114,31.705795477670492,0,feet,0.0,0.08597265492271555,-0.08213954637409238,-39.68614777586742,63.70001399999999,9.599930754663916,-39.648633867391155,60.014427080345826,0.0,1,1.4210854715202004e-14,0.0,0.08597265492271466,-0.08213955579115506,-39.68614777586739,-63.70001399999998,9.599930754663887,-39.64863386739112,-60.014427080345826,0.0,1,-1.4210854715202004e-14,0.0,0.08597267640152717,-0.08213963529329682,72.9894502158254,63.70001399999999,9.599930754066634,73.02696427714199,60.014427080345826,0.0,1,-7.105427357601002e-15,0.0,0.08597267640152717,-0.08213963529329682,72.9894502158254,-63.70001399999998,9.599930754066634,73.02696427714199,-60.014427080345826,0.0,1,-7.105427357601002e-15
0.8583333333333333,858333,brace_stance,0.0,0.0,0.0,76.11279393372624,1.0,0.0,0.0,0.0,0.0,0.0,76.11279393372624,39.64863386739114,31.686545892125835,0,feet,0.0,0.08630328382133046,-0.08244650761492212,-39.68831690275016,63.70001399999999,9.599922033244638,-39.648633867391155,60.014427080345826,0.0,1,8.881784197001252e-15,0.0,0.08630328382132957,-0.08244651706576578,-39.68831690275012,-63.70001399999998,9.599922033244638,-39.64863386739112,-60.014427080345826,0.0,1,8.881784197001252e-15,0.0,0.0863033053720641,-0.08244659685387568,72.98728108838037,63.70001399999999,9.599922032610493,73.02696427714199,60.014427080345826,0.0,1,-1.5987211554602254e-14,0.0,0.0863033053720641,-0.08244659685387568,72.98728108838037,-63.70001399999998,9.599922032610493,73.02696427714199,-60.014427080345826,0.0,1,-1.5987211554602254e-14
0.8666666666666667,866667,brace_stance,0.0,0.0,0.0,76.09534548706692,1.0,0.0,0.0,0.0,0.0,0.0,76.09534548706692,39.64863386739114,31.66909744546652,0,feet,0.0,0.08660289667224008,-0.08272461475819881,-39.69028248859861,63.70001399999999,9.599913706905014,-39.648633867391155,60.014427080345826,0.0,1,1.4210854715202004e-14,0.0,0.0866028966722392,-0.08272462423963933,-39.69028248859857,-63.70001399999998,9.599913706905014,-39.64863386739112,-60.014427080345826,0.0,1,1.2434497875801753e-14,0.0,0.08660291828808164,-0.08272470428677448,72.98531550202256,63.70001399999999,9.599913706237274,73.02696427714199,60.014427080345826,0.0,1,1.0658141036401503e-14,0.0,0.08660291828808164,-0.08272470428677448,72.98531550202256,-63.70001399999998,9.599913706237274,73.02696427714199,-60.014427080345826,0.0,1,1.0658141036401503e-14
0.875,875000,brace_stance,0.0,0.0,0.0,76.07964846770177,1.0,0.0,0.0,0.0,0.0,0.0,76.07964846770177,39.64863386739114,31.65340042610137,0,feet,0.0,0.0868723703842309,-0.08297469876286234,-39.692050302694966,63.70001399999999,9.599905874581097,-39.648633867391155,60.014427080345826,0.0,1,8.881784197001252e-15,0.0,0.08687237038423001,-0.08297470827181064,-39.692050302694916,-63.70001399999998,9.599905874581097,-39.64863386739112,-60.014427080345826,0.0,1,8.881784197001252e-15,0.0,0.08687239205857722,-0.0829747885518195,72.98354768746819,63.70001399999999,9.599905873882946,73.02696427714199,60.014427080345826,0.0,1,1.0658141036401503e-14,0.0,0.08687239205857722,-0.0829747885518195,72.98354768746819,-63.70001399999998,9.599905873882946,73.02696427714199,-60.014427080345826,0.0,1,1.0658141036401503e-14
0.8833333333333333,883333,brace_stance,0.0,0.0,0.0,76.06564684689882,1.0,0.0,0.0,0.0,0.0,0.0,76.06564684689882,39.64863386739114,31.639398805298413,0,feet,0.0,0.08711268711513265,-0.08319768593611654,-39.69362680262044,63.70001399999999,9.599898615269339,-39.648633867391155,60.014427080345826,0.0,1,-1.4210854715202004e-14,0.0,0.0871126871151322,-0.08319769546958522,-39.6936268026204,-63.70001399999998,9.599898615269339,-39.64863386739112,-60.014427080345826,0.0,1,-1.4210854715202004e-14,0.0,0.08711270884161015,-0.08319777595719602,72.98197118713429,63.70001399999999,9.59989861454396,73.02696427714199,60.014427080345826,0.0,1,2.4868995751603507e-14,0.0,0.08711270884161015,-0.08319777595719602,72.98197118713429,-63.70001399999998,9.59989861454396,73.02696427714199,-60.014427080345826,0.0,1,2.4868995751603507e-14
0.8916666666666667,891667,brace_stance,0.0,0.0,0.0,76.05327813521383,1.0,0.0,0.0,0.0,0.0,0.0,76.05327813521383,39.64863386739114,31.627030093613428,0,feet,0.0,0.08732493686618126,-0.08339460043334634,-39.695019151330584,63.70001399999999,9.59989198861659,-39.648633867391155,60.014427080345826,0.0,1,8.881784197001252e-15,0.0,0.08732493686618037,-0.08339460998846393,-39.695019151330555,-63.70001399999998,9.599891988616562,-39.64863386739112,-60.014427080345826,0.0,1,-1.9539925233402755e-14,0.0,0.0873249586386673,-0.08339469065936944,72.98057883806348,63.70001399999999,9.599891987866968,73.02696427714199,60.014427080345826,0.0,1,-3.552713678800501e-15,0.0,0.0873249586386673,-0.08339469065936944,72.98057883806348,-63.70001399999998,9.599891987866968,73.02696427714199,-60.014427080345826,0.0,1,-3.552713678800501e-15
0.9,900000,brace_stance,0.0,0.0,0.0,76.04247323891906,1.0,0.0,0.0,0.0,0.0,0.0,76.04247323891906,39.64863386739114,31.616225197318656,0,feet,0.0,0.08751032010283932,-0.0835665668023231,-39.69623523442988,63.70001399999999,9.5998860356531,-39.648633867391155,60.014427080345826,0.0,1,1.7763568394002505e-14,0.0,0.08751032010283843,-0.08356657637634513,-39.696235234429835,-63.70001399999998,9.599886035653071,-39.64863386739112,-60.014427080345826,0.0,1,-1.0658141036401503e-14,0.0,0.08751034191548301,-0.08356665720729906,72.97936275464929,63.70001399999999,9.599886034882246,73.02696427714199,60.014427080345826,0.0,1,-8.881784197001252e-15,0.0,0.08751034191548301,-0.08356665720729906,72.97936275464929,-63.70001399999998,9.599886034882246,73.02696427714199,-60.014427080345826,0.0,1,-8.881784197001252e-15
0.9083333333333333,908333,brace_stance,0.0,0.0,0.0,76.0331563164317,1.0,0.0,0.0,0.0,0.0,0.0,76.0331563164317,39.64863386739114,31.606908274831298,0,feet,0.0,0.08767015039987225,-0.08371481256804802,-39.69728367762836,63.70001399999999,9.599880779657383,-39.648633867391155,60.014427080345826,0.0,1,1.9539925233402755e-14,0.0,0.08767015039987136,-0.08371482215836279,-39.69728367762831,-63.70001399999998,9.599880779657383,-39.64863386739112,-60.014427080345826,0.0,1,1.9539925233402755e-14,0.0,0.08767017224711982,-0.08371490312727126,72.97831431117933,63.70001399999999,9.599880778868197,73.02696427714199,60.014427080345826,0.0,1,1.4210854715202004e-14,0.0,0.08767017224711982,-0.08371490312727126,72.97831431117933,-63.70001399999998,9.599880778868197,73.02696427714199,-60.014427080345826,0.0,1,1.4210854715202004e-14
0.9166666666666666,916667,brace_stance,0.0,0.0,0.0,76.02524463474263,1.0,0.0,0.0,0.0,0.0,0.0,76.02524463474263,39.64863386739114,31.598996593142232,0,feet,0.0,0.0878058571080369,-0.08384067085379643,-39.69817386436148,63.70001399999999,9.599876227138068,-39.648633867391155,60.014427080345826,0.0,1,-2.6645352591003757e-14,0.0,0.08780585710803646,-0.08384068045794324,-39.698173864361436,-63.70001399999998,9.599876227138097,-39.64863386739112,-60.014427080345826,0.0,1,0.0,0.0,0.0878058789846512,-0.08384076154395936,72.97742412421576,63.70001399999999,9.599876226333308,73.02696427714199,60.014427080345826,0.0,1,2.1316282072803006e-14,0.0,0.0878058789846512,-0.08384076154395936,72.97742412421576,-63.70001399999998,9.599876226333308,73.02696427714199,-60.014427080345826,0.0,1,2.1316282072803006e-14
0.925,925000,brace_stance,0.0,0.0,0.0,76.01864842584503,1.0,0.0,0.0,0.0,0.0,0.0,76.01864842584503,39.64863386739114,31.592400384244627,0,feet,0.0,0.08791898803921372,-0.0839455830331084,-39.69891595354894,63.70001399999999,9.59987236891628,-39.648633867391155,60.014427080345826,0.0,1,-1.7763568394002505e-14,0.0,0.08791898803921327,-0.08394559264878199,-39.69891595354891,-63.70001399999998,9.599872368916309,-39.64863386739112,-60.014427080345826,0.0,1,1.0658141036401503e-14,0.0,0.08791900994029911,-0.08394567383240714,72.97668203483619,63.70001399999999,9.599872368098445,73.02696427714199,60.014427080345826,0.0,1,1.7763568394002505e-14,0.0,0.08791900994029911,-0.08394567383240714,72.97668203483619,-63.70001399999998,9.599872368098445,73.02696427714199,-60.014427080345826,0.0,1,1.7763568394002505e-14
0.9333333333333333,933333,brace_stance,0.0,0.0,0.0,76.01327074316289,1.0,0.0,0.0,0.0,0.0,0.0,76.01327074316289,39.64863386739114,31.58702270156249,0,feet,0.0,0.08801121216628394,-0.08403110140651515,-39.699520897465334,63.70001399999999,9.5998691812879,-39.648633867391155,60.014427080345826,0.0,1,-1.7763568394002505e-15,0.0,0.08801121216628305,-0.08403111103158611,-39.69952089746528,-63.70001399999998,9.5998691812879,-39.64863386739112,-60.014427080345826,0.0,1,-1.7763568394002505e-15,0.0,0.08801123408731204,-0.08403119229476941,72.97607709076317,63.70001399999999,9.599869180459379,73.02696427714199,60.014427080345826,0.0,1,2.1316282072803006e-14,0.0,0.08801123408731204,-0.08403119229476941,72.97607709076317,-63.70001399999998,9.599869180459379,73.02696427714199,-60.014427080345826,0.0,1,2.1316282072803006e-14
0.9416666666666667,941667,brace_stance,0.0,0.0,0.0,76.00900731797974,1.0,0.0,0.0,0.0,0.0,0.0,76.00900731797974,39.64863386739114,31.582759276379335,0,feet,0.0,0.08808432233346375,-0.08409889189587316,-39.700000459690656,63.70001399999999,9.599866627243628,-39.648633867391155,60.014427080345826,0.0,1,-3.019806626980426e-14,0.0,0.08808432233346375,-0.08409890152839106,-39.700000459690635,-63.70001399999998,9.599866627243657,-39.64863386739112,-60.014427080345826,0.0,1,0.0,0.0,0.08808434427029743,-0.08409898285463635,72.97559752841369,63.70001399999999,9.599866626406666,73.02696427714199,60.014427080345826,0.0,1,2.1316282072803006e-14,0.0,0.08808434427029743,-0.08409898285463635,72.97559752841369,-63.70001399999998,9.599866626406666,73.02696427714199,-60.014427080345826,0.0,1,2.1316282072803006e-14
0.95,950000,brace_stance,0.0,0.0,0.0,76.0057464158672,1.0,0.0,0.0,0.0,0.0,0.0,76.0057464158672,39.64863386739114,31.57949837426679,0,feet,0.0,0.08814023797217896,-0.08415073674808227,-39.700367233104004,63.70001399999999,9.599864657720062,-39.648633867391155,60.014427080345826,0.0,1,-1.4210854715202004e-14,0.0,0.08814023797217851,-0.0841507463862956,-39.70036723310399,-63.70001399999998,9.599864657720062,-39.64863386739112,-60.014427080345826,0.0,1,-1.4210854715202004e-14,0.0,0.08814025992109675,-0.08415082776076721,72.97523075490543,63.70001399999999,9.599864656876562,73.02696427714199,60.014427080345826,0.0,1,-1.2434497875801753e-14,0.0,0.08814025992109675,-0.08415082776076721,72.97523075490543,-63.70001399999998,9.599864656876562,73.02696427714199,-60.014427080345826,0.0,1,-1.2434497875801753e-14
0.9583333333333334,958333,brace_stance,0.0,0.0,0.0,76.00336869311361,1.0,0.0,0.0,0.0,0.0,0.0,76.00336869311361,39.64863386739114,31.577120651513212,0,feet,0.0,0.08818100781689209,-0.08418853723890107,-39.70063465787942,63.70001399999999,9.599863212851503,-39.648633867391155,60.014427080345826,0.0,1,-1.7763568394002505e-15,0.0,0.0881810078168912,-0.08418854688126665,-39.70063465787939,-63.70001399999998,9.599863212851474,-39.64863386739112,-60.014427080345826,0.0,1,-3.019806626980426e-14,0.0,0.08818102977462061,-0.08418862829089946,72.97496333006075,63.70001399999999,9.599863212003257,73.02696427714199,60.014427080345826,0.0,1,-7.105427357601002e-15,0.0,0.08818102977462061,-0.08418862829089946,72.97496333006075,-63.70001399999998,9.599863212003257,73.02696427714199,-60.014427080345826,0.0,1,-7.105427357601002e-15
0.9666666666666667,966667,brace_stance,0.0,0.0,0.0,76.00174705315271,1.0,0.0,0.0,0.0,0.0,0.0,76.00174705315271,39.64863386739114,31.57549901155231,0,feet,0.0,0.08820881261459723,-0.08421431636635379,-39.70081703943734,63.70001399999999,9.599862223189774,-39.648633867391155,60.014427080345826,0.0,1,-3.552713678800501e-15,0.0,0.08820881261459634,-0.08421432601155221,-39.70081703943728,-63.70001399999998,9.599862223189774,-39.64863386739112,-60.014427080345826,0.0,1,-5.329070518200751e-15,0.0,0.08820883457833295,-0.08421440744516273,72.97478094845567,63.70001399999999,9.59986222233826,73.02696427714199,60.014427080345826,0.0,1,-4.973799150320701e-14,0.0,0.08820883457833295,-0.08421440744516273,72.97478094845567,-63.70001399999998,9.59986222233826,73.02696427714199,-60.014427080345826,0.0,1,-4.973799150320701e-14
0.975,975000,brace_stance,0.0,0.0,0.0,76.0007465029922,1.0,0.0,0.0,0.0,0.0,0.0,76.0007465029922,39.64863386739114,31.574498461391798,0,feet,0.0,0.08822596782092029,-0.08423022152201343,-39.70092956629931,63.70001399999999,9.599861610853935,-39.648633867391155,60.014427080345826,0.0,1,2.1316282072803006e-14,0.0,0.08822596782091985,-0.084230231168958,-39.7009295662993,-63.70001399999998,9.599861610853907,-39.64863386739112,-60.014427080345826,0.0,1,-7.105427357601002e-15,0.0,0.08822598978836327,-0.08423031261736336,72.97466842156456,63.70001399999999,9.59986161000046,73.02696427714199,60.014427080345826,0.0,1,1.0658141036401503e-14,0.0,0.08822598978836327,-0.08423031261736336,72.97466842156456,-63.70001399999998,9.59986161000046,73.02696427714199,-60.014427080345826,0.0,1,1.0658141036401503e-14
0.9833333333333333,983333,brace_stance,0.0,0.0,0.0,76.00022400964228,1.0,0.0,0.0,0.0,0.0,0.0,76.00022400964228,39.64863386739114,31.57397596804188,0,feet,0.0,0.08823492627499263,-0.08423852712708557,-39.70098832778939,63.70001399999999,9.599861290568086,-39.648633867391155,60.014427080345826,0.0,1,8.881784197001252e-15,0.0,0.08823492627499219,-0.08423853677494275,-39.70098832778936,-63.70001399999998,9.599861290568086,-39.64863386739112,-60.014427080345826,0.0,1,8.881784197001252e-15,0.0,0.08823494824437139,-0.08423861823107259,72.97460966005929,63.70001399999999,9.599861289713587,73.02696427714199,60.014427080345826,0.0,1,1.5987211554602254e-14,0.0,0.08823494824437139,-0.08423861823107259,72.97460966005929,-63.70001399999998,9.599861289713587,73.02696427714199,-60.014427080345826,0.0,1,1.5987211554602254e-14
0.9916666666666667,991667,brace_stance,0.0,0.0,0.0,76.00002835654446,1.0,0.0,0.0,0.0,0.0,0.0,76.00002835654446,39.64863386739114,31.57378031494406,0,feet,0.0,0.08823828084439356,-0.084241637218879,-39.701010331516926,63.70001399999999,9.599861170541814,-39.648633867391155,60.014427080345826,0.0,1,-1.0658141036401503e-14,0.0,0.08823828084439311,-0.08424164686707813,-39.701010331516876,-63.70001399999998,9.599861170541843,-39.64863386739112,-60.014427080345826,0.0,1,1.7763568394002505e-14,0.0,0.08823830281449618,-0.08424172832610166,72.9745876563261,63.70001399999999,9.599861169686918,73.02696427714199,60.014427080345826,0.0,1,-1.0658141036401503e-14,0.0,0.08823830281449618,-0.08424172832610166,72.9745876563261,-63.70001399999998,9.599861169686918,73.02696427714199,-60.014427080345826,0.0,1,-1.0658141036401503e-14
1.0,1000000,brace_stance,0.0,0.0,0.0,76.0,1.0,0.0,0.0,0.0,0.0,0.0,76.0,39.64863386739114,31.573751958399598,0,feet,0.0,0.08823876703062616,-0.08424208797177757,-39.70101352057225,63.70001399999999,9.599861153141916,-39.648633867391155,60.014427080345826,0.0,1,-2.1316282072803006e-14,0.0,0.08823876703062572,-0.08424209762002599,-39.701013520572225,-63.70001399999998,9.599861153141944,-39.64863386739112,-60.014427080345826,0.0,1,8.881784197001252e-15,0.0,0.08823878900083404,-0.08424217907946874,72.97458446726992,63.70001399999999,9.599861152286962,73.02696427714199,60.014427080345826,0.0,1,-2.1316282072803006e-14,0.0,0.08823878900083404,-0.08424217907946874,72.97458446726992,-63.70001399999998,9.599861152286962,73.02696427714199,-60.014427080345826,0.0,1,-2.1316282072803006e-14
1.0083333333333333,1008333,stretch_front_into_bow,3.4008408271096886e-05,-1.7004204135548443e-05,0.0,75.99998979747753,0.9999999999999841,0.0,1.7806760930793297e-07,0.0,-1.7004204135548443e-05,0.0,75.99998979747753,39.648616863187,31.57370160179901,0,feet,0.0,0.08823789456690889,-0.08424259918438137,-39.70101371852953,63.70001399999999,9.59986115206182,-39.648633867391155,60.014427080345826,0.0,1,-1.7763568394002505e-15,0.0,0.088237894566908,-0.08424260883268575,-39.7010137185295,-63.70001399999998,9.599861152061791,-39.64863386739112,-60.014427080345826,0.0,1,-3.019806626980426e-14,0.0,0.08823798311549069,-0.08424377071041533,72.97461063381525,63.70001399999999,9.599861109496146,73.02699828555026,60.014427080345826,0.0,1,-5.329070518200751e-15,0.0,0.08823798311549069,-0.08424377071041533,72.97461063381525,-63.70001399999998,9.599861109496146,73.02699828555026,-60.014427080345826,0.0,1,-5.329070518200751e-15
1.0166666666666666,1016667,stretch_front_into_bow,0.0002697962708936646,-0.0001348981354468323,0.0,75.99991906111873,0.9999999999990022,0.0,1.4126499710086276e-06,0.0,-0.0001348981354468323,0.0,75.99991906111873,39.64849896925569,31.573352468435914,0,feet,0.0,0.0882318455852924,-0.08424614352181425,-39.70101509094892,63.70001399999999,9.599861144573367,-39.648633867391155,60.014427080345826,0.0,1,-5.329070518200751e-15,0.0,0.08823184558529151,-0.08424615317050854,-39.70101509094886,-63.70001399999998,9.599861144573396,-39.64863386739112,-60.014427080345826,0.0,1,2.3092638912203256e-14,0.0,0.08823239569907404,-0.08425480579479228,72.9747920523259,63.70001399999999,9.59986081264178,73.02723407341288,60.014427080345826,0.0,1,-1.7763568394002505e-15,0.0,0.08823239569907404,-0.08425480579479228,72.9747920523259,-63.70001399999998,9.59986081264178,73.02723407341288,-60.014427080345826,0.0,1,-1.7763568394002505e-15
1.025,1025000,stretch_front_into_bow,0.0009029320987654321,-0.00045146604938271605,0.0,75.99972912037038,0.9999999999888243,0.0,4.727741413602213e-06,0.0,-0.00045146604938271605,0.0,75.99972912037038,39.64818240134176,31.57241497944719,0,feet,0.0,0.08821560293468433,-0.08425566063542034,-39.70101877561766,63.70001399999999,9.59986112446741,-39.648633867391155,60.014427080345826,0.0,1,-2.1316282072803006e-14,0.0,0.08821560293468389,-0.08425567028516001,-39.70101877561762,-63.70001399999998,9.599861124467438,-39.64863386739112,-60.014427080345826,0.0,1,7.105427357601002e-15,0.0,0.08821739211576807,-0.08428443671395103,72.9752791962224,63.70001399999999,9.59986001400847,73.02786720924075,60.014427080345826,0.0,1,4.973799150320701e-14,0.0,0.08821739211576807,-0.08428443671395103,72.9752791962224,-63.70001399999998,9.59986001400847,73.02786720924075,-60.014427080345826,0.0,1,4.973799150320701e-14
1.0333333333333334,1033333,stretch_front_into_bow,0.00212227810801199,-0.001061139054005995,0.0,75.9993633165676,0.9999999999382593,0.0,1.1112222188112831e-05,0.0,-0.001061139054005995,0.0,75.9993633165676,39.64757272833713,31.570609490130394,0,feet,0.0,0.0881843216015139,-0.08427398901738847,-39.70102586963741,63.70001399999999,9.599861085753872,-39.648633867391155,60.014427080345826,0.0,1,-5.329070518200751e-15,0.0,0.08818432160151302,-0.0842739986691412,-39.70102586963737,-63.70001399999998,9.599861085753872,-39.64863386739112,-60.014427080345826,0.0,1,-5.329070518200751e-15,0.0,0.08818849575123222,-0.08434150074512159,72.97621737977327,63.70001399999999,9.599858469683568,73.02908655525,60.014427080345826,0.0,1,-3.552713678800501e-15,0.0,0.08818849575123222,-0.08434150074512159,72.97621737977327,-63.70001399999998,9.599858469683568,73.02908655525,-60.014427080345826,0.0,1,-3.552713678800501e-15
1.0416666666666667,1041667,stretch_front_into_bow,0.0041100664278819286,-0.0020550332139409643,0.0,75.99876698007164,0.9999999997684392,0.0,2.1520257491005437e-05,0.0,-0.0020550332139409643,0.0,75.99876698007164,39.6465788341772,31.5676661814949,0,feet,0.0,0.08813332685353759,-0.08430386676914292,-39.70103742809275,63.70001399999999,9.599861022665749,-39.648633867391155,60.014427080345826,0.0,1,1.4210854715202004e-14,0.0,0.0881333268535367,-0.08430387642417791,-39.70103742809269,-63.70001399999998,9.599861022665749,-39.64863386739112,-60.014427080345826,0.0,1,1.4210854715202004e-14,0.0,0.0881414641184941,-0.08443459542060472,72.9777463001086,63.70001399999999,9.599860532454514,72.88592241902906,63.70001591568979,0.0,1,-1.4210854715202004e-14,0.0,0.0881414641184941,-0.08443459542060472,72.9777463001086,-63.70001399999998,9.599860532454514,72.88592241902906,-63.70001591568979,0.0,1,-1.4210854715202004e-14
1.05,1050000,stretch_front_into_bow,0.007041975308641975,-0.0035209876543209873,0.0,75.9978874074074,0.999999999320239,0.0,3.687169648562927e-05,0.0,-0.0035209876543209873,0.0,75.9978874074074,39.64511287973682,31.563324953211556,0,feet,0.0,0.0880581124150881,-0.08434793224987436,-39.70105446215523,63.70001399999999,9.599860929665368,-39.648633867391155,60.014427080345826,0.0,1,1.7763568394002505e-15,0.0,0.08805811241508765,-0.08434794190974859,-39.70105446215521,-63.70001399999998,9.59986092966534,-39.64863386739112,-60.014427080345826,0.0,1,-2.6645352591003757e-14,0.0,0.08807214581267253,-0.08457195054566924,72.98000101446867,63.70001399999999,9.599866986018299,72.88885432790981,63.70001591568979,0.0,1,1.7763568394002505e-15,0.0,0.08807214581267253,-0.08457195054566924,72.98000101446867,-63.70001399999998,9.599866986018299,72.88885432790981,-63.70001591568979,0.0,1,1.7763568394002505e-15
1.0583333333333333,1058333,stretch_front_into_bow,0.011087205329472133,-0.0055436026647360664,0.0,75.99667383840116,0.9999999983149553,0.0,5.805247132057843e-05,0.0,-0.0055436026647360664,0.0,75.99667383840116,39.6430902647264,31.557335317763126,0,feet,0.0,0.08795433866927072,-0.08440872462254356,-39.701077936704124,63.70001399999999,9.599860801452522,-39.648633867391155,60.014427080345826,0.0,1,-1.0658141036401503e-14,0.0,0.08795433866927072,-0.08440873428909512,-39.701077936704124,-63.70001399999998,9.599860801452522,-39.64863386739112,-60.014427080345826,0.0,1,-1.0658141036401503e-14,0.0,0.08797649045650147,-0.08476144197457502,72.98311191355363,63.70001399999999,9.599875811624216,72.89289955793065,63.70001591568979,0.0,1,3.552713678800501e-15,0.0,0.08797649045650147,-0.08476144197457502,72.98311191355363,-63.70001399999998,9.599875811624216,72.89289955793065,-63.70001591568979,0.0,1,3.552713678800501e-15
1.0666666666666667,1066667,stretch_front_into_bow,0.01640855560636082,-0.00820427780318041,0.0,75.99507743331809,0.9999999963093067,0.0,8.591499614257597e-05,0.0,-0.00820427780318041,0.0,75.99507743331809,39.64042958958796,31.549456295608906,0,feet,0.0,0.08781783088281925,-0.08448868431383172,-39.701108767540624,63.70001399999999,9.599860632974085,-39.648633867391155,60.014427080345826,0.0,1,1.5987211554602254e-14,0.0,0.0878178308828188,-0.08448869398916425,-39.70110876754058,-63.70001399999998,9.599860632974085,-39.64863386739112,-60.014427080345826,0.0,1,1.5987211554602254e-14,0.0,0.08785063269757876,-0.08501067391542616,72.98720420685491,63.70001399999999,9.59988728268604,72.89822090820753,63.70001591568979,0.0,1,3.552713678800501e-14,0.0,0.08785063269757876,-0.08501067391542616,72.98720420685491,-63.70001399999998,9.59988728268604,72.89822090820753,-63.70001591568979,0.0,1,3.552713678800501e-14
1.075,1075000,stretch_front_into_bow,0.023162500000000006,-0.011581250000000003,0.0,75.99305125,0.9999999926457547,0.0,0.00012127856610065191,0.0,-0.011581250000000003,0.0,75.99305125,39.63705261739114,31.539456311188665,0,feet,0.0,0.0876445774495922,-0.08459015340367682,-39.70114781826817,63.70001399999999,9.59986041943499,-39.648633867391155,60.014427080345826,0.0,1,1.2434497875801753e-14,0.0,0.08764457744959131,-0.08459016309015244,-39.701147818268126,-63.70001399999998,9.59986041943499,-39.64863386739112,-60.014427080345826,0.0,1,1.2434497875801753e-14,0.0,0.087690848326059,-0.0853269426059704,72.99239824616375,63.70001399999999,9.599901615015284,72.90497485260117,63.70001591568979,0.0,1,1.9539925233402755e-14,0.0,0.087690848326059,-0.0853269426059704,72.99239824616375,-63.70001399999998,9.599901615015284,72.90497485260117,-63.70001591568979,0.0,1,1.9539925233402755e-14
1.0833333333333333,1083333,stretch_front_into_bow,0.03149926332368033,-0.015749631661840166,0.0,75.99055022100289,0.9999999863990876,0.0,0.0001649297563375425,0.0,-0.015749631661840166,0.0,75.99055022100289,39.6328842357293,31.527113089602047,0,feet,0.0,0.08743072814890551,-0.08471537595925627,-39.70119589690791,63.70001399999999,9.599860156310811,-39.648633867391155,60.014427080345826,0.0,1,-1.2434497875801753e-14,0.0,0.08743072814890507,-0.08471538565948133,-39.70119589690788,-63.70001399999998,9.599860156310811,-39.64863386739112,-60.014427080345826,0.0,1,-1.2434497875801753e-14,0.0,0.08749355038842443,-0.08571723701076195,72.99880958585084,63.70001399999999,9.59991895616065,72.91331161592485,63.70001591568979,0.0,1,-3.375077994860476e-14,0.0,0.08749355038842443,-0.08571723701076195,72.99880958585084,-63.70001399999998,9.59991895616065,72.91331161592485,-63.70001591568979,0.0,1,-3.375077994860476e-14
1.0916666666666666,1091667,stretch_front_into_bow,0.041562897551186306,-0.020781448775593153,0.0,75.98753113073464,0.9999999763201536,0.0,0.0002176228209634285,0.0,-0.020781448775593153,0.0,75.98753113073464,39.62785241861555,31.512213553810803,0,feet,0.0,0.08717259241510877,-0.08486649832747162,-39.70125375231384,63.70001399999999,9.599859839361315,-39.648633867391155,60.014427080345826,0.0,1,2.842170943040401e-14,0.0,0.08717259241510789,-0.0848665080442883,-39.70125375231378,-63.70001399999998,9.599859839361315,-39.64863386739112,-60.014427080345826,0.0,1,3.019806626980426e-14,0.0,0.08725528519049064,-0.08618823937598208,73.00654904326275,63.70001399999999,9.599939374176031,72.92337525015236,63.70001591568979,0.0,1,5.3290705182007514e-14,0.0,0.08725528519049064,-0.08618823937598208,73.00654904326275,-63.70001399999998,9.599939374176031,72.92337525015236,-63.70001591568979,0.0,1,5.3290705182007514e-14
1.1,1100000,stretch_front_into_bow,0.05349135802469136,-0.02674567901234568,0.0,75.98395259259259,0.9999999607775703,0.0,0.00028008009200637907,0.0,-0.02674567901234568,0.0,75.98395259259259,39.6218881883788,31.494553722221305,0,feet,0.0,0.08686663761503066,-0.08504556939923669,-39.70132207044864,63.70001399999999,9.59985946464478,-39.648633867391155,60.014427080345826,0.0,1,2.1316282072803006e-14,0.0,0.08686663761502977,-0.08504557913571098,-39.70132207044859,-63.70001399999998,9.59985946464478,-39.64863386739112,-60.014427080345826,0.0,1,2.1316282072803006e-14,0.0,0.0869727282222228,-0.0867463256907306,73.01572275922042,63.70001399999999,9.59996284598735,72.93530371062586,63.70001591568979,0.0,1,-1.4210854715202004e-14,0.0,0.0869727282222228,-0.0867463256907306,73.01572275922042,-63.70001399999998,9.59996284598735,72.93530371062586,-63.70001591568979,0.0,1,-1.4210854715202004e-14
1.1083333333333334,1108333,stretch_front_into_bow,0.06741657966265303,-0.03370828983132652,0.0,75.97977502610121,0.9999999376981885,0.0,0.00035299237833321464,0.0,-0.03370828983132652,0.0,75.97977502610121,39.614925577559816,31.47393860651536,0,feet,0.0,0.08650948733014996,-0.0852545408581471,-39.70140147057785,63.70001399999999,9.599859028533928,-39.648633867391155,60.014427080345826,0.0,1,-3.019806626980426e-14,0.0,0.08650948733014951,-0.08525455061755549,-39.70140147057781,-63.70001399999998,9.599859028533956,-39.64863386739112,-60.014427080345826,0.0,1,-1.7763568394002505e-15,0.0,0.08664268003489406,-0.0873975661011337,73.02643225860726,63.70001399999999,9.599989245520845,72.94922893226382,63.70001591568979,0.0,1,-1.5987211554602254e-14,0.0,0.08664268003489406,-0.0873975661011337,73.02643225860726,-63.70001399999998,9.599989245520845,72.94922893226382,-63.70001591568979,0.0,1,-1.5987211554602254e-14
1.1166666666666667,1116667,stretch_front_into_bow,0.08346455316770819,-0.041732276583854096,0.0,75.9749606340497,0.9999999045070329,0.0,0.00043701936453395215,0.0,-0.041732276583854096,0.0,75.9749606340497,39.60690159080729,31.450182109606665,0,feet,0.0,0.08609791964051361,-0.08549526742532798,-39.701492501435794,63.70001399999999,9.599858527732465,-39.648633867391155,60.014427080345826,0.0,1,-8.881784197001252e-15,0.0,0.08609791964051317,-0.08549527721115124,-39.70149250143575,-63.70001399999998,9.599858527732493,-39.64863386739112,-60.014427080345826,0.0,1,1.7763568394002505e-14,0.0,0.08626206209906817,-0.08814772532102255,73.03877451103605,63.70001399999999,9.600018331739506,72.96527690576887,63.70001591568979,0.0,1,-5.329070518200751e-15,0.0,0.08626206209906817,-0.08814772532102255,73.03877451103605,-63.70001399999998,9.600018331739506,72.96527690576887,-63.70001591568979,0.0,1,-5.329070518200751e-15
1.125,1125000,stretch_front_into_bow,0.10175540123456789,-0.050877700617283944,0.0,75.96947337962963,0.9999998580673927,0.0,0.0005327900097625739,0.0,-0.050877700617283944,0.0,75.96947337962963,39.597756166773856,31.423106923610135,0,feet,0.0,0.08562886540765158,-0.08576950711156472,-39.70159563741387,63.70001399999999,9.59985795929228,-39.648633867391155,60.014427080345826,0.0,1,1.4210854715202004e-14,0.0,0.08562886540765113,-0.08576951692747192,-39.701595637413824,-63.70001399999998,9.59985795929228,-39.64863386739112,-60.014427080345826,0.0,1,1.4210854715202004e-14,0.0,0.08582791266996459,-0.0890022630804479,73.0528419915892,63.70001399999999,9.60004973673044,72.98356775383573,63.70001591568979,0.0,1,-5.329070518200751e-15,0.0,0.08582791266996459,-0.0890022630804479,73.0528419915892,-63.70001399999998,9.60004973673044,72.98356775383573,-63.70001591568979,0.0,1,-5.329070518200751e-15
1.1333333333333333,1133333,stretch_front_into_bow,0.12240345475791292,-0.06120172737895646,0.0,75.96327896357262,0.9999997946216854,0.0,0.0006409029465265906,0.0,-0.06120172737895646,0.0,75.96327896357262,39.73258406462338,31.392544427719713,0,feet,0.0,0.08509942048641017,-0.08607893441006365,-39.701711366351105,63.70001399999999,9.599858132694237,-39.79378579200237,63.70001591568979,0.0,1,0.0,0.0,0.08509942048640928,-0.08607894425990592,-39.70171136635104,-63.70001399999998,9.599858132694237,-39.79378579200231,-63.70001591568979,0.0,1,0.0,0.0,0.0853373826848478,-0.08996633465068582,73.0687227416248,63.70001399999999,9.60008295397212,73.00421580735907,63.70001591568979,0.0,1,-1.4210854715202004e-14,0.0,0.0853373826848478,-0.08996633465068582,73.0687227416248,-63.70001399999998,9.60008295397212,73.00421580735907,-63.70001591568979,0.0,1,-1.4210854715202004e-14
1.1416666666666666,1141667,stretch_front_into_bow,0.14551732904028855,-0.07275866452014428,0.0,75.95634480128791,0.9999997097336731,0.0,0.0007619268794177179,0.0,-0.07275866452014428,0.0,75.95634480128791,39.721027127482195,31.358334585899406,0,feet,0.0,0.08450682162826917,-0.08642511984737355,-39.701840039048626,63.70001399999999,9.599859365960953,-39.79378579200237,63.70001591568979,0.0,1,-1.0658141036401503e-14,0.0,0.08450682162826828,-0.0864251297351708,-39.70184003904858,-63.70001399999998,9.599859365960953,-39.79378579200231,-63.70001591568979,0.0,1,-1.0658141036401503e-14,0.0,0.08478773171526788,-0.09104479148172473,73.086500429646,63.70001399999999,9.600117326902605,73.02732968164145,63.70001591568979,0.0,1,1.9539925233402755e-14,0.0,0.08478773171526788,-0.09104479148172473,73.086500429646,-63.70001399999998,9.600117326902605,73.02732968164145,-63.70001591568979,0.0,1,1.9539925233402755e-14
1.15,1150000,stretch_front_into_bow,0.17120000000000007,-0.08560000000000004,0.0,75.94864,0.9999995982325575,0.0,0.0008964009837760252,0.0,-0.08560000000000004,0.0,75.94864,39.70818579200234,31.320325844299703,0,feet,0.0,0.08384843165115141,-0.08680951816658533,-39.70198177960987,63.70001399999999,9.5998607224805,-39.79378579200237,63.70001591568979,0.0,1,2.6645352591003757e-14,0.0,0.08384843165115008,-0.08680952809651155,-39.701981779609845,-63.70001399999998,9.599860722480443,-39.79378579200231,-63.70001591568979,0.0,1,-3.019806626980426e-14,0.0,0.0841763239951594,-0.09224218198559209,73.10625441223208,63.70001399999999,9.600152037900259,73.05301235260116,63.70001591568979,0.0,1,-2.3092638912203256e-14,0.0,0.0841763239951594,-0.09224218198559209,73.10625441223208,-63.70001399999998,9.600152037900259,73.05301235260116,-63.70001591568979,0.0,1,-2.3092638912203256e-14
1.1583333333333334,1158333,stretch_front_into_bow,0.19954888037900728,-0.09977444018950364,0.0,75.9401353358863,0.9999994541594445,0.0,0.0010448353042800604,0.0,-0.09977444018950364,0.0,75.9401353358863,39.69401135181283,31.278375028320248,0,feet,0.0,0.08312177530265608,-0.08723350358789439,-39.70213672924241,63.70001399999999,9.599862203021999,-39.79378579200237,63.70001591568979,0.0,1,2.4868995751603507e-14,0.0,0.08312177530265474,-0.08723351356427056,-39.702136729242355,-63.70001399999998,9.59986220302197,-39.79378579200231,-63.70001591568979,0.0,1,-3.552713678800501e-15,0.0,0.08350062454413054,-0.09356275249612533,73.12805979502963,63.70001399999999,9.60018609778048,73.08136123298017,63.70001591568979,0.0,1,2.1316282072803006e-14,0.0,0.08350062454413054,-0.09356275249612533,73.12805979502963,-63.70001399999998,9.60018609778048,73.08136123298017,-63.70001591568979,0.0,1,2.1316282072803006e-14
1.1666666666666667,1166667,stretch_front_into_bow,0.2306558959508205,-0.11532794797541025,0.0,75.93080323121475,0.999999270716619,0.0,0.0012077111534558056,0.0,-0.11532794797541025,0.0,75.93080323121475,39.67845784402693,31.232347239245897,0,feet,0.0,0.08232452140426494,-0.08769835530712378,-39.70230493745449,63.70001399999999,9.599863807417563,-39.79378579200237,63.70001591568979,0.0,1,-1.2434497875801753e-14,0.0,0.0823245214042636,-0.08769836533440678,-39.70230493745441,-63.70001399999998,9.599863807417563,-39.79378579200231,-63.70001591568979,0.0,1,-1.2434497875801753e-14,0.0,0.082758195403557,-0.09501044843294171,73.15198749380421,63.70001399999999,9.60021833590099,73.11246824855199,63.70001591568979,0.0,1,1.0658141036401503e-14,0.0,0.082758195403557,-0.09501044843294171,73.15198749380421,-63.70001399999998,9.60021833590099,73.11246824855199,-63.70001591568979,0.0,1,1.0658141036401503e-14
1.175,1175000,stretch_front_into_bow,0.26460756172839506,-0.13230378086419753,0.0,75.92061773148149,0.999999040220032,0.0,0.001385481510097753,0.0,-0.13230378086419753,0.0,75.92061773148149,39.66148201113814,31.182115750391027,0,feet,0.0,0.08145448107997888,-0.08820525798366097,-39.70248635923736,63.70001399999999,9.599865534542246,-39.79378579200237,63.70001591568979,0.0,1,3.375077994860476e-14,0.0,0.08145448107997755,-0.08820526806642937,-39.702486359237334,-63.70001399999998,9.599865534542218,-39.79378579200231,-63.70001591568979,0.0,1,5.329070518200751e-15,0.0,0.08194669200151994,-0.09658891569465888,73.17810429555452,63.70001399999999,9.600247390963489,73.14641991432957,63.70001591568979,0.0,1,1.0658141036401503e-14,0.0,0.08194669200151994,-0.09658891569465888,73.17810429555452,-63.70001399999998,9.600247390963489,73.14641991432957,-63.70001591568979,0.0,1,1.0658141036401503e-14
1.1833333333333333,1183333,stretch_front_into_bow,0.30148505817202664,-0.15074252908601332,0.0,75.90955448254839,0.9999987540553635,0.0,0.0015785714175960267,0.0,-0.15074252908601332,0.0,75.90955448254839,39.64304326291633,31.12756190269308,0,feet,0.0,0.08050960596982781,-0.08875530229339956,-39.702680852529326,63.70001399999999,9.599867382298441,-39.79378579200237,63.70001591568979,0.0,1,-3.730349362740526e-14,0.0,0.08050960596982693,-0.08875531243634782,-39.70268085252925,-63.70001399999998,9.59986738229847,-39.79378579200231,-63.70001591568979,0.0,1,-8.881784197001252e-15,0.0,0.08106385966103735,-0.09830150230341284,73.2064729196885,63.70001399999999,9.600271702587463,73.1832974107732,63.70001591568979,0.0,1,2.3092638912203256e-14,0.0,0.08106385966103735,-0.09830150230341284,73.2064729196885,-63.70001399999998,9.600271702587463,73.1832974107732,-63.70001591568979,0.0,1,2.3092638912203256e-14
1.1916666666666667,1191667,stretch_front_into_bow,0.3413643073972462,-0.1706821536986231,0.0,75.89759070778082,0.9999984026379837,0.0,0.0017873783821642077,0.0,-0.1706821536986231,0.0,75.89759070778082,39.62310363830372,31.06857499970267,0,feet,0.0,0.07948798642689736,-0.08934948555215083,-39.702888175985024,63.70001399999999,9.5998693476066,-39.79378579200237,63.70001591568979,0.0,1,-1.4210854715202004e-14,0.0,0.07948798642689692,-0.08934949576007023,-39.70288817598498,-63.70001399999998,9.599869347606628,-39.79378579200231,-63.70001591568979,0.0,1,1.2434497875801753e-14,0.0,0.08010753026454864,-0.10015126031991617,73.23715207926529,63.70001399999999,9.600289503726998,73.22317665999843,63.70001591568979,0.0,1,-8.881784197001252e-15,0.0,0.08010753026454864,-0.10015126031991617,73.23715207926529,-63.70001399999998,9.600289503726998,73.22317665999843,-63.70001591568979,0.0,1,-8.881784197001252e-15
1.2,1200000,stretch_front_into_bow,0.3843160493827161,-0.19215802469135804,0.0,75.88470518518518,0.9999979753770981,0.0,0.0020122727709633763,0.0,-0.19215802469135804,0.0,75.88470518518518,39.60162776731098,31.00505220192332,0,feet,0.0,0.07838784969668477,-0.08998871241426398,-39.7031079870733,63.70001399999999,9.599871426399858,-39.79378579200237,63.70001591568979,0.0,1,2.842170943040401e-14,0.0,0.07838784969668389,-0.08998872269203995,-39.70310798707326,-63.70001399999998,9.599871426399858,-39.79378579200231,-63.70001591568979,0.0,1,2.6645352591003757e-14,0.0,0.07907561908615479,-0.10214094804535856,73.27019654230256,63.70001399999999,9.600298813992666,73.2661284019839,63.70001591568979,0.0,1,-1.7763568394002505e-15,0.0,0.07907561908615479,-0.10214094804535856,73.27019654230256,-63.70001399999998,9.600298813992666,73.2661284019839,-63.70001591568979,0.0,1,-1.7763568394002505e-15
1.2083333333333333,1208333,stretch_front_into_bow,0.4304059181781234,-0.2152029590890617,0.0,75.87087822454656,0.9999974606443295,0.0,0.0022535982101188684,0.0,-0.2152029590890617,0.0,75.87087822454656,39.57858283291328,30.93689842045938,0,feet,0.0,0.07720755807773516,-0.09067379565056655,-39.703339840520826,63.70001399999999,9.599873613625121,-39.79378579200237,63.70001591568979,0.0,1,2.842170943040401e-14,0.0,0.07720755807773383,-0.09067380600316399,-39.70333984052077,-63.70001399999998,9.599873613625121,-39.79378579200231,-63.70001591568979,0.0,1,2.842170943040401e-14,0.0,0.07796612180170426,-0.10427303252353237,73.30565719315177,63.70001399999999,9.600297433932738,73.31221827077931,63.70001591568979,0.0,1,2.4868995751603507e-14,0.0,0.07796612180170426,-0.10427303252353237,73.30565719315177,-63.70001399999998,9.600297433932738,73.31221827077931,-63.70001591568979,0.0,1,2.4868995751603507e-14
1.2166666666666666,1216667,stretch_front_into_bow,0.47969451811207625,-0.23984725905603813,0.0,75.85609164456638,0.9999968457469511,0.0,0.002511671982627323,0.0,-0.23984725905603813,0.0,75.85609164456638,39.5539385329463,30.86402620993583,0,feet,0.0,0.07594560706266096,-0.09140545700902036,-39.703583187118745,63.70001399999999,9.599875903249341,-39.79378579200237,63.70001591568979,0.0,1,2.4868995751603507e-14,0.0,0.07594560706266007,-0.09140546744147304,-39.7035831871187,-63.70001399999998,9.599875903249313,-39.79378579200231,-63.70001591568979,0.0,1,-3.552713678800501e-15,0.0,0.07677735562038857,-0.10654991938571756,73.3435794653577,63.70001399999999,9.600297322478497,73.34062746541342,63.70001591546515,0.0,1,-7.105427357601002e-15,0.0,0.07677735562038857,-0.10654991938571756,73.3435794653577,-63.70001399999998,9.600297322478497,73.34062746541342,-63.700015915465144,0.0,1,-7.105427357601002e-15
1.225,1225000,stretch_front_into_bow,0.5322375,-0.26611875,0.0,75.84032875,0.9999961169059551,0.0,0.0027867854261527623,0.0,-0.26611875,0.0,75.84032875,39.52766704200234,30.78635566065831,0,feet,0.0,0.07460062345879637,-0.09218432816087407,-39.70383737290547,63.70001399999999,9.599878288271,-39.79378579200237,63.70001591568979,0.0,1,1.5987211554602254e-14,0.0,0.07460062345879548,-0.0921843386782748,-39.70383737290542,-63.70001399999998,9.599878288271,-39.79378579200231,-63.70001591568979,0.0,1,1.5987211554602254e-14,0.0,0.0755074274273908,-0.10897346266673624,73.38400690028153,63.70001399999999,9.600293403000663,73.39317044730134,63.70001591546515,0.0,1,2.3092638912203256e-14,0.0,0.0755074274273908,-0.10897346266673624,73.38400690028153,-63.70001399999998,9.600293403000663,73.39317044730134,-63.700015915465144,0.0,1,2.3092638912203256e-14
1.2333333333333334,1233333,stretch_front_into_bow,0.5880856373520297,-0.29404281867601484,0.0,75.82357430879439,0.9999952592391075,0.0,0.003079204330711629,0.0,-0.29404281867601484,0.0,75.82357430879439,39.49974297332633,30.70381428998661,0,feet,0.0,0.07317136348783704,-0.09301095173442597,-39.704101638736084,63.70001399999999,9.599880760736923,-39.79378579200237,63.70001591568979,0.0,1,-3.375077994860476e-14,0.0,0.07317136348783615,-0.0930109623419142,-39.70410163873602,-63.70001399999998,9.599880760736951,-39.79378579200231,-63.70001591568979,0.0,1,-5.329070518200751e-15,0.0,0.07415438278413689,-0.11154511069662387,73.42698026309014,63.70001399999999,9.600272480855622,73.44901858465337,63.70001591546515,0.0,1,-2.4868995751603507e-14,0.0,0.07415438278413689,-0.11154511069662387,73.42698026309014,-63.70001399999998,9.600272480855622,73.44901858465337,-63.700015915465144,0.0,1,-2.4868995751603507e-14
1.2416666666666667,1241667,stretch_front_into_bow,0.6472849025809074,-0.3236424512904537,0.0,75.80581452922573,0.9999942567491127,0.0,0.003389169336248102,0.0,-0.3236424512904537,0.0,75.80581452922573,39.470143340711886,30.61633693289852,0,feet,0.0,0.07165671086400804,-0.0938857824378978,-39.70437512024721,63.70001399999999,9.59988331176433,-39.79378579200237,63.70001591568979,0.0,1,1.7763568394002505e-14,0.0,0.07165671086400671,-0.0938857931406516,-39.70437512024714,-63.70001399999998,9.59988331176433,-39.79378579200231,-63.70001591568979,0.0,1,1.7763568394002505e-14,0.0,0.07271651315071326,-0.11426619693948803,73.47253550930469,63.70001399999999,9.600231464129536,73.50821784988226,63.70001591546515,0.0,1,1.2434497875801753e-14,0.0,0.07271651315071326,-0.11426619693948803,73.47253550930469,-63.70001399999998,9.600231464129536,73.50821784988226,-63.700015915465144,0.0,1,1.2434497875801753e-14
1.25,1250000,stretch_front_into_bow,0.7098765432098765,-0.35493827160493824,0.0,75.78703703703704,0.9999930923169776,0.0,0.0037168963301022367,0.0,-0.35493827160493824,0.0,75.78703703703704,39.4388475203974,30.52386563172533,0,feet,0.0,0.07005567485036446,-0.09480918827230367,-39.704656848222825,63.70001399999999,9.599885931566916,-39.79378579200237,63.70001591568979,0.0,1,5.1514348342607263e-14,0.0,0.07005567485036313,-0.0948091990755282,-39.70465684822277,-63.70001399999998,9.599885931566916,-39.79378579200231,-63.70001591568979,0.0,1,5.1514348342607263e-14,0.0,0.07119217831699443,-0.11713778083238147,73.52070501843015,63.70001399999999,9.60016702647249,73.57080949051122,63.70001591546515,0.0,1,3.197442310920451e-14,0.0,0.07119217831699443,-0.11713778083238147,73.52070501843015,-63.70001399999998,9.60016702647249,73.57080949051122,-63.700015915465144,0.0,1,3.197442310920451e-14
1.2583333333333333,1258333,stretch_front_into_bow,0.7758971580805772,-0.3879485790402886,0.0,75.76723085257582,0.9999917477006416,0.0,0.0040625768443749155,0.0,-0.3879485790402886,0.0,75.76723085257582,39.40583721296205,30.426349525043932,0,feet,0.0,0.06836738829300248,-0.09578145183461428,-39.70494574936444,63.70001399999999,9.599888609486015,-39.79378579200237,63.70001591568979,0.0,1,3.197442310920451e-14,0.0,0.06836738829300115,-0.09578146274353161,-39.70494574936438,-63.70001399999998,9.599888609486015,-39.79378579200231,-63.70001591568979,0.0,1,3.019806626980426e-14,0.0,0.0695798046203926,-0.12016065221292571,73.57151765571828,63.70001399999999,9.600075607942372,73.63683010538192,63.70001591546515,0.0,1,-2.1316282072803006e-14,0.0,0.0695798046203926,-0.12016065221292571,73.57151765571828,-63.70001399999998,9.600075607942372,73.63683010538192,-63.700015915465144,0.0,1,-2.1316282072803006e-14
1.2666666666666666,1266667,stretch_front_into_bow,0.8453787735609408,-0.4226893867804704,0.0,75.74638636793172,0.9999902035389092,0.0,0.004426378453194932,0.0,-0.4226893867804704,0.0,75.74638636793172,39.37109640522187,30.323744735713575,0,feet,0.0,0.06659110563304971,-0.09680277171093543,-39.70524064746723,63.70001399999999,9.599891334025315,-39.79378579200237,63.70001591568979,0.0,1,2.3092638912203256e-14,0.0,0.06659110563304838,-0.09680278273077425,-39.705240647467186,-63.70001399999998,9.599891334025287,-39.79378579200231,-63.70001591568979,0.0,1,-5.329070518200751e-15,0.0,0.06787788337716583,-0.12333533606325187,73.6249988339842,63.70001399999999,9.599953417007768,73.70631172086229,63.70001591546515,0.0,1,-1.7763568394002505e-15,0.0,0.06787788337716583,-0.12333533606325187,73.6249988339842,-63.70001399999998,9.599953417007768,73.70631172086229,-63.700015915465144,0.0,1,-1.7763568394002505e-15
1.275,1275000,stretch_front_into_bow,0.9183489197530861,-0.45917445987654304,0.0,75.72449532407407,0.9999884393606999,0.0,0.004808445169894943,0.0,-0.45917445987654304,0.0,75.72449532407407,39.334611332125796,30.21601425804898,0,feet,0.0,0.0647262008964149,-0.09787326395888041,-39.70554026500072,63.70001399999999,9.599894092888675,-39.79378579200237,63.70001591568979,0.0,1,0.0,0.0,0.06472620089641401,-0.09787327509486943,-39.705540265000664,-63.70001399999998,9.59989409288869,-39.79378579200231,-63.70001591568979,0.0,1,1.4210854715202004e-14,0.0,0.06608821533827358,-0.1266651310173601,73.68114854659086,63.70001399999999,9.599989850443109,73.66551106302742,66.08449162208595,0.0,1,-8.881784197001252e-15,0.0,0.06608821533827358,-0.1266651310173601,73.68114854659086,-63.70001399999998,9.599989850443109,73.66551106302742,-66.08449162208595,0.0,1,-8.881784197001252e-15
1.2833333333333334,1283333,stretch_front_into_bow,0.9948307067012142,-0.4974153533506071,0.0,75.70155078798963,0.9999864335996013,0.0,0.005208897844104374,0.0,-0.4974153533506071,0.0,75.70155078798963,39.296370438651735,30.10312784412443,0,feet,0.0,0.06277216566140842,-0.09899296367778954,-39.70584322509135,63.70001399999999,9.59989687302108,-39.79378579200237,63.70001591568979,0.0,1,7.105427357601002e-15,0.0,0.06277216566140753,-0.09899297493514281,-39.705843225091286,-63.70001399999998,9.59989687302108,-39.79378579200231,-63.70001591568979,0.0,1,7.105427357601002e-15,0.0,0.06420642361827777,-0.13014723798970884,73.74000524910352,63.70001399999999,9.60000238067397,73.74199284997555,66.08449162208595,0.0,1,1.7763568394002505e-15,0.0,0.06420642361827777,-0.13014723798970884,73.74000524910352,-63.70001399999998,9.60000238067397,73.74199284997555,-66.08449162208595,0.0,1,1.7763568394002505e-15
1.2916666666666667,1291667,stretch_front_into_bow,1.0748429005995022,-0.5374214502997511,0.0,75.67754712982016,0.999984163613694,0.0,0.005627834558768666,0.0,-0.5374214502997511,0.0,75.67754712982016,39.256364341702586,29.98506188920623,0,feet,0.0,0.06072860700442062,-0.10016182666494933,-39.706148053901465,63.70001399999999,9.599899660651417,-39.79378579200237,63.70001591568979,0.0,1,-1.7763568394002505e-15,0.0,0.06072860700441973,-0.10016183804886092,-39.706148053901416,-63.70001399999998,9.599899660651388,-39.79378579200231,-63.70001591568979,0.0,1,-3.019806626980426e-14,0.0,0.06223108792014509,-0.13378133039610773,73.80158510867003,63.70001399999999,9.599980869030375,73.82200504387383,66.08449162208595,0.0,1,-8.881784197001252e-15,0.0,0.06223108792014509,-0.13378133039610773,73.80158510867003,-63.70001399999998,9.599980869030375,73.82200504387383,-66.08449162208595,0.0,1,-8.881784197001252e-15
1.3,1300000,stretch_front_into_bow,1.1584000000000003,-0.5792000000000002,0.0,75.65248,0.9999816057105909,0.0,0.006065331027105642,0.0,-0.5792000000000002,0.0,75.65248,39.21458579200234,29.861799316313608,0,feet,0.0,0.05859524542397043,-0.10137973115549981,-39.706453183398146,63.70001399999999,9.599902441337065,-39.79378579200237,63.70001591568979,0.0,1,1.5987211554602254e-14,0.0,0.058595245423969544,-0.10137974267113536,-39.706453183398075,-63.70001399999998,9.599902441337093,-39.79378579200231,-63.70001591568979,0.0,1,4.440892098500626e-14,0.0,0.06016094746803269,-0.13756692600381504,73.86590028806125,63.70001399999999,9.599920655752541,73.90556214327432,66.08449162208595,0.0,1,8.881784197001252e-15,0.0,0.06016094746803269,-0.13756692600381504,73.86590028806125,-63.70001399999998,9.599920655752541,73.90556214327432,-66.08449162208595,0.0,1,8.881784197001252e-15
1.3083333333333333,1308333,stretch_front_into_bow,1.2455123120205251,-0.6227561560102626,0.0,75.62634630639384,0.9999787351776138,0.0,0.00652144098951089,0.0,-0.6227561560102626,0.0,75.62634630639384,39.17102963599208,29.733329459910983,0,feet,0.0,0.0563719127434994,-0.10264647964326645,-39.70675695450267,63.70001399999999,9.599905200008891,-39.79378579200237,63.70001591568979,0.0,1,-1.9539925233402755e-14,0.0,0.05637191274349851,-0.1026464912957481,-39.70675695450262,-63.70001399999998,9.599905200008891,-39.79378579200231,-63.70001591568979,0.0,1,-1.9539925233402755e-14,0.0,0.057994801560730114,-0.1415033056186945,73.93295980596584,63.70001399999999,9.599816863886403,73.99267445529485,66.08449162208595,0.0,1,-4.263256414560601e-14,0.0,0.057994801560730114,-0.1415033056186945,73.93295980596584,-63.70001399999998,9.599816863886403,73.99267445529485,-66.08449162208595,0.0,1,-4.263256414560601e-14
1.3166666666666667,1316667,stretch_front_into_bow,1.3361860285525577,-0.6680930142762789,0.0,75.59914419143423,0.9999755263170136,0.0,0.006996196610425345,0.0,-0.6680930142762789,0.0,75.59914419143423,39.12569277772606,29.59964794873636,0,feet,0.0,0.05405854999342452,-0.10396180077935036,-39.70705762061067,63.70001399999999,9.599907921016822,-39.79378579200237,63.70001591568979,0.0,1,-1.0658141036401503e-14,0.0,0.05405854999342319,-0.10396181257375803,-39.70705762061062,-63.70001399999998,9.599907921016793,-39.79378579200231,-63.70001591568979,0.0,1,-3.730349362740526e-14,0.0,0.05573369666244998,-0.14559157292330616,74.00275451502526,63.70001399999999,9.59979610455106,73.93969815549968,66.67061985496431,0.0,1,5.329070518200751e-15,0.0,0.05573369666244998,-0.14559157292330616,74.00275451502526,-63.70001399999998,9.59979610455106,73.93969815549968,-66.67061985496431,0.0,1,5.329070518200751e-15
1.325,1325000,stretch_front_into_bow,1.430423302469136,-0.715211651234568,0.0,75.57087300925926,0.9999719524861169,0.0,0.007489608875179263,0.0,-0.715211651234568,0.0,75.57087300925926,39.07857414076777,29.460756587773453,0,feet,0.0,0.051655205272990834,-0.10532535134492749,-39.70735335147038,63.70001399999999,9.59991058817414,-39.79378579200237,63.70001591568979,0.0,1,-2.1316282072803006e-14,0.0,0.05165520527299039,-0.1053253632862825,-39.70735335147034,-63.70001399999998,9.599910588174168,-39.79378579200231,-63.70001591568979,0.0,1,8.881784197001252e-15,0.0,0.0533775605891873,-0.1498314893417665,74.07527966540852,63.70001399999999,9.599914166677792,74.03393542941626,66.67061985496431,0.0,1,2.4868995751603507e-14,0.0,0.0533775605891873,-0.1498314893417665,74.07527966540852,-63.70001399999998,9.599914166677792,74.03393542941626,-66.67061985496431,0.0,1,2.4868995751603507e-14
1.3333333333333333,1333333,stretch_front_into_bow,1.528222323832749,-0.7641111619163745,0.0,75.54153330285017,0.9999679861422708,0.0,0.008001667986827847,0.0,-0.7641111619163745,0.0,75.54153330285017,39.029674630085964,29.316663239377007,0,feet,0.0,0.04916203159259469,-0.1067367182943495,-39.70764223740585,63.70001399999999,9.59991318480101,-39.79378579200237,63.70001591568979,0.0,1,7.105427357601002e-15,0.0,0.04916203159259336,-0.10673673038761144,-39.707642237405786,-63.70001399999998,9.59991318480101,-39.79378579200231,-63.70001591568979,0.0,1,8.881784197001252e-15,0.0,0.050922361269326366,-0.15421883841116912,74.15055576724329,63.70001399999999,9.599984745377327,74.13173445077987,66.67061985496431,0.0,1,3.019806626980426e-14,0.0,0.05092236126932592,-0.15421883841116868,74.15055576724329,-63.70001399999998,9.59998474537727,74.13173445077987,-66.67061985496431,0.0,1,-2.6645352591003757e-14
1.3416666666666666,1341667,stretch_front_into_bow,1.6295773961032365,-0.8147886980516182,0.0,75.51112678116903,0.9999635988924347,0.0,0.008532343762994703,0.0,-0.8147886980516182,0.0,75.51112678116903,38.978997093950724,29.16738170356276,0,feet,0.0,0.04657928469729411,-0.10819542086434542,-39.70792229386989,63.70001399999999,9.599915693765396,-39.79378579200237,63.70001591568979,0.0,1,1.7763568394002505e-15,0.0,0.04657928469729322,-0.10819543311440061,-39.70792229386984,-63.70001399999998,9.599915693765425,-39.79378579200231,-63.70001591568979,0.0,1,3.019806626980426e-14,0.0,0.04836716314921574,-0.15875204304099455,74.22857960384638,63.70001399999999,9.60000384571552,74.2305402866814,66.67236698627397,0.0,1,2.3092638912203256e-14,0.0,0.048367163149217074,-0.15875204304099322,74.2285796038463,-63.70001399999998,9.600003845715463,74.23054028668133,-66.67236698627397,0.0,1,-3.197442310920451e-14
1.35,1350000,stretch_front_into_bow,1.734479012345679,-0.8672395061728395,0.0,75.4796562962963,0.9999587615472599,0.0,0.009081586032740037,0.0,-0.8672395061728395,0.0,75.4796562962963,38.9265462858295,29.012931597475777,0,feet,0.0,0.043907320872312194,-0.10970091274480742,-39.70819146631062,63.70001399999999,9.599918097521666,-39.79378579200237,63.70001591568979,0.0,1,-3.552713678800501e-15,0.0,0.043907320872311306,-0.10970092515646579,-39.70819146631058,-63.70001399999998,9.599918097521666,-39.79378579200231,-63.70001591568979,0.0,1,-1.7763568394002505e-15,0.0,0.04571200459104574,-0.16343018464513248,74.30933871121387,63.70001399999999,9.600022862713644,74.23664142209466,63.700015910542625,0.0,1,-2.3092638912203256e-14,0.0,0.04571200459104796,-0.16343018464513248,74.30933871121381,-63.70001399999998,9.6000228627137,74.23664142209458,-63.70001591054262,0.0,1,3.375077994860476e-14
1.3583333333333334,1358333,stretch_front_into_bow,1.8429139314382972,-0.9214569657191486,0.0,75.44712582056852,0.999953444179477,0.0,0.009649325033471283,0.0,-0.9214569657191486,0.0,75.44712582056852,38.87232882628319,28.853338234052515,0,feet,0.0,0.04114659473139293,-0.11125258430643425,-39.70844763533408,63.70001399999999,9.59992037814537,-39.79378579200237,63.70001591568979,0.0,1,-1.7763568394002505e-14,0.0,0.04114659473139204,-0.1112525968844209,-39.70844763533402,-63.70001399999998,9.599920378145399,-39.79378579200231,-63.70001591568979,0.0,1,8.881784197001252e-15,0.0,0.042958400680253916,-0.16825347702435245,74.3928074176869,63.70001399999999,9.600179456906346,74.34507634118728,63.700015910542625,0.0,1,1.7763568394002505e-15,0.0,0.04295840068025525,-0.16825347702435245,74.39280741768687,-63.70001399999998,9.600179456906403,74.3450763411872,-63.70001591054262,0.0,1,5.861977570020827e-14
1.3666666666666667,1366667,stretch_front_into_bow,1.9548652542803433,-0.9774326271401717,0.0,75.4135404237159,0.9999476161864027,0.0,0.010235471807914372,0.0,-0.9774326271401717,0.0,75.4135404237159,38.816353164862164,28.68863249989392,0,feet,0.0,0.038297656988942386,-0.11284976488025,-39.708688622144784,63.70001399999999,9.59992251736422,-39.79378579200237,63.70001591568979,0.0,1,-1.5987211554602254e-14,0.0,0.0382976569889415,-0.11284977762919501,-39.70868862214474,-63.70001399999998,9.59992251736422,-39.79378579200231,-63.70001591568979,0.0,1,-1.5987211554602254e-14,0.0,0.040102366491632235,-0.17321670590249472,74.47899651558083,63.70001399999999,9.600272976849837,74.45702766402933,63.700015910542625,0.0,1,6.927791673660977e-14,0.0,0.040102366491633124,-0.17321670590249338,74.47899651558077,-63.70001399999998,9.60027297684978,74.45702766402924,-63.70001591054262,0.0,1,1.2434497875801753e-14
1.375,1375000,stretch_front_into_bow,2.0703125,-1.03515625,0.0,75.37890625,0.9999412463563647,0.0,0.010839918601164324,0.0,-1.03515625,0.0,75.37890625,38.75862954200234,28.518850732368584,0,feet,0.0,0.035361152216933256,-0.1144917250838664,-39.70891219424429,63.70001399999999,9.599924496584222,-39.79378579200237,63.70001591568979,0.0,1,-2.1316282072803006e-14,0.0,0.03536115221693237,-0.11449173800830525,-39.708912194244206,-63.70001399999998,9.59992449658428,-39.79378579200231,-63.70001591568979,0.0,1,3.375077994860476e-14,0.0,0.037143181317003116,-0.17831749748172676,74.56789195225177,63.70001399999999,9.600297019205826,74.57247490974898,63.700015910542625,0.0,1,6.572520305780927e-14,0.0,0.03714318131700489,-0.17831749748172498,74.56789195225166,-63.70001399999998,9.600297019205797,74.57247490974889,-63.70001591054262,0.0,1,3.907985046680551e-14
1.3833333333333333,1383333,stretch_front_into_bow,2.189231682162271,-1.0946158410811355,0.0,75.34323049535132,0.9999343029388293,0.0,0.01146253925783411,0.0,-1.0946158410811355,0.0,75.34323049535132,38.6991699509212,28.344034595966782,0,feet,0.0,0.03233781658761892,-0.11617767918919686,-39.70911607136771,63.70001399999999,9.599926296910965,-39.79378579200237,63.70001591568979,0.0,1,1.7763568394002505e-14,0.0,0.03233781658761803,-0.11617769229355801,-39.70911607136765,-63.70001399999998,9.599926296910965,-39.79378579200231,-63.70001591568979,0.0,1,1.7763568394002505e-14,0.0,0.03408018804728874,-0.18355330494358713,74.65947708580543,63.70001399999999,9.600245057559235,74.69139409191125,63.700015910542625,0.0,1,-5.861977570020827e-14,0.0,0.03408018804729096,-0.18355330494358713,74.65947708580538,-63.70001399999998,9.600245057559292,74.69139409191116,-63.70001591054262,0.0,1,-1.7763568394002505e-15
1.3916666666666666,1391667,stretch_front_into_bow,2.3115953849768847,-1.1557976924884423,0.0,75.30652138450694,0.9999267537180104,0.0,0.012103189619321025,0.0,-1.1557976924884423,0.0,75.30652138450694,38.6379880995139,28.16423095792772,0,feet,0.0,0.02922847560313535,-0.11790678752620831,-39.70929793163719,63.70001399999999,9.599927899164982,-39.79378579200237,63.70001591568979,0.0,1,3.197442310920451e-14,0.0,0.02922847560313402,-0.11790680081481186,-39.70929793163713,-63.70001399999998,9.599927899164982,-39.79378579200231,-63.70001591568979,0.0,1,3.019806626980426e-14,0.0,0.03091299158054861,-0.18892160354398602,74.75373133387409,63.70001399999999,9.600122626817551,74.69598903233356,63.700015908487444,0.0,1,3.019806626980426e-14,0.0,0.030912991580550386,-0.18892160354398424,74.75373133387397,-63.70001399999998,9.600122626817523,74.69598903233346,-63.700015908487444,0.0,1,1.7763568394002505e-15
1.4,1400000,stretch_front_into_bow,2.437372839506173,-1.2186864197530864,0.0,75.26878814814815,0.999918566089726,0.0,0.012761707921209614,0.0,-1.2186864197530864,0.0,75.26878814814815,38.575099372249255,27.979491763164283,0,feet,0.0,0.026034041813121966,-0.11967815891721978,-39.709455417910576,63.70001399999999,9.599929283891626,-39.79378579200237,63.70001591568979,0.0,1,-1.2434497875801753e-14,0.0,0.026034041813121078,-0.11967817239427081,-39.709455417910526,-63.70001399999998,9.599929283891626,-39.79378579200231,-63.70001591568979,0.0,1,-1.2434497875801753e-14,0.0,0.027646404533283597,-0.19442459005154422,74.85059415190901,63.70001399999999,9.60025299609596,74.82176648686284,63.700015908487444,0.0,1,2.6645352591003757e-14,0.0,0.027646404533285374,-0.19442459005154378,74.85059415190895,-63.70001399999998,9.600252996096003,74.82176648686274,-63.700015908487444,0.0,1,6.927791673660977e-14
1.4083333333333334,1408333,stretch_front_into_bow,2.5665299998729862,-1.2832649999364931,0.0,75.2300410000381,0.9999097071412618,0.0,0.013437915190830508,0.0,-1.2832649999364931,0.0,75.2300410000381,38.51052079206585,27.78987390851067,0,feet,0.0,0.022755512521531962,-0.12149085313621955,-39.709586144302946,63.70001399999999,9.599930431364697,-39.79378579200237,63.70001591568979,0.0,1,1.7763568394002505e-15,0.0,0.02275551252153063,-0.12149086680580234,-39.70958614430286,-63.70001399999998,9.599930431364697,-39.79378579200231,-63.70001591568979,0.0,1,1.7763568394002505e-15,0.0,0.02427456121200855,-0.20005410055076966,74.9500795914902,63.70001399999999,9.600296240788225,74.95092364722966,63.700015908487444,0.0,1,8.526512829121202e-14,0.0,0.02427456121201077,-0.200054100550767,74.95007959149002,-63.70001399999998,9.600296240788111,74.95092364722956,-63.700015908487444,0.0,1,-2.842170943040401e-14
1.4166666666666667,1416667,stretch_front_into_bow,2.6990296194685772,-1.3495148097342886,0.0,75.19029111415942,0.9999001437339942,0.0,0.014131615644993751,0.0,-1.3495148097342886,0.0,75.19029111415942,38.44427098226805,27.595439116320463,0,feet,0.0,0.019393967483819274,-0.12334388338761304,-39.709687702858346,63.70001399999999,9.599931321583313,-39.79378579200237,63.70001591568979,0.0,1,-3.552713678800501e-14,0.0,0.019393967483817942,-0.12334389725368622,-39.70968770285829,-63.70001399999998,9.599931321583313,-39.79378579200231,-63.70001591568979,0.0,1,-3.375077994860476e-14,0.0,0.020797069074866226,-0.20580697012593996,75.05216119182911,63.70001399999999,9.600245377384297,75.08342326682525,63.700015908487444,0.0,1,3.375077994860476e-14,0.0,0.020797069074867558,-0.20580697012593818,75.05216119182903,-63.70001399999998,9.60024537738424,75.08342326682515,-63.700015908487444,0.0,1,-2.3092638912203256e-14
1.425,1425000,stretch_front_into_bow,2.8348313271604937,-1.4174156635802468,0.0,75.14955060185186,0.9998898425885152,0.0,0.014842597087915271,0.0,-1.4174156635802468,0.0,75.14955060185186,38.376370128422096,27.3962538074437,0,feet,0.0,0.015950566595752225,-0.12523621879887648,-39.70975767034916,63.70001399999999,9.599931934263182,-39.79378579200237,63.70001591568979,0.0,1,-1.7763568394002505e-15,0.0,0.015950566595750892,-0.12523623286527208,-39.70975767034909,-63.70001399999998,9.59993193426321,-39.79378579200231,-63.70001591568979,0.0,1,2.4868995751603507e-14,0.0,0.017213606557138217,-0.21167989974868595,75.156810207287,63.70001399999999,9.600093386012048,75.21922497451716,63.700015908487444,0.0,1,-1.5987211554602254e-14,0.0,0.017213606557139993,-0.21167989974868462,75.15681020728694,-63.70001399999998,9.600093386012091,75.21922497451706,-63.700015908487444,0.0,1,2.6645352591003757e-14
1.4333333333333333,1433333,stretch_front_into_bow,2.973891703500482,-1.486945851750241,0.0,75.10783248894985,0.9998787703720027,0.0,0.015570631309354467,0.0,-1.486945851750241,0.0,75.10783248894985,38.3068399402521,27.19238897361327,0,feet,0.0,0.012426547575083102,-0.12716678692157668,-39.70979361517901,63.70001399999999,9.599932248820707,-39.79378579200237,63.70001591568979,0.0,1,3.552713678800501e-14,0.0,0.012426547575082214,-0.12716680119199086,-39.70979361517899,-63.70001399999998,9.599932248820679,-39.79378579200231,-63.70001591568979,0.0,1,7.105427357601002e-15,0.0,0.013526647227426913,-0.2176720765870801,75.26397563096108,63.70001399999999,9.600004177656459,75.26379587745568,65.99266422206816,0.0,1,1.7763568394002505e-15,0.0,0.013526647227427357,-0.2176720765870801,75.26397563096108,-63.70001399999998,9.600004177656459,75.26379587745562,-65.99266422206816,0.0,1,1.7763568394002505e-15
1.4416666666666667,1441667,stretch_front_into_bow,3.1161643569323783,-1.5580821784661891,0.0,75.06515069292028,0.9998668937875658,0.0,0.0163154744829801,0.0,-1.5580821784661891,0.0,75.06515069292028,38.23570361353615,26.983920049272797,0,feet,0.0,0.008823223637367317,-0.1291344762353086,-39.70979310436683,63.70001399999999,9.59993224435145,-39.79378579200237,63.70001591568979,0.0,1,1.2434497875801753e-14,0.0,0.008823223637366429,-0.12913449071330385,-39.70979310436679,-63.70001399999998,9.59993224435145,-39.79378579200231,-63.70001591568979,0.0,1,1.4210854715202004e-14,0.0,0.009736389060091888,-0.22378029846492486,75.37362035523674,63.70001399999999,9.599994746791438,75.36383838965845,67.46700275270982,0.0,1,-1.4210854715202004e-14,0.0,0.009736389060093664,-0.22378029846492442,75.37362035523668,-63.70001399999998,9.599994746791452,75.36383838965838,-67.46700275270982,0.0,1,-1.7763568394002505e-15
1.45,1450000,stretch_front_into_bow,3.2616000000000005,-1.6308000000000002,0.0,75.02152,0.999854179665299,0.0,0.017076867564981082,0.0,-1.6308000000000002,0.0,75.02152,38.16298579200234,26.770926782878668,0,feet,0.0,0.00514198116720177,-0.13113813864919743,-39.7097537105877,63.70001399999999,9.59993189960258,-39.79378579200237,63.70001591568979,0.0,1,-3.019806626980426e-14,0.0,0.005141981167200438,-0.13113815333819678,-39.70975371058763,-63.70001399999998,9.599931899602609,-39.79378579200231,-63.70001591568979,0.0,1,-1.7763568394002505e-15,0.0,0.005841327449736422,-0.22999956267012234,75.48571886234743,63.70001399999999,9.599970832206864,75.50927403272608,67.46700275270982,0.0,1,1.7763568394002505e-15,0.0,0.005841327449737754,-0.229999562670121,75.48571886234731,-63.70001399999998,9.599970832206807,75.50927403272601,-67.46700275270982,0.0,1,-5.684341886080802e-14
1.4583333333333333,1458333,stretch_front_into_bow,3.4101465255550485,-1.7050732627775242,0.0,74.97695604233348,0.999840595054772,0.0,0.01785453669293781,0.0,-1.7050732627775242,0.0,74.97695604233348,38.088712529224814,26.553493107711546,0,feet,0.0,0.0013842773861876267,-0.1331765919956931,-39.70967301924792,63.70001399999999,9.599931192939607,-39.79378579200237,63.70001591568979,0.0,1,3.552713678800501e-14,0.0,0.0013842773861867386,-0.13317660689897304,-39.709673019247894,-63.70001399999998,9.599931192939579,-39.79378579200231,-63.70001591568979,0.0,1,7.105427357601002e-15,0.0,0.0018426023519424461,-0.2363272389983586,75.60022478029866,63.70001399999999,9.600000242658098,75.59227656726723,65.46633517931168,0.0,1,-1.9539925233402755e-14,0.0,0.0018426023519437784,-0.23632723899835772,75.60022478029857,-63.70001399999998,9.600000242658098,75.59227656726718,-65.46633517931168,0.0,1,-2.1316282072803006e-14
1.4666666666666666,1466667,stretch_front_into_bow,3.5617490829649956,-1.7808745414824978,0.0,74.9314752751105,0.9998261073186765,0.0,0.018648193584968446,0.0,-1.7808745414824978,0.0,74.9314752751105,38.01291125051984,26.331707012233075,0,feet,0.0,-0.0024483619810831136,-0.13524862251155012,-39.709548635570755,63.70001399999999,9.599930102307582,-39.79378579200237,63.70001591568979,0.0,1,1.5987211554602254e-14,0.0,-0.002448361981084002,-0.13524863763224548,-39.7095486355707,-63.70001399999998,9.599930102307582,-39.79378579200231,-63.70001591568979,0.0,1,1.5987211554602254e-14,0.0,-0.0022609832164808275,-0.24275824264715773,75.71710700780221,63.70001399999999,9.59999671583067,75.7232445285955,65.47026813174442,0.0,1,3.375077994860476e-14,0.0,-0.002260983216479051,-0.2427582426471564,75.7171070078021,-63.70001399999998,9.599996715830613,75.7232445285954,-65.47026813174442,0.0,1,-2.3092638912203256e-14
1.475,1475000,stretch_front_into_bow,3.716350154320987,-1.8581750771604935,0.0,74.8850949537037,0.9998106842273572,0.0,0.019457535939163675,0.0,-1.8581750771604935,0.0,74.8850949537037,37.93561071484184,26.10566041002572,0,feet,0.0,-0.00635434504171295,-0.13735298730103462,-39.70937819166947,63.70001399999999,9.599928605188708,-39.79378579200237,63.70001591568979,0.0,1,-1.4210854715202004e-14,0.0,-0.006354345041713838,-0.1373530026421328,-39.7093781916694,-63.70001399999998,9.599928605188722,-39.79378579200231,-63.70001591568979,0.0,1,-1.7763568394002505e-15,0.0,-0.00646723096215851,-0.2492906361899525,75.83630832583637,63.70001399999999,9.600086228426122,75.7719141292843,63.70001590160536,0.0,1,8.881784197001252e-15,0.0,-0.006467230962156734,-0.24929063618995162,75.83630832583628,-63.70001399999998,9.600086228426079,75.77191412928417,-63.700015901605354,0.0,1,-3.552713678800501e-14
1.4833333333333334,1483333,stretch_front_into_bow,3.873889630645735,-1.9369448153228674,0.0,74.83783311080629,0.9997942940539457,0.0,0.020282247833321953,0.0,-1.9369448153228674,0.0,74.83783311080629,37.85684097667947,25.875449009354305,0,feet,0.0,-0.010332016068567818,-0.13948841677656,-39.70915935358578,63.70001399999999,9.599926678555207,-39.79378579200237,63.70001591568979,0.0,1,2.1316282072803006e-14,0.0,-0.01033201606856915,-0.13948843234089692,-39.709159353585726,-63.70001399999998,9.599926678555207,-39.79378579200231,-63.70001591568979,0.0,1,2.3092638912203256e-14,0.0,-0.010775956971532885,-0.2559203373204939,75.95778418331076,63.70001399999999,9.600260391475459,75.92945360560904,63.70001590160536,0.0,1,-4.618527782440651e-14,0.0,-0.010775956971530665,-0.2559203373204917,75.95778418331068,-63.70001399999998,9.600260391475473,75.92945360560891,-63.700015901605354,0.0,1,-3.197442310920451e-14
1.4916666666666667,1491667,stretch_front_into_bow,4.034304888101408,-2.017152444050704,0.0,74.78970853356958,0.9997769056698198,0.0,0.02112200012499594,0.0,-2.017152444050704,0.0,74.78970853356958,37.77663334795164,25.64117218238968,0,feet,0.0,-0.014379657832427117,-0.14165361707214652,-39.70888982827081,63.70001399999999,9.599924298819076,-39.79378579200237,63.70001591568979,0.0,1,8.881784197001252e-15,0.0,-0.01437965783242845,-0.14165363286240895,-39.708889828270756,-63.70001399999998,9.599924298819076,-39.79378579200231,-63.70001591568979,0.0,1,8.881784197001252e-15,0.0,-0.015190203439118477,-0.2626399938951991,76.08151467217478,63.70001399999999,9.600298558548104,76.08986886306471,63.70001590160536,0.0,1,-5.329070518200751e-15,0.0,-0.015190203439115368,-0.26263999389519777,76.0815146721746,-63.70001399999998,9.60029855854809,76.08986886306458,-63.700015901605354,0.0,1,-1.9539925233402755e-14
1.5,1500000,stretch_front_into_bow,4.197530864197531,-2.0987654320987654,0.0,74.74074074074075,0.9997584886401094,0.0,0.021976450851859453,0.0,-2.0987654320987654,0.0,74.74074074074075,37.69502035990357,25.4029328341363,0,feet,0.0,-0.018495493930950957,-0.1438472724253339,-39.70856737048669,63.70001399999999,9.599921441780083,-39.79378579200237,63.70001591568979,0.0,1,-3.552713678800501e-15,0.0,-0.0184954939309514,-0.14384728844405625,-39.708567370486655,-63.70001399999998,9.599921441780111,-39.79378579200231,-63.70001591568979,0.0,1,2.4868995751603507e-14,0.0,-0.01970841512785615,-0.26944657044157916,76.20744393786482,63.70001399999999,9.60026923597512,76.19474122440967,63.70001590020452,0.0,1,-3.019806626980426e-14,0.0,-0.019708415127854373,-0.26944657044157916,76.20744393786477,-63.70001399999998,9.600269235975162,76.1947412244096,-63.70001590020452,0.0,1,1.2434497875801753e-14
1.5083333333333333,1508333,stretch_front_into_bow,4.363500133998882,-2.181750066999441,0.0,74.69094995980034,0.9997390133189737,0.0,0.02284524563240251,0.0,-2.181750066999441,0.0,74.69094995980034,37.6120357250029,25.16083727110599,0,feet,0.0,-0.022677691113194065,-0.1460680475233449,-39.708189789607935,63.70001399999999,9.599918082571818,-39.79378579200237,63.70001591568979,0.0,1,3.375077994860476e-14,0.0,-0.02267769111319451,-0.1460680637729066,-39.70818978960792,-63.70001399999998,9.599918082571818,-39.79378579200231,-63.70001591568979,0.0,1,3.375077994860476e-14,0.0,-0.024328899234747237,-0.27633700918457604,76.3355132315589,63.70001399999999,9.600244572931146,76.36071049421102,63.70001590020452,0.0,1,-4.618527782440651e-14,0.0,-0.024328899234745016,-0.27633700918457604,76.33551323155885,-63.70001399999998,9.600244572931217,76.36071049421095,-63.70001590020452,0.0,1,2.4868995751603507e-14
1.5166666666666666,1516667,stretch_front_into_bow,4.532142986333384,-2.266071493166692,0.0,74.64035710409999,0.9997184509443716,0.0,0.02372801806696036,0.0,-2.266071493166692,0.0,74.64035710409999,37.52771429883565,24.91499506978259,0,feet,0.0,-0.02692436159844247,-0.14831458980956702,-39.707754956301585,63.70001399999999,9.599914195607312,-39.79378579200237,63.70001591568979,0.0,1,-2.4868995751603507e-14,0.0,-0.026924361598443358,-0.14831460629219606,-39.707754956301514,-63.70001399999998,9.599914195607326,-39.79378579200231,-63.70001591568979,0.0,1,-1.2434497875801753e-14,0.0,-0.0290500235508806,-0.2833080812829434,76.46566351109401,63.70001399999999,9.60028910865094,76.4508968606846,63.70001589824611,0.0,1,1.7763568394002505e-15,0.0,-0.029050023550879267,-0.28330808128294294,76.46566351109395,-63.70001399999998,9.60028910865097,76.45089686068451,-63.70001589824611,0.0,1,3.019806626980426e-14
1.525,1525000,stretch_front_into_bow,4.703387499999999,-2.3516937499999995,0.0,74.58898375,0.9996967737320543,0.0,0.024624390139080982,0.0,-2.3516937499999995,0.0,74.58898375,37.442092042002336,24.665518944922155,0,feet,0.0,-0.031233565388148143,-0.15058553174665645,-39.7072608090656,63.70001399999999,9.599909754525953,-39.79378579200237,63.70001591568979,0.0,1,5.329070518200751e-15,0.0,-0.031233565388149476,-0.1505855484644223,-39.707260809065545,-63.70001399999998,9.599909754525925,-39.79378579200231,-63.70001591568979,0.0,1,-2.3092638912203256e-14,0.0,-0.03387305953560826,-0.2903535177372367,76.59785655476375,63.70001399999999,9.600269749917658,76.6221413743512,63.70001589824611,0.0,1,1.5987211554602254e-14,0.0,-0.03387305953560649,-0.2903535177372367,76.5978565547637,-63.70001399999998,9.6002697499177,76.62214137435112,-63.70001589824611,0.0,1,5.861977570020827e-14
1.5333333333333334,1533333,stretch_front_into_bow,4.877159619976629,-2.4385798099883145,0.0,74.536852114007,0.9996739549685099,0.0,0.025533972617233253,0.0,-2.4385798099883145,0.0,74.536852114007,37.35520598201403,24.412524617735414,0,feet,0.0,-0.03560331256978655,-0.15287949303276793,-39.70670536060754,63.70001399999999,9.599904732140956,-39.79378579200237,63.70001591568979,0.0,1,-2.1316282072803006e-14,0.0,-0.03560331256978788,-0.15287950998758948,-39.706705360607465,-63.70001399999998,9.599904732140985,-39.79378579200231,-63.70001591568979,0.0,1,5.329070518200751e-15,0.0,-0.03879555379209121,-0.29747064150302327,76.73202543189264,63.70001399999999,9.600293623290213,76.74396874706962,63.700015896894804,0.0,1,6.927791673660977e-14,0.0,-0.03879555379209121,-0.29747064150302327,76.73202543189264,-63.70001399999998,9.600293623290213,76.74396874706959,-63.7000158968948,0.0,1,6.927791673660977e-14
1.5416666666666667,1541667,stretch_front_into_bow,5.053383233628004,-2.526691616814002,0.0,74.4839850299116,0.9996499691025921,0.0,0.0264563654568565,0.0,-2.526691616814002,0.0,74.4839850299116,37.26709417518833,24.1561306839996,0,feet,0.0,-0.04003156561148424,-0.15519508276776062,-39.70608670404316,63.70001399999999,9.599899100390914,-39.79378579200237,63.70001591568979,0.0,1,2.4868995751603507e-14,0.0,-0.040031565611485576,-0.15519509996139913,-39.70608670404309,-63.70001399999998,9.599899100390942,-39.79378579200231,-63.70001591568979,0.0,1,5.3290705182007514e-14,0.0,-0.043817572036382924,-0.30465411112620844,76.86812115869799,63.70001399999999,9.60029424274343,76.87286934811165,63.70001589562644,0.0,1,-2.1316282072803006e-14,0.0,-0.043817572036382924,-0.30465411112620844,76.86812115869799,-63.70001399999998,9.60029424274343,76.87286934811165,-63.70001589562645,0.0,1,-2.1316282072803006e-14
1.55,1550000,stretch_front_into_bow,5.231980246913579,-2.6159901234567897,0.0,74.43040592592592,0.9996247918355726,0.0,0.027391158202750173,0.0,-2.6159901234567897,0.0,74.43040592592592,37.17779566854555,23.896458482148155,0,feet,0.0,-0.044516241646304966,-0.15753090156637173,-39.70540301889868,63.70001399999999,9.599892830294152,-39.79378579200237,63.70001591568979,0.0,1,-5.329070518200751e-15,0.0,-0.04451624164630674,-0.15753091900043525,-39.70540301889861,-63.70001399999998,9.599892830294124,-39.79378579200231,-63.70001591568979,0.0,1,-3.375077994860476e-14,0.0,-0.04893779752263816,-0.3118998500965495,77.00608366681772,63.70001399999999,9.600290861733129,76.99396478954424,63.700015894040135,0.0,1,2.842170943040401e-14,0.0,-0.04893779752263816,-0.3118998500965495,77.00608366681772,-63.70001399999998,9.600290861733129,76.99396478954424,-63.700015894040135,0.0,1,2.842170943040401e-14
1.5583333333333333,1558333,stretch_front_into_bow,5.412870660595438,-2.706435330297719,0.0,74.37613880182137,0.9995984002093589,0.0,0.028337930391800287,0.0,-2.706435330297719,0.0,74.37613880182137,37.08735046170462,23.633631961387536,0,feet,0.0,-0.049055214745122644,-0.15988554361572538,-39.704652576898695,63.70001399999999,9.599885891909338,-39.79378579200237,63.70001591568979,0.0,1,0.0,0.0,-0.04905521474512353,-0.15988556129166742,-39.70465257689865,-63.70001399999998,9.599885891909338,-39.79378579200231,-63.70001591568979,0.0,1,0.0,0.0,-0.05415553357259206,-0.31920303501697855,77.14585710378087,63.70001399999999,9.600254715750538,77.1748552032261,63.700015894040135,0.0,1,-2.842170943040401e-14,0.0,-0.05415553357259206,-0.31920303501697855,77.14585710378087,-63.70001399999998,9.600254715750538,77.1748552032261,-63.700015894040135,0.0,1,-2.842170943040401e-14
1.5666666666666667,1566667,stretch_front_into_bow,5.595972646446171,-2.7979863232230855,0.0,74.32120820606615,0.9995707726926235,0.0,0.029296251956037474,0.0,-2.7979863232230855,0.0,74.32120820606615,36.99579946877925,23.36777754989121,0,feet,0.0,-0.0536463181770479,-0.16225759867470302,-39.70383374752466,63.70001399999999,9.59987825430143,-39.79378579200237,63.70001591568979,0.0,1,2.6645352591003757e-14,0.0,-0.053646318177049235,-0.1622576165938252,-39.70383374752459,-63.70001399999998,9.59987825430143,-39.79378579200231,-63.70001591568979,0.0,1,2.4868995751603507e-14,0.0,-0.05947173552079166,-0.3265570751451148,77.28739936191414,63.70001399999999,9.600039223362003,77.35795718907684,63.700015894040135,0.0,1,2.4868995751603507e-14,0.0,-0.05947173552079166,-0.3265570751451148,77.28739936191414,-63.70001399999998,9.600039223362003,77.35795718907684,-63.700015894040135,0.0,1,2.4868995751603507e-14
1.575,1575000,stretch_front_into_bow,5.7812026234567915,-2.8906013117283957,0.0,74.26563921296297,0.9995418892646019,0.0,0.030265683626019616,0.0,-2.8906013117283957,0.0,74.26563921296297,36.90318448027394,23.099024023121686,0,feet,0.0,-0.058287346656434647,-0.16464565401305054,-39.7029450033281,63.70001399999999,9.599869885515531,-39.79378579200237,63.70001591568979,0.0,1,1.4210854715202004e-14,0.0,-0.058287346656435535,-0.1646456721764995,-39.702945003328054,-63.70001399999998,9.59986988551556,-39.79378579200231,-63.70001591568979,0.0,1,4.263256414560601e-14,0.0,-0.06488012207774485,-0.3339625586856192,77.43060844364082,63.70001399999999,9.599979780392673,77.45069015891039,65.87399660422699,0.0,1,1.9539925233402755e-14,0.0,-0.06488012207774485,-0.3339625586856192,77.43060844364082,-63.70001399999998,9.599979780392673,77.45069015891039,-65.87399660422699,0.0,1,1.9539925233402755e-14
1.5833333333333333,1583333,stretch_front_into_bow,5.968475334044609,-2.9842376670223043,0.0,74.20945739978661,0.9995117314963147,0.0,0.031245777334529636,0.0,-2.9842376670223043,0.0,74.20945739978661,36.80954812498003,22.827502372332,0,feet,0.0,-0.06297605857551458,-0.16704829628829598,-39.701984924985005,63.70001399999999,9.599860752559351,-39.79378579200237,63.70001591568979,0.0,1,-5.329070518200751e-15,0.0,-0.06297605857551547,-0.16704831469707004,-39.70198492498495,-63.70001399999998,9.599860752559351,-39.79378579200231,-63.70001591568979,0.0,1,-7.105427357601002e-15,0.0,-0.07037990759437607,-0.3414143877228146,77.57542484196439,63.70001399999999,9.600033629577354,77.55300377067165,63.700015888785835,0.0,1,-2.842170943040401e-14,0.0,-0.07037990759437607,-0.3414143877228146,77.57542484196439,-63.70001399999998,9.600033629577354,77.55300377067165,-63.70001588878583,0.0,1,-2.842170943040401e-14
1.5916666666666666,1591667,stretch_front_into_bow,6.157703920261138,-3.078851960130569,0.0,74.15268882392166,0.9994802826289833,0.0,0.03223607662057776,0.0,-3.078851960130569,0.0,74.15268882392166,36.569781907650174,22.553345673298857,0,feet,0.0,-0.06770999343033113,-0.16946428748843134,-39.7009535037432,63.70001399999999,9.599861480425844,-39.64863386778078,60.014427080345826,0.0,1,5.329070518200751e-15,0.0,-0.06770999343033202,-0.16946430614339558,-39.70095350374314,-63.70001399999998,9.599861480425844,-39.64863386778072,-60.014427080345826,0.0,1,5.329070518200751e-15,0.0,-0.07597195993731676,-0.3489056943897042,77.72180368587514,63.70001399999999,9.600038076114885,77.74223235688818,63.700015888785835,0.0,1,1.7763568394002505e-14,0.0,-0.07597195993731676,-0.3489056943897042,77.72180368587514,-63.70001399999998,9.600038076114885,77.74223235688818,-63.70001588878583,0.0,1,1.7763568394002505e-14
1.6,1600000,stretch_front_into_bow,6.348800000000001,-3.1744000000000003,0.0,74.09536,0.9994475276494121,0.0,0.03323611703369486,0.0,-3.1744000000000003,0.0,74.09536,36.47423386778075,22.276688955339566,0,feet,0.0,-0.07248692307672533,-0.17189214372731998,-39.69984899662308,63.70001399999999,9.599867436493511,-39.64863386778078,60.014427080345826,0.0,1,-1.0658141036401503e-14,0.0,-0.07248692307672622,-0.17189216262918317,-39.699848996623025,-63.70001399999998,9.59986743649354,-39.64863386778072,-60.014427080345826,0.0,1,1.9539925233402755e-14,0.0,-0.08165457899784156,-0.35643214587447236,77.86967976612125,63.70001399999999,9.599999285651137,77.87476686691174,66.4822615229347,0.0,1,5.329070518200751e-15,0.0,-0.08165457899784156,-0.35643214587447236,77.86967976612125,-63.70001399999998,9.599999285651137,77.87476686691174,-66.4822615229347,0.0,1,5.329070518200751e-15
1.6083333333333334,1608333,stretch_front_into_bow,6.541673743204797,-3.2708368716023983,0.0,74.03749787703856,0.9994134533621188,0.0,0.03424542653850209,0.0,-3.2708368716023983,0.0,74.03749787703856,36.37779699617835,21.997669070666085,0,feet,0.0,-0.07730459553822921,-0.17433038004400236,-39.698669738515065,63.70001399999999,9.599873655382723,-39.64863386778078,60.014427080345826,0.0,1,2.1316282072803006e-14,0.0,-0.0773045955382301,-0.17433039919331783,-39.69866973851503,-63.70001399999998,9.599873655382709,-39.64863386778072,-60.014427080345826,0.0,1,7.105427357601002e-15,0.0,-0.08742482953773134,-0.3639905393855982,78.01897594638082,63.70001399999999,9.600000255170585,78.01599358476966,67.09890351956915,0.0,1,-2.4868995751603507e-14,0.0,-0.08742482953773134,-0.3639905393855982,78.01897594638082,-63.70001399999998,9.600000255170585,78.01599358476966,-67.09890351956915,0.0,1,-2.4868995751603507e-14
1.6166666666666667,1616667,stretch_front_into_bow,6.736233948077021,-3.3681169740385104,0.0,73.9791298155769,0.9993780484580007,0.0,0.0352635259195402,0.0,-3.3681169740385104,0.0,73.9791298155769,36.28051689374224,21.716424564128616,0,feet,0.0,-0.08216064563178138,-0.17677759841872875,-39.69741478998791,63.70001399999999,9.59988011431912,-39.64863386778078,60.014427080345826,0.0,1,3.552713678800501e-15,0.0,-0.08216064563178227,-0.17677761781590817,-39.69741478998784,-63.70001399999998,9.599880114319149,-39.64863386778072,-60.014427080345826,0.0,1,3.197442310920451e-14,0.0,-0.09328146669181203,-0.37157585913855185,78.16962946607238,63.70001399999999,9.600000914791906,78.16119659725416,67.25214372180568,0.0,1,-1.5987211554602254e-14,0.0,-0.09328146669181203,-0.37157585913855185,78.16962946607238,-63.70001399999998,9.600000914791906,78.16119659725416,-67.25214372180568,0.0,1,-1.5987211554602254e-14
1.625,1625000,stretch_front_into_bow,6.932388117283951,-3.4661940586419755,0.0,73.92028356481481,0.9993413035793379,0.0,0.036289929186339547,0.0,-3.4661940586419755,0.0,73.92028356481481,36.18243980913877,21.43309554340226,0,feet,0.0,-0.08705268280210099,-0.17923240859293665,-39.69608334045069,63.70001399999999,9.599886787624897,-39.64863386778078,60.014427080345826,0.0,1,3.730349362740526e-14,0.0,-0.08705268280210232,-0.1792324282382438,-39.69608334045065,-63.70001399999998,9.599886787624868,-39.64863386778072,-60.014427080345826,0.0,1,8.881784197001252e-15,0.0,-0.09922252903871565,-0.3791837364805821,78.32157149824178,63.70001399999999,9.60000357279273,78.31978858051507,67.44011674300748,0.0,1,1.2434497875801753e-14,0.0,-0.09922252903871565,-0.3791837364805821,78.32157149824178,-63.70001399999998,9.60000357279273,78.31978858051507,-67.44011674300748,0.0,1,1.2434497875801753e-14
1.6333333333333333,1633333,stretch_front_into_bow,7.13004253416654,-3.56502126708327,0.0,73.86098723975005,0.9993032113809384,0.0,0.03732414397871083,0.0,-3.56502126708327,0.0,73.86098723975005,36.08361260069748,21.147823549669646,0,feet,0.0,-0.09197829325253615,-0.1816934295462569,-39.69467471140304,63.70001399999999,9.599893646722833,-39.64863386778078,60.014427080345826,0.0,1,-7.105427357601002e-15,0.0,-0.09197829325253748,-0.18169344943981836,-39.69467471140297,-63.70001399999998,9.599893646722833,-39.64863386778072,-60.014427080345826,0.0,1,-7.105427357601002e-15,0.0,-0.10524618617422865,-0.3868095820377073,78.47473442347268,63.70001399999999,9.599994108677322,78.48819676861417,65.4947660950395,0.0,1,4.440892098500626e-14,0.0,-0.10524618617422865,-0.3868095820377073,78.47473442347268,-63.70001399999998,9.599994108677322,78.48819676861417,-65.4947660950395,0.0,1,4.440892098500626e-14
1.6416666666666666,1641667,stretch_front_into_bow,7.329102338947314,-3.664551169473657,0.0,73.8012692983158,0.9992637665872405,0.0,0.03836567197223428,0.0,-3.664551169473657,0.0,73.8012692983158,35.98408269830709,20.860751428852275,0,feet,0.0,-0.09693504205651671,-0.1841592909050589,-39.69318835935564,63.70001399999999,9.5999006601606,-39.64863386778078,60.014427080345826,0.0,1,2.1316282072803006e-14,0.0,-0.09693504205651804,-0.184159311046864,-39.69318835935557,-63.70001399999998,9.599900660160628,-39.64863386778072,-60.014427080345826,0.0,1,5.1514348342607263e-14,0.0,-0.1113499193297054,-0.394449442789651,78.6290446216282,63.70001399999999,9.599999750940853,78.6280908214765,66.24574647018272,0.0,1,-1.2434497875801753e-14,0.0,-0.1113499193297054,-0.394449442789651,78.6290446216282,-63.70001399999998,9.599999750940853,78.6280908214765,-66.24574647018272,0.0,1,-1.2434497875801753e-14
1.65,1650000,stretch_front_into_bow,7.529471604938271,-3.7647358024691355,0.0,73.74115851851852,0.9992229660451999,0.0,0.03941400928392386,0.0,-3.7647358024691355,0.0,73.74115851851852,35.88389806531161,20.572023203443464,0,feet,0.0,-0.10192047524914605,-0.18662863428250054,-39.691623878416635,63.70001399999999,9.599907793653898,-39.64863386778078,60.014427080345826,0.0,1,1.7763568394002505e-14,0.0,-0.10192047524914738,-0.18662865467239786,-39.691623878416564,-63.70001399999998,9.599907793653884,-39.64863386778072,-60.014427080345826,0.0,1,3.552713678800501e-15,0.0,-0.11753317969932198,-0.402097197447838,78.78444580068756,63.70001399999999,9.599898898965478,78.82846008746746,66.24574647018272,0.0,1,-3.552713678800501e-15,0.0,-0.11753317969932198,-0.402097197447838,78.78444580068756,-63.70001399999998,9.599898898965478,78.82846008746746,-66.24574647018272,0.0,1,-3.552713678800501e-15
1.6583333333333334,1658333,stretch_front_into_bow,7.731053414748769,-3.8655267073743844,0.0,73.68068397557536,0.9991808087727968,0.0,0.040468646878041206,0.0,-3.8655267073743844,0.0,73.68068397557536,35.78310716040636,20.281783944994523,0,feet,0.0,-0.10693212189851797,-0.1891001145503166,-39.68998100253768,63.70001399999999,9.59991501015078,-39.64863386778078,60.014427080345826,0.0,1,-8.881784197001252e-15,0.0,-0.10693212189851975,-0.18910013518802415,-39.68998100253761,-63.70001399999998,9.59991501015078,-39.64863386778072,-60.014427080345826,0.0,1,-7.105427357601002e-15,0.0,-0.12378667646706676,-0.409755938364174,78.94080403988507,63.70001399999999,9.600192650921954,78.89519554559372,62.450015874526294,0.0,1,-4.263256414560601e-14,0.0,-0.12378667646706676,-0.409755938364174,78.94080403988507,-63.70001399999998,9.600192650921954,78.89519554559372,-62.45001587452629,0.0,1,-4.263256414560601e-14
1.6666666666666667,1666667,stretch_front_into_bow,7.933749936493419,-3.9668749682467097,0.0,73.61987501905197,0.9991372960030067,0.0,0.04152907097203294,0.0,-3.9668749682467097,0.0,73.61987501905197,35.68175889953404,19.990179647306064,0,feet,0.0,-0.1119674961564292,-0.1915724010427402,-39.68825960741696,63.70001399999999,9.599922269916007,-39.64863386778078,60.014427080345826,0.0,1,1.7763568394002505e-15,0.0,-0.11196749615643098,-0.19157242192784496,-39.68825960741691,-63.70001399999998,9.599922269915979,-39.64863386778072,-60.014427080345826,0.0,1,-2.842170943040401e-14,0.0,-0.13011598319005335,-0.4174128412189022,79.09811641032498,63.70001399999999,9.600300985866966,79.09789206733838,62.450015874526294,0.0,1,-1.0658141036401503e-14,0.0,-0.13011598319005335,-0.4174128412189022,79.09811641032498,-63.70001399999998,9.600300985866966,79.09789206733838,-62.45001587452629,0.0,1,-1.0658141036401503e-14
1.675,1675000,stretch_front_into_bow,8.137462500000002,-4.068731250000001,0.0,73.55876125,0.9990924312230937,0.0,0.04259476344256362,0.0,-4.068731250000001,0.0,73.55876125,35.579902617780746,19.697357100374802,0,feet,0.0,-0.11702409928820812,-0.19404417869315083,-39.68645971205531,63.70001399999999,9.599929530635933,-39.64863386778078,60.014427080345826,0.0,1,-1.7763568394002505e-15,0.0,-0.11702409928820945,-0.194044199825111,-39.686459712055225,-63.70001399999998,9.599929530635954,-39.64863386778072,-60.014427080345826,0.0,1,1.7763568394002505e-14,0.0,-0.13651814596879452,-0.42506415888695015,79.25630820432791,63.70001399999999,9.600253436552165,79.22576912620427,62.4500158716601,0.0,1,3.197442310920451e-14,0.0,-0.13651814596879452,-0.42506415888695015,79.25630820432791,-63.70001399999998,9.600253436552165,79.22576912620427,-62.4500158716601,0.0,1,3.197442310920451e-14
1.6833333333333333,1683333,stretch_front_into_bow,8.342091673017325,-4.171045836508663,0.0,73.4973724980948,0.9990462202090913,0.0,0.04366520223161504,0.0,-4.171045836508663,0.0,73.4973724980948,35.477588031272084,19.40346376514583,0,feet,0.0,-0.12209942168144616,-0.19651414910419884,-39.684581479964116,63.70001399999999,9.599936747544184,-39.64863386778078,60.014427080345826,0.0,1,-5.329070518200751e-15,0.0,-0.12209942168144705,-0.19651417048234476,-39.68458147996409,-63.70001399999998,9.599936747544177,-39.64863386778072,-60.014427080345826,0.0,1,-1.2434497875801753e-14,0.0,-0.1429872084469257,-0.4327092505934593,79.41527496312524,63.70001399999999,9.600290098014163,79.4303982992216,62.4500158716601,0.0,1,-1.2434497875801753e-14,0.0,-0.1429872084469257,-0.4327092505934593,79.41527496312524,-63.70001399999998,9.600290098014163,79.4303982992216,-62.4500158716601,0.0,1,-1.2434497875801753e-14
1.6916666666666667,1691667,stretch_front_into_bow,8.547537337423158,-4.273768668711579,0.0,73.43573879877306,0.9989986710553505,0.0,0.04473986175262242,0.0,-4.273768668711579,0.0,73.43573879877306,35.37486519906916,19.108647649119064,0,feet,0.0,-0.1271909448334907,-0.19898103155233837,-39.68262522002384,63.70001399999999,9.599943873567398,-39.64863386778078,60.014427080345826,0.0,1,2.842170943040401e-14,0.0,-0.12719094483349247,-0.19898105317588,-39.682625220023766,-63.70001399999998,9.599943873567362,-39.64863386778072,-60.014427080345826,0.0,1,-7.105427357601002e-15,0.0,-0.1495229961387623,-0.4403412395618176,79.57496649804477,63.70001399999999,9.600222386424242,79.53563931948536,62.45001586773867,0.0,1,3.375077994860476e-14,0.0,-0.1495229961387623,-0.4403412395618176,79.57496649804477,-63.70001399999998,9.600222386424242,79.53563931948536,-62.45001586773867,0.0,1,3.375077994860476e-14
1.7,1700000,stretch_front_into_bow,8.7536987654321,-4.37684938271605,0.0,73.37389037037038,0.9989497941990407,0.0,0.045818213296616055,0.0,-4.37684938271605,0.0,73.37389037037038,35.27178448506469,18.81305718285705,0,feet,0.0,-0.13229614331761885,-0.2014435639278389,-39.680591386992816,63.70001399999999,9.599950859490747,-39.64863386778078,60.014427080345826,0.0,1,1.5987211554602254e-14,0.0,-0.13229614331761974,-0.20144358579586408,-39.68059138699278,-63.70001399999998,9.599950859490718,-39.64863386778072,-60.014427080345826,0.0,1,-1.2434497875801753e-14,0.0,-0.15611926186631075,-0.44795972367078685,79.73527516467358,63.70001399999999,9.600300719901583,79.7418007474943,62.45001586773867,0.0,1,0.0,0.0,-0.15611926186631075,-0.44795972367078685,79.73527516467358,-63.70001399999998,9.600300719901583,79.7418007474943,-62.45001586773867,0.0,1,0.0
1.7083333333333333,1708333,stretch_front_into_bow,8.960474695803484,-4.480237347901742,0.0,73.31185759125896,0.9988996024395087,0.0,0.046899725438337043,0.0,-4.480237347901742,0.0,73.31185759125896,35.168396519879,18.516841097440512,0,feet,0.0,-0.13741248672785122,-0.20390050361149692,-39.67848058166805,63.70001399999999,9.599957654143104,-39.64863386778078,60.014427080345826,0.0,1,-1.9539925233402755e-14,0.0,-0.13741248672785256,-0.20390052572297668,-39.678480581668005,-63.70001399999998,9.599957654143068,-39.64863386778072,-60.014427080345826,0.0,1,-5.5067062021407764e-14,0.0,-0.16277796585684134,-0.45555535972212,79.8961725040476,63.70001399999999,9.600159910040027,79.94857667786567,62.45001586773867,0.0,1,-3.552713678800501e-14,0.0,-0.16277796585684134,-0.45555535972212,79.8961725040476,-63.70001399999998,9.600159910040027,79.94857667786567,-62.45001586773867,0.0,1,-3.552713678800501e-14
1.7166666666666666,1716667,stretch_front_into_bow,9.167763410049282,-4.583881705024641,0.0,73.24967097698521,0.9988481109524028,0.0,0.04798386444229484,0.0,-4.583881705024641,0.0,73.24967097698521,35.06475216275611,18.220148302915966,0,feet,0.0,-0.1425374416024816,-0.20635062828939033,-39.67629355069835,63.70001399999999,9.59996420460056,-39.64863386778078,60.014427080345826,0.0,1,8.881784197001252e-15,0.0,-0.14253744160248294,-0.20635065064318248,-39.67629355069826,-63.70001399999998,9.599964204600582,-39.64863386778072,-60.014427080345826,0.0,1,3.019806626980426e-14,0.0,-0.16949334509752312,-0.46312718077217685,80.05755756291845,63.70001399999999,9.60000285798857,80.05279587269288,67.44340880783868,0.0,1,6.394884621840902e-14,0.0,-0.16949334509752312,-0.46312718077217685,80.05755756291845,-63.70001399999998,9.60000285798857,80.05279587269288,-67.44340880783868,0.0,1,6.394884621840902e-14
1.725,1725000,stretch_front_into_bow,9.375462808641974,-4.687731404320987,0.0,73.18736115740741,0.9987953372984886,0.0,0.04907009466873343,0.0,-4.687731404320987,0.0,73.18736115740741,34.96090246345976,17.923127767778084,0,feet,0.0,-0.14766847332638955,-0.20879273670714982,-39.674031186053746,63.70001399999999,9.59997045640742,-39.64863386778078,60.014427080345826,0.0,1,-1.4210854715202004e-14,0.0,-0.14766847332639088,-0.20879275930199714,-39.674031186053696,-63.70001399999998,9.599970456407384,-39.64863386778072,-60.014427080345826,0.0,1,-4.973799150320701e-14,0.0,-0.17626032351891574,-0.47067341775070926,80.21933407034668,63.70001399999999,9.59997521976338,80.2394566583067,67.39936049763583,0.0,1,-1.5987211554602254e-14,0.0,-0.17626032351891574,-0.47067341775070926,80.21933407034668,-63.70001399999998,9.59997521976338,80.2394566583067,-67.39936049763583,0.0,1,-1.5987211554602254e-14
1.7333333333333334,1733333,stretch_front_into_bow,9.583470487222476,-4.791735243611238,0.0,73.12495885383326,0.9987413014270915,0.0,0.05015787897947369,0.0,-4.791735243611238,0.0,73.12495885383326,34.85689862416951,17.625928399527773,0,feet,0.0,-0.15280304801231326,-0.21122564936532173,-39.671694524153736,63.70001399999999,9.599976353814576,-39.64863386778078,60.014427080345826,0.0,1,1.7763568394002505e-14,0.0,-0.15280304801231503,-0.21122567219986177,-39.67169452415368,-63.70001399999998,9.59997635381454,-39.64863386778072,-60.014427080345826,0.0,1,-1.7763568394002505e-14,0.0,-0.18307668038294844,-0.4781891705315888,80.38143498720457,63.70001399999999,9.600002829471144,80.38217111841321,61.49525244739142,0.0,1,3.552713678800501e-15,0.0,-0.18307668038294844,-0.4781891705315888,80.38143498720457,-63.70001399999998,9.600002829471144,80.38217111841321,-61.49525244739142,0.0,1,3.552713678800501e-15
1.7416666666666667,1741667,stretch_front_into_bow,9.791683812808008,-4.895841906404004,0.0,73.0624948561576,0.998686025674112,0.0,0.051246679143597935,0.0,-4.895841906404004,0.0,73.0624948561576,34.752791961376744,17.328698926344735,0,feet,0.0,-0.15793863436130318,-0.21364820915750382,-39.66928474465864,63.70001399999999,9.599981840032576,-39.64863386778078,60.014427080345826,0.0,1,5.329070518200751e-15,0.0,-0.1579386343613045,-0.21364823223026708,-39.66928474465858,-63.70001399999998,9.59998184003257,-39.64863386778072,-60.014427080345826,0.0,1,-3.552713678800501e-15,0.0,-0.18993955516458438,-0.48567016549945086,80.5437870605802,63.70001399999999,9.600050147198601,80.47418248348427,62.450015854839656,0.0,1,1.7763568394002505e-14,0.0,-0.18993955516458438,-0.48567016549945086,80.5437870605802,-63.70001399999998,9.600050147198601,80.47418248348427,-62.45001585483965,0.0,1,1.7763568394002505e-14
1.75,1750000,stretch_front_into_bow,10.0,-5.0,0.0,73.0,0.9986295347545738,0.0,0.052335956242943835,0.0,-5.0,0.0,73.0,34.5900344372204,17.03158777991122,0,feet,0.0,-0.1630725625391558,-0.21605941715223587,-39.666804204834385,63.70001399999999,9.599994984741365,-39.59003443722043,63.70001591752033,0.0,1,3.019806626980426e-14,0.0,-0.1630725625391567,-0.21605944046166314,-39.666804204834314,-63.70001399999998,9.599994984741386,-39.590034437220375,-63.70001591752033,0.0,1,5.1514348342607263e-14,0.0,-0.19684353323031356,-0.49311498491106764,80.70629194167527,63.70001399999999,9.600272991229758,80.68249867067627,62.450015854839656,0.0,1,7.105427357601002e-15,0.0,-0.19684353323031356,-0.49311498491106764,80.70629194167527,-63.70001399999998,9.600272991229758,80.68249867067627,-62.45001585483965,0.0,1,7.105427357601002e-15
1.7583333333333333,1758333,stretch_front_into_bow,10.208316187191993,-5.104158093595997,0.0,72.9375051438424,0.9985718557496768,0.0,0.05342517107737448,0.0,-5.104158093595997,0.0,72.9375051438424,34.485876343624405,16.734742979420943,0,feet,0.0,-0.16820232378031585,-0.2184581516505708,-39.66425428109284,63.70001399999999,9.600015037438993,-39.59003443722043,63.70001591752033,0.0,1,5.1514348342607263e-14,0.0,-0.16820232378031674,-0.218458175195003,-39.66425428109278,-63.70001399999998,9.600015037439015,-39.590034437220375,-63.70001591752033,0.0,1,7.283063041541027e-14,0.0,-0.20378998994305775,-0.5005145476259858,80.8689217106791,63.70001399999999,9.600294132274207,80.8763484659313,62.45001585419338,0.0,1,1.9539925233402755e-14,0.0,-0.20378998994305775,-0.5005145476259858,80.8689217106791,-63.70001399999998,9.600294132274207,80.8763484659313,-62.45001585419338,0.0,1,1.9539925233402755e-14
1.7666666666666666,1766667,stretch_front_into_bow,10.416529512777524,-5.208264756388762,0.0,72.87504114616674,0.9985130180883364,0.0,0.054513784569791515,0.0,-5.208264756388762,0.0,72.87504114616674,34.38176968083164,16.438312016805227,0,feet,0.0,-0.17332552875143437,-0.22084320946439195,-39.66163568059255,63.70001399999999,9.600034925260744,-39.59003443722043,63.70001591752033,0.0,1,1.2434497875801753e-14,0.0,-0.17332552875143525,-0.22084323324206068,-39.6616356805925,-63.70001399999998,9.600034925260736,-39.590034437220375,-63.70001591752033,0.0,1,5.329070518200751e-15,0.0,-0.21077484212048603,-0.5078658853344984,81.03159472650255,63.70001399999999,9.60015088802755,81.08456179151683,62.45001585419338,0.0,1,3.019806626980426e-14,0.0,-0.21077484212048603,-0.5078658853344984,81.03159472650255,-63.70001399999998,9.60015088802755,81.08456179151683,-62.45001585419338,0.0,1,3.019806626980426e-14
1.775,1775000,stretch_front_into_bow,10.624537191358026,-5.312268595679013,0.0,72.81263884259259,0.9984530535232077,0.0,0.05560125817085925,0.0,-5.312268595679013,0.0,72.81263884259259,34.27776584154139,16.142441743205154,0,feet,0.0,-0.1784396748597472,-0.22321352821288798,-39.65895013605377,63.70001399999999,9.60005457957049,-39.59003443722043,63.70001591752033,0.0,1,-1.4210854715202004e-14,0.0,-0.1784396748597481,-0.22321355222193295,-39.658950136053704,-63.70001399999998,9.60005457957051,-39.590034437220375,-63.70001591752033,0.0,1,7.105427357601002e-15,0.0,-0.21779243636570467,-0.5151678506250863,81.19421343799294,63.70001399999999,9.60000086286314,81.1965509573334,67.46632749529476,0.0,1,-1.0658141036401503e-14,0.0,-0.21779243636570467,-0.5151678506250863,81.19421343799294,-63.70001399999998,9.60000086286314,81.1965509573334,-67.46632749529476,0.0,1,-1.0658141036401503e-14
1.7833333333333334,1783333,stretch_front_into_bow,10.832236589950721,-5.416118294975361,0.0,72.75032902301479,0.9983919961011994,0.0,0.056687054263407956,0.0,-5.416118294975361,0.0,72.75032902301479,34.17391614224504,15.847278256716244,0,feet,0.0,-0.1835422711167629,-0.22556807029052184,-39.65619951241433,63.70001399999999,9.600073931335295,-39.59003443722043,63.70001591752033,0.0,1,3.552713678800501e-14,0.0,-0.18354227111676424,-0.2255680945289904,-39.656199512414275,-63.70001399999998,9.600073931335288,-39.590034437220375,-63.70001591752033,0.0,1,2.842170943040401e-14,0.0,-0.22483703442783165,-0.522419385238611,81.35667782666422,63.70001399999999,9.600003841702446,81.35822434521747,66.80219251390629,0.0,1,-8.171241461241152e-14,0.0,-0.22483703442783165,-0.522419385238611,81.35667782666422,-63.70001399999998,9.600003841702446,81.35822434521747,-66.80219251390629,0.0,1,-8.171241461241152e-14
1.7916666666666667,1791667,stretch_front_into_bow,11.039525304196516,-5.519762652098258,0.0,72.68814240874104,0.9983298821284992,0.0,0.05777063656648526,0.0,-5.519762652098258,0.0,72.68814240874104,34.070271785122145,15.552966791428638,0,feet,0.0,-0.1886308398811103,-0.22790582320161512,-39.65338580372845,63.70001399999999,9.600092911458745,-39.59003443722043,63.70001591752033,0.0,1,3.019806626980426e-14,0.0,-0.18863083988111118,-0.2279058476674689,-39.65338580372842,-63.70001399999998,9.600092911458717,-39.590034437220375,-63.70001591752033,0.0,1,1.7763568394002505e-15,0.0,-0.23190675714356956,-0.5296150074901962,81.51892972871462,63.70001399999999,9.600008101620233,81.44422785254898,62.450015841895706,0.0,1,-3.552713678800501e-15,0.0,-0.23190675714356956,-0.5296150074901962,81.51892972871462,-63.70001399999998,9.600008101620233,81.44422785254898,-62.450015841895706,0.0,1,-3.552713678800501e-15
1.8,1800000,stretch_front_into_bow,11.246301234567898,-5.623150617283949,0.0,72.62610962962962,0.9982667501301414,0.0,0.058851470539026,0.0,-5.623150617283949,0.0,72.62610962962962,33.966883819936456,15.25965160778344,0,feet,0.0,-0.19370291858348754,-0.23022579985151292,-39.650511129776326,63.70001399999999,9.600111451120554,-39.59003443722043,63.70001591752033,0.0,1,1.2434497875801753e-14,0.0,-0.19370291858348798,-0.23022582454262697,-39.65051112977631,-63.70001399999998,9.600111451120554,-39.590034437220375,-63.70001591752033,0.0,1,1.2434497875801753e-14,0.0,-0.2389947973395521,-0.5367549665268552,81.68085867217548,63.70001399999999,9.600252319968718,81.65100378292036,62.450015841895706,0.0,1,1.9539925233402755e-14,0.0,-0.2389947973395521,-0.5367549665268552,81.68085867217548,-63.70001399999998,9.600252319968718,81.65100378292036,-62.450015841895706,0.0,1,1.9539925233402755e-14
1.8083333333333333,1808333,stretch_front_into_bow,11.452462662576846,-5.726231331288423,0.0,72.56426120122694,0.9982026408041622,0.0,0.05992902378311128,0.0,-5.726231331288423,0.0,72.56426120122694,33.86380310593198,14.967475884261859,0,feet,0.0,-0.19875606143431046,-0.23252703879644132,-39.64757773239424,63.70001399999999,9.600129482119442,-39.59003443722043,63.70001591752033,0.0,1,5.329070518200751e-15,0.0,-0.1987560614343118,-0.2325270637106116,-39.647577732394204,-63.70001399999998,9.600129482119407,-39.590034437220375,-63.70001591752033,0.0,1,-3.019806626980426e-14,0.0,-0.24610276930423192,-0.543829664626704,81.84244665704392,63.70001399999999,9.600287458490449,81.8571652109293,62.450015841895706,0.0,1,3.375077994860476e-14,0.0,-0.24610276930423192,-0.543829664626704,81.84244665704392,-63.70001399999998,9.600287458490449,81.8571652109293,-62.450015841895706,0.0,1,3.375077994860476e-14
1.8166666666666667,1816667,stretch_front_into_bow,11.657908326982673,-5.828954163491336,0.0,72.5026275019052,0.998137596970397,0.0,0.06100276644678929,0.0,-5.828954163491336,0.0,72.5026275019052,33.761080273729064,14.676581610421195,0,feet,0.0,-0.20378784111468917,-0.2348086044542681,-39.64458797153416,63.70001399999999,9.600146937217794,-39.59003443722043,63.70001591752033,0.0,1,1.7763568394002505e-15,0.0,-0.20378784111469006,-0.23480862958921023,-39.6445879715341,-63.70001399999998,9.600146937217815,-39.590034437220375,-63.70001591752033,0.0,1,2.4868995751603507e-14,0.0,-0.25322660435053157,-0.5508361565421653,82.00361657624067,63.70001399999999,9.600117478143268,82.06261087533512,62.450015841895706,0.0,1,3.552713678800501e-14,0.0,-0.25322660435053157,-0.5508361565421653,82.00361657624067,-63.70001399999998,9.600117478143268,82.06261087533512,-62.450015841895706,0.0,1,3.552713678800501e-14
1.825,1825000,stretch_front_into_bow,11.862537500000002,-5.931268750000001,0.0,72.44123875,0.9980716635139877,0.0,0.062072171626432145,0.0,-5.931268750000001,0.0,72.44123875,33.6587656872204,14.387109481287688,0,feet,0.0,-0.20879585045140425,-0.23706958727831662,-39.64154432106319,63.70001399999999,9.600163750485997,-39.59003443722043,63.70001591752033,0.0,1,3.197442310920451e-14,0.0,-0.2087958504514047,-0.23706961263166892,-39.641544321063165,-63.70001399999998,9.60016375048599,-39.590034437220375,-63.70001591752033,0.0,1,2.4868995751603507e-14,0.0,-0.2603593872719294,-0.5577749455656034,82.16426013266796,63.70001399999999,9.599979354685587,82.18662336371986,61.81332379076298,0.0,1,-2.842170943040401e-14,0.0,-0.2603593872719294,-0.5577749455656034,82.16426013266796,-63.70001399999998,9.599979354685587,82.18662336371986,-61.81332379076298,0.0,1,-2.842170943040401e-14
1.8333333333333333,1833333,stretch_front_into_bow,12.06625006350658,-6.03312503175329,0.0,72.38012498094803,0.9980048873236818,0.0,0.06313671576860316,0.0,-6.03312503175329,0.0,72.38012498094803,33.55690940546711,14.099198793113345,0,feet,0.0,-0.21377770407658359,-0.23930910389645277,-39.638449364312734,63.70001399999999,9.600179857643958,-39.59003443722043,63.70001591752033,0.0,1,-5.329070518200751e-15,0.0,-0.21377770407658447,-0.23930912946578298,-39.63844936431269,-63.70001399999998,9.600179857643987,-39.590034437220375,-63.70001591752033,0.0,1,2.3092638912203256e-14,0.0,-0.26749401634573555,-0.5646468226260191,82.32426497616532,63.70001399999999,9.600125412989975,82.2672198482438,62.45001583167165,0.0,1,6.039613253960852e-14,0.0,-0.26749401634573555,-0.5646468226260191,82.32426497616532,-63.70001399999998,9.600125412989975,82.2672198482438,-62.45001583167165,0.0,1,6.039613253960852e-14
1.8416666666666666,1841667,stretch_front_into_bow,12.268946585251232,-6.134473292625616,0.0,72.31931602442464,0.9979373172250091,0.0,0.0641958790714127,0.0,-6.134473292625616,0.0,72.31931602442464,33.45556114459479,13.812987340499525,0,feet,0.0,-0.21873104007280375,-0.24152629721764596,-39.635305789388056,63.70001399999999,9.600195196398424,-39.59003443722043,63.70001591752033,0.0,1,8.881784197001252e-15,0.0,-0.21873104007280508,-0.24152632300045163,-39.635305789388006,-63.70001399999998,9.600195196398388,-39.590034437220375,-63.70001591752033,0.0,1,-2.6645352591003757e-14,0.0,-0.27462959279997445,-0.5714451312853117,82.48358862905692,63.70001399999999,9.600285160404688,82.46991636998845,62.45001583167165,0.0,1,7.105427357601002e-15,0.0,-0.27462959279997445,-0.5714451312853117,82.48358862905692,-63.70001399999998,9.600285160404688,82.46991636998845,-62.45001583167165,0.0,1,7.105427357601002e-15
1.85,1850000,stretch_front_into_bow,12.470528395061727,-6.235264197530864,0.0,72.25884148148148,0.9978690039084457,0.0,0.06524914588534074,0.0,-6.235264197530864,0.0,72.25884148148148,33.35477023968954,13.528611314887009,0,feet,0.0,-0.22365352160436824,-0.24372033650818592,-39.63211638424947,63.70001399999999,9.600209706772674,-39.59003443722043,63.70001591752033,0.0,1,-1.4210854715202004e-14,0.0,-0.22365352160436913,-0.24372036250189755,-39.6321163842494,-63.70001399999998,9.600209706772695,-39.590034437220375,-63.70001591752033,0.0,1,7.105427357601002e-15,0.0,-0.281763853851956,-0.5781649247196654,82.6421771927419,63.70001399999999,9.600298093359342,82.65061396394906,62.45001583058992,0.0,1,2.1316282072803006e-14,0.0,-0.281763853851956,-0.5781649247196654,82.6421771927419,-63.70001399999998,9.600298093359342,82.65061396394906,-62.45001583058992,0.0,1,2.1316282072803006e-14
1.8583333333333334,1858333,stretch_front_into_bow,12.670897661052683,-6.3354488305263414,0.0,72.1987307016842,0.9977999998526708,0.0,0.06629600511350751,0.0,-6.3354488305263414,0.0,72.1987307016842,33.254585606694064,13.24620520440822,0,feet,0.0,-0.22854283853553037,-0.24589041743977136,-39.628884031576234,63.70001399999999,9.600223331428126,-39.59003443722043,63.70001591752033,0.0,1,1.4210854715202004e-14,0.0,-0.22854283853553126,-0.24589044364175328,-39.62888403157622,-63.70001399999998,9.600223331428097,-39.590034437220375,-63.70001591752033,0.0,1,-1.4210854715202004e-14,0.0,-0.2888925381937568,-0.5848036876444689,82.79995458220502,63.70001399999999,9.600166182810383,82.85098322994001,62.45001583058992,0.0,1,-6.750155989720952e-14,0.0,-0.2888925381937568,-0.5848036876444689,82.79995458220502,-63.70001399999998,9.600166182810383,82.85098322994001,-62.45001583058992,0.0,1,-6.750155989720952e-14
1.8666666666666667,1866667,stretch_front_into_bow,12.869957465833458,-6.434978732916729,0.0,72.13901276024997,0.9977303592430484,0.0,0.06733595061137475,0.0,-6.434978732916729,0.0,72.13901276024997,33.15505570430368,12.96590169509333,0,feet,0.0,-0.23339670903646992,-0.24803576211163225,-39.62561170342437,63.70001399999999,9.600236015974204,-39.59003443722043,63.70001591752033,0.0,1,2.842170943040401e-14,0.0,-0.23339670903647125,-0.2480357885191884,-39.625611703424326,-63.70001399999998,9.600236015974197,-39.590034437220375,-63.70001591752033,0.0,1,2.1316282072803006e-14,0.0,-0.2960108579462375,-0.5913596337572846,82.95683949735141,63.70001399999999,9.599935323846282,82.9217734863621,66.65383891335583,0.0,1,-2.1316282072803006e-14,0.0,-0.2960108579462375,-0.5913596337572846,82.95683949735141,-63.70001399999998,9.599935323846282,82.9217734863621,-66.65383891335583,0.0,1,-2.1316282072803006e-14
1.875,1875000,stretch_front_into_bow,13.06761188271605,-6.533805941358025,0.0,72.07971643518519,0.9976601378854643,0.0,0.06836848158586294,0.0,-6.533805941358025,0.0,72.07971643518519,33.05622849586238,12.687831573418386,0,feet,0.0,-0.23821288117781503,-0.25015561904887385,-39.622302455690146,63.70001399999999,9.600247709265766,-39.59003443722043,63.70001591752033,0.0,1,1.4210854715202004e-14,0.0,-0.2382128811778168,-0.2501556456592491,-39.62230245569012,-63.70001399999998,9.600247709265709,-39.590034437220375,-63.70001591752033,0.0,1,-4.085620730620576e-14,0.0,-0.3031100270688283,-0.5978360185379046,83.11270220360257,63.70001399999999,9.599997011047662,83.11942790324468,66.65383891335583,0.0,1,5.1514348342607263e-14,0.0,-0.3031100270688283,-0.5978360185379046,83.11270220360257,-63.70001399999998,9.599997011047662,83.11942790324468,-66.65383891335583,0.0,1,5.1514348342607263e-14
1.8833333333333333,1883333,stretch_front_into_bow,13.26376605192298,-6.63188302596149,0.0,72.0208701844231,0.9975893931156655,0.0,0.069393102993872,0.0,-6.63188302596149,0.0,72.0208701844231,32.95815141125891,12.412123630179494,0,feet,0.0,-0.24298913451454318,-0.2522492631791762,-39.618959422391605,63.70001399999999,9.600258363685391,-39.59003443722043,63.70001591752033,0.0,1,1.0658141036401503e-14,0.0,-0.24298913451454407,-0.2522492899895612,-39.61895942239155,-63.70001399999998,9.600258363685413,-39.590034437220375,-63.70001591752033,0.0,1,3.197442310920451e-14,0.0,-0.31018979506238553,-0.6042255769991653,83.26751511050674,63.70001399999999,9.600002926468079,83.26588390571374,67.46660975416599,0.0,1,7.105427357601002e-14,0.0,-0.310189795062386,-0.6042255769991653,83.26751511050676,-63.70001399999998,9.600002926468079,83.26588390571376,-67.46660975416599,0.0,1,7.105427357601002e-14
1.8916666666666666,1891667,stretch_front_into_bow,13.458326256795203,-6.729163128397602,0.0,71.96250212296144,0.9975181837042608,0.0,0.07040932594019488,0.0,-6.729163128397602,0.0,71.96250212296144,32.8608713088228,12.1389045656732,0,feet,0.0,-0.2477232816600905,-0.25431599578998787,-39.615585809779425,63.70001399999999,9.600267935408844,-39.59003443722043,63.70001591752033,0.0,1,3.019806626980426e-14,0.0,-0.24772328166009183,-0.25431602279751564,-39.61558580977939,-63.70001399999998,9.600267935408809,-39.590034437220375,-63.70001591752033,0.0,1,-5.329070518200751e-15,0.0,-0.3172452954000402,-0.6105268464008096,83.42119693762733,63.70001399999999,9.600001977328027,83.42632421664742,67.46348551523343,0.0,1,-7.105427357601002e-15,0.0,-0.3172452954000402,-0.6105268464008096,83.42119693762733,-63.70001399999998,9.600001977328027,83.42632421664742,-67.46348551523343,0.0,1,-7.105427357601002e-15
1.9,1900000,stretch_front_into_bow,13.651200000000001,-6.8256000000000006,0.0,71.90464,0.9974465697575442,0.0,0.07141666807481671,0.0,-6.8256000000000006,0.0,71.90464,32.7644344372204,11.86829889615926,0,feet,0.0,-0.2524131698515175,-0.25635514446830454,-39.61218489028988,63.70001399999999,9.600276384652041,-39.59003443722043,63.70001591752033,0.0,1,3.019806626980426e-14,0.0,-0.25241316985151885,-0.2563551716700605,-39.61218489028986,-63.70001399999998,9.600276384652012,-39.590034437220375,-63.70001591752033,0.0,1,1.7763568394002505e-15,0.0,-0.3242721444070851,-0.616737867087013,83.57367307985476,63.70001399999999,9.600001477700836,83.57131103128769,60.72766664966186,0.0,1,1.7763568394002505e-15,0.0,-0.3242721444070851,-0.616737867087013,83.57367307985476,-63.70001399999998,9.600001477700836,83.57131103128769,-60.72766664966187,0.0,1,1.7763568394002505e-15
1.9083333333333334,1908333,stretch_front_into_bow,13.842296079738858,-6.921148039869429,0.0,71.84731117607834,0.9973746126143213,0.0,0.07241465398959371,0.0,-6.921148039869429,0.0,71.84731117607834,32.668886397350974,11.60042886157811,0,feet,0.0,-0.25705668250657254,-0.258366063025131,-39.60875999635151,63.70001399999999,9.600283675898027,-39.59003443722043,63.70001591752033,0.0,1,3.197442310920451e-14,0.0,-0.25705668250657343,-0.2583660904181513,-39.60875999635148,-63.70001399999998,9.60028367589802,-39.590034437220375,-63.70001591752033,0.0,1,2.4868995751603507e-14,0.0,-0.33126491619424847,-0.6228581111850984,83.72485641656917,63.70001399999999,9.600102130149004,83.66360563120507,62.450015810987374,0.0,1,-6.394884621840902e-14,0.0,-0.33126491619424847,-0.6228581111850984,83.72485641656917,-63.70001399999998,9.600102130149004,83.66360563120507,-62.45001581098737,0.0,1,-6.394884621840902e-14
1.9166666666666667,1916667,stretch_front_into_bow,14.031524665955397,-7.015762332977698,0.0,71.79054260021339,0.9973023747389212,0.0,0.07340281561430982,0.0,-7.015762332977698,0.0,71.79054260021339,32.5742721042427,11.335414334491432,0,feet,0.0,-0.2616517407735093,-0.2603481314066447,-39.605314514058726,63.70001399999999,9.600289778102024,-39.59003443722043,63.70001591752033,0.0,1,7.105427357601002e-15,0.0,-0.26165174077351017,-0.2603481589879193,-39.60531451405869,-63.70001399999998,9.600289778102017,-39.590034437220375,-63.70001591752033,0.0,1,0.0,0.0,-0.3382196588129682,-0.6288852541767866,83.87467807656151,63.70001399999999,9.600272673930576,83.85283421742162,62.450015810987374,0.0,1,-7.105427357601002e-15,0.0,-0.3382196588129682,-0.6288852541767866,83.87467807656151,-63.70001399999998,9.600272673930576,83.85283421742162,-62.45001581098737,0.0,1,-7.105427357601002e-15
1.925,1925000,stretch_front_into_bow,14.218797376543211,-7.109398688271606,0.0,71.73436078703703,0.9972299196105895,0.0,0.07438069261211036,0.0,-7.109398688271606,0.0,71.73436078703703,32.4806357489488,11.073350177028672,0,feet,0.0,-0.26619630507450687,-0.2623007555941008,-39.60185187672388,63.70001399999999,9.600294664873637,-39.59003443722043,63.70001591752033,0.0,1,-3.197442310920451e-14,0.0,-0.26619630507450776,-0.26230078336057705,-39.60185187672379,-63.70001399999998,9.600294664873715,-39.590034437220375,-63.70001591752033,0.0,1,4.618527782440651e-14,0.0,-0.3451346274113276,-0.6348142317281926,84.0230991323688,63.70001399999999,9.600282459536714,84.04010692800944,62.450015810987374,0.0,1,2.4868995751603507e-14,0.0,-0.3451346274113276,-0.6348142317281926,84.0230991323688,-63.70001399999998,9.600282459536714,84.04010692800944,-62.45001581098737,0.0,1,2.4868995751603507e-14
1.9333333333333333,1933333,stretch_front_into_bow,14.404027353553833,-7.202013676776916,0.0,71.67879179393385,0.997157311609464,0.0,0.07534783277431605,0.0,-7.202013676776916,0.0,71.67879179393385,32.38802076044349,10.814251874311175,0,feet,0.0,-0.27068837664354684,-0.2642233674944481,-39.59837555832088,63.70001399999999,9.60029831463465,-39.59003443722043,63.70001591752033,0.0,1,-7.105427357601002e-15,0.0,-0.2706883766435473,-0.26422339544303153,-39.59837555832083,-63.70001399999998,9.60029831463467,-39.590034437220375,-63.70001591752033,0.0,1,1.2434497875801753e-14,0.0,-0.3520054430546127,-0.6406434766441937,84.17004881600411,63.70001399999999,9.600138321670912,84.22533690502006,62.450015810987374,0.0,1,5.1514348342607263e-14,0.0,-0.3520054430546127,-0.6406434766441937,84.17004881600411,-63.70001399999998,9.600138321670912,84.22533690502006,-62.45001581098737,0.0,1,5.1514348342607263e-14
1.9416666666666667,1941667,stretch_front_into_bow,14.587129339404559,-7.293564669702279,0.0,71.62386119817863,0.9970846158993459,0.0,0.07630379241462171,0.0,-7.293564669702279,0.0,71.62386119817863,32.296469767518126,10.558355260053773,0,feet,0.0,-0.2751259990595867,-0.2661154248236053,-39.59488906683258,63.70001399999999,9.600300710751142,-39.59003443722043,63.70001591752033,0.0,1,-3.730349362740526e-14,0.0,-0.27512599905958757,-0.2661154529511629,-39.594889066832515,-63.70001399999998,9.600300710751192,-39.590034437220375,-63.70001591752033,0.0,1,1.2434497875801753e-14,0.0,-0.3588231713014154,-0.646377590610089,84.3153976649954,63.70001399999999,9.600272818309179,84.29273638237947,62.45001580426541,0.0,1,-1.0658141036401503e-14,0.0,-0.3588231713014154,-0.646377590610089,84.3153976649954,-63.70001399999998,9.600272818309179,84.29273638237947,-62.450015804265405,0.0,1,-1.0658141036401503e-14
1.95,1950000,stretch_front_into_bow,14.76801975308642,-7.38400987654321,0.0,71.56959407407408,0.997011898307484,0.0,0.07724813676268907,0.0,-7.38400987654321,0.0,71.56959407407408,32.20602456067719,10.305769915534412,0,feet,0.0,-0.2795072597758792,-0.26797641098431546,-39.59139593751441,63.70001399999999,9.600301841639919,-39.59003443722043,63.70001591752033,0.0,1,-1.9539925233402755e-14,0.0,-0.27950725977588053,-0.2679764392876782,-39.59139593751435,-63.70001399999998,9.600301841639933,-39.590034437220375,-63.70001591752033,0.0,1,-5.329070518200751e-15,0.0,-0.3655878468359042,-0.6520094109486929,84.4591306122332,63.70001399999999,9.600288619637922,84.47362679606134,62.45001580426541,0.0,1,-5.684341886080802e-14,0.0,-0.36558784683590373,-0.6520094109486929,84.45913061223317,-63.70001399999998,9.600288619637922,84.47362679606134,-62.450015804265405,0.0,1,-5.684341886080802e-14
1.9583333333333333,1958333,stretch_front_into_bow,14.946616766371992,-7.473308383185996,0.0,71.5160149700884,0.9969392252015984,0.0,0.07818044035714256,0.0,-7.473308383185996,0.0,71.5160149700884,32.11672605403441,10.056602614915036,0,feet,0.0,-0.2838302916462565,-0.26980583494044685,-39.58789972608673,63.70001399999999,9.600301700847055,-39.59003443722043,63.70001591752033,0.0,1,1.0658141036401503e-14,0.0,-0.2838302916462574,-0.26980586341641377,-39.587899726086675,-63.70001399999998,9.600301700847076,-39.590034437220375,-63.70001591752033,0.0,1,3.197442310920451e-14,0.0,-0.3722955055024091,-0.6575372552499323,84.60118455485988,63.70001399999999,9.600163889965543,84.6522238093469,62.45001580426541,0.0,1,4.618527782440651e-14,0.0,-0.37229550550240953,-0.6575372552499323,84.60118455485994,-63.70001399999998,9.600163889965515,84.6522238093469,-62.450015804265405,0.0,1,1.7763568394002505e-14
1.9666666666666666,1966667,stretch_front_into_bow,15.12284038002337,-7.561420190011685,0.0,71.46314788599298,0.9968666633643781,0.0,0.07910028743798336,0.0,-7.561420190011685,0.0,71.46314788599298,32.02861424720872,9.810957240580166,0,feet,0.0,-0.2880932744492144,-0.27160323108959394,-39.58440400186841,63.70001399999999,9.60030028709918,-39.59003443722043,63.70001591752033,0.0,1,3.197442310920451e-14,0.0,-0.28809327444921573,-0.2716032597349307,-39.58440400186835,-63.70001399999998,9.600300287099174,-39.590034437220375,-63.70001591752033,0.0,1,2.4868995751603507e-14,0.0,-0.37894090104586375,-0.6629612878753779,84.74147938816938,63.70001399999999,9.60000011664507,84.74031103197356,59.936424032615676,0.0,1,-4.796163466380676e-14,0.0,-0.37894090104586375,-0.6629612878753779,84.74147938816938,-63.70001399999998,9.60000011664507,84.74031103197356,-59.936424032615676,0.0,1,-4.796163466380676e-14
1.975,1975000,stretch_front_into_bow,15.296612500000004,-7.648306250000002,0.0,71.41101625,0.9967942798656919,0.0,0.08000727233843612,0.0,-7.648306250000002,0.0,71.41101625,31.941728187220402,9.568934699371468,0,feet,0.0,-0.2922944364106006,-0.27336815913575485,-39.580912340863684,63.70001399999999,9.600297604326464,-39.59003443722043,63.70001591752033,0.0,1,7.105427357601002e-15,0.0,-0.29229443641060193,-0.27336818794719875,-39.580912340863634,-63.70001399999998,9.600297604326428,-39.590034437220375,-63.70001591752033,0.0,1,-2.842170943040401e-14,0.0,-0.38551781892798465,-0.6682831538285132,84.87992127045128,63.70001399999999,9.599996873923565,84.88053295186555,59.933408512398515,0.0,1,4.973799150320701e-14,0.0,-0.38551781892798465,-0.6682831538285132,84.87992127045128,-63.70001399999998,9.599996873923565,84.88053295186555,-59.933408512398515,0.0,1,4.973799150320701e-14
1.9833333333333334,1983333,stretch_front_into_bow,15.467857013666617,-7.733928506833308,0.0,71.35964289590001,0.9967221419327571,0.0,0.08090099987624814,0.0,-7.733928506833308,0.0,71.35964289590001,31.856105930387095,9.330632839656957,0,feet,0.0,-0.29643205572569187,-0.2751002039638868,-39.57742831881532,63.70001399999999,9.600293661657332,-39.59003443722043,63.70001591752033,0.0,1,4.796163466380676e-14,0.0,-0.29643205572569276,-0.27510023293814845,-39.57742831881528,-63.70001399999998,9.600293661657304,-39.590034437220375,-63.70001591752033,0.0,1,1.9539925233402755e-14,0.0,-0.3920239759169508,-0.6734993556982083,85.01646975423412,63.70001399999999,9.599985793378224,85.03467803273256,59.93302894898147,0.0,1,-1.7763568394002505e-14,0.0,-0.3920239759169508,-0.6734993556982083,85.01646975423412,-63.70001399999998,9.599985793378224,85.03467803273256,-59.93302894898147,0.0,1,-1.7763568394002505e-14
1.9916666666666667,1991667,stretch_front_into_bow,15.63649986600112,-7.81824993300056,0.0,71.30905004019966,0.9966503168185203,0.0,0.08178108574446179,0.0,-7.81824993300056,0.0,71.30905004019966,31.771784504219845,9.096146369171379,0,feet,0.0,-0.3005044620814652,-0.27679897551802046,-39.57395550423556,63.70001399999999,9.600288473384154,-39.59003443722043,63.70001591752033,0.0,1,1.7763568394002505e-14,0.0,-0.30050446208146653,-0.27679900465178564,-39.5739555042355,-63.70001399999998,9.60028847338414,-39.590034437220375,-63.70001591752033,0.0,1,3.552713678800501e-15,0.0,-0.39845499755956215,-0.6786094052058345,85.1510572384442,63.70001399999999,9.600003175276456,85.14830779412208,61.934188613576,0.0,1,0.0,0.0,-0.39845499755956215,-0.6786094052058345,85.1510572384442,-63.70001399999998,9.600003175276456,85.14830779412208,-61.934188613576,0.0,1,0.0
2.0,2000000,stretch_front_into_bow,15.80246913580247,-7.901234567901235,0.0,71.25925925925925,0.996578871668504,0.0,0.08264715690168346,0.0,-7.901234567901235,0.0,71.25925925925925,31.68879986931917,8.865566773560303,0,feet,0.0,-0.30451003817980116,-0.27846410868466975,-39.570497451427016,63.70001399999999,9.600282058901414,-39.59003443722043,63.70001591752033,0.0,1,0.0,0.0,-0.30451003817980205,-0.27846413797460157,-39.57049745142695,-63.70001399999998,9.600282058901435,-39.590034437220375,-63.70001591752033,0.0,1,2.3092638912203256e-14,0.0,-0.40480747173287,-0.6836116536538777,85.28362957866106,63.70001399999999,9.599997365221256,85.28310859679617,61.92976356281596,0.0,1,-4.796163466380676e-14,0.0,-0.40480747173287,-0.6836116536538777,85.28362957866106,-63.70001399999998,9.599997365221256,85.28310859679617,-61.929763562815964,0.0,1,-4.796163466380676e-14
2.0083333333333333,2008333,stretch_front_into_bow,15.965695111898592,-7.982847555949296,0.0,71.21029146643042,0.9965078733863816,0.0,0.08349885196187615,0.0,-7.982847555949296,0.0,71.21029146643042,31.607186881271108,8.63898223555828,0,feet,0.0,-0.3084472212623819,-0.2800952631831439,-39.56705769350638,63.70001399999999,9.600274442615024,-39.59003443722043,63.70001591752033,0.0,1,3.552713678800501e-14,0.0,-0.3084472212623832,-0.2800952926258846,-39.567057693506335,-63.70001399999998,9.600274442615017,-39.590034437220375,-63.70001591752033,0.0,1,2.842170943040401e-14,0.0,-0.41107704533756007,-0.6885059601353802,85.41412053923342,63.70001399999999,9.600016203424438,85.34040915191385,62.450015783973974,0.0,1,-1.7763568394002505e-15,0.0,-0.41107704533756007,-0.6885059601353802,85.41412053923342,-63.70001399999998,9.600016203424438,85.34040915191385,-62.45001578397398,0.0,1,-1.7763568394002505e-15
2.0166666666666666,2016667,stretch_front_into_bow,16.12611036935426,-8.06305518467713,0.0,71.16216688919373,0.9964373884985458,0.0,0.084335821583703,0.0,-8.06305518467713,0.0,71.16216688919373,31.52697925254327,8.416477554728516,0,feet,0.0,-0.3123145046380058,-0.281692123464405,-39.56363973544172,63.70001399999999,9.600265653824167,-39.59003443722043,63.70001591752033,0.0,1,-1.5987211554602254e-14,0.0,-0.31231450463800625,-0.2816921530565799,-39.5636397354417,-63.70001399999998,9.60026565382416,-39.590034437220375,-63.70001591752033,0.0,1,-2.3092638912203256e-14,0.0,-0.4172584174109,-0.693293706252526,85.54245020414301,63.70001399999999,9.600208943967985,85.50082440936951,62.450015783973974,0.0,1,5.5067062021407764e-14,0.0,-0.4172584174109,-0.693293706252526,85.54245020414301,-63.70001399999998,9.600208943967985,85.50082440936951,-62.45001578397398,0.0,1,5.5067062021407764e-14
2.025,2025000,stretch_front_into_bow,16.283649845679008,-8.141824922839504,0.0,71.1149050462963,0.9963674830179374,0.0,0.08515772885945341,0.0,-8.141824922839504,0.0,71.1149050462963,31.4482095143809,8.198134067688926,0,feet,0.0,-0.3161104392130132,-0.28325439862003776,-39.560247047115965,63.70001399999999,9.600255726576698,-39.59003443722043,63.70001591752033,0.0,1,-1.5987211554602254e-14,0.0,-0.31611043921301407,-0.2832544283582563,-39.560247047115894,-63.70001399999998,9.600255726576748,-39.590034437220375,-63.70001591752033,0.0,1,3.019806626980426e-14,0.0,-0.4233507338627809,-0.6979702508022183,85.66860241132694,63.70001399999999,9.600293727132737,85.65836388569426,62.450015783973974,0.0,1,-5.684341886080802e-14,0.0,-0.4233507338627809,-0.6979702508022183,85.66860241132694,-63.70001399999998,9.600293727132737,85.65836388569426,-62.45001578397398,0.0,1,-5.684341886080802e-14
2.033333333333333,2033333,stretch_front_into_bow,16.438250917035006,-8.219125458517503,0.0,71.0685247248895,0.9962982223074073,0.0,0.08596424970358393,0.0,-8.219125458517503,0.0,71.0685247248895,31.3709089787029,7.984029568747616,0,feet,0.0,-0.3198336350255371,-0.28478182230285576,-39.55688305642764,63.70001399999999,9.600244699497537,-39.59003443722043,63.70001591752033,0.0,1,4.085620730620576e-14,0.0,-0.3198336350255384,-0.2847818521837113,-39.55688305642759,-63.70001399999998,9.600244699497495,-39.590034437220375,-63.70001591752033,0.0,1,-1.7763568394002505e-15,0.0,-0.42935029062254326,-0.7025351408333891,85.79252191773796,63.70001399999999,9.600277420823673,85.81296495705026,62.450015783973974,0.0,1,3.907985046680551e-14,0.0,-0.42935029062254326,-0.7025351408333891,85.79252191773796,-63.70001399999998,9.600277420823673,85.81296495705026,-62.45001578397398,0.0,1,3.907985046680551e-14
2.0416666666666665,2041667,stretch_front_into_bow,16.589853474444954,-8.294926737222477,0.0,71.02304395766652,0.9962296709428828,0.0,0.08675507324090864,0.0,-8.294926737222477,0.0,71.02304395766652,31.295107699997928,7.774238230868399,0,feet,0.0,-0.32348276278420185,-0.28627415266066425,-39.553551142441044,63.70001399999999,9.600232615592212,-39.59003443722043,63.70001591752033,0.0,1,1.0658141036401503e-14,0.0,-0.3234827627842032,-0.28627418268074,-39.553551142441,-63.70001399999998,9.600232615592205,-39.590034437220375,-63.70001591752033,0.0,1,3.552713678800501e-15,0.0,-0.4352524222122529,-0.7069895267081416,85.91413980464081,63.70001399999999,9.600274102913602,85.90710772982108,62.45001578028755,0.0,1,5.329070518200751e-15,0.0,-0.4352524222122529,-0.7069895267081416,85.91413980464081,-63.70001399999998,9.600274102913602,85.90710772982108,-62.45001578028754,0.0,1,5.329070518200751e-15
2.05,2050000,stretch_front_into_bow,16.7384,-8.3692,0.0,70.97848,0.996161892576616,0.0,0.08752990219447603,0.0,-8.3692,0.0,70.97848,31.220834437220404,7.56883052688525,0,feet,0.0,-0.3270565554119411,-0.2877311722846341,-39.550254628596235,63.70001399999999,9.600219522026805,-39.59003443722043,63.70001591752033,0.0,1,2.6645352591003757e-14,0.0,-0.32705655541194245,-0.28773120244050254,-39.550254628596164,-63.70001399999998,9.600219522026798,-39.590034437220375,-63.70001591752033,0.0,1,1.9539925233402755e-14,0.0,-0.4410540195339321,-0.7113325583539307,86.03340948595888,63.70001399999999,9.600250906689041,86.05565425537613,62.45001578028755,0.0,1,2.4868995751603507e-14,0.0,-0.4410540195339321,-0.7113325583539307,86.03340948595888,-63.70001399999998,9.600250906689041,86.05565425537613,-62.45001578028754,0.0,1,2.4868995751603507e-14
2.058333333333333,2058333,stretch_front_into_bow,16.883835643067627,-8.441917821533814,0.0,70.93484930707972,0.9960949498007864,0.0,0.08828845327317031,0.0,-8.441917821533814,0.0,70.93484930707972,31.14811661568659,7.367873150883298,0,feet,0.0,-0.33055380959554004,-0.28915268817370965,-39.54699677599053,63.70001399999999,9.600205469884216,-39.59003443722043,63.70001591752033,0.0,1,3.730349362740526e-14,0.0,-0.3305538095955409,-0.28915271846193624,-39.54699677599051,-63.70001399999998,9.60020546988418,-39.590034437220375,-63.70001591752033,0.0,1,1.7763568394002505e-15,0.0,-0.4467512372821534,-0.7155647067822088,86.1502743954268,63.70001399999999,9.600262161053088,86.12174141629713,62.45001577512771,0.0,1,1.4210854715202004e-14,0.0,-0.4467512372821534,-0.7155647067822088,86.1502743954268,-63.70001399999998,9.600262161053088,86.12174141629713,-62.45001577512771,0.0,1,1.4210854715202004e-14
2.066666666666667,2066667,stretch_front_into_bow,17.026108296499512,-8.513054148249756,0.0,70.89216751105015,0.9960289040117367,0.0,0.08903045755907658,0.0,-8.513054148249756,0.0,70.89216751105015,31.076980288970645,7.17142893966259,0,feet,0.0,-0.3339733873414832,-0.2905385317164453,-39.54378077674269,63.70001399999999,9.600190513899783,-39.59003443722043,63.70001591752033,0.0,1,3.730349362740526e-14,0.0,-0.3339733873414845,-0.2905385621335892,-39.54378077674264,-63.70001399999998,9.60019051389974,-39.590034437220375,-63.70001591752033,0.0,1,-5.329070518200751e-15,0.0,-0.45234089586051196,-0.7196857056585517,86.2646875594933,63.70001399999999,9.60030453882878,86.26401406972901,62.45001577512771,0.0,1,-2.6645352591003757e-14,0.0,-0.45234089586051196,-0.7196857056585517,86.2646875594933,-63.70001399999998,9.60030453882878,86.26401406972901,-62.45001577512771,0.0,1,-2.6645352591003757e-14
2.075,2075000,stretch_front_into_bow,17.16516867283951,-8.582584336419755,0.0,70.85044939814814,0.9959638152751153,0.0,0.08975566089465234,0.0,-8.582584336419755,0.0,70.85044939814814,31.007450100800646,6.9795567941993255,0,feet,0.0,-0.3373142175386974,-0.29188855869162555,-39.540609747449615,63.70001399999999,9.600174712176816,-39.59003443722043,63.70001591752033,0.0,1,-5.329070518200751e-15,0.0,-0.3373142175386983,-0.291888589234242,-39.540609747449565,-63.70001399999998,9.600174712176837,-39.590034437220375,-63.70001591752033,0.0,1,1.5987211554602254e-14,0.0,-0.4578209734542815,-0.7236938684678864,86.37662026002073,63.70001399999999,9.60026811437507,86.40307444606901,62.45001577512771,0.0,1,3.375077994860476e-14,0.0,-0.4578209734542815,-0.7236938684678864,86.37662026002073,-63.70001399999998,9.60026811437507,86.40307444606901,-62.45001577512771,0.0,1,3.375077994860476e-14
2.0833333333333335,2083333,stretch_front_into_bow,17.30097038053142,-8.65048519026571,0.0,70.80970888584058,0.9958997421922011,0.0,0.0904638242697451,0.0,-8.65048519026571,0.0,70.80970888584058,30.93954924695469,6.792311601019904,0,feet,0.0,-0.34057529752870774,-0.29320264928897055,-39.537486722747,63.70001399999999,9.60015812588427,-39.59003443722043,63.70001591752033,0.0,1,-5.329070518200751e-15,0.0,-0.34057529752870863,-0.29320267995361293,-39.53748672274694,-63.70001399999998,9.600158125884292,-39.590034437220375,-63.70001591752033,0.0,1,1.5987211554602254e-14,0.0,-0.46318708919213014,-0.7275912197749634,86.48600872738285,63.70001399999999,9.600299973427312,86.48692759454875,62.45001577169819,0.0,1,1.5987211554602254e-14,0.0,-0.46318708919213014,-0.7275912197749634,86.48600872738285,-63.70001399999998,9.600299973427312,86.48692759454875,-62.45001577169819,0.0,1,1.5987211554602254e-14
2.091666666666667,2091667,stretch_front_into_bow,17.433470000127013,-8.716735000063506,0.0,70.7699589999619,0.9958367417676814,0.0,0.09115472420850265,0.0,-8.716735000063506,0.0,70.7699589999619,30.873299437156895,6.609744153400513,0,feet,0.0,-0.3437556946837441,-0.2944807081512253,-39.53441464898375,63.70001399999999,9.600140818937746,-39.59003443722043,63.70001591752033,0.0,1,-5.329070518200751e-15,0.0,-0.34375569468374456,-0.2944807389344475,-39.53441464898371,-63.70001399999998,9.600140818937803,-39.590034437220375,-63.70001591752033,0.0,1,5.1514348342607263e-14,0.0,-0.46843770954927466,-0.7313758496444995,86.5928320922959,63.70001399999999,9.600263179913263,86.61942721414434,62.45001577169819,0.0,1,-3.019806626980426e-14,0.0,-0.46843770954927466,-0.7313758496444995,86.5928320922959,-63.70001399999998,9.600263179913263,86.61942721414434,-62.45001577169819,0.0,1,-3.019806626980426e-14
2.1,2100000,stretch_front_into_bow,17.56262716049382,-8.78131358024691,0.0,70.73121185185185,0.995774869279155,0.0,0.09182815315621694,0.0,-8.78131358024691,0.0,70.73121185185185,30.808720856973494,6.431901072307568,0,feet,0.0,-0.3468545479932761,-0.2957226644388524,-39.53139637802022,63.70001399999999,9.600122857666534,-39.59003443722043,63.70001591752033,0.0,1,0.0,0.0,-0.346854547993277,-0.29572269533720963,-39.53139637802016,-63.70001399999998,9.600122857666555,-39.590034437220375,-63.70001591752033,0.0,1,1.9539925233402755e-14,0.0,-0.4735698034114906,-0.7350483513072019,86.69704771996237,63.70001399999999,9.60019225263764,86.6525334591609,62.45001576525732,0.0,1,-1.7763568394002505e-15,0.0,-0.4735698034114906,-0.7350483513072019,86.69704771996237,-63.70001399999998,9.60019225263764,86.6525334591609,-62.45001576525732,0.0,1,-1.7763568394002505e-15
2.1083333333333334,2108333,stretch_front_into_bow,17.68840461502312,-8.84420230751156,0.0,70.69347861549306,0.9957141781486251,0.0,0.09248391986614832,0.0,-8.84420230751156,0.0,70.69347861549306,30.745832129708845,6.258824726991961,0,feet,0.0,-0.3498710696594527,-0.2969284719185463,-39.52843466116,63.70001399999999,9.600104310468083,-39.59003443722043,63.70001591752033,0.0,1,1.5987211554602254e-14,0.0,-0.3498710696594536,-0.29692850292859774,-39.528434661159984,-63.70001399999998,9.600104310468048,-39.590034437220375,-63.70001591752033,0.0,1,-1.9539925233402755e-14,0.0,-0.47857904442720756,-0.73861153779661,86.79859258015813,63.70001399999999,9.60027403051727,86.7783109136902,62.45001576525732,0.0,1,2.4868995751603507e-14,0.0,-0.47857904442720756,-0.73861153779661,86.79859258015813,-63.70001399999998,9.60027403051727,86.7783109136902,-62.45001576525732,0.0,1,2.4868995751603507e-14
2.1166666666666667,2116667,stretch_front_into_bow,17.81076831783773,-8.905384158918865,0.0,70.65676950464868,0.9956547198162443,0.0,0.0931218497863737,0.0,-8.905384158918865,0.0,70.65676950464868,30.68465027830154,6.090553155152108,0,feet,0.0,-0.35280454670187833,-0.29809810907671386,-39.5255321432253,63.70001399999999,9.600085247452135,-39.59003443722043,63.70001591752033,0.0,1,2.4868995751603507e-14,0.0,-0.3528045467018801,-0.2980981401950271,-39.525532143225256,-63.70001399999998,9.600085247452071,-39.590034437220375,-63.70001591752033,0.0,1,-3.730349362740526e-14,0.0,-0.4834650331475774,-0.7420626538343429,86.89746471887949,63.70001399999999,9.600294917531151,86.90067461650482,62.45001576525732,0.0,1,-6.927791673660977e-14,0.0,-0.4834650331475774,-0.7420626538343429,86.89746471887949,-63.70001399999998,9.600294917531151,86.90067461650482,-62.45001576525732,0.0,1,-6.927791673660977e-14
2.125,2125000,stretch_front_into_bow,17.9296875,-8.96484375,0.0,70.62109375,0.9955965436165716,0.0,0.09374178544670515,0.0,-8.96484375,0.0,70.62109375,30.625190687220403,5.927085650718084,0,feet,0.0,-0.35565434257215234,-0.2992315792590654,-39.52269135678414,63.70001399999999,9.60006574007678,-39.59003443722043,63.70001591752033,0.0,1,1.5987211554602254e-14,0.0,-0.3556543425721532,-0.2992316104822157,-39.52269135678408,-63.70001399999998,9.600065740076772,-39.590034437220375,-63.70001591752033,0.0,1,8.881784197001252e-15,0.0,-0.48822544788096156,-0.7454021100038162,86.99363312853633,63.70001399999999,9.600260353273029,87.01959379866709,62.45001576525732,0.0,1,5.861977570020827e-14,0.0,-0.48822544788096156,-0.7454021100038162,86.99363312853633,-63.70001399999998,9.600260353273029,87.01959379866709,-62.45001576525732,0.0,1,5.861977570020827e-14
2.1333333333333333,2133333,stretch_front_into_bow,18.04513474571966,-9.02256737285983,0.0,70.5864595762841,0.9955396966575887,0.0,0.09434358684572254,0.0,-9.02256737285983,0.0,70.5864595762841,30.56746706436057,5.7683039245760455,0,feet,0.0,-0.3584198987785481,-0.300328910837373,-39.519914716539326,63.70001399999999,9.600045860778465,-39.59003443722043,63.70001591752033,0.0,1,-5.329070518200751e-15,0.0,-0.35841989877854896,-0.3003289421619435,-39.51991471653927,-63.70001399999998,9.600045860778451,-39.590034437220375,-63.70001591752033,0.0,1,-2.1316282072803006e-14,0.0,-0.49285812593777356,-0.7486303885437455,87.08706949881332,63.70001399999999,9.600175599322831,87.13504104438675,62.45001576525732,0.0,1,-1.7763568394002505e-14,0.0,-0.49285812593777356,-0.7486303885437455,87.08706949881332,-63.70001399999998,9.600175599322831,87.13504104438675,-62.45001576525732,0.0,1,-1.7763568394002505e-14
2.1416666666666666,2141667,stretch_front_into_bow,18.157086068561707,-9.078543034280854,0.0,70.55287417943148,0.9954842237027253,0.0,0.09492713183796567,0.0,-9.078543034280854,0.0,70.55287417943148,30.511491402939548,5.614420832845809,0,feet,0.0,-0.36110073652121066,-0.3013901574044433,-39.51720451388699,63.70001399999999,9.600025682598222,-39.59003443722043,63.70001591752033,0.0,1,-3.552713678800501e-15,0.0,-0.36110073652121155,-0.30139018882703184,-39.51720451388696,-63.70001399999998,9.600025682598222,-39.590034437220375,-63.70001591752033,0.0,1,-3.552713678800501e-15,0.0,-0.4973610687139085,-0.7517480425738055,87.17774830289713,63.70001399999999,9.600045732525167,87.2469923672288,62.45001576525732,0.0,1,7.105427357601002e-14,0.0,-0.4973610687139085,-0.7517480425738055,87.17774830289713,-63.70001399999998,9.600045732525167,87.2469923672288,-62.45001576525732,0.0,1,7.105427357601002e-14
2.15,2150000,stretch_front_into_bow,18.26552098765433,-9.132760493827165,0.0,70.5203437037037,0.9954301670561275,0.0,0.09549231652133042,0.0,-9.132760493827165,0.0,70.5203437037037,30.45727394339324,5.465456315664795,0,feet,0.0,-0.3636964583381994,-0.30241539799830264,-39.51456291165356,63.70001399999999,9.600005278806236,-39.59003443722043,63.70001591752033,0.0,1,3.907985046680551e-14,0.0,-0.3636964583382012,-0.3024154295155195,-39.5145629116535,-63.70001399999998,9.600005278806194,-39.590034437220375,-63.70001591752033,0.0,1,-3.552713678800501e-15,0.0,-0.5017313916349551,-0.7547573183114626,87.26562990472495,63.70001399999999,9.599991081188605,87.27529733168257,59.93302891282114,0.0,1,-1.4210854715202004e-14,0.0,-0.5017313916349551,-0.7547573183114626,87.26562990472495,-63.70001399999998,9.599991081188605,87.27529733168257,-59.93302891282114,0.0,1,-1.4210854715202004e-14
2.158333333333333,2158333,stretch_front_into_bow,18.370422603896753,-9.185211301948376,0.0,70.48887321883097,0.9953775664514012,0.0,0.09603905562471123,0.0,-9.185211301948376,0.0,70.48887321883097,30.32198602443566,5.321425566296099,0,feet,0.0,-0.36620641042118507,-0.3034050559088999,-39.51199450754715,63.70001399999999,9.600003018251854,-39.5071973263841,59.93459691168532,0.0,1,3.552713678800501e-14,0.0,-0.3662064104211882,-0.30340508751740325,-39.51199450754702,-63.70001399999998,9.600003018251797,-39.507197326383974,-59.93459691168532,0.0,1,-2.1316282072803006e-14,0.0,-0.5059676093271115,-0.7576586510156833,87.35069680470775,63.70001399999999,9.599998263954909,87.35697054534113,61.523391460046824,0.0,1,3.730349362740526e-14,0.0,-0.5059676093271115,-0.7576586510156833,87.35069680470775,-63.70001399999998,9.599998263954909,87.35697054534113,-61.523391460046824,0.0,1,3.730349362740526e-14
2.1666666666666665,2166667,stretch_front_into_bow,18.47177767616726,-9.23588883808363,0.0,70.45846669714982,0.9953264589440475,0.0,0.09656728289593415,0.0,-9.23588883808363,0.0,70.45846669714982,30.271308488300406,5.182338946841128,0,feet,0.0,-0.368630641323624,-0.304359000608017,-39.509499081238445,63.70001399999999,9.60000394090104,-39.5071973263841,59.93459691168532,0.0,1,-1.2434497875801753e-14,0.0,-0.3686306413236262,-0.30435903230445804,-39.50949908123831,-63.70001399999998,9.600003940901075,-39.507197326383974,-59.93459691168532,0.0,1,2.1316282072803006e-14,0.0,-0.5100692062771635,-0.7604513263997901,87.43294773220617,63.70001399999999,9.59996677029094,87.45832561761164,61.523391460046824,0.0,1,-7.105427357601002e-15,0.0,-0.5100692062771635,-0.7604513263997901,87.43294773220617,-63.70001399999998,9.59996677029094,87.45832561761164,-61.523391460046824,0.0,1,-7.105427357601002e-15
2.175,2175000,stretch_front_into_bow,18.569576697530863,-9.284788348765431,0.0,70.42912699074074,0.9952768788078042,0.0,0.09707695149001846,0.0,-9.284788348765431,0.0,70.42912699074074,30.222408977618606,5.048201902965431,0,feet,0.0,-0.3709690799170615,-0.30527732115593587,-39.50707783457075,63.70001399999999,9.600004216098718,-39.5071973263841,59.93459691168532,0.0,1,1.7763568394002505e-14,0.0,-0.37096907991706374,-0.3052773529369799,-39.50707783457063,-63.70001399999998,9.600004216098753,-39.507197326383974,-59.93459691168532,0.0,1,5.3290705182007514e-14,0.0,-0.5140341647747171,-0.7631373050684989,87.51235737924644,63.70001399999999,9.599981270210705,87.47326651645868,62.45001575237097,0.0,1,-1.0658141036401503e-14,0.0,-0.5140341647747171,-0.7631373050684989,87.51235737924644,-63.70001399999998,9.599981270210705,87.47326651645868,-62.45001575237097,0.0,1,-1.0658141036401503e-14
2.183333333333333,2183333,stretch_front_into_bow,18.663813971447457,-9.331906985723728,0.0,70.40085580856577,0.9952288574350892,0.0,0.09756803435781117,0.0,-9.331906985723728,0.0,70.40085580856577,30.17529034066031,4.919014877567619,0,feet,0.0,-0.37322167108605964,-0.3061602009403792,-39.50473236513663,63.70001399999999,9.600003900382383,-39.5071973263841,59.93459691168532,0.0,1,-1.0658141036401503e-14,0.0,-0.3732216710860623,-0.30616023280271465,-39.50473236513648,-63.70001399999998,9.600003900382383,-39.507197326383974,-59.93459691168532,0.0,1,-1.0658141036401503e-14,0.0,-0.5178614603719458,-0.7657173608111423,87.58891645467482,63.70001399999999,9.60003697814534,87.56750379037527,62.45001575237097,0.0,1,1.4210854715202004e-14,0.0,-0.5178614603719458,-0.7657173608111423,87.58891645467482,-63.70001399999998,9.60003697814534,87.56750379037527,-62.45001575237097,0.0,1,1.4210854715202004e-14
2.191666666666667,2191667,stretch_front_into_bow,18.754487687979477,-9.377243843989739,0.0,70.37365369360616,0.9951824232417334,0.0,0.09804052463502709,0.0,-9.377243843989739,0.0,70.37365369360616,30.1299534823943,4.7947732233273115,0,feet,0.0,-0.3753884494315436,-0.3070078504079641,-39.50246411876958,63.70001399999999,9.600003050006677,-39.5071973263841,59.93459691168532,0.0,1,3.552713678800501e-14,0.0,-0.37538844943154626,-0.3070078823483038,-39.502464118769446,-63.70001399999998,9.600003050006684,-39.507197326383974,-59.93459691168532,0.0,1,4.263256414560601e-14,0.0,-0.5215508832101996,-0.768191368951618,87.66262949521607,63.70001399999999,9.600059826050583,87.6581775069073,62.45001575237097,0.0,1,1.0658141036401503e-14,0.0,-0.5215508832101996,-0.768191368951618,87.66262949521607,-63.70001399999998,9.600059826050583,87.6581775069073,-62.45001575237097,0.0,1,1.0658141036401503e-14
2.2,2200000,stretch_front_into_bow,18.841600000000003,-9.420800000000002,0.0,70.34752,0.9951376015761791,0.0,0.09849443603173555,0.0,-9.420800000000002,0.0,70.34752,30.086397326384038,4.675467114068709,0,feet,0.0,-0.3774695409867057,-0.3078205074824125,-39.500274385505556,63.70001399999999,9.600001720639497,-39.5071973263841,59.93459691168532,0.0,1,3.019806626980426e-14,0.0,-0.3774695409867075,-0.30782053949749777,-39.50027438550546,-63.70001399999998,9.600001720639504,-39.507197326383974,-59.93459691168532,0.0,1,3.907985046680551e-14,0.0,-0.5251017131557929,-0.7705603705168591,87.73349288790943,63.70001399999999,9.600053610077836,87.74528981892782,62.45001575237097,0.0,1,-3.552713678800501e-15,0.0,-0.5251017131557929,-0.7705603705168591,87.73349288790943,-63.70001399999998,9.600053610077836,87.74528981892782,-62.45001575237097,0.0,1,-3.552713678800501e-15
2.2083333333333335,2208333,stretch_front_into_bow,18.925157099400497,-9.462578549700249,0.0,70.32245287017984,0.9950944146333012,0.0,0.09892980322232352,0.0,-9.462578549700249,0.0,70.32245287017984,30.04461877668379,4.5610814548841745,0,feet,0.0,-0.3794651649454308,-0.3085984380173845,-39.49816429576836,63.70001399999999,9.599999967070275,-39.5071973263841,59.93459691168532,0.0,1,1.2434497875801753e-14,0.0,-0.3794651649454335,-0.30859847010398544,-39.498164295768234,-63.70001399999998,9.599999967070282,-39.507197326383974,-59.93459691168532,0.0,1,2.1316282072803006e-14,0.0,-0.5285134305383776,-0.7728254761698512,87.80150646323773,63.70001399999999,9.600021926197059,87.82884691832831,62.45001575237097,0.0,1,-6.217248937900877e-14,0.0,-0.5285134305383776,-0.7728254761698512,87.80150646323773,-63.70001399999998,9.600021926197059,87.82884691832831,-62.45001575237097,0.0,1,-6.217248937900877e-14
2.216666666666667,2216667,stretch_front_into_bow,19.005169293298792,-9.502584646649396,0.0,70.29844921201037,0.9950528813729979,0.0,0.09934668223596937,0.0,-9.502584646649396,0.0,70.29844921201037,30.00461267973464,4.451595790964262,0,feet,0.0,-0.3813756354034079,-0.3093419362844383,-39.496134816783076,63.70001399999999,9.599997842930662,-39.5071973263841,59.93459691168532,0.0,1,4.796163466380676e-14,0.0,-0.3813756354034106,-0.3093419684393566,-39.49613481678291,-63.70001399999998,9.59999784293069,-39.507197326383974,-59.93459691168532,0.0,1,7.638334409421077e-14,0.0,-0.5317855297784866,-0.7749881689785778,87.86667037278978,63.70001399999999,9.59998973665072,87.85189925837784,60.517480576825555,0.0,1,2.842170943040401e-14,0.0,-0.5317855297784866,-0.7749881689785778,87.86667037278978,-63.70001399999998,9.59998973665072,87.85189925837784,-60.51748057682556,0.0,1,2.842170943040401e-14
2.225,2225000,stretch_front_into_bow,19.081651080246914,-9.540825540123457,0.0,70.27550467592593,0.9950130174436808,0.0,0.09974515084765471,0.0,-9.540825540123457,0.0,70.27550467592593,29.94723222947696,4.34698421508719,0,feet,0.0,-0.38320132855403255,-0.31005135788916816,-39.49418701141263,63.70001399999999,9.599997252769846,-39.48805776960049,66.27374638689588,0.0,1,1.9539925233402755e-14,0.0,-0.38320132855403477,-0.31005139010924276,-39.49418701141254,-63.70001399999998,9.599997252769832,-39.48805776960035,-66.27374638689588,0.0,1,5.329070518200751e-15,0.0,-0.5349175446099306,-0.7770502722205657,87.92898540193849,63.70001399999999,9.600001081477657,87.92838104532596,60.517480576825555,0.0,1,-2.6645352591003757e-14,0.0,-0.5349175446099306,-0.7770502722205657,87.92898540193849,-63.70001399999998,9.600001081477657,87.92838104532596,-60.51748057682556,0.0,1,-2.6645352591003757e-14
2.2333333333333334,2233333,stretch_front_into_bow,19.154621226439062,-9.577310613219531,0.0,70.25361363206828,0.994974835110775,0.0,0.1001253089697415,0.0,-9.577310613219531,0.0,70.25361363206828,29.910747156380886,4.2472152737257005,0,feet,0.0,-0.3849427532331018,-0.3107270558651294,-39.492321512832646,63.70001399999999,9.599998262566885,-39.48805776960049,66.27374638689588,0.0,1,7.105427357601002e-15,0.0,-0.38494275323310445,-0.31072708814723615,-39.49232151283252,-63.70001399999998,9.599998262566864,-39.48805776960035,-66.27374638689588,0.0,1,-1.4210854715202004e-14,0.0,-0.5379101680354861,-0.7790121773791534,87.98847202643185,63.70001399999999,9.599992461284913,88.00135119151811,60.517480576825555,0.0,1,4.440892098500626e-14,0.0,-0.5379101680354861,-0.7790121773791525,87.98847202643185,-63.70001399999998,9.599992461284877,88.00135119151811,-60.51748057682556,0.0,1,7.105427357601002e-15
2.2416666666666667,2241667,stretch_front_into_bow,19.224102841919436,-9.612051420959718,0.0,70.23276914742416,0.9949383431903235,0.0,0.10048727904413618,0.0,-9.612051420959718,0.0,70.23276914742416,29.8760063486407,4.1522518717352455,0,feet,0.0,-0.3866005567127315,-0.31136937749560456,-39.49053849207054,63.70001399999999,9.59999888889628,-39.48805776960049,66.27374638689588,0.0,1,2.1316282072803006e-14,0.0,-0.3866005567127342,-0.31136940983665573,-39.49053849207039,-63.70001399999998,9.599998888896309,-39.48805776960035,-66.27374638689588,0.0,1,4.973799150320701e-14,0.0,-0.5407637069460565,-0.7808753025714843,88.04514441659046,63.70001399999999,9.599968206549107,88.06921826059893,60.91776820488418,0.0,1,2.842170943040401e-14,0.0,-0.5407637069460565,-0.7808753025714843,88.04514441659046,-63.70001399999998,9.599968206549107,88.06921826059893,-60.91776820488418,0.0,1,2.842170943040401e-14
2.25,2250000,stretch_front_into_bow,19.29012345679012,-9.64506172839506,0.0,70.21296296296296,0.9949035469877721,0.0,0.10083120643506173,0.0,-9.64506172839506,0.0,70.21296296296296,29.842996041205357,4.062051175593297,0,feet,0.0,-0.3881754503830308,-0.3119787363011124,-39.48883823227408,63.70001399999999,9.59999917769121,-39.48805776960049,66.27374638689588,0.0,1,2.6645352591003757e-14,0.0,-0.388175450383033,-0.3119787686980602,-39.48883823227395,-63.70001399999998,9.59999917769121,-39.48805776960035,-66.27374638689588,0.0,1,2.6645352591003757e-14,0.0,-0.5434782364391357,-0.7826418648604103,88.09901284855204,63.70001399999999,9.599984238674821,88.08358966995974,60.30112620289984,0.0,1,-1.4210854715202004e-14,0.0,-0.5434782364391357,-0.7826418648604103,88.09901284855204,-63.70001399999998,9.599984238674821,88.08358966995974,-60.30112620289984,0.0,1,-1.4210854715202004e-14
2.2583333333333333,2258333,stretch_front_into_bow,19.35271509741909,-9.676357548709545,0.0,70.19418547077427,0.9948704482419871,0.0,0.10115725982245455,0.0,-9.676357548709545,0.0,70.19418547077427,29.800694414357523,3.976564515166416,0,feet,0.0,-0.38966824730961225,-0.31255557918926113,-39.48722085513076,63.70001399999999,9.599999286158237,-39.47705196306714,60.71151150841919,0.0,1,1.9539925233402755e-14,0.0,-0.38966824730961447,-0.31255561163910395,-39.487220855130644,-63.70001399999998,9.599999286158244,-39.477051963067,-60.71151150841919,0.0,1,2.842170943040401e-14,0.0,-0.5460549042119327,-0.7843127905364704,88.15010591917527,63.70001399999999,9.599998710664693,88.14208495031828,60.29863901998888,0.0,1,3.730349362740526e-14,0.0,-0.5460549042119327,-0.7843127905364704,88.15010591917527,-63.70001399999998,9.599998710664693,88.14208495031828,-60.29863901998888,0.0,1,3.730349362740526e-14
2.2666666666666666,2266667,stretch_front_into_bow,19.41191436264796,-9.70595718132398,0.0,70.17642569120561,0.9948390450745414,0.0,0.10146563159599707,0.0,-9.70595718132398,0.0,70.17642569120561,29.771094781743088,3.8957372839885664,0,feet,0.0,-0.3910798396121331,-0.3131004100537882,-39.48568650421137,63.70001399999999,9.600000788817837,-39.47705196306714,60.71151150841919,0.0,1,-1.0658141036401503e-14,0.0,-0.39107983961213577,-0.3131004425535724,-39.48568650421126,-63.70001399999998,9.600000788817837,-39.477051963067,-60.71151150841919,0.0,1,-1.0658141036401503e-14,0.0,-0.548494799478596,-0.7858895406434709,88.19845147627197,63.70001399999999,9.60000219827738,88.19476722127365,60.29318209508154,0.0,1,2.3092638912203256e-14,0.0,-0.548494799478596,-0.7858895406434709,88.19845147627197,-63.70001399999998,9.60000219827738,88.19476722127365,-60.293182095081534,0.0,1,2.3092638912203256e-14
2.275,2275000,stretch_front_into_bow,19.467762499999985,-9.733881249999992,0.0,70.15967125,0.9948093319442763,0.0,0.10175653824979804,0.0,-9.733881249999992,0.0,70.15967125,29.743170713067077,3.8195088380410738,0,feet,0.0,-0.3924112880593129,-0.31361370829991975,-39.48423467674023,63.70001399999999,9.600001984855439,-39.47705196306714,60.71151150841919,0.0,1,-1.7763568394002505e-15,0.0,-0.3924112880593156,-0.31361374084674054,-39.484234676740115,-63.70001399999998,9.600001984855417,-39.477051963067,-60.71151150841919,0.0,1,-2.3092638912203256e-14,0.0,-0.550799103611141,-0.7873738735249614,88.2440790553643,63.70001399999999,9.600000680073066,88.25061535862568,60.29318209508154,0.0,1,-6.927791673660977e-14,0.0,-0.550799103611141,-0.7873738735249614,88.2440790553643,-63.70001399999998,9.600000680073066,88.25061535862568,-60.293182095081534,0.0,1,-6.927791673660977e-14
2.283333333333333,2283333,stretch_front_into_bow,19.520305481887917,-9.760152740943958,0.0,70.14390835543362,0.9947812996071292,0.0,0.10203022077772357,0.0,-9.760152740943958,0.0,70.14390835543362,29.71689922212311,3.7478123930324188,0,feet,0.0,-0.393663730165394,-0.31409601744265236,-39.48286493379736,63.70001399999999,9.600002911977441,-39.47705196306714,60.71151150841919,0.0,1,-3.552713678800501e-15,0.0,-0.3936637301653967,-0.3140960500336556,-39.482864933797224,-63.70001399999998,9.60000291197747,-39.477051963067,-60.71151150841919,0.0,1,2.6645352591003757e-14,0.0,-0.552969321066394,-0.788767480463362,88.28702387577678,63.70001399999999,9.599989346854187,88.3031583405136,60.29318209508154,0.0,1,6.394884621840902e-14,0.0,-0.552969321066394,-0.788767480463362,88.28702387577678,-63.70001399999998,9.599989346854187,88.3031583405136,-60.293182095081534,0.0,1,6.394884621840902e-14
2.2916666666666665,2291667,stretch_front_into_bow,19.569594081821894,-9.784797040910947,0.0,70.12912177545343,0.9947549350811854,0.0,0.10228694506938167,0.0,-9.784797040910947,0.0,70.12912177545343,29.692254922156124,3.6805749201839717,0,feet,0.0,-0.39483841458039004,-0.3145479154407833,-39.48157665176889,63.70001399999999,9.600003605613765,-39.47705196306714,60.71151150841919,0.0,1,5.3290705182007514e-14,0.0,-0.3948384145803927,-0.31454794807317166,-39.48157665176878,-63.70001399999998,9.600003605613743,-39.477051963067,-60.71151150841919,0.0,1,3.197442310920451e-14,0.0,-0.5550069614535165,-0.7900725081176101,88.32732135367,63.70001399999999,9.5999898071925,88.3137051384217,60.14788790282789,0.0,1,-1.4210854715202004e-14,0.0,-0.5550069614535165,-0.7900725081176101,88.32732135367,-63.70001399999998,9.5999898071925,88.3137051384217,-60.14788790282789,0.0,1,-1.4210854715202004e-14
2.3,2300000,stretch_front_into_bow,19.615683950617278,-9.807841975308639,0.0,70.11529481481482,0.9947302216168916,0.0,0.10252700230675635,0.0,-9.807841975308639,0.0,70.11529481481482,29.66920998775843,3.61771704053605,0,feet,0.0,-0.395936702957679,-0.3149700155445183,-39.48036902114105,63.70001399999999,9.600004098839207,-39.47705196306714,60.71151150841919,0.0,1,-1.2434497875801753e-14,0.0,-0.39593670295768124,-0.31497004821555175,-39.480369021140916,-63.70001399999998,9.600004098839236,-39.477051963067,-60.71151150841919,0.0,1,1.5987211554602254e-14,0.0,-0.5569139900890168,-0.7912908330524573,88.36501490287573,63.70001399999999,9.599998044385615,88.35979500721707,60.14788790282789,0.0,1,2.1316282072803006e-14,0.0,-0.5569139900890168,-0.7912908330524573,88.36501490287573,-63.70001399999998,9.599998044385615,88.35979500721707,-60.14788790282789,0.0,1,2.1316282072803006e-14
2.308333333333333,2308333,stretch_front_into_bow,19.658635692602758,-9.829317846301379,0.0,70.10240929221918,0.9947071386723387,0.0,0.10275070936148642,0.0,-9.829317846301379,0.0,70.10240929221918,29.64773411676569,3.559152917796226,0,feet,0.0,-0.3969600718334241,-0.31536296717723866,-39.47924104552177,63.70001399999999,9.600004422317852,-39.47705196306714,60.71151150841919,0.0,1,1.0658141036401503e-14,0.0,-0.3969600718334263,-0.3153629998842402,-39.47924104552165,-63.70001399999998,9.600004422317859,-39.477051963067,-60.71151150841919,0.0,1,1.7763568394002505e-14,0.0,-0.5586927039911207,-0.792424270286717,88.4001538796637,63.70001399999999,9.599999113361719,88.40274674920255,60.14788790282789,0.0,1,1.7763568394002505e-14,0.0,-0.5586927039911207,-0.792424270286717,88.4001538796637,-63.70001399999998,9.599999113361719,88.40274674920255,-60.14788790282789,0.0,1,1.7763568394002505e-14
2.316666666666667,2316667,stretch_front_into_bow,19.69851494182797,-9.849257470913985,0.0,70.09044551745161,0.9946856618934916,0.0,0.1029584091927735,0.0,-9.849257470913985,0.0,70.09044551745161,29.627794492153086,3.504790149762968,0,feet,0.0,-0.3979101145174533,-0.3157274568505084,-39.478191540885554,63.70001399999999,9.600004604267951,-39.47705196306714,60.71151150841919,0.0,1,-3.197442310920451e-14,0.0,-0.39791011451745595,-0.31572748959086505,-39.47819154088539,-63.70001399999998,9.600004604268008,-39.477051963067,-60.71151150841919,0.0,1,2.4868995751603507e-14,0.0,-0.5603454995552211,-0.7934749571543032,88.43278952433035,63.70001399999999,9.599994424128326,88.44262599842776,60.14788790282789,0.0,1,-1.2434497875801753e-14,0.0,-0.5603454995552211,-0.7934749571543032,88.43278952433035,-63.70001399999998,9.599994424128326,88.44262599842776,-60.14788790282789,0.0,1,-1.2434497875801753e-14
2.325,2325000,stretch_front_into_bow,19.735392438271624,-9.867696219135812,0.0,70.07938226851851,0.9946657630992167,0.0,0.10315047124590834,0.0,-9.867696219135812,0.0,70.07938226851851,29.609355743931257,3.454529658363839,0,feet,0.0,-0.3987885429952067,-0.31606420911123667,-39.47721913503288,63.70001399999999,9.600004670449792,-39.47705196306714,60.71151150841919,0.0,1,1.0658141036401503e-14,0.0,-0.39878854299521027,-0.3160642418824029,-39.47721913503271,-63.70001399999998,9.600004670449756,-39.477051963067,-60.71151150841919,0.0,1,-2.4868995751603507e-14,0.0,-0.5618750169924223,-0.7944451254846863,88.46297748791024,63.70001399999999,9.59998523908294,88.47950349487141,60.14788790282789,0.0,1,-7.460698725481052e-14,0.0,-0.5618750169924223,-0.7944451254846863,88.46297748791024,-63.70001399999998,9.59998523908294,88.47950349487141,-60.14788790282789,0.0,1,-7.460698725481052e-14
2.3333333333333335,2333333,stretch_front_into_bow,19.769344104049168,-9.884672052024584,0.0,70.06919676878525,0.994647410270925,0.0,0.10332729185139004,0.0,-9.884672052024584,0.0,70.06919676878525,29.592379911042485,3.40826557835976,0,feet,0.0,-0.3995971898402697,-0.3163739875196758,-39.476322267256684,63.70001399999999,9.600004644173275,-39.47705196306714,60.71151150841919,0.0,1,1.7763568394002505e-14,0.0,-0.39959718984027326,-0.31637402031917805,-39.47632226725651,-63.70001399999998,9.60000464417324,-39.477051963067,-60.71151150841919,0.0,1,-1.7763568394002505e-14,0.0,-0.5632839721215146,-0.7953373843359377,88.49077489177496,63.70001399999999,9.59999269801527,88.47825231721947,60.00696726122774,0.0,1,-7.105427357601002e-15,0.0,-0.5632839721215146,-0.7953373843359377,88.49077489177496,-63.70001399999998,9.59999269801527,88.47825231721947,-60.00696726122774,0.0,1,-7.105427357601002e-15
2.341666666666667,2341667,stretch_front_into_bow,19.800451119621005,-9.900225559810503,0.0,70.0598646641137,0.9946305675466137,0.0,0.1034892946246188,0.0,-9.900225559810503,0.0,70.0598646641137,29.576826403256568,3.365885144773941,0,feet,0.0,-0.40033801013696824,-0.3166575956567672,-39.47549918820536,63.70001399999999,9.600004546326723,-39.47705196306714,60.71151150841919,0.0,1,-3.019806626980426e-14,0.0,-0.4003380101369709,-0.3166576284822078,-39.47549918820519,-63.70001399999998,9.60000454632678,-39.477051963067,-60.71151150841919,0.0,1,2.6645352591003757e-14,0.0,-0.5645756641582098,-0.7961538931718302,88.51624926750281,63.70001399999999,9.599998393000881,88.5093593327913,60.00696726122774,0.0,1,-1.7763568394002505e-14,0.0,-0.5645756641582098,-0.7961538931718302,88.51624926750281,-63.70001399999998,9.599998393000881,88.5093593327913,-60.00696726122774,0.0,1,-1.7763568394002505e-14
2.35,2350000,stretch_front_into_bow,19.828799999999994,-9.914399999999997,0.0,70.05136,0.9946151952190606,0.0,0.10363693086612517,0.0,-9.914399999999997,0.0,70.05136,29.562651963067072,3.3272685791173586,0,feet,0.0,-0.4010130834123853,-0.3169158781590862,-39.47474795993103,63.70001399999999,9.600004395424762,-39.47705196306714,60.71151150841919,0.0,1,5.861977570020827e-14,0.0,-0.4010130834123884,-0.316915911008143,-39.47474795993092,-63.70001399999998,9.600004395424683,-39.477051963067,-60.71151150841919,0.0,1,-2.1316282072803006e-14,0.0,-0.5657534982488115,-0.7968971523295947,88.53947022264056,63.70001399999999,9.600000703757395,88.53770821317029,60.00696726122774,0.0,1,-1.5987211554602254e-14,0.0,-0.5657534982488115,-0.7968971523295947,88.53947022264056,-63.70001399999998,9.600000703757395,88.53770821317029,-60.00696726122774,0.0,1,-1.5987211554602254e-14
2.3583333333333334,2358333,stretch_front_into_bow,19.854482670959722,-9.927241335479861,0.0,70.04365519871209,0.9946012497378836,0.0,0.1037706799623099,0.0,-9.927241335479861,0.0,70.04365519871209,29.549810627587206,3.2922889744889403,0,feet,0.0,-0.401624615577155,-0.31714972177941014,-39.47406645611006,63.70001399999999,9.600004207673699,-39.47705196306714,60.71151150841919,0.0,1,2.1316282072803006e-14,0.0,-0.4016246155771581,-0.3171497546498476,-39.47406645610991,-63.70001399999998,9.600004207673699,-39.477051963067,-60.71151150841919,0.0,1,2.3092638912203256e-14,0.0,-0.56682108466984,-0.7975698464596435,88.56051117615583,63.70001399999999,9.600003351395202,88.55712636830437,59.949281408719614,0.0,1,-2.842170943040401e-14,0.0,-0.56682108466984,-0.7975698464596435,88.56051117615583,-63.70001399999998,9.600003351395202,88.55712636830437,-59.949281408719614,0.0,1,-2.842170943040401e-14
2.3666666666666667,2366667,stretch_front_into_bow,19.877596545242092,-9.938798272621046,0.0,70.03672103642737,0.9945886837151469,0.0,0.10389104978664718,0.0,-9.938798272621046,0.0,70.03672103642737,29.538253690446023,3.2608121796435654,0,feet,0.0,-0.40217494087419947,-0.3173600564707044,-39.47345236242077,63.70001399999999,9.600003997055403,-39.47705196306714,60.71151150841919,0.0,1,2.4868995751603507e-14,0.0,-0.4021749408742026,-0.3173600893603692,-39.473452362420616,-63.70001399999998,9.600003997055396,-39.477051963067,-60.71151150841919,0.0,1,1.7763568394002505e-14,0.0,-0.567782338173854,-0.7981746878541847,88.57945113738766,63.70001399999999,9.600003915678172,88.58024024258674,59.949281408719614,0.0,1,-3.019806626980426e-14,0.0,-0.567782338173854,-0.7981746878541847,88.57945113738766,-63.70001399999998,9.600003915678172,88.58024024258674,-59.949281408719614,0.0,1,-3.019806626980426e-14
2.375,2375000,stretch_front_into_bow,19.898244598765448,-9.949122299382724,0.0,70.03052662037037,0.9945774459341525,0.0,0.10399857710131388,0.0,-9.949122299382724,0.0,70.03052662037037,29.527929663684347,3.2326966821280934,0,feet,0.0,-0.4026665238346081,-0.3175478564909846,-39.472903177062456,63.70001399999999,9.600003775425236,-39.47705196306714,60.71151150841919,0.0,1,1.7763568394002505e-15,0.0,-0.40266652383461077,-0.31754788939781564,-39.47290317706233,-63.70001399999998,9.600003775425215,-39.477051963067,-60.71151150841919,0.0,1,-2.1316282072803006e-14,0.0,-0.5686414002406188,-0.798714551128918,88.59637335873585,63.70001399999999,9.600003210773721,88.59783357270655,59.95646448344729,0.0,1,3.730349362740526e-14,0.0,-0.5686414002406188,-0.798714551128918,88.59637335873585,-63.70001399999998,9.600003210773721,88.59783357270655,-59.95646448344729,0.0,1,3.730349362740526e-14
2.3833333333333333,2383333,stretch_front_into_bow,19.916535446832278,-9.958267723416139,0.0,70.02503936595032,0.9945674813610197,0.0,0.10409382795919137,0.0,-9.958267723416139,0.0,70.02503936595032,29.51878423965093,3.2077934905995704,0,feet,0.0,-0.4031019612396429,-0.31771414152631694,-39.472416211396876,63.70001399999999,9.600003552624905,-39.47705196306714,60.71151150841919,0.0,1,1.2434497875801753e-14,0.0,-0.4031019612396456,-0.31771417444834515,-39.47241621139675,-63.70001399999998,9.600003552624912,-39.477051963067,-60.71151150841919,0.0,1,2.1316282072803006e-14,0.0,-0.5694026532695293,-0.7991924564009141,88.61136560565907,63.70001399999999,9.600003806023885,88.60801882107461,59.94247408063234,0.0,1,4.085620730620576e-14,0.0,-0.5694026532695293,-0.7991924564009141,88.61136560565907,-63.70001399999998,9.600003806023885,88.60801882107461,-59.94247408063234,0.0,1,4.085620730620576e-14
2.3916666666666666,2391667,stretch_front_into_bow,19.932583420337334,-9.966291710168667,0.0,70.0202249738988,0.99455873115861,0.0,0.1041773981061903,0.0,-9.966291710168667,0.0,70.0202249738988,29.5107602528984,3.185946016449307,0,feet,0.0,-0.4034839840878619,-0.3178599778288187,-39.47198859069188,63.70001399999999,9.60000333660696,-39.47705196306714,60.71151150841919,0.0,1,2.6645352591003757e-14,0.0,-0.403483984087865,-0.3178600107641736,-39.47198859069175,-63.70001399999998,9.60000333660696,-39.477051963067,-60.71151150841919,0.0,1,2.6645352591003757e-14,0.0,-0.5700707698960277,-0.7996114944167196,88.62452105613298,63.70001399999999,9.600004378659705,88.62406679457966,59.94247408063234,0.0,1,-1.4210854715202004e-14,0.0,-0.5700707698960277,-0.7996114944167196,88.62452105613298,-63.70001399999998,9.600004378659705,88.62406679457966,-59.94247408063234,0.0,1,-1.4210854715202004e-14
2.4,2400000,stretch_front_into_bow,19.94650864197531,-9.973254320987655,0.0,70.01604740740741,0.9945511327023174,0.0,0.10424991338383607,0.0,-9.973254320987655,0.0,70.01604740740741,29.503797642079412,3.166989954870047,0,feet,0.0,-0.40381545956614007,-0.317986479366283,-39.471617254945365,63.70001399999999,9.600003133569935,-39.47705196306714,60.71151150841919,0.0,1,4.440892098500626e-14,0.0,-0.4038154595661432,-0.3179865123131971,-39.47161725494521,-63.70001399999998,9.600003133569928,-39.477051963067,-60.71151150841919,0.0,1,3.730349362740526e-14,0.0,-0.5706506768525466,-0.7999748927688946,88.63593768532031,63.70001399999999,9.600004169601249,88.63799201621764,59.94247408063234,0.0,1,-1.3322676295501878e-13,0.0,-0.5706506768525466,-0.7999748927688946,88.63593768532031,-63.70001399999998,9.600004169601249,88.63799201621764,-59.94247408063234,0.0,1,-1.3322676295501878e-13
2.408333333333333,2408333,stretch_front_into_bow,19.95843710244881,-9.979218551224404,0.0,70.01246886926536,0.9945446195971949,0.0,0.10431203013205556,0.0,-9.979218551224404,0.0,70.01246886926536,29.497833411842663,3.150753165513464,0,feet,0.0,-0.4040993930233512,-0.31809480897965825,-39.471298959764454,63.70001399999999,9.600002948101455,-39.47705196306714,60.71151150841919,0.0,1,-2.3092638912203256e-14,0.0,-0.40409939302335385,-0.31809484193647064,-39.471298959764304,-63.70001399999998,9.600002948101483,-39.477051963067,-60.71151150841919,0.0,1,5.329070518200751e-15,0.0,-0.5711475523652143,-0.8002860267319978,88.64571824164058,63.70001399999999,9.600003469679613,88.64992047669114,59.94247408063234,0.0,1,3.552713678800501e-14,0.0,-0.5711475523652143,-0.8002860267319978,88.64571824164058,-63.70001399999998,9.600003469679613,88.64992047669114,-59.94247408063234,0.0,1,3.552713678800501e-14
2.4166666666666665,2416667,stretch_front_into_bow,19.968500736676315,-9.984250368338158,0.0,70.00944977899711,0.9945391216958452,0.0,0.10436443559209556,0.0,-9.984250368338158,0.0,70.00944977899711,29.49280159472891,3.137055552899028,0,feet,0.0,-0.4043389299452764,-0.31818617954427886,-39.471030277273634,63.70001399999999,9.600002783327973,-39.47705196306714,60.71151150841919,0.0,1,2.842170943040401e-14,0.0,-0.4043389299452791,-0.3181862125094388,-39.47103027727353,-63.70001399999998,9.600002783327923,-39.477051963067,-60.71151150841919,0.0,1,-2.1316282072803006e-14,0.0,-0.5715668363257844,-0.8005484090212143,88.65397045120949,63.70001399999999,9.600002592865593,88.65696848017946,59.93911905416603,0.0,1,-7.105427357601002e-15,0.0,-0.5715668363257844,-0.8005484090212143,88.65397045120949,-63.70001399999998,9.600002592865593,88.65696848017946,-59.93911905416603,0.0,1,-7.105427357601002e-15
2.425,2425000,stretch_front_into_bow,19.97683749999998,-9.98841874999999,0.0,70.00694875,0.9945345651164571,0.0,0.10440784830949945,0.0,-9.98841874999999,0.0,70.00694875,29.48863321306708,3.125708946747494,0,feet,0.0,-0.4045373579292244,-0.3182618551303604,-39.470807597022855,63.70001399999999,9.600002641067178,-39.47705196306714,60.71151150841919,0.0,1,0.0,0.0,-0.40453735792922707,-0.3182618881024344,-39.47080759702274,-63.70001399999998,9.600002641067185,-39.477051963067,-60.71151150841919,0.0,1,7.105427357601002e-15,0.0,-0.5719142306754232,-0.800765695714162,88.66080704827856,63.70001399999999,9.600002007158345,88.66530524350313,59.93911905416603,0.0,1,3.019806626980426e-14,0.0,-0.5719142306754232,-0.800765695714162,88.66080704827856,-63.70001399999998,9.600002007158345,88.66530524350313,-59.93911905416603,0.0,1,3.019806626980426e-14
2.433333333333333,2433333,stretch_front_into_bow,19.983591444393657,-9.991795722196828,0.0,70.0049225666819,0.9945308722603164,0.0,0.10444301853706679,0.0,-9.991795722196828,0.0,70.0049225666819,29.485256240870243,3.1165169824245282,0,feet,0.0,-0.404698108656695,-0.31832315215790086,-39.47062712686338,63.70001399999999,9.600002521983235,-39.47705196306714,60.71151150841919,0.0,1,3.197442310920451e-14,0.0,-0.4046981086566981,-0.3183231851355739,-39.470627126863285,-63.70001399999998,9.600002521983185,-39.477051963067,-60.71151150841919,0.0,1,-1.7763568394002505e-14,0.0,-0.5721957091131493,-0.800941676745198,88.6663459716725,63.70001399999999,9.600001360956483,88.6720591878968,59.93911905416603,0.0,1,1.0302869668521453e-13,0.0,-0.5721957091131493,-0.800941676745198,88.6663459716725,-63.70001399999998,9.600001360956483,88.6720591878968,-59.93911905416603,0.0,1,1.0302869668521453e-13
2.441666666666667,2441667,stretch_front_into_bow,19.988912794670522,-9.994456397335261,0.0,70.00332616159885,0.9945279618280755,0.0,0.10447072863770974,0.0,-9.994456397335261,0.0,70.00332616159885,29.482595565731806,3.1092749816945684,0,feet,0.0,-0.40482475986227584,-0.31837144054068034,-39.47048489375836,63.70001399999999,9.600002425739554,-39.47705196306714,60.71151150841919,0.0,1,2.6645352591003757e-14,0.0,-0.40482475986227806,-0.31837147352276585,-39.470484893758254,-63.70001399999998,9.60000242573956,-39.477051963067,-60.71151150841919,0.0,1,3.552713678800501e-14,0.0,-0.5724175080158469,-0.8010802975293361,88.67071022579339,63.70001399999999,9.600000743652956,88.67738053817368,59.93911905416603,0.0,1,3.019806626980426e-14,0.0,-0.5724175080158469,-0.8010802975293361,88.67071022579339,-63.70001399999998,9.600000743652956,88.67738053817368,-59.93911905416603,0.0,1,3.019806626980426e-14
2.45,2450000,stretch_front_into_bow,19.99295802469137,-9.996479012345684,0.0,70.0021125925926,0.9945257488340078,0.0,0.10449179348712483,0.0,-9.996479012345684,0.0,70.0021125925926,29.480572950721385,3.1037698339959547,0,feet,0.0,-0.40492103729683393,-0.31840814481368174,-39.47037674449096,63.70001399999999,9.600002351148724,-39.47705196306714,60.71151150841919,0.0,1,0.0,0.0,-0.40492103729683704,-0.3184081777991197,-39.47037674449082,-63.70001399999998,9.600002351148724,-39.477051963067,-60.71151150841919,0.0,1,0.0,0.0,-0.572586123411174,-0.8011856706087732,88.6740278485077,63.70001399999999,9.60000123635568,88.66747253978355,61.90174074198467,0.0,1,-1.7763568394002505e-15,0.0,-0.572586123411174,-0.8011856706087732,88.6740278485077,-63.70001399999998,9.60000123635568,88.66747253978355,-61.90174074198467,0.0,1,-1.7763568394002505e-15
2.4583333333333335,2458333,stretch_front_into_bow,19.995889933572098,-9.997944966786049,0.0,70.00123301992838,0.9945241446174258,0.0,0.10450706087617992,0.0,-9.997944966786049,0.0,70.00123301992838,29.47910699628102,3.0997798784662365,0,feet,0.0,-0.4049908166828873,-0.3184347452377376,-39.47029834623023,63.70001399999999,9.600002296315559,-39.47705196306714,60.71151150841919,0.0,1,1.4210854715202004e-14,0.0,-0.40499081668288994,-0.31843477822560606,-39.470298346230095,-63.70001399999998,9.600002296315559,-39.477051963067,-60.71151150841919,0.0,1,1.4210854715202004e-14,0.0,-0.5727083406894913,-0.8012620330592135,88.67643246237428,63.70001399999999,9.600001581934961,88.67040444866427,61.90174074198467,0.0,1,-3.552713678800501e-15,0.0,-0.5727083406894913,-0.8012620330592135,88.67643246237428,-63.70001399999998,9.600001581934961,88.67040444866427,-61.90174074198467,0.0,1,-3.552713678800501e-15
2.466666666666667,2466667,stretch_front_into_bow,19.997877721892014,-9.998938860946007,0.0,70.00063668343239,0.9945230568503797,0.0,0.10451741191292765,0.0,-9.998938860946007,0.0,70.00063668343239,29.478113102121064,3.0970747869559148,0,feet,0.0,-0.40503812565990627,-0.31845277887482704,-39.470245186913765,63.70001399999999,9.600002258770715,-39.47705196306714,60.71151150841919,0.0,1,1.7763568394002505e-14,0.0,-0.4050381256599085,-0.31845281186434216,-39.470245186913665,-63.70001399999998,9.600002258770694,-39.477051963067,-60.71151150841919,0.0,1,-1.7763568394002505e-15,0.0,-0.5727912059683726,-0.8013138006549485,88.67806278399024,63.70001399999999,9.600001799739417,88.67239223698418,61.90174074198467,0.0,1,1.5987211554602254e-14,0.0,-0.5727912059683726,-0.8013138006549485,88.67806278399024,-63.70001399999998,9.600001799739417,88.67239223698418,-61.90174074198467,0.0,1,1.5987211554602254e-14
2.475,2475000,stretch_front_into_bow,19.999097067901218,-9.999548533950609,0.0,70.00027087962964,0.9945223895407035,0.0,0.10452376142413372,0.0,-9.999548533950609,0.0,70.00027087962964,29.47750342911646,3.095415448288648,0,feet,0.0,-0.40506714571710134,-0.3184638406269027,-39.47021257540042,63.70001399999999,9.600002235592491,-39.47705196306714,60.71151150841919,0.0,1,1.9539925233402755e-14,0.0,-0.405067145717104,-0.318463873617429,-39.470212575400296,-63.70001399999998,9.600002235592491,-39.477051963067,-60.71151150841919,0.0,1,1.9539925233402755e-14,0.0,-0.5728420386089415,-0.8013455538732535,88.67906286575416,63.70001399999999,9.600001926750842,88.67361158299339,61.90174074198467,0.0,1,2.6645352591003757e-14,0.0,-0.5728420386089415,-0.8013455538732535,88.67906286575416,-63.70001399999998,9.600001926750842,88.67361158299339,-61.90174074198467,0.0,1,2.6645352591003757e-14
2.4833333333333334,2483333,stretch_front_into_bow,19.999730203729097,-9.999865101864549,0.0,70.00008093888127,0.9945220430294116,0.0,0.10452705835622247,0.0,-9.999865101864549,0.0,70.00008093888127,29.47718686120252,3.09455385403524,0,feet,0.0,-0.40508221411113743,-0.31846958423069616,-39.47019564134623,63.70001399999999,9.600002223513123,-39.47705196306714,60.71151150841919,0.0,1,1.9539925233402755e-14,0.0,-0.40508221411114054,-0.31846961722174605,-39.47019564134613,-63.70001399999998,9.600002223513073,-39.477051963067,-60.71151150841919,0.0,1,-3.019806626980426e-14,0.0,-0.572868433522888,-0.8013620408885016,88.67958215407268,63.70001399999999,9.600001990723094,88.67424471882127,61.90174074198467,0.0,1,-3.552713678800501e-14,0.0,-0.572868433522888,-0.8013620408885016,88.67958215407268,-63.70001399999998,9.600001990723094,88.67424471882127,-61.90174074198467,0.0,1,-3.552713678800501e-14
2.4916666666666667,2491667,stretch_front_into_bow,19.999965991591736,-9.999982995795868,0.0,70.00001020252247,0.9945219139813911,0.0,0.10452828617551553,0.0,-9.999982995795868,0.0,70.00001020252247,29.4770689672712,3.094232986090873,0,feet,0.0,-0.405087825765964,-0.3184717232003913,-39.4701893347517,63.70001399999999,9.600002219006882,-39.47705196306714,60.71151150841919,0.0,1,1.9539925233402755e-14,0.0,-0.40508782576596714,-0.31847175619163703,-39.47018933475155,-63.70001399999998,9.600002219006882,-39.477051963067,-60.71151150841919,0.0,1,1.9539925233402755e-14,0.0,-0.5728782634069338,-0.8013681807596869,88.67977554432076,63.70001399999999,9.600002014201898,88.6744805066839,61.90174074198467,0.0,1,5.1514348342607263e-14,0.0,-0.5728782634069338,-0.8013681807596869,88.67977554432076,-63.70001399999998,9.600002014201898,88.6744805066839,-61.90174074198467,0.0,1,5.1514348342607263e-14
2.5,2500000,stretch_front_into_bow,20.0,-10.0,0.0,70.0,0.9945218953682733,0.0,0.10452846326765347,0.0,-10.0,0.0,70.0,29.47705196306707,3.0941867063545203,0,feet,0.0,-0.40508863515185833,-0.31847203170959526,-39.470188425126075,63.70001399999999,9.600002218356572,-39.47705196306714,60.71151150841919,0.0,1,3.552713678800501e-15,0.0,-0.405088635151861,-0.3184720647008694,-39.47018842512595,-63.70001399999998,9.60000221835655,-39.477051963067,-60.71151150841919,0.0,1,-1.7763568394002505e-14,0.0,-0.5728796812049657,-0.8013690663275379,88.67980343761991,63.70001399999999,9.600002017572763,88.67451451509217,61.90174074198467,0.0,1,-2.6645352591003757e-14,0.0,-0.5728796812049657,-0.8013690663275379,88.67980343761991,-63.70001399999998,9.600002017572763,88.67451451509217,-61.90174074198467,0.0,1,-2.6645352591003757e-14
2.5083333333333333,2508333,hold_bow,20.0,-10.0,0.0,70.0,0.9945218953682733,0.0,0.10452846326765347,0.0,-10.0,0.0,70.0,29.47705196306707,3.0941867063545203,0,feet,0.0,-0.40508863515185833,-0.31847203170959526,-39.470188425126075,63.70001399999999,9.600002218356572,-39.47705196306714,60.71151150841919,0.0,1,3.552713678800501e-15,0.0,-0.405088635151861,-0.3184720647008694,-39.47018842512595,-63.70001399999998,9.60000221835655,-39.477051963067,-60.71151150841919,0.0,1,-1.7763568394002505e-14,0.0,-0.5728796812049657,-0.8013690663275379,88.67980343761991,63.70001399999999,9.600002017572763,88.67451451509217,61.90174074198467,0.0,1,-2.6645352591003757e-14,0.0,-0.5728796812049657,-0.8013690663275379,88.67980343761991,-63.70001399999998,9.600002017572763,88.67451451509217,-61.90174074198467,0.0,1,-2.6645352591003757e-14
2.5166666666666666,2516667,hold_bow,20.0,-10.0,0.0,70.0,0.9945218953682733,0.0,0.10452846326765347,0.0,-10.0,0.0,70.0,29.47705196306707,3.0941867063545203,0,feet,0.0,-0.40508863515185833,-0.31847203170959526,-39.470188425126075,63.70001399999999,9.600002218356572,-39.47705196306714,60.71151150841919,0.0,1,3.552713678800501e-15,0.0,-0.405088635151861,-0.3184720647008694,-39.47018842512595,-63.70001399999998,9.60000221835655,-39.477051963067,-60.71151150841919,0.0,1,-1.7763568394002505e-14,0.0,-0.5728796812049657,-0.8013690663275379,88.67980343761991,63.70001399999999,9.600002017572763,88.67451451509217,61.90174074198467,0.0,1,-2.6645352591003757e-14,0.0,-0.5728796812049657,-0.8013690663275379,88.67980343761991,-63.70001399999998,9.600002017572763,88.67451451509217,-61.90174074198467,0.0,1,-2.6645352591003757e-14
2.525,2525000,hold_bow,20.0,-10.0,0.0,70.0,0.9945218953682733,0.0,0.10452846326765347,0.0,-10.0,0.0,70.0,29.47705196306707,3.0941867063545203,0,feet,0.0,-0.40508863515185833,-0.31847203170959526,-39.470188425126075,63.70001399999999,9.600002218356572,-39.47705196306714,60.71151150841919,0.0,1,3.552713678800501e-15,0.0,-0.405088635151861,-0.3184720647008694,-39.47018842512595,-63.70001399999998,9.60000221835655,-39.477051963067,-60.71151150841919,0.0,1,-1.7763568394002505e-14,0.0,-0.5728796812049657,-0.8013690663275379,88.67980343761991,63.70001399999999,9.600002017572763,88.67451451509217,61.90174074198467,0.0,1,-2.6645352591003757e-14,0.0,-0.5728796812049657,-0.8013690663275379,88.67980343761991,-63.70001399999998,9.600002017572763,88.67451451509217,-61.90174074198467,0.0,1,-2.6645352591003757e-14
2.533333333333333,2533333,hold_bow,20.0,-10.0,0.0,70.0,0.9945218953682733,0.0,0.10452846326765347,0.0,-10.0,0.0,70.0,29.47705196306707,3.0941867063545203,0,feet,0.0,-0.40508863515185833,-0.31847203170959526,-39.470188425126075,63.70001399999999,9.600002218356572,-39.47705196306714,60.71151150841919,0.0,1,3.552713678800501e-15,0.0,-0.405088635151861,-0.3184720647008694,-39.47018842512595,-63.70001399999998,9.60000221835655,-39.477051963067,-60.71151150841919,0.0,1,-1.7763568394002505e-14,0.0,-0.5728796812049657,-0.8013690663275379,88.67980343761991,63.70001399999999,9.600002017572763,88.67451451509217,61.90174074198467,0.0,1,-2.6645352591003757e-14,0.0,-0.5728796812049657,-0.8013690663275379,88.67980343761991,-63.70001399999998,9.600002017572763,88.67451451509217,-61.90174074198467,0.0,1,-2.6645352591003757e-14
2.5416666666666665,2541667,hold_bow,20.0,-10.0,0.0,70.0,0.9945218953682733,0.0,0.10452846326765347,0.0,-10.0,0.0,70.0,29.47705196306707,3.0941867063545203,0,feet,0.0,-0.40508863515185833,-0.31847203170959526,-39.470188425126075,63.70001399999999,9.600002218356572,-39.47705196306714,60.71151150841919,0.0,1,3.552713678800501e-15,0.0,-0.405088635151861,-0.3184720647008694,-39.47018842512595,-63.70001399999998,9.60000221835655,-39.477051963067,-60.71151150841919,0.0,1,-1.7763568394002505e-14,0.0,-0.5728796812049657,-0.8013690663275379,88.67980343761991,63.70001399999999,9.600002017572763,88.67451451509217,61.90174074198467,0.0,1,-2.6645352591003757e-14,0.0,-0.5728796812049657,-0.8013690663275379,88.67980343761991,-63.70001399999998,9.600002017572763,88.67451451509217,-61.90174074198467,0.0,1,-2.6645352591003757e-14
2.55,2550000,hold_bow,20.0,-10.0,0.0,70.0,0.9945218953682733,0.0,0.10452846326765347,0.0,-10.0,0.0,70.0,29.47705196306707,3.0941867063545203,0,feet,0.0,-0.40508863515185833,-0.31847203170959526,-39.470188425126075,63.70001399999999,9.600002218356572,-39.47705196306714,60.71151150841919,0.0,1,3.552713678800501e-15,0.0,-0.405088635151861,-0.3184720647008694,-39.47018842512595,-63.70001399999998,9.60000221835655,-39.477051963067,-60.71151150841919,0.0,1,-1.7763568394002505e-14,0.0,-0.5728796812049657,-0.8013690663275379,88.67980343761991,63.70001399999999,9.600002017572763,88.67451451509217,61.90174074198467,0.0,1,-2.6645352591003757e-14,0.0,-0.5728796812049657,-0.8013690663275379,88.67980343761991,-63.70001399999998,9.600002017572763,88.67451451509217,-61.90174074198467,0.0,1,-2.6645352591003757e-14
2.558333333333333,2558333,hold_bow,20.0,-10.0,0.0,70.0,0.9945218953682733,0.0,0.10452846326765347,0.0,-10.0,0.0,70.0,29.47705196306707,3.0941867063545203,0,feet,0.0,-0.40508863515185833,-0.31847203170959526,-39.470188425126075,63.70001399999999,9.600002218356572,-39.47705196306714,60.71151150841919,0.0,1,3.552713678800501e-15,0.0,-0.405088635151861,-0.3184720647008694,-39.47018842512595,-63.70001399999998,9.60000221835655,-39.477051963067,-60.71151150841919,0.0,1,-1.7763568394002505e-14,0.0,-0.5728796812049657,-0.8013690663275379,88.67980343761991,63.70001399999999,9.600002017572763,88.67451451509217,61.90174074198467,0.0,1,-2.6645352591003757e-14,0.0,-0.5728796812049657,-0.8013690663275379,88.67980343761991,-63.70001399999998,9.600002017572763,88.67451451509217,-61.90174074198467,0.0,1,-2.6645352591003757e-14
2.566666666666667,2566667,hold_bow,20.0,-10.0,0.0,70.0,0.9945218953682733,0.0,0.10452846326765347,0.0,-10.0,0.0,70.0,29.47705196306707,3.0941867063545203,0,feet,0.0,-0.40508863515185833,-0.31847203170959526,-39.470188425126075,63.70001399999999,9.600002218356572,-39.47705196306714,60.71151150841919,0.0,1,3.552713678800501e-15,0.0,-0.405088635151861,-0.3184720647008694,-39.47018842512595,-63.70001399999998,9.60000221835655,-39.477051963067,-60.71151150841919,0.0,1,-1.7763568394002505e-14,0.0,-0.5728796812049657,-0.8013690663275379,88.67980343761991,63.70001399999999,9.600002017572763,88.67451451509217,61.90174074198467,0.0,1,-2.6645352591003757e-14,0.0,-0.5728796812049657,-0.8013690663275379,88.67980343761991,-63.70001399999998,9.600002017572763,88.67451451509217,-61.90174074198467,0.0,1,-2.6645352591003757e-14
2.575,2575000,hold_bow,20.0,-10.0,0.0,70.0,0.9945218953682733,0.0,0.10452846326765347,0.0,-10.0,0.0,70.0,29.47705196306707,3.0941867063545203,0,feet,0.0,-0.40508863515185833,-0.31847203170959526,-39.470188425126075,63.70001399999999,9.600002218356572,-39.47705196306714,60.71151150841919,0.0,1,3.552713678800501e-15,0.0,-0.405088635151861,-0.3184720647008694,-39.47018842512595,-63.70001399999998,9.60000221835655,-39.477051963067,-60.71151150841919,0.0,1,-1.7763568394002505e-14,0.0,-0.5728796812049657,-0.8013690663275379,88.67980343761991,63.70001399999999,9.600002017572763,88.67451451509217,61.90174074198467,0.0,1,-2.6645352591003757e-14,0.0,-0.5728796812049657,-0.8013690663275379,88.67980343761991,-63.70001399999998,9.600002017572763,88.67451451509217,-61.90174074198467,0.0,1,-2.6645352591003757e-14
2.5833333333333335,2583333,hold_bow,20.0,-10.0,0.0,70.0,0.9945218953682733,0.0,0.10452846326765347,0.0,-10.0,0.0,70.0,29.47705196306707,3.0941867063545203,0,feet,0.0,-0.40508863515185833,-0.31847203170959526,-39.470188425126075,63.70001399999999,9.600002218356572,-39.47705196306714,60.71151150841919,0.0,1,3.552713678800501e-15,0.0,-0.405088635151861,-0.3184720647008694,-39.47018842512595,-63.70001399999998,9.60000221835655,-39.477051963067,-60.71151150841919,0.0,1,-1.7763568394002505e-14,0.0,-0.5728796812049657,-0.8013690663275379,88.67980343761991,63.70001399999999,9.600002017572763,88.67451451509217,61.90174074198467,0.0,1,-2.6645352591003757e-14,0.0,-0.5728796812049657,-0.8013690663275379,88.67980343761991,-63.70001399999998,9.600002017572763,88.67451451509217,-61.90174074198467,0.0,1,-2.6645352591003757e-14
2.591666666666667,2591667,hold_bow,20.0,-10.0,0.0,70.0,0.9945218953682733,0.0,0.10452846326765347,0.0,-10.0,0.0,70.0,29.47705196306707,3.0941867063545203,0,feet,0.0,-0.40508863515185833,-0.31847203170959526,-39.470188425126075,63.70001399999999,9.600002218356572,-39.47705196306714,60.71151150841919,0.0,1,3.552713678800501e-15,0.0,-0.405088635151861,-0.3184720647008694,-39.47018842512595,-63.70001399999998,9.60000221835655,-39.477051963067,-60.71151150841919,0.0,1,-1.7763568394002505e-14,0.0,-0.5728796812049657,-0.8013690663275379,88.67980343761991,63.70001399999999,9.600002017572763,88.67451451509217,61.90174074198467,0.0,1,-2.6645352591003757e-14,0.0,-0.5728796812049657,-0.8013690663275379,88.67980343761991,-63.70001399999998,9.600002017572763,88.67451451509217,-61.90174074198467,0.0,1,-2.6645352591003757e-14
2.6,2600000,hold_bow,20.0,-10.0,0.0,70.0,0.9945218953682733,0.0,0.10452846326765347,0.0,-10.0,0.0,70.0,29.47705196306707,3.0941867063545203,0,feet,0.0,-0.40508863515185833,-0.31847203170959526,-39.470188425126075,63.70001399999999,9.600002218356572,-39.47705196306714,60.71151150841919,0.0,1,3.552713678800501e-15,0.0,-0.405088635151861,-0.3184720647008694,-39.47018842512595,-63.70001399999998,9.60000221835655,-39.477051963067,-60.71151150841919,0.0,1,-1.7763568394002505e-14,0.0,-0.5728796812049657,-0.8013690663275379,88.67980343761991,63.70001399999999,9.600002017572763,88.67451451509217,61.90174074198467,0.0,1,-2.6645352591003757e-14,0.0,-0.5728796812049657,-0.8013690663275379,88.67980343761991,-63.70001399999998,9.600002017572763,88.67451451509217,-61.90174074198467,0.0,1,-2.6645352591003757e-14
2.6083333333333334,2608333,hold_bow,20.0,-10.0,0.0,70.0,0.9945218953682733,0.0,0.10452846326765347,0.0,-10.0,0.0,70.0,29.47705196306707,3.0941867063545203,0,feet,0.0,-0.40508863515185833,-0.31847203170959526,-39.470188425126075,63.70001399999999,9.600002218356572,-39.47705196306714,60.71151150841919,0.0,1,3.552713678800501e-15,0.0,-0.405088635151861,-0.3184720647008694,-39.47018842512595,-63.70001399999998,9.60000221835655,-39.477051963067,-60.71151150841919,0.0,1,-1.7763568394002505e-14,0.0,-0.5728796812049657,-0.8013690663275379,88.67980343761991,63.70001399999999,9.600002017572763,88.67451451509217,61.90174074198467,0.0,1,-2.6645352591003757e-14,0.0,-0.5728796812049657,-0.8013690663275379,88.67980343761991,-63.70001399999998,9.600002017572763,88.67451451509217,-61.90174074198467,0.0,1,-2.6645352591003757e-14
2.6166666666666667,2616667,hold_bow,20.0,-10.0,0.0,70.0,0.9945218953682733,0.0,0.10452846326765347,0.0,-10.0,0.0,70.0,29.47705196306707,3.0941867063545203,0,feet,0.0,-0.40508863515185833,-0.31847203170959526,-39.470188425126075,63.70001399999999,9.600002218356572,-39.47705196306714,60.71151150841919,0.0,1,3.552713678800501e-15,0.0,-0.405088635151861,-0.3184720647008694,-39.47018842512595,-63.70001399999998,9.60000221835655,-39.477051963067,-60.71151150841919,0.0,1,-1.7763568394002505e-14,0.0,-0.5728796812049657,-0.8013690663275379,88.67980343761991,63.70001399999999,9.600002017572763,88.67451451509217,61.90174074198467,0.0,1,-2.6645352591003757e-14,0.0,-0.5728796812049657,-0.8013690663275379,88.67980343761991,-63.70001399999998,9.600002017572763,88.67451451509217,-61.90174074198467,0.0,1,-2.6645352591003757e-14
2.625,2625000,hold_bow,20.0,-10.0,0.0,70.0,0.9945218953682733,0.0,0.10452846326765347,0.0,-10.0,0.0,70.0,29.47705196306707,3.0941867063545203,0,feet,0.0,-0.40508863515185833,-0.31847203170959526,-39.470188425126075,63.70001399999999,9.600002218356572,-39.47705196306714,60.71151150841919,0.0,1,3.552713678800501e-15,0.0,-0.405088635151861,-0.3184720647008694,-39.47018842512595,-63.70001399999998,9.60000221835655,-39.477051963067,-60.71151150841919,0.0,1,-1.7763568394002505e-14,0.0,-0.5728796812049657,-0.8013690663275379,88.67980343761991,63.70001399999999,9.600002017572763,88.67451451509217,61.90174074198467,0.0,1,-2.6645352591003757e-14,0.0,-0.5728796812049657,-0.8013690663275379,88.67980343761991,-63.70001399999998,9.600002017572763,88.67451451509217,-61.90174074198467,0.0,1,-2.6645352591003757e-14
2.6333333333333333,2633333,hold_bow,20.0,-10.0,0.0,70.0,0.9945218953682733,0.0,0.10452846326765347,0.0,-10.0,0.0,70.0,29.47705196306707,3.0941867063545203,0,feet,0.0,-0.40508863515185833,-0.31847203170959526,-39.470188425126075,63.70001399999999,9.600002218356572,-39.47705196306714,60.71151150841919,0.0,1,3.552713678800501e-15,0.0,-0.405088635151861,-0.3184720647008694,-39.47018842512595,-63.70001399999998,9.60000221835655,-39.477051963067,-60.71151150841919,0.0,1,-1.7763568394002505e-14,0.0,-0.5728796812049657,-0.8013690663275379,88.67980343761991,63.70001399999999,9.600002017572763,88.67451451509217,61.90174074198467,0.0,1,-2.6645352591003757e-14,0.0,-0.5728796812049657,-0.8013690663275379,88.67980343761991,-63.70001399999998,9.600002017572763,88.67451451509217,-61.90174074198467,0.0,1,-2.6645352591003757e-14
2.6416666666666666,2641667,hold_bow,20.0,-10.0,0.0,70.0,0.9945218953682733,0.0,0.10452846326765347,0.0,-10.0,0.0,70.0,29.47705196306707,3.0941867063545203,0,feet,0.0,-0.40508863515185833,-0.31847203170959526,-39.470188425126075,63.70001399999999,9.600002218356572,-39.47705196306714,60.71151150841919,0.0,1,3.552713678800501e-15,0.0,-0.405088635151861,-0.3184720647008694,-39.47018842512595,-63.70001399999998,9.60000221835655,-39.477051963067,-60.71151150841919,0.0,1,-1.7763568394002505e-14,0.0,-0.5728796812049657,-0.8013690663275379,88.67980343761991,63.70001399999999,9.600002017572763,88.67451451509217,61.90174074198467,0.0,1,-2.6645352591003757e-14,0.0,-0.5728796812049657,-0.8013690663275379,88.67980343761991,-63.70001399999998,9.600002017572763,88.67451451509217,-61.90174074198467,0.0,1,-2.6645352591003757e-14
2.65,2650000,hold_bow,20.0,-10.0,0.0,70.0,0.9945218953682733,0.0,0.10452846326765347,0.0,-10.0,0.0,70.0,29.47705196306707,3.0941867063545203,0,feet,0.0,-0.40508863515185833,-0.31847203170959526,-39.470188425126075,63.70001399999999,9.600002218356572,-39.47705196306714,60.71151150841919,0.0,1,3.552713678800501e-15,0.0,-0.405088635151861,-0.3184720647008694,-39.47018842512595,-63.70001399999998,9.60000221835655,-39.477051963067,-60.71151150841919,0.0,1,-1.7763568394002505e-14,0.0,-0.5728796812049657,-0.8013690663275379,88.67980343761991,63.70001399999999,9.600002017572763,88.67451451509217,61.90174074198467,0.0,1,-2.6645352591003757e-14,0.0,-0.5728796812049657,-0.8013690663275379,88.67980343761991,-63.70001399999998,9.600002017572763,88.67451451509217,-61.90174074198467,0.0,1,-2.6645352591003757e-14
2.658333333333333,2658333,hold_bow,20.0,-10.0,0.0,70.0,0.9945218953682733,0.0,0.10452846326765347,0.0,-10.0,0.0,70.0,29.47705196306707,3.0941867063545203,0,feet,0.0,-0.40508863515185833,-0.31847203170959526,-39.470188425126075,63.70001399999999,9.600002218356572,-39.47705196306714,60.71151150841919,0.0,1,3.552713678800501e-15,0.0,-0.405088635151861,-0.3184720647008694,-39.47018842512595,-63.70001399999998,9.60000221835655,-39.477051963067,-60.71151150841919,0.0,1,-1.7763568394002505e-14,0.0,-0.5728796812049657,-0.8013690663275379,88.67980343761991,63.70001399999999,9.600002017572763,88.67451451509217,61.90174074198467,0.0,1,-2.6645352591003757e-14,0.0,-0.5728796812049657,-0.8013690663275379,88.67980343761991,-63.70001399999998,9.600002017572763,88.67451451509217,-61.90174074198467,0.0,1,-2.6645352591003757e-14
2.6666666666666665,2666667,hold_bow,20.0,-10.0,0.0,70.0,0.9945218953682733,0.0,0.10452846326765347,0.0,-10.0,0.0,70.0,29.47705196306707,3.0941867063545203,0,feet,0.0,-0.40508863515185833,-0.31847203170959526,-39.470188425126075,63.70001399999999,9.600002218356572,-39.47705196306714,60.71151150841919,0.0,1,3.552713678800501e-15,0.0,-0.405088635151861,-0.3184720647008694,-39.47018842512595,-63.70001399999998,9.60000221835655,-39.477051963067,-60.71151150841919,0.0,1,-1.7763568394002505e-14,0.0,-0.5728796812049657,-0.8013690663275379,88.67980343761991,63.70001399999999,9.600002017572763,88.67451451509217,61.90174074198467,0.0,1,-2.6645352591003757e-14,0.0,-0.5728796812049657,-0.8013690663275379,88.67980343761991,-63.70001399999998,9.600002017572763,88.67451451509217,-61.90174074198467,0.0,1,-2.6645352591003757e-14
2.675,2675000,hold_bow,20.0,-10.0,0.0,70.0,0.9945218953682733,0.0,0.10452846326765347,0.0,-10.0,0.0,70.0,29.47705196306707,3.0941867063545203,0,feet,0.0,-0.40508863515185833,-0.31847203170959526,-39.470188425126075,63.70001399999999,9.600002218356572,-39.47705196306714,60.71151150841919,0.0,1,3.552713678800501e-15,0.0,-0.405088635151861,-0.3184720647008694,-39.47018842512595,-63.70001399999998,9.60000221835655,-39.477051963067,-60.71151150841919,0.0,1,-1.7763568394002505e-14,0.0,-0.5728796812049657,-0.8013690663275379,88.67980343761991,63.70001399999999,9.600002017572763,88.67451451509217,61.90174074198467,0.0,1,-2.6645352591003757e-14,0.0,-0.5728796812049657,-0.8013690663275379,88.67980343761991,-63.70001399999998,9.600002017572763,88.67451451509217,-61.90174074198467,0.0,1,-2.6645352591003757e-14
2.683333333333333,2683333,hold_bow,20.0,-10.0,0.0,70.0,0.9945218953682733,0.0,0.10452846326765347,0.0,-10.0,0.0,70.0,29.47705196306707,3.0941867063545203,0,feet,0.0,-0.40508863515185833,-0.31847203170959526,-39.470188425126075,63.70001399999999,9.600002218356572,-39.47705196306714,60.71151150841919,0.0,1,3.552713678800501e-15,0.0,-0.405088635151861,-0.3184720647008694,-39.47018842512595,-63.70001399999998,9.60000221835655,-39.477051963067,-60.71151150841919,0.0,1,-1.7763568394002505e-14,0.0,-0.5728796812049657,-0.8013690663275379,88.67980343761991,63.70001399999999,9.600002017572763,88.67451451509217,61.90174074198467,0.0,1,-2.6645352591003757e-14,0.0,-0.5728796812049657,-0.8013690663275379,88.67980343761991,-63.70001399999998,9.600002017572763,88.67451451509217,-61.90174074198467,0.0,1,-2.6645352591003757e-14
2.691666666666667,2691667,hold_bow,20.0,-10.0,0.0,70.0,0.9945218953682733,0.0,0.10452846326765347,0.0,-10.0,0.0,70.0,29.47705196306707,3.0941867063545203,0,feet,0.0,-0.40508863515185833,-0.31847203170959526,-39.470188425126075,63.70001399999999,9.600002218356572,-39.47705196306714,60.71151150841919,0.0,1,3.552713678800501e-15,0.0,-0.405088635151861,-0.3184720647008694,-39.47018842512595,-63.70001399999998,9.60000221835655,-39.477051963067,-60.71151150841919,0.0,1,-1.7763568394002505e-14,0.0,-0.5728796812049657,-0.8013690663275379,88.67980343761991,63.70001399999999,9.600002017572763,88.67451451509217,61.90174074198467,0.0,1,-2.6645352591003757e-14,0.0,-0.5728796812049657,-0.8013690663275379,88.67980343761991,-63.70001399999998,9.600002017572763,88.67451451509217,-61.90174074198467,0.0,1,-2.6645352591003757e-14
2.7,2700000,hold_bow,20.0,-10.0,0.0,70.0,0.9945218953682733,0.0,0.10452846326765347,0.0,-10.0,0.0,70.0,29.47705196306707,3.0941867063545203,0,feet,0.0,-0.40508863515185833,-0.31847203170959526,-39.470188425126075,63.70001399999999,9.600002218356572,-39.47705196306714,60.71151150841919,0.0,1,3.552713678800501e-15,0.0,-0.405088635151861,-0.3184720647008694,-39.47018842512595,-63.70001399999998,9.60000221835655,-39.477051963067,-60.71151150841919,0.0,1,-1.7763568394002505e-14,0.0,-0.5728796812049657,-0.8013690663275379,88.67980343761991,63.70001399999999,9.600002017572763,88.67451451509217,61.90174074198467,0.0,1,-2.6645352591003757e-14,0.0,-0.5728796812049657,-0.8013690663275379,88.67980343761991,-63.70001399999998,9.600002017572763,88.67451451509217,-61.90174074198467,0.0,1,-2.6645352591003757e-14
2.7083333333333335,2708333,hold_bow,20.0,-10.0,0.0,70.0,0.9945218953682733,0.0,0.10452846326765347,0.0,-10.0,0.0,70.0,29.47705196306707,3.0941867063545203,0,feet,0.0,-0.40508863515185833,-0.31847203170959526,-39.470188425126075,63.70001399999999,9.600002218356572,-39.47705196306714,60.71151150841919,0.0,1,3.552713678800501e-15,0.0,-0.405088635151861,-0.3184720647008694,-39.47018842512595,-63.70001399999998,9.60000221835655,-39.477051963067,-60.71151150841919,0.0,1,-1.7763568394002505e-14,0.0,-0.5728796812049657,-0.8013690663275379,88.67980343761991,63.70001399999999,9.600002017572763,88.67451451509217,61.90174074198467,0.0,1,-2.6645352591003757e-14,0.0,-0.5728796812049657,-0.8013690663275379,88.67980343761991,-63.70001399999998,9.600002017572763,88.67451451509217,-61.90174074198467,0.0,1,-2.6645352591003757e-14
2.716666666666667,2716667,hold_bow,20.0,-10.0,0.0,70.0,0.9945218953682733,0.0,0.10452846326765347,0.0,-10.0,0.0,70.0,29.47705196306707,3.0941867063545203,0,feet,0.0,-0.40508863515185833,-0.31847203170959526,-39.470188425126075,63.70001399999999,9.600002218356572,-39.47705196306714,60.71151150841919,0.0,1,3.552713678800501e-15,0.0,-0.405088635151861,-0.3184720647008694,-39.47018842512595,-63.70001399999998,9.60000221835655,-39.477051963067,-60.71151150841919,0.0,1,-1.7763568394002505e-14,0.0,-0.5728796812049657,-0.8013690663275379,88.67980343761991,63.70001399999999,9.600002017572763,88.67451451509217,61.90174074198467,0.0,1,-2.6645352591003757e-14,0.0,-0.5728796812049657,-0.8013690663275379,88.67980343761991,-63.70001399999998,9.600002017572763,88.67451451509217,-61.90174074198467,0.0,1,-2.6645352591003757e-14
2.725,2725000,hold_bow,20.0,-10.0,0.0,70.0,0.9945218953682733,0.0,0.10452846326765347,0.0,-10.0,0.0,70.0,29.47705196306707,3.0941867063545203,0,feet,0.0,-0.40508863515185833,-0.31847203170959526,-39.470188425126075,63.70001399999999,9.600002218356572,-39.47705196306714,60.71151150841919,0.0,1,3.552713678800501e-15,0.0,-0.405088635151861,-0.3184720647008694,-39.47018842512595,-63.70001399999998,9.60000221835655,-39.477051963067,-60.71151150841919,0.0,1,-1.7763568394002505e-14,0.0,-0.5728796812049657,-0.8013690663275379,88.67980343761991,63.70001399999999,9.600002017572763,88.67451451509217,61.90174074198467,0.0,1,-2.6645352591003757e-14,0.0,-0.5728796812049657,-0.8013690663275379,88.67980343761991,-63.70001399999998,9.600002017572763,88.67451451509217,-61.90174074198467,0.0,1,-2.6645352591003757e-14
2.7333333333333334,2733333,hold_bow,20.0,-10.0,0.0,70.0,0.9945218953682733,0.0,0.10452846326765347,0.0,-10.0,0.0,70.0,29.47705196306707,3.0941867063545203,0,feet,0.0,-0.40508863515185833,-0.31847203170959526,-39.470188425126075,63.70001399999999,9.600002218356572,-39.47705196306714,60.71151150841919,0.0,1,3.552713678800501e-15,0.0,-0.405088635151861,-0.3184720647008694,-39.47018842512595,-63.70001399999998,9.60000221835655,-39.477051963067,-60.71151150841919,0.0,1,-1.7763568394002505e-14,0.0,-0.5728796812049657,-0.8013690663275379,88.67980343761991,63.70001399999999,9.600002017572763,88.67451451509217,61.90174074198467,0.0,1,-2.6645352591003757e-14,0.0,-0.5728796812049657,-0.8013690663275379,88.67980343761991,-63.70001399999998,9.600002017572763,88.67451451509217,-61.90174074198467,0.0,1,-2.6645352591003757e-14
2.7416666666666667,2741667,hold_bow,20.0,-10.0,0.0,70.0,0.9945218953682733,0.0,0.10452846326765347,0.0,-10.0,0.0,70.0,29.47705196306707,3.0941867063545203,0,feet,0.0,-0.40508863515185833,-0.31847203170959526,-39.470188425126075,63.70001399999999,9.600002218356572,-39.47705196306714,60.71151150841919,0.0,1,3.552713678800501e-15,0.0,-0.405088635151861,-0.3184720647008694,-39.47018842512595,-63.70001399999998,9.60000221835655,-39.477051963067,-60.71151150841919,0.0,1,-1.7763568394002505e-14,0.0,-0.5728796812049657,-0.8013690663275379,88.67980343761991,63.70001399999999,9.600002017572763,88.67451451509217,61.90174074198467,0.0,1,-2.6645352591003757e-14,0.0,-0.5728796812049657,-0.8013690663275379,88.67980343761991,-63.70001399999998,9.600002017572763,88.67451451509217,-61.90174074198467,0.0,1,-2.6645352591003757e-14
2.75,2750000,hold_bow,20.0,-10.0,0.0,70.0,0.9945218953682733,0.0,0.10452846326765347,0.0,-10.0,0.0,70.0,29.47705196306707,3.0941867063545203,0,feet,0.0,-0.40508863515185833,-0.31847203170959526,-39.470188425126075,63.70001399999999,9.600002218356572,-39.47705196306714,60.71151150841919,0.0,1,3.552713678800501e-15,0.0,-0.405088635151861,-0.3184720647008694,-39.47018842512595,-63.70001399999998,9.60000221835655,-39.477051963067,-60.71151150841919,0.0,1,-1.7763568394002505e-14,0.0,-0.5728796812049657,-0.8013690663275379,88.67980343761991,63.70001399999999,9.600002017572763,88.67451451509217,61.90174074198467,0.0,1,-2.6645352591003757e-14,0.0,-0.5728796812049657,-0.8013690663275379,88.67980343761991,-63.70001399999998,9.600002017572763,88.67451451509217,-61.90174074198467,0.0,1,-2.6645352591003757e-14
2.7583333333333333,2758333,hold_bow,20.0,-10.0,0.0,70.0,0.9945218953682733,0.0,0.10452846326765347,0.0,-10.0,0.0,70.0,29.47705196306707,3.0941867063545203,0,feet,0.0,-0.40508863515185833,-0.31847203170959526,-39.470188425126075,63.70001399999999,9.600002218356572,-39.47705196306714,60.71151150841919,0.0,1,3.552713678800501e-15,0.0,-0.405088635151861,-0.3184720647008694,-39.47018842512595,-63.70001399999998,9.60000221835655,-39.477051963067,-60.71151150841919,0.0,1,-1.7763568394002505e-14,0.0,-0.5728796812049657,-0.8013690663275379,88.67980343761991,63.70001399999999,9.600002017572763,88.67451451509217,61.90174074198467,0.0,1,-2.6645352591003757e-14,0.0,-0.5728796812049657,-0.8013690663275379,88.67980343761991,-63.70001399999998,9.600002017572763,88.67451451509217,-61.90174074198467,0.0,1,-2.6645352591003757e-14
2.7666666666666666,2766667,hold_bow,20.0,-10.0,0.0,70.0,0.9945218953682733,0.0,0.10452846326765347,0.0,-10.0,0.0,70.0,29.47705196306707,3.0941867063545203,0,feet,0.0,-0.40508863515185833,-0.31847203170959526,-39.470188425126075,63.70001399999999,9.600002218356572,-39.47705196306714,60.71151150841919,0.0,1,3.552713678800501e-15,0.0,-0.405088635151861,-0.3184720647008694,-39.47018842512595,-63.70001399999998,9.60000221835655,-39.477051963067,-60.71151150841919,0.0,1,-1.7763568394002505e-14,0.0,-0.5728796812049657,-0.8013690663275379,88.67980343761991,63.70001399999999,9.600002017572763,88.67451451509217,61.90174074198467,0.0,1,-2.6645352591003757e-14,0.0,-0.5728796812049657,-0.8013690663275379,88.67980343761991,-63.70001399999998,9.600002017572763,88.67451451509217,-61.90174074198467,0.0,1,-2.6645352591003757e-14
2.775,2775000,hold_bow,20.0,-10.0,0.0,70.0,0.9945218953682733,0.0,0.10452846326765347,0.0,-10.0,0.0,70.0,29.47705196306707,3.0941867063545203,0,feet,0.0,-0.40508863515185833,-0.31847203170959526,-39.470188425126075,63.70001399999999,9.600002218356572,-39.47705196306714,60.71151150841919,0.0,1,3.552713678800501e-15,0.0,-0.405088635151861,-0.3184720647008694,-39.47018842512595,-63.70001399999998,9.60000221835655,-39.477051963067,-60.71151150841919,0.0,1,-1.7763568394002505e-14,0.0,-0.5728796812049657,-0.8013690663275379,88.67980343761991,63.70001399999999,9.600002017572763,88.67451451509217,61.90174074198467,0.0,1,-2.6645352591003757e-14,0.0,-0.5728796812049657,-0.8013690663275379,88.67980343761991,-63.70001399999998,9.600002017572763,88.67451451509217,-61.90174074198467,0.0,1,-2.6645352591003757e-14
2.783333333333333,2783333,hold_bow,20.0,-10.0,0.0,70.0,0.9945218953682733,0.0,0.10452846326765347,0.0,-10.0,0.0,70.0,29.47705196306707,3.0941867063545203,0,feet,0.0,-0.40508863515185833,-0.31847203170959526,-39.470188425126075,63.70001399999999,9.600002218356572,-39.47705196306714,60.71151150841919,0.0,1,3.552713678800501e-15,0.0,-0.405088635151861,-0.3184720647008694,-39.47018842512595,-63.70001399999998,9.60000221835655,-39.477051963067,-60.71151150841919,0.0,1,-1.7763568394002505e-14,0.0,-0.5728796812049657,-0.8013690663275379,88.67980343761991,63.70001399999999,9.600002017572763,88.67451451509217,61.90174074198467,0.0,1,-2.6645352591003757e-14,0.0,-0.5728796812049657,-0.8013690663275379,88.67980343761991,-63.70001399999998,9.600002017572763,88.67451451509217,-61.90174074198467,0.0,1,-2.6645352591003757e-14
2.7916666666666665,2791667,hold_bow,20.0,-10.0,0.0,70.0,0.9945218953682733,0.0,0.10452846326765347,0.0,-10.0,0.0,70.0,29.47705196306707,3.0941867063545203,0,feet,0.0,-0.40508863515185833,-0.31847203170959526,-39.470188425126075,63.70001399999999,9.600002218356572,-39.47705196306714,60.71151150841919,0.0,1,3.552713678800501e-15,0.0,-0.405088635151861,-0.3184720647008694,-39.47018842512595,-63.70001399999998,9.60000221835655,-39.477051963067,-60.71151150841919,0.0,1,-1.7763568394002505e-14,0.0,-0.5728796812049657,-0.8013690663275379,88.67980343761991,63.70001399999999,9.600002017572763,88.67451451509217,61.90174074198467,0.0,1,-2.6645352591003757e-14,0.0,-0.5728796812049657,-0.8013690663275379,88.67980343761991,-63.70001399999998,9.600002017572763,88.67451451509217,-61.90174074198467,0.0,1,-2.6645352591003757e-14
2.8,2800000,hold_bow,20.0,-10.0,0.0,70.0,0.9945218953682733,0.0,0.10452846326765347,0.0,-10.0,0.0,70.0,29.47705196306707,3.0941867063545203,0,feet,0.0,-0.40508863515185833,-0.31847203170959526,-39.470188425126075,63.70001399999999,9.600002218356572,-39.47705196306714,60.71151150841919,0.0,1,3.552713678800501e-15,0.0,-0.405088635151861,-0.3184720647008694,-39.47018842512595,-63.70001399999998,9.60000221835655,-39.477051963067,-60.71151150841919,0.0,1,-1.7763568394002505e-14,0.0,-0.5728796812049657,-0.8013690663275379,88.67980343761991,63.70001399999999,9.600002017572763,88.67451451509217,61.90174074198467,0.0,1,-2.6645352591003757e-14,0.0,-0.5728796812049657,-0.8013690663275379,88.67980343761991,-63.70001399999998,9.600002017572763,88.67451451509217,-61.90174074198467,0.0,1,-2.6645352591003757e-14
2.808333333333333,2808333,hold_bow,20.0,-10.0,0.0,70.0,0.9945218953682733,0.0,0.10452846326765347,0.0,-10.0,0.0,70.0,29.47705196306707,3.0941867063545203,0,feet,0.0,-0.40508863515185833,-0.31847203170959526,-39.470188425126075,63.70001399999999,9.600002218356572,-39.47705196306714,60.71151150841919,0.0,1,3.552713678800501e-15,0.0,-0.405088635151861,-0.3184720647008694,-39.47018842512595,-63.70001399999998,9.60000221835655,-39.477051963067,-60.71151150841919,0.0,1,-1.7763568394002505e-14,0.0,-0.5728796812049657,-0.8013690663275379,88.67980343761991,63.70001399999999,9.600002017572763,88.67451451509217,61.90174074198467,0.0,1,-2.6645352591003757e-14,0.0,-0.5728796812049657,-0.8013690663275379,88.67980343761991,-63.70001399999998,9.600002017572763,88.67451451509217,-61.90174074198467,0.0,1,-2.6645352591003757e-14
2.816666666666667,2816667,hold_bow,20.0,-10.0,0.0,70.0,0.9945218953682733,0.0,0.10452846326765347,0.0,-10.0,0.0,70.0,29.47705196306707,3.0941867063545203,0,feet,0.0,-0.40508863515185833,-0.31847203170959526,-39.470188425126075,63.70001399999999,9.600002218356572,-39.47705196306714,60.71151150841919,0.0,1,3.552713678800501e-15,0.0,-0.405088635151861,-0.3184720647008694,-39.47018842512595,-63.70001399999998,9.60000221835655,-39.477051963067,-60.71151150841919,0.0,1,-1.7763568394002505e-14,0.0,-0.5728796812049657,-0.8013690663275379,88.67980343761991,63.70001399999999,9.600002017572763,88.67451451509217,61.90174074198467,0.0,1,-2.6645352591003757e-14,0.0,-0.5728796812049657,-0.8013690663275379,88.67980343761991,-63.70001399999998,9.600002017572763,88.67451451509217,-61.90174074198467,0.0,1,-2.6645352591003757e-14
2.825,2825000,hold_bow,20.0,-10.0,0.0,70.0,0.9945218953682733,0.0,0.10452846326765347,0.0,-10.0,0.0,70.0,29.47705196306707,3.0941867063545203,0,feet,0.0,-0.40508863515185833,-0.31847203170959526,-39.470188425126075,63.70001399999999,9.600002218356572,-39.47705196306714,60.71151150841919,0.0,1,3.552713678800501e-15,0.0,-0.405088635151861,-0.3184720647008694,-39.47018842512595,-63.70001399999998,9.60000221835655,-39.477051963067,-60.71151150841919,0.0,1,-1.7763568394002505e-14,0.0,-0.5728796812049657,-0.8013690663275379,88.67980343761991,63.70001399999999,9.600002017572763,88.67451451509217,61.90174074198467,0.0,1,-2.6645352591003757e-14,0.0,-0.5728796812049657,-0.8013690663275379,88.67980343761991,-63.70001399999998,9.600002017572763,88.67451451509217,-61.90174074198467,0.0,1,-2.6645352591003757e-14
2.8333333333333335,2833333,hold_bow,20.0,-10.0,0.0,70.0,0.9945218953682733,0.0,0.10452846326765347,0.0,-10.0,0.0,70.0,29.47705196306707,3.0941867063545203,0,feet,0.0,-0.40508863515185833,-0.31847203170959526,-39.470188425126075,63.70001399999999,9.600002218356572,-39.47705196306714,60.71151150841919,0.0,1,3.552713678800501e-15,0.0,-0.405088635151861,-0.3184720647008694,-39.47018842512595,-63.70001399999998,9.60000221835655,-39.477051963067,-60.71151150841919,0.0,1,-1.7763568394002505e-14,0.0,-0.5728796812049657,-0.8013690663275379,88.67980343761991,63.70001399999999,9.600002017572763,88.67451451509217,61.90174074198467,0.0,1,-2.6645352591003757e-14,0.0,-0.5728796812049657,-0.8013690663275379,88.67980343761991,-63.70001399999998,9.600002017572763,88.67451451509217,-61.90174074198467,0.0,1,-2.6645352591003757e-14
2.841666666666667,2841667,hold_bow,20.0,-10.0,0.0,70.0,0.9945218953682733,0.0,0.10452846326765347,0.0,-10.0,0.0,70.0,29.47705196306707,3.0941867063545203,0,feet,0.0,-0.40508863515185833,-0.31847203170959526,-39.470188425126075,63.70001399999999,9.600002218356572,-39.47705196306714,60.71151150841919,0.0,1,3.552713678800501e-15,0.0,-0.405088635151861,-0.3184720647008694,-39.47018842512595,-63.70001399999998,9.60000221835655,-39.477051963067,-60.71151150841919,0.0,1,-1.7763568394002505e-14,0.0,-0.5728796812049657,-0.8013690663275379,88.67980343761991,63.70001399999999,9.600002017572763,88.67451451509217,61.90174074198467,0.0,1,-2.6645352591003757e-14,0.0,-0.5728796812049657,-0.8013690663275379,88.67980343761991,-63.70001399999998,9.600002017572763,88.67451451509217,-61.90174074198467,0.0,1,-2.6645352591003757e-14
2.85,2850000,hold_bow,20.0,-10.0,0.0,70.0,0.9945218953682733,0.0,0.10452846326765347,0.0,-10.0,0.0,70.0,29.47705196306707,3.0941867063545203,0,feet,0.0,-0.40508863515185833,-0.31847203170959526,-39.470188425126075,63.70001399999999,9.600002218356572,-39.47705196306714,60.71151150841919,0.0,1,3.552713678800501e-15,0.0,-0.405088635151861,-0.3184720647008694,-39.47018842512595,-63.70001399999998,9.60000221835655,-39.477051963067,-60.71151150841919,0.0,1,-1.7763568394002505e-14,0.0,-0.5728796812049657,-0.8013690663275379,88.67980343761991,63.70001399999999,9.600002017572763,88.67451451509217,61.90174074198467,0.0,1,-2.6645352591003757e-14,0.0,-0.5728796812049657,-0.8013690663275379,88.67980343761991,-63.70001399999998,9.600002017572763,88.67451451509217,-61.90174074198467,0.0,1,-2.6645352591003757e-14
2.8583333333333334,2858333,hold_bow,20.0,-10.0,0.0,70.0,0.9945218953682733,0.0,0.10452846326765347,0.0,-10.0,0.0,70.0,29.47705196306707,3.0941867063545203,0,feet,0.0,-0.40508863515185833,-0.31847203170959526,-39.470188425126075,63.70001399999999,9.600002218356572,-39.47705196306714,60.71151150841919,0.0,1,3.552713678800501e-15,0.0,-0.405088635151861,-0.3184720647008694,-39.47018842512595,-63.70001399999998,9.60000221835655,-39.477051963067,-60.71151150841919,0.0,1,-1.7763568394002505e-14,0.0,-0.5728796812049657,-0.8013690663275379,88.67980343761991,63.70001399999999,9.600002017572763,88.67451451509217,61.90174074198467,0.0,1,-2.6645352591003757e-14,0.0,-0.5728796812049657,-0.8013690663275379,88.67980343761991,-63.70001399999998,9.600002017572763,88.67451451509217,-61.90174074198467,0.0,1,-2.6645352591003757e-14
2.8666666666666667,2866667,hold_bow,20.0,-10.0,0.0,70.0,0.9945218953682733,0.0,0.10452846326765347,0.0,-10.0,0.0,70.0,29.47705196306707,3.0941867063545203,0,feet,0.0,-0.40508863515185833,-0.31847203170959526,-39.470188425126075,63.70001399999999,9.600002218356572,-39.47705196306714,60.71151150841919,0.0,1,3.552713678800501e-15,0.0,-0.405088635151861,-0.3184720647008694,-39.47018842512595,-63.70001399999998,9.60000221835655,-39.477051963067,-60.71151150841919,0.0,1,-1.7763568394002505e-14,0.0,-0.5728796812049657,-0.8013690663275379,88.67980343761991,63.70001399999999,9.600002017572763,88.67451451509217,61.90174074198467,0.0,1,-2.6645352591003757e-14,0.0,-0.5728796812049657,-0.8013690663275379,88.67980343761991,-63.70001399999998,9.600002017572763,88.67451451509217,-61.90174074198467,0.0,1,-2.6645352591003757e-14
2.875,2875000,hold_bow,20.0,-10.0,0.0,70.0,0.9945218953682733,0.0,0.10452846326765347,0.0,-10.0,0.0,70.0,29.47705196306707,3.0941867063545203,0,feet,0.0,-0.40508863515185833,-0.31847203170959526,-39.470188425126075,63.70001399999999,9.600002218356572,-39.47705196306714,60.71151150841919,0.0,1,3.552713678800501e-15,0.0,-0.405088635151861,-0.3184720647008694,-39.47018842512595,-63.70001399999998,9.60000221835655,-39.477051963067,-60.71151150841919,0.0,1,-1.7763568394002505e-14,0.0,-0.5728796812049657,-0.8013690663275379,88.67980343761991,63.70001399999999,9.600002017572763,88.67451451509217,61.90174074198467,0.0,1,-2.6645352591003757e-14,0.0,-0.5728796812049657,-0.8013690663275379,88.67980343761991,-63.70001399999998,9.600002017572763,88.67451451509217,-61.90174074198467,0.0,1,-2.6645352591003757e-14
2.8833333333333333,2883333,hold_bow,20.0,-10.0,0.0,70.0,0.9945218953682733,0.0,0.10452846326765347,0.0,-10.0,0.0,70.0,29.47705196306707,3.0941867063545203,0,feet,0.0,-0.40508863515185833,-0.31847203170959526,-39.470188425126075,63.70001399999999,9.600002218356572,-39.47705196306714,60.71151150841919,0.0,1,3.552713678800501e-15,0.0,-0.405088635151861,-0.3184720647008694,-39.47018842512595,-63.70001399999998,9.60000221835655,-39.477051963067,-60.71151150841919,0.0,1,-1.7763568394002505e-14,0.0,-0.5728796812049657,-0.8013690663275379,88.67980343761991,63.70001399999999,9.600002017572763,88.67451451509217,61.90174074198467,0.0,1,-2.6645352591003757e-14,0.0,-0.5728796812049657,-0.8013690663275379,88.67980343761991,-63.70001399999998,9.600002017572763,88.67451451509217,-61.90174074198467,0.0,1,-2.6645352591003757e-14
2.8916666666666666,2891667,hold_bow,20.0,-10.0,0.0,70.0,0.9945218953682733,0.0,0.10452846326765347,0.0,-10.0,0.0,70.0,29.47705196306707,3.0941867063545203,0,feet,0.0,-0.40508863515185833,-0.31847203170959526,-39.470188425126075,63.70001399999999,9.600002218356572,-39.47705196306714,60.71151150841919,0.0,1,3.552713678800501e-15,0.0,-0.405088635151861,-0.3184720647008694,-39.47018842512595,-63.70001399999998,9.60000221835655,-39.477051963067,-60.71151150841919,0.0,1,-1.7763568394002505e-14,0.0,-0.5728796812049657,-0.8013690663275379,88.67980343761991,63.70001399999999,9.600002017572763,88.67451451509217,61.90174074198467,0.0,1,-2.6645352591003757e-14,0.0,-0.5728796812049657,-0.8013690663275379,88.67980343761991,-63.70001399999998,9.600002017572763,88.67451451509217,-61.90174074198467,0.0,1,-2.6645352591003757e-14
2.9,2900000,hold_bow,20.0,-10.0,0.0,70.0,0.9945218953682733,0.0,0.10452846326765347,0.0,-10.0,0.0,70.0,29.47705196306707,3.0941867063545203,0,feet,0.0,-0.40508863515185833,-0.31847203170959526,-39.470188425126075,63.70001399999999,9.600002218356572,-39.47705196306714,60.71151150841919,0.0,1,3.552713678800501e-15,0.0,-0.405088635151861,-0.3184720647008694,-39.47018842512595,-63.70001399999998,9.60000221835655,-39.477051963067,-60.71151150841919,0.0,1,-1.7763568394002505e-14,0.0,-0.5728796812049657,-0.8013690663275379,88.67980343761991,63.70001399999999,9.600002017572763,88.67451451509217,61.90174074198467,0.0,1,-2.6645352591003757e-14,0.0,-0.5728796812049657,-0.8013690663275379,88.67980343761991,-63.70001399999998,9.600002017572763,88.67451451509217,-61.90174074198467,0.0,1,-2.6645352591003757e-14
2.908333333333333,2908333,hold_bow,20.0,-10.0,0.0,70.0,0.9945218953682733,0.0,0.10452846326765347,0.0,-10.0,0.0,70.0,29.47705196306707,3.0941867063545203,0,feet,0.0,-0.40508863515185833,-0.31847203170959526,-39.470188425126075,63.70001399999999,9.600002218356572,-39.47705196306714,60.71151150841919,0.0,1,3.552713678800501e-15,0.0,-0.405088635151861,-0.3184720647008694,-39.47018842512595,-63.70001399999998,9.60000221835655,-39.477051963067,-60.71151150841919,0.0,1,-1.7763568394002505e-14,0.0,-0.5728796812049657,-0.8013690663275379,88.67980343761991,63.70001399999999,9.600002017572763,88.67451451509217,61.90174074198467,0.0,1,-2.6645352591003757e-14,0.0,-0.5728796812049657,-0.8013690663275379,88.67980343761991,-63.70001399999998,9.600002017572763,88.67451451509217,-61.90174074198467,0.0,1,-2.6645352591003757e-14
2.9166666666666665,2916667,hold_bow,20.0,-10.0,0.0,70.0,0.9945218953682733,0.0,0.10452846326765347,0.0,-10.0,0.0,70.0,29.47705196306707,3.0941867063545203,0,feet,0.0,-0.40508863515185833,-0.31847203170959526,-39.470188425126075,63.70001399999999,9.600002218356572,-39.47705196306714,60.71151150841919,0.0,1,3.552713678800501e-15,0.0,-0.405088635151861,-0.3184720647008694,-39.47018842512595,-63.70001399999998,9.60000221835655,-39.477051963067,-60.71151150841919,0.0,1,-1.7763568394002505e-14,0.0,-0.5728796812049657,-0.8013690663275379,88.67980343761991,63.70001399999999,9.600002017572763,88.67451451509217,61.90174074198467,0.0,1,-2.6645352591003757e-14,0.0,-0.5728796812049657,-0.8013690663275379,88.67980343761991,-63.70001399999998,9.600002017572763,88.67451451509217,-61.90174074198467,0.0,1,-2.6645352591003757e-14
2.925,2925000,hold_bow,20.0,-10.0,0.0,70.0,0.9945218953682733,0.0,0.10452846326765347,0.0,-10.0,0.0,70.0,29.47705196306707,3.0941867063545203,0,feet,0.0,-0.40508863515185833,-0.31847203170959526,-39.470188425126075,63.70001399999999,9.600002218356572,-39.47705196306714,60.71151150841919,0.0,1,3.552713678800501e-15,0.0,-0.405088635151861,-0.3184720647008694,-39.47018842512595,-63.70001399999998,9.60000221835655,-39.477051963067,-60.71151150841919,0.0,1,-1.7763568394002505e-14,0.0,-0.5728796812049657,-0.8013690663275379,88.67980343761991,63.70001399999999,9.600002017572763,88.67451451509217,61.90174074198467,0.0,1,-2.6645352591003757e-14,0.0,-0.5728796812049657,-0.8013690663275379,88.67980343761991,-63.70001399999998,9.600002017572763,88.67451451509217,-61.90174074198467,0.0,1,-2.6645352591003757e-14
2.933333333333333,2933333,hold_bow,20.0,-10.0,0.0,70.0,0.9945218953682733,0.0,0.10452846326765347,0.0,-10.0,0.0,70.0,29.47705196306707,3.0941867063545203,0,feet,0.0,-0.40508863515185833,-0.31847203170959526,-39.470188425126075,63.70001399999999,9.600002218356572,-39.47705196306714,60.71151150841919,0.0,1,3.552713678800501e-15,0.0,-0.405088635151861,-0.3184720647008694,-39.47018842512595,-63.70001399999998,9.60000221835655,-39.477051963067,-60.71151150841919,0.0,1,-1.7763568394002505e-14,0.0,-0.5728796812049657,-0.8013690663275379,88.67980343761991,63.70001399999999,9.600002017572763,88.67451451509217,61.90174074198467,0.0,1,-2.6645352591003757e-14,0.0,-0.5728796812049657,-0.8013690663275379,88.67980343761991,-63.70001399999998,9.600002017572763,88.67451451509217,-61.90174074198467,0.0,1,-2.6645352591003757e-14
2.941666666666667,2941667,hold_bow,20.0,-10.0,0.0,70.0,0.9945218953682733,0.0,0.10452846326765347,0.0,-10.0,0.0,70.0,29.47705196306707,3.0941867063545203,0,feet,0.0,-0.40508863515185833,-0.31847203170959526,-39.470188425126075,63.70001399999999,9.600002218356572,-39.47705196306714,60.71151150841919,0.0,1,3.552713678800501e-15,0.0,-0.405088635151861,-0.3184720647008694,-39.47018842512595,-63.70001399999998,9.60000221835655,-39.477051963067,-60.71151150841919,0.0,1,-1.7763568394002505e-14,0.0,-0.5728796812049657,-0.8013690663275379,88.67980343761991,63.70001399999999,9.600002017572763,88.67451451509217,61.90174074198467,0.0,1,-2.6645352591003757e-14,0.0,-0.5728796812049657,-0.8013690663275379,88.67980343761991,-63.70001399999998,9.600002017572763,88.67451451509217,-61.90174074198467,0.0,1,-2.6645352591003757e-14
2.95,2950000,hold_bow,20.0,-10.0,0.0,70.0,0.9945218953682733,0.0,0.10452846326765347,0.0,-10.0,0.0,70.0,29.47705196306707,3.0941867063545203,0,feet,0.0,-0.40508863515185833,-0.31847203170959526,-39.470188425126075,63.70001399999999,9.600002218356572,-39.47705196306714,60.71151150841919,0.0,1,3.552713678800501e-15,0.0,-0.405088635151861,-0.3184720647008694,-39.47018842512595,-63.70001399999998,9.60000221835655,-39.477051963067,-60.71151150841919,0.0,1,-1.7763568394002505e-14,0.0,-0.5728796812049657,-0.8013690663275379,88.67980343761991,63.70001399999999,9.600002017572763,88.67451451509217,61.90174074198467,0.0,1,-2.6645352591003757e-14,0.0,-0.5728796812049657,-0.8013690663275379,88.67980343761991,-63.70001399999998,9.600002017572763,88.67451451509217,-61.90174074198467,0.0,1,-2.6645352591003757e-14
2.9583333333333335,2958333,hold_bow,20.0,-10.0,0.0,70.0,0.9945218953682733,0.0,0.10452846326765347,0.0,-10.0,0.0,70.0,29.47705196306707,3.0941867063545203,0,feet,0.0,-0.40508863515185833,-0.31847203170959526,-39.470188425126075,63.70001399999999,9.600002218356572,-39.47705196306714,60.71151150841919,0.0,1,3.552713678800501e-15,0.0,-0.405088635151861,-0.3184720647008694,-39.47018842512595,-63.70001399999998,9.60000221835655,-39.477051963067,-60.71151150841919,0.0,1,-1.7763568394002505e-14,0.0,-0.5728796812049657,-0.8013690663275379,88.67980343761991,63.70001399999999,9.600002017572763,88.67451451509217,61.90174074198467,0.0,1,-2.6645352591003757e-14,0.0,-0.5728796812049657,-0.8013690663275379,88.67980343761991,-63.70001399999998,9.600002017572763,88.67451451509217,-61.90174074198467,0.0,1,-2.6645352591003757e-14
2.966666666666667,2966667,hold_bow,20.0,-10.0,0.0,70.0,0.9945218953682733,0.0,0.10452846326765347,0.0,-10.0,0.0,70.0,29.47705196306707,3.0941867063545203,0,feet,0.0,-0.40508863515185833,-0.31847203170959526,-39.470188425126075,63.70001399999999,9.600002218356572,-39.47705196306714,60.71151150841919,0.0,1,3.552713678800501e-15,0.0,-0.405088635151861,-0.3184720647008694,-39.47018842512595,-63.70001399999998,9.60000221835655,-39.477051963067,-60.71151150841919,0.0,1,-1.7763568394002505e-14,0.0,-0.5728796812049657,-0.8013690663275379,88.67980343761991,63.70001399999999,9.600002017572763,88.67451451509217,61.90174074198467,0.0,1,-2.6645352591003757e-14,0.0,-0.5728796812049657,-0.8013690663275379,88.67980343761991,-63.70001399999998,9.600002017572763,88.67451451509217,-61.90174074198467,0.0,1,-2.6645352591003757e-14
2.975,2975000,hold_bow,20.0,-10.0,0.0,70.0,0.9945218953682733,0.0,0.10452846326765347,0.0,-10.0,0.0,70.0,29.47705196306707,3.0941867063545203,0,feet,0.0,-0.40508863515185833,-0.31847203170959526,-39.470188425126075,63.70001399999999,9.600002218356572,-39.47705196306714,60.71151150841919,0.0,1,3.552713678800501e-15,0.0,-0.405088635151861,-0.3184720647008694,-39.47018842512595,-63.70001399999998,9.60000221835655,-39.477051963067,-60.71151150841919,0.0,1,-1.7763568394002505e-14,0.0,-0.5728796812049657,-0.8013690663275379,88.67980343761991,63.70001399999999,9.600002017572763,88.67451451509217,61.90174074198467,0.0,1,-2.6645352591003757e-14,0.0,-0.5728796812049657,-0.8013690663275379,88.67980343761991,-63.70001399999998,9.600002017572763,88.67451451509217,-61.90174074198467,0.0,1,-2.6645352591003757e-14
2.9833333333333334,2983333,hold_bow,20.0,-10.0,0.0,70.0,0.9945218953682733,0.0,0.10452846326765347,0.0,-10.0,0.0,70.0,29.47705196306707,3.0941867063545203,0,feet,0.0,-0.40508863515185833,-0.31847203170959526,-39.470188425126075,63.70001399999999,9.600002218356572,-39.47705196306714,60.71151150841919,0.0,1,3.552713678800501e-15,0.0,-0.405088635151861,-0.3184720647008694,-39.47018842512595,-63.70001399999998,9.60000221835655,-39.477051963067,-60.71151150841919,0.0,1,-1.7763568394002505e-14,0.0,-0.5728796812049657,-0.8013690663275379,88.67980343761991,63.70001399999999,9.600002017572763,88.67451451509217,61.90174074198467,0.0,1,-2.6645352591003757e-14,0.0,-0.5728796812049657,-0.8013690663275379,88.67980343761991,-63.70001399999998,9.600002017572763,88.67451451509217,-61.90174074198467,0.0,1,-2.6645352591003757e-14
2.9916666666666667,2991667,hold_bow,20.0,-10.0,0.0,70.0,0.9945218953682733,0.0,0.10452846326765347,0.0,-10.0,0.0,70.0,29.47705196306707,3.0941867063545203,0,feet,0.0,-0.40508863515185833,-0.31847203170959526,-39.470188425126075,63.70001399999999,9.600002218356572,-39.47705196306714,60.71151150841919,0.0,1,3.552713678800501e-15,0.0,-0.405088635151861,-0.3184720647008694,-39.47018842512595,-63.70001399999998,9.60000221835655,-39.477051963067,-60.71151150841919,0.0,1,-1.7763568394002505e-14,0.0,-0.5728796812049657,-0.8013690663275379,88.67980343761991,63.70001399999999,9.600002017572763,88.67451451509217,61.90174074198467,0.0,1,-2.6645352591003757e-14,0.0,-0.5728796812049657,-0.8013690663275379,88.67980343761991,-63.70001399999998,9.600002017572763,88.67451451509217,-61.90174074198467,0.0,1,-2.6645352591003757e-14
3.0,3000000,hold_bow,20.0,-10.0,0.0,70.0,0.9945218953682733,0.0,0.10452846326765347,0.0,-10.0,0.0,70.0,29.47705196306707,3.0941867063545203,0,feet,0.0,-0.40508863515185833,-0.31847203170959526,-39.470188425126075,63.70001399999999,9.600002218356572,-39.47705196306714,60.71151150841919,0.0,1,3.552713678800501e-15,0.0,-0.405088635151861,-0.3184720647008694,-39.47018842512595,-63.70001399999998,9.60000221835655,-39.477051963067,-60.71151150841919,0.0,1,-1.7763568394002505e-14,0.0,-0.5728796812049657,-0.8013690663275379,88.67980343761991,63.70001399999999,9.600002017572763,88.67451451509217,61.90174074198467,0.0,1,-2.6645352591003757e-14,0.0,-0.5728796812049657,-0.8013690663275379,88.67980343761991,-63.70001399999998,9.600002017572763,88.67451451509217,-61.90174074198467,0.0,1,-2.6645352591003757e-14
3.0083333333333333,3008333,hold_bow,20.0,-10.0,0.0,70.0,0.9945218953682733,0.0,0.10452846326765347,0.0,-10.0,0.0,70.0,29.47705196306707,3.0941867063545203,0,feet,0.0,-0.40508863515185833,-0.31847203170959526,-39.470188425126075,63.70001399999999,9.600002218356572,-39.47705196306714,60.71151150841919,0.0,1,3.552713678800501e-15,0.0,-0.405088635151861,-0.3184720647008694,-39.47018842512595,-63.70001399999998,9.60000221835655,-39.477051963067,-60.71151150841919,0.0,1,-1.7763568394002505e-14,0.0,-0.5728796812049657,-0.8013690663275379,88.67980343761991,63.70001399999999,9.600002017572763,88.67451451509217,61.90174074198467,0.0,1,-2.6645352591003757e-14,0.0,-0.5728796812049657,-0.8013690663275379,88.67980343761991,-63.70001399999998,9.600002017572763,88.67451451509217,-61.90174074198467,0.0,1,-2.6645352591003757e-14
3.0166666666666666,3016667,hold_bow,20.0,-10.0,0.0,70.0,0.9945218953682733,0.0,0.10452846326765347,0.0,-10.0,0.0,70.0,29.47705196306707,3.0941867063545203,0,feet,0.0,-0.40508863515185833,-0.31847203170959526,-39.470188425126075,63.70001399999999,9.600002218356572,-39.47705196306714,60.71151150841919,0.0,1,3.552713678800501e-15,0.0,-0.405088635151861,-0.3184720647008694,-39.47018842512595,-63.70001399999998,9.60000221835655,-39.477051963067,-60.71151150841919,0.0,1,-1.7763568394002505e-14,0.0,-0.5728796812049657,-0.8013690663275379,88.67980343761991,63.70001399999999,9.600002017572763,88.67451451509217,61.90174074198467,0.0,1,-2.6645352591003757e-14,0.0,-0.5728796812049657,-0.8013690663275379,88.67980343761991,-63.70001399999998,9.600002017572763,88.67451451509217,-61.90174074198467,0.0,1,-2.6645352591003757e-14
3.025,3025000,hold_bow,20.0,-10.0,0.0,70.0,0.9945218953682733,0.0,0.10452846326765347,0.0,-10.0,0.0,70.0,29.47705196306707,3.0941867063545203,0,feet,0.0,-0.40508863515185833,-0.31847203170959526,-39.470188425126075,63.70001399999999,9.600002218356572,-39.47705196306714,60.71151150841919,0.0,1,3.552713678800501e-15,0.0,-0.405088635151861,-0.3184720647008694,-39.47018842512595,-63.70001399999998,9.60000221835655,-39.477051963067,-60.71151150841919,0.0,1,-1.7763568394002505e-14,0.0,-0.5728796812049657,-0.8013690663275379,88.67980343761991,63.70001399999999,9.600002017572763,88.67451451509217,61.90174074198467,0.0,1,-2.6645352591003757e-14,0.0,-0.5728796812049657,-0.8013690663275379,88.67980343761991,-63.70001399999998,9.600002017572763,88.67451451509217,-61.90174074198467,0.0,1,-2.6645352591003757e-14
3.033333333333333,3033333,hold_bow,20.0,-10.0,0.0,70.0,0.9945218953682733,0.0,0.10452846326765347,0.0,-10.0,0.0,70.0,29.47705196306707,3.0941867063545203,0,feet,0.0,-0.40508863515185833,-0.31847203170959526,-39.470188425126075,63.70001399999999,9.600002218356572,-39.47705196306714,60.71151150841919,0.0,1,3.552713678800501e-15,0.0,-0.405088635151861,-0.3184720647008694,-39.47018842512595,-63.70001399999998,9.60000221835655,-39.477051963067,-60.71151150841919,0.0,1,-1.7763568394002505e-14,0.0,-0.5728796812049657,-0.8013690663275379,88.67980343761991,63.70001399999999,9.600002017572763,88.67451451509217,61.90174074198467,0.0,1,-2.6645352591003757e-14,0.0,-0.5728796812049657,-0.8013690663275379,88.67980343761991,-63.70001399999998,9.600002017572763,88.67451451509217,-61.90174074198467,0.0,1,-2.6645352591003757e-14
3.0416666666666665,3041667,hold_bow,20.0,-10.0,0.0,70.0,0.9945218953682733,0.0,0.10452846326765347,0.0,-10.0,0.0,70.0,29.47705196306707,3.0941867063545203,0,feet,0.0,-0.40508863515185833,-0.31847203170959526,-39.470188425126075,63.70001399999999,9.600002218356572,-39.47705196306714,60.71151150841919,0.0,1,3.552713678800501e-15,0.0,-0.405088635151861,-0.3184720647008694,-39.47018842512595,-63.70001399999998,9.60000221835655,-39.477051963067,-60.71151150841919,0.0,1,-1.7763568394002505e-14,0.0,-0.5728796812049657,-0.8013690663275379,88.67980343761991,63.70001399999999,9.600002017572763,88.67451451509217,61.90174074198467,0.0,1,-2.6645352591003757e-14,0.0,-0.5728796812049657,-0.8013690663275379,88.67980343761991,-63.70001399999998,9.600002017572763,88.67451451509217,-61.90174074198467,0.0,1,-2.6645352591003757e-14
3.05,3050000,hold_bow,20.0,-10.0,0.0,70.0,0.9945218953682733,0.0,0.10452846326765347,0.0,-10.0,0.0,70.0,29.47705196306707,3.0941867063545203,0,feet,0.0,-0.40508863515185833,-0.31847203170959526,-39.470188425126075,63.70001399999999,9.600002218356572,-39.47705196306714,60.71151150841919,0.0,1,3.552713678800501e-15,0.0,-0.405088635151861,-0.3184720647008694,-39.47018842512595,-63.70001399999998,9.60000221835655,-39.477051963067,-60.71151150841919,0.0,1,-1.7763568394002505e-14,0.0,-0.5728796812049657,-0.8013690663275379,88.67980343761991,63.70001399999999,9.600002017572763,88.67451451509217,61.90174074198467,0.0,1,-2.6645352591003757e-14,0.0,-0.5728796812049657,-0.8013690663275379,88.67980343761991,-63.70001399999998,9.600002017572763,88.67451451509217,-61.90174074198467,0.0,1,-2.6645352591003757e-14
3.058333333333333,3058333,hold_bow,20.0,-10.0,0.0,70.0,0.9945218953682733,0.0,0.10452846326765347,0.0,-10.0,0.0,70.0,29.47705196306707,3.0941867063545203,0,feet,0.0,-0.40508863515185833,-0.31847203170959526,-39.470188425126075,63.70001399999999,9.600002218356572,-39.47705196306714,60.71151150841919,0.0,1,3.552713678800501e-15,0.0,-0.405088635151861,-0.3184720647008694,-39.47018842512595,-63.70001399999998,9.60000221835655,-39.477051963067,-60.71151150841919,0.0,1,-1.7763568394002505e-14,0.0,-0.5728796812049657,-0.8013690663275379,88.67980343761991,63.70001399999999,9.600002017572763,88.67451451509217,61.90174074198467,0.0,1,-2.6645352591003757e-14,0.0,-0.5728796812049657,-0.8013690663275379,88.67980343761991,-63.70001399999998,9.600002017572763,88.67451451509217,-61.90174074198467,0.0,1,-2.6645352591003757e-14
3.066666666666667,3066667,hold_bow,20.0,-10.0,0.0,70.0,0.9945218953682733,0.0,0.10452846326765347,0.0,-10.0,0.0,70.0,29.47705196306707,3.0941867063545203,0,feet,0.0,-0.40508863515185833,-0.31847203170959526,-39.470188425126075,63.70001399999999,9.600002218356572,-39.47705196306714,60.71151150841919,0.0,1,3.552713678800501e-15,0.0,-0.405088635151861,-0.3184720647008694,-39.47018842512595,-63.70001399999998,9.60000221835655,-39.477051963067,-60.71151150841919,0.0,1,-1.7763568394002505e-14,0.0,-0.5728796812049657,-0.8013690663275379,88.67980343761991,63.70001399999999,9.600002017572763,88.67451451509217,61.90174074198467,0.0,1,-2.6645352591003757e-14,0.0,-0.5728796812049657,-0.8013690663275379,88.67980343761991,-63.70001399999998,9.600002017572763,88.67451451509217,-61.90174074198467,0.0,1,-2.6645352591003757e-14
3.075,3075000,hold_bow,20.0,-10.0,0.0,70.0,0.9945218953682733,0.0,0.10452846326765347,0.0,-10.0,0.0,70.0,29.47705196306707,3.0941867063545203,0,feet,0.0,-0.40508863515185833,-0.31847203170959526,-39.470188425126075,63.70001399999999,9.600002218356572,-39.47705196306714,60.71151150841919,0.0,1,3.552713678800501e-15,0.0,-0.405088635151861,-0.3184720647008694,-39.47018842512595,-63.70001399999998,9.60000221835655,-39.477051963067,-60.71151150841919,0.0,1,-1.7763568394002505e-14,0.0,-0.5728796812049657,-0.8013690663275379,88.67980343761991,63.70001399999999,9.600002017572763,88.67451451509217,61.90174074198467,0.0,1,-2.6645352591003757e-14,0.0,-0.5728796812049657,-0.8013690663275379,88.67980343761991,-63.70001399999998,9.600002017572763,88.67451451509217,-61.90174074198467,0.0,1,-2.6645352591003757e-14
3.0833333333333335,3083333,hold_bow,20.0,-10.0,0.0,70.0,0.9945218953682733,0.0,0.10452846326765347,0.0,-10.0,0.0,70.0,29.47705196306707,3.0941867063545203,0,feet,0.0,-0.40508863515185833,-0.31847203170959526,-39.470188425126075,63.70001399999999,9.600002218356572,-39.47705196306714,60.71151150841919,0.0,1,3.552713678800501e-15,0.0,-0.405088635151861,-0.3184720647008694,-39.47018842512595,-63.70001399999998,9.60000221835655,-39.477051963067,-60.71151150841919,0.0,1,-1.7763568394002505e-14,0.0,-0.5728796812049657,-0.8013690663275379,88.67980343761991,63.70001399999999,9.600002017572763,88.67451451509217,61.90174074198467,0.0,1,-2.6645352591003757e-14,0.0,-0.5728796812049657,-0.8013690663275379,88.67980343761991,-63.70001399999998,9.600002017572763,88.67451451509217,-61.90174074198467,0.0,1,-2.6645352591003757e-14
3.091666666666667,3091667,hold_bow,20.0,-10.0,0.0,70.0,0.9945218953682733,0.0,0.10452846326765347,0.0,-10.0,0.0,70.0,29.47705196306707,3.0941867063545203,0,feet,0.0,-0.40508863515185833,-0.31847203170959526,-39.470188425126075,63.70001399999999,9.600002218356572,-39.47705196306714,60.71151150841919,0.0,1,3.552713678800501e-15,0.0,-0.405088635151861,-0.3184720647008694,-39.47018842512595,-63.70001399999998,9.60000221835655,-39.477051963067,-60.71151150841919,0.0,1,-1.7763568394002505e-14,0.0,-0.5728796812049657,-0.8013690663275379,88.67980343761991,63.70001399999999,9.600002017572763,88.67451451509217,61.90174074198467,0.0,1,-2.6645352591003757e-14,0.0,-0.5728796812049657,-0.8013690663275379,88.67980343761991,-63.70001399999998,9.600002017572763,88.67451451509217,-61.90174074198467,0.0,1,-2.6645352591003757e-14
3.1,3100000,hold_bow,20.0,-10.0,0.0,70.0,0.9945218953682733,0.0,0.10452846326765347,0.0,-10.0,0.0,70.0,29.47705196306707,3.0941867063545203,0,feet,0.0,-0.40508863515185833,-0.31847203170959526,-39.470188425126075,63.70001399999999,9.600002218356572,-39.47705196306714,60.71151150841919,0.0,1,3.552713678800501e-15,0.0,-0.405088635151861,-0.3184720647008694,-39.47018842512595,-63.70001399999998,9.60000221835655,-39.477051963067,-60.71151150841919,0.0,1,-1.7763568394002505e-14,0.0,-0.5728796812049657,-0.8013690663275379,88.67980343761991,63.70001399999999,9.600002017572763,88.67451451509217,61.90174074198467,0.0,1,-2.6645352591003757e-14,0.0,-0.5728796812049657,-0.8013690663275379,88.67980343761991,-63.70001399999998,9.600002017572763,88.67451451509217,-61.90174074198467,0.0,1,-2.6645352591003757e-14
3.1083333333333334,3108333,hold_bow,20.0,-10.0,0.0,70.0,0.9945218953682733,0.0,0.10452846326765347,0.0,-10.0,0.0,70.0,29.47705196306707,3.0941867063545203,0,feet,0.0,-0.40508863515185833,-0.31847203170959526,-39.470188425126075,63.70001399999999,9.600002218356572,-39.47705196306714,60.71151150841919,0.0,1,3.552713678800501e-15,0.0,-0.405088635151861,-0.3184720647008694,-39.47018842512595,-63.70001399999998,9.60000221835655,-39.477051963067,-60.71151150841919,0.0,1,-1.7763568394002505e-14,0.0,-0.5728796812049657,-0.8013690663275379,88.67980343761991,63.70001399999999,9.600002017572763,88.67451451509217,61.90174074198467,0.0,1,-2.6645352591003757e-14,0.0,-0.5728796812049657,-0.8013690663275379,88.67980343761991,-63.70001399999998,9.600002017572763,88.67451451509217,-61.90174074198467,0.0,1,-2.6645352591003757e-14
3.1166666666666667,3116667,hold_bow,20.0,-10.0,0.0,70.0,0.9945218953682733,0.0,0.10452846326765347,0.0,-10.0,0.0,70.0,29.47705196306707,3.0941867063545203,0,feet,0.0,-0.40508863515185833,-0.31847203170959526,-39.470188425126075,63.70001399999999,9.600002218356572,-39.47705196306714,60.71151150841919,0.0,1,3.552713678800501e-15,0.0,-0.405088635151861,-0.3184720647008694,-39.47018842512595,-63.70001399999998,9.60000221835655,-39.477051963067,-60.71151150841919,0.0,1,-1.7763568394002505e-14,0.0,-0.5728796812049657,-0.8013690663275379,88.67980343761991,63.70001399999999,9.600002017572763,88.67451451509217,61.90174074198467,0.0,1,-2.6645352591003757e-14,0.0,-0.5728796812049657,-0.8013690663275379,88.67980343761991,-63.70001399999998,9.600002017572763,88.67451451509217,-61.90174074198467,0.0,1,-2.6645352591003757e-14
3.125,3125000,hold_bow,20.0,-10.0,0.0,70.0,0.9945218953682733,0.0,0.10452846326765347,0.0,-10.0,0.0,70.0,29.47705196306707,3.0941867063545203,0,feet,0.0,-0.40508863515185833,-0.31847203170959526,-39.470188425126075,63.70001399999999,9.600002218356572,-39.47705196306714,60.71151150841919,0.0,1,3.552713678800501e-15,0.0,-0.405088635151861,-0.3184720647008694,-39.47018842512595,-63.70001399999998,9.60000221835655,-39.477051963067,-60.71151150841919,0.0,1,-1.7763568394002505e-14,0.0,-0.5728796812049657,-0.8013690663275379,88.67980343761991,63.70001399999999,9.600002017572763,88.67451451509217,61.90174074198467,0.0,1,-2.6645352591003757e-14,0.0,-0.5728796812049657,-0.8013690663275379,88.67980343761991,-63.70001399999998,9.600002017572763,88.67451451509217,-61.90174074198467,0.0,1,-2.6645352591003757e-14
3.1333333333333333,3133333,hold_bow,20.0,-10.0,0.0,70.0,0.9945218953682733,0.0,0.10452846326765347,0.0,-10.0,0.0,70.0,29.47705196306707,3.0941867063545203,0,feet,0.0,-0.40508863515185833,-0.31847203170959526,-39.470188425126075,63.70001399999999,9.600002218356572,-39.47705196306714,60.71151150841919,0.0,1,3.552713678800501e-15,0.0,-0.405088635151861,-0.3184720647008694,-39.47018842512595,-63.70001399999998,9.60000221835655,-39.477051963067,-60.71151150841919,0.0,1,-1.7763568394002505e-14,0.0,-0.5728796812049657,-0.8013690663275379,88.67980343761991,63.70001399999999,9.600002017572763,88.67451451509217,61.90174074198467,0.0,1,-2.6645352591003757e-14,0.0,-0.5728796812049657,-0.8013690663275379,88.67980343761991,-63.70001399999998,9.600002017572763,88.67451451509217,-61.90174074198467,0.0,1,-2.6645352591003757e-14
3.1416666666666666,3141667,hold_bow,20.0,-10.0,0.0,70.0,0.9945218953682733,0.0,0.10452846326765347,0.0,-10.0,0.0,70.0,29.47705196306707,3.0941867063545203,0,feet,0.0,-0.40508863515185833,-0.31847203170959526,-39.470188425126075,63.70001399999999,9.600002218356572,-39.47705196306714,60.71151150841919,0.0,1,3.552713678800501e-15,0.0,-0.405088635151861,-0.3184720647008694,-39.47018842512595,-63.70001399999998,9.60000221835655,-39.477051963067,-60.71151150841919,0.0,1,-1.7763568394002505e-14,0.0,-0.5728796812049657,-0.8013690663275379,88.67980343761991,63.70001399999999,9.600002017572763,88.67451451509217,61.90174074198467,0.0,1,-2.6645352591003757e-14,0.0,-0.5728796812049657,-0.8013690663275379,88.67980343761991,-63.70001399999998,9.600002017572763,88.67451451509217,-61.90174074198467,0.0,1,-2.6645352591003757e-14
3.15,3150000,hold_bow,20.0,-10.0,0.0,70.0,0.9945218953682733,0.0,0.10452846326765347,0.0,-10.0,0.0,70.0,29.47705196306707,3.0941867063545203,0,feet,0.0,-0.40508863515185833,-0.31847203170959526,-39.470188425126075,63.70001399999999,9.600002218356572,-39.47705196306714,60.71151150841919,0.0,1,3.552713678800501e-15,0.0,-0.405088635151861,-0.3184720647008694,-39.47018842512595,-63.70001399999998,9.60000221835655,-39.477051963067,-60.71151150841919,0.0,1,-1.7763568394002505e-14,0.0,-0.5728796812049657,-0.8013690663275379,88.67980343761991,63.70001399999999,9.600002017572763,88.67451451509217,61.90174074198467,0.0,1,-2.6645352591003757e-14,0.0,-0.5728796812049657,-0.8013690663275379,88.67980343761991,-63.70001399999998,9.600002017572763,88.67451451509217,-61.90174074198467,0.0,1,-2.6645352591003757e-14
3.158333333333333,3158333,hold_bow,20.0,-10.0,0.0,70.0,0.9945218953682733,0.0,0.10452846326765347,0.0,-10.0,0.0,70.0,29.47705196306707,3.0941867063545203,0,feet,0.0,-0.40508863515185833,-0.31847203170959526,-39.470188425126075,63.70001399999999,9.600002218356572,-39.47705196306714,60.71151150841919,0.0,1,3.552713678800501e-15,0.0,-0.405088635151861,-0.3184720647008694,-39.47018842512595,-63.70001399999998,9.60000221835655,-39.477051963067,-60.71151150841919,0.0,1,-1.7763568394002505e-14,0.0,-0.5728796812049657,-0.8013690663275379,88.67980343761991,63.70001399999999,9.600002017572763,88.67451451509217,61.90174074198467,0.0,1,-2.6645352591003757e-14,0.0,-0.5728796812049657,-0.8013690663275379,88.67980343761991,-63.70001399999998,9.600002017572763,88.67451451509217,-61.90174074198467,0.0,1,-2.6645352591003757e-14
3.1666666666666665,3166667,hold_bow,20.0,-10.0,0.0,70.0,0.9945218953682733,0.0,0.10452846326765347,0.0,-10.0,0.0,70.0,29.47705196306707,3.0941867063545203,0,feet,0.0,-0.40508863515185833,-0.31847203170959526,-39.470188425126075,63.70001399999999,9.600002218356572,-39.47705196306714,60.71151150841919,0.0,1,3.552713678800501e-15,0.0,-0.405088635151861,-0.3184720647008694,-39.47018842512595,-63.70001399999998,9.60000221835655,-39.477051963067,-60.71151150841919,0.0,1,-1.7763568394002505e-14,0.0,-0.5728796812049657,-0.8013690663275379,88.67980343761991,63.70001399999999,9.600002017572763,88.67451451509217,61.90174074198467,0.0,1,-2.6645352591003757e-14,0.0,-0.5728796812049657,-0.8013690663275379,88.67980343761991,-63.70001399999998,9.600002017572763,88.67451451509217,-61.90174074198467,0.0,1,-2.6645352591003757e-14
3.175,3175000,hold_bow,20.0,-10.0,0.0,70.0,0.9945218953682733,0.0,0.10452846326765347,0.0,-10.0,0.0,70.0,29.47705196306707,3.0941867063545203,0,feet,0.0,-0.40508863515185833,-0.31847203170959526,-39.470188425126075,63.70001399999999,9.600002218356572,-39.47705196306714,60.71151150841919,0.0,1,3.552713678800501e-15,0.0,-0.405088635151861,-0.3184720647008694,-39.47018842512595,-63.70001399999998,9.60000221835655,-39.477051963067,-60.71151150841919,0.0,1,-1.7763568394002505e-14,0.0,-0.5728796812049657,-0.8013690663275379,88.67980343761991,63.70001399999999,9.600002017572763,88.67451451509217,61.90174074198467,0.0,1,-2.6645352591003757e-14,0.0,-0.5728796812049657,-0.8013690663275379,88.67980343761991,-63.70001399999998,9.600002017572763,88.67451451509217,-61.90174074198467,0.0,1,-2.6645352591003757e-14
3.183333333333333,3183333,hold_bow,20.0,-10.0,0.0,70.0,0.9945218953682733,0.0,0.10452846326765347,0.0,-10.0,0.0,70.0,29.47705196306707,3.0941867063545203,0,feet,0.0,-0.40508863515185833,-0.31847203170959526,-39.470188425126075,63.70001399999999,9.600002218356572,-39.47705196306714,60.71151150841919,0.0,1,3.552713678800501e-15,0.0,-0.405088635151861,-0.3184720647008694,-39.47018842512595,-63.70001399999998,9.60000221835655,-39.477051963067,-60.71151150841919,0.0,1,-1.7763568394002505e-14,0.0,-0.5728796812049657,-0.8013690663275379,88.67980343761991,63.70001399999999,9.600002017572763,88.67451451509217,61.90174074198467,0.0,1,-2.6645352591003757e-14,0.0,-0.5728796812049657,-0.8013690663275379,88.67980343761991,-63.70001399999998,9.600002017572763,88.67451451509217,-61.90174074198467,0.0,1,-2.6645352591003757e-14
3.191666666666667,3191667,hold_bow,20.0,-10.0,0.0,70.0,0.9945218953682733,0.0,0.10452846326765347,0.0,-10.0,0.0,70.0,29.47705196306707,3.0941867063545203,0,feet,0.0,-0.40508863515185833,-0.31847203170959526,-39.470188425126075,63.70001399999999,9.600002218356572,-39.47705196306714,60.71151150841919,0.0,1,3.552713678800501e-15,0.0,-0.405088635151861,-0.3184720647008694,-39.47018842512595,-63.70001399999998,9.60000221835655,-39.477051963067,-60.71151150841919,0.0,1,-1.7763568394002505e-14,0.0,-0.5728796812049657,-0.8013690663275379,88.67980343761991,63.70001399999999,9.600002017572763,88.67451451509217,61.90174074198467,0.0,1,-2.6645352591003757e-14,0.0,-0.5728796812049657,-0.8013690663275379,88.67980343761991,-63.70001399999998,9.600002017572763,88.67451451509217,-61.90174074198467,0.0,1,-2.6645352591003757e-14
3.2,3200000,hold_bow,20.0,-10.0,0.0,70.0,0.9945218953682733,0.0,0.10452846326765347,0.0,-10.0,0.0,70.0,29.47705196306707,3.0941867063545203,0,feet,0.0,-0.40508863515185833,-0.31847203170959526,-39.470188425126075,63.70001399999999,9.600002218356572,-39.47705196306714,60.71151150841919,0.0,1,3.552713678800501e-15,0.0,-0.405088635151861,-0.3184720647008694,-39.47018842512595,-63.70001399999998,9.60000221835655,-39.477051963067,-60.71151150841919,0.0,1,-1.7763568394002505e-14,0.0,-0.5728796812049657,-0.8013690663275379,88.67980343761991,63.70001399999999,9.600002017572763,88.67451451509217,61.90174074198467,0.0,1,-2.6645352591003757e-14,0.0,-0.5728796812049657,-0.8013690663275379,88.67980343761991,-63.70001399999998,9.600002017572763,88.67451451509217,-61.90174074198467,0.0,1,-2.6645352591003757e-14
3.2083333333333335,3208333,hold_bow,20.0,-10.0,0.0,70.0,0.9945218953682733,0.0,0.10452846326765347,0.0,-10.0,0.0,70.0,29.47705196306707,3.0941867063545203,0,feet,0.0,-0.40508863515185833,-0.31847203170959526,-39.470188425126075,63.70001399999999,9.600002218356572,-39.47705196306714,60.71151150841919,0.0,1,3.552713678800501e-15,0.0,-0.405088635151861,-0.3184720647008694,-39.47018842512595,-63.70001399999998,9.60000221835655,-39.477051963067,-60.71151150841919,0.0,1,-1.7763568394002505e-14,0.0,-0.5728796812049657,-0.8013690663275379,88.67980343761991,63.70001399999999,9.600002017572763,88.67451451509217,61.90174074198467,0.0,1,-2.6645352591003757e-14,0.0,-0.5728796812049657,-0.8013690663275379,88.67980343761991,-63.70001399999998,9.600002017572763,88.67451451509217,-61.90174074198467,0.0,1,-2.6645352591003757e-14
3.216666666666667,3216667,hold_bow,20.0,-10.0,0.0,70.0,0.9945218953682733,0.0,0.10452846326765347,0.0,-10.0,0.0,70.0,29.47705196306707,3.0941867063545203,0,feet,0.0,-0.40508863515185833,-0.31847203170959526,-39.470188425126075,63.70001399999999,9.600002218356572,-39.47705196306714,60.71151150841919,0.0,1,3.552713678800501e-15,0.0,-0.405088635151861,-0.3184720647008694,-39.47018842512595,-63.70001399999998,9.60000221835655,-39.477051963067,-60.71151150841919,0.0,1,-1.7763568394002505e-14,0.0,-0.5728796812049657,-0.8013690663275379,88.67980343761991,63.70001399999999,9.600002017572763,88.67451451509217,61.90174074198467,0.0,1,-2.6645352591003757e-14,0.0,-0.5728796812049657,-0.8013690663275379,88.67980343761991,-63.70001399999998,9.600002017572763,88.67451451509217,-61.90174074198467,0.0,1,-2.6645352591003757e-14
3.225,3225000,hold_bow,20.0,-10.0,0.0,70.0,0.9945218953682733,0.0,0.10452846326765347,0.0,-10.0,0.0,70.0,29.47705196306707,3.0941867063545203,0,feet,0.0,-0.40508863515185833,-0.31847203170959526,-39.470188425126075,63.70001399999999,9.600002218356572,-39.47705196306714,60.71151150841919,0.0,1,3.552713678800501e-15,0.0,-0.405088635151861,-0.3184720647008694,-39.47018842512595,-63.70001399999998,9.60000221835655,-39.477051963067,-60.71151150841919,0.0,1,-1.7763568394002505e-14,0.0,-0.5728796812049657,-0.8013690663275379,88.67980343761991,63.70001399999999,9.600002017572763,88.67451451509217,61.90174074198467,0.0,1,-2.6645352591003757e-14,0.0,-0.5728796812049657,-0.8013690663275379,88.67980343761991,-63.70001399999998,9.600002017572763,88.67451451509217,-61.90174074198467,0.0,1,-2.6645352591003757e-14
3.2333333333333334,3233333,hold_bow,20.0,-10.0,0.0,70.0,0.9945218953682733,0.0,0.10452846326765347,0.0,-10.0,0.0,70.0,29.47705196306707,3.0941867063545203,0,feet,0.0,-0.40508863515185833,-0.31847203170959526,-39.470188425126075,63.70001399999999,9.600002218356572,-39.47705196306714,60.71151150841919,0.0,1,3.552713678800501e-15,0.0,-0.405088635151861,-0.3184720647008694,-39.47018842512595,-63.70001399999998,9.60000221835655,-39.477051963067,-60.71151150841919,0.0,1,-1.7763568394002505e-14,0.0,-0.5728796812049657,-0.8013690663275379,88.67980343761991,63.70001399999999,9.600002017572763,88.67451451509217,61.90174074198467,0.0,1,-2.6645352591003757e-14,0.0,-0.5728796812049657,-0.8013690663275379,88.67980343761991,-63.70001399999998,9.600002017572763,88.67451451509217,-61.90174074198467,0.0,1,-2.6645352591003757e-14
3.2416666666666667,3241667,hold_bow,20.0,-10.0,0.0,70.0,0.9945218953682733,0.0,0.10452846326765347,0.0,-10.0,0.0,70.0,29.47705196306707,3.0941867063545203,0,feet,0.0,-0.40508863515185833,-0.31847203170959526,-39.470188425126075,63.70001399999999,9.600002218356572,-39.47705196306714,60.71151150841919,0.0,1,3.552713678800501e-15,0.0,-0.405088635151861,-0.3184720647008694,-39.47018842512595,-63.70001399999998,9.60000221835655,-39.477051963067,-60.71151150841919,0.0,1,-1.7763568394002505e-14,0.0,-0.5728796812049657,-0.8013690663275379,88.67980343761991,63.70001399999999,9.600002017572763,88.67451451509217,61.90174074198467,0.0,1,-2.6645352591003757e-14,0.0,-0.5728796812049657,-0.8013690663275379,88.67980343761991,-63.70001399999998,9.600002017572763,88.67451451509217,-61.90174074198467,0.0,1,-2.6645352591003757e-14
3.25,3250000,hold_bow,20.0,-10.0,0.0,70.0,0.9945218953682733,0.0,0.10452846326765347,0.0,-10.0,0.0,70.0,29.47705196306707,3.0941867063545203,0,feet,0.0,-0.40508863515185833,-0.31847203170959526,-39.470188425126075,63.70001399999999,9.600002218356572,-39.47705196306714,60.71151150841919,0.0,1,3.552713678800501e-15,0.0,-0.405088635151861,-0.3184720647008694,-39.47018842512595,-63.70001399999998,9.60000221835655,-39.477051963067,-60.71151150841919,0.0,1,-1.7763568394002505e-14,0.0,-0.5728796812049657,-0.8013690663275379,88.67980343761991,63.70001399999999,9.600002017572763,88.67451451509217,61.90174074198467,0.0,1,-2.6645352591003757e-14,0.0,-0.5728796812049657,-0.8013690663275379,88.67980343761991,-63.70001399999998,9.600002017572763,88.67451451509217,-61.90174074198467,0.0,1,-2.6645352591003757e-14
3.2583333333333333,3258333,hold_bow,20.0,-10.0,0.0,70.0,0.9945218953682733,0.0,0.10452846326765347,0.0,-10.0,0.0,70.0,29.47705196306707,3.0941867063545203,0,feet,0.0,-0.40508863515185833,-0.31847203170959526,-39.470188425126075,63.70001399999999,9.600002218356572,-39.47705196306714,60.71151150841919,0.0,1,3.552713678800501e-15,0.0,-0.405088635151861,-0.3184720647008694,-39.47018842512595,-63.70001399999998,9.60000221835655,-39.477051963067,-60.71151150841919,0.0,1,-1.7763568394002505e-14,0.0,-0.5728796812049657,-0.8013690663275379,88.67980343761991,63.70001399999999,9.600002017572763,88.67451451509217,61.90174074198467,0.0,1,-2.6645352591003757e-14,0.0,-0.5728796812049657,-0.8013690663275379,88.67980343761991,-63.70001399999998,9.600002017572763,88.67451451509217,-61.90174074198467,0.0,1,-2.6645352591003757e-14
3.2666666666666666,3266667,hold_bow,20.0,-10.0,0.0,70.0,0.9945218953682733,0.0,0.10452846326765347,0.0,-10.0,0.0,70.0,29.47705196306707,3.0941867063545203,0,feet,0.0,-0.40508863515185833,-0.31847203170959526,-39.470188425126075,63.70001399999999,9.600002218356572,-39.47705196306714,60.71151150841919,0.0,1,3.552713678800501e-15,0.0,-0.405088635151861,-0.3184720647008694,-39.47018842512595,-63.70001399999998,9.60000221835655,-39.477051963067,-60.71151150841919,0.0,1,-1.7763568394002505e-14,0.0,-0.5728796812049657,-0.8013690663275379,88.67980343761991,63.70001399999999,9.600002017572763,88.67451451509217,61.90174074198467,0.0,1,-2.6645352591003757e-14,0.0,-0.5728796812049657,-0.8013690663275379,88.67980343761991,-63.70001399999998,9.600002017572763,88.67451451509217,-61.90174074198467,0.0,1,-2.6645352591003757e-14
3.275,3275000,hold_bow,20.0,-10.0,0.0,70.0,0.9945218953682733,0.0,0.10452846326765347,0.0,-10.0,0.0,70.0,29.47705196306707,3.0941867063545203,0,feet,0.0,-0.40508863515185833,-0.31847203170959526,-39.470188425126075,63.70001399999999,9.600002218356572,-39.47705196306714,60.71151150841919,0.0,1,3.552713678800501e-15,0.0,-0.405088635151861,-0.3184720647008694,-39.47018842512595,-63.70001399999998,9.60000221835655,-39.477051963067,-60.71151150841919,0.0,1,-1.7763568394002505e-14,0.0,-0.5728796812049657,-0.8013690663275379,88.67980343761991,63.70001399999999,9.600002017572763,88.67451451509217,61.90174074198467,0.0,1,-2.6645352591003757e-14,0.0,-0.5728796812049657,-0.8013690663275379,88.67980343761991,-63.70001399999998,9.600002017572763,88.67451451509217,-61.90174074198467,0.0,1,-2.6645352591003757e-14
3.283333333333333,3283333,hold_bow,20.0,-10.0,0.0,70.0,0.9945218953682733,0.0,0.10452846326765347,0.0,-10.0,0.0,70.0,29.47705196306707,3.0941867063545203,0,feet,0.0,-0.40508863515185833,-0.31847203170959526,-39.470188425126075,63.70001399999999,9.600002218356572,-39.47705196306714,60.71151150841919,0.0,1,3.552713678800501e-15,0.0,-0.405088635151861,-0.3184720647008694,-39.47018842512595,-63.70001399999998,9.60000221835655,-39.477051963067,-60.71151150841919,0.0,1,-1.7763568394002505e-14,0.0,-0.5728796812049657,-0.8013690663275379,88.67980343761991,63.70001399999999,9.600002017572763,88.67451451509217,61.90174074198467,0.0,1,-2.6645352591003757e-14,0.0,-0.5728796812049657,-0.8013690663275379,88.67980343761991,-63.70001399999998,9.600002017572763,88.67451451509217,-61.90174074198467,0.0,1,-2.6645352591003757e-14
3.2916666666666665,3291667,hold_bow,20.0,-10.0,0.0,70.0,0.9945218953682733,0.0,0.10452846326765347,0.0,-10.0,0.0,70.0,29.47705196306707,3.0941867063545203,0,feet,0.0,-0.40508863515185833,-0.31847203170959526,-39.470188425126075,63.70001399999999,9.600002218356572,-39.47705196306714,60.71151150841919,0.0,1,3.552713678800501e-15,0.0,-0.405088635151861,-0.3184720647008694,-39.47018842512595,-63.70001399999998,9.60000221835655,-39.477051963067,-60.71151150841919,0.0,1,-1.7763568394002505e-14,0.0,-0.5728796812049657,-0.8013690663275379,88.67980343761991,63.70001399999999,9.600002017572763,88.67451451509217,61.90174074198467,0.0,1,-2.6645352591003757e-14,0.0,-0.5728796812049657,-0.8013690663275379,88.67980343761991,-63.70001399999998,9.600002017572763,88.67451451509217,-61.90174074198467,0.0,1,-2.6645352591003757e-14
3.3,3300000,hold_bow,20.0,-10.0,0.0,70.0,0.9945218953682733,0.0,0.10452846326765347,0.0,-10.0,0.0,70.0,29.47705196306707,3.0941867063545203,0,feet,0.0,-0.40508863515185833,-0.31847203170959526,-39.470188425126075,63.70001399999999,9.600002218356572,-39.47705196306714,60.71151150841919,0.0,1,3.552713678800501e-15,0.0,-0.405088635151861,-0.3184720647008694,-39.47018842512595,-63.70001399999998,9.60000221835655,-39.477051963067,-60.71151150841919,0.0,1,-1.7763568394002505e-14,0.0,-0.5728796812049657,-0.8013690663275379,88.67980343761991,63.70001399999999,9.600002017572763,88.67451451509217,61.90174074198467,0.0,1,-2.6645352591003757e-14,0.0,-0.5728796812049657,-0.8013690663275379,88.67980343761991,-63.70001399999998,9.600002017572763,88.67451451509217,-61.90174074198467,0.0,1,-2.6645352591003757e-14
3.308333333333333,3308333,hold_bow,20.0,-10.0,0.0,70.0,0.9945218953682733,0.0,0.10452846326765347,0.0,-10.0,0.0,70.0,29.47705196306707,3.0941867063545203,0,feet,0.0,-0.40508863515185833,-0.31847203170959526,-39.470188425126075,63.70001399999999,9.600002218356572,-39.47705196306714,60.71151150841919,0.0,1,3.552713678800501e-15,0.0,-0.405088635151861,-0.3184720647008694,-39.47018842512595,-63.70001399999998,9.60000221835655,-39.477051963067,-60.71151150841919,0.0,1,-1.7763568394002505e-14,0.0,-0.5728796812049657,-0.8013690663275379,88.67980343761991,63.70001399999999,9.600002017572763,88.67451451509217,61.90174074198467,0.0,1,-2.6645352591003757e-14,0.0,-0.5728796812049657,-0.8013690663275379,88.67980343761991,-63.70001399999998,9.600002017572763,88.67451451509217,-61.90174074198467,0.0,1,-2.6645352591003757e-14
3.316666666666667,3316667,hold_bow,20.0,-10.0,0.0,70.0,0.9945218953682733,0.0,0.10452846326765347,0.0,-10.0,0.0,70.0,29.47705196306707,3.0941867063545203,0,feet,0.0,-0.40508863515185833,-0.31847203170959526,-39.470188425126075,63.70001399999999,9.600002218356572,-39.47705196306714,60.71151150841919,0.0,1,3.552713678800501e-15,0.0,-0.405088635151861,-0.3184720647008694,-39.47018842512595,-63.70001399999998,9.60000221835655,-39.477051963067,-60.71151150841919,0.0,1,-1.7763568394002505e-14,0.0,-0.5728796812049657,-0.8013690663275379,88.67980343761991,63.70001399999999,9.600002017572763,88.67451451509217,61.90174074198467,0.0,1,-2.6645352591003757e-14,0.0,-0.5728796812049657,-0.8013690663275379,88.67980343761991,-63.70001399999998,9.600002017572763,88.67451451509217,-61.90174074198467,0.0,1,-2.6645352591003757e-14
3.325,3325000,hold_bow,20.0,-10.0,0.0,70.0,0.9945218953682733,0.0,0.10452846326765347,0.0,-10.0,0.0,70.0,29.47705196306707,3.0941867063545203,0,feet,0.0,-0.40508863515185833,-0.31847203170959526,-39.470188425126075,63.70001399999999,9.600002218356572,-39.47705196306714,60.71151150841919,0.0,1,3.552713678800501e-15,0.0,-0.405088635151861,-0.3184720647008694,-39.47018842512595,-63.70001399999998,9.60000221835655,-39.477051963067,-60.71151150841919,0.0,1,-1.7763568394002505e-14,0.0,-0.5728796812049657,-0.8013690663275379,88.67980343761991,63.70001399999999,9.600002017572763,88.67451451509217,61.90174074198467,0.0,1,-2.6645352591003757e-14,0.0,-0.5728796812049657,-0.8013690663275379,88.67980343761991,-63.70001399999998,9.600002017572763,88.67451451509217,-61.90174074198467,0.0,1,-2.6645352591003757e-14
3.3333333333333335,3333333,hold_bow,20.0,-10.0,0.0,70.0,0.9945218953682733,0.0,0.10452846326765347,0.0,-10.0,0.0,70.0,29.47705196306707,3.0941867063545203,0,feet,0.0,-0.40508863515185833,-0.31847203170959526,-39.470188425126075,63.70001399999999,9.600002218356572,-39.47705196306714,60.71151150841919,0.0,1,3.552713678800501e-15,0.0,-0.405088635151861,-0.3184720647008694,-39.47018842512595,-63.70001399999998,9.60000221835655,-39.477051963067,-60.71151150841919,0.0,1,-1.7763568394002505e-14,0.0,-0.5728796812049657,-0.8013690663275379,88.67980343761991,63.70001399999999,9.600002017572763,88.67451451509217,61.90174074198467,0.0,1,-2.6645352591003757e-14,0.0,-0.5728796812049657,-0.8013690663275379,88.67980343761991,-63.70001399999998,9.600002017572763,88.67451451509217,-61.90174074198467,0.0,1,-2.6645352591003757e-14
3.341666666666667,3341667,hold_bow,20.0,-10.0,0.0,70.0,0.9945218953682733,0.0,0.10452846326765347,0.0,-10.0,0.0,70.0,29.47705196306707,3.0941867063545203,0,feet,0.0,-0.40508863515185833,-0.31847203170959526,-39.470188425126075,63.70001399999999,9.600002218356572,-39.47705196306714,60.71151150841919,0.0,1,3.552713678800501e-15,0.0,-0.405088635151861,-0.3184720647008694,-39.47018842512595,-63.70001399999998,9.60000221835655,-39.477051963067,-60.71151150841919,0.0,1,-1.7763568394002505e-14,0.0,-0.5728796812049657,-0.8013690663275379,88.67980343761991,63.70001399999999,9.600002017572763,88.67451451509217,61.90174074198467,0.0,1,-2.6645352591003757e-14,0.0,-0.5728796812049657,-0.8013690663275379,88.67980343761991,-63.70001399999998,9.600002017572763,88.67451451509217,-61.90174074198467,0.0,1,-2.6645352591003757e-14
3.35,3350000,hold_bow,20.0,-10.0,0.0,70.0,0.9945218953682733,0.0,0.10452846326765347,0.0,-10.0,0.0,70.0,29.47705196306707,3.0941867063545203,0,feet,0.0,-0.40508863515185833,-0.31847203170959526,-39.470188425126075,63.70001399999999,9.600002218356572,-39.47705196306714,60.71151150841919,0.0,1,3.552713678800501e-15,0.0,-0.405088635151861,-0.3184720647008694,-39.47018842512595,-63.70001399999998,9.60000221835655,-39.477051963067,-60.71151150841919,0.0,1,-1.7763568394002505e-14,0.0,-0.5728796812049657,-0.8013690663275379,88.67980343761991,63.70001399999999,9.600002017572763,88.67451451509217,61.90174074198467,0.0,1,-2.6645352591003757e-14,0.0,-0.5728796812049657,-0.8013690663275379,88.67980343761991,-63.70001399999998,9.600002017572763,88.67451451509217,-61.90174074198467,0.0,1,-2.6645352591003757e-14
3.3583333333333334,3358333,hold_bow,20.0,-10.0,0.0,70.0,0.9945218953682733,0.0,0.10452846326765347,0.0,-10.0,0.0,70.0,29.47705196306707,3.0941867063545203,0,feet,0.0,-0.40508863515185833,-0.31847203170959526,-39.470188425126075,63.70001399999999,9.600002218356572,-39.47705196306714,60.71151150841919,0.0,1,3.552713678800501e-15,0.0,-0.405088635151861,-0.3184720647008694,-39.47018842512595,-63.70001399999998,9.60000221835655,-39.477051963067,-60.71151150841919,0.0,1,-1.7763568394002505e-14,0.0,-0.5728796812049657,-0.8013690663275379,88.67980343761991,63.70001399999999,9.600002017572763,88.67451451509217,61.90174074198467,0.0,1,-2.6645352591003757e-14,0.0,-0.5728796812049657,-0.8013690663275379,88.67980343761991,-63.70001399999998,9.600002017572763,88.67451451509217,-61.90174074198467,0.0,1,-2.6645352591003757e-14
3.3666666666666667,3366667,hold_bow,20.0,-10.0,0.0,70.0,0.9945218953682733,0.0,0.10452846326765347,0.0,-10.0,0.0,70.0,29.47705196306707,3.0941867063545203,0,feet,0.0,-0.40508863515185833,-0.31847203170959526,-39.470188425126075,63.70001399999999,9.600002218356572,-39.47705196306714,60.71151150841919,0.0,1,3.552713678800501e-15,0.0,-0.405088635151861,-0.3184720647008694,-39.47018842512595,-63.70001399999998,9.60000221835655,-39.477051963067,-60.71151150841919,0.0,1,-1.7763568394002505e-14,0.0,-0.5728796812049657,-0.8013690663275379,88.67980343761991,63.70001399999999,9.600002017572763,88.67451451509217,61.90174074198467,0.0,1,-2.6645352591003757e-14,0.0,-0.5728796812049657,-0.8013690663275379,88.67980343761991,-63.70001399999998,9.600002017572763,88.67451451509217,-61.90174074198467,0.0,1,-2.6645352591003757e-14
3.375,3375000,hold_bow,20.0,-10.0,0.0,70.0,0.9945218953682733,0.0,0.10452846326765347,0.0,-10.0,0.0,70.0,29.47705196306707,3.0941867063545203,0,feet,0.0,-0.40508863515185833,-0.31847203170959526,-39.470188425126075,63.70001399999999,9.600002218356572,-39.47705196306714,60.71151150841919,0.0,1,3.552713678800501e-15,0.0,-0.405088635151861,-0.3184720647008694,-39.47018842512595,-63.70001399999998,9.60000221835655,-39.477051963067,-60.71151150841919,0.0,1,-1.7763568394002505e-14,0.0,-0.5728796812049657,-0.8013690663275379,88.67980343761991,63.70001399999999,9.600002017572763,88.67451451509217,61.90174074198467,0.0,1,-2.6645352591003757e-14,0.0,-0.5728796812049657,-0.8013690663275379,88.67980343761991,-63.70001399999998,9.600002017572763,88.67451451509217,-61.90174074198467,0.0,1,-2.6645352591003757e-14
3.3833333333333333,3383333,hold_bow,20.0,-10.0,0.0,70.0,0.9945218953682733,0.0,0.10452846326765347,0.0,-10.0,0.0,70.0,29.47705196306707,3.0941867063545203,0,feet,0.0,-0.40508863515185833,-0.31847203170959526,-39.470188425126075,63.70001399999999,9.600002218356572,-39.47705196306714,60.71151150841919,0.0,1,3.552713678800501e-15,0.0,-0.405088635151861,-0.3184720647008694,-39.47018842512595,-63.70001399999998,9.60000221835655,-39.477051963067,-60.71151150841919,0.0,1,-1.7763568394002505e-14,0.0,-0.5728796812049657,-0.8013690663275379,88.67980343761991,63.70001399999999,9.600002017572763,88.67451451509217,61.90174074198467,0.0,1,-2.6645352591003757e-14,0.0,-0.5728796812049657,-0.8013690663275379,88.67980343761991,-63.70001399999998,9.600002017572763,88.67451451509217,-61.90174074198467,0.0,1,-2.6645352591003757e-14
3.3916666666666666,3391667,hold_bow,20.0,-10.0,0.0,70.0,0.9945218953682733,0.0,0.10452846326765347,0.0,-10.0,0.0,70.0,29.47705196306707,3.0941867063545203,0,feet,0.0,-0.40508863515185833,-0.31847203170959526,-39.470188425126075,63.70001399999999,9.600002218356572,-39.47705196306714,60.71151150841919,0.0,1,3.552713678800501e-15,0.0,-0.405088635151861,-0.3184720647008694,-39.47018842512595,-63.70001399999998,9.60000221835655,-39.477051963067,-60.71151150841919,0.0,1,-1.7763568394002505e-14,0.0,-0.5728796812049657,-0.8013690663275379,88.67980343761991,63.70001399999999,9.600002017572763,88.67451451509217,61.90174074198467,0.0,1,-2.6645352591003757e-14,0.0,-0.5728796812049657,-0.8013690663275379,88.67980343761991,-63.70001399999998,9.600002017572763,88.67451451509217,-61.90174074198467,0.0,1,-2.6645352591003757e-14
3.4,3400000,hold_bow,20.0,-10.0,0.0,70.0,0.9945218953682733,0.0,0.10452846326765347,0.0,-10.0,0.0,70.0,29.47705196306707,3.0941867063545203,0,feet,0.0,-0.40508863515185833,-0.31847203170959526,-39.470188425126075,63.70001399999999,9.600002218356572,-39.47705196306714,60.71151150841919,0.0,1,3.552713678800501e-15,0.0,-0.405088635151861,-0.3184720647008694,-39.47018842512595,-63.70001399999998,9.60000221835655,-39.477051963067,-60.71151150841919,0.0,1,-1.7763568394002505e-14,0.0,-0.5728796812049657,-0.8013690663275379,88.67980343761991,63.70001399999999,9.600002017572763,88.67451451509217,61.90174074198467,0.0,1,-2.6645352591003757e-14,0.0,-0.5728796812049657,-0.8013690663275379,88.67980343761991,-63.70001399999998,9.600002017572763,88.67451451509217,-61.90174074198467,0.0,1,-2.6645352591003757e-14
3.408333333333333,3408333,hold_bow,20.0,-10.0,0.0,70.0,0.9945218953682733,0.0,0.10452846326765347,0.0,-10.0,0.0,70.0,29.47705196306707,3.0941867063545203,0,feet,0.0,-0.40508863515185833,-0.31847203170959526,-39.470188425126075,63.70001399999999,9.600002218356572,-39.47705196306714,60.71151150841919,0.0,1,3.552713678800501e-15,0.0,-0.405088635151861,-0.3184720647008694,-39.47018842512595,-63.70001399999998,9.60000221835655,-39.477051963067,-60.71151150841919,0.0,1,-1.7763568394002505e-14,0.0,-0.5728796812049657,-0.8013690663275379,88.67980343761991,63.70001399999999,9.600002017572763,88.67451451509217,61.90174074198467,0.0,1,-2.6645352591003757e-14,0.0,-0.5728796812049657,-0.8013690663275379,88.67980343761991,-63.70001399999998,9.600002017572763,88.67451451509217,-61.90174074198467,0.0,1,-2.6645352591003757e-14
3.4166666666666665,3416667,hold_bow,20.0,-10.0,0.0,70.0,0.9945218953682733,0.0,0.10452846326765347,0.0,-10.0,0.0,70.0,29.47705196306707,3.0941867063545203,0,feet,0.0,-0.40508863515185833,-0.31847203170959526,-39.470188425126075,63.70001399999999,9.600002218356572,-39.47705196306714,60.71151150841919,0.0,1,3.552713678800501e-15,0.0,-0.405088635151861,-0.3184720647008694,-39.47018842512595,-63.70001399999998,9.60000221835655,-39.477051963067,-60.71151150841919,0.0,1,-1.7763568394002505e-14,0.0,-0.5728796812049657,-0.8013690663275379,88.67980343761991,63.70001399999999,9.600002017572763,88.67451451509217,61.90174074198467,0.0,1,-2.6645352591003757e-14,0.0,-0.5728796812049657,-0.8013690663275379,88.67980343761991,-63.70001399999998,9.600002017572763,88.67451451509217,-61.90174074198467,0.0,1,-2.6645352591003757e-14
3.425,3425000,hold_bow,20.0,-10.0,0.0,70.0,0.9945218953682733,0.0,0.10452846326765347,0.0,-10.0,0.0,70.0,29.47705196306707,3.0941867063545203,0,feet,0.0,-0.40508863515185833,-0.31847203170959526,-39.470188425126075,63.70001399999999,9.600002218356572,-39.47705196306714,60.71151150841919,0.0,1,3.552713678800501e-15,0.0,-0.405088635151861,-0.3184720647008694,-39.47018842512595,-63.70001399999998,9.60000221835655,-39.477051963067,-60.71151150841919,0.0,1,-1.7763568394002505e-14,0.0,-0.5728796812049657,-0.8013690663275379,88.67980343761991,63.70001399999999,9.600002017572763,88.67451451509217,61.90174074198467,0.0,1,-2.6645352591003757e-14,0.0,-0.5728796812049657,-0.8013690663275379,88.67980343761991,-63.70001399999998,9.600002017572763,88.67451451509217,-61.90174074198467,0.0,1,-2.6645352591003757e-14
3.433333333333333,3433333,hold_bow,20.0,-10.0,0.0,70.0,0.9945218953682733,0.0,0.10452846326765347,0.0,-10.0,0.0,70.0,29.47705196306707,3.0941867063545203,0,feet,0.0,-0.40508863515185833,-0.31847203170959526,-39.470188425126075,63.70001399999999,9.600002218356572,-39.47705196306714,60.71151150841919,0.0,1,3.552713678800501e-15,0.0,-0.405088635151861,-0.3184720647008694,-39.47018842512595,-63.70001399999998,9.60000221835655,-39.477051963067,-60.71151150841919,0.0,1,-1.7763568394002505e-14,0.0,-0.5728796812049657,-0.8013690663275379,88.67980343761991,63.70001399999999,9.600002017572763,88.67451451509217,61.90174074198467,0.0,1,-2.6645352591003757e-14,0.0,-0.5728796812049657,-0.8013690663275379,88.67980343761991,-63.70001399999998,9.600002017572763,88.67451451509217,-61.90174074198467,0.0,1,-2.6645352591003757e-14
3.441666666666667,3441667,hold_bow,20.0,-10.0,0.0,70.0,0.9945218953682733,0.0,0.10452846326765347,0.0,-10.0,0.0,70.0,29.47705196306707,3.0941867063545203,0,feet,0.0,-0.40508863515185833,-0.31847203170959526,-39.470188425126075,63.70001399999999,9.600002218356572,-39.47705196306714,60.71151150841919,0.0,1,3.552713678800501e-15,0.0,-0.405088635151861,-0.3184720647008694,-39.47018842512595,-63.70001399999998,9.60000221835655,-39.477051963067,-60.71151150841919,0.0,1,-1.7763568394002505e-14,0.0,-0.5728796812049657,-0.8013690663275379,88.67980343761991,63.70001399999999,9.600002017572763,88.67451451509217,61.90174074198467,0.0,1,-2.6645352591003757e-14,0.0,-0.5728796812049657,-0.8013690663275379,88.67980343761991,-63.70001399999998,9.600002017572763,88.67451451509217,-61.90174074198467,0.0,1,-2.6645352591003757e-14
3.45,3450000,hold_bow,20.0,-10.0,0.0,70.0,0.9945218953682733,0.0,0.10452846326765347,0.0,-10.0,0.0,70.0,29.47705196306707,3.0941867063545203,0,feet,0.0,-0.40508863515185833,-0.31847203170959526,-39.470188425126075,63.70001399999999,9.600002218356572,-39.47705196306714,60.71151150841919,0.0,1,3.552713678800501e-15,0.0,-0.405088635151861,-0.3184720647008694,-39.47018842512595,-63.70001399999998,9.60000221835655,-39.477051963067,-60.71151150841919,0.0,1,-1.7763568394002505e-14,0.0,-0.5728796812049657,-0.8013690663275379,88.67980343761991,63.70001399999999,9.600002017572763,88.67451451509217,61.90174074198467,0.0,1,-2.6645352591003757e-14,0.0,-0.5728796812049657,-0.8013690663275379,88.67980343761991,-63.70001399999998,9.600002017572763,88.67451451509217,-61.90174074198467,0.0,1,-2.6645352591003757e-14
3.4583333333333335,3458333,hold_bow,20.0,-10.0,0.0,70.0,0.9945218953682733,0.0,0.10452846326765347,0.0,-10.0,0.0,70.0,29.47705196306707,3.0941867063545203,0,feet,0.0,-0.40508863515185833,-0.31847203170959526,-39.470188425126075,63.70001399999999,9.600002218356572,-39.47705196306714,60.71151150841919,0.0,1,3.552713678800501e-15,0.0,-0.405088635151861,-0.3184720647008694,-39.47018842512595,-63.70001399999998,9.60000221835655,-39.477051963067,-60.71151150841919,0.0,1,-1.7763568394002505e-14,0.0,-0.5728796812049657,-0.8013690663275379,88.67980343761991,63.70001399999999,9.600002017572763,88.67451451509217,61.90174074198467,0.0,1,-2.6645352591003757e-14,0.0,-0.5728796812049657,-0.8013690663275379,88.67980343761991,-63.70001399999998,9.600002017572763,88.67451451509217,-61.90174074198467,0.0,1,-2.6645352591003757e-14
3.466666666666667,3466667,hold_bow,20.0,-10.0,0.0,70.0,0.9945218953682733,0.0,0.10452846326765347,0.0,-10.0,0.0,70.0,29.47705196306707,3.0941867063545203,0,feet,0.0,-0.40508863515185833,-0.31847203170959526,-39.470188425126075,63.70001399999999,9.600002218356572,-39.47705196306714,60.71151150841919,0.0,1,3.552713678800501e-15,0.0,-0.405088635151861,-0.3184720647008694,-39.47018842512595,-63.70001399999998,9.60000221835655,-39.477051963067,-60.71151150841919,0.0,1,-1.7763568394002505e-14,0.0,-0.5728796812049657,-0.8013690663275379,88.67980343761991,63.70001399999999,9.600002017572763,88.67451451509217,61.90174074198467,0.0,1,-2.6645352591003757e-14,0.0,-0.5728796812049657,-0.8013690663275379,88.67980343761991,-63.70001399999998,9.600002017572763,88.67451451509217,-61.90174074198467,0.0,1,-2.6645352591003757e-14
3.475,3475000,hold_bow,20.0,-10.0,0.0,70.0,0.9945218953682733,0.0,0.10452846326765347,0.0,-10.0,0.0,70.0,29.47705196306707,3.0941867063545203,0,feet,0.0,-0.40508863515185833,-0.31847203170959526,-39.470188425126075,63.70001399999999,9.600002218356572,-39.47705196306714,60.71151150841919,0.0,1,3.552713678800501e-15,0.0,-0.405088635151861,-0.3184720647008694,-39.47018842512595,-63.70001399999998,9.60000221835655,-39.477051963067,-60.71151150841919,0.0,1,-1.7763568394002505e-14,0.0,-0.5728796812049657,-0.8013690663275379,88.67980343761991,63.70001399999999,9.600002017572763,88.67451451509217,61.90174074198467,0.0,1,-2.6645352591003757e-14,0.0,-0.5728796812049657,-0.8013690663275379,88.67980343761991,-63.70001399999998,9.600002017572763,88.67451451509217,-61.90174074198467,0.0,1,-2.6645352591003757e-14
3.4833333333333334,3483333,hold_bow,20.0,-10.0,0.0,70.0,0.9945218953682733,0.0,0.10452846326765347,0.0,-10.0,0.0,70.0,29.47705196306707,3.0941867063545203,0,feet,0.0,-0.40508863515185833,-0.31847203170959526,-39.470188425126075,63.70001399999999,9.600002218356572,-39.47705196306714,60.71151150841919,0.0,1,3.552713678800501e-15,0.0,-0.405088635151861,-0.3184720647008694,-39.47018842512595,-63.70001399999998,9.60000221835655,-39.477051963067,-60.71151150841919,0.0,1,-1.7763568394002505e-14,0.0,-0.5728796812049657,-0.8013690663275379,88.67980343761991,63.70001399999999,9.600002017572763,88.67451451509217,61.90174074198467,0.0,1,-2.6645352591003757e-14,0.0,-0.5728796812049657,-0.8013690663275379,88.67980343761991,-63.70001399999998,9.600002017572763,88.67451451509217,-61.90174074198467,0.0,1,-2.6645352591003757e-14
3.4916666666666667,3491667,hold_bow,20.0,-10.0,0.0,70.0,0.9945218953682733,0.0,0.10452846326765347,0.0,-10.0,0.0,70.0,29.47705196306707,3.0941867063545203,0,feet,0.0,-0.40508863515185833,-0.31847203170959526,-39.470188425126075,63.70001399999999,9.600002218356572,-39.47705196306714,60.71151150841919,0.0,1,3.552713678800501e-15,0.0,-0.405088635151861,-0.3184720647008694,-39.47018842512595,-63.70001399999998,9.60000221835655,-39.477051963067,-60.71151150841919,0.0,1,-1.7763568394002505e-14,0.0,-0.5728796812049657,-0.8013690663275379,88.67980343761991,63.70001399999999,9.600002017572763,88.67451451509217,61.90174074198467,0.0,1,-2.6645352591003757e-14,0.0,-0.5728796812049657,-0.8013690663275379,88.67980343761991,-63.70001399999998,9.600002017572763,88.67451451509217,-61.90174074198467,0.0,1,-2.6645352591003757e-14
3.5,3500000,hold_bow,20.0,-10.0,0.0,70.0,0.9945218953682733,0.0,0.10452846326765347,0.0,-10.0,0.0,70.0,29.47705196306707,3.0941867063545203,0,feet,0.0,-0.40508863515185833,-0.31847203170959526,-39.470188425126075,63.70001399999999,9.600002218356572,-39.47705196306714,60.71151150841919,0.0,1,3.552713678800501e-15,0.0,-0.405088635151861,-0.3184720647008694,-39.47018842512595,-63.70001399999998,9.60000221835655,-39.477051963067,-60.71151150841919,0.0,1,-1.7763568394002505e-14,0.0,-0.5728796812049657,-0.8013690663275379,88.67980343761991,63.70001399999999,9.600002017572763,88.67451451509217,61.90174074198467,0.0,1,-2.6645352591003757e-14,0.0,-0.5728796812049657,-0.8013690663275379,88.67980343761991,-63.70001399999998,9.600002017572763,88.67451451509217,-61.90174074198467,0.0,1,-2.6645352591003757e-14
3.5083333333333333,3508333,hold_bow,20.0,-10.0,0.0,70.0,0.9945218953682733,0.0,0.10452846326765347,0.0,-10.0,0.0,70.0,29.47705196306707,3.0941867063545203,0,feet,0.0,-0.40508863515185833,-0.31847203170959526,-39.470188425126075,63.70001399999999,9.600002218356572,-39.47705196306714,60.71151150841919,0.0,1,3.552713678800501e-15,0.0,-0.405088635151861,-0.3184720647008694,-39.47018842512595,-63.70001399999998,9.60000221835655,-39.477051963067,-60.71151150841919,0.0,1,-1.7763568394002505e-14,0.0,-0.5728796812049657,-0.8013690663275379,88.67980343761991,63.70001399999999,9.600002017572763,88.67451451509217,61.90174074198467,0.0,1,-2.6645352591003757e-14,0.0,-0.5728796812049657,-0.8013690663275379,88.67980343761991,-63.70001399999998,9.600002017572763,88.67451451509217,-61.90174074198467,0.0,1,-2.6645352591003757e-14
3.5166666666666666,3516667,hold_bow,20.0,-10.0,0.0,70.0,0.9945218953682733,0.0,0.10452846326765347,0.0,-10.0,0.0,70.0,29.47705196306707,3.0941867063545203,0,feet,0.0,-0.40508863515185833,-0.31847203170959526,-39.470188425126075,63.70001399999999,9.600002218356572,-39.47705196306714,60.71151150841919,0.0,1,3.552713678800501e-15,0.0,-0.405088635151861,-0.3184720647008694,-39.47018842512595,-63.70001399999998,9.60000221835655,-39.477051963067,-60.71151150841919,0.0,1,-1.7763568394002505e-14,0.0,-0.5728796812049657,-0.8013690663275379,88.67980343761991,63.70001399999999,9.600002017572763,88.67451451509217,61.90174074198467,0.0,1,-2.6645352591003757e-14,0.0,-0.5728796812049657,-0.8013690663275379,88.67980343761991,-63.70001399999998,9.600002017572763,88.67451451509217,-61.90174074198467,0.0,1,-2.6645352591003757e-14
3.525,3525000,hold_bow,20.0,-10.0,0.0,70.0,0.9945218953682733,0.0,0.10452846326765347,0.0,-10.0,0.0,70.0,29.47705196306707,3.0941867063545203,0,feet,0.0,-0.40508863515185833,-0.31847203170959526,-39.470188425126075,63.70001399999999,9.600002218356572,-39.47705196306714,60.71151150841919,0.0,1,3.552713678800501e-15,0.0,-0.405088635151861,-0.3184720647008694,-39.47018842512595,-63.70001399999998,9.60000221835655,-39.477051963067,-60.71151150841919,0.0,1,-1.7763568394002505e-14,0.0,-0.5728796812049657,-0.8013690663275379,88.67980343761991,63.70001399999999,9.600002017572763,88.67451451509217,61.90174074198467,0.0,1,-2.6645352591003757e-14,0.0,-0.5728796812049657,-0.8013690663275379,88.67980343761991,-63.70001399999998,9.600002017572763,88.67451451509217,-61.90174074198467,0.0,1,-2.6645352591003757e-14
3.533333333333333,3533333,hold_bow,20.0,-10.0,0.0,70.0,0.9945218953682733,0.0,0.10452846326765347,0.0,-10.0,0.0,70.0,29.47705196306707,3.0941867063545203,0,feet,0.0,-0.40508863515185833,-0.31847203170959526,-39.470188425126075,63.70001399999999,9.600002218356572,-39.47705196306714,60.71151150841919,0.0,1,3.552713678800501e-15,0.0,-0.405088635151861,-0.3184720647008694,-39.47018842512595,-63.70001399999998,9.60000221835655,-39.477051963067,-60.71151150841919,0.0,1,-1.7763568394002505e-14,0.0,-0.5728796812049657,-0.8013690663275379,88.67980343761991,63.70001399999999,9.600002017572763,88.67451451509217,61.90174074198467,0.0,1,-2.6645352591003757e-14,0.0,-0.5728796812049657,-0.8013690663275379,88.67980343761991,-63.70001399999998,9.600002017572763,88.67451451509217,-61.90174074198467,0.0,1,-2.6645352591003757e-14
3.5416666666666665,3541667,hold_bow,20.0,-10.0,0.0,70.0,0.9945218953682733,0.0,0.10452846326765347,0.0,-10.0,0.0,70.0,29.47705196306707,3.0941867063545203,0,feet,0.0,-0.40508863515185833,-0.31847203170959526,-39.470188425126075,63.70001399999999,9.600002218356572,-39.47705196306714,60.71151150841919,0.0,1,3.552713678800501e-15,0.0,-0.405088635151861,-0.3184720647008694,-39.47018842512595,-63.70001399999998,9.60000221835655,-39.477051963067,-60.71151150841919,0.0,1,-1.7763568394002505e-14,0.0,-0.5728796812049657,-0.8013690663275379,88.67980343761991,63.70001399999999,9.600002017572763,88.67451451509217,61.90174074198467,0.0,1,-2.6645352591003757e-14,0.0,-0.5728796812049657,-0.8013690663275379,88.67980343761991,-63.70001399999998,9.600002017572763,88.67451451509217,-61.90174074198467,0.0,1,-2.6645352591003757e-14
3.55,3550000,hold_bow,20.0,-10.0,0.0,70.0,0.9945218953682733,0.0,0.10452846326765347,0.0,-10.0,0.0,70.0,29.47705196306707,3.0941867063545203,0,feet,0.0,-0.40508863515185833,-0.31847203170959526,-39.470188425126075,63.70001399999999,9.600002218356572,-39.47705196306714,60.71151150841919,0.0,1,3.552713678800501e-15,0.0,-0.405088635151861,-0.3184720647008694,-39.47018842512595,-63.70001399999998,9.60000221835655,-39.477051963067,-60.71151150841919,0.0,1,-1.7763568394002505e-14,0.0,-0.5728796812049657,-0.8013690663275379,88.67980343761991,63.70001399999999,9.600002017572763,88.67451451509217,61.90174074198467,0.0,1,-2.6645352591003757e-14,0.0,-0.5728796812049657,-0.8013690663275379,88.67980343761991,-63.70001399999998,9.600002017572763,88.67451451509217,-61.90174074198467,0.0,1,-2.6645352591003757e-14
3.558333333333333,3558333,hold_bow,20.0,-10.0,0.0,70.0,0.9945218953682733,0.0,0.10452846326765347,0.0,-10.0,0.0,70.0,29.47705196306707,3.0941867063545203,0,feet,0.0,-0.40508863515185833,-0.31847203170959526,-39.470188425126075,63.70001399999999,9.600002218356572,-39.47705196306714,60.71151150841919,0.0,1,3.552713678800501e-15,0.0,-0.405088635151861,-0.3184720647008694,-39.47018842512595,-63.70001399999998,9.60000221835655,-39.477051963067,-60.71151150841919,0.0,1,-1.7763568394002505e-14,0.0,-0.5728796812049657,-0.8013690663275379,88.67980343761991,63.70001399999999,9.600002017572763,88.67451451509217,61.90174074198467,0.0,1,-2.6645352591003757e-14,0.0,-0.5728796812049657,-0.8013690663275379,88.67980343761991,-63.70001399999998,9.600002017572763,88.67451451509217,-61.90174074198467,0.0,1,-2.6645352591003757e-14
3.566666666666667,3566667,hold_bow,20.0,-10.0,0.0,70.0,0.9945218953682733,0.0,0.10452846326765347,0.0,-10.0,0.0,70.0,29.47705196306707,3.0941867063545203,0,feet,0.0,-0.40508863515185833,-0.31847203170959526,-39.470188425126075,63.70001399999999,9.600002218356572,-39.47705196306714,60.71151150841919,0.0,1,3.552713678800501e-15,0.0,-0.405088635151861,-0.3184720647008694,-39.47018842512595,-63.70001399999998,9.60000221835655,-39.477051963067,-60.71151150841919,0.0,1,-1.7763568394002505e-14,0.0,-0.5728796812049657,-0.8013690663275379,88.67980343761991,63.70001399999999,9.600002017572763,88.67451451509217,61.90174074198467,0.0,1,-2.6645352591003757e-14,0.0,-0.5728796812049657,-0.8013690663275379,88.67980343761991,-63.70001399999998,9.600002017572763,88.67451451509217,-61.90174074198467,0.0,1,-2.6645352591003757e-14
3.575,3575000,hold_bow,20.0,-10.0,0.0,70.0,0.9945218953682733,0.0,0.10452846326765347,0.0,-10.0,0.0,70.0,29.47705196306707,3.0941867063545203,0,feet,0.0,-0.40508863515185833,-0.31847203170959526,-39.470188425126075,63.70001399999999,9.600002218356572,-39.47705196306714,60.71151150841919,0.0,1,3.552713678800501e-15,0.0,-0.405088635151861,-0.3184720647008694,-39.47018842512595,-63.70001399999998,9.60000221835655,-39.477051963067,-60.71151150841919,0.0,1,-1.7763568394002505e-14,0.0,-0.5728796812049657,-0.8013690663275379,88.67980343761991,63.70001399999999,9.600002017572763,88.67451451509217,61.90174074198467,0.0,1,-2.6645352591003757e-14,0.0,-0.5728796812049657,-0.8013690663275379,88.67980343761991,-63.70001399999998,9.600002017572763,88.67451451509217,-61.90174074198467,0.0,1,-2.6645352591003757e-14
3.5833333333333335,3583333,hold_bow,20.0,-10.0,0.0,70.0,0.9945218953682733,0.0,0.10452846326765347,0.0,-10.0,0.0,70.0,29.47705196306707,3.0941867063545203,0,feet,0.0,-0.40508863515185833,-0.31847203170959526,-39.470188425126075,63.70001399999999,9.600002218356572,-39.47705196306714,60.71151150841919,0.0,1,3.552713678800501e-15,0.0,-0.405088635151861,-0.3184720647008694,-39.47018842512595,-63.70001399999998,9.60000221835655,-39.477051963067,-60.71151150841919,0.0,1,-1.7763568394002505e-14,0.0,-0.5728796812049657,-0.8013690663275379,88.67980343761991,63.70001399999999,9.600002017572763,88.67451451509217,61.90174074198467,0.0,1,-2.6645352591003757e-14,0.0,-0.5728796812049657,-0.8013690663275379,88.67980343761991,-63.70001399999998,9.600002017572763,88.67451451509217,-61.90174074198467,0.0,1,-2.6645352591003757e-14
3.591666666666667,3591667,hold_bow,20.0,-10.0,0.0,70.0,0.9945218953682733,0.0,0.10452846326765347,0.0,-10.0,0.0,70.0,29.47705196306707,3.0941867063545203,0,feet,0.0,-0.40508863515185833,-0.31847203170959526,-39.470188425126075,63.70001399999999,9.600002218356572,-39.47705196306714,60.71151150841919,0.0,1,3.552713678800501e-15,0.0,-0.405088635151861,-0.3184720647008694,-39.47018842512595,-63.70001399999998,9.60000221835655,-39.477051963067,-60.71151150841919,0.0,1,-1.7763568394002505e-14,0.0,-0.5728796812049657,-0.8013690663275379,88.67980343761991,63.70001399999999,9.600002017572763,88.67451451509217,61.90174074198467,0.0,1,-2.6645352591003757e-14,0.0,-0.5728796812049657,-0.8013690663275379,88.67980343761991,-63.70001399999998,9.600002017572763,88.67451451509217,-61.90174074198467,0.0,1,-2.6645352591003757e-14
3.6,3600000,hold_bow,20.0,-10.0,0.0,70.0,0.9945218953682733,0.0,0.10452846326765347,0.0,-10.0,0.0,70.0,29.47705196306707,3.0941867063545203,0,feet,0.0,-0.40508863515185833,-0.31847203170959526,-39.470188425126075,63.70001399999999,9.600002218356572,-39.47705196306714,60.71151150841919,0.0,1,3.552713678800501e-15,0.0,-0.405088635151861,-0.3184720647008694,-39.47018842512595,-63.70001399999998,9.60000221835655,-39.477051963067,-60.71151150841919,0.0,1,-1.7763568394002505e-14,0.0,-0.5728796812049657,-0.8013690663275379,88.67980343761991,63.70001399999999,9.600002017572763,88.67451451509217,61.90174074198467,0.0,1,-2.6645352591003757e-14,0.0,-0.5728796812049657,-0.8013690663275379,88.67980343761991,-63.70001399999998,9.600002017572763,88.67451451509217,-61.90174074198467,0.0,1,-2.6645352591003757e-14
3.6083333333333334,3608333,hold_bow,20.0,-10.0,0.0,70.0,0.9945218953682733,0.0,0.10452846326765347,0.0,-10.0,0.0,70.0,29.47705196306707,3.0941867063545203,0,feet,0.0,-0.40508863515185833,-0.31847203170959526,-39.470188425126075,63.70001399999999,9.600002218356572,-39.47705196306714,60.71151150841919,0.0,1,3.552713678800501e-15,0.0,-0.405088635151861,-0.3184720647008694,-39.47018842512595,-63.70001399999998,9.60000221835655,-39.477051963067,-60.71151150841919,0.0,1,-1.7763568394002505e-14,0.0,-0.5728796812049657,-0.8013690663275379,88.67980343761991,63.70001399999999,9.600002017572763,88.67451451509217,61.90174074198467,0.0,1,-2.6645352591003757e-14,0.0,-0.5728796812049657,-0.8013690663275379,88.67980343761991,-63.70001399999998,9.600002017572763,88.67451451509217,-61.90174074198467,0.0,1,-2.6645352591003757e-14
3.6166666666666667,3616667,hold_bow,20.0,-10.0,0.0,70.0,0.9945218953682733,0.0,0.10452846326765347,0.0,-10.0,0.0,70.0,29.47705196306707,3.0941867063545203,0,feet,0.0,-0.40508863515185833,-0.31847203170959526,-39.470188425126075,63.70001399999999,9.600002218356572,-39.47705196306714,60.71151150841919,0.0,1,3.552713678800501e-15,0.0,-0.405088635151861,-0.3184720647008694,-39.47018842512595,-63.70001399999998,9.60000221835655,-39.477051963067,-60.71151150841919,0.0,1,-1.7763568394002505e-14,0.0,-0.5728796812049657,-0.8013690663275379,88.67980343761991,63.70001399999999,9.600002017572763,88.67451451509217,61.90174074198467,0.0,1,-2.6645352591003757e-14,0.0,-0.5728796812049657,-0.8013690663275379,88.67980343761991,-63.70001399999998,9.600002017572763,88.67451451509217,-61.90174074198467,0.0,1,-2.6645352591003757e-14
3.625,3625000,hold_bow,20.0,-10.0,0.0,70.0,0.9945218953682733,0.0,0.10452846326765347,0.0,-10.0,0.0,70.0,29.47705196306707,3.0941867063545203,0,feet,0.0,-0.40508863515185833,-0.31847203170959526,-39.470188425126075,63.70001399999999,9.600002218356572,-39.47705196306714,60.71151150841919,0.0,1,3.552713678800501e-15,0.0,-0.405088635151861,-0.3184720647008694,-39.47018842512595,-63.70001399999998,9.60000221835655,-39.477051963067,-60.71151150841919,0.0,1,-1.7763568394002505e-14,0.0,-0.5728796812049657,-0.8013690663275379,88.67980343761991,63.70001399999999,9.600002017572763,88.67451451509217,61.90174074198467,0.0,1,-2.6645352591003757e-14,0.0,-0.5728796812049657,-0.8013690663275379,88.67980343761991,-63.70001399999998,9.600002017572763,88.67451451509217,-61.90174074198467,0.0,1,-2.6645352591003757e-14
3.6333333333333333,3633333,hold_bow,20.0,-10.0,0.0,70.0,0.9945218953682733,0.0,0.10452846326765347,0.0,-10.0,0.0,70.0,29.47705196306707,3.0941867063545203,0,feet,0.0,-0.40508863515185833,-0.31847203170959526,-39.470188425126075,63.70001399999999,9.600002218356572,-39.47705196306714,60.71151150841919,0.0,1,3.552713678800501e-15,0.0,-0.405088635151861,-0.3184720647008694,-39.47018842512595,-63.70001399999998,9.60000221835655,-39.477051963067,-60.71151150841919,0.0,1,-1.7763568394002505e-14,0.0,-0.5728796812049657,-0.8013690663275379,88.67980343761991,63.70001399999999,9.600002017572763,88.67451451509217,61.90174074198467,0.0,1,-2.6645352591003757e-14,0.0,-0.5728796812049657,-0.8013690663275379,88.67980343761991,-63.70001399999998,9.600002017572763,88.67451451509217,-61.90174074198467,0.0,1,-2.6645352591003757e-14
3.6416666666666666,3641667,hold_bow,20.0,-10.0,0.0,70.0,0.9945218953682733,0.0,0.10452846326765347,0.0,-10.0,0.0,70.0,29.47705196306707,3.0941867063545203,0,feet,0.0,-0.40508863515185833,-0.31847203170959526,-39.470188425126075,63.70001399999999,9.600002218356572,-39.47705196306714,60.71151150841919,0.0,1,3.552713678800501e-15,0.0,-0.405088635151861,-0.3184720647008694,-39.47018842512595,-63.70001399999998,9.60000221835655,-39.477051963067,-60.71151150841919,0.0,1,-1.7763568394002505e-14,0.0,-0.5728796812049657,-0.8013690663275379,88.67980343761991,63.70001399999999,9.600002017572763,88.67451451509217,61.90174074198467,0.0,1,-2.6645352591003757e-14,0.0,-0.5728796812049657,-0.8013690663275379,88.67980343761991,-63.70001399999998,9.600002017572763,88.67451451509217,-61.90174074198467,0.0,1,-2.6645352591003757e-14
3.65,3650000,hold_bow,20.0,-10.0,0.0,70.0,0.9945218953682733,0.0,0.10452846326765347,0.0,-10.0,0.0,70.0,29.47705196306707,3.0941867063545203,0,feet,0.0,-0.40508863515185833,-0.31847203170959526,-39.470188425126075,63.70001399999999,9.600002218356572,-39.47705196306714,60.71151150841919,0.0,1,3.552713678800501e-15,0.0,-0.405088635151861,-0.3184720647008694,-39.47018842512595,-63.70001399999998,9.60000221835655,-39.477051963067,-60.71151150841919,0.0,1,-1.7763568394002505e-14,0.0,-0.5728796812049657,-0.8013690663275379,88.67980343761991,63.70001399999999,9.600002017572763,88.67451451509217,61.90174074198467,0.0,1,-2.6645352591003757e-14,0.0,-0.5728796812049657,-0.8013690663275379,88.67980343761991,-63.70001399999998,9.600002017572763,88.67451451509217,-61.90174074198467,0.0,1,-2.6645352591003757e-14
3.658333333333333,3658333,hold_bow,20.0,-10.0,0.0,70.0,0.9945218953682733,0.0,0.10452846326765347,0.0,-10.0,0.0,70.0,29.47705196306707,3.0941867063545203,0,feet,0.0,-0.40508863515185833,-0.31847203170959526,-39.470188425126075,63.70001399999999,9.600002218356572,-39.47705196306714,60.71151150841919,0.0,1,3.552713678800501e-15,0.0,-0.405088635151861,-0.3184720647008694,-39.47018842512595,-63.70001399999998,9.60000221835655,-39.477051963067,-60.71151150841919,0.0,1,-1.7763568394002505e-14,0.0,-0.5728796812049657,-0.8013690663275379,88.67980343761991,63.70001399999999,9.600002017572763,88.67451451509217,61.90174074198467,0.0,1,-2.6645352591003757e-14,0.0,-0.5728796812049657,-0.8013690663275379,88.67980343761991,-63.70001399999998,9.600002017572763,88.67451451509217,-61.90174074198467,0.0,1,-2.6645352591003757e-14
3.6666666666666665,3666667,hold_bow,20.0,-10.0,0.0,70.0,0.9945218953682733,0.0,0.10452846326765347,0.0,-10.0,0.0,70.0,29.47705196306707,3.0941867063545203,0,feet,0.0,-0.40508863515185833,-0.31847203170959526,-39.470188425126075,63.70001399999999,9.600002218356572,-39.47705196306714,60.71151150841919,0.0,1,3.552713678800501e-15,0.0,-0.405088635151861,-0.3184720647008694,-39.47018842512595,-63.70001399999998,9.60000221835655,-39.477051963067,-60.71151150841919,0.0,1,-1.7763568394002505e-14,0.0,-0.5728796812049657,-0.8013690663275379,88.67980343761991,63.70001399999999,9.600002017572763,88.67451451509217,61.90174074198467,0.0,1,-2.6645352591003757e-14,0.0,-0.5728796812049657,-0.8013690663275379,88.67980343761991,-63.70001399999998,9.600002017572763,88.67451451509217,-61.90174074198467,0.0,1,-2.6645352591003757e-14
3.675,3675000,hold_bow,20.0,-10.0,0.0,70.0,0.9945218953682733,0.0,0.10452846326765347,0.0,-10.0,0.0,70.0,29.47705196306707,3.0941867063545203,0,feet,0.0,-0.40508863515185833,-0.31847203170959526,-39.470188425126075,63.70001399999999,9.600002218356572,-39.47705196306714,60.71151150841919,0.0,1,3.552713678800501e-15,0.0,-0.405088635151861,-0.3184720647008694,-39.47018842512595,-63.70001399999998,9.60000221835655,-39.477051963067,-60.71151150841919,0.0,1,-1.7763568394002505e-14,0.0,-0.5728796812049657,-0.8013690663275379,88.67980343761991,63.70001399999999,9.600002017572763,88.67451451509217,61.90174074198467,0.0,1,-2.6645352591003757e-14,0.0,-0.5728796812049657,-0.8013690663275379,88.67980343761991,-63.70001399999998,9.600002017572763,88.67451451509217,-61.90174074198467,0.0,1,-2.6645352591003757e-14
3.683333333333333,3683333,hold_bow,20.0,-10.0,0.0,70.0,0.9945218953682733,0.0,0.10452846326765347,0.0,-10.0,0.0,70.0,29.47705196306707,3.0941867063545203,0,feet,0.0,-0.40508863515185833,-0.31847203170959526,-39.470188425126075,63.70001399999999,9.600002218356572,-39.47705196306714,60.71151150841919,0.0,1,3.552713678800501e-15,0.0,-0.405088635151861,-0.3184720647008694,-39.47018842512595,-63.70001399999998,9.60000221835655,-39.477051963067,-60.71151150841919,0.0,1,-1.7763568394002505e-14,0.0,-0.5728796812049657,-0.8013690663275379,88.67980343761991,63.70001399999999,9.600002017572763,88.67451451509217,61.90174074198467,0.0,1,-2.6645352591003757e-14,0.0,-0.5728796812049657,-0.8013690663275379,88.67980343761991,-63.70001399999998,9.600002017572763,88.67451451509217,-61.90174074198467,0.0,1,-2.6645352591003757e-14
3.691666666666667,3691667,hold_bow,20.0,-10.0,0.0,70.0,0.9945218953682733,0.0,0.10452846326765347,0.0,-10.0,0.0,70.0,29.47705196306707,3.0941867063545203,0,feet,0.0,-0.40508863515185833,-0.31847203170959526,-39.470188425126075,63.70001399999999,9.600002218356572,-39.47705196306714,60.71151150841919,0.0,1,3.552713678800501e-15,0.0,-0.405088635151861,-0.3184720647008694,-39.47018842512595,-63.70001399999998,9.60000221835655,-39.477051963067,-60.71151150841919,0.0,1,-1.7763568394002505e-14,0.0,-0.5728796812049657,-0.8013690663275379,88.67980343761991,63.70001399999999,9.600002017572763,88.67451451509217,61.90174074198467,0.0,1,-2.6645352591003757e-14,0.0,-0.5728796812049657,-0.8013690663275379,88.67980343761991,-63.70001399999998,9.600002017572763,88.67451451509217,-61.90174074198467,0.0,1,-2.6645352591003757e-14
3.7,3700000,hold_bow,20.0,-10.0,0.0,70.0,0.9945218953682733,0.0,0.10452846326765347,0.0,-10.0,0.0,70.0,29.47705196306707,3.0941867063545203,0,feet,0.0,-0.40508863515185833,-0.31847203170959526,-39.470188425126075,63.70001399999999,9.600002218356572,-39.47705196306714,60.71151150841919,0.0,1,3.552713678800501e-15,0.0,-0.405088635151861,-0.3184720647008694,-39.47018842512595,-63.70001399999998,9.60000221835655,-39.477051963067,-60.71151150841919,0.0,1,-1.7763568394002505e-14,0.0,-0.5728796812049657,-0.8013690663275379,88.67980343761991,63.70001399999999,9.600002017572763,88.67451451509217,61.90174074198467,0.0,1,-2.6645352591003757e-14,0.0,-0.5728796812049657,-0.8013690663275379,88.67980343761991,-63.70001399999998,9.600002017572763,88.67451451509217,-61.90174074198467,0.0,1,-2.6645352591003757e-14
3.7083333333333335,3708333,hold_bow,20.0,-10.0,0.0,70.0,0.9945218953682733,0.0,0.10452846326765347,0.0,-10.0,0.0,70.0,29.47705196306707,3.0941867063545203,0,feet,0.0,-0.40508863515185833,-0.31847203170959526,-39.470188425126075,63.70001399999999,9.600002218356572,-39.47705196306714,60.71151150841919,0.0,1,3.552713678800501e-15,0.0,-0.405088635151861,-0.3184720647008694,-39.47018842512595,-63.70001399999998,9.60000221835655,-39.477051963067,-60.71151150841919,0.0,1,-1.7763568394002505e-14,0.0,-0.5728796812049657,-0.8013690663275379,88.67980343761991,63.70001399999999,9.600002017572763,88.67451451509217,61.90174074198467,0.0,1,-2.6645352591003757e-14,0.0,-0.5728796812049657,-0.8013690663275379,88.67980343761991,-63.70001399999998,9.600002017572763,88.67451451509217,-61.90174074198467,0.0,1,-2.6645352591003757e-14
3.716666666666667,3716667,hold_bow,20.0,-10.0,0.0,70.0,0.9945218953682733,0.0,0.10452846326765347,0.0,-10.0,0.0,70.0,29.47705196306707,3.0941867063545203,0,feet,0.0,-0.40508863515185833,-0.31847203170959526,-39.470188425126075,63.70001399999999,9.600002218356572,-39.47705196306714,60.71151150841919,0.0,1,3.552713678800501e-15,0.0,-0.405088635151861,-0.3184720647008694,-39.47018842512595,-63.70001399999998,9.60000221835655,-39.477051963067,-60.71151150841919,0.0,1,-1.7763568394002505e-14,0.0,-0.5728796812049657,-0.8013690663275379,88.67980343761991,63.70001399999999,9.600002017572763,88.67451451509217,61.90174074198467,0.0,1,-2.6645352591003757e-14,0.0,-0.5728796812049657,-0.8013690663275379,88.67980343761991,-63.70001399999998,9.600002017572763,88.67451451509217,-61.90174074198467,0.0,1,-2.6645352591003757e-14
3.725,3725000,hold_bow,20.0,-10.0,0.0,70.0,0.9945218953682733,0.0,0.10452846326765347,0.0,-10.0,0.0,70.0,29.47705196306707,3.0941867063545203,0,feet,0.0,-0.40508863515185833,-0.31847203170959526,-39.470188425126075,63.70001399999999,9.600002218356572,-39.47705196306714,60.71151150841919,0.0,1,3.552713678800501e-15,0.0,-0.405088635151861,-0.3184720647008694,-39.47018842512595,-63.70001399999998,9.60000221835655,-39.477051963067,-60.71151150841919,0.0,1,-1.7763568394002505e-14,0.0,-0.5728796812049657,-0.8013690663275379,88.67980343761991,63.70001399999999,9.600002017572763,88.67451451509217,61.90174074198467,0.0,1,-2.6645352591003757e-14,0.0,-0.5728796812049657,-0.8013690663275379,88.67980343761991,-63.70001399999998,9.600002017572763,88.67451451509217,-61.90174074198467,0.0,1,-2.6645352591003757e-14
3.7333333333333334,3733333,hold_bow,20.0,-10.0,0.0,70.0,0.9945218953682733,0.0,0.10452846326765347,0.0,-10.0,0.0,70.0,29.47705196306707,3.0941867063545203,0,feet,0.0,-0.40508863515185833,-0.31847203170959526,-39.470188425126075,63.70001399999999,9.600002218356572,-39.47705196306714,60.71151150841919,0.0,1,3.552713678800501e-15,0.0,-0.405088635151861,-0.3184720647008694,-39.47018842512595,-63.70001399999998,9.60000221835655,-39.477051963067,-60.71151150841919,0.0,1,-1.7763568394002505e-14,0.0,-0.5728796812049657,-0.8013690663275379,88.67980343761991,63.70001399999999,9.600002017572763,88.67451451509217,61.90174074198467,0.0,1,-2.6645352591003757e-14,0.0,-0.5728796812049657,-0.8013690663275379,88.67980343761991,-63.70001399999998,9.600002017572763,88.67451451509217,-61.90174074198467,0.0,1,-2.6645352591003757e-14
3.7416666666666667,3741667,hold_bow,20.0,-10.0,0.0,70.0,0.9945218953682733,0.0,0.10452846326765347,0.0,-10.0,0.0,70.0,29.47705196306707,3.0941867063545203,0,feet,0.0,-0.40508863515185833,-0.31847203170959526,-39.470188425126075,63.70001399999999,9.600002218356572,-39.47705196306714,60.71151150841919,0.0,1,3.552713678800501e-15,0.0,-0.405088635151861,-0.3184720647008694,-39.47018842512595,-63.70001399999998,9.60000221835655,-39.477051963067,-60.71151150841919,0.0,1,-1.7763568394002505e-14,0.0,-0.5728796812049657,-0.8013690663275379,88.67980343761991,63.70001399999999,9.600002017572763,88.67451451509217,61.90174074198467,0.0,1,-2.6645352591003757e-14,0.0,-0.5728796812049657,-0.8013690663275379,88.67980343761991,-63.70001399999998,9.600002017572763,88.67451451509217,-61.90174074198467,0.0,1,-2.6645352591003757e-14
3.75,3750000,hold_bow,20.0,-10.0,0.0,70.0,0.9945218953682733,0.0,0.10452846326765347,0.0,-10.0,0.0,70.0,29.47705196306707,3.0941867063545203,0,feet,0.0,-0.40508863515185833,-0.31847203170959526,-39.470188425126075,63.70001399999999,9.600002218356572,-39.47705196306714,60.71151150841919,0.0,1,3.552713678800501e-15,0.0,-0.405088635151861,-0.3184720647008694,-39.47018842512595,-63.70001399999998,9.60000221835655,-39.477051963067,-60.71151150841919,0.0,1,-1.7763568394002505e-14,0.0,-0.5728796812049657,-0.8013690663275379,88.67980343761991,63.70001399999999,9.600002017572763,88.67451451509217,61.90174074198467,0.0,1,-2.6645352591003757e-14,0.0,-0.5728796812049657,-0.8013690663275379,88.67980343761991,-63.70001399999998,9.600002017572763,88.67451451509217,-61.90174074198467,0.0,1,-2.6645352591003757e-14
3.7583333333333333,3758333,hold_bow,20.0,-10.0,0.0,70.0,0.9945218953682733,0.0,0.10452846326765347,0.0,-10.0,0.0,70.0,29.47705196306707,3.0941867063545203,0,feet,0.0,-0.40508863515185833,-0.31847203170959526,-39.470188425126075,63.70001399999999,9.600002218356572,-39.47705196306714,60.71151150841919,0.0,1,3.552713678800501e-15,0.0,-0.405088635151861,-0.3184720647008694,-39.47018842512595,-63.70001399999998,9.60000221835655,-39.477051963067,-60.71151150841919,0.0,1,-1.7763568394002505e-14,0.0,-0.5728796812049657,-0.8013690663275379,88.67980343761991,63.70001399999999,9.600002017572763,88.67451451509217,61.90174074198467,0.0,1,-2.6645352591003757e-14,0.0,-0.5728796812049657,-0.8013690663275379,88.67980343761991,-63.70001399999998,9.600002017572763,88.67451451509217,-61.90174074198467,0.0,1,-2.6645352591003757e-14
3.7666666666666666,3766667,hold_bow,20.0,-10.0,0.0,70.0,0.9945218953682733,0.0,0.10452846326765347,0.0,-10.0,0.0,70.0,29.47705196306707,3.0941867063545203,0,feet,0.0,-0.40508863515185833,-0.31847203170959526,-39.470188425126075,63.70001399999999,9.600002218356572,-39.47705196306714,60.71151150841919,0.0,1,3.552713678800501e-15,0.0,-0.405088635151861,-0.3184720647008694,-39.47018842512595,-63.70001399999998,9.60000221835655,-39.477051963067,-60.71151150841919,0.0,1,-1.7763568394002505e-14,0.0,-0.5728796812049657,-0.8013690663275379,88.67980343761991,63.70001399999999,9.600002017572763,88.67451451509217,61.90174074198467,0.0,1,-2.6645352591003757e-14,0.0,-0.5728796812049657,-0.8013690663275379,88.67980343761991,-63.70001399999998,9.600002017572763,88.67451451509217,-61.90174074198467,0.0,1,-2.6645352591003757e-14
3.775,3775000,hold_bow,20.0,-10.0,0.0,70.0,0.9945218953682733,0.0,0.10452846326765347,0.0,-10.0,0.0,70.0,29.47705196306707,3.0941867063545203,0,feet,0.0,-0.40508863515185833,-0.31847203170959526,-39.470188425126075,63.70001399999999,9.600002218356572,-39.47705196306714,60.71151150841919,0.0,1,3.552713678800501e-15,0.0,-0.405088635151861,-0.3184720647008694,-39.47018842512595,-63.70001399999998,9.60000221835655,-39.477051963067,-60.71151150841919,0.0,1,-1.7763568394002505e-14,0.0,-0.5728796812049657,-0.8013690663275379,88.67980343761991,63.70001399999999,9.600002017572763,88.67451451509217,61.90174074198467,0.0,1,-2.6645352591003757e-14,0.0,-0.5728796812049657,-0.8013690663275379,88.67980343761991,-63.70001399999998,9.600002017572763,88.67451451509217,-61.90174074198467,0.0,1,-2.6645352591003757e-14
3.783333333333333,3783333,hold_bow,20.0,-10.0,0.0,70.0,0.9945218953682733,0.0,0.10452846326765347,0.0,-10.0,0.0,70.0,29.47705196306707,3.0941867063545203,0,feet,0.0,-0.40508863515185833,-0.31847203170959526,-39.470188425126075,63.70001399999999,9.600002218356572,-39.47705196306714,60.71151150841919,0.0,1,3.552713678800501e-15,0.0,-0.405088635151861,-0.3184720647008694,-39.47018842512595,-63.70001399999998,9.60000221835655,-39.477051963067,-60.71151150841919,0.0,1,-1.7763568394002505e-14,0.0,-0.5728796812049657,-0.8013690663275379,88.67980343761991,63.70001399999999,9.600002017572763,88.67451451509217,61.90174074198467,0.0,1,-2.6645352591003757e-14,0.0,-0.5728796812049657,-0.8013690663275379,88.67980343761991,-63.70001399999998,9.600002017572763,88.67451451509217,-61.90174074198467,0.0,1,-2.6645352591003757e-14
3.7916666666666665,3791667,hold_bow,20.0,-10.0,0.0,70.0,0.9945218953682733,0.0,0.10452846326765347,0.0,-10.0,0.0,70.0,29.47705196306707,3.0941867063545203,0,feet,0.0,-0.40508863515185833,-0.31847203170959526,-39.470188425126075,63.70001399999999,9.600002218356572,-39.47705196306714,60.71151150841919,0.0,1,3.552713678800501e-15,0.0,-0.405088635151861,-0.3184720647008694,-39.47018842512595,-63.70001399999998,9.60000221835655,-39.477051963067,-60.71151150841919,0.0,1,-1.7763568394002505e-14,0.0,-0.5728796812049657,-0.8013690663275379,88.67980343761991,63.70001399999999,9.600002017572763,88.67451451509217,61.90174074198467,0.0,1,-2.6645352591003757e-14,0.0,-0.5728796812049657,-0.8013690663275379,88.67980343761991,-63.70001399999998,9.600002017572763,88.67451451509217,-61.90174074198467,0.0,1,-2.6645352591003757e-14
3.8,3800000,hold_bow,20.0,-10.0,0.0,70.0,0.9945218953682733,0.0,0.10452846326765347,0.0,-10.0,0.0,70.0,29.47705196306707,3.0941867063545203,0,feet,0.0,-0.40508863515185833,-0.31847203170959526,-39.470188425126075,63.70001399999999,9.600002218356572,-39.47705196306714,60.71151150841919,0.0,1,3.552713678800501e-15,0.0,-0.405088635151861,-0.3184720647008694,-39.47018842512595,-63.70001399999998,9.60000221835655,-39.477051963067,-60.71151150841919,0.0,1,-1.7763568394002505e-14,0.0,-0.5728796812049657,-0.8013690663275379,88.67980343761991,63.70001399999999,9.600002017572763,88.67451451509217,61.90174074198467,0.0,1,-2.6645352591003757e-14,0.0,-0.5728796812049657,-0.8013690663275379,88.67980343761991,-63.70001399999998,9.600002017572763,88.67451451509217,-61.90174074198467,0.0,1,-2.6645352591003757e-14
3.808333333333333,3808333,hold_bow,20.0,-10.0,0.0,70.0,0.9945218953682733,0.0,0.10452846326765347,0.0,-10.0,0.0,70.0,29.47705196306707,3.0941867063545203,0,feet,0.0,-0.40508863515185833,-0.31847203170959526,-39.470188425126075,63.70001399999999,9.600002218356572,-39.47705196306714,60.71151150841919,0.0,1,3.552713678800501e-15,0.0,-0.405088635151861,-0.3184720647008694,-39.47018842512595,-63.70001399999998,9.60000221835655,-39.477051963067,-60.71151150841919,0.0,1,-1.7763568394002505e-14,0.0,-0.5728796812049657,-0.8013690663275379,88.67980343761991,63.70001399999999,9.600002017572763,88.67451451509217,61.90174074198467,0.0,1,-2.6645352591003757e-14,0.0,-0.5728796812049657,-0.8013690663275379,88.67980343761991,-63.70001399999998,9.600002017572763,88.67451451509217,-61.90174074198467,0.0,1,-2.6645352591003757e-14
3.816666666666667,3816667,hold_bow,20.0,-10.0,0.0,70.0,0.9945218953682733,0.0,0.10452846326765347,0.0,-10.0,0.0,70.0,29.47705196306707,3.0941867063545203,0,feet,0.0,-0.40508863515185833,-0.31847203170959526,-39.470188425126075,63.70001399999999,9.600002218356572,-39.47705196306714,60.71151150841919,0.0,1,3.552713678800501e-15,0.0,-0.405088635151861,-0.3184720647008694,-39.47018842512595,-63.70001399999998,9.60000221835655,-39.477051963067,-60.71151150841919,0.0,1,-1.7763568394002505e-14,0.0,-0.5728796812049657,-0.8013690663275379,88.67980343761991,63.70001399999999,9.600002017572763,88.67451451509217,61.90174074198467,0.0,1,-2.6645352591003757e-14,0.0,-0.5728796812049657,-0.8013690663275379,88.67980343761991,-63.70001399999998,9.600002017572763,88.67451451509217,-61.90174074198467,0.0,1,-2.6645352591003757e-14
3.825,3825000,hold_bow,20.0,-10.0,0.0,70.0,0.9945218953682733,0.0,0.10452846326765347,0.0,-10.0,0.0,70.0,29.47705196306707,3.0941867063545203,0,feet,0.0,-0.40508863515185833,-0.31847203170959526,-39.470188425126075,63.70001399999999,9.600002218356572,-39.47705196306714,60.71151150841919,0.0,1,3.552713678800501e-15,0.0,-0.405088635151861,-0.3184720647008694,-39.47018842512595,-63.70001399999998,9.60000221835655,-39.477051963067,-60.71151150841919,0.0,1,-1.7763568394002505e-14,0.0,-0.5728796812049657,-0.8013690663275379,88.67980343761991,63.70001399999999,9.600002017572763,88.67451451509217,61.90174074198467,0.0,1,-2.6645352591003757e-14,0.0,-0.5728796812049657,-0.8013690663275379,88.67980343761991,-63.70001399999998,9.600002017572763,88.67451451509217,-61.90174074198467,0.0,1,-2.6645352591003757e-14
3.8333333333333335,3833333,hold_bow,20.0,-10.0,0.0,70.0,0.9945218953682733,0.0,0.10452846326765347,0.0,-10.0,0.0,70.0,29.47705196306707,3.0941867063545203,0,feet,0.0,-0.40508863515185833,-0.31847203170959526,-39.470188425126075,63.70001399999999,9.600002218356572,-39.47705196306714,60.71151150841919,0.0,1,3.552713678800501e-15,0.0,-0.405088635151861,-0.3184720647008694,-39.47018842512595,-63.70001399999998,9.60000221835655,-39.477051963067,-60.71151150841919,0.0,1,-1.7763568394002505e-14,0.0,-0.5728796812049657,-0.8013690663275379,88.67980343761991,63.70001399999999,9.600002017572763,88.67451451509217,61.90174074198467,0.0,1,-2.6645352591003757e-14,0.0,-0.5728796812049657,-0.8013690663275379,88.67980343761991,-63.70001399999998,9.600002017572763,88.67451451509217,-61.90174074198467,0.0,1,-2.6645352591003757e-14
3.841666666666667,3841667,hold_bow,20.0,-10.0,0.0,70.0,0.9945218953682733,0.0,0.10452846326765347,0.0,-10.0,0.0,70.0,29.47705196306707,3.0941867063545203,0,feet,0.0,-0.40508863515185833,-0.31847203170959526,-39.470188425126075,63.70001399999999,9.600002218356572,-39.47705196306714,60.71151150841919,0.0,1,3.552713678800501e-15,0.0,-0.405088635151861,-0.3184720647008694,-39.47018842512595,-63.70001399999998,9.60000221835655,-39.477051963067,-60.71151150841919,0.0,1,-1.7763568394002505e-14,0.0,-0.5728796812049657,-0.8013690663275379,88.67980343761991,63.70001399999999,9.600002017572763,88.67451451509217,61.90174074198467,0.0,1,-2.6645352591003757e-14,0.0,-0.5728796812049657,-0.8013690663275379,88.67980343761991,-63.70001399999998,9.600002017572763,88.67451451509217,-61.90174074198467,0.0,1,-2.6645352591003757e-14
3.85,3850000,hold_bow,20.0,-10.0,0.0,70.0,0.9945218953682733,0.0,0.10452846326765347,0.0,-10.0,0.0,70.0,29.47705196306707,3.0941867063545203,0,feet,0.0,-0.40508863515185833,-0.31847203170959526,-39.470188425126075,63.70001399999999,9.600002218356572,-39.47705196306714,60.71151150841919,0.0,1,3.552713678800501e-15,0.0,-0.405088635151861,-0.3184720647008694,-39.47018842512595,-63.70001399999998,9.60000221835655,-39.477051963067,-60.71151150841919,0.0,1,-1.7763568394002505e-14,0.0,-0.5728796812049657,-0.8013690663275379,88.67980343761991,63.70001399999999,9.600002017572763,88.67451451509217,61.90174074198467,0.0,1,-2.6645352591003757e-14,0.0,-0.5728796812049657,-0.8013690663275379,88.67980343761991,-63.70001399999998,9.600002017572763,88.67451451509217,-61.90174074198467,0.0,1,-2.6645352591003757e-14
3.8583333333333334,3858333,hold_bow,20.0,-10.0,0.0,70.0,0.9945218953682733,0.0,0.10452846326765347,0.0,-10.0,0.0,70.0,29.47705196306707,3.0941867063545203,0,feet,0.0,-0.40508863515185833,-0.31847203170959526,-39.470188425126075,63.70001399999999,9.600002218356572,-39.47705196306714,60.71151150841919,0.0,1,3.552713678800501e-15,0.0,-0.405088635151861,-0.3184720647008694,-39.47018842512595,-63.70001399999998,9.60000221835655,-39.477051963067,-60.71151150841919,0.0,1,-1.7763568394002505e-14,0.0,-0.5728796812049657,-0.8013690663275379,88.67980343761991,63.70001399999999,9.600002017572763,88.67451451509217,61.90174074198467,0.0,1,-2.6645352591003757e-14,0.0,-0.5728796812049657,-0.8013690663275379,88.67980343761991,-63.70001399999998,9.600002017572763,88.67451451509217,-61.90174074198467,0.0,1,-2.6645352591003757e-14
3.8666666666666667,3866667,hold_bow,20.0,-10.0,0.0,70.0,0.9945218953682733,0.0,0.10452846326765347,0.0,-10.0,0.0,70.0,29.47705196306707,3.0941867063545203,0,feet,0.0,-0.40508863515185833,-0.31847203170959526,-39.470188425126075,63.70001399999999,9.600002218356572,-39.47705196306714,60.71151150841919,0.0,1,3.552713678800501e-15,0.0,-0.405088635151861,-0.3184720647008694,-39.47018842512595,-63.70001399999998,9.60000221835655,-39.477051963067,-60.71151150841919,0.0,1,-1.7763568394002505e-14,0.0,-0.5728796812049657,-0.8013690663275379,88.67980343761991,63.70001399999999,9.600002017572763,88.67451451509217,61.90174074198467,0.0,1,-2.6645352591003757e-14,0.0,-0.5728796812049657,-0.8013690663275379,88.67980343761991,-63.70001399999998,9.600002017572763,88.67451451509217,-61.90174074198467,0.0,1,-2.6645352591003757e-14
3.875,3875000,hold_bow,20.0,-10.0,0.0,70.0,0.9945218953682733,0.0,0.10452846326765347,0.0,-10.0,0.0,70.0,29.47705196306707,3.0941867063545203,0,feet,0.0,-0.40508863515185833,-0.31847203170959526,-39.470188425126075,63.70001399999999,9.600002218356572,-39.47705196306714,60.71151150841919,0.0,1,3.552713678800501e-15,0.0,-0.405088635151861,-0.3184720647008694,-39.47018842512595,-63.70001399999998,9.60000221835655,-39.477051963067,-60.71151150841919,0.0,1,-1.7763568394002505e-14,0.0,-0.5728796812049657,-0.8013690663275379,88.67980343761991,63.70001399999999,9.600002017572763,88.67451451509217,61.90174074198467,0.0,1,-2.6645352591003757e-14,0.0,-0.5728796812049657,-0.8013690663275379,88.67980343761991,-63.70001399999998,9.600002017572763,88.67451451509217,-61.90174074198467,0.0,1,-2.6645352591003757e-14
3.8833333333333333,3883333,hold_bow,20.0,-10.0,0.0,70.0,0.9945218953682733,0.0,0.10452846326765347,0.0,-10.0,0.0,70.0,29.47705196306707,3.0941867063545203,0,feet,0.0,-0.40508863515185833,-0.31847203170959526,-39.470188425126075,63.70001399999999,9.600002218356572,-39.47705196306714,60.71151150841919,0.0,1,3.552713678800501e-15,0.0,-0.405088635151861,-0.3184720647008694,-39.47018842512595,-63.70001399999998,9.60000221835655,-39.477051963067,-60.71151150841919,0.0,1,-1.7763568394002505e-14,0.0,-0.5728796812049657,-0.8013690663275379,88.67980343761991,63.70001399999999,9.600002017572763,88.67451451509217,61.90174074198467,0.0,1,-2.6645352591003757e-14,0.0,-0.5728796812049657,-0.8013690663275379,88.67980343761991,-63.70001399999998,9.600002017572763,88.67451451509217,-61.90174074198467,0.0,1,-2.6645352591003757e-14
3.8916666666666666,3891667,hold_bow,20.0,-10.0,0.0,70.0,0.9945218953682733,0.0,0.10452846326765347,0.0,-10.0,0.0,70.0,29.47705196306707,3.0941867063545203,0,feet,0.0,-0.40508863515185833,-0.31847203170959526,-39.470188425126075,63.70001399999999,9.600002218356572,-39.47705196306714,60.71151150841919,0.0,1,3.552713678800501e-15,0.0,-0.405088635151861,-0.3184720647008694,-39.47018842512595,-63.70001399999998,9.60000221835655,-39.477051963067,-60.71151150841919,0.0,1,-1.7763568394002505e-14,0.0,-0.5728796812049657,-0.8013690663275379,88.67980343761991,63.70001399999999,9.600002017572763,88.67451451509217,61.90174074198467,0.0,1,-2.6645352591003757e-14,0.0,-0.5728796812049657,-0.8013690663275379,88.67980343761991,-63.70001399999998,9.600002017572763,88.67451451509217,-61.90174074198467,0.0,1,-2.6645352591003757e-14
3.9,3900000,hold_bow,20.0,-10.0,0.0,70.0,0.9945218953682733,0.0,0.10452846326765347,0.0,-10.0,0.0,70.0,29.47705196306707,3.0941867063545203,0,feet,0.0,-0.40508863515185833,-0.31847203170959526,-39.470188425126075,63.70001399999999,9.600002218356572,-39.47705196306714,60.71151150841919,0.0,1,3.552713678800501e-15,0.0,-0.405088635151861,-0.3184720647008694,-39.47018842512595,-63.70001399999998,9.60000221835655,-39.477051963067,-60.71151150841919,0.0,1,-1.7763568394002505e-14,0.0,-0.5728796812049657,-0.8013690663275379,88.67980343761991,63.70001399999999,9.600002017572763,88.67451451509217,61.90174074198467,0.0,1,-2.6645352591003757e-14,0.0,-0.5728796812049657,-0.8013690663275379,88.67980343761991,-63.70001399999998,9.600002017572763,88.67451451509217,-61.90174074198467,0.0,1,-2.6645352591003757e-14
3.908333333333333,3908333,hold_bow,20.0,-10.0,0.0,70.0,0.9945218953682733,0.0,0.10452846326765347,0.0,-10.0,0.0,70.0,29.47705196306707,3.0941867063545203,0,feet,0.0,-0.40508863515185833,-0.31847203170959526,-39.470188425126075,63.70001399999999,9.600002218356572,-39.47705196306714,60.71151150841919,0.0,1,3.552713678800501e-15,0.0,-0.405088635151861,-0.3184720647008694,-39.47018842512595,-63.70001399999998,9.60000221835655,-39.477051963067,-60.71151150841919,0.0,1,-1.7763568394002505e-14,0.0,-0.5728796812049657,-0.8013690663275379,88.67980343761991,63.70001399999999,9.600002017572763,88.67451451509217,61.90174074198467,0.0,1,-2.6645352591003757e-14,0.0,-0.5728796812049657,-0.8013690663275379,88.67980343761991,-63.70001399999998,9.600002017572763,88.67451451509217,-61.90174074198467,0.0,1,-2.6645352591003757e-14
3.9166666666666665,3916667,hold_bow,20.0,-10.0,0.0,70.0,0.9945218953682733,0.0,0.10452846326765347,0.0,-10.0,0.0,70.0,29.47705196306707,3.0941867063545203,0,feet,0.0,-0.40508863515185833,-0.31847203170959526,-39.470188425126075,63.70001399999999,9.600002218356572,-39.47705196306714,60.71151150841919,0.0,1,3.552713678800501e-15,0.0,-0.405088635151861,-0.3184720647008694,-39.47018842512595,-63.70001399999998,9.60000221835655,-39.477051963067,-60.71151150841919,0.0,1,-1.7763568394002505e-14,0.0,-0.5728796812049657,-0.8013690663275379,88.67980343761991,63.70001399999999,9.600002017572763,88.67451451509217,61.90174074198467,0.0,1,-2.6645352591003757e-14,0.0,-0.5728796812049657,-0.8013690663275379,88.67980343761991,-63.70001399999998,9.600002017572763,88.67451451509217,-61.90174074198467,0.0,1,-2.6645352591003757e-14
3.925,3925000,hold_bow,20.0,-10.0,0.0,70.0,0.9945218953682733,0.0,0.10452846326765347,0.0,-10.0,0.0,70.0,29.47705196306707,3.0941867063545203,0,feet,0.0,-0.40508863515185833,-0.31847203170959526,-39.470188425126075,63.70001399999999,9.600002218356572,-39.47705196306714,60.71151150841919,0.0,1,3.552713678800501e-15,0.0,-0.405088635151861,-0.3184720647008694,-39.47018842512595,-63.70001399999998,9.60000221835655,-39.477051963067,-60.71151150841919,0.0,1,-1.7763568394002505e-14,0.0,-0.5728796812049657,-0.8013690663275379,88.67980343761991,63.70001399999999,9.600002017572763,88.67451451509217,61.90174074198467,0.0,1,-2.6645352591003757e-14,0.0,-0.5728796812049657,-0.8013690663275379,88.67980343761991,-63.70001399999998,9.600002017572763,88.67451451509217,-61.90174074198467,0.0,1,-2.6645352591003757e-14
3.933333333333333,3933333,hold_bow,20.0,-10.0,0.0,70.0,0.9945218953682733,0.0,0.10452846326765347,0.0,-10.0,0.0,70.0,29.47705196306707,3.0941867063545203,0,feet,0.0,-0.40508863515185833,-0.31847203170959526,-39.470188425126075,63.70001399999999,9.600002218356572,-39.47705196306714,60.71151150841919,0.0,1,3.552713678800501e-15,0.0,-0.405088635151861,-0.3184720647008694,-39.47018842512595,-63.70001399999998,9.60000221835655,-39.477051963067,-60.71151150841919,0.0,1,-1.7763568394002505e-14,0.0,-0.5728796812049657,-0.8013690663275379,88.67980343761991,63.70001399999999,9.600002017572763,88.67451451509217,61.90174074198467,0.0,1,-2.6645352591003757e-14,0.0,-0.5728796812049657,-0.8013690663275379,88.67980343761991,-63.70001399999998,9.600002017572763,88.67451451509217,-61.90174074198467,0.0,1,-2.6645352591003757e-14
3.941666666666667,3941667,hold_bow,20.0,-10.0,0.0,70.0,0.9945218953682733,0.0,0.10452846326765347,0.0,-10.0,0.0,70.0,29.47705196306707,3.0941867063545203,0,feet,0.0,-0.40508863515185833,-0.31847203170959526,-39.470188425126075,63.70001399999999,9.600002218356572,-39.47705196306714,60.71151150841919,0.0,1,3.552713678800501e-15,0.0,-0.405088635151861,-0.3184720647008694,-39.47018842512595,-63.70001399999998,9.60000221835655,-39.477051963067,-60.71151150841919,0.0,1,-1.7763568394002505e-14,0.0,-0.5728796812049657,-0.8013690663275379,88.67980343761991,63.70001399999999,9.600002017572763,88.67451451509217,61.90174074198467,0.0,1,-2.6645352591003757e-14,0.0,-0.5728796812049657,-0.8013690663275379,88.67980343761991,-63.70001399999998,9.600002017572763,88.67451451509217,-61.90174074198467,0.0,1,-2.6645352591003757e-14
3.95,3950000,hold_bow,20.0,-10.0,0.0,70.0,0.9945218953682733,0.0,0.10452846326765347,0.0,-10.0,0.0,70.0,29.47705196306707,3.0941867063545203,0,feet,0.0,-0.40508863515185833,-0.31847203170959526,-39.470188425126075,63.70001399999999,9.600002218356572,-39.47705196306714,60.71151150841919,0.0,1,3.552713678800501e-15,0.0,-0.405088635151861,-0.3184720647008694,-39.47018842512595,-63.70001399999998,9.60000221835655,-39.477051963067,-60.71151150841919,0.0,1,-1.7763568394002505e-14,0.0,-0.5728796812049657,-0.8013690663275379,88.67980343761991,63.70001399999999,9.600002017572763,88.67451451509217,61.90174074198467,0.0,1,-2.6645352591003757e-14,0.0,-0.5728796812049657,-0.8013690663275379,88.67980343761991,-63.70001399999998,9.600002017572763,88.67451451509217,-61.90174074198467,0.0,1,-2.6645352591003757e-14
3.9583333333333335,3958333,hold_bow,20.0,-10.0,0.0,70.0,0.9945218953682733,0.0,0.10452846326765347,0.0,-10.0,0.0,70.0,29.47705196306707,3.0941867063545203,0,feet,0.0,-0.40508863515185833,-0.31847203170959526,-39.470188425126075,63.70001399999999,9.600002218356572,-39.47705196306714,60.71151150841919,0.0,1,3.552713678800501e-15,0.0,-0.405088635151861,-0.3184720647008694,-39.47018842512595,-63.70001399999998,9.60000221835655,-39.477051963067,-60.71151150841919,0.0,1,-1.7763568394002505e-14,0.0,-0.5728796812049657,-0.8013690663275379,88.67980343761991,63.70001399999999,9.600002017572763,88.67451451509217,61.90174074198467,0.0,1,-2.6645352591003757e-14,0.0,-0.5728796812049657,-0.8013690663275379,88.67980343761991,-63.70001399999998,9.600002017572763,88.67451451509217,-61.90174074198467,0.0,1,-2.6645352591003757e-14
3.966666666666667,3966667,hold_bow,20.0,-10.0,0.0,70.0,0.9945218953682733,0.0,0.10452846326765347,0.0,-10.0,0.0,70.0,29.47705196306707,3.0941867063545203,0,feet,0.0,-0.40508863515185833,-0.31847203170959526,-39.470188425126075,63.70001399999999,9.600002218356572,-39.47705196306714,60.71151150841919,0.0,1,3.552713678800501e-15,0.0,-0.405088635151861,-0.3184720647008694,-39.47018842512595,-63.70001399999998,9.60000221835655,-39.477051963067,-60.71151150841919,0.0,1,-1.7763568394002505e-14,0.0,-0.5728796812049657,-0.8013690663275379,88.67980343761991,63.70001399999999,9.600002017572763,88.67451451509217,61.90174074198467,0.0,1,-2.6645352591003757e-14,0.0,-0.5728796812049657,-0.8013690663275379,88.67980343761991,-63.70001399999998,9.600002017572763,88.67451451509217,-61.90174074198467,0.0,1,-2.6645352591003757e-14
3.975,3975000,hold_bow,20.0,-10.0,0.0,70.0,0.9945218953682733,0.0,0.10452846326765347,0.0,-10.0,0.0,70.0,29.47705196306707,3.0941867063545203,0,feet,0.0,-0.40508863515185833,-0.31847203170959526,-39.470188425126075,63.70001399999999,9.600002218356572,-39.47705196306714,60.71151150841919,0.0,1,3.552713678800501e-15,0.0,-0.405088635151861,-0.3184720647008694,-39.47018842512595,-63.70001399999998,9.60000221835655,-39.477051963067,-60.71151150841919,0.0,1,-1.7763568394002505e-14,0.0,-0.5728796812049657,-0.8013690663275379,88.67980343761991,63.70001399999999,9.600002017572763,88.67451451509217,61.90174074198467,0.0,1,-2.6645352591003757e-14,0.0,-0.5728796812049657,-0.8013690663275379,88.67980343761991,-63.70001399999998,9.600002017572763,88.67451451509217,-61.90174074198467,0.0,1,-2.6645352591003757e-14
3.9833333333333334,3983333,hold_bow,20.0,-10.0,0.0,70.0,0.9945218953682733,0.0,0.10452846326765347,0.0,-10.0,0.0,70.0,29.47705196306707,3.0941867063545203,0,feet,0.0,-0.40508863515185833,-0.31847203170959526,-39.470188425126075,63.70001399999999,9.600002218356572,-39.47705196306714,60.71151150841919,0.0,1,3.552713678800501e-15,0.0,-0.405088635151861,-0.3184720647008694,-39.47018842512595,-63.70001399999998,9.60000221835655,-39.477051963067,-60.71151150841919,0.0,1,-1.7763568394002505e-14,0.0,-0.5728796812049657,-0.8013690663275379,88.67980343761991,63.70001399999999,9.600002017572763,88.67451451509217,61.90174074198467,0.0,1,-2.6645352591003757e-14,0.0,-0.5728796812049657,-0.8013690663275379,88.67980343761991,-63.70001399999998,9.600002017572763,88.67451451509217,-61.90174074198467,0.0,1,-2.6645352591003757e-14
3.9916666666666667,3991667,hold_bow,20.0,-10.0,0.0,70.0,0.9945218953682733,0.0,0.10452846326765347,0.0,-10.0,0.0,70.0,29.47705196306707,3.0941867063545203,0,feet,0.0,-0.40508863515185833,-0.31847203170959526,-39.470188425126075,63.70001399999999,9.600002218356572,-39.47705196306714,60.71151150841919,0.0,1,3.552713678800501e-15,0.0,-0.405088635151861,-0.3184720647008694,-39.47018842512595,-63.70001399999998,9.60000221835655,-39.477051963067,-60.71151150841919,0.0,1,-1.7763568394002505e-14,0.0,-0.5728796812049657,-0.8013690663275379,88.67980343761991,63.70001399999999,9.600002017572763,88.67451451509217,61.90174074198467,0.0,1,-2.6645352591003757e-14,0.0,-0.5728796812049657,-0.8013690663275379,88.67980343761991,-63.70001399999998,9.600002017572763,88.67451451509217,-61.90174074198467,0.0,1,-2.6645352591003757e-14
4.0,4000000,hold_bow,20.0,-10.0,0.0,70.0,0.9945218953682733,0.0,0.10452846326765347,0.0,-10.0,0.0,70.0,29.47705196306707,3.0941867063545203,0,feet,0.0,-0.40508863515185833,-0.31847203170959526,-39.470188425126075,63.70001399999999,9.600002218356572,-39.47705196306714,60.71151150841919,0.0,1,3.552713678800501e-15,0.0,-0.405088635151861,-0.3184720647008694,-39.47018842512595,-63.70001399999998,9.60000221835655,-39.477051963067,-60.71151150841919,0.0,1,-1.7763568394002505e-14,0.0,-0.5728796812049657,-0.8013690663275379,88.67980343761991,63.70001399999999,9.600002017572763,88.67451451509217,61.90174074198467,0.0,1,-2.6645352591003757e-14,0.0,-0.5728796812049657,-0.8013690663275379,88.67980343761991,-63.70001399999998,9.600002017572763,88.67451451509217,-61.90174074198467,0.0,1,-2.6645352591003757e-14
4.008333333333334,4008333,hold_bow,20.0,-10.0,0.0,70.0,0.9945218953682733,0.0,0.10452846326765347,0.0,-10.0,0.0,70.0,29.47705196306707,3.0941867063545203,0,feet,0.0,-0.40508863515185833,-0.31847203170959526,-39.470188425126075,63.70001399999999,9.600002218356572,-39.47705196306714,60.71151150841919,0.0,1,3.552713678800501e-15,0.0,-0.405088635151861,-0.3184720647008694,-39.47018842512595,-63.70001399999998,9.60000221835655,-39.477051963067,-60.71151150841919,0.0,1,-1.7763568394002505e-14,0.0,-0.5728796812049657,-0.8013690663275379,88.67980343761991,63.70001399999999,9.600002017572763,88.67451451509217,61.90174074198467,0.0,1,-2.6645352591003757e-14,0.0,-0.5728796812049657,-0.8013690663275379,88.67980343761991,-63.70001399999998,9.600002017572763,88.67451451509217,-61.90174074198467,0.0,1,-2.6645352591003757e-14
4.016666666666667,4016667,hold_bow,20.0,-10.0,0.0,70.0,0.9945218953682733,0.0,0.10452846326765347,0.0,-10.0,0.0,70.0,29.47705196306707,3.0941867063545203,0,feet,0.0,-0.40508863515185833,-0.31847203170959526,-39.470188425126075,63.70001399999999,9.600002218356572,-39.47705196306714,60.71151150841919,0.0,1,3.552713678800501e-15,0.0,-0.405088635151861,-0.3184720647008694,-39.47018842512595,-63.70001399999998,9.60000221835655,-39.477051963067,-60.71151150841919,0.0,1,-1.7763568394002505e-14,0.0,-0.5728796812049657,-0.8013690663275379,88.67980343761991,63.70001399999999,9.600002017572763,88.67451451509217,61.90174074198467,0.0,1,-2.6645352591003757e-14,0.0,-0.5728796812049657,-0.8013690663275379,88.67980343761991,-63.70001399999998,9.600002017572763,88.67451451509217,-61.90174074198467,0.0,1,-2.6645352591003757e-14
4.025,4025000,hold_bow,20.0,-10.0,0.0,70.0,0.9945218953682733,0.0,0.10452846326765347,0.0,-10.0,0.0,70.0,29.47705196306707,3.0941867063545203,0,feet,0.0,-0.40508863515185833,-0.31847203170959526,-39.470188425126075,63.70001399999999,9.600002218356572,-39.47705196306714,60.71151150841919,0.0,1,3.552713678800501e-15,0.0,-0.405088635151861,-0.3184720647008694,-39.47018842512595,-63.70001399999998,9.60000221835655,-39.477051963067,-60.71151150841919,0.0,1,-1.7763568394002505e-14,0.0,-0.5728796812049657,-0.8013690663275379,88.67980343761991,63.70001399999999,9.600002017572763,88.67451451509217,61.90174074198467,0.0,1,-2.6645352591003757e-14,0.0,-0.5728796812049657,-0.8013690663275379,88.67980343761991,-63.70001399999998,9.600002017572763,88.67451451509217,-61.90174074198467,0.0,1,-2.6645352591003757e-14
4.033333333333333,4033333,hold_bow,20.0,-10.0,0.0,70.0,0.9945218953682733,0.0,0.10452846326765347,0.0,-10.0,0.0,70.0,29.47705196306707,3.0941867063545203,0,feet,0.0,-0.40508863515185833,-0.31847203170959526,-39.470188425126075,63.70001399999999,9.600002218356572,-39.47705196306714,60.71151150841919,0.0,1,3.552713678800501e-15,0.0,-0.405088635151861,-0.3184720647008694,-39.47018842512595,-63.70001399999998,9.60000221835655,-39.477051963067,-60.71151150841919,0.0,1,-1.7763568394002505e-14,0.0,-0.5728796812049657,-0.8013690663275379,88.67980343761991,63.70001399999999,9.600002017572763,88.67451451509217,61.90174074198467,0.0,1,-2.6645352591003757e-14,0.0,-0.5728796812049657,-0.8013690663275379,88.67980343761991,-63.70001399999998,9.600002017572763,88.67451451509217,-61.90174074198467,0.0,1,-2.6645352591003757e-14
4.041666666666667,4041667,hold_bow,20.0,-10.0,0.0,70.0,0.9945218953682733,0.0,0.10452846326765347,0.0,-10.0,0.0,70.0,29.47705196306707,3.0941867063545203,0,feet,0.0,-0.40508863515185833,-0.31847203170959526,-39.470188425126075,63.70001399999999,9.600002218356572,-39.47705196306714,60.71151150841919,0.0,1,3.552713678800501e-15,0.0,-0.405088635151861,-0.3184720647008694,-39.47018842512595,-63.70001399999998,9.60000221835655,-39.477051963067,-60.71151150841919,0.0,1,-1.7763568394002505e-14,0.0,-0.5728796812049657,-0.8013690663275379,88.67980343761991,63.70001399999999,9.600002017572763,88.67451451509217,61.90174074198467,0.0,1,-2.6645352591003757e-14,0.0,-0.5728796812049657,-0.8013690663275379,88.67980343761991,-63.70001399999998,9.600002017572763,88.67451451509217,-61.90174074198467,0.0,1,-2.6645352591003757e-14
4.05,4050000,hold_bow,20.0,-10.0,0.0,70.0,0.9945218953682733,0.0,0.10452846326765347,0.0,-10.0,0.0,70.0,29.47705196306707,3.0941867063545203,0,feet,0.0,-0.40508863515185833,-0.31847203170959526,-39.470188425126075,63.70001399999999,9.600002218356572,-39.47705196306714,60.71151150841919,0.0,1,3.552713678800501e-15,0.0,-0.405088635151861,-0.3184720647008694,-39.47018842512595,-63.70001399999998,9.60000221835655,-39.477051963067,-60.71151150841919,0.0,1,-1.7763568394002505e-14,0.0,-0.5728796812049657,-0.8013690663275379,88.67980343761991,63.70001399999999,9.600002017572763,88.67451451509217,61.90174074198467,0.0,1,-2.6645352591003757e-14,0.0,-0.5728796812049657,-0.8013690663275379,88.67980343761991,-63.70001399999998,9.600002017572763,88.67451451509217,-61.90174074198467,0.0,1,-2.6645352591003757e-14
4.058333333333334,4058333,hold_bow,20.0,-10.0,0.0,70.0,0.9945218953682733,0.0,0.10452846326765347,0.0,-10.0,0.0,70.0,29.47705196306707,3.0941867063545203,0,feet,0.0,-0.40508863515185833,-0.31847203170959526,-39.470188425126075,63.70001399999999,9.600002218356572,-39.47705196306714,60.71151150841919,0.0,1,3.552713678800501e-15,0.0,-0.405088635151861,-0.3184720647008694,-39.47018842512595,-63.70001399999998,9.60000221835655,-39.477051963067,-60.71151150841919,0.0,1,-1.7763568394002505e-14,0.0,-0.5728796812049657,-0.8013690663275379,88.67980343761991,63.70001399999999,9.600002017572763,88.67451451509217,61.90174074198467,0.0,1,-2.6645352591003757e-14,0.0,-0.5728796812049657,-0.8013690663275379,88.67980343761991,-63.70001399999998,9.600002017572763,88.67451451509217,-61.90174074198467,0.0,1,-2.6645352591003757e-14
4.066666666666666,4066667,hold_bow,20.0,-10.0,0.0,70.0,0.9945218953682733,0.0,0.10452846326765347,0.0,-10.0,0.0,70.0,29.47705196306707,3.0941867063545203,0,feet,0.0,-0.40508863515185833,-0.31847203170959526,-39.470188425126075,63.70001399999999,9.600002218356572,-39.47705196306714,60.71151150841919,0.0,1,3.552713678800501e-15,0.0,-0.405088635151861,-0.3184720647008694,-39.47018842512595,-63.70001399999998,9.60000221835655,-39.477051963067,-60.71151150841919,0.0,1,-1.7763568394002505e-14,0.0,-0.5728796812049657,-0.8013690663275379,88.67980343761991,63.70001399999999,9.600002017572763,88.67451451509217,61.90174074198467,0.0,1,-2.6645352591003757e-14,0.0,-0.5728796812049657,-0.8013690663275379,88.67980343761991,-63.70001399999998,9.600002017572763,88.67451451509217,-61.90174074198467,0.0,1,-2.6645352591003757e-14
4.075,4075000,hold_bow,20.0,-10.0,0.0,70.0,0.9945218953682733,0.0,0.10452846326765347,0.0,-10.0,0.0,70.0,29.47705196306707,3.0941867063545203,0,feet,0.0,-0.40508863515185833,-0.31847203170959526,-39.470188425126075,63.70001399999999,9.600002218356572,-39.47705196306714,60.71151150841919,0.0,1,3.552713678800501e-15,0.0,-0.405088635151861,-0.3184720647008694,-39.47018842512595,-63.70001399999998,9.60000221835655,-39.477051963067,-60.71151150841919,0.0,1,-1.7763568394002505e-14,0.0,-0.5728796812049657,-0.8013690663275379,88.67980343761991,63.70001399999999,9.600002017572763,88.67451451509217,61.90174074198467,0.0,1,-2.6645352591003757e-14,0.0,-0.5728796812049657,-0.8013690663275379,88.67980343761991,-63.70001399999998,9.600002017572763,88.67451451509217,-61.90174074198467,0.0,1,-2.6645352591003757e-14
4.083333333333333,4083333,hold_bow,20.0,-10.0,0.0,70.0,0.9945218953682733,0.0,0.10452846326765347,0.0,-10.0,0.0,70.0,29.47705196306707,3.0941867063545203,0,feet,0.0,-0.40508863515185833,-0.31847203170959526,-39.470188425126075,63.70001399999999,9.600002218356572,-39.47705196306714,60.71151150841919,0.0,1,3.552713678800501e-15,0.0,-0.405088635151861,-0.3184720647008694,-39.47018842512595,-63.70001399999998,9.60000221835655,-39.477051963067,-60.71151150841919,0.0,1,-1.7763568394002505e-14,0.0,-0.5728796812049657,-0.8013690663275379,88.67980343761991,63.70001399999999,9.600002017572763,88.67451451509217,61.90174074198467,0.0,1,-2.6645352591003757e-14,0.0,-0.5728796812049657,-0.8013690663275379,88.67980343761991,-63.70001399999998,9.600002017572763,88.67451451509217,-61.90174074198467,0.0,1,-2.6645352591003757e-14
4.091666666666667,4091667,hold_bow,20.0,-10.0,0.0,70.0,0.9945218953682733,0.0,0.10452846326765347,0.0,-10.0,0.0,70.0,29.47705196306707,3.0941867063545203,0,feet,0.0,-0.40508863515185833,-0.31847203170959526,-39.470188425126075,63.70001399999999,9.600002218356572,-39.47705196306714,60.71151150841919,0.0,1,3.552713678800501e-15,0.0,-0.405088635151861,-0.3184720647008694,-39.47018842512595,-63.70001399999998,9.60000221835655,-39.477051963067,-60.71151150841919,0.0,1,-1.7763568394002505e-14,0.0,-0.5728796812049657,-0.8013690663275379,88.67980343761991,63.70001399999999,9.600002017572763,88.67451451509217,61.90174074198467,0.0,1,-2.6645352591003757e-14,0.0,-0.5728796812049657,-0.8013690663275379,88.67980343761991,-63.70001399999998,9.600002017572763,88.67451451509217,-61.90174074198467,0.0,1,-2.6645352591003757e-14
4.1,4100000,hold_bow,20.0,-10.0,0.0,70.0,0.9945218953682733,0.0,0.10452846326765347,0.0,-10.0,0.0,70.0,29.47705196306707,3.0941867063545203,0,feet,0.0,-0.40508863515185833,-0.31847203170959526,-39.470188425126075,63.70001399999999,9.600002218356572,-39.47705196306714,60.71151150841919,0.0,1,3.552713678800501e-15,0.0,-0.405088635151861,-0.3184720647008694,-39.47018842512595,-63.70001399999998,9.60000221835655,-39.477051963067,-60.71151150841919,0.0,1,-1.7763568394002505e-14,0.0,-0.5728796812049657,-0.8013690663275379,88.67980343761991,63.70001399999999,9.600002017572763,88.67451451509217,61.90174074198467,0.0,1,-2.6645352591003757e-14,0.0,-0.5728796812049657,-0.8013690663275379,88.67980343761991,-63.70001399999998,9.600002017572763,88.67451451509217,-61.90174074198467,0.0,1,-2.6645352591003757e-14
4.108333333333333,4108333,hold_bow,20.0,-10.0,0.0,70.0,0.9945218953682733,0.0,0.10452846326765347,0.0,-10.0,0.0,70.0,29.47705196306707,3.0941867063545203,0,feet,0.0,-0.40508863515185833,-0.31847203170959526,-39.470188425126075,63.70001399999999,9.600002218356572,-39.47705196306714,60.71151150841919,0.0,1,3.552713678800501e-15,0.0,-0.405088635151861,-0.3184720647008694,-39.47018842512595,-63.70001399999998,9.60000221835655,-39.477051963067,-60.71151150841919,0.0,1,-1.7763568394002505e-14,0.0,-0.5728796812049657,-0.8013690663275379,88.67980343761991,63.70001399999999,9.600002017572763,88.67451451509217,61.90174074198467,0.0,1,-2.6645352591003757e-14,0.0,-0.5728796812049657,-0.8013690663275379,88.67980343761991,-63.70001399999998,9.600002017572763,88.67451451509217,-61.90174074198467,0.0,1,-2.6645352591003757e-14
4.116666666666666,4116667,hold_bow,20.0,-10.0,0.0,70.0,0.9945218953682733,0.0,0.10452846326765347,0.0,-10.0,0.0,70.0,29.47705196306707,3.0941867063545203,0,feet,0.0,-0.40508863515185833,-0.31847203170959526,-39.470188425126075,63.70001399999999,9.600002218356572,-39.47705196306714,60.71151150841919,0.0,1,3.552713678800501e-15,0.0,-0.405088635151861,-0.3184720647008694,-39.47018842512595,-63.70001399999998,9.60000221835655,-39.477051963067,-60.71151150841919,0.0,1,-1.7763568394002505e-14,0.0,-0.5728796812049657,-0.8013690663275379,88.67980343761991,63.70001399999999,9.600002017572763,88.67451451509217,61.90174074198467,0.0,1,-2.6645352591003757e-14,0.0,-0.5728796812049657,-0.8013690663275379,88.67980343761991,-63.70001399999998,9.600002017572763,88.67451451509217,-61.90174074198467,0.0,1,-2.6645352591003757e-14
4.125,4125000,hold_bow,20.0,-10.0,0.0,70.0,0.9945218953682733,0.0,0.10452846326765347,0.0,-10.0,0.0,70.0,29.47705196306707,3.0941867063545203,0,feet,0.0,-0.40508863515185833,-0.31847203170959526,-39.470188425126075,63.70001399999999,9.600002218356572,-39.47705196306714,60.71151150841919,0.0,1,3.552713678800501e-15,0.0,-0.405088635151861,-0.3184720647008694,-39.47018842512595,-63.70001399999998,9.60000221835655,-39.477051963067,-60.71151150841919,0.0,1,-1.7763568394002505e-14,0.0,-0.5728796812049657,-0.8013690663275379,88.67980343761991,63.70001399999999,9.600002017572763,88.67451451509217,61.90174074198467,0.0,1,-2.6645352591003757e-14,0.0,-0.5728796812049657,-0.8013690663275379,88.67980343761991,-63.70001399999998,9.600002017572763,88.67451451509217,-61.90174074198467,0.0,1,-2.6645352591003757e-14
4.133333333333334,4133333,hold_bow,20.0,-10.0,0.0,70.0,0.9945218953682733,0.0,0.10452846326765347,0.0,-10.0,0.0,70.0,29.47705196306707,3.0941867063545203,0,feet,0.0,-0.40508863515185833,-0.31847203170959526,-39.470188425126075,63.70001399999999,9.600002218356572,-39.47705196306714,60.71151150841919,0.0,1,3.552713678800501e-15,0.0,-0.405088635151861,-0.3184720647008694,-39.47018842512595,-63.70001399999998,9.60000221835655,-39.477051963067,-60.71151150841919,0.0,1,-1.7763568394002505e-14,0.0,-0.5728796812049657,-0.8013690663275379,88.67980343761991,63.70001399999999,9.600002017572763,88.67451451509217,61.90174074198467,0.0,1,-2.6645352591003757e-14,0.0,-0.5728796812049657,-0.8013690663275379,88.67980343761991,-63.70001399999998,9.600002017572763,88.67451451509217,-61.90174074198467,0.0,1,-2.6645352591003757e-14
4.141666666666667,4141667,hold_bow,20.0,-10.0,0.0,70.0,0.9945218953682733,0.0,0.10452846326765347,0.0,-10.0,0.0,70.0,29.47705196306707,3.0941867063545203,0,feet,0.0,-0.40508863515185833,-0.31847203170959526,-39.470188425126075,63.70001399999999,9.600002218356572,-39.47705196306714,60.71151150841919,0.0,1,3.552713678800501e-15,0.0,-0.405088635151861,-0.3184720647008694,-39.47018842512595,-63.70001399999998,9.60000221835655,-39.477051963067,-60.71151150841919,0.0,1,-1.7763568394002505e-14,0.0,-0.5728796812049657,-0.8013690663275379,88.67980343761991,63.70001399999999,9.600002017572763,88.67451451509217,61.90174074198467,0.0,1,-2.6645352591003757e-14,0.0,-0.5728796812049657,-0.8013690663275379,88.67980343761991,-63.70001399999998,9.600002017572763,88.67451451509217,-61.90174074198467,0.0,1,-2.6645352591003757e-14
4.15,4150000,hold_bow,20.0,-10.0,0.0,70.0,0.9945218953682733,0.0,0.10452846326765347,0.0,-10.0,0.0,70.0,29.47705196306707,3.0941867063545203,0,feet,0.0,-0.40508863515185833,-0.31847203170959526,-39.470188425126075,63.70001399999999,9.600002218356572,-39.47705196306714,60.71151150841919,0.0,1,3.552713678800501e-15,0.0,-0.405088635151861,-0.3184720647008694,-39.47018842512595,-63.70001399999998,9.60000221835655,-39.477051963067,-60.71151150841919,0.0,1,-1.7763568394002505e-14,0.0,-0.5728796812049657,-0.8013690663275379,88.67980343761991,63.70001399999999,9.600002017572763,88.67451451509217,61.90174074198467,0.0,1,-2.6645352591003757e-14,0.0,-0.5728796812049657,-0.8013690663275379,88.67980343761991,-63.70001399999998,9.600002017572763,88.67451451509217,-61.90174074198467,0.0,1,-2.6645352591003757e-14
4.158333333333333,4158333,hold_bow,20.0,-10.0,0.0,70.0,0.9945218953682733,0.0,0.10452846326765347,0.0,-10.0,0.0,70.0,29.47705196306707,3.0941867063545203,0,feet,0.0,-0.40508863515185833,-0.31847203170959526,-39.470188425126075,63.70001399999999,9.600002218356572,-39.47705196306714,60.71151150841919,0.0,1,3.552713678800501e-15,0.0,-0.405088635151861,-0.3184720647008694,-39.47018842512595,-63.70001399999998,9.60000221835655,-39.477051963067,-60.71151150841919,0.0,1,-1.7763568394002505e-14,0.0,-0.5728796812049657,-0.8013690663275379,88.67980343761991,63.70001399999999,9.600002017572763,88.67451451509217,61.90174074198467,0.0,1,-2.6645352591003757e-14,0.0,-0.5728796812049657,-0.8013690663275379,88.67980343761991,-63.70001399999998,9.600002017572763,88.67451451509217,-61.90174074198467,0.0,1,-2.6645352591003757e-14
4.166666666666667,4166667,hold_bow,20.0,-10.0,0.0,70.0,0.9945218953682733,0.0,0.10452846326765347,0.0,-10.0,0.0,70.0,29.47705196306707,3.0941867063545203,0,feet,0.0,-0.40508863515185833,-0.31847203170959526,-39.470188425126075,63.70001399999999,9.600002218356572,-39.47705196306714,60.71151150841919,0.0,1,3.552713678800501e-15,0.0,-0.405088635151861,-0.3184720647008694,-39.47018842512595,-63.70001399999998,9.60000221835655,-39.477051963067,-60.71151150841919,0.0,1,-1.7763568394002505e-14,0.0,-0.5728796812049657,-0.8013690663275379,88.67980343761991,63.70001399999999,9.600002017572763,88.67451451509217,61.90174074198467,0.0,1,-2.6645352591003757e-14,0.0,-0.5728796812049657,-0.8013690663275379,88.67980343761991,-63.70001399999998,9.600002017572763,88.67451451509217,-61.90174074198467,0.0,1,-2.6645352591003757e-14
4.175,4175000,hold_bow,20.0,-10.0,0.0,70.0,0.9945218953682733,0.0,0.10452846326765347,0.0,-10.0,0.0,70.0,29.47705196306707,3.0941867063545203,0,feet,0.0,-0.40508863515185833,-0.31847203170959526,-39.470188425126075,63.70001399999999,9.600002218356572,-39.47705196306714,60.71151150841919,0.0,1,3.552713678800501e-15,0.0,-0.405088635151861,-0.3184720647008694,-39.47018842512595,-63.70001399999998,9.60000221835655,-39.477051963067,-60.71151150841919,0.0,1,-1.7763568394002505e-14,0.0,-0.5728796812049657,-0.8013690663275379,88.67980343761991,63.70001399999999,9.600002017572763,88.67451451509217,61.90174074198467,0.0,1,-2.6645352591003757e-14,0.0,-0.5728796812049657,-0.8013690663275379,88.67980343761991,-63.70001399999998,9.600002017572763,88.67451451509217,-61.90174074198467,0.0,1,-2.6645352591003757e-14
4.183333333333334,4183333,hold_bow,20.0,-10.0,0.0,70.0,0.9945218953682733,0.0,0.10452846326765347,0.0,-10.0,0.0,70.0,29.47705196306707,3.0941867063545203,0,feet,0.0,-0.40508863515185833,-0.31847203170959526,-39.470188425126075,63.70001399999999,9.600002218356572,-39.47705196306714,60.71151150841919,0.0,1,3.552713678800501e-15,0.0,-0.405088635151861,-0.3184720647008694,-39.47018842512595,-63.70001399999998,9.60000221835655,-39.477051963067,-60.71151150841919,0.0,1,-1.7763568394002505e-14,0.0,-0.5728796812049657,-0.8013690663275379,88.67980343761991,63.70001399999999,9.600002017572763,88.67451451509217,61.90174074198467,0.0,1,-2.6645352591003757e-14,0.0,-0.5728796812049657,-0.8013690663275379,88.67980343761991,-63.70001399999998,9.600002017572763,88.67451451509217,-61.90174074198467,0.0,1,-2.6645352591003757e-14
4.191666666666666,4191667,hold_bow,20.0,-10.0,0.0,70.0,0.9945218953682733,0.0,0.10452846326765347,0.0,-10.0,0.0,70.0,29.47705196306707,3.0941867063545203,0,feet,0.0,-0.40508863515185833,-0.31847203170959526,-39.470188425126075,63.70001399999999,9.600002218356572,-39.47705196306714,60.71151150841919,0.0,1,3.552713678800501e-15,0.0,-0.405088635151861,-0.3184720647008694,-39.47018842512595,-63.70001399999998,9.60000221835655,-39.477051963067,-60.71151150841919,0.0,1,-1.7763568394002505e-14,0.0,-0.5728796812049657,-0.8013690663275379,88.67980343761991,63.70001399999999,9.600002017572763,88.67451451509217,61.90174074198467,0.0,1,-2.6645352591003757e-14,0.0,-0.5728796812049657,-0.8013690663275379,88.67980343761991,-63.70001399999998,9.600002017572763,88.67451451509217,-61.90174074198467,0.0,1,-2.6645352591003757e-14
4.2,4200000,hold_bow,20.0,-10.0,0.0,70.0,0.9945218953682733,0.0,0.10452846326765347,0.0,-10.0,0.0,70.0,29.47705196306707,3.0941867063545203,0,feet,0.0,-0.40508863515185833,-0.31847203170959526,-39.470188425126075,63.70001399999999,9.600002218356572,-39.47705196306714,60.71151150841919,0.0,1,3.552713678800501e-15,0.0,-0.405088635151861,-0.3184720647008694,-39.47018842512595,-63.70001399999998,9.60000221835655,-39.477051963067,-60.71151150841919,0.0,1,-1.7763568394002505e-14,0.0,-0.5728796812049657,-0.8013690663275379,88.67980343761991,63.70001399999999,9.600002017572763,88.67451451509217,61.90174074198467,0.0,1,-2.6645352591003757e-14,0.0,-0.5728796812049657,-0.8013690663275379,88.67980343761991,-63.70001399999998,9.600002017572763,88.67451451509217,-61.90174074198467,0.0,1,-2.6645352591003757e-14
4.208333333333333,4208333,hold_bow,20.0,-10.0,0.0,70.0,0.9945218953682733,0.0,0.10452846326765347,0.0,-10.0,0.0,70.0,29.47705196306707,3.0941867063545203,0,feet,0.0,-0.40508863515185833,-0.31847203170959526,-39.470188425126075,63.70001399999999,9.600002218356572,-39.47705196306714,60.71151150841919,0.0,1,3.552713678800501e-15,0.0,-0.405088635151861,-0.3184720647008694,-39.47018842512595,-63.70001399999998,9.60000221835655,-39.477051963067,-60.71151150841919,0.0,1,-1.7763568394002505e-14,0.0,-0.5728796812049657,-0.8013690663275379,88.67980343761991,63.70001399999999,9.600002017572763,88.67451451509217,61.90174074198467,0.0,1,-2.6645352591003757e-14,0.0,-0.5728796812049657,-0.8013690663275379,88.67980343761991,-63.70001399999998,9.600002017572763,88.67451451509217,-61.90174074198467,0.0,1,-2.6645352591003757e-14
4.216666666666667,4216667,hold_bow,20.0,-10.0,0.0,70.0,0.9945218953682733,0.0,0.10452846326765347,0.0,-10.0,0.0,70.0,29.47705196306707,3.0941867063545203,0,feet,0.0,-0.40508863515185833,-0.31847203170959526,-39.470188425126075,63.70001399999999,9.600002218356572,-39.47705196306714,60.71151150841919,0.0,1,3.552713678800501e-15,0.0,-0.405088635151861,-0.3184720647008694,-39.47018842512595,-63.70001399999998,9.60000221835655,-39.477051963067,-60.71151150841919,0.0,1,-1.7763568394002505e-14,0.0,-0.5728796812049657,-0.8013690663275379,88.67980343761991,63.70001399999999,9.600002017572763,88.67451451509217,61.90174074198467,0.0,1,-2.6645352591003757e-14,0.0,-0.5728796812049657,-0.8013690663275379,88.67980343761991,-63.70001399999998,9.600002017572763,88.67451451509217,-61.90174074198467,0.0,1,-2.6645352591003757e-14
4.225,4225000,hold_bow,20.0,-10.0,0.0,70.0,0.9945218953682733,0.0,0.10452846326765347,0.0,-10.0,0.0,70.0,29.47705196306707,3.0941867063545203,0,feet,0.0,-0.40508863515185833,-0.31847203170959526,-39.470188425126075,63.70001399999999,9.600002218356572,-39.47705196306714,60.71151150841919,0.0,1,3.552713678800501e-15,0.0,-0.405088635151861,-0.3184720647008694,-39.47018842512595,-63.70001399999998,9.60000221835655,-39.477051963067,-60.71151150841919,0.0,1,-1.7763568394002505e-14,0.0,-0.5728796812049657,-0.8013690663275379,88.67980343761991,63.70001399999999,9.600002017572763,88.67451451509217,61.90174074198467,0.0,1,-2.6645352591003757e-14,0.0,-0.5728796812049657,-0.8013690663275379,88.67980343761991,-63.70001399999998,9.600002017572763,88.67451451509217,-61.90174074198467,0.0,1,-2.6645352591003757e-14
4.233333333333333,4233333,hold_bow,20.0,-10.0,0.0,70.0,0.9945218953682733,0.0,0.10452846326765347,0.0,-10.0,0.0,70.0,29.47705196306707,3.0941867063545203,0,feet,0.0,-0.40508863515185833,-0.31847203170959526,-39.470188425126075,63.70001399999999,9.600002218356572,-39.47705196306714,60.71151150841919,0.0,1,3.552713678800501e-15,0.0,-0.405088635151861,-0.3184720647008694,-39.47018842512595,-63.70001399999998,9.60000221835655,-39.477051963067,-60.71151150841919,0.0,1,-1.7763568394002505e-14,0.0,-0.5728796812049657,-0.8013690663275379,88.67980343761991,63.70001399999999,9.600002017572763,88.67451451509217,61.90174074198467,0.0,1,-2.6645352591003757e-14,0.0,-0.5728796812049657,-0.8013690663275379,88.67980343761991,-63.70001399999998,9.600002017572763,88.67451451509217,-61.90174074198467,0.0,1,-2.6645352591003757e-14
4.241666666666666,4241667,hold_bow,20.0,-10.0,0.0,70.0,0.9945218953682733,0.0,0.10452846326765347,0.0,-10.0,0.0,70.0,29.47705196306707,3.0941867063545203,0,feet,0.0,-0.40508863515185833,-0.31847203170959526,-39.470188425126075,63.70001399999999,9.600002218356572,-39.47705196306714,60.71151150841919,0.0,1,3.552713678800501e-15,0.0,-0.405088635151861,-0.3184720647008694,-39.47018842512595,-63.70001399999998,9.60000221835655,-39.477051963067,-60.71151150841919,0.0,1,-1.7763568394002505e-14,0.0,-0.5728796812049657,-0.8013690663275379,88.67980343761991,63.70001399999999,9.600002017572763,88.67451451509217,61.90174074198467,0.0,1,-2.6645352591003757e-14,0.0,-0.5728796812049657,-0.8013690663275379,88.67980343761991,-63.70001399999998,9.600002017572763,88.67451451509217,-61.90174074198467,0.0,1,-2.6645352591003757e-14
4.25,4250000,hold_bow,20.0,-10.0,0.0,70.0,0.9945218953682733,0.0,0.10452846326765347,0.0,-10.0,0.0,70.0,29.47705196306707,3.0941867063545203,0,feet,0.0,-0.40508863515185833,-0.31847203170959526,-39.470188425126075,63.70001399999999,9.600002218356572,-39.47705196306714,60.71151150841919,0.0,1,3.552713678800501e-15,0.0,-0.405088635151861,-0.3184720647008694,-39.47018842512595,-63.70001399999998,9.60000221835655,-39.477051963067,-60.71151150841919,0.0,1,-1.7763568394002505e-14,0.0,-0.5728796812049657,-0.8013690663275379,88.67980343761991,63.70001399999999,9.600002017572763,88.67451451509217,61.90174074198467,0.0,1,-2.6645352591003757e-14,0.0,-0.5728796812049657,-0.8013690663275379,88.67980343761991,-63.70001399999998,9.600002017572763,88.67451451509217,-61.90174074198467,0.0,1,-2.6645352591003757e-14
4.258333333333334,4258333,hold_bow,20.0,-10.0,0.0,70.0,0.9945218953682733,0.0,0.10452846326765347,0.0,-10.0,0.0,70.0,29.47705196306707,3.0941867063545203,0,feet,0.0,-0.40508863515185833,-0.31847203170959526,-39.470188425126075,63.70001399999999,9.600002218356572,-39.47705196306714,60.71151150841919,0.0,1,3.552713678800501e-15,0.0,-0.405088635151861,-0.3184720647008694,-39.47018842512595,-63.70001399999998,9.60000221835655,-39.477051963067,-60.71151150841919,0.0,1,-1.7763568394002505e-14,0.0,-0.5728796812049657,-0.8013690663275379,88.67980343761991,63.70001399999999,9.600002017572763,88.67451451509217,61.90174074198467,0.0,1,-2.6645352591003757e-14,0.0,-0.5728796812049657,-0.8013690663275379,88.67980343761991,-63.70001399999998,9.600002017572763,88.67451451509217,-61.90174074198467,0.0,1,-2.6645352591003757e-14
4.266666666666667,4266667,hold_bow,20.0,-10.0,0.0,70.0,0.9945218953682733,0.0,0.10452846326765347,0.0,-10.0,0.0,70.0,29.47705196306707,3.0941867063545203,0,feet,0.0,-0.40508863515185833,-0.31847203170959526,-39.470188425126075,63.70001399999999,9.600002218356572,-39.47705196306714,60.71151150841919,0.0,1,3.552713678800501e-15,0.0,-0.405088635151861,-0.3184720647008694,-39.47018842512595,-63.70001399999998,9.60000221835655,-39.477051963067,-60.71151150841919,0.0,1,-1.7763568394002505e-14,0.0,-0.5728796812049657,-0.8013690663275379,88.67980343761991,63.70001399999999,9.600002017572763,88.67451451509217,61.90174074198467,0.0,1,-2.6645352591003757e-14,0.0,-0.5728796812049657,-0.8013690663275379,88.67980343761991,-63.70001399999998,9.600002017572763,88.67451451509217,-61.90174074198467,0.0,1,-2.6645352591003757e-14
4.275,4275000,hold_bow,20.0,-10.0,0.0,70.0,0.9945218953682733,0.0,0.10452846326765347,0.0,-10.0,0.0,70.0,29.47705196306707,3.0941867063545203,0,feet,0.0,-0.40508863515185833,-0.31847203170959526,-39.470188425126075,63.70001399999999,9.600002218356572,-39.47705196306714,60.71151150841919,0.0,1,3.552713678800501e-15,0.0,-0.405088635151861,-0.3184720647008694,-39.47018842512595,-63.70001399999998,9.60000221835655,-39.477051963067,-60.71151150841919,0.0,1,-1.7763568394002505e-14,0.0,-0.5728796812049657,-0.8013690663275379,88.67980343761991,63.70001399999999,9.600002017572763,88.67451451509217,61.90174074198467,0.0,1,-2.6645352591003757e-14,0.0,-0.5728796812049657,-0.8013690663275379,88.67980343761991,-63.70001399999998,9.600002017572763,88.67451451509217,-61.90174074198467,0.0,1,-2.6645352591003757e-14
4.283333333333333,4283333,hold_bow,20.0,-10.0,0.0,70.0,0.9945218953682733,0.0,0.10452846326765347,0.0,-10.0,0.0,70.0,29.47705196306707,3.0941867063545203,0,feet,0.0,-0.40508863515185833,-0.31847203170959526,-39.470188425126075,63.70001399999999,9.600002218356572,-39.47705196306714,60.71151150841919,0.0,1,3.552713678800501e-15,0.0,-0.405088635151861,-0.3184720647008694,-39.47018842512595,-63.70001399999998,9.60000221835655,-39.477051963067,-60.71151150841919,0.0,1,-1.7763568394002505e-14,0.0,-0.5728796812049657,-0.8013690663275379,88.67980343761991,63.70001399999999,9.600002017572763,88.67451451509217,61.90174074198467,0.0,1,-2.6645352591003757e-14,0.0,-0.5728796812049657,-0.8013690663275379,88.67980343761991,-63.70001399999998,9.600002017572763,88.67451451509217,-61.90174074198467,0.0,1,-2.6645352591003757e-14
4.291666666666667,4291667,hold_bow,20.0,-10.0,0.0,70.0,0.9945218953682733,0.0,0.10452846326765347,0.0,-10.0,0.0,70.0,29.47705196306707,3.0941867063545203,0,feet,0.0,-0.40508863515185833,-0.31847203170959526,-39.470188425126075,63.70001399999999,9.600002218356572,-39.47705196306714,60.71151150841919,0.0,1,3.552713678800501e-15,0.0,-0.405088635151861,-0.3184720647008694,-39.47018842512595,-63.70001399999998,9.60000221835655,-39.477051963067,-60.71151150841919,0.0,1,-1.7763568394002505e-14,0.0,-0.5728796812049657,-0.8013690663275379,88.67980343761991,63.70001399999999,9.600002017572763,88.67451451509217,61.90174074198467,0.0,1,-2.6645352591003757e-14,0.0,-0.5728796812049657,-0.8013690663275379,88.67980343761991,-63.70001399999998,9.600002017572763,88.67451451509217,-61.90174074198467,0.0,1,-2.6645352591003757e-14
4.3,4300000,hold_bow,20.0,-10.0,0.0,70.0,0.9945218953682733,0.0,0.10452846326765347,0.0,-10.0,0.0,70.0,29.47705196306707,3.0941867063545203,0,feet,0.0,-0.40508863515185833,-0.31847203170959526,-39.470188425126075,63.70001399999999,9.600002218356572,-39.47705196306714,60.71151150841919,0.0,1,3.552713678800501e-15,0.0,-0.405088635151861,-0.3184720647008694,-39.47018842512595,-63.70001399999998,9.60000221835655,-39.477051963067,-60.71151150841919,0.0,1,-1.7763568394002505e-14,0.0,-0.5728796812049657,-0.8013690663275379,88.67980343761991,63.70001399999999,9.600002017572763,88.67451451509217,61.90174074198467,0.0,1,-2.6645352591003757e-14,0.0,-0.5728796812049657,-0.8013690663275379,88.67980343761991,-63.70001399999998,9.600002017572763,88.67451451509217,-61.90174074198467,0.0,1,-2.6645352591003757e-14
4.308333333333334,4308333,hold_bow,20.0,-10.0,0.0,70.0,0.9945218953682733,0.0,0.10452846326765347,0.0,-10.0,0.0,70.0,29.47705196306707,3.0941867063545203,0,feet,0.0,-0.40508863515185833,-0.31847203170959526,-39.470188425126075,63.70001399999999,9.600002218356572,-39.47705196306714,60.71151150841919,0.0,1,3.552713678800501e-15,0.0,-0.405088635151861,-0.3184720647008694,-39.47018842512595,-63.70001399999998,9.60000221835655,-39.477051963067,-60.71151150841919,0.0,1,-1.7763568394002505e-14,0.0,-0.5728796812049657,-0.8013690663275379,88.67980343761991,63.70001399999999,9.600002017572763,88.67451451509217,61.90174074198467,0.0,1,-2.6645352591003757e-14,0.0,-0.5728796812049657,-0.8013690663275379,88.67980343761991,-63.70001399999998,9.600002017572763,88.67451451509217,-61.90174074198467,0.0,1,-2.6645352591003757e-14
4.316666666666666,4316667,hold_bow,20.0,-10.0,0.0,70.0,0.9945218953682733,0.0,0.10452846326765347,0.0,-10.0,0.0,70.0,29.47705196306707,3.0941867063545203,0,feet,0.0,-0.40508863515185833,-0.31847203170959526,-39.470188425126075,63.70001399999999,9.600002218356572,-39.47705196306714,60.71151150841919,0.0,1,3.552713678800501e-15,0.0,-0.405088635151861,-0.3184720647008694,-39.47018842512595,-63.70001399999998,9.60000221835655,-39.477051963067,-60.71151150841919,0.0,1,-1.7763568394002505e-14,0.0,-0.5728796812049657,-0.8013690663275379,88.67980343761991,63.70001399999999,9.600002017572763,88.67451451509217,61.90174074198467,0.0,1,-2.6645352591003757e-14,0.0,-0.5728796812049657,-0.8013690663275379,88.67980343761991,-63.70001399999998,9.600002017572763,88.67451451509217,-61.90174074198467,0.0,1,-2.6645352591003757e-14
4.325,4325000,hold_bow,20.0,-10.0,0.0,70.0,0.9945218953682733,0.0,0.10452846326765347,0.0,-10.0,0.0,70.0,29.47705196306707,3.0941867063545203,0,feet,0.0,-0.40508863515185833,-0.31847203170959526,-39.470188425126075,63.70001399999999,9.600002218356572,-39.47705196306714,60.71151150841919,0.0,1,3.552713678800501e-15,0.0,-0.405088635151861,-0.3184720647008694,-39.47018842512595,-63.70001399999998,9.60000221835655,-39.477051963067,-60.71151150841919,0.0,1,-1.7763568394002505e-14,0.0,-0.5728796812049657,-0.8013690663275379,88.67980343761991,63.70001399999999,9.600002017572763,88.67451451509217,61.90174074198467,0.0,1,-2.6645352591003757e-14,0.0,-0.5728796812049657,-0.8013690663275379,88.67980343761991,-63.70001399999998,9.600002017572763,88.67451451509217,-61.90174074198467,0.0,1,-2.6645352591003757e-14
4.333333333333333,4333333,hold_bow,20.0,-10.0,0.0,70.0,0.9945218953682733,0.0,0.10452846326765347,0.0,-10.0,0.0,70.0,29.47705196306707,3.0941867063545203,0,feet,0.0,-0.40508863515185833,-0.31847203170959526,-39.470188425126075,63.70001399999999,9.600002218356572,-39.47705196306714,60.71151150841919,0.0,1,3.552713678800501e-15,0.0,-0.405088635151861,-0.3184720647008694,-39.47018842512595,-63.70001399999998,9.60000221835655,-39.477051963067,-60.71151150841919,0.0,1,-1.7763568394002505e-14,0.0,-0.5728796812049657,-0.8013690663275379,88.67980343761991,63.70001399999999,9.600002017572763,88.67451451509217,61.90174074198467,0.0,1,-2.6645352591003757e-14,0.0,-0.5728796812049657,-0.8013690663275379,88.67980343761991,-63.70001399999998,9.600002017572763,88.67451451509217,-61.90174074198467,0.0,1,-2.6645352591003757e-14
4.341666666666667,4341667,hold_bow,20.0,-10.0,0.0,70.0,0.9945218953682733,0.0,0.10452846326765347,0.0,-10.0,0.0,70.0,29.47705196306707,3.0941867063545203,0,feet,0.0,-0.40508863515185833,-0.31847203170959526,-39.470188425126075,63.70001399999999,9.600002218356572,-39.47705196306714,60.71151150841919,0.0,1,3.552713678800501e-15,0.0,-0.405088635151861,-0.3184720647008694,-39.47018842512595,-63.70001399999998,9.60000221835655,-39.477051963067,-60.71151150841919,0.0,1,-1.7763568394002505e-14,0.0,-0.5728796812049657,-0.8013690663275379,88.67980343761991,63.70001399999999,9.600002017572763,88.67451451509217,61.90174074198467,0.0,1,-2.6645352591003757e-14,0.0,-0.5728796812049657,-0.8013690663275379,88.67980343761991,-63.70001399999998,9.600002017572763,88.67451451509217,-61.90174074198467,0.0,1,-2.6645352591003757e-14
4.35,4350000,hold_bow,20.0,-10.0,0.0,70.0,0.9945218953682733,0.0,0.10452846326765347,0.0,-10.0,0.0,70.0,29.47705196306707,3.0941867063545203,0,feet,0.0,-0.40508863515185833,-0.31847203170959526,-39.470188425126075,63.70001399999999,9.600002218356572,-39.47705196306714,60.71151150841919,0.0,1,3.552713678800501e-15,0.0,-0.405088635151861,-0.3184720647008694,-39.47018842512595,-63.70001399999998,9.60000221835655,-39.477051963067,-60.71151150841919,0.0,1,-1.7763568394002505e-14,0.0,-0.5728796812049657,-0.8013690663275379,88.67980343761991,63.70001399999999,9.600002017572763,88.67451451509217,61.90174074198467,0.0,1,-2.6645352591003757e-14,0.0,-0.5728796812049657,-0.8013690663275379,88.67980343761991,-63.70001399999998,9.600002017572763,88.67451451509217,-61.90174074198467,0.0,1,-2.6645352591003757e-14
4.358333333333333,4358333,hold_bow,20.0,-10.0,0.0,70.0,0.9945218953682733,0.0,0.10452846326765347,0.0,-10.0,0.0,70.0,29.47705196306707,3.0941867063545203,0,feet,0.0,-0.40508863515185833,-0.31847203170959526,-39.470188425126075,63.70001399999999,9.600002218356572,-39.47705196306714,60.71151150841919,0.0,1,3.552713678800501e-15,0.0,-0.405088635151861,-0.3184720647008694,-39.47018842512595,-63.70001399999998,9.60000221835655,-39.477051963067,-60.71151150841919,0.0,1,-1.7763568394002505e-14,0.0,-0.5728796812049657,-0.8013690663275379,88.67980343761991,63.70001399999999,9.600002017572763,88.67451451509217,61.90174074198467,0.0,1,-2.6645352591003757e-14,0.0,-0.5728796812049657,-0.8013690663275379,88.67980343761991,-63.70001399999998,9.600002017572763,88.67451451509217,-61.90174074198467,0.0,1,-2.6645352591003757e-14
4.366666666666666,4366667,hold_bow,20.0,-10.0,0.0,70.0,0.9945218953682733,0.0,0.10452846326765347,0.0,-10.0,0.0,70.0,29.47705196306707,3.0941867063545203,0,feet,0.0,-0.40508863515185833,-0.31847203170959526,-39.470188425126075,63.70001399999999,9.600002218356572,-39.47705196306714,60.71151150841919,0.0,1,3.552713678800501e-15,0.0,-0.405088635151861,-0.3184720647008694,-39.47018842512595,-63.70001399999998,9.60000221835655,-39.477051963067,-60.71151150841919,0.0,1,-1.7763568394002505e-14,0.0,-0.5728796812049657,-0.8013690663275379,88.67980343761991,63.70001399999999,9.600002017572763,88.67451451509217,61.90174074198467,0.0,1,-2.6645352591003757e-14,0.0,-0.5728796812049657,-0.8013690663275379,88.67980343761991,-63.70001399999998,9.600002017572763,88.67451451509217,-61.90174074198467,0.0,1,-2.6645352591003757e-14
4.375,4375000,hold_bow,20.0,-10.0,0.0,70.0,0.9945218953682733,0.0,0.10452846326765347,0.0,-10.0,0.0,70.0,29.47705196306707,3.0941867063545203,0,feet,0.0,-0.40508863515185833,-0.31847203170959526,-39.470188425126075,63.70001399999999,9.600002218356572,-39.47705196306714,60.71151150841919,0.0,1,3.552713678800501e-15,0.0,-0.405088635151861,-0.3184720647008694,-39.47018842512595,-63.70001399999998,9.60000221835655,-39.477051963067,-60.71151150841919,0.0,1,-1.7763568394002505e-14,0.0,-0.5728796812049657,-0.8013690663275379,88.67980343761991,63.70001399999999,9.600002017572763,88.67451451509217,61.90174074198467,0.0,1,-2.6645352591003757e-14,0.0,-0.5728796812049657,-0.8013690663275379,88.67980343761991,-63.70001399999998,9.600002017572763,88.67451451509217,-61.90174074198467,0.0,1,-2.6645352591003757e-14
4.383333333333334,4383333,hold_bow,20.0,-10.0,0.0,70.0,0.9945218953682733,0.0,0.10452846326765347,0.0,-10.0,0.0,70.0,29.47705196306707,3.0941867063545203,0,feet,0.0,-0.40508863515185833,-0.31847203170959526,-39.470188425126075,63.70001399999999,9.600002218356572,-39.47705196306714,60.71151150841919,0.0,1,3.552713678800501e-15,0.0,-0.405088635151861,-0.3184720647008694,-39.47018842512595,-63.70001399999998,9.60000221835655,-39.477051963067,-60.71151150841919,0.0,1,-1.7763568394002505e-14,0.0,-0.5728796812049657,-0.8013690663275379,88.67980343761991,63.70001399999999,9.600002017572763,88.67451451509217,61.90174074198467,0.0,1,-2.6645352591003757e-14,0.0,-0.5728796812049657,-0.8013690663275379,88.67980343761991,-63.70001399999998,9.600002017572763,88.67451451509217,-61.90174074198467,0.0,1,-2.6645352591003757e-14
4.391666666666667,4391667,hold_bow,20.0,-10.0,0.0,70.0,0.9945218953682733,0.0,0.10452846326765347,0.0,-10.0,0.0,70.0,29.47705196306707,3.0941867063545203,0,feet,0.0,-0.40508863515185833,-0.31847203170959526,-39.470188425126075,63.70001399999999,9.600002218356572,-39.47705196306714,60.71151150841919,0.0,1,3.552713678800501e-15,0.0,-0.405088635151861,-0.3184720647008694,-39.47018842512595,-63.70001399999998,9.60000221835655,-39.477051963067,-60.71151150841919,0.0,1,-1.7763568394002505e-14,0.0,-0.5728796812049657,-0.8013690663275379,88.67980343761991,63.70001399999999,9.600002017572763,88.67451451509217,61.90174074198467,0.0,1,-2.6645352591003757e-14,0.0,-0.5728796812049657,-0.8013690663275379,88.67980343761991,-63.70001399999998,9.600002017572763,88.67451451509217,-61.90174074198467,0.0,1,-2.6645352591003757e-14
4.4,4400000,hold_bow,20.0,-10.0,0.0,70.0,0.9945218953682733,0.0,0.10452846326765347,0.0,-10.0,0.0,70.0,29.47705196306707,3.0941867063545203,0,feet,0.0,-0.40508863515185833,-0.31847203170959526,-39.470188425126075,63.70001399999999,9.600002218356572,-39.47705196306714,60.71151150841919,0.0,1,3.552713678800501e-15,0.0,-0.405088635151861,-0.3184720647008694,-39.47018842512595,-63.70001399999998,9.60000221835655,-39.477051963067,-60.71151150841919,0.0,1,-1.7763568394002505e-14,0.0,-0.5728796812049657,-0.8013690663275379,88.67980343761991,63.70001399999999,9.600002017572763,88.67451451509217,61.90174074198467,0.0,1,-2.6645352591003757e-14,0.0,-0.5728796812049657,-0.8013690663275379,88.67980343761991,-63.70001399999998,9.600002017572763,88.67451451509217,-61.90174074198467,0.0,1,-2.6645352591003757e-14
4.408333333333333,4408333,hold_bow,20.0,-10.0,0.0,70.0,0.9945218953682733,0.0,0.10452846326765347,0.0,-10.0,0.0,70.0,29.47705196306707,3.0941867063545203,0,feet,0.0,-0.40508863515185833,-0.31847203170959526,-39.470188425126075,63.70001399999999,9.600002218356572,-39.47705196306714,60.71151150841919,0.0,1,3.552713678800501e-15,0.0,-0.405088635151861,-0.3184720647008694,-39.47018842512595,-63.70001399999998,9.60000221835655,-39.477051963067,-60.71151150841919,0.0,1,-1.7763568394002505e-14,0.0,-0.5728796812049657,-0.8013690663275379,88.67980343761991,63.70001399999999,9.600002017572763,88.67451451509217,61.90174074198467,0.0,1,-2.6645352591003757e-14,0.0,-0.5728796812049657,-0.8013690663275379,88.67980343761991,-63.70001399999998,9.600002017572763,88.67451451509217,-61.90174074198467,0.0,1,-2.6645352591003757e-14
4.416666666666667,4416667,hold_bow,20.0,-10.0,0.0,70.0,0.9945218953682733,0.0,0.10452846326765347,0.0,-10.0,0.0,70.0,29.47705196306707,3.0941867063545203,0,feet,0.0,-0.40508863515185833,-0.31847203170959526,-39.470188425126075,63.70001399999999,9.600002218356572,-39.47705196306714,60.71151150841919,0.0,1,3.552713678800501e-15,0.0,-0.405088635151861,-0.3184720647008694,-39.47018842512595,-63.70001399999998,9.60000221835655,-39.477051963067,-60.71151150841919,0.0,1,-1.7763568394002505e-14,0.0,-0.5728796812049657,-0.8013690663275379,88.67980343761991,63.70001399999999,9.600002017572763,88.67451451509217,61.90174074198467,0.0,1,-2.6645352591003757e-14,0.0,-0.5728796812049657,-0.8013690663275379,88.67980343761991,-63.70001399999998,9.600002017572763,88.67451451509217,-61.90174074198467,0.0,1,-2.6645352591003757e-14
4.425,4425000,hold_bow,20.0,-10.0,0.0,70.0,0.9945218953682733,0.0,0.10452846326765347,0.0,-10.0,0.0,70.0,29.47705196306707,3.0941867063545203,0,feet,0.0,-0.40508863515185833,-0.31847203170959526,-39.470188425126075,63.70001399999999,9.600002218356572,-39.47705196306714,60.71151150841919,0.0,1,3.552713678800501e-15,0.0,-0.405088635151861,-0.3184720647008694,-39.47018842512595,-63.70001399999998,9.60000221835655,-39.477051963067,-60.71151150841919,0.0,1,-1.7763568394002505e-14,0.0,-0.5728796812049657,-0.8013690663275379,88.67980343761991,63.70001399999999,9.600002017572763,88.67451451509217,61.90174074198467,0.0,1,-2.6645352591003757e-14,0.0,-0.5728796812049657,-0.8013690663275379,88.67980343761991,-63.70001399999998,9.600002017572763,88.67451451509217,-61.90174074198467,0.0,1,-2.6645352591003757e-14
4.433333333333334,4433333,hold_bow,20.0,-10.0,0.0,70.0,0.9945218953682733,0.0,0.10452846326765347,0.0,-10.0,0.0,70.0,29.47705196306707,3.0941867063545203,0,feet,0.0,-0.40508863515185833,-0.31847203170959526,-39.470188425126075,63.70001399999999,9.600002218356572,-39.47705196306714,60.71151150841919,0.0,1,3.552713678800501e-15,0.0,-0.405088635151861,-0.3184720647008694,-39.47018842512595,-63.70001399999998,9.60000221835655,-39.477051963067,-60.71151150841919,0.0,1,-1.7763568394002505e-14,0.0,-0.5728796812049657,-0.8013690663275379,88.67980343761991,63.70001399999999,9.600002017572763,88.67451451509217,61.90174074198467,0.0,1,-2.6645352591003757e-14,0.0,-0.5728796812049657,-0.8013690663275379,88.67980343761991,-63.70001399999998,9.600002017572763,88.67451451509217,-61.90174074198467,0.0,1,-2.6645352591003757e-14
4.441666666666666,4441667,hold_bow,20.0,-10.0,0.0,70.0,0.9945218953682733,0.0,0.10452846326765347,0.0,-10.0,0.0,70.0,29.47705196306707,3.0941867063545203,0,feet,0.0,-0.40508863515185833,-0.31847203170959526,-39.470188425126075,63.70001399999999,9.600002218356572,-39.47705196306714,60.71151150841919,0.0,1,3.552713678800501e-15,0.0,-0.405088635151861,-0.3184720647008694,-39.47018842512595,-63.70001399999998,9.60000221835655,-39.477051963067,-60.71151150841919,0.0,1,-1.7763568394002505e-14,0.0,-0.5728796812049657,-0.8013690663275379,88.67980343761991,63.70001399999999,9.600002017572763,88.67451451509217,61.90174074198467,0.0,1,-2.6645352591003757e-14,0.0,-0.5728796812049657,-0.8013690663275379,88.67980343761991,-63.70001399999998,9.600002017572763,88.67451451509217,-61.90174074198467,0.0,1,-2.6645352591003757e-14
4.45,4450000,hold_bow,20.0,-10.0,0.0,70.0,0.9945218953682733,0.0,0.10452846326765347,0.0,-10.0,0.0,70.0,29.47705196306707,3.0941867063545203,0,feet,0.0,-0.40508863515185833,-0.31847203170959526,-39.470188425126075,63.70001399999999,9.600002218356572,-39.47705196306714,60.71151150841919,0.0,1,3.552713678800501e-15,0.0,-0.405088635151861,-0.3184720647008694,-39.47018842512595,-63.70001399999998,9.60000221835655,-39.477051963067,-60.71151150841919,0.0,1,-1.7763568394002505e-14,0.0,-0.5728796812049657,-0.8013690663275379,88.67980343761991,63.70001399999999,9.600002017572763,88.67451451509217,61.90174074198467,0.0,1,-2.6645352591003757e-14,0.0,-0.5728796812049657,-0.8013690663275379,88.67980343761991,-63.70001399999998,9.600002017572763,88.67451451509217,-61.90174074198467,0.0,1,-2.6645352591003757e-14
4.458333333333333,4458333,hold_bow,20.0,-10.0,0.0,70.0,0.9945218953682733,0.0,0.10452846326765347,0.0,-10.0,0.0,70.0,29.47705196306707,3.0941867063545203,0,feet,0.0,-0.40508863515185833,-0.31847203170959526,-39.470188425126075,63.70001399999999,9.600002218356572,-39.47705196306714,60.71151150841919,0.0,1,3.552713678800501e-15,0.0,-0.405088635151861,-0.3184720647008694,-39.47018842512595,-63.70001399999998,9.60000221835655,-39.477051963067,-60.71151150841919,0.0,1,-1.7763568394002505e-14,0.0,-0.5728796812049657,-0.8013690663275379,88.67980343761991,63.70001399999999,9.600002017572763,88.67451451509217,61.90174074198467,0.0,1,-2.6645352591003757e-14,0.0,-0.5728796812049657,-0.8013690663275379,88.67980343761991,-63.70001399999998,9.600002017572763,88.67451451509217,-61.90174074198467,0.0,1,-2.6645352591003757e-14
4.466666666666667,4466667,hold_bow,20.0,-10.0,0.0,70.0,0.9945218953682733,0.0,0.10452846326765347,0.0,-10.0,0.0,70.0,29.47705196306707,3.0941867063545203,0,feet,0.0,-0.40508863515185833,-0.31847203170959526,-39.470188425126075,63.70001399999999,9.600002218356572,-39.47705196306714,60.71151150841919,0.0,1,3.552713678800501e-15,0.0,-0.405088635151861,-0.3184720647008694,-39.47018842512595,-63.70001399999998,9.60000221835655,-39.477051963067,-60.71151150841919,0.0,1,-1.7763568394002505e-14,0.0,-0.5728796812049657,-0.8013690663275379,88.67980343761991,63.70001399999999,9.600002017572763,88.67451451509217,61.90174074198467,0.0,1,-2.6645352591003757e-14,0.0,-0.5728796812049657,-0.8013690663275379,88.67980343761991,-63.70001399999998,9.600002017572763,88.67451451509217,-61.90174074198467,0.0,1,-2.6645352591003757e-14
4.475,4475000,hold_bow,20.0,-10.0,0.0,70.0,0.9945218953682733,0.0,0.10452846326765347,0.0,-10.0,0.0,70.0,29.47705196306707,3.0941867063545203,0,feet,0.0,-0.40508863515185833,-0.31847203170959526,-39.470188425126075,63.70001399999999,9.600002218356572,-39.47705196306714,60.71151150841919,0.0,1,3.552713678800501e-15,0.0,-0.405088635151861,-0.3184720647008694,-39.47018842512595,-63.70001399999998,9.60000221835655,-39.477051963067,-60.71151150841919,0.0,1,-1.7763568394002505e-14,0.0,-0.5728796812049657,-0.8013690663275379,88.67980343761991,63.70001399999999,9.600002017572763,88.67451451509217,61.90174074198467,0.0,1,-2.6645352591003757e-14,0.0,-0.5728796812049657,-0.8013690663275379,88.67980343761991,-63.70001399999998,9.600002017572763,88.67451451509217,-61.90174074198467,0.0,1,-2.6645352591003757e-14
4.483333333333333,4483333,hold_bow,20.0,-10.0,0.0,70.0,0.9945218953682733,0.0,0.10452846326765347,0.0,-10.0,0.0,70.0,29.47705196306707,3.0941867063545203,0,feet,0.0,-0.40508863515185833,-0.31847203170959526,-39.470188425126075,63.70001399999999,9.600002218356572,-39.47705196306714,60.71151150841919,0.0,1,3.552713678800501e-15,0.0,-0.405088635151861,-0.3184720647008694,-39.47018842512595,-63.70001399999998,9.60000221835655,-39.477051963067,-60.71151150841919,0.0,1,-1.7763568394002505e-14,0.0,-0.5728796812049657,-0.8013690663275379,88.67980343761991,63.70001399999999,9.600002017572763,88.67451451509217,61.90174074198467,0.0,1,-2.6645352591003757e-14,0.0,-0.5728796812049657,-0.8013690663275379,88.67980343761991,-63.70001399999998,9.600002017572763,88.67451451509217,-61.90174074198467,0.0,1,-2.6645352591003757e-14
4.491666666666666,4491667,hold_bow,20.0,-10.0,0.0,70.0,0.9945218953682733,0.0,0.10452846326765347,0.0,-10.0,0.0,70.0,29.47705196306707,3.0941867063545203,0,feet,0.0,-0.40508863515185833,-0.31847203170959526,-39.470188425126075,63.70001399999999,9.600002218356572,-39.47705196306714,60.71151150841919,0.0,1,3.552713678800501e-15,0.0,-0.405088635151861,-0.3184720647008694,-39.47018842512595,-63.70001399999998,9.60000221835655,-39.477051963067,-60.71151150841919,0.0,1,-1.7763568394002505e-14,0.0,-0.5728796812049657,-0.8013690663275379,88.67980343761991,63.70001399999999,9.600002017572763,88.67451451509217,61.90174074198467,0.0,1,-2.6645352591003757e-14,0.0,-0.5728796812049657,-0.8013690663275379,88.67980343761991,-63.70001399999998,9.600002017572763,88.67451451509217,-61.90174074198467,0.0,1,-2.6645352591003757e-14
4.5,4500000,hold_bow,20.0,-10.0,0.0,70.0,0.9945218953682733,0.0,0.10452846326765347,0.0,-10.0,0.0,70.0,29.47705196306707,3.0941867063545203,0,feet,0.0,-0.40508863515185833,-0.31847203170959526,-39.470188425126075,63.70001399999999,9.600002218356572,-39.47705196306714,60.71151150841919,0.0,1,3.552713678800501e-15,0.0,-0.405088635151861,-0.3184720647008694,-39.47018842512595,-63.70001399999998,9.60000221835655,-39.477051963067,-60.71151150841919,0.0,1,-1.7763568394002505e-14,0.0,-0.5728796812049657,-0.8013690663275379,88.67980343761991,63.70001399999999,9.600002017572763,88.67451451509217,61.90174074198467,0.0,1,-2.6645352591003757e-14,0.0,-0.5728796812049657,-0.8013690663275379,88.67980343761991,-63.70001399999998,9.600002017572763,88.67451451509217,-61.90174074198467,0.0,1,-2.6645352591003757e-14
4.508333333333334,4508333,hold_bow,20.0,-10.0,0.0,70.0,0.9945218953682733,0.0,0.10452846326765347,0.0,-10.0,0.0,70.0,29.47705196306707,3.0941867063545203,0,feet,0.0,-0.40508863515185833,-0.31847203170959526,-39.470188425126075,63.70001399999999,9.600002218356572,-39.47705196306714,60.71151150841919,0.0,1,3.552713678800501e-15,0.0,-0.405088635151861,-0.3184720647008694,-39.47018842512595,-63.70001399999998,9.60000221835655,-39.477051963067,-60.71151150841919,0.0,1,-1.7763568394002505e-14,0.0,-0.5728796812049657,-0.8013690663275379,88.67980343761991,63.70001399999999,9.600002017572763,88.67451451509217,61.90174074198467,0.0,1,-2.6645352591003757e-14,0.0,-0.5728796812049657,-0.8013690663275379,88.67980343761991,-63.70001399999998,9.600002017572763,88.67451451509217,-61.90174074198467,0.0,1,-2.6645352591003757e-14
4.516666666666667,4516667,hold_bow,20.0,-10.0,0.0,70.0,0.9945218953682733,0.0,0.10452846326765347,0.0,-10.0,0.0,70.0,29.47705196306707,3.0941867063545203,0,feet,0.0,-0.40508863515185833,-0.31847203170959526,-39.470188425126075,63.70001399999999,9.600002218356572,-39.47705196306714,60.71151150841919,0.0,1,3.552713678800501e-15,0.0,-0.405088635151861,-0.3184720647008694,-39.47018842512595,-63.70001399999998,9.60000221835655,-39.477051963067,-60.71151150841919,0.0,1,-1.7763568394002505e-14,0.0,-0.5728796812049657,-0.8013690663275379,88.67980343761991,63.70001399999999,9.600002017572763,88.67451451509217,61.90174074198467,0.0,1,-2.6645352591003757e-14,0.0,-0.5728796812049657,-0.8013690663275379,88.67980343761991,-63.70001399999998,9.600002017572763,88.67451451509217,-61.90174074198467,0.0,1,-2.6645352591003757e-14
4.525,4525000,hold_bow,20.0,-10.0,0.0,70.0,0.9945218953682733,0.0,0.10452846326765347,0.0,-10.0,0.0,70.0,29.47705196306707,3.0941867063545203,0,feet,0.0,-0.40508863515185833,-0.31847203170959526,-39.470188425126075,63.70001399999999,9.600002218356572,-39.47705196306714,60.71151150841919,0.0,1,3.552713678800501e-15,0.0,-0.405088635151861,-0.3184720647008694,-39.47018842512595,-63.70001399999998,9.60000221835655,-39.477051963067,-60.71151150841919,0.0,1,-1.7763568394002505e-14,0.0,-0.5728796812049657,-0.8013690663275379,88.67980343761991,63.70001399999999,9.600002017572763,88.67451451509217,61.90174074198467,0.0,1,-2.6645352591003757e-14,0.0,-0.5728796812049657,-0.8013690663275379,88.67980343761991,-63.70001399999998,9.600002017572763,88.67451451509217,-61.90174074198467,0.0,1,-2.6645352591003757e-14
4.533333333333333,4533333,hold_bow,20.0,-10.0,0.0,70.0,0.9945218953682733,0.0,0.10452846326765347,0.0,-10.0,0.0,70.0,29.47705196306707,3.0941867063545203,0,feet,0.0,-0.40508863515185833,-0.31847203170959526,-39.470188425126075,63.70001399999999,9.600002218356572,-39.47705196306714,60.71151150841919,0.0,1,3.552713678800501e-15,0.0,-0.405088635151861,-0.3184720647008694,-39.47018842512595,-63.70001399999998,9.60000221835655,-39.477051963067,-60.71151150841919,0.0,1,-1.7763568394002505e-14,0.0,-0.5728796812049657,-0.8013690663275379,88.67980343761991,63.70001399999999,9.600002017572763,88.67451451509217,61.90174074198467,0.0,1,-2.6645352591003757e-14,0.0,-0.5728796812049657,-0.8013690663275379,88.67980343761991,-63.70001399999998,9.600002017572763,88.67451451509217,-61.90174074198467,0.0,1,-2.6645352591003757e-14
4.541666666666667,4541667,hold_bow,20.0,-10.0,0.0,70.0,0.9945218953682733,0.0,0.10452846326765347,0.0,-10.0,0.0,70.0,29.47705196306707,3.0941867063545203,0,feet,0.0,-0.40508863515185833,-0.31847203170959526,-39.470188425126075,63.70001399999999,9.600002218356572,-39.47705196306714,60.71151150841919,0.0,1,3.552713678800501e-15,0.0,-0.405088635151861,-0.3184720647008694,-39.47018842512595,-63.70001399999998,9.60000221835655,-39.477051963067,-60.71151150841919,0.0,1,-1.7763568394002505e-14,0.0,-0.5728796812049657,-0.8013690663275379,88.67980343761991,63.70001399999999,9.600002017572763,88.67451451509217,61.90174074198467,0.0,1,-2.6645352591003757e-14,0.0,-0.5728796812049657,-0.8013690663275379,88.67980343761991,-63.70001399999998,9.600002017572763,88.67451451509217,-61.90174074198467,0.0,1,-2.6645352591003757e-14
4.55,4550000,hold_bow,20.0,-10.0,0.0,70.0,0.9945218953682733,0.0,0.10452846326765347,0.0,-10.0,0.0,70.0,29.47705196306707,3.0941867063545203,0,feet,0.0,-0.40508863515185833,-0.31847203170959526,-39.470188425126075,63.70001399999999,9.600002218356572,-39.47705196306714,60.71151150841919,0.0,1,3.552713678800501e-15,0.0,-0.405088635151861,-0.3184720647008694,-39.47018842512595,-63.70001399999998,9.60000221835655,-39.477051963067,-60.71151150841919,0.0,1,-1.7763568394002505e-14,0.0,-0.5728796812049657,-0.8013690663275379,88.67980343761991,63.70001399999999,9.600002017572763,88.67451451509217,61.90174074198467,0.0,1,-2.6645352591003757e-14,0.0,-0.5728796812049657,-0.8013690663275379,88.67980343761991,-63.70001399999998,9.600002017572763,88.67451451509217,-61.90174074198467,0.0,1,-2.6645352591003757e-14
4.558333333333334,4558333,hold_bow,20.0,-10.0,0.0,70.0,0.9945218953682733,0.0,0.10452846326765347,0.0,-10.0,0.0,70.0,29.47705196306707,3.0941867063545203,0,feet,0.0,-0.40508863515185833,-0.31847203170959526,-39.470188425126075,63.70001399999999,9.600002218356572,-39.47705196306714,60.71151150841919,0.0,1,3.552713678800501e-15,0.0,-0.405088635151861,-0.3184720647008694,-39.47018842512595,-63.70001399999998,9.60000221835655,-39.477051963067,-60.71151150841919,0.0,1,-1.7763568394002505e-14,0.0,-0.5728796812049657,-0.8013690663275379,88.67980343761991,63.70001399999999,9.600002017572763,88.67451451509217,61.90174074198467,0.0,1,-2.6645352591003757e-14,0.0,-0.5728796812049657,-0.8013690663275379,88.67980343761991,-63.70001399999998,9.600002017572763,88.67451451509217,-61.90174074198467,0.0,1,-2.6645352591003757e-14
4.566666666666666,4566667,hold_bow,20.0,-10.0,0.0,70.0,0.9945218953682733,0.0,0.10452846326765347,0.0,-10.0,0.0,70.0,29.47705196306707,3.0941867063545203,0,feet,0.0,-0.40508863515185833,-0.31847203170959526,-39.470188425126075,63.70001399999999,9.600002218356572,-39.47705196306714,60.71151150841919,0.0,1,3.552713678800501e-15,0.0,-0.405088635151861,-0.3184720647008694,-39.47018842512595,-63.70001399999998,9.60000221835655,-39.477051963067,-60.71151150841919,0.0,1,-1.7763568394002505e-14,0.0,-0.5728796812049657,-0.8013690663275379,88.67980343761991,63.70001399999999,9.600002017572763,88.67451451509217,61.90174074198467,0.0,1,-2.6645352591003757e-14,0.0,-0.5728796812049657,-0.8013690663275379,88.67980343761991,-63.70001399999998,9.600002017572763,88.67451451509217,-61.90174074198467,0.0,1,-2.6645352591003757e-14
4.575,4575000,hold_bow,20.0,-10.0,0.0,70.0,0.9945218953682733,0.0,0.10452846326765347,0.0,-10.0,0.0,70.0,29.47705196306707,3.0941867063545203,0,feet,0.0,-0.40508863515185833,-0.31847203170959526,-39.470188425126075,63.70001399999999,9.600002218356572,-39.47705196306714,60.71151150841919,0.0,1,3.552713678800501e-15,0.0,-0.405088635151861,-0.3184720647008694,-39.47018842512595,-63.70001399999998,9.60000221835655,-39.477051963067,-60.71151150841919,0.0,1,-1.7763568394002505e-14,0.0,-0.5728796812049657,-0.8013690663275379,88.67980343761991,63.70001399999999,9.600002017572763,88.67451451509217,61.90174074198467,0.0,1,-2.6645352591003757e-14,0.0,-0.5728796812049657,-0.8013690663275379,88.67980343761991,-63.70001399999998,9.600002017572763,88.67451451509217,-61.90174074198467,0.0,1,-2.6645352591003757e-14
4.583333333333333,4583333,hold_bow,20.0,-10.0,0.0,70.0,0.9945218953682733,0.0,0.10452846326765347,0.0,-10.0,0.0,70.0,29.47705196306707,3.0941867063545203,0,feet,0.0,-0.40508863515185833,-0.31847203170959526,-39.470188425126075,63.70001399999999,9.600002218356572,-39.47705196306714,60.71151150841919,0.0,1,3.552713678800501e-15,0.0,-0.405088635151861,-0.3184720647008694,-39.47018842512595,-63.70001399999998,9.60000221835655,-39.477051963067,-60.71151150841919,0.0,1,-1.7763568394002505e-14,0.0,-0.5728796812049657,-0.8013690663275379,88.67980343761991,63.70001399999999,9.600002017572763,88.67451451509217,61.90174074198467,0.0,1,-2.6645352591003757e-14,0.0,-0.5728796812049657,-0.8013690663275379,88.67980343761991,-63.70001399999998,9.600002017572763,88.67451451509217,-61.90174074198467,0.0,1,-2.6645352591003757e-14
4.591666666666667,4591667,hold_bow,20.0,-10.0,0.0,70.0,0.9945218953682733,0.0,0.10452846326765347,0.0,-10.0,0.0,70.0,29.47705196306707,3.0941867063545203,0,feet,0.0,-0.40508863515185833,-0.31847203170959526,-39.470188425126075,63.70001399999999,9.600002218356572,-39.47705196306714,60.71151150841919,0.0,1,3.552713678800501e-15,0.0,-0.405088635151861,-0.3184720647008694,-39.47018842512595,-63.70001399999998,9.60000221835655,-39.477051963067,-60.71151150841919,0.0,1,-1.7763568394002505e-14,0.0,-0.5728796812049657,-0.8013690663275379,88.67980343761991,63.70001399999999,9.600002017572763,88.67451451509217,61.90174074198467,0.0,1,-2.6645352591003757e-14,0.0,-0.5728796812049657,-0.8013690663275379,88.67980343761991,-63.70001399999998,9.600002017572763,88.67451451509217,-61.90174074198467,0.0,1,-2.6645352591003757e-14
4.6,4600000,hold_bow,20.0,-10.0,0.0,70.0,0.9945218953682733,0.0,0.10452846326765347,0.0,-10.0,0.0,70.0,29.47705196306707,3.0941867063545203,0,feet,0.0,-0.40508863515185833,-0.31847203170959526,-39.470188425126075,63.70001399999999,9.600002218356572,-39.47705196306714,60.71151150841919,0.0,1,3.552713678800501e-15,0.0,-0.405088635151861,-0.3184720647008694,-39.47018842512595,-63.70001399999998,9.60000221835655,-39.477051963067,-60.71151150841919,0.0,1,-1.7763568394002505e-14,0.0,-0.5728796812049657,-0.8013690663275379,88.67980343761991,63.70001399999999,9.600002017572763,88.67451451509217,61.90174074198467,0.0,1,-2.6645352591003757e-14,0.0,-0.5728796812049657,-0.8013690663275379,88.67980343761991,-63.70001399999998,9.600002017572763,88.67451451509217,-61.90174074198467,0.0,1,-2.6645352591003757e-14
4.608333333333333,4608333,hold_bow,20.0,-10.0,0.0,70.0,0.9945218953682733,0.0,0.10452846326765347,0.0,-10.0,0.0,70.0,29.47705196306707,3.0941867063545203,0,feet,0.0,-0.40508863515185833,-0.31847203170959526,-39.470188425126075,63.70001399999999,9.600002218356572,-39.47705196306714,60.71151150841919,0.0,1,3.552713678800501e-15,0.0,-0.405088635151861,-0.3184720647008694,-39.47018842512595,-63.70001399999998,9.60000221835655,-39.477051963067,-60.71151150841919,0.0,1,-1.7763568394002505e-14,0.0,-0.5728796812049657,-0.8013690663275379,88.67980343761991,63.70001399999999,9.600002017572763,88.67451451509217,61.90174074198467,0.0,1,-2.6645352591003757e-14,0.0,-0.5728796812049657,-0.8013690663275379,88.67980343761991,-63.70001399999998,9.600002017572763,88.67451451509217,-61.90174074198467,0.0,1,-2.6645352591003757e-14
4.616666666666666,4616667,hold_bow,20.0,-10.0,0.0,70.0,0.9945218953682733,0.0,0.10452846326765347,0.0,-10.0,0.0,70.0,29.47705196306707,3.0941867063545203,0,feet,0.0,-0.40508863515185833,-0.31847203170959526,-39.470188425126075,63.70001399999999,9.600002218356572,-39.47705196306714,60.71151150841919,0.0,1,3.552713678800501e-15,0.0,-0.405088635151861,-0.3184720647008694,-39.47018842512595,-63.70001399999998,9.60000221835655,-39.477051963067,-60.71151150841919,0.0,1,-1.7763568394002505e-14,0.0,-0.5728796812049657,-0.8013690663275379,88.67980343761991,63.70001399999999,9.600002017572763,88.67451451509217,61.90174074198467,0.0,1,-2.6645352591003757e-14,0.0,-0.5728796812049657,-0.8013690663275379,88.67980343761991,-63.70001399999998,9.600002017572763,88.67451451509217,-61.90174074198467,0.0,1,-2.6645352591003757e-14
4.625,4625000,hold_bow,20.0,-10.0,0.0,70.0,0.9945218953682733,0.0,0.10452846326765347,0.0,-10.0,0.0,70.0,29.47705196306707,3.0941867063545203,0,feet,0.0,-0.40508863515185833,-0.31847203170959526,-39.470188425126075,63.70001399999999,9.600002218356572,-39.47705196306714,60.71151150841919,0.0,1,3.552713678800501e-15,0.0,-0.405088635151861,-0.3184720647008694,-39.47018842512595,-63.70001399999998,9.60000221835655,-39.477051963067,-60.71151150841919,0.0,1,-1.7763568394002505e-14,0.0,-0.5728796812049657,-0.8013690663275379,88.67980343761991,63.70001399999999,9.600002017572763,88.67451451509217,61.90174074198467,0.0,1,-2.6645352591003757e-14,0.0,-0.5728796812049657,-0.8013690663275379,88.67980343761991,-63.70001399999998,9.600002017572763,88.67451451509217,-61.90174074198467,0.0,1,-2.6645352591003757e-14
4.633333333333334,4633333,hold_bow,20.0,-10.0,0.0,70.0,0.9945218953682733,0.0,0.10452846326765347,0.0,-10.0,0.0,70.0,29.47705196306707,3.0941867063545203,0,feet,0.0,-0.40508863515185833,-0.31847203170959526,-39.470188425126075,63.70001399999999,9.600002218356572,-39.47705196306714,60.71151150841919,0.0,1,3.552713678800501e-15,0.0,-0.405088635151861,-0.3184720647008694,-39.47018842512595,-63.70001399999998,9.60000221835655,-39.477051963067,-60.71151150841919,0.0,1,-1.7763568394002505e-14,0.0,-0.5728796812049657,-0.8013690663275379,88.67980343761991,63.70001399999999,9.600002017572763,88.67451451509217,61.90174074198467,0.0,1,-2.6645352591003757e-14,0.0,-0.5728796812049657,-0.8013690663275379,88.67980343761991,-63.70001399999998,9.600002017572763,88.67451451509217,-61.90174074198467,0.0,1,-2.6645352591003757e-14
4.641666666666667,4641667,hold_bow,20.0,-10.0,0.0,70.0,0.9945218953682733,0.0,0.10452846326765347,0.0,-10.0,0.0,70.0,29.47705196306707,3.0941867063545203,0,feet,0.0,-0.40508863515185833,-0.31847203170959526,-39.470188425126075,63.70001399999999,9.600002218356572,-39.47705196306714,60.71151150841919,0.0,1,3.552713678800501e-15,0.0,-0.405088635151861,-0.3184720647008694,-39.47018842512595,-63.70001399999998,9.60000221835655,-39.477051963067,-60.71151150841919,0.0,1,-1.7763568394002505e-14,0.0,-0.5728796812049657,-0.8013690663275379,88.67980343761991,63.70001399999999,9.600002017572763,88.67451451509217,61.90174074198467,0.0,1,-2.6645352591003757e-14,0.0,-0.5728796812049657,-0.8013690663275379,88.67980343761991,-63.70001399999998,9.600002017572763,88.67451451509217,-61.90174074198467,0.0,1,-2.6645352591003757e-14
4.65,4650000,hold_bow,20.0,-10.0,0.0,70.0,0.9945218953682733,0.0,0.10452846326765347,0.0,-10.0,0.0,70.0,29.47705196306707,3.0941867063545203,0,feet,0.0,-0.40508863515185833,-0.31847203170959526,-39.470188425126075,63.70001399999999,9.600002218356572,-39.47705196306714,60.71151150841919,0.0,1,3.552713678800501e-15,0.0,-0.405088635151861,-0.3184720647008694,-39.47018842512595,-63.70001399999998,9.60000221835655,-39.477051963067,-60.71151150841919,0.0,1,-1.7763568394002505e-14,0.0,-0.5728796812049657,-0.8013690663275379,88.67980343761991,63.70001399999999,9.600002017572763,88.67451451509217,61.90174074198467,0.0,1,-2.6645352591003757e-14,0.0,-0.5728796812049657,-0.8013690663275379,88.67980343761991,-63.70001399999998,9.600002017572763,88.67451451509217,-61.90174074198467,0.0,1,-2.6645352591003757e-14
4.658333333333333,4658333,hold_bow,20.0,-10.0,0.0,70.0,0.9945218953682733,0.0,0.10452846326765347,0.0,-10.0,0.0,70.0,29.47705196306707,3.0941867063545203,0,feet,0.0,-0.40508863515185833,-0.31847203170959526,-39.470188425126075,63.70001399999999,9.600002218356572,-39.47705196306714,60.71151150841919,0.0,1,3.552713678800501e-15,0.0,-0.405088635151861,-0.3184720647008694,-39.47018842512595,-63.70001399999998,9.60000221835655,-39.477051963067,-60.71151150841919,0.0,1,-1.7763568394002505e-14,0.0,-0.5728796812049657,-0.8013690663275379,88.67980343761991,63.70001399999999,9.600002017572763,88.67451451509217,61.90174074198467,0.0,1,-2.6645352591003757e-14,0.0,-0.5728796812049657,-0.8013690663275379,88.67980343761991,-63.70001399999998,9.600002017572763,88.67451451509217,-61.90174074198467,0.0,1,-2.6645352591003757e-14
4.666666666666667,4666667,hold_bow,20.0,-10.0,0.0,70.0,0.9945218953682733,0.0,0.10452846326765347,0.0,-10.0,0.0,70.0,29.47705196306707,3.0941867063545203,0,feet,0.0,-0.40508863515185833,-0.31847203170959526,-39.470188425126075,63.70001399999999,9.600002218356572,-39.47705196306714,60.71151150841919,0.0,1,3.552713678800501e-15,0.0,-0.405088635151861,-0.3184720647008694,-39.47018842512595,-63.70001399999998,9.60000221835655,-39.477051963067,-60.71151150841919,0.0,1,-1.7763568394002505e-14,0.0,-0.5728796812049657,-0.8013690663275379,88.67980343761991,63.70001399999999,9.600002017572763,88.67451451509217,61.90174074198467,0.0,1,-2.6645352591003757e-14,0.0,-0.5728796812049657,-0.8013690663275379,88.67980343761991,-63.70001399999998,9.600002017572763,88.67451451509217,-61.90174074198467,0.0,1,-2.6645352591003757e-14
4.675,4675000,hold_bow,20.0,-10.0,0.0,70.0,0.9945218953682733,0.0,0.10452846326765347,0.0,-10.0,0.0,70.0,29.47705196306707,3.0941867063545203,0,feet,0.0,-0.40508863515185833,-0.31847203170959526,-39.470188425126075,63.70001399999999,9.600002218356572,-39.47705196306714,60.71151150841919,0.0,1,3.552713678800501e-15,0.0,-0.405088635151861,-0.3184720647008694,-39.47018842512595,-63.70001399999998,9.60000221835655,-39.477051963067,-60.71151150841919,0.0,1,-1.7763568394002505e-14,0.0,-0.5728796812049657,-0.8013690663275379,88.67980343761991,63.70001399999999,9.600002017572763,88.67451451509217,61.90174074198467,0.0,1,-2.6645352591003757e-14,0.0,-0.5728796812049657,-0.8013690663275379,88.67980343761991,-63.70001399999998,9.600002017572763,88.67451451509217,-61.90174074198467,0.0,1,-2.6645352591003757e-14
4.683333333333334,4683333,hold_bow,20.0,-10.0,0.0,70.0,0.9945218953682733,0.0,0.10452846326765347,0.0,-10.0,0.0,70.0,29.47705196306707,3.0941867063545203,0,feet,0.0,-0.40508863515185833,-0.31847203170959526,-39.470188425126075,63.70001399999999,9.600002218356572,-39.47705196306714,60.71151150841919,0.0,1,3.552713678800501e-15,0.0,-0.405088635151861,-0.3184720647008694,-39.47018842512595,-63.70001399999998,9.60000221835655,-39.477051963067,-60.71151150841919,0.0,1,-1.7763568394002505e-14,0.0,-0.5728796812049657,-0.8013690663275379,88.67980343761991,63.70001399999999,9.600002017572763,88.67451451509217,61.90174074198467,0.0,1,-2.6645352591003757e-14,0.0,-0.5728796812049657,-0.8013690663275379,88.67980343761991,-63.70001399999998,9.600002017572763,88.67451451509217,-61.90174074198467,0.0,1,-2.6645352591003757e-14
4.691666666666666,4691667,hold_bow,20.0,-10.0,0.0,70.0,0.9945218953682733,0.0,0.10452846326765347,0.0,-10.0,0.0,70.0,29.47705196306707,3.0941867063545203,0,feet,0.0,-0.40508863515185833,-0.31847203170959526,-39.470188425126075,63.70001399999999,9.600002218356572,-39.47705196306714,60.71151150841919,0.0,1,3.552713678800501e-15,0.0,-0.405088635151861,-0.3184720647008694,-39.47018842512595,-63.70001399999998,9.60000221835655,-39.477051963067,-60.71151150841919,0.0,1,-1.7763568394002505e-14,0.0,-0.5728796812049657,-0.8013690663275379,88.67980343761991,63.70001399999999,9.600002017572763,88.67451451509217,61.90174074198467,0.0,1,-2.6645352591003757e-14,0.0,-0.5728796812049657,-0.8013690663275379,88.67980343761991,-63.70001399999998,9.600002017572763,88.67451451509217,-61.90174074198467,0.0,1,-2.6645352591003757e-14
4.7,4700000,hold_bow,20.0,-10.0,0.0,70.0,0.9945218953682733,0.0,0.10452846326765347,0.0,-10.0,0.0,70.0,29.47705196306707,3.0941867063545203,0,feet,0.0,-0.40508863515185833,-0.31847203170959526,-39.470188425126075,63.70001399999999,9.600002218356572,-39.47705196306714,60.71151150841919,0.0,1,3.552713678800501e-15,0.0,-0.405088635151861,-0.3184720647008694,-39.47018842512595,-63.70001399999998,9.60000221835655,-39.477051963067,-60.71151150841919,0.0,1,-1.7763568394002505e-14,0.0,-0.5728796812049657,-0.8013690663275379,88.67980343761991,63.70001399999999,9.600002017572763,88.67451451509217,61.90174074198467,0.0,1,-2.6645352591003757e-14,0.0,-0.5728796812049657,-0.8013690663275379,88.67980343761991,-63.70001399999998,9.600002017572763,88.67451451509217,-61.90174074198467,0.0,1,-2.6645352591003757e-14
4.708333333333333,4708333,hold_bow,20.0,-10.0,0.0,70.0,0.9945218953682733,0.0,0.10452846326765347,0.0,-10.0,0.0,70.0,29.47705196306707,3.0941867063545203,0,feet,0.0,-0.40508863515185833,-0.31847203170959526,-39.470188425126075,63.70001399999999,9.600002218356572,-39.47705196306714,60.71151150841919,0.0,1,3.552713678800501e-15,0.0,-0.405088635151861,-0.3184720647008694,-39.47018842512595,-63.70001399999998,9.60000221835655,-39.477051963067,-60.71151150841919,0.0,1,-1.7763568394002505e-14,0.0,-0.5728796812049657,-0.8013690663275379,88.67980343761991,63.70001399999999,9.600002017572763,88.67451451509217,61.90174074198467,0.0,1,-2.6645352591003757e-14,0.0,-0.5728796812049657,-0.8013690663275379,88.67980343761991,-63.70001399999998,9.600002017572763,88.67451451509217,-61.90174074198467,0.0,1,-2.6645352591003757e-14
4.716666666666667,4716667,hold_bow,20.0,-10.0,0.0,70.0,0.9945218953682733,0.0,0.10452846326765347,0.0,-10.0,0.0,70.0,29.47705196306707,3.0941867063545203,0,feet,0.0,-0.40508863515185833,-0.31847203170959526,-39.470188425126075,63.70001399999999,9.600002218356572,-39.47705196306714,60.71151150841919,0.0,1,3.552713678800501e-15,0.0,-0.405088635151861,-0.3184720647008694,-39.47018842512595,-63.70001399999998,9.60000221835655,-39.477051963067,-60.71151150841919,0.0,1,-1.7763568394002505e-14,0.0,-0.5728796812049657,-0.8013690663275379,88.67980343761991,63.70001399999999,9.600002017572763,88.67451451509217,61.90174074198467,0.0,1,-2.6645352591003757e-14,0.0,-0.5728796812049657,-0.8013690663275379,88.67980343761991,-63.70001399999998,9.600002017572763,88.67451451509217,-61.90174074198467,0.0,1,-2.6645352591003757e-14
4.725,4725000,hold_bow,20.0,-10.0,0.0,70.0,0.9945218953682733,0.0,0.10452846326765347,0.0,-10.0,0.0,70.0,29.47705196306707,3.0941867063545203,0,feet,0.0,-0.40508863515185833,-0.31847203170959526,-39.470188425126075,63.70001399999999,9.600002218356572,-39.47705196306714,60.71151150841919,0.0,1,3.552713678800501e-15,0.0,-0.405088635151861,-0.3184720647008694,-39.47018842512595,-63.70001399999998,9.60000221835655,-39.477051963067,-60.71151150841919,0.0,1,-1.7763568394002505e-14,0.0,-0.5728796812049657,-0.8013690663275379,88.67980343761991,63.70001399999999,9.600002017572763,88.67451451509217,61.90174074198467,0.0,1,-2.6645352591003757e-14,0.0,-0.5728796812049657,-0.8013690663275379,88.67980343761991,-63.70001399999998,9.600002017572763,88.67451451509217,-61.90174074198467,0.0,1,-2.6645352591003757e-14
4.733333333333333,4733333,hold_bow,20.0,-10.0,0.0,70.0,0.9945218953682733,0.0,0.10452846326765347,0.0,-10.0,0.0,70.0,29.47705196306707,3.0941867063545203,0,feet,0.0,-0.40508863515185833,-0.31847203170959526,-39.470188425126075,63.70001399999999,9.600002218356572,-39.47705196306714,60.71151150841919,0.0,1,3.552713678800501e-15,0.0,-0.405088635151861,-0.3184720647008694,-39.47018842512595,-63.70001399999998,9.60000221835655,-39.477051963067,-60.71151150841919,0.0,1,-1.7763568394002505e-14,0.0,-0.5728796812049657,-0.8013690663275379,88.67980343761991,63.70001399999999,9.600002017572763,88.67451451509217,61.90174074198467,0.0,1,-2.6645352591003757e-14,0.0,-0.5728796812049657,-0.8013690663275379,88.67980343761991,-63.70001399999998,9.600002017572763,88.67451451509217,-61.90174074198467,0.0,1,-2.6645352591003757e-14
4.741666666666666,4741667,hold_bow,20.0,-10.0,0.0,70.0,0.9945218953682733,0.0,0.10452846326765347,0.0,-10.0,0.0,70.0,29.47705196306707,3.0941867063545203,0,feet,0.0,-0.40508863515185833,-0.31847203170959526,-39.470188425126075,63.70001399999999,9.600002218356572,-39.47705196306714,60.71151150841919,0.0,1,3.552713678800501e-15,0.0,-0.405088635151861,-0.3184720647008694,-39.47018842512595,-63.70001399999998,9.60000221835655,-39.477051963067,-60.71151150841919,0.0,1,-1.7763568394002505e-14,0.0,-0.5728796812049657,-0.8013690663275379,88.67980343761991,63.70001399999999,9.600002017572763,88.67451451509217,61.90174074198467,0.0,1,-2.6645352591003757e-14,0.0,-0.5728796812049657,-0.8013690663275379,88.67980343761991,-63.70001399999998,9.600002017572763,88.67451451509217,-61.90174074198467,0.0,1,-2.6645352591003757e-14
4.75,4750000,hold_bow,20.0,-10.0,0.0,70.0,0.9945218953682733,0.0,0.10452846326765347,0.0,-10.0,0.0,70.0,29.47705196306707,3.0941867063545203,0,feet,0.0,-0.40508863515185833,-0.31847203170959526,-39.470188425126075,63.70001399999999,9.600002218356572,-39.47705196306714,60.71151150841919,0.0,1,3.552713678800501e-15,0.0,-0.405088635151861,-0.3184720647008694,-39.47018842512595,-63.70001399999998,9.60000221835655,-39.477051963067,-60.71151150841919,0.0,1,-1.7763568394002505e-14,0.0,-0.5728796812049657,-0.8013690663275379,88.67980343761991,63.70001399999999,9.600002017572763,88.67451451509217,61.90174074198467,0.0,1,-2.6645352591003757e-14,0.0,-0.5728796812049657,-0.8013690663275379,88.67980343761991,-63.70001399999998,9.600002017572763,88.67451451509217,-61.90174074198467,0.0,1,-2.6645352591003757e-14
4.758333333333334,4758333,hold_bow,20.0,-10.0,0.0,70.0,0.9945218953682733,0.0,0.10452846326765347,0.0,-10.0,0.0,70.0,29.47705196306707,3.0941867063545203,0,feet,0.0,-0.40508863515185833,-0.31847203170959526,-39.470188425126075,63.70001399999999,9.600002218356572,-39.47705196306714,60.71151150841919,0.0,1,3.552713678800501e-15,0.0,-0.405088635151861,-0.3184720647008694,-39.47018842512595,-63.70001399999998,9.60000221835655,-39.477051963067,-60.71151150841919,0.0,1,-1.7763568394002505e-14,0.0,-0.5728796812049657,-0.8013690663275379,88.67980343761991,63.70001399999999,9.600002017572763,88.67451451509217,61.90174074198467,0.0,1,-2.6645352591003757e-14,0.0,-0.5728796812049657,-0.8013690663275379,88.67980343761991,-63.70001399999998,9.600002017572763,88.67451451509217,-61.90174074198467,0.0,1,-2.6645352591003757e-14
4.766666666666667,4766667,hold_bow,20.0,-10.0,0.0,70.0,0.9945218953682733,0.0,0.10452846326765347,0.0,-10.0,0.0,70.0,29.47705196306707,3.0941867063545203,0,feet,0.0,-0.40508863515185833,-0.31847203170959526,-39.470188425126075,63.70001399999999,9.600002218356572,-39.47705196306714,60.71151150841919,0.0,1,3.552713678800501e-15,0.0,-0.405088635151861,-0.3184720647008694,-39.47018842512595,-63.70001399999998,9.60000221835655,-39.477051963067,-60.71151150841919,0.0,1,-1.7763568394002505e-14,0.0,-0.5728796812049657,-0.8013690663275379,88.67980343761991,63.70001399999999,9.600002017572763,88.67451451509217,61.90174074198467,0.0,1,-2.6645352591003757e-14,0.0,-0.5728796812049657,-0.8013690663275379,88.67980343761991,-63.70001399999998,9.600002017572763,88.67451451509217,-61.90174074198467,0.0,1,-2.6645352591003757e-14
4.775,4775000,hold_bow,20.0,-10.0,0.0,70.0,0.9945218953682733,0.0,0.10452846326765347,0.0,-10.0,0.0,70.0,29.47705196306707,3.0941867063545203,0,feet,0.0,-0.40508863515185833,-0.31847203170959526,-39.470188425126075,63.70001399999999,9.600002218356572,-39.47705196306714,60.71151150841919,0.0,1,3.552713678800501e-15,0.0,-0.405088635151861,-0.3184720647008694,-39.47018842512595,-63.70001399999998,9.60000221835655,-39.477051963067,-60.71151150841919,0.0,1,-1.7763568394002505e-14,0.0,-0.5728796812049657,-0.8013690663275379,88.67980343761991,63.70001399999999,9.600002017572763,88.67451451509217,61.90174074198467,0.0,1,-2.6645352591003757e-14,0.0,-0.5728796812049657,-0.8013690663275379,88.67980343761991,-63.70001399999998,9.600002017572763,88.67451451509217,-61.90174074198467,0.0,1,-2.6645352591003757e-14
4.783333333333333,4783333,hold_bow,20.0,-10.0,0.0,70.0,0.9945218953682733,0.0,0.10452846326765347,0.0,-10.0,0.0,70.0,29.47705196306707,3.0941867063545203,0,feet,0.0,-0.40508863515185833,-0.31847203170959526,-39.470188425126075,63.70001399999999,9.600002218356572,-39.47705196306714,60.71151150841919,0.0,1,3.552713678800501e-15,0.0,-0.405088635151861,-0.3184720647008694,-39.47018842512595,-63.70001399999998,9.60000221835655,-39.477051963067,-60.71151150841919,0.0,1,-1.7763568394002505e-14,0.0,-0.5728796812049657,-0.8013690663275379,88.67980343761991,63.70001399999999,9.600002017572763,88.67451451509217,61.90174074198467,0.0,1,-2.6645352591003757e-14,0.0,-0.5728796812049657,-0.8013690663275379,88.67980343761991,-63.70001399999998,9.600002017572763,88.67451451509217,-61.90174074198467,0.0,1,-2.6645352591003757e-14
4.791666666666667,4791667,hold_bow,20.0,-10.0,0.0,70.0,0.9945218953682733,0.0,0.10452846326765347,0.0,-10.0,0.0,70.0,29.47705196306707,3.0941867063545203,0,feet,0.0,-0.40508863515185833,-0.31847203170959526,-39.470188425126075,63.70001399999999,9.600002218356572,-39.47705196306714,60.71151150841919,0.0,1,3.552713678800501e-15,0.0,-0.405088635151861,-0.3184720647008694,-39.47018842512595,-63.70001399999998,9.60000221835655,-39.477051963067,-60.71151150841919,0.0,1,-1.7763568394002505e-14,0.0,-0.5728796812049657,-0.8013690663275379,88.67980343761991,63.70001399999999,9.600002017572763,88.67451451509217,61.90174074198467,0.0,1,-2.6645352591003757e-14,0.0,-0.5728796812049657,-0.8013690663275379,88.67980343761991,-63.70001399999998,9.600002017572763,88.67451451509217,-61.90174074198467,0.0,1,-2.6645352591003757e-14
4.8,4800000,hold_bow,20.0,-10.0,0.0,70.0,0.9945218953682733,0.0,0.10452846326765347,0.0,-10.0,0.0,70.0,29.47705196306707,3.0941867063545203,0,feet,0.0,-0.40508863515185833,-0.31847203170959526,-39.470188425126075,63.70001399999999,9.600002218356572,-39.47705196306714,60.71151150841919,0.0,1,3.552713678800501e-15,0.0,-0.405088635151861,-0.3184720647008694,-39.47018842512595,-63.70001399999998,9.60000221835655,-39.477051963067,-60.71151150841919,0.0,1,-1.7763568394002505e-14,0.0,-0.5728796812049657,-0.8013690663275379,88.67980343761991,63.70001399999999,9.600002017572763,88.67451451509217,61.90174074198467,0.0,1,-2.6645352591003757e-14,0.0,-0.5728796812049657,-0.8013690663275379,88.67980343761991,-63.70001399999998,9.600002017572763,88.67451451509217,-61.90174074198467,0.0,1,-2.6645352591003757e-14
4.808333333333334,4808333,hold_bow,20.0,-10.0,0.0,70.0,0.9945218953682733,0.0,0.10452846326765347,0.0,-10.0,0.0,70.0,29.47705196306707,3.0941867063545203,0,feet,0.0,-0.40508863515185833,-0.31847203170959526,-39.470188425126075,63.70001399999999,9.600002218356572,-39.47705196306714,60.71151150841919,0.0,1,3.552713678800501e-15,0.0,-0.405088635151861,-0.3184720647008694,-39.47018842512595,-63.70001399999998,9.60000221835655,-39.477051963067,-60.71151150841919,0.0,1,-1.7763568394002505e-14,0.0,-0.5728796812049657,-0.8013690663275379,88.67980343761991,63.70001399999999,9.600002017572763,88.67451451509217,61.90174074198467,0.0,1,-2.6645352591003757e-14,0.0,-0.5728796812049657,-0.8013690663275379,88.67980343761991,-63.70001399999998,9.600002017572763,88.67451451509217,-61.90174074198467,0.0,1,-2.6645352591003757e-14
4.816666666666666,4816667,hold_bow,20.0,-10.0,0.0,70.0,0.9945218953682733,0.0,0.10452846326765347,0.0,-10.0,0.0,70.0,29.47705196306707,3.0941867063545203,0,feet,0.0,-0.40508863515185833,-0.31847203170959526,-39.470188425126075,63.70001399999999,9.600002218356572,-39.47705196306714,60.71151150841919,0.0,1,3.552713678800501e-15,0.0,-0.405088635151861,-0.3184720647008694,-39.47018842512595,-63.70001399999998,9.60000221835655,-39.477051963067,-60.71151150841919,0.0,1,-1.7763568394002505e-14,0.0,-0.5728796812049657,-0.8013690663275379,88.67980343761991,63.70001399999999,9.600002017572763,88.67451451509217,61.90174074198467,0.0,1,-2.6645352591003757e-14,0.0,-0.5728796812049657,-0.8013690663275379,88.67980343761991,-63.70001399999998,9.600002017572763,88.67451451509217,-61.90174074198467,0.0,1,-2.6645352591003757e-14
4.825,4825000,hold_bow,20.0,-10.0,0.0,70.0,0.9945218953682733,0.0,0.10452846326765347,0.0,-10.0,0.0,70.0,29.47705196306707,3.0941867063545203,0,feet,0.0,-0.40508863515185833,-0.31847203170959526,-39.470188425126075,63.70001399999999,9.600002218356572,-39.47705196306714,60.71151150841919,0.0,1,3.552713678800501e-15,0.0,-0.405088635151861,-0.3184720647008694,-39.47018842512595,-63.70001399999998,9.60000221835655,-39.477051963067,-60.71151150841919,0.0,1,-1.7763568394002505e-14,0.0,-0.5728796812049657,-0.8013690663275379,88.67980343761991,63.70001399999999,9.600002017572763,88.67451451509217,61.90174074198467,0.0,1,-2.6645352591003757e-14,0.0,-0.5728796812049657,-0.8013690663275379,88.67980343761991,-63.70001399999998,9.600002017572763,88.67451451509217,-61.90174074198467,0.0,1,-2.6645352591003757e-14
4.833333333333333,4833333,hold_bow,20.0,-10.0,0.0,70.0,0.9945218953682733,0.0,0.10452846326765347,0.0,-10.0,0.0,70.0,29.47705196306707,3.0941867063545203,0,feet,0.0,-0.40508863515185833,-0.31847203170959526,-39.470188425126075,63.70001399999999,9.600002218356572,-39.47705196306714,60.71151150841919,0.0,1,3.552713678800501e-15,0.0,-0.405088635151861,-0.3184720647008694,-39.47018842512595,-63.70001399999998,9.60000221835655,-39.477051963067,-60.71151150841919,0.0,1,-1.7763568394002505e-14,0.0,-0.5728796812049657,-0.8013690663275379,88.67980343761991,63.70001399999999,9.600002017572763,88.67451451509217,61.90174074198467,0.0,1,-2.6645352591003757e-14,0.0,-0.5728796812049657,-0.8013690663275379,88.67980343761991,-63.70001399999998,9.600002017572763,88.67451451509217,-61.90174074198467,0.0,1,-2.6645352591003757e-14
4.841666666666667,4841667,hold_bow,20.0,-10.0,0.0,70.0,0.9945218953682733,0.0,0.10452846326765347,0.0,-10.0,0.0,70.0,29.47705196306707,3.0941867063545203,0,feet,0.0,-0.40508863515185833,-0.31847203170959526,-39.470188425126075,63.70001399999999,9.600002218356572,-39.47705196306714,60.71151150841919,0.0,1,3.552713678800501e-15,0.0,-0.405088635151861,-0.3184720647008694,-39.47018842512595,-63.70001399999998,9.60000221835655,-39.477051963067,-60.71151150841919,0.0,1,-1.7763568394002505e-14,0.0,-0.5728796812049657,-0.8013690663275379,88.67980343761991,63.70001399999999,9.600002017572763,88.67451451509217,61.90174074198467,0.0,1,-2.6645352591003757e-14,0.0,-0.5728796812049657,-0.8013690663275379,88.67980343761991,-63.70001399999998,9.600002017572763,88.67451451509217,-61.90174074198467,0.0,1,-2.6645352591003757e-14
4.85,4850000,hold_bow,20.0,-10.0,0.0,70.0,0.9945218953682733,0.0,0.10452846326765347,0.0,-10.0,0.0,70.0,29.47705196306707,3.0941867063545203,0,feet,0.0,-0.40508863515185833,-0.31847203170959526,-39.470188425126075,63.70001399999999,9.600002218356572,-39.47705196306714,60.71151150841919,0.0,1,3.552713678800501e-15,0.0,-0.405088635151861,-0.3184720647008694,-39.47018842512595,-63.70001399999998,9.60000221835655,-39.477051963067,-60.71151150841919,0.0,1,-1.7763568394002505e-14,0.0,-0.5728796812049657,-0.8013690663275379,88.67980343761991,63.70001399999999,9.600002017572763,88.67451451509217,61.90174074198467,0.0,1,-2.6645352591003757e-14,0.0,-0.5728796812049657,-0.8013690663275379,88.67980343761991,-63.70001399999998,9.600002017572763,88.67451451509217,-61.90174074198467,0.0,1,-2.6645352591003757e-14
4.858333333333333,4858333,hold_bow,20.0,-10.0,0.0,70.0,0.9945218953682733,0.0,0.10452846326765347,0.0,-10.0,0.0,70.0,29.47705196306707,3.0941867063545203,0,feet,0.0,-0.40508863515185833,-0.31847203170959526,-39.470188425126075,63.70001399999999,9.600002218356572,-39.47705196306714,60.71151150841919,0.0,1,3.552713678800501e-15,0.0,-0.405088635151861,-0.3184720647008694,-39.47018842512595,-63.70001399999998,9.60000221835655,-39.477051963067,-60.71151150841919,0.0,1,-1.7763568394002505e-14,0.0,-0.5728796812049657,-0.8013690663275379,88.67980343761991,63.70001399999999,9.600002017572763,88.67451451509217,61.90174074198467,0.0,1,-2.6645352591003757e-14,0.0,-0.5728796812049657,-0.8013690663275379,88.67980343761991,-63.70001399999998,9.600002017572763,88.67451451509217,-61.90174074198467,0.0,1,-2.6645352591003757e-14
4.866666666666666,4866667,hold_bow,20.0,-10.0,0.0,70.0,0.9945218953682733,0.0,0.10452846326765347,0.0,-10.0,0.0,70.0,29.47705196306707,3.0941867063545203,0,feet,0.0,-0.40508863515185833,-0.31847203170959526,-39.470188425126075,63.70001399999999,9.600002218356572,-39.47705196306714,60.71151150841919,0.0,1,3.552713678800501e-15,0.0,-0.405088635151861,-0.3184720647008694,-39.47018842512595,-63.70001399999998,9.60000221835655,-39.477051963067,-60.71151150841919,0.0,1,-1.7763568394002505e-14,0.0,-0.5728796812049657,-0.8013690663275379,88.67980343761991,63.70001399999999,9.600002017572763,88.67451451509217,61.90174074198467,0.0,1,-2.6645352591003757e-14,0.0,-0.5728796812049657,-0.8013690663275379,88.67980343761991,-63.70001399999998,9.600002017572763,88.67451451509217,-61.90174074198467,0.0,1,-2.6645352591003757e-14
4.875,4875000,hold_bow,20.0,-10.0,0.0,70.0,0.9945218953682733,0.0,0.10452846326765347,0.0,-10.0,0.0,70.0,29.47705196306707,3.0941867063545203,0,feet,0.0,-0.40508863515185833,-0.31847203170959526,-39.470188425126075,63.70001399999999,9.600002218356572,-39.47705196306714,60.71151150841919,0.0,1,3.552713678800501e-15,0.0,-0.405088635151861,-0.3184720647008694,-39.47018842512595,-63.70001399999998,9.60000221835655,-39.477051963067,-60.71151150841919,0.0,1,-1.7763568394002505e-14,0.0,-0.5728796812049657,-0.8013690663275379,88.67980343761991,63.70001399999999,9.600002017572763,88.67451451509217,61.90174074198467,0.0,1,-2.6645352591003757e-14,0.0,-0.5728796812049657,-0.8013690663275379,88.67980343761991,-63.70001399999998,9.600002017572763,88.67451451509217,-61.90174074198467,0.0,1,-2.6645352591003757e-14
4.883333333333334,4883333,hold_bow,20.0,-10.0,0.0,70.0,0.9945218953682733,0.0,0.10452846326765347,0.0,-10.0,0.0,70.0,29.47705196306707,3.0941867063545203,0,feet,0.0,-0.40508863515185833,-0.31847203170959526,-39.470188425126075,63.70001399999999,9.600002218356572,-39.47705196306714,60.71151150841919,0.0,1,3.552713678800501e-15,0.0,-0.405088635151861,-0.3184720647008694,-39.47018842512595,-63.70001399999998,9.60000221835655,-39.477051963067,-60.71151150841919,0.0,1,-1.7763568394002505e-14,0.0,-0.5728796812049657,-0.8013690663275379,88.67980343761991,63.70001399999999,9.600002017572763,88.67451451509217,61.90174074198467,0.0,1,-2.6645352591003757e-14,0.0,-0.5728796812049657,-0.8013690663275379,88.67980343761991,-63.70001399999998,9.600002017572763,88.67451451509217,-61.90174074198467,0.0,1,-2.6645352591003757e-14
4.891666666666667,4891667,hold_bow,20.0,-10.0,0.0,70.0,0.9945218953682733,0.0,0.10452846326765347,0.0,-10.0,0.0,70.0,29.47705196306707,3.0941867063545203,0,feet,0.0,-0.40508863515185833,-0.31847203170959526,-39.470188425126075,63.70001399999999,9.600002218356572,-39.47705196306714,60.71151150841919,0.0,1,3.552713678800501e-15,0.0,-0.405088635151861,-0.3184720647008694,-39.47018842512595,-63.70001399999998,9.60000221835655,-39.477051963067,-60.71151150841919,0.0,1,-1.7763568394002505e-14,0.0,-0.5728796812049657,-0.8013690663275379,88.67980343761991,63.70001399999999,9.600002017572763,88.67451451509217,61.90174074198467,0.0,1,-2.6645352591003757e-14,0.0,-0.5728796812049657,-0.8013690663275379,88.67980343761991,-63.70001399999998,9.600002017572763,88.67451451509217,-61.90174074198467,0.0,1,-2.6645352591003757e-14
4.9,4900000,hold_bow,20.0,-10.0,0.0,70.0,0.9945218953682733,0.0,0.10452846326765347,0.0,-10.0,0.0,70.0,29.47705196306707,3.0941867063545203,0,feet,0.0,-0.40508863515185833,-0.31847203170959526,-39.470188425126075,63.70001399999999,9.600002218356572,-39.47705196306714,60.71151150841919,0.0,1,3.552713678800501e-15,0.0,-0.405088635151861,-0.3184720647008694,-39.47018842512595,-63.70001399999998,9.60000221835655,-39.477051963067,-60.71151150841919,0.0,1,-1.7763568394002505e-14,0.0,-0.5728796812049657,-0.8013690663275379,88.67980343761991,63.70001399999999,9.600002017572763,88.67451451509217,61.90174074198467,0.0,1,-2.6645352591003757e-14,0.0,-0.5728796812049657,-0.8013690663275379,88.67980343761991,-63.70001399999998,9.600002017572763,88.67451451509217,-61.90174074198467,0.0,1,-2.6645352591003757e-14
4.908333333333333,4908333,hold_bow,20.0,-10.0,0.0,70.0,0.9945218953682733,0.0,0.10452846326765347,0.0,-10.0,0.0,70.0,29.47705196306707,3.0941867063545203,0,feet,0.0,-0.40508863515185833,-0.31847203170959526,-39.470188425126075,63.70001399999999,9.600002218356572,-39.47705196306714,60.71151150841919,0.0,1,3.552713678800501e-15,0.0,-0.405088635151861,-0.3184720647008694,-39.47018842512595,-63.70001399999998,9.60000221835655,-39.477051963067,-60.71151150841919,0.0,1,-1.7763568394002505e-14,0.0,-0.5728796812049657,-0.8013690663275379,88.67980343761991,63.70001399999999,9.600002017572763,88.67451451509217,61.90174074198467,0.0,1,-2.6645352591003757e-14,0.0,-0.5728796812049657,-0.8013690663275379,88.67980343761991,-63.70001399999998,9.600002017572763,88.67451451509217,-61.90174074198467,0.0,1,-2.6645352591003757e-14
4.916666666666667,4916667,hold_bow,20.0,-10.0,0.0,70.0,0.9945218953682733,0.0,0.10452846326765347,0.0,-10.0,0.0,70.0,29.47705196306707,3.0941867063545203,0,feet,0.0,-0.40508863515185833,-0.31847203170959526,-39.470188425126075,63.70001399999999,9.600002218356572,-39.47705196306714,60.71151150841919,0.0,1,3.552713678800501e-15,0.0,-0.405088635151861,-0.3184720647008694,-39.47018842512595,-63.70001399999998,9.60000221835655,-39.477051963067,-60.71151150841919,0.0,1,-1.7763568394002505e-14,0.0,-0.5728796812049657,-0.8013690663275379,88.67980343761991,63.70001399999999,9.600002017572763,88.67451451509217,61.90174074198467,0.0,1,-2.6645352591003757e-14,0.0,-0.5728796812049657,-0.8013690663275379,88.67980343761991,-63.70001399999998,9.600002017572763,88.67451451509217,-61.90174074198467,0.0,1,-2.6645352591003757e-14
4.925,4925000,hold_bow,20.0,-10.0,0.0,70.0,0.9945218953682733,0.0,0.10452846326765347,0.0,-10.0,0.0,70.0,29.47705196306707,3.0941867063545203,0,feet,0.0,-0.40508863515185833,-0.31847203170959526,-39.470188425126075,63.70001399999999,9.600002218356572,-39.47705196306714,60.71151150841919,0.0,1,3.552713678800501e-15,0.0,-0.405088635151861,-0.3184720647008694,-39.47018842512595,-63.70001399999998,9.60000221835655,-39.477051963067,-60.71151150841919,0.0,1,-1.7763568394002505e-14,0.0,-0.5728796812049657,-0.8013690663275379,88.67980343761991,63.70001399999999,9.600002017572763,88.67451451509217,61.90174074198467,0.0,1,-2.6645352591003757e-14,0.0,-0.5728796812049657,-0.8013690663275379,88.67980343761991,-63.70001399999998,9.600002017572763,88.67451451509217,-61.90174074198467,0.0,1,-2.6645352591003757e-14
4.933333333333334,4933333,hold_bow,20.0,-10.0,0.0,70.0,0.9945218953682733,0.0,0.10452846326765347,0.0,-10.0,0.0,70.0,29.47705196306707,3.0941867063545203,0,feet,0.0,-0.40508863515185833,-0.31847203170959526,-39.470188425126075,63.70001399999999,9.600002218356572,-39.47705196306714,60.71151150841919,0.0,1,3.552713678800501e-15,0.0,-0.405088635151861,-0.3184720647008694,-39.47018842512595,-63.70001399999998,9.60000221835655,-39.477051963067,-60.71151150841919,0.0,1,-1.7763568394002505e-14,0.0,-0.5728796812049657,-0.8013690663275379,88.67980343761991,63.70001399999999,9.600002017572763,88.67451451509217,61.90174074198467,0.0,1,-2.6645352591003757e-14,0.0,-0.5728796812049657,-0.8013690663275379,88.67980343761991,-63.70001399999998,9.600002017572763,88.67451451509217,-61.90174074198467,0.0,1,-2.6645352591003757e-14
4.941666666666666,4941667,hold_bow,20.0,-10.0,0.0,70.0,0.9945218953682733,0.0,0.10452846326765347,0.0,-10.0,0.0,70.0,29.47705196306707,3.0941867063545203,0,feet,0.0,-0.40508863515185833,-0.31847203170959526,-39.470188425126075,63.70001399999999,9.600002218356572,-39.47705196306714,60.71151150841919,0.0,1,3.552713678800501e-15,0.0,-0.405088635151861,-0.3184720647008694,-39.47018842512595,-63.70001399999998,9.60000221835655,-39.477051963067,-60.71151150841919,0.0,1,-1.7763568394002505e-14,0.0,-0.5728796812049657,-0.8013690663275379,88.67980343761991,63.70001399999999,9.600002017572763,88.67451451509217,61.90174074198467,0.0,1,-2.6645352591003757e-14,0.0,-0.5728796812049657,-0.8013690663275379,88.67980343761991,-63.70001399999998,9.600002017572763,88.67451451509217,-61.90174074198467,0.0,1,-2.6645352591003757e-14
4.95,4950000,hold_bow,20.0,-10.0,0.0,70.0,0.9945218953682733,0.0,0.10452846326765347,0.0,-10.0,0.0,70.0,29.47705196306707,3.0941867063545203,0,feet,0.0,-0.40508863515185833,-0.31847203170959526,-39.470188425126075,63.70001399999999,9.600002218356572,-39.47705196306714,60.71151150841919,0.0,1,3.552713678800501e-15,0.0,-0.405088635151861,-0.3184720647008694,-39.47018842512595,-63.70001399999998,9.60000221835655,-39.477051963067,-60.71151150841919,0.0,1,-1.7763568394002505e-14,0.0,-0.5728796812049657,-0.8013690663275379,88.67980343761991,63.70001399999999,9.600002017572763,88.67451451509217,61.90174074198467,0.0,1,-2.6645352591003757e-14,0.0,-0.5728796812049657,-0.8013690663275379,88.67980343761991,-63.70001399999998,9.600002017572763,88.67451451509217,-61.90174074198467,0.0,1,-2.6645352591003757e-14
4.958333333333333,4958333,hold_bow,20.0,-10.0,0.0,70.0,0.9945218953682733,0.0,0.10452846326765347,0.0,-10.0,0.0,70.0,29.47705196306707,3.0941867063545203,0,feet,0.0,-0.40508863515185833,-0.31847203170959526,-39.470188425126075,63.70001399999999,9.600002218356572,-39.47705196306714,60.71151150841919,0.0,1,3.552713678800501e-15,0.0,-0.405088635151861,-0.3184720647008694,-39.47018842512595,-63.70001399999998,9.60000221835655,-39.477051963067,-60.71151150841919,0.0,1,-1.7763568394002505e-14,0.0,-0.5728796812049657,-0.8013690663275379,88.67980343761991,63.70001399999999,9.600002017572763,88.67451451509217,61.90174074198467,0.0,1,-2.6645352591003757e-14,0.0,-0.5728796812049657,-0.8013690663275379,88.67980343761991,-63.70001399999998,9.600002017572763,88.67451451509217,-61.90174074198467,0.0,1,-2.6645352591003757e-14
4.966666666666667,4966667,hold_bow,20.0,-10.0,0.0,70.0,0.9945218953682733,0.0,0.10452846326765347,0.0,-10.0,0.0,70.0,29.47705196306707,3.0941867063545203,0,feet,0.0,-0.40508863515185833,-0.31847203170959526,-39.470188425126075,63.70001399999999,9.600002218356572,-39.47705196306714,60.71151150841919,0.0,1,3.552713678800501e-15,0.0,-0.405088635151861,-0.3184720647008694,-39.47018842512595,-63.70001399999998,9.60000221835655,-39.477051963067,-60.71151150841919,0.0,1,-1.7763568394002505e-14,0.0,-0.5728796812049657,-0.8013690663275379,88.67980343761991,63.70001399999999,9.600002017572763,88.67451451509217,61.90174074198467,0.0,1,-2.6645352591003757e-14,0.0,-0.5728796812049657,-0.8013690663275379,88.67980343761991,-63.70001399999998,9.600002017572763,88.67451451509217,-61.90174074198467,0.0,1,-2.6645352591003757e-14
4.975,4975000,hold_bow,20.0,-10.0,0.0,70.0,0.9945218953682733,0.0,0.10452846326765347,0.0,-10.0,0.0,70.0,29.47705196306707,3.0941867063545203,0,feet,0.0,-0.40508863515185833,-0.31847203170959526,-39.470188425126075,63.70001399999999,9.600002218356572,-39.47705196306714,60.71151150841919,0.0,1,3.552713678800501e-15,0.0,-0.405088635151861,-0.3184720647008694,-39.47018842512595,-63.70001399999998,9.60000221835655,-39.477051963067,-60.71151150841919,0.0,1,-1.7763568394002505e-14,0.0,-0.5728796812049657,-0.8013690663275379,88.67980343761991,63.70001399999999,9.600002017572763,88.67451451509217,61.90174074198467,0.0,1,-2.6645352591003757e-14,0.0,-0.5728796812049657,-0.8013690663275379,88.67980343761991,-63.70001399999998,9.600002017572763,88.67451451509217,-61.90174074198467,0.0,1,-2.6645352591003757e-14
4.983333333333333,4983333,hold_bow,20.0,-10.0,0.0,70.0,0.9945218953682733,0.0,0.10452846326765347,0.0,-10.0,0.0,70.0,29.47705196306707,3.0941867063545203,0,feet,0.0,-0.40508863515185833,-0.31847203170959526,-39.470188425126075,63.70001399999999,9.600002218356572,-39.47705196306714,60.71151150841919,0.0,1,3.552713678800501e-15,0.0,-0.405088635151861,-0.3184720647008694,-39.47018842512595,-63.70001399999998,9.60000221835655,-39.477051963067,-60.71151150841919,0.0,1,-1.7763568394002505e-14,0.0,-0.5728796812049657,-0.8013690663275379,88.67980343761991,63.70001399999999,9.600002017572763,88.67451451509217,61.90174074198467,0.0,1,-2.6645352591003757e-14,0.0,-0.5728796812049657,-0.8013690663275379,88.67980343761991,-63.70001399999998,9.600002017572763,88.67451451509217,-61.90174074198467,0.0,1,-2.6645352591003757e-14
4.991666666666666,4991667,hold_bow,20.0,-10.0,0.0,70.0,0.9945218953682733,0.0,0.10452846326765347,0.0,-10.0,0.0,70.0,29.47705196306707,3.0941867063545203,0,feet,0.0,-0.40508863515185833,-0.31847203170959526,-39.470188425126075,63.70001399999999,9.600002218356572,-39.47705196306714,60.71151150841919,0.0,1,3.552713678800501e-15,0.0,-0.405088635151861,-0.3184720647008694,-39.47018842512595,-63.70001399999998,9.60000221835655,-39.477051963067,-60.71151150841919,0.0,1,-1.7763568394002505e-14,0.0,-0.5728796812049657,-0.8013690663275379,88.67980343761991,63.70001399999999,9.600002017572763,88.67451451509217,61.90174074198467,0.0,1,-2.6645352591003757e-14,0.0,-0.5728796812049657,-0.8013690663275379,88.67980343761991,-63.70001399999998,9.600002017572763,88.67451451509217,-61.90174074198467,0.0,1,-2.6645352591003757e-14
5.0,5000000,hold_bow,20.0,-10.0,0.0,70.0,0.9945218953682733,0.0,0.10452846326765347,0.0,-10.0,0.0,70.0,29.47705196306707,3.0941867063545203,0,feet,0.0,-0.40508863515185833,-0.31847203170959526,-39.470188425126075,63.70001399999999,9.600002218356572,-39.47705196306714,60.71151150841919,0.0,1,3.552713678800501e-15,0.0,-0.405088635151861,-0.3184720647008694,-39.47018842512595,-63.70001399999998,9.60000221835655,-39.477051963067,-60.71151150841919,0.0,1,-1.7763568394002505e-14,0.0,-0.5728796812049657,-0.8013690663275379,88.67980343761991,63.70001399999999,9.600002017572763,88.67451451509217,61.90174074198467,0.0,1,-2.6645352591003757e-14,0.0,-0.5728796812049657,-0.8013690663275379,88.67980343761991,-63.70001399999998,9.600002017572763,88.67451451509217,-61.90174074198467,0.0,1,-2.6645352591003757e-14
5.008333333333334,5008333,hold_bow,20.0,-10.0,0.0,70.0,0.9945218953682733,0.0,0.10452846326765347,0.0,-10.0,0.0,70.0,29.47705196306707,3.0941867063545203,0,feet,0.0,-0.40508863515185833,-0.31847203170959526,-39.470188425126075,63.70001399999999,9.600002218356572,-39.47705196306714,60.71151150841919,0.0,1,3.552713678800501e-15,0.0,-0.405088635151861,-0.3184720647008694,-39.47018842512595,-63.70001399999998,9.60000221835655,-39.477051963067,-60.71151150841919,0.0,1,-1.7763568394002505e-14,0.0,-0.5728796812049657,-0.8013690663275379,88.67980343761991,63.70001399999999,9.600002017572763,88.67451451509217,61.90174074198467,0.0,1,-2.6645352591003757e-14,0.0,-0.5728796812049657,-0.8013690663275379,88.67980343761991,-63.70001399999998,9.600002017572763,88.67451451509217,-61.90174074198467,0.0,1,-2.6645352591003757e-14
5.016666666666667,5016667,hold_bow,20.0,-10.0,0.0,70.0,0.9945218953682733,0.0,0.10452846326765347,0.0,-10.0,0.0,70.0,29.47705196306707,3.0941867063545203,0,feet,0.0,-0.40508863515185833,-0.31847203170959526,-39.470188425126075,63.70001399999999,9.600002218356572,-39.47705196306714,60.71151150841919,0.0,1,3.552713678800501e-15,0.0,-0.405088635151861,-0.3184720647008694,-39.47018842512595,-63.70001399999998,9.60000221835655,-39.477051963067,-60.71151150841919,0.0,1,-1.7763568394002505e-14,0.0,-0.5728796812049657,-0.8013690663275379,88.67980343761991,63.70001399999999,9.600002017572763,88.67451451509217,61.90174074198467,0.0,1,-2.6645352591003757e-14,0.0,-0.5728796812049657,-0.8013690663275379,88.67980343761991,-63.70001399999998,9.600002017572763,88.67451451509217,-61.90174074198467,0.0,1,-2.6645352591003757e-14
5.025,5025000,hold_bow,20.0,-10.0,0.0,70.0,0.9945218953682733,0.0,0.10452846326765347,0.0,-10.0,0.0,70.0,29.47705196306707,3.0941867063545203,0,feet,0.0,-0.40508863515185833,-0.31847203170959526,-39.470188425126075,63.70001399999999,9.600002218356572,-39.47705196306714,60.71151150841919,0.0,1,3.552713678800501e-15,0.0,-0.405088635151861,-0.3184720647008694,-39.47018842512595,-63.70001399999998,9.60000221835655,-39.477051963067,-60.71151150841919,0.0,1,-1.7763568394002505e-14,0.0,-0.5728796812049657,-0.8013690663275379,88.67980343761991,63.70001399999999,9.600002017572763,88.67451451509217,61.90174074198467,0.0,1,-2.6645352591003757e-14,0.0,-0.5728796812049657,-0.8013690663275379,88.67980343761991,-63.70001399999998,9.600002017572763,88.67451451509217,-61.90174074198467,0.0,1,-2.6645352591003757e-14
5.033333333333333,5033333,hold_bow,20.0,-10.0,0.0,70.0,0.9945218953682733,0.0,0.10452846326765347,0.0,-10.0,0.0,70.0,29.47705196306707,3.0941867063545203,0,feet,0.0,-0.40508863515185833,-0.31847203170959526,-39.470188425126075,63.70001399999999,9.600002218356572,-39.47705196306714,60.71151150841919,0.0,1,3.552713678800501e-15,0.0,-0.405088635151861,-0.3184720647008694,-39.47018842512595,-63.70001399999998,9.60000221835655,-39.477051963067,-60.71151150841919,0.0,1,-1.7763568394002505e-14,0.0,-0.5728796812049657,-0.8013690663275379,88.67980343761991,63.70001399999999,9.600002017572763,88.67451451509217,61.90174074198467,0.0,1,-2.6645352591003757e-14,0.0,-0.5728796812049657,-0.8013690663275379,88.67980343761991,-63.70001399999998,9.600002017572763,88.67451451509217,-61.90174074198467,0.0,1,-2.6645352591003757e-14
5.041666666666667,5041667,hold_bow,20.0,-10.0,0.0,70.0,0.9945218953682733,0.0,0.10452846326765347,0.0,-10.0,0.0,70.0,29.47705196306707,3.0941867063545203,0,feet,0.0,-0.40508863515185833,-0.31847203170959526,-39.470188425126075,63.70001399999999,9.600002218356572,-39.47705196306714,60.71151150841919,0.0,1,3.552713678800501e-15,0.0,-0.405088635151861,-0.3184720647008694,-39.47018842512595,-63.70001399999998,9.60000221835655,-39.477051963067,-60.71151150841919,0.0,1,-1.7763568394002505e-14,0.0,-0.5728796812049657,-0.8013690663275379,88.67980343761991,63.70001399999999,9.600002017572763,88.67451451509217,61.90174074198467,0.0,1,-2.6645352591003757e-14,0.0,-0.5728796812049657,-0.8013690663275379,88.67980343761991,-63.70001399999998,9.600002017572763,88.67451451509217,-61.90174074198467,0.0,1,-2.6645352591003757e-14
5.05,5050000,hold_bow,20.0,-10.0,0.0,70.0,0.9945218953682733,0.0,0.10452846326765347,0.0,-10.0,0.0,70.0,29.47705196306707,3.0941867063545203,0,feet,0.0,-0.40508863515185833,-0.31847203170959526,-39.470188425126075,63.70001399999999,9.600002218356572,-39.47705196306714,60.71151150841919,0.0,1,3.552713678800501e-15,0.0,-0.405088635151861,-0.3184720647008694,-39.47018842512595,-63.70001399999998,9.60000221835655,-39.477051963067,-60.71151150841919,0.0,1,-1.7763568394002505e-14,0.0,-0.5728796812049657,-0.8013690663275379,88.67980343761991,63.70001399999999,9.600002017572763,88.67451451509217,61.90174074198467,0.0,1,-2.6645352591003757e-14,0.0,-0.5728796812049657,-0.8013690663275379,88.67980343761991,-63.70001399999998,9.600002017572763,88.67451451509217,-61.90174074198467,0.0,1,-2.6645352591003757e-14
5.058333333333334,5058333,hold_bow,20.0,-10.0,0.0,70.0,0.9945218953682733,0.0,0.10452846326765347,0.0,-10.0,0.0,70.0,29.47705196306707,3.0941867063545203,0,feet,0.0,-0.40508863515185833,-0.31847203170959526,-39.470188425126075,63.70001399999999,9.600002218356572,-39.47705196306714,60.71151150841919,0.0,1,3.552713678800501e-15,0.0,-0.405088635151861,-0.3184720647008694,-39.47018842512595,-63.70001399999998,9.60000221835655,-39.477051963067,-60.71151150841919,0.0,1,-1.7763568394002505e-14,0.0,-0.5728796812049657,-0.8013690663275379,88.67980343761991,63.70001399999999,9.600002017572763,88.67451451509217,61.90174074198467,0.0,1,-2.6645352591003757e-14,0.0,-0.5728796812049657,-0.8013690663275379,88.67980343761991,-63.70001399999998,9.600002017572763,88.67451451509217,-61.90174074198467,0.0,1,-2.6645352591003757e-14
5.066666666666666,5066667,hold_bow,20.0,-10.0,0.0,70.0,0.9945218953682733,0.0,0.10452846326765347,0.0,-10.0,0.0,70.0,29.47705196306707,3.0941867063545203,0,feet,0.0,-0.40508863515185833,-0.31847203170959526,-39.470188425126075,63.70001399999999,9.600002218356572,-39.47705196306714,60.71151150841919,0.0,1,3.552713678800501e-15,0.0,-0.405088635151861,-0.3184720647008694,-39.47018842512595,-63.70001399999998,9.60000221835655,-39.477051963067,-60.71151150841919,0.0,1,-1.7763568394002505e-14,0.0,-0.5728796812049657,-0.8013690663275379,88.67980343761991,63.70001399999999,9.600002017572763,88.67451451509217,61.90174074198467,0.0,1,-2.6645352591003757e-14,0.0,-0.5728796812049657,-0.8013690663275379,88.67980343761991,-63.70001399999998,9.600002017572763,88.67451451509217,-61.90174074198467,0.0,1,-2.6645352591003757e-14
5.075,5075000,hold_bow,20.0,-10.0,0.0,70.0,0.9945218953682733,0.0,0.10452846326765347,0.0,-10.0,0.0,70.0,29.47705196306707,3.0941867063545203,0,feet,0.0,-0.40508863515185833,-0.31847203170959526,-39.470188425126075,63.70001399999999,9.600002218356572,-39.47705196306714,60.71151150841919,0.0,1,3.552713678800501e-15,0.0,-0.405088635151861,-0.3184720647008694,-39.47018842512595,-63.70001399999998,9.60000221835655,-39.477051963067,-60.71151150841919,0.0,1,-1.7763568394002505e-14,0.0,-0.5728796812049657,-0.8013690663275379,88.67980343761991,63.70001399999999,9.600002017572763,88.67451451509217,61.90174074198467,0.0,1,-2.6645352591003757e-14,0.0,-0.5728796812049657,-0.8013690663275379,88.67980343761991,-63.70001399999998,9.600002017572763,88.67451451509217,-61.90174074198467,0.0,1,-2.6645352591003757e-14
5.083333333333333,5083333,hold_bow,20.0,-10.0,0.0,70.0,0.9945218953682733,0.0,0.10452846326765347,0.0,-10.0,0.0,70.0,29.47705196306707,3.0941867063545203,0,feet,0.0,-0.40508863515185833,-0.31847203170959526,-39.470188425126075,63.70001399999999,9.600002218356572,-39.47705196306714,60.71151150841919,0.0,1,3.552713678800501e-15,0.0,-0.405088635151861,-0.3184720647008694,-39.47018842512595,-63.70001399999998,9.60000221835655,-39.477051963067,-60.71151150841919,0.0,1,-1.7763568394002505e-14,0.0,-0.5728796812049657,-0.8013690663275379,88.67980343761991,63.70001399999999,9.600002017572763,88.67451451509217,61.90174074198467,0.0,1,-2.6645352591003757e-14,0.0,-0.5728796812049657,-0.8013690663275379,88.67980343761991,-63.70001399999998,9.600002017572763,88.67451451509217,-61.90174074198467,0.0,1,-2.6645352591003757e-14
5.091666666666667,5091667,hold_bow,20.0,-10.0,0.0,70.0,0.9945218953682733,0.0,0.10452846326765347,0.0,-10.0,0.0,70.0,29.47705196306707,3.0941867063545203,0,feet,0.0,-0.40508863515185833,-0.31847203170959526,-39.470188425126075,63.70001399999999,9.600002218356572,-39.47705196306714,60.71151150841919,0.0,1,3.552713678800501e-15,0.0,-0.405088635151861,-0.3184720647008694,-39.47018842512595,-63.70001399999998,9.60000221835655,-39.477051963067,-60.71151150841919,0.0,1,-1.7763568394002505e-14,0.0,-0.5728796812049657,-0.8013690663275379,88.67980343761991,63.70001399999999,9.600002017572763,88.67451451509217,61.90174074198467,0.0,1,-2.6645352591003757e-14,0.0,-0.5728796812049657,-0.8013690663275379,88.67980343761991,-63.70001399999998,9.600002017572763,88.67451451509217,-61.90174074198467,0.0,1,-2.6645352591003757e-14
5.1,5100000,hold_bow,20.0,-10.0,0.0,70.0,0.9945218953682733,0.0,0.10452846326765347,0.0,-10.0,0.0,70.0,29.47705196306707,3.0941867063545203,0,feet,0.0,-0.40508863515185833,-0.31847203170959526,-39.470188425126075,63.70001399999999,9.600002218356572,-39.47705196306714,60.71151150841919,0.0,1,3.552713678800501e-15,0.0,-0.405088635151861,-0.3184720647008694,-39.47018842512595,-63.70001399999998,9.60000221835655,-39.477051963067,-60.71151150841919,0.0,1,-1.7763568394002505e-14,0.0,-0.5728796812049657,-0.8013690663275379,88.67980343761991,63.70001399999999,9.600002017572763,88.67451451509217,61.90174074198467,0.0,1,-2.6645352591003757e-14,0.0,-0.5728796812049657,-0.8013690663275379,88.67980343761991,-63.70001399999998,9.600002017572763,88.67451451509217,-61.90174074198467,0.0,1,-2.6645352591003757e-14
5.108333333333333,5108333,hold_bow,20.0,-10.0,0.0,70.0,0.9945218953682733,0.0,0.10452846326765347,0.0,-10.0,0.0,70.0,29.47705196306707,3.0941867063545203,0,feet,0.0,-0.40508863515185833,-0.31847203170959526,-39.470188425126075,63.70001399999999,9.600002218356572,-39.47705196306714,60.71151150841919,0.0,1,3.552713678800501e-15,0.0,-0.405088635151861,-0.3184720647008694,-39.47018842512595,-63.70001399999998,9.60000221835655,-39.477051963067,-60.71151150841919,0.0,1,-1.7763568394002505e-14,0.0,-0.5728796812049657,-0.8013690663275379,88.67980343761991,63.70001399999999,9.600002017572763,88.67451451509217,61.90174074198467,0.0,1,-2.6645352591003757e-14,0.0,-0.5728796812049657,-0.8013690663275379,88.67980343761991,-63.70001399999998,9.600002017572763,88.67451451509217,-61.90174074198467,0.0,1,-2.6645352591003757e-14
5.116666666666666,5116667,hold_bow,20.0,-10.0,0.0,70.0,0.9945218953682733,0.0,0.10452846326765347,0.0,-10.0,0.0,70.0,29.47705196306707,3.0941867063545203,0,feet,0.0,-0.40508863515185833,-0.31847203170959526,-39.470188425126075,63.70001399999999,9.600002218356572,-39.47705196306714,60.71151150841919,0.0,1,3.552713678800501e-15,0.0,-0.405088635151861,-0.3184720647008694,-39.47018842512595,-63.70001399999998,9.60000221835655,-39.477051963067,-60.71151150841919,0.0,1,-1.7763568394002505e-14,0.0,-0.5728796812049657,-0.8013690663275379,88.67980343761991,63.70001399999999,9.600002017572763,88.67451451509217,61.90174074198467,0.0,1,-2.6645352591003757e-14,0.0,-0.5728796812049657,-0.8013690663275379,88.67980343761991,-63.70001399999998,9.600002017572763,88.67451451509217,-61.90174074198467,0.0,1,-2.6645352591003757e-14
5.125,5125000,hold_bow,20.0,-10.0,0.0,70.0,0.9945218953682733,0.0,0.10452846326765347,0.0,-10.0,0.0,70.0,29.47705196306707,3.0941867063545203,0,feet,0.0,-0.40508863515185833,-0.31847203170959526,-39.470188425126075,63.70001399999999,9.600002218356572,-39.47705196306714,60.71151150841919,0.0,1,3.552713678800501e-15,0.0,-0.405088635151861,-0.3184720647008694,-39.47018842512595,-63.70001399999998,9.60000221835655,-39.477051963067,-60.71151150841919,0.0,1,-1.7763568394002505e-14,0.0,-0.5728796812049657,-0.8013690663275379,88.67980343761991,63.70001399999999,9.600002017572763,88.67451451509217,61.90174074198467,0.0,1,-2.6645352591003757e-14,0.0,-0.5728796812049657,-0.8013690663275379,88.67980343761991,-63.70001399999998,9.600002017572763,88.67451451509217,-61.90174074198467,0.0,1,-2.6645352591003757e-14
5.133333333333334,5133333,hold_bow,20.0,-10.0,0.0,70.0,0.9945218953682733,0.0,0.10452846326765347,0.0,-10.0,0.0,70.0,29.47705196306707,3.0941867063545203,0,feet,0.0,-0.40508863515185833,-0.31847203170959526,-39.470188425126075,63.70001399999999,9.600002218356572,-39.47705196306714,60.71151150841919,0.0,1,3.552713678800501e-15,0.0,-0.405088635151861,-0.3184720647008694,-39.47018842512595,-63.70001399999998,9.60000221835655,-39.477051963067,-60.71151150841919,0.0,1,-1.7763568394002505e-14,0.0,-0.5728796812049657,-0.8013690663275379,88.67980343761991,63.70001399999999,9.600002017572763,88.67451451509217,61.90174074198467,0.0,1,-2.6645352591003757e-14,0.0,-0.5728796812049657,-0.8013690663275379,88.67980343761991,-63.70001399999998,9.600002017572763,88.67451451509217,-61.90174074198467,0.0,1,-2.6645352591003757e-14
5.141666666666667,5141667,hold_bow,20.0,-10.0,0.0,70.0,0.9945218953682733,0.0,0.10452846326765347,0.0,-10.0,0.0,70.0,29.47705196306707,3.0941867063545203,0,feet,0.0,-0.40508863515185833,-0.31847203170959526,-39.470188425126075,63.70001399999999,9.600002218356572,-39.47705196306714,60.71151150841919,0.0,1,3.552713678800501e-15,0.0,-0.405088635151861,-0.3184720647008694,-39.47018842512595,-63.70001399999998,9.60000221835655,-39.477051963067,-60.71151150841919,0.0,1,-1.7763568394002505e-14,0.0,-0.5728796812049657,-0.8013690663275379,88.67980343761991,63.70001399999999,9.600002017572763,88.67451451509217,61.90174074198467,0.0,1,-2.6645352591003757e-14,0.0,-0.5728796812049657,-0.8013690663275379,88.67980343761991,-63.70001399999998,9.600002017572763,88.67451451509217,-61.90174074198467,0.0,1,-2.6645352591003757e-14
5.15,5150000,hold_bow,20.0,-10.0,0.0,70.0,0.9945218953682733,0.0,0.10452846326765347,0.0,-10.0,0.0,70.0,29.47705196306707,3.0941867063545203,0,feet,0.0,-0.40508863515185833,-0.31847203170959526,-39.470188425126075,63.70001399999999,9.600002218356572,-39.47705196306714,60.71151150841919,0.0,1,3.552713678800501e-15,0.0,-0.405088635151861,-0.3184720647008694,-39.47018842512595,-63.70001399999998,9.60000221835655,-39.477051963067,-60.71151150841919,0.0,1,-1.7763568394002505e-14,0.0,-0.5728796812049657,-0.8013690663275379,88.67980343761991,63.70001399999999,9.600002017572763,88.67451451509217,61.90174074198467,0.0,1,-2.6645352591003757e-14,0.0,-0.5728796812049657,-0.8013690663275379,88.67980343761991,-63.70001399999998,9.600002017572763,88.67451451509217,-61.90174074198467,0.0,1,-2.6645352591003757e-14
5.158333333333333,5158333,hold_bow,20.0,-10.0,0.0,70.0,0.9945218953682733,0.0,0.10452846326765347,0.0,-10.0,0.0,70.0,29.47705196306707,3.0941867063545203,0,feet,0.0,-0.40508863515185833,-0.31847203170959526,-39.470188425126075,63.70001399999999,9.600002218356572,-39.47705196306714,60.71151150841919,0.0,1,3.552713678800501e-15,0.0,-0.405088635151861,-0.3184720647008694,-39.47018842512595,-63.70001399999998,9.60000221835655,-39.477051963067,-60.71151150841919,0.0,1,-1.7763568394002505e-14,0.0,-0.5728796812049657,-0.8013690663275379,88.67980343761991,63.70001399999999,9.600002017572763,88.67451451509217,61.90174074198467,0.0,1,-2.6645352591003757e-14,0.0,-0.5728796812049657,-0.8013690663275379,88.67980343761991,-63.70001399999998,9.600002017572763,88.67451451509217,-61.90174074198467,0.0,1,-2.6645352591003757e-14
5.166666666666667,5166667,hold_bow,20.0,-10.0,0.0,70.0,0.9945218953682733,0.0,0.10452846326765347,0.0,-10.0,0.0,70.0,29.47705196306707,3.0941867063545203,0,feet,0.0,-0.40508863515185833,-0.31847203170959526,-39.470188425126075,63.70001399999999,9.600002218356572,-39.47705196306714,60.71151150841919,0.0,1,3.552713678800501e-15,0.0,-0.405088635151861,-0.3184720647008694,-39.47018842512595,-63.70001399999998,9.60000221835655,-39.477051963067,-60.71151150841919,0.0,1,-1.7763568394002505e-14,0.0,-0.5728796812049657,-0.8013690663275379,88.67980343761991,63.70001399999999,9.600002017572763,88.67451451509217,61.90174074198467,0.0,1,-2.6645352591003757e-14,0.0,-0.5728796812049657,-0.8013690663275379,88.67980343761991,-63.70001399999998,9.600002017572763,88.67451451509217,-61.90174074198467,0.0,1,-2.6645352591003757e-14
5.175,5175000,hold_bow,20.0,-10.0,0.0,70.0,0.9945218953682733,0.0,0.10452846326765347,0.0,-10.0,0.0,70.0,29.47705196306707,3.0941867063545203,0,feet,0.0,-0.40508863515185833,-0.31847203170959526,-39.470188425126075,63.70001399999999,9.600002218356572,-39.47705196306714,60.71151150841919,0.0,1,3.552713678800501e-15,0.0,-0.405088635151861,-0.3184720647008694,-39.47018842512595,-63.70001399999998,9.60000221835655,-39.477051963067,-60.71151150841919,0.0,1,-1.7763568394002505e-14,0.0,-0.5728796812049657,-0.8013690663275379,88.67980343761991,63.70001399999999,9.600002017572763,88.67451451509217,61.90174074198467,0.0,1,-2.6645352591003757e-14,0.0,-0.5728796812049657,-0.8013690663275379,88.67980343761991,-63.70001399999998,9.600002017572763,88.67451451509217,-61.90174074198467,0.0,1,-2.6645352591003757e-14
5.183333333333334,5183333,hold_bow,20.0,-10.0,0.0,70.0,0.9945218953682733,0.0,0.10452846326765347,0.0,-10.0,0.0,70.0,29.47705196306707,3.0941867063545203,0,feet,0.0,-0.40508863515185833,-0.31847203170959526,-39.470188425126075,63.70001399999999,9.600002218356572,-39.47705196306714,60.71151150841919,0.0,1,3.552713678800501e-15,0.0,-0.405088635151861,-0.3184720647008694,-39.47018842512595,-63.70001399999998,9.60000221835655,-39.477051963067,-60.71151150841919,0.0,1,-1.7763568394002505e-14,0.0,-0.5728796812049657,-0.8013690663275379,88.67980343761991,63.70001399999999,9.600002017572763,88.67451451509217,61.90174074198467,0.0,1,-2.6645352591003757e-14,0.0,-0.5728796812049657,-0.8013690663275379,88.67980343761991,-63.70001399999998,9.600002017572763,88.67451451509217,-61.90174074198467,0.0,1,-2.6645352591003757e-14
5.191666666666666,5191667,hold_bow,20.0,-10.0,0.0,70.0,0.9945218953682733,0.0,0.10452846326765347,0.0,-10.0,0.0,70.0,29.47705196306707,3.0941867063545203,0,feet,0.0,-0.40508863515185833,-0.31847203170959526,-39.470188425126075,63.70001399999999,9.600002218356572,-39.47705196306714,60.71151150841919,0.0,1,3.552713678800501e-15,0.0,-0.405088635151861,-0.3184720647008694,-39.47018842512595,-63.70001399999998,9.60000221835655,-39.477051963067,-60.71151150841919,0.0,1,-1.7763568394002505e-14,0.0,-0.5728796812049657,-0.8013690663275379,88.67980343761991,63.70001399999999,9.600002017572763,88.67451451509217,61.90174074198467,0.0,1,-2.6645352591003757e-14,0.0,-0.5728796812049657,-0.8013690663275379,88.67980343761991,-63.70001399999998,9.600002017572763,88.67451451509217,-61.90174074198467,0.0,1,-2.6645352591003757e-14
5.2,5200000,hold_bow,20.0,-10.0,0.0,70.0,0.9945218953682733,0.0,0.10452846326765347,0.0,-10.0,0.0,70.0,29.47705196306707,3.0941867063545203,0,feet,0.0,-0.40508863515185833,-0.31847203170959526,-39.470188425126075,63.70001399999999,9.600002218356572,-39.47705196306714,60.71151150841919,0.0,1,3.552713678800501e-15,0.0,-0.405088635151861,-0.3184720647008694,-39.47018842512595,-63.70001399999998,9.60000221835655,-39.477051963067,-60.71151150841919,0.0,1,-1.7763568394002505e-14,0.0,-0.5728796812049657,-0.8013690663275379,88.67980343761991,63.70001399999999,9.600002017572763,88.67451451509217,61.90174074198467,0.0,1,-2.6645352591003757e-14,0.0,-0.5728796812049657,-0.8013690663275379,88.67980343761991,-63.70001399999998,9.600002017572763,88.67451451509217,-61.90174074198467,0.0,1,-2.6645352591003757e-14
5.208333333333333,5208333,hold_bow,20.0,-10.0,0.0,70.0,0.9945218953682733,0.0,0.10452846326765347,0.0,-10.0,0.0,70.0,29.47705196306707,3.0941867063545203,0,feet,0.0,-0.40508863515185833,-0.31847203170959526,-39.470188425126075,63.70001399999999,9.600002218356572,-39.47705196306714,60.71151150841919,0.0,1,3.552713678800501e-15,0.0,-0.405088635151861,-0.3184720647008694,-39.47018842512595,-63.70001399999998,9.60000221835655,-39.477051963067,-60.71151150841919,0.0,1,-1.7763568394002505e-14,0.0,-0.5728796812049657,-0.8013690663275379,88.67980343761991,63.70001399999999,9.600002017572763,88.67451451509217,61.90174074198467,0.0,1,-2.6645352591003757e-14,0.0,-0.5728796812049657,-0.8013690663275379,88.67980343761991,-63.70001399999998,9.600002017572763,88.67451451509217,-61.90174074198467,0.0,1,-2.6645352591003757e-14
5.216666666666667,5216667,hold_bow,20.0,-10.0,0.0,70.0,0.9945218953682733,0.0,0.10452846326765347,0.0,-10.0,0.0,70.0,29.47705196306707,3.0941867063545203,0,feet,0.0,-0.40508863515185833,-0.31847203170959526,-39.470188425126075,63.70001399999999,9.600002218356572,-39.47705196306714,60.71151150841919,0.0,1,3.552713678800501e-15,0.0,-0.405088635151861,-0.3184720647008694,-39.47018842512595,-63.70001399999998,9.60000221835655,-39.477051963067,-60.71151150841919,0.0,1,-1.7763568394002505e-14,0.0,-0.5728796812049657,-0.8013690663275379,88.67980343761991,63.70001399999999,9.600002017572763,88.67451451509217,61.90174074198467,0.0,1,-2.6645352591003757e-14,0.0,-0.5728796812049657,-0.8013690663275379,88.67980343761991,-63.70001399999998,9.600002017572763,88.67451451509217,-61.90174074198467,0.0,1,-2.6645352591003757e-14
5.225,5225000,hold_bow,20.0,-10.0,0.0,70.0,0.9945218953682733,0.0,0.10452846326765347,0.0,-10.0,0.0,70.0,29.47705196306707,3.0941867063545203,0,feet,0.0,-0.40508863515185833,-0.31847203170959526,-39.470188425126075,63.70001399999999,9.600002218356572,-39.47705196306714,60.71151150841919,0.0,1,3.552713678800501e-15,0.0,-0.405088635151861,-0.3184720647008694,-39.47018842512595,-63.70001399999998,9.60000221835655,-39.477051963067,-60.71151150841919,0.0,1,-1.7763568394002505e-14,0.0,-0.5728796812049657,-0.8013690663275379,88.67980343761991,63.70001399999999,9.600002017572763,88.67451451509217,61.90174074198467,0.0,1,-2.6645352591003757e-14,0.0,-0.5728796812049657,-0.8013690663275379,88.67980343761991,-63.70001399999998,9.600002017572763,88.67451451509217,-61.90174074198467,0.0,1,-2.6645352591003757e-14
5.233333333333333,5233333,hold_bow,20.0,-10.0,0.0,70.0,0.9945218953682733,0.0,0.10452846326765347,0.0,-10.0,0.0,70.0,29.47705196306707,3.0941867063545203,0,feet,0.0,-0.40508863515185833,-0.31847203170959526,-39.470188425126075,63.70001399999999,9.600002218356572,-39.47705196306714,60.71151150841919,0.0,1,3.552713678800501e-15,0.0,-0.405088635151861,-0.3184720647008694,-39.47018842512595,-63.70001399999998,9.60000221835655,-39.477051963067,-60.71151150841919,0.0,1,-1.7763568394002505e-14,0.0,-0.5728796812049657,-0.8013690663275379,88.67980343761991,63.70001399999999,9.600002017572763,88.67451451509217,61.90174074198467,0.0,1,-2.6645352591003757e-14,0.0,-0.5728796812049657,-0.8013690663275379,88.67980343761991,-63.70001399999998,9.600002017572763,88.67451451509217,-61.90174074198467,0.0,1,-2.6645352591003757e-14
5.241666666666666,5241667,hold_bow,20.0,-10.0,0.0,70.0,0.9945218953682733,0.0,0.10452846326765347,0.0,-10.0,0.0,70.0,29.47705196306707,3.0941867063545203,0,feet,0.0,-0.40508863515185833,-0.31847203170959526,-39.470188425126075,63.70001399999999,9.600002218356572,-39.47705196306714,60.71151150841919,0.0,1,3.552713678800501e-15,0.0,-0.405088635151861,-0.3184720647008694,-39.47018842512595,-63.70001399999998,9.60000221835655,-39.477051963067,-60.71151150841919,0.0,1,-1.7763568394002505e-14,0.0,-0.5728796812049657,-0.8013690663275379,88.67980343761991,63.70001399999999,9.600002017572763,88.67451451509217,61.90174074198467,0.0,1,-2.6645352591003757e-14,0.0,-0.5728796812049657,-0.8013690663275379,88.67980343761991,-63.70001399999998,9.600002017572763,88.67451451509217,-61.90174074198467,0.0,1,-2.6645352591003757e-14
5.25,5250000,hold_bow,20.0,-10.0,0.0,70.0,0.9945218953682733,0.0,0.10452846326765347,0.0,-10.0,0.0,70.0,29.47705196306707,3.0941867063545203,0,feet,0.0,-0.40508863515185833,-0.31847203170959526,-39.470188425126075,63.70001399999999,9.600002218356572,-39.47705196306714,60.71151150841919,0.0,1,3.552713678800501e-15,0.0,-0.405088635151861,-0.3184720647008694,-39.47018842512595,-63.70001399999998,9.60000221835655,-39.477051963067,-60.71151150841919,0.0,1,-1.7763568394002505e-14,0.0,-0.5728796812049657,-0.8013690663275379,88.67980343761991,63.70001399999999,9.600002017572763,88.67451451509217,61.90174074198467,0.0,1,-2.6645352591003757e-14,0.0,-0.5728796812049657,-0.8013690663275379,88.67980343761991,-63.70001399999998,9.600002017572763,88.67451451509217,-61.90174074198467,0.0,1,-2.6645352591003757e-14
5.258333333333334,5258333,hold_bow,20.0,-10.0,0.0,70.0,0.9945218953682733,0.0,0.10452846326765347,0.0,-10.0,0.0,70.0,29.47705196306707,3.0941867063545203,0,feet,0.0,-0.40508863515185833,-0.31847203170959526,-39.470188425126075,63.70001399999999,9.600002218356572,-39.47705196306714,60.71151150841919,0.0,1,3.552713678800501e-15,0.0,-0.405088635151861,-0.3184720647008694,-39.47018842512595,-63.70001399999998,9.60000221835655,-39.477051963067,-60.71151150841919,0.0,1,-1.7763568394002505e-14,0.0,-0.5728796812049657,-0.8013690663275379,88.67980343761991,63.70001399999999,9.600002017572763,88.67451451509217,61.90174074198467,0.0,1,-2.6645352591003757e-14,0.0,-0.5728796812049657,-0.8013690663275379,88.67980343761991,-63.70001399999998,9.600002017572763,88.67451451509217,-61.90174074198467,0.0,1,-2.6645352591003757e-14
5.266666666666667,5266667,hold_bow,20.0,-10.0,0.0,70.0,0.9945218953682733,0.0,0.10452846326765347,0.0,-10.0,0.0,70.0,29.47705196306707,3.0941867063545203,0,feet,0.0,-0.40508863515185833,-0.31847203170959526,-39.470188425126075,63.70001399999999,9.600002218356572,-39.47705196306714,60.71151150841919,0.0,1,3.552713678800501e-15,0.0,-0.405088635151861,-0.3184720647008694,-39.47018842512595,-63.70001399999998,9.60000221835655,-39.477051963067,-60.71151150841919,0.0,1,-1.7763568394002505e-14,0.0,-0.5728796812049657,-0.8013690663275379,88.67980343761991,63.70001399999999,9.600002017572763,88.67451451509217,61.90174074198467,0.0,1,-2.6645352591003757e-14,0.0,-0.5728796812049657,-0.8013690663275379,88.67980343761991,-63.70001399999998,9.600002017572763,88.67451451509217,-61.90174074198467,0.0,1,-2.6645352591003757e-14
5.275,5275000,hold_bow,20.0,-10.0,0.0,70.0,0.9945218953682733,0.0,0.10452846326765347,0.0,-10.0,0.0,70.0,29.47705196306707,3.0941867063545203,0,feet,0.0,-0.40508863515185833,-0.31847203170959526,-39.470188425126075,63.70001399999999,9.600002218356572,-39.47705196306714,60.71151150841919,0.0,1,3.552713678800501e-15,0.0,-0.405088635151861,-0.3184720647008694,-39.47018842512595,-63.70001399999998,9.60000221835655,-39.477051963067,-60.71151150841919,0.0,1,-1.7763568394002505e-14,0.0,-0.5728796812049657,-0.8013690663275379,88.67980343761991,63.70001399999999,9.600002017572763,88.67451451509217,61.90174074198467,0.0,1,-2.6645352591003757e-14,0.0,-0.5728796812049657,-0.8013690663275379,88.67980343761991,-63.70001399999998,9.600002017572763,88.67451451509217,-61.90174074198467,0.0,1,-2.6645352591003757e-14
5.283333333333333,5283333,hold_bow,20.0,-10.0,0.0,70.0,0.9945218953682733,0.0,0.10452846326765347,0.0,-10.0,0.0,70.0,29.47705196306707,3.0941867063545203,0,feet,0.0,-0.40508863515185833,-0.31847203170959526,-39.470188425126075,63.70001399999999,9.600002218356572,-39.47705196306714,60.71151150841919,0.0,1,3.552713678800501e-15,0.0,-0.405088635151861,-0.3184720647008694,-39.47018842512595,-63.70001399999998,9.60000221835655,-39.477051963067,-60.71151150841919,0.0,1,-1.7763568394002505e-14,0.0,-0.5728796812049657,-0.8013690663275379,88.67980343761991,63.70001399999999,9.600002017572763,88.67451451509217,61.90174074198467,0.0,1,-2.6645352591003757e-14,0.0,-0.5728796812049657,-0.8013690663275379,88.67980343761991,-63.70001399999998,9.600002017572763,88.67451451509217,-61.90174074198467,0.0,1,-2.6645352591003757e-14
5.291666666666667,5291667,hold_bow,20.0,-10.0,0.0,70.0,0.9945218953682733,0.0,0.10452846326765347,0.0,-10.0,0.0,70.0,29.47705196306707,3.0941867063545203,0,feet,0.0,-0.40508863515185833,-0.31847203170959526,-39.470188425126075,63.70001399999999,9.600002218356572,-39.47705196306714,60.71151150841919,0.0,1,3.552713678800501e-15,0.0,-0.405088635151861,-0.3184720647008694,-39.47018842512595,-63.70001399999998,9.60000221835655,-39.477051963067,-60.71151150841919,0.0,1,-1.7763568394002505e-14,0.0,-0.5728796812049657,-0.8013690663275379,88.67980343761991,63.70001399999999,9.600002017572763,88.67451451509217,61.90174074198467,0.0,1,-2.6645352591003757e-14,0.0,-0.5728796812049657,-0.8013690663275379,88.67980343761991,-63.70001399999998,9.600002017572763,88.67451451509217,-61.90174074198467,0.0,1,-2.6645352591003757e-14
5.3,5300000,hold_bow,20.0,-10.0,0.0,70.0,0.9945218953682733,0.0,0.10452846326765347,0.0,-10.0,0.0,70.0,29.47705196306707,3.0941867063545203,0,feet,0.0,-0.40508863515185833,-0.31847203170959526,-39.470188425126075,63.70001399999999,9.600002218356572,-39.47705196306714,60.71151150841919,0.0,1,3.552713678800501e-15,0.0,-0.405088635151861,-0.3184720647008694,-39.47018842512595,-63.70001399999998,9.60000221835655,-39.477051963067,-60.71151150841919,0.0,1,-1.7763568394002505e-14,0.0,-0.5728796812049657,-0.8013690663275379,88.67980343761991,63.70001399999999,9.600002017572763,88.67451451509217,61.90174074198467,0.0,1,-2.6645352591003757e-14,0.0,-0.5728796812049657,-0.8013690663275379,88.67980343761991,-63.70001399999998,9.600002017572763,88.67451451509217,-61.90174074198467,0.0,1,-2.6645352591003757e-14
5.308333333333334,5308333,hold_bow,20.0,-10.0,0.0,70.0,0.9945218953682733,0.0,0.10452846326765347,0.0,-10.0,0.0,70.0,29.47705196306707,3.0941867063545203,0,feet,0.0,-0.40508863515185833,-0.31847203170959526,-39.470188425126075,63.70001399999999,9.600002218356572,-39.47705196306714,60.71151150841919,0.0,1,3.552713678800501e-15,0.0,-0.405088635151861,-0.3184720647008694,-39.47018842512595,-63.70001399999998,9.60000221835655,-39.477051963067,-60.71151150841919,0.0,1,-1.7763568394002505e-14,0.0,-0.5728796812049657,-0.8013690663275379,88.67980343761991,63.70001399999999,9.600002017572763,88.67451451509217,61.90174074198467,0.0,1,-2.6645352591003757e-14,0.0,-0.5728796812049657,-0.8013690663275379,88.67980343761991,-63.70001399999998,9.600002017572763,88.67451451509217,-61.90174074198467,0.0,1,-2.6645352591003757e-14
5.316666666666666,5316667,hold_bow,20.0,-10.0,0.0,70.0,0.9945218953682733,0.0,0.10452846326765347,0.0,-10.0,0.0,70.0,29.47705196306707,3.0941867063545203,0,feet,0.0,-0.40508863515185833,-0.31847203170959526,-39.470188425126075,63.70001399999999,9.600002218356572,-39.47705196306714,60.71151150841919,0.0,1,3.552713678800501e-15,0.0,-0.405088635151861,-0.3184720647008694,-39.47018842512595,-63.70001399999998,9.60000221835655,-39.477051963067,-60.71151150841919,0.0,1,-1.7763568394002505e-14,0.0,-0.5728796812049657,-0.8013690663275379,88.67980343761991,63.70001399999999,9.600002017572763,88.67451451509217,61.90174074198467,0.0,1,-2.6645352591003757e-14,0.0,-0.5728796812049657,-0.8013690663275379,88.67980343761991,-63.70001399999998,9.600002017572763,88.67451451509217,-61.90174074198467,0.0,1,-2.6645352591003757e-14
5.325,5325000,hold_bow,20.0,-10.0,0.0,70.0,0.9945218953682733,0.0,0.10452846326765347,0.0,-10.0,0.0,70.0,29.47705196306707,3.0941867063545203,0,feet,0.0,-0.40508863515185833,-0.31847203170959526,-39.470188425126075,63.70001399999999,9.600002218356572,-39.47705196306714,60.71151150841919,0.0,1,3.552713678800501e-15,0.0,-0.405088635151861,-0.3184720647008694,-39.47018842512595,-63.70001399999998,9.60000221835655,-39.477051963067,-60.71151150841919,0.0,1,-1.7763568394002505e-14,0.0,-0.5728796812049657,-0.8013690663275379,88.67980343761991,63.70001399999999,9.600002017572763,88.67451451509217,61.90174074198467,0.0,1,-2.6645352591003757e-14,0.0,-0.5728796812049657,-0.8013690663275379,88.67980343761991,-63.70001399999998,9.600002017572763,88.67451451509217,-61.90174074198467,0.0,1,-2.6645352591003757e-14
5.333333333333333,5333333,hold_bow,20.0,-10.0,0.0,70.0,0.9945218953682733,0.0,0.10452846326765347,0.0,-10.0,0.0,70.0,29.47705196306707,3.0941867063545203,0,feet,0.0,-0.40508863515185833,-0.31847203170959526,-39.470188425126075,63.70001399999999,9.600002218356572,-39.47705196306714,60.71151150841919,0.0,1,3.552713678800501e-15,0.0,-0.405088635151861,-0.3184720647008694,-39.47018842512595,-63.70001399999998,9.60000221835655,-39.477051963067,-60.71151150841919,0.0,1,-1.7763568394002505e-14,0.0,-0.5728796812049657,-0.8013690663275379,88.67980343761991,63.70001399999999,9.600002017572763,88.67451451509217,61.90174074198467,0.0,1,-2.6645352591003757e-14,0.0,-0.5728796812049657,-0.8013690663275379,88.67980343761991,-63.70001399999998,9.600002017572763,88.67451451509217,-61.90174074198467,0.0,1,-2.6645352591003757e-14
5.341666666666667,5341667,hold_bow,20.0,-10.0,0.0,70.0,0.9945218953682733,0.0,0.10452846326765347,0.0,-10.0,0.0,70.0,29.47705196306707,3.0941867063545203,0,feet,0.0,-0.40508863515185833,-0.31847203170959526,-39.470188425126075,63.70001399999999,9.600002218356572,-39.47705196306714,60.71151150841919,0.0,1,3.552713678800501e-15,0.0,-0.405088635151861,-0.3184720647008694,-39.47018842512595,-63.70001399999998,9.60000221835655,-39.477051963067,-60.71151150841919,0.0,1,-1.7763568394002505e-14,0.0,-0.5728796812049657,-0.8013690663275379,88.67980343761991,63.70001399999999,9.600002017572763,88.67451451509217,61.90174074198467,0.0,1,-2.6645352591003757e-14,0.0,-0.5728796812049657,-0.8013690663275379,88.67980343761991,-63.70001399999998,9.600002017572763,88.67451451509217,-61.90174074198467,0.0,1,-2.6645352591003757e-14
5.35,5350000,hold_bow,20.0,-10.0,0.0,70.0,0.9945218953682733,0.0,0.10452846326765347,0.0,-10.0,0.0,70.0,29.47705196306707,3.0941867063545203,0,feet,0.0,-0.40508863515185833,-0.31847203170959526,-39.470188425126075,63.70001399999999,9.600002218356572,-39.47705196306714,60.71151150841919,0.0,1,3.552713678800501e-15,0.0,-0.405088635151861,-0.3184720647008694,-39.47018842512595,-63.70001399999998,9.60000221835655,-39.477051963067,-60.71151150841919,0.0,1,-1.7763568394002505e-14,0.0,-0.5728796812049657,-0.8013690663275379,88.67980343761991,63.70001399999999,9.600002017572763,88.67451451509217,61.90174074198467,0.0,1,-2.6645352591003757e-14,0.0,-0.5728796812049657,-0.8013690663275379,88.67980343761991,-63.70001399999998,9.600002017572763,88.67451451509217,-61.90174074198467,0.0,1,-2.6645352591003757e-14
5.358333333333333,5358333,hold_bow,20.0,-10.0,0.0,70.0,0.9945218953682733,0.0,0.10452846326765347,0.0,-10.0,0.0,70.0,29.47705196306707,3.0941867063545203,0,feet,0.0,-0.40508863515185833,-0.31847203170959526,-39.470188425126075,63.70001399999999,9.600002218356572,-39.47705196306714,60.71151150841919,0.0,1,3.552713678800501e-15,0.0,-0.405088635151861,-0.3184720647008694,-39.47018842512595,-63.70001399999998,9.60000221835655,-39.477051963067,-60.71151150841919,0.0,1,-1.7763568394002505e-14,0.0,-0.5728796812049657,-0.8013690663275379,88.67980343761991,63.70001399999999,9.600002017572763,88.67451451509217,61.90174074198467,0.0,1,-2.6645352591003757e-14,0.0,-0.5728796812049657,-0.8013690663275379,88.67980343761991,-63.70001399999998,9.600002017572763,88.67451451509217,-61.90174074198467,0.0,1,-2.6645352591003757e-14
5.366666666666666,5366667,hold_bow,20.0,-10.0,0.0,70.0,0.9945218953682733,0.0,0.10452846326765347,0.0,-10.0,0.0,70.0,29.47705196306707,3.0941867063545203,0,feet,0.0,-0.40508863515185833,-0.31847203170959526,-39.470188425126075,63.70001399999999,9.600002218356572,-39.47705196306714,60.71151150841919,0.0,1,3.552713678800501e-15,0.0,-0.405088635151861,-0.3184720647008694,-39.47018842512595,-63.70001399999998,9.60000221835655,-39.477051963067,-60.71151150841919,0.0,1,-1.7763568394002505e-14,0.0,-0.5728796812049657,-0.8013690663275379,88.67980343761991,63.70001399999999,9.600002017572763,88.67451451509217,61.90174074198467,0.0,1,-2.6645352591003757e-14,0.0,-0.5728796812049657,-0.8013690663275379,88.67980343761991,-63.70001399999998,9.600002017572763,88.67451451509217,-61.90174074198467,0.0,1,-2.6645352591003757e-14
5.375,5375000,hold_bow,20.0,-10.0,0.0,70.0,0.9945218953682733,0.0,0.10452846326765347,0.0,-10.0,0.0,70.0,29.47705196306707,3.0941867063545203,0,feet,0.0,-0.40508863515185833,-0.31847203170959526,-39.470188425126075,63.70001399999999,9.600002218356572,-39.47705196306714,60.71151150841919,0.0,1,3.552713678800501e-15,0.0,-0.405088635151861,-0.3184720647008694,-39.47018842512595,-63.70001399999998,9.60000221835655,-39.477051963067,-60.71151150841919,0.0,1,-1.7763568394002505e-14,0.0,-0.5728796812049657,-0.8013690663275379,88.67980343761991,63.70001399999999,9.600002017572763,88.67451451509217,61.90174074198467,0.0,1,-2.6645352591003757e-14,0.0,-0.5728796812049657,-0.8013690663275379,88.67980343761991,-63.70001399999998,9.600002017572763,88.67451451509217,-61.90174074198467,0.0,1,-2.6645352591003757e-14
5.383333333333334,5383333,hold_bow,20.0,-10.0,0.0,70.0,0.9945218953682733,0.0,0.10452846326765347,0.0,-10.0,0.0,70.0,29.47705196306707,3.0941867063545203,0,feet,0.0,-0.40508863515185833,-0.31847203170959526,-39.470188425126075,63.70001399999999,9.600002218356572,-39.47705196306714,60.71151150841919,0.0,1,3.552713678800501e-15,0.0,-0.405088635151861,-0.3184720647008694,-39.47018842512595,-63.70001399999998,9.60000221835655,-39.477051963067,-60.71151150841919,0.0,1,-1.7763568394002505e-14,0.0,-0.5728796812049657,-0.8013690663275379,88.67980343761991,63.70001399999999,9.600002017572763,88.67451451509217,61.90174074198467,0.0,1,-2.6645352591003757e-14,0.0,-0.5728796812049657,-0.8013690663275379,88.67980343761991,-63.70001399999998,9.600002017572763,88.67451451509217,-61.90174074198467,0.0,1,-2.6645352591003757e-14
5.391666666666667,5391667,hold_bow,20.0,-10.0,0.0,70.0,0.9945218953682733,0.0,0.10452846326765347,0.0,-10.0,0.0,70.0,29.47705196306707,3.0941867063545203,0,feet,0.0,-0.40508863515185833,-0.31847203170959526,-39.470188425126075,63.70001399999999,9.600002218356572,-39.47705196306714,60.71151150841919,0.0,1,3.552713678800501e-15,0.0,-0.405088635151861,-0.3184720647008694,-39.47018842512595,-63.70001399999998,9.60000221835655,-39.477051963067,-60.71151150841919,0.0,1,-1.7763568394002505e-14,0.0,-0.5728796812049657,-0.8013690663275379,88.67980343761991,63.70001399999999,9.600002017572763,88.67451451509217,61.90174074198467,0.0,1,-2.6645352591003757e-14,0.0,-0.5728796812049657,-0.8013690663275379,88.67980343761991,-63.70001399999998,9.600002017572763,88.67451451509217,-61.90174074198467,0.0,1,-2.6645352591003757e-14
5.4,5400000,hold_bow,20.0,-10.0,0.0,70.0,0.9945218953682733,0.0,0.10452846326765347,0.0,-10.0,0.0,70.0,29.47705196306707,3.0941867063545203,0,feet,0.0,-0.40508863515185833,-0.31847203170959526,-39.470188425126075,63.70001399999999,9.600002218356572,-39.47705196306714,60.71151150841919,0.0,1,3.552713678800501e-15,0.0,-0.405088635151861,-0.3184720647008694,-39.47018842512595,-63.70001399999998,9.60000221835655,-39.477051963067,-60.71151150841919,0.0,1,-1.7763568394002505e-14,0.0,-0.5728796812049657,-0.8013690663275379,88.67980343761991,63.70001399999999,9.600002017572763,88.67451451509217,61.90174074198467,0.0,1,-2.6645352591003757e-14,0.0,-0.5728796812049657,-0.8013690663275379,88.67980343761991,-63.70001399999998,9.600002017572763,88.67451451509217,-61.90174074198467,0.0,1,-2.6645352591003757e-14
5.408333333333333,5408333,hold_bow,20.0,-10.0,0.0,70.0,0.9945218953682733,0.0,0.10452846326765347,0.0,-10.0,0.0,70.0,29.47705196306707,3.0941867063545203,0,feet,0.0,-0.40508863515185833,-0.31847203170959526,-39.470188425126075,63.70001399999999,9.600002218356572,-39.47705196306714,60.71151150841919,0.0,1,3.552713678800501e-15,0.0,-0.405088635151861,-0.3184720647008694,-39.47018842512595,-63.70001399999998,9.60000221835655,-39.477051963067,-60.71151150841919,0.0,1,-1.7763568394002505e-14,0.0,-0.5728796812049657,-0.8013690663275379,88.67980343761991,63.70001399999999,9.600002017572763,88.67451451509217,61.90174074198467,0.0,1,-2.6645352591003757e-14,0.0,-0.5728796812049657,-0.8013690663275379,88.67980343761991,-63.70001399999998,9.600002017572763,88.67451451509217,-61.90174074198467,0.0,1,-2.6645352591003757e-14
5.416666666666667,5416667,hold_bow,20.0,-10.0,0.0,70.0,0.9945218953682733,0.0,0.10452846326765347,0.0,-10.0,0.0,70.0,29.47705196306707,3.0941867063545203,0,feet,0.0,-0.40508863515185833,-0.31847203170959526,-39.470188425126075,63.70001399999999,9.600002218356572,-39.47705196306714,60.71151150841919,0.0,1,3.552713678800501e-15,0.0,-0.405088635151861,-0.3184720647008694,-39.47018842512595,-63.70001399999998,9.60000221835655,-39.477051963067,-60.71151150841919,0.0,1,-1.7763568394002505e-14,0.0,-0.5728796812049657,-0.8013690663275379,88.67980343761991,63.70001399999999,9.600002017572763,88.67451451509217,61.90174074198467,0.0,1,-2.6645352591003757e-14,0.0,-0.5728796812049657,-0.8013690663275379,88.67980343761991,-63.70001399999998,9.600002017572763,88.67451451509217,-61.90174074198467,0.0,1,-2.6645352591003757e-14
5.425,5425000,hold_bow,20.0,-10.0,0.0,70.0,0.9945218953682733,0.0,0.10452846326765347,0.0,-10.0,0.0,70.0,29.47705196306707,3.0941867063545203,0,feet,0.0,-0.40508863515185833,-0.31847203170959526,-39.470188425126075,63.70001399999999,9.600002218356572,-39.47705196306714,60.71151150841919,0.0,1,3.552713678800501e-15,0.0,-0.405088635151861,-0.3184720647008694,-39.47018842512595,-63.70001399999998,9.60000221835655,-39.477051963067,-60.71151150841919,0.0,1,-1.7763568394002505e-14,0.0,-0.5728796812049657,-0.8013690663275379,88.67980343761991,63.70001399999999,9.600002017572763,88.67451451509217,61.90174074198467,0.0,1,-2.6645352591003757e-14,0.0,-0.5728796812049657,-0.8013690663275379,88.67980343761991,-63.70001399999998,9.600002017572763,88.67451451509217,-61.90174074198467,0.0,1,-2.6645352591003757e-14
5.433333333333334,5433333,hold_bow,20.0,-10.0,0.0,70.0,0.9945218953682733,0.0,0.10452846326765347,0.0,-10.0,0.0,70.0,29.47705196306707,3.0941867063545203,0,feet,0.0,-0.40508863515185833,-0.31847203170959526,-39.470188425126075,63.70001399999999,9.600002218356572,-39.47705196306714,60.71151150841919,0.0,1,3.552713678800501e-15,0.0,-0.405088635151861,-0.3184720647008694,-39.47018842512595,-63.70001399999998,9.60000221835655,-39.477051963067,-60.71151150841919,0.0,1,-1.7763568394002505e-14,0.0,-0.5728796812049657,-0.8013690663275379,88.67980343761991,63.70001399999999,9.600002017572763,88.67451451509217,61.90174074198467,0.0,1,-2.6645352591003757e-14,0.0,-0.5728796812049657,-0.8013690663275379,88.67980343761991,-63.70001399999998,9.600002017572763,88.67451451509217,-61.90174074198467,0.0,1,-2.6645352591003757e-14
5.441666666666666,5441667,hold_bow,20.0,-10.0,0.0,70.0,0.9945218953682733,0.0,0.10452846326765347,0.0,-10.0,0.0,70.0,29.47705196306707,3.0941867063545203,0,feet,0.0,-0.40508863515185833,-0.31847203170959526,-39.470188425126075,63.70001399999999,9.600002218356572,-39.47705196306714,60.71151150841919,0.0,1,3.552713678800501e-15,0.0,-0.405088635151861,-0.3184720647008694,-39.47018842512595,-63.70001399999998,9.60000221835655,-39.477051963067,-60.71151150841919,0.0,1,-1.7763568394002505e-14,0.0,-0.5728796812049657,-0.8013690663275379,88.67980343761991,63.70001399999999,9.600002017572763,88.67451451509217,61.90174074198467,0.0,1,-2.6645352591003757e-14,0.0,-0.5728796812049657,-0.8013690663275379,88.67980343761991,-63.70001399999998,9.600002017572763,88.67451451509217,-61.90174074198467,0.0,1,-2.6645352591003757e-14
5.45,5450000,hold_bow,20.0,-10.0,0.0,70.0,0.9945218953682733,0.0,0.10452846326765347,0.0,-10.0,0.0,70.0,29.47705196306707,3.0941867063545203,0,feet,0.0,-0.40508863515185833,-0.31847203170959526,-39.470188425126075,63.70001399999999,9.600002218356572,-39.47705196306714,60.71151150841919,0.0,1,3.552713678800501e-15,0.0,-0.405088635151861,-0.3184720647008694,-39.47018842512595,-63.70001399999998,9.60000221835655,-39.477051963067,-60.71151150841919,0.0,1,-1.7763568394002505e-14,0.0,-0.5728796812049657,-0.8013690663275379,88.67980343761991,63.70001399999999,9.600002017572763,88.67451451509217,61.90174074198467,0.0,1,-2.6645352591003757e-14,0.0,-0.5728796812049657,-0.8013690663275379,88.67980343761991,-63.70001399999998,9.600002017572763,88.67451451509217,-61.90174074198467,0.0,1,-2.6645352591003757e-14
5.458333333333333,5458333,hold_bow,20.0,-10.0,0.0,70.0,0.9945218953682733,0.0,0.10452846326765347,0.0,-10.0,0.0,70.0,29.47705196306707,3.0941867063545203,0,feet,0.0,-0.40508863515185833,-0.31847203170959526,-39.470188425126075,63.70001399999999,9.600002218356572,-39.47705196306714,60.71151150841919,0.0,1,3.552713678800501e-15,0.0,-0.405088635151861,-0.3184720647008694,-39.47018842512595,-63.70001399999998,9.60000221835655,-39.477051963067,-60.71151150841919,0.0,1,-1.7763568394002505e-14,0.0,-0.5728796812049657,-0.8013690663275379,88.67980343761991,63.70001399999999,9.600002017572763,88.67451451509217,61.90174074198467,0.0,1,-2.6645352591003757e-14,0.0,-0.5728796812049657,-0.8013690663275379,88.67980343761991,-63.70001399999998,9.600002017572763,88.67451451509217,-61.90174074198467,0.0,1,-2.6645352591003757e-14
5.466666666666667,5466667,hold_bow,20.0,-10.0,0.0,70.0,0.9945218953682733,0.0,0.10452846326765347,0.0,-10.0,0.0,70.0,29.47705196306707,3.0941867063545203,0,feet,0.0,-0.40508863515185833,-0.31847203170959526,-39.470188425126075,63.70001399999999,9.600002218356572,-39.47705196306714,60.71151150841919,0.0,1,3.552713678800501e-15,0.0,-0.405088635151861,-0.3184720647008694,-39.47018842512595,-63.70001399999998,9.60000221835655,-39.477051963067,-60.71151150841919,0.0,1,-1.7763568394002505e-14,0.0,-0.5728796812049657,-0.8013690663275379,88.67980343761991,63.70001399999999,9.600002017572763,88.67451451509217,61.90174074198467,0.0,1,-2.6645352591003757e-14,0.0,-0.5728796812049657,-0.8013690663275379,88.67980343761991,-63.70001399999998,9.600002017572763,88.67451451509217,-61.90174074198467,0.0,1,-2.6645352591003757e-14
5.475,5475000,hold_bow,20.0,-10.0,0.0,70.0,0.9945218953682733,0.0,0.10452846326765347,0.0,-10.0,0.0,70.0,29.47705196306707,3.0941867063545203,0,feet,0.0,-0.40508863515185833,-0.31847203170959526,-39.470188425126075,63.70001399999999,9.600002218356572,-39.47705196306714,60.71151150841919,0.0,1,3.552713678800501e-15,0.0,-0.405088635151861,-0.3184720647008694,-39.47018842512595,-63.70001399999998,9.60000221835655,-39.477051963067,-60.71151150841919,0.0,1,-1.7763568394002505e-14,0.0,-0.5728796812049657,-0.8013690663275379,88.67980343761991,63.70001399999999,9.600002017572763,88.67451451509217,61.90174074198467,0.0,1,-2.6645352591003757e-14,0.0,-0.5728796812049657,-0.8013690663275379,88.67980343761991,-63.70001399999998,9.600002017572763,88.67451451509217,-61.90174074198467,0.0,1,-2.6645352591003757e-14
5.483333333333333,5483333,hold_bow,20.0,-10.0,0.0,70.0,0.9945218953682733,0.0,0.10452846326765347,0.0,-10.0,0.0,70.0,29.47705196306707,3.0941867063545203,0,feet,0.0,-0.40508863515185833,-0.31847203170959526,-39.470188425126075,63.70001399999999,9.600002218356572,-39.47705196306714,60.71151150841919,0.0,1,3.552713678800501e-15,0.0,-0.405088635151861,-0.3184720647008694,-39.47018842512595,-63.70001399999998,9.60000221835655,-39.477051963067,-60.71151150841919,0.0,1,-1.7763568394002505e-14,0.0,-0.5728796812049657,-0.8013690663275379,88.67980343761991,63.70001399999999,9.600002017572763,88.67451451509217,61.90174074198467,0.0,1,-2.6645352591003757e-14,0.0,-0.5728796812049657,-0.8013690663275379,88.67980343761991,-63.70001399999998,9.600002017572763,88.67451451509217,-61.90174074198467,0.0,1,-2.6645352591003757e-14
5.491666666666666,5491667,hold_bow,20.0,-10.0,0.0,70.0,0.9945218953682733,0.0,0.10452846326765347,0.0,-10.0,0.0,70.0,29.47705196306707,3.0941867063545203,0,feet,0.0,-0.40508863515185833,-0.31847203170959526,-39.470188425126075,63.70001399999999,9.600002218356572,-39.47705196306714,60.71151150841919,0.0,1,3.552713678800501e-15,0.0,-0.405088635151861,-0.3184720647008694,-39.47018842512595,-63.70001399999998,9.60000221835655,-39.477051963067,-60.71151150841919,0.0,1,-1.7763568394002505e-14,0.0,-0.5728796812049657,-0.8013690663275379,88.67980343761991,63.70001399999999,9.600002017572763,88.67451451509217,61.90174074198467,0.0,1,-2.6645352591003757e-14,0.0,-0.5728796812049657,-0.8013690663275379,88.67980343761991,-63.70001399999998,9.600002017572763,88.67451451509217,-61.90174074198467,0.0,1,-2.6645352591003757e-14
5.5,5500000,hold_bow,20.0,-10.0,0.0,70.0,0.9945218953682733,0.0,0.10452846326765347,0.0,-10.0,0.0,70.0,29.47705196306707,3.0941867063545203,0,feet,0.0,-0.40508863515185833,-0.31847203170959526,-39.470188425126075,63.70001399999999,9.600002218356572,-39.47705196306714,60.71151150841919,0.0,1,3.552713678800501e-15,0.0,-0.405088635151861,-0.3184720647008694,-39.47018842512595,-63.70001399999998,9.60000221835655,-39.477051963067,-60.71151150841919,0.0,1,-1.7763568394002505e-14,0.0,-0.5728796812049657,-0.8013690663275379,88.67980343761991,63.70001399999999,9.600002017572763,88.67451451509217,61.90174074198467,0.0,1,-2.6645352591003757e-14,0.0,-0.5728796812049657,-0.8013690663275379,88.67980343761991,-63.70001399999998,9.600002017572763,88.67451451509217,-61.90174074198467,0.0,1,-2.6645352591003757e-14
5.508333333333334,5508333,raise_front,19.99996599159173,-9.999982995795868,0.0,70.00001020252247,0.9945219139813911,0.0,0.10452828617551553,0.0,-9.999982995795868,0.0,70.00001020252247,29.4770689672712,3.094232986090873,0,feet,0.0,-0.405087825765964,-0.3184717232003913,-39.4701893347517,63.70001399999999,9.600002219006882,-39.47705196306714,60.71151150841919,0.0,1,1.9539925233402755e-14,0.0,-0.40508782576596714,-0.31847175619163703,-39.47018933475155,-63.70001399999998,9.600002219006882,-39.477051963067,-60.71151150841919,0.0,1,1.9539925233402755e-14,0.0,-0.5728782634069338,-0.8013681807596869,88.67977554432076,63.70001399999999,9.600002014201898,88.6744805066839,61.90174074198467,0.0,1,5.1514348342607263e-14,0.0,-0.5728782634069338,-0.8013681807596869,88.67977554432076,-63.70001399999998,9.600002014201898,88.6744805066839,-61.90174074198467,0.0,1,5.1514348342607263e-14
5.516666666666667,5516667,raise_front,19.999730203729108,-9.999865101864549,0.0,70.00008093888127,0.9945220430294116,0.0,0.10452705835622247,0.0,-9.999865101864549,0.0,70.00008093888127,29.47718686120252,3.09455385403524,0,feet,0.0,-0.40508221411113743,-0.31846958423069616,-39.47019564134623,63.70001399999999,9.600002223513123,-39.47705196306714,60.71151150841919,0.0,1,1.9539925233402755e-14,0.0,-0.40508221411114054,-0.31846961722174605,-39.47019564134613,-63.70001399999998,9.600002223513073,-39.477051963067,-60.71151150841919,0.0,1,-3.019806626980426e-14,0.0,-0.572868433522888,-0.8013620408885016,88.67958215407268,63.70001399999999,9.600001990723094,88.67424471882127,61.90174074198467,0.0,1,-3.552713678800501e-14,0.0,-0.572868433522888,-0.8013620408885016,88.67958215407268,-63.70001399999998,9.600001990723094,88.67424471882127,-61.90174074198467,0.0,1,-3.552713678800501e-14
5.525,5525000,raise_front,19.999097067901236,-9.999548533950609,0.0,70.00027087962964,0.9945223895407035,0.0,0.10452376142413372,0.0,-9.999548533950609,0.0,70.00027087962964,29.47750342911646,3.095415448288648,0,feet,0.0,-0.40506714571710134,-0.3184638406269027,-39.47021257540042,63.70001399999999,9.600002235592491,-39.47705196306714,60.71151150841919,0.0,1,1.9539925233402755e-14,0.0,-0.405067145717104,-0.318463873617429,-39.470212575400296,-63.70001399999998,9.600002235592491,-39.477051963067,-60.71151150841919,0.0,1,1.9539925233402755e-14,0.0,-0.5728420386089415,-0.8013455538732535,88.67906286575416,63.70001399999999,9.600001926750842,88.67361158299339,61.90174074198467,0.0,1,2.6645352591003757e-14,0.0,-0.5728420386089415,-0.8013455538732535,88.67906286575416,-63.70001399999998,9.600001926750842,88.67361158299339,-61.90174074198467,0.0,1,2.6645352591003757e-14
5.533333333333333,5533333,raise_front,19.99787772189199,-9.998938860946007,0.0,70.00063668343239,0.9945230568503797,0.0,0.10451741191292765,0.0,-9.998938860946007,0.0,70.00063668343239,29.478113102121064,3.0970747869559148,0,feet,0.0,-0.40503812565990627,-0.31845277887482704,-39.470245186913765,63.70001399999999,9.600002258770715,-39.47705196306714,60.71151150841919,0.0,1,1.7763568394002505e-14,0.0,-0.4050381256599085,-0.31845281186434216,-39.470245186913665,-63.70001399999998,9.600002258770694,-39.477051963067,-60.71151150841919,0.0,1,-1.7763568394002505e-15,0.0,-0.5727912059683726,-0.8013138006549485,88.67806278399024,63.70001399999999,9.600001799739417,88.67239223698418,61.90174074198467,0.0,1,1.5987211554602254e-14,0.0,-0.5727912059683726,-0.8013138006549485,88.67806278399024,-63.70001399999998,9.600001799739417,88.67239223698418,-61.90174074198467,0.0,1,1.5987211554602254e-14
5.541666666666667,5541667,raise_front,19.995889933572116,-9.997944966786049,0.0,70.00123301992838,0.9945241446174258,0.0,0.10450706087617992,0.0,-9.997944966786049,0.0,70.00123301992838,29.47910699628102,3.0997798784662365,0,feet,0.0,-0.4049908166828873,-0.3184347452377376,-39.47029834623023,63.70001399999999,9.600002296315559,-39.47705196306714,60.71151150841919,0.0,1,1.4210854715202004e-14,0.0,-0.40499081668288994,-0.31843477822560606,-39.470298346230095,-63.70001399999998,9.600002296315559,-39.477051963067,-60.71151150841919,0.0,1,1.4210854715202004e-14,0.0,-0.5727083406894913,-0.8012620330592135,88.67643246237428,63.70001399999999,9.600001581934961,88.67040444866427,61.90174074198467,0.0,1,-3.552713678800501e-15,0.0,-0.5727083406894913,-0.8012620330592135,88.67643246237428,-63.70001399999998,9.600001581934961,88.67040444866427,-61.90174074198467,0.0,1,-3.552713678800501e-15
5.55,5550000,raise_front,19.992958024691358,-9.996479012345684,0.0,70.0021125925926,0.9945257488340078,0.0,0.10449179348712483,0.0,-9.996479012345684,0.0,70.0021125925926,29.480572950721385,3.1037698339959547,0,feet,0.0,-0.40492103729683393,-0.31840814481368174,-39.47037674449096,63.70001399999999,9.600002351148724,-39.47705196306714,60.71151150841919,0.0,1,0.0,0.0,-0.40492103729683704,-0.3184081777991197,-39.47037674449082,-63.70001399999998,9.600002351148724,-39.477051963067,-60.71151150841919,0.0,1,0.0,0.0,-0.572586123411174,-0.8011856706087732,88.6740278485077,63.70001399999999,9.60000123635568,88.66747253978355,61.90174074198467,0.0,1,-1.7763568394002505e-15,0.0,-0.572586123411174,-0.8011856706087732,88.6740278485077,-63.70001399999998,9.60000123635568,88.66747253978355,-61.90174074198467,0.0,1,-1.7763568394002505e-15
5.558333333333334,5558333,raise_front,19.98891279467053,-9.994456397335261,0.0,70.00332616159885,0.9945279618280755,0.0,0.10447072863770974,0.0,-9.994456397335261,0.0,70.00332616159885,29.482595565731806,3.1092749816945684,0,feet,0.0,-0.40482475986227584,-0.31837144054068034,-39.47048489375836,63.70001399999999,9.600002425739554,-39.47705196306714,60.71151150841919,0.0,1,2.6645352591003757e-14,0.0,-0.40482475986227806,-0.31837147352276585,-39.470484893758254,-63.70001399999998,9.60000242573956,-39.477051963067,-60.71151150841919,0.0,1,3.552713678800501e-14,0.0,-0.5724175080158469,-0.8010802975293361,88.67071022579339,63.70001399999999,9.600000743652956,88.67738053817368,59.93911905416603,0.0,1,3.019806626980426e-14,0.0,-0.5724175080158469,-0.8010802975293361,88.67071022579339,-63.70001399999998,9.600000743652956,88.67738053817368,-59.93911905416603,0.0,1,3.019806626980426e-14
5.566666666666666,5566667,raise_front,19.98359144439364,-9.991795722196828,0.0,70.0049225666819,0.9945308722603164,0.0,0.10444301853706679,0.0,-9.991795722196828,0.0,70.0049225666819,29.485256240870243,3.1165169824245282,0,feet,0.0,-0.404698108656695,-0.31832315215790086,-39.47062712686338,63.70001399999999,9.600002521983235,-39.47705196306714,60.71151150841919,0.0,1,3.197442310920451e-14,0.0,-0.4046981086566981,-0.3183231851355739,-39.470627126863285,-63.70001399999998,9.600002521983185,-39.477051963067,-60.71151150841919,0.0,1,-1.7763568394002505e-14,0.0,-0.5721957091131493,-0.800941676745198,88.6663459716725,63.70001399999999,9.600001360956483,88.6720591878968,59.93911905416603,0.0,1,1.0302869668521453e-13,0.0,-0.5721957091131493,-0.800941676745198,88.6663459716725,-63.70001399999998,9.600001360956483,88.6720591878968,-59.93911905416603,0.0,1,1.0302869668521453e-13
5.575,5575000,raise_front,19.9768375,-9.98841874999999,0.0,70.00694875,0.9945345651164571,0.0,0.10440784830949945,0.0,-9.98841874999999,0.0,70.00694875,29.48863321306708,3.125708946747494,0,feet,0.0,-0.4045373579292244,-0.3182618551303604,-39.470807597022855,63.70001399999999,9.600002641067178,-39.47705196306714,60.71151150841919,0.0,1,0.0,0.0,-0.40453735792922707,-0.3182618881024344,-39.47080759702274,-63.70001399999998,9.600002641067185,-39.477051963067,-60.71151150841919,0.0,1,7.105427357601002e-15,0.0,-0.5719142306754232,-0.800765695714162,88.66080704827856,63.70001399999999,9.600002007158345,88.66530524350313,59.93911905416603,0.0,1,3.019806626980426e-14,0.0,-0.5719142306754232,-0.800765695714162,88.66080704827856,-63.70001399999998,9.600002007158345,88.66530524350313,-59.93911905416603,0.0,1,3.019806626980426e-14
5.583333333333333,5583333,raise_front,19.96850073667632,-9.984250368338158,0.0,70.00944977899711,0.9945391216958452,0.0,0.10436443559209556,0.0,-9.984250368338158,0.0,70.00944977899711,29.49280159472891,3.137055552899028,0,feet,0.0,-0.4043389299452764,-0.31818617954427886,-39.471030277273634,63.70001399999999,9.600002783327973,-39.47705196306714,60.71151150841919,0.0,1,2.842170943040401e-14,0.0,-0.4043389299452791,-0.3181862125094388,-39.47103027727353,-63.70001399999998,9.600002783327923,-39.477051963067,-60.71151150841919,0.0,1,-2.1316282072803006e-14,0.0,-0.5715668363257844,-0.8005484090212143,88.65397045120949,63.70001399999999,9.600002592865593,88.65696848017946,59.93911905416603,0.0,1,-7.105427357601002e-15,0.0,-0.5715668363257844,-0.8005484090212143,88.65397045120949,-63.70001399999998,9.600002592865593,88.65696848017946,-59.93911905416603,0.0,1,-7.105427357601002e-15
5.591666666666667,5591667,raise_front,19.958437102448812,-9.979218551224404,0.0,70.01246886926536,0.9945446195971949,0.0,0.10431203013205556,0.0,-9.979218551224404,0.0,70.01246886926536,29.497833411842663,3.150753165513464,0,feet,0.0,-0.4040993930233512,-0.31809480897965825,-39.471298959764454,63.70001399999999,9.600002948101455,-39.47705196306714,60.71151150841919,0.0,1,-2.3092638912203256e-14,0.0,-0.40409939302335385,-0.31809484193647064,-39.471298959764304,-63.70001399999998,9.600002948101483,-39.477051963067,-60.71151150841919,0.0,1,5.329070518200751e-15,0.0,-0.5711475523652143,-0.8002860267319978,88.64571824164058,63.70001399999999,9.600003469679613,88.64992047669114,59.94247408063234,0.0,1,3.552713678800501e-14,0.0,-0.5711475523652143,-0.8002860267319978,88.64571824164058,-63.70001399999998,9.600003469679613,88.64992047669114,-59.94247408063234,0.0,1,3.552713678800501e-14
5.6,5600000,raise_front,19.94650864197531,-9.973254320987655,0.0,70.01604740740741,0.9945511327023174,0.0,0.10424991338383607,0.0,-9.973254320987655,0.0,70.01604740740741,29.503797642079412,3.166989954870047,0,feet,0.0,-0.40381545956614007,-0.317986479366283,-39.471617254945365,63.70001399999999,9.600003133569935,-39.47705196306714,60.71151150841919,0.0,1,4.440892098500626e-14,0.0,-0.4038154595661432,-0.3179865123131971,-39.47161725494521,-63.70001399999998,9.600003133569928,-39.477051963067,-60.71151150841919,0.0,1,3.730349362740526e-14,0.0,-0.5706506768525466,-0.7999748927688946,88.63593768532031,63.70001399999999,9.600004169601249,88.63799201621764,59.94247408063234,0.0,1,-1.3322676295501878e-13,0.0,-0.5706506768525466,-0.7999748927688946,88.63593768532031,-63.70001399999998,9.600004169601249,88.63799201621764,-59.94247408063234,0.0,1,-1.3322676295501878e-13
5.608333333333333,5608333,raise_front,19.932583420337345,-9.966291710168667,0.0,70.0202249738988,0.99455873115861,0.0,0.1041773981061903,0.0,-9.966291710168667,0.0,70.0202249738988,29.5107602528984,3.185946016449307,0,feet,0.0,-0.4034839840878619,-0.3178599778288187,-39.47198859069188,63.70001399999999,9.60000333660696,-39.47705196306714,60.71151150841919,0.0,1,2.6645352591003757e-14,0.0,-0.403483984087865,-0.3178600107641736,-39.47198859069175,-63.70001399999998,9.60000333660696,-39.477051963067,-60.71151150841919,0.0,1,2.6645352591003757e-14,0.0,-0.5700707698960277,-0.7996114944167196,88.62452105613298,63.70001399999999,9.600004378659705,88.62406679457966,59.94247408063234,0.0,1,-1.4210854715202004e-14,0.0,-0.5700707698960277,-0.7996114944167196,88.62452105613298,-63.70001399999998,9.600004378659705,88.62406679457966,-59.94247408063234,0.0,1,-1.4210854715202004e-14
5.616666666666666,5616667,raise_front,19.91653544683229,-9.958267723416139,0.0,70.02503936595032,0.9945674813610197,0.0,0.10409382795919137,0.0,-9.958267723416139,0.0,70.02503936595032,29.51878423965093,3.2077934905995704,0,feet,0.0,-0.4031019612396429,-0.31771414152631694,-39.472416211396876,63.70001399999999,9.600003552624905,-39.47705196306714,60.71151150841919,0.0,1,1.2434497875801753e-14,0.0,-0.4031019612396456,-0.31771417444834515,-39.47241621139675,-63.70001399999998,9.600003552624912,-39.477051963067,-60.71151150841919,0.0,1,2.1316282072803006e-14,0.0,-0.5694026532695293,-0.7991924564009141,88.61136560565907,63.70001399999999,9.600003806023885,88.60801882107461,59.94247408063234,0.0,1,4.085620730620576e-14,0.0,-0.5694026532695293,-0.7991924564009141,88.61136560565907,-63.70001399999998,9.600003806023885,88.60801882107461,-59.94247408063234,0.0,1,4.085620730620576e-14
5.625,5625000,raise_front,19.89824459876543,-9.949122299382724,0.0,70.03052662037037,0.9945774459341525,0.0,0.10399857710131388,0.0,-9.949122299382724,0.0,70.03052662037037,29.527929663684347,3.2326966821280934,0,feet,0.0,-0.4026665238346081,-0.3175478564909846,-39.472903177062456,63.70001399999999,9.600003775425236,-39.47705196306714,60.71151150841919,0.0,1,1.7763568394002505e-15,0.0,-0.40266652383461077,-0.31754788939781564,-39.47290317706233,-63.70001399999998,9.600003775425215,-39.477051963067,-60.71151150841919,0.0,1,-2.1316282072803006e-14,0.0,-0.5686414002406188,-0.798714551128918,88.59637335873585,63.70001399999999,9.600003210773721,88.59783357270655,59.95646448344729,0.0,1,3.730349362740526e-14,0.0,-0.5686414002406188,-0.798714551128918,88.59637335873585,-63.70001399999998,9.600003210773721,88.59783357270655,-59.95646448344729,0.0,1,3.730349362740526e-14
5.633333333333334,5633333,raise_front,19.877596545242085,-9.938798272621046,0.0,70.03672103642737,0.9945886837151469,0.0,0.10389104978664718,0.0,-9.938798272621046,0.0,70.03672103642737,29.538253690446023,3.2608121796435654,0,feet,0.0,-0.40217494087419947,-0.3173600564707044,-39.47345236242077,63.70001399999999,9.600003997055403,-39.47705196306714,60.71151150841919,0.0,1,2.4868995751603507e-14,0.0,-0.4021749408742026,-0.3173600893603692,-39.473452362420616,-63.70001399999998,9.600003997055396,-39.477051963067,-60.71151150841919,0.0,1,1.7763568394002505e-14,0.0,-0.567782338173854,-0.7981746878541847,88.57945113738766,63.70001399999999,9.600003915678172,88.58024024258674,59.949281408719614,0.0,1,-3.019806626980426e-14,0.0,-0.567782338173854,-0.7981746878541847,88.57945113738766,-63.70001399999998,9.600003915678172,88.58024024258674,-59.949281408719614,0.0,1,-3.019806626980426e-14
5.641666666666667,5641667,raise_front,19.85448267095971,-9.927241335479861,0.0,70.04365519871209,0.9946012497378836,0.0,0.1037706799623099,0.0,-9.927241335479861,0.0,70.04365519871209,29.549810627587206,3.2922889744889403,0,feet,0.0,-0.401624615577155,-0.31714972177941014,-39.47406645611006,63.70001399999999,9.600004207673699,-39.47705196306714,60.71151150841919,0.0,1,2.1316282072803006e-14,0.0,-0.4016246155771581,-0.3171497546498476,-39.47406645610991,-63.70001399999998,9.600004207673699,-39.477051963067,-60.71151150841919,0.0,1,2.3092638912203256e-14,0.0,-0.56682108466984,-0.7975698464596435,88.56051117615583,63.70001399999999,9.600003351395202,88.55712636830437,59.949281408719614,0.0,1,-2.842170943040401e-14,0.0,-0.56682108466984,-0.7975698464596435,88.56051117615583,-63.70001399999998,9.600003351395202,88.55712636830437,-59.949281408719614,0.0,1,-2.842170943040401e-14
5.65,5650000,raise_front,19.8288,-9.914399999999997,0.0,70.05136,0.9946151952190606,0.0,0.10363693086612517,0.0,-9.914399999999997,0.0,70.05136,29.562651963067072,3.3272685791173586,0,feet,0.0,-0.4010130834123853,-0.3169158781590862,-39.47474795993103,63.70001399999999,9.600004395424762,-39.47705196306714,60.71151150841919,0.0,1,5.861977570020827e-14,0.0,-0.4010130834123884,-0.316915911008143,-39.47474795993092,-63.70001399999998,9.600004395424683,-39.477051963067,-60.71151150841919,0.0,1,-2.1316282072803006e-14,0.0,-0.5657534982488115,-0.7968971523295947,88.53947022264056,63.70001399999999,9.600000703757395,88.53770821317029,60.00696726122774,0.0,1,-1.5987211554602254e-14,0.0,-0.5657534982488115,-0.7968971523295947,88.53947022264056,-63.70001399999998,9.600000703757395,88.53770821317029,-60.00696726122774,0.0,1,-1.5987211554602254e-14
5.658333333333333,5658333,raise_front,19.80045111962099,-9.900225559810503,0.0,70.0598646641137,0.9946305675466137,0.0,0.1034892946246188,0.0,-9.900225559810503,0.0,70.0598646641137,29.576826403256568,3.365885144773941,0,feet,0.0,-0.40033801013696824,-0.3166575956567672,-39.47549918820536,63.70001399999999,9.600004546326723,-39.47705196306714,60.71151150841919,0.0,1,-3.019806626980426e-14,0.0,-0.4003380101369709,-0.3166576284822078,-39.47549918820519,-63.70001399999998,9.60000454632678,-39.477051963067,-60.71151150841919,0.0,1,2.6645352591003757e-14,0.0,-0.5645756641582098,-0.7961538931718302,88.51624926750281,63.70001399999999,9.599998393000881,88.5093593327913,60.00696726122774,0.0,1,-1.7763568394002505e-14,0.0,-0.5645756641582098,-0.7961538931718302,88.51624926750281,-63.70001399999998,9.599998393000881,88.5093593327913,-60.00696726122774,0.0,1,-1.7763568394002505e-14
5.666666666666667,5666667,raise_front,19.769344104049182,-9.884672052024584,0.0,70.06919676878525,0.994647410270925,0.0,0.10332729185139004,0.0,-9.884672052024584,0.0,70.06919676878525,29.592379911042485,3.40826557835976,0,feet,0.0,-0.3995971898402697,-0.3163739875196758,-39.476322267256684,63.70001399999999,9.600004644173275,-39.47705196306714,60.71151150841919,0.0,1,1.7763568394002505e-14,0.0,-0.39959718984027326,-0.31637402031917805,-39.47632226725651,-63.70001399999998,9.60000464417324,-39.477051963067,-60.71151150841919,0.0,1,-1.7763568394002505e-14,0.0,-0.5632839721215146,-0.7953373843359377,88.49077489177496,63.70001399999999,9.59999269801527,88.47825231721947,60.00696726122774,0.0,1,-7.105427357601002e-15,0.0,-0.5632839721215146,-0.7953373843359377,88.49077489177496,-63.70001399999998,9.59999269801527,88.47825231721947,-60.00696726122774,0.0,1,-7.105427357601002e-15
5.675,5675000,raise_front,19.735392438271603,-9.867696219135812,0.0,70.07938226851851,0.9946657630992167,0.0,0.10315047124590834,0.0,-9.867696219135812,0.0,70.07938226851851,29.609355743931257,3.454529658363839,0,feet,0.0,-0.3987885429952067,-0.31606420911123667,-39.47721913503288,63.70001399999999,9.600004670449792,-39.47705196306714,60.71151150841919,0.0,1,1.0658141036401503e-14,0.0,-0.39878854299521027,-0.3160642418824029,-39.47721913503271,-63.70001399999998,9.600004670449756,-39.477051963067,-60.71151150841919,0.0,1,-2.4868995751603507e-14,0.0,-0.5618750169924223,-0.7944451254846863,88.46297748791024,63.70001399999999,9.59998523908294,88.47950349487141,60.14788790282789,0.0,1,-7.460698725481052e-14,0.0,-0.5618750169924223,-0.7944451254846863,88.46297748791024,-63.70001399999998,9.59998523908294,88.47950349487141,-60.14788790282789,0.0,1,-7.460698725481052e-14
5.683333333333334,5683333,raise_front,19.698514941827973,-9.849257470913985,0.0,70.09044551745161,0.9946856618934916,0.0,0.1029584091927735,0.0,-9.849257470913985,0.0,70.09044551745161,29.627794492153086,3.504790149762968,0,feet,0.0,-0.3979101145174533,-0.3157274568505084,-39.478191540885554,63.70001399999999,9.600004604267951,-39.47705196306714,60.71151150841919,0.0,1,-3.197442310920451e-14,0.0,-0.39791011451745595,-0.31572748959086505,-39.47819154088539,-63.70001399999998,9.600004604268008,-39.477051963067,-60.71151150841919,0.0,1,2.4868995751603507e-14,0.0,-0.5603454995552211,-0.7934749571543032,88.43278952433035,63.70001399999999,9.599994424128326,88.44262599842776,60.14788790282789,0.0,1,-1.2434497875801753e-14,0.0,-0.5603454995552211,-0.7934749571543032,88.43278952433035,-63.70001399999998,9.599994424128326,88.44262599842776,-60.14788790282789,0.0,1,-1.2434497875801753e-14
5.691666666666666,5691667,raise_front,19.658635692602754,-9.829317846301379,0.0,70.10240929221918,0.9947071386723387,0.0,0.10275070936148642,0.0,-9.829317846301379,0.0,70.10240929221918,29.64773411676569,3.559152917796226,0,feet,0.0,-0.3969600718334241,-0.31536296717723866,-39.47924104552177,63.70001399999999,9.600004422317852,-39.47705196306714,60.71151150841919,0.0,1,1.0658141036401503e-14,0.0,-0.3969600718334263,-0.3153629998842402,-39.47924104552165,-63.70001399999998,9.600004422317859,-39.477051963067,-60.71151150841919,0.0,1,1.7763568394002505e-14,0.0,-0.5586927039911207,-0.792424270286717,88.4001538796637,63.70001399999999,9.599999113361719,88.40274674920255,60.14788790282789,0.0,1,1.7763568394002505e-14,0.0,-0.5586927039911207,-0.792424270286717,88.4001538796637,-63.70001399999998,9.599999113361719,88.40274674920255,-60.14788790282789,0.0,1,1.7763568394002505e-14
5.7,5700000,raise_front,19.615683950617285,-9.807841975308639,0.0,70.11529481481482,0.9947302216168916,0.0,0.10252700230675635,0.0,-9.807841975308639,0.0,70.11529481481482,29.66920998775843,3.61771704053605,0,feet,0.0,-0.395936702957679,-0.3149700155445183,-39.48036902114105,63.70001399999999,9.600004098839207,-39.47705196306714,60.71151150841919,0.0,1,-1.2434497875801753e-14,0.0,-0.39593670295768124,-0.31497004821555175,-39.480369021140916,-63.70001399999998,9.600004098839236,-39.477051963067,-60.71151150841919,0.0,1,1.5987211554602254e-14,0.0,-0.5569139900890168,-0.7912908330524573,88.36501490287573,63.70001399999999,9.599998044385615,88.35979500721707,60.14788790282789,0.0,1,2.1316282072803006e-14,0.0,-0.5569139900890168,-0.7912908330524573,88.36501490287573,-63.70001399999998,9.599998044385615,88.35979500721707,-60.14788790282789,0.0,1,2.1316282072803006e-14
5.708333333333333,5708333,raise_front,19.569594081821876,-9.784797040910947,0.0,70.12912177545343,0.9947549350811854,0.0,0.10228694506938167,0.0,-9.784797040910947,0.0,70.12912177545343,29.692254922156124,3.6805749201839717,0,feet,0.0,-0.39483841458039004,-0.3145479154407833,-39.48157665176889,63.70001399999999,9.600003605613765,-39.47705196306714,60.71151150841919,0.0,1,5.3290705182007514e-14,0.0,-0.3948384145803927,-0.31454794807317166,-39.48157665176878,-63.70001399999998,9.600003605613743,-39.477051963067,-60.71151150841919,0.0,1,3.197442310920451e-14,0.0,-0.5550069614535165,-0.7900725081176101,88.32732135367,63.70001399999999,9.5999898071925,88.3137051384217,60.14788790282789,0.0,1,-1.4210854715202004e-14,0.0,-0.5550069614535165,-0.7900725081176101,88.32732135367,-63.70001399999998,9.5999898071925,88.3137051384217,-60.14788790282789,0.0,1,-1.4210854715202004e-14
5.716666666666667,5716667,raise_front,19.520305481887924,-9.760152740943958,0.0,70.14390835543362,0.9947812996071292,0.0,0.10203022077772357,0.0,-9.760152740943958,0.0,70.14390835543362,29.71689922212311,3.7478123930324188,0,feet,0.0,-0.393663730165394,-0.31409601744265236,-39.48286493379736,63.70001399999999,9.600002911977441,-39.47705196306714,60.71151150841919,0.0,1,-3.552713678800501e-15,0.0,-0.3936637301653967,-0.3140960500336556,-39.482864933797224,-63.70001399999998,9.60000291197747,-39.477051963067,-60.71151150841919,0.0,1,2.6645352591003757e-14,0.0,-0.552969321066394,-0.788767480463362,88.28702387577678,63.70001399999999,9.599989346854187,88.3031583405136,60.29318209508154,0.0,1,6.394884621840902e-14,0.0,-0.552969321066394,-0.788767480463362,88.28702387577678,-63.70001399999998,9.599989346854187,88.3031583405136,-60.293182095081534,0.0,1,6.394884621840902e-14
5.725,5725000,raise_front,19.4677625,-9.733881249999992,0.0,70.15967125,0.9948093319442763,0.0,0.10175653824979804,0.0,-9.733881249999992,0.0,70.15967125,29.743170713067077,3.8195088380410738,0,feet,0.0,-0.3924112880593129,-0.31361370829991975,-39.48423467674023,63.70001399999999,9.600001984855439,-39.47705196306714,60.71151150841919,0.0,1,-1.7763568394002505e-15,0.0,-0.3924112880593156,-0.31361374084674054,-39.484234676740115,-63.70001399999998,9.600001984855417,-39.477051963067,-60.71151150841919,0.0,1,-2.3092638912203256e-14,0.0,-0.550799103611141,-0.7873738735249614,88.2440790553643,63.70001399999999,9.600000680073066,88.25061535862568,60.29318209508154,0.0,1,-6.927791673660977e-14,0.0,-0.550799103611141,-0.7873738735249614,88.2440790553643,-63.70001399999998,9.600000680073066,88.25061535862568,-60.293182095081534,0.0,1,-6.927791673660977e-14
5.733333333333333,5733333,raise_front,19.41191436264797,-9.70595718132398,0.0,70.17642569120561,0.9948390450745414,0.0,0.10146563159599707,0.0,-9.70595718132398,0.0,70.17642569120561,29.771094781743088,3.8957372839885664,0,feet,0.0,-0.3910798396121331,-0.3131004100537882,-39.48568650421137,63.70001399999999,9.600000788817837,-39.47705196306714,60.71151150841919,0.0,1,-1.0658141036401503e-14,0.0,-0.39107983961213577,-0.3131004425535724,-39.48568650421126,-63.70001399999998,9.600000788817837,-39.477051963067,-60.71151150841919,0.0,1,-1.0658141036401503e-14,0.0,-0.548494799478596,-0.7858895406434709,88.19845147627197,63.70001399999999,9.60000219827738,88.19476722127365,60.29318209508154,0.0,1,2.3092638912203256e-14,0.0,-0.548494799478596,-0.7858895406434709,88.19845147627197,-63.70001399999998,9.60000219827738,88.19476722127365,-60.293182095081534,0.0,1,2.3092638912203256e-14
5.741666666666666,5741667,raise_front,19.352715097419093,-9.676357548709545,0.0,70.19418547077427,0.9948704482419871,0.0,0.10115725982245455,0.0,-9.676357548709545,0.0,70.19418547077427,29.800694414357523,3.976564515166416,0,feet,0.0,-0.38966824730961225,-0.31255557918926113,-39.48722085513076,63.70001399999999,9.599999286158237,-39.47705196306714,60.71151150841919,0.0,1,1.9539925233402755e-14,0.0,-0.38966824730961447,-0.31255561163910395,-39.487220855130644,-63.70001399999998,9.599999286158244,-39.477051963067,-60.71151150841919,0.0,1,2.842170943040401e-14,0.0,-0.5460549042119327,-0.7843127905364704,88.15010591917527,63.70001399999999,9.599998710664693,88.14208495031828,60.29863901998888,0.0,1,3.730349362740526e-14,0.0,-0.5460549042119327,-0.7843127905364704,88.15010591917527,-63.70001399999998,9.599998710664693,88.14208495031828,-60.29863901998888,0.0,1,3.730349362740526e-14
5.75,5750000,raise_front,19.290123456790123,-9.64506172839506,0.0,70.21296296296296,0.9949035469877721,0.0,0.10083120643506173,0.0,-9.64506172839506,0.0,70.21296296296296,29.842996041205357,4.062051175593297,0,feet,0.0,-0.3881754503830308,-0.3119787363011124,-39.48883823227408,63.70001399999999,9.59999917769121,-39.48805776960049,66.27374638689588,0.0,1,2.6645352591003757e-14,0.0,-0.388175450383033,-0.3119787686980602,-39.48883823227395,-63.70001399999998,9.59999917769121,-39.48805776960035,-66.27374638689588,0.0,1,2.6645352591003757e-14,0.0,-0.5434782364391357,-0.7826418648604103,88.09901284855204,63.70001399999999,9.599984238674821,88.08358966995974,60.30112620289984,0.0,1,-1.4210854715202004e-14,0.0,-0.5434782364391357,-0.7826418648604103,88.09901284855204,-63.70001399999998,9.599984238674821,88.08358966995974,-60.30112620289984,0.0,1,-1.4210854715202004e-14
5.758333333333334,5758333,raise_front,19.224102841919425,-9.612051420959718,0.0,70.23276914742416,0.9949383431903235,0.0,0.10048727904413618,0.0,-9.612051420959718,0.0,70.23276914742416,29.8760063486407,4.1522518717352455,0,feet,0.0,-0.3866005567127315,-0.31136937749560456,-39.49053849207054,63.70001399999999,9.59999888889628,-39.48805776960049,66.27374638689588,0.0,1,2.1316282072803006e-14,0.0,-0.3866005567127342,-0.31136940983665573,-39.49053849207039,-63.70001399999998,9.599998888896309,-39.48805776960035,-66.27374638689588,0.0,1,4.973799150320701e-14,0.0,-0.5407637069460565,-0.7808753025714843,88.04514441659046,63.70001399999999,9.599968206549107,88.06921826059893,60.91776820488418,0.0,1,2.842170943040401e-14,0.0,-0.5407637069460565,-0.7808753025714843,88.04514441659046,-63.70001399999998,9.599968206549107,88.06921826059893,-60.91776820488418,0.0,1,2.842170943040401e-14
5.766666666666667,5766667,raise_front,19.15462122643906,-9.577310613219531,0.0,70.25361363206828,0.994974835110775,0.0,0.1001253089697415,0.0,-9.577310613219531,0.0,70.25361363206828,29.910747156380886,4.2472152737257005,0,feet,0.0,-0.3849427532331018,-0.3107270558651294,-39.492321512832646,63.70001399999999,9.599998262566885,-39.48805776960049,66.27374638689588,0.0,1,7.105427357601002e-15,0.0,-0.38494275323310445,-0.31072708814723615,-39.49232151283252,-63.70001399999998,9.599998262566864,-39.48805776960035,-66.27374638689588,0.0,1,-1.4210854715202004e-14,0.0,-0.5379101680354861,-0.7790121773791534,87.98847202643185,63.70001399999999,9.599992461284913,88.00135119151811,60.517480576825555,0.0,1,4.440892098500626e-14,0.0,-0.5379101680354861,-0.7790121773791525,87.98847202643185,-63.70001399999998,9.599992461284877,88.00135119151811,-60.51748057682556,0.0,1,7.105427357601002e-15
5.775,5775000,raise_front,19.081651080246914,-9.540825540123457,0.0,70.27550467592593,0.9950130174436808,0.0,0.09974515084765471,0.0,-9.540825540123457,0.0,70.27550467592593,29.94723222947696,4.34698421508719,0,feet,0.0,-0.38320132855403255,-0.31005135788916816,-39.49418701141263,63.70001399999999,9.599997252769846,-39.48805776960049,66.27374638689588,0.0,1,1.9539925233402755e-14,0.0,-0.38320132855403477,-0.31005139010924276,-39.49418701141254,-63.70001399999998,9.599997252769832,-39.48805776960035,-66.27374638689588,0.0,1,5.329070518200751e-15,0.0,-0.5349175446099306,-0.7770502722205657,87.92898540193849,63.70001399999999,9.600001081477657,87.92838104532596,60.517480576825555,0.0,1,-2.6645352591003757e-14,0.0,-0.5349175446099306,-0.7770502722205657,87.92898540193849,-63.70001399999998,9.600001081477657,87.92838104532596,-60.51748057682556,0.0,1,-2.6645352591003757e-14
5.783333333333333,5783333,raise_front,19.005169293298785,-9.502584646649396,0.0,70.29844921201037,0.9950528813729979,0.0,0.09934668223596937,0.0,-9.502584646649396,0.0,70.29844921201037,30.00461267973464,4.451595790964262,0,feet,0.0,-0.3813756354034079,-0.3093419362844383,-39.496134816783076,63.70001399999999,9.599997842930662,-39.5071973263841,59.93459691168532,0.0,1,4.796163466380676e-14,0.0,-0.3813756354034106,-0.3093419684393566,-39.49613481678291,-63.70001399999998,9.59999784293069,-39.507197326383974,-59.93459691168532,0.0,1,7.638334409421077e-14,0.0,-0.5317855297784866,-0.7749881689785778,87.86667037278978,63.70001399999999,9.59998973665072,87.85189925837784,60.517480576825555,0.0,1,2.842170943040401e-14,0.0,-0.5317855297784866,-0.7749881689785778,87.86667037278978,-63.70001399999998,9.59998973665072,87.85189925837784,-60.51748057682556,0.0,1,2.842170943040401e-14
5.791666666666667,5791667,raise_front,18.925157099400497,-9.462578549700249,0.0,70.32245287017984,0.9950944146333012,0.0,0.09892980322232352,0.0,-9.462578549700249,0.0,70.32245287017984,30.04461877668379,4.5610814548841745,0,feet,0.0,-0.3794651649454308,-0.3085984380173845,-39.49816429576836,63.70001399999999,9.599999967070275,-39.5071973263841,59.93459691168532,0.0,1,1.2434497875801753e-14,0.0,-0.3794651649454335,-0.30859847010398544,-39.498164295768234,-63.70001399999998,9.599999967070282,-39.507197326383974,-59.93459691168532,0.0,1,2.1316282072803006e-14,0.0,-0.5285134305383776,-0.7728254761698512,87.80150646323773,63.70001399999999,9.600021926197059,87.82884691832831,62.45001575237097,0.0,1,-6.217248937900877e-14,0.0,-0.5285134305383776,-0.7728254761698512,87.80150646323773,-63.70001399999998,9.600021926197059,87.82884691832831,-62.45001575237097,0.0,1,-6.217248937900877e-14
5.8,5800000,raise_front,18.8416,-9.420800000000002,0.0,70.34752,0.9951376015761791,0.0,0.09849443603173555,0.0,-9.420800000000002,0.0,70.34752,30.086397326384038,4.675467114068709,0,feet,0.0,-0.3774695409867057,-0.3078205074824125,-39.500274385505556,63.70001399999999,9.600001720639497,-39.5071973263841,59.93459691168532,0.0,1,3.019806626980426e-14,0.0,-0.3774695409867075,-0.30782053949749777,-39.50027438550546,-63.70001399999998,9.600001720639504,-39.507197326383974,-59.93459691168532,0.0,1,3.907985046680551e-14,0.0,-0.5251017131557929,-0.7705603705168591,87.73349288790943,63.70001399999999,9.600053610077836,87.74528981892782,62.45001575237097,0.0,1,-3.552713678800501e-15,0.0,-0.5251017131557929,-0.7705603705168591,87.73349288790943,-63.70001399999998,9.600053610077836,87.74528981892782,-62.45001575237097,0.0,1,-3.552713678800501e-15
5.808333333333334,5808333,raise_front,18.754487687979477,-9.377243843989739,0.0,70.37365369360616,0.9951824232417334,0.0,0.09804052463502709,0.0,-9.377243843989739,0.0,70.37365369360616,30.1299534823943,4.7947732233273115,0,feet,0.0,-0.3753884494315436,-0.3070078504079641,-39.50246411876958,63.70001399999999,9.600003050006677,-39.5071973263841,59.93459691168532,0.0,1,3.552713678800501e-14,0.0,-0.37538844943154626,-0.3070078823483038,-39.502464118769446,-63.70001399999998,9.600003050006684,-39.507197326383974,-59.93459691168532,0.0,1,4.263256414560601e-14,0.0,-0.5215508832101996,-0.768191368951618,87.66262949521607,63.70001399999999,9.600059826050583,87.6581775069073,62.45001575237097,0.0,1,1.0658141036401503e-14,0.0,-0.5215508832101996,-0.768191368951618,87.66262949521607,-63.70001399999998,9.600059826050583,87.6581775069073,-62.45001575237097,0.0,1,1.0658141036401503e-14
5.816666666666666,5816667,raise_front,18.663813971447443,-9.331906985723728,0.0,70.40085580856577,0.9952288574350892,0.0,0.09756803435781117,0.0,-9.331906985723728,0.0,70.40085580856577,30.17529034066031,4.919014877567619,0,feet,0.0,-0.37322167108605964,-0.3061602009403792,-39.50473236513663,63.70001399999999,9.600003900382383,-39.5071973263841,59.93459691168532,0.0,1,-1.0658141036401503e-14,0.0,-0.3732216710860623,-0.30616023280271465,-39.50473236513648,-63.70001399999998,9.600003900382383,-39.507197326383974,-59.93459691168532,0.0,1,-1.0658141036401503e-14,0.0,-0.5178614603719458,-0.7657173608111423,87.58891645467482,63.70001399999999,9.60003697814534,87.56750379037527,62.45001575237097,0.0,1,1.4210854715202004e-14,0.0,-0.5178614603719458,-0.7657173608111423,87.58891645467482,-63.70001399999998,9.60003697814534,87.56750379037527,-62.45001575237097,0.0,1,1.4210854715202004e-14
5.825,5825000,raise_front,18.569576697530863,-9.284788348765431,0.0,70.42912699074074,0.9952768788078042,0.0,0.09707695149001846,0.0,-9.284788348765431,0.0,70.42912699074074,30.222408977618606,5.048201902965431,0,feet,0.0,-0.3709690799170615,-0.30527732115593587,-39.50707783457075,63.70001399999999,9.600004216098718,-39.5071973263841,59.93459691168532,0.0,1,1.7763568394002505e-14,0.0,-0.37096907991706374,-0.3052773529369799,-39.50707783457063,-63.70001399999998,9.600004216098753,-39.507197326383974,-59.93459691168532,0.0,1,5.3290705182007514e-14,0.0,-0.5140341647747171,-0.7631373050684989,87.51235737924644,63.70001399999999,9.599981270210705,87.47326651645868,62.45001575237097,0.0,1,-1.0658141036401503e-14,0.0,-0.5140341647747171,-0.7631373050684989,87.51235737924644,-63.70001399999998,9.599981270210705,87.47326651645868,-62.45001575237097,0.0,1,-1.0658141036401503e-14
5.833333333333333,5833333,raise_front,18.47177767616725,-9.23588883808363,0.0,70.45846669714982,0.9953264589440475,0.0,0.09656728289593415,0.0,-9.23588883808363,0.0,70.45846669714982,30.271308488300406,5.182338946841128,0,feet,0.0,-0.368630641323624,-0.304359000608017,-39.509499081238445,63.70001399999999,9.60000394090104,-39.5071973263841,59.93459691168532,0.0,1,-1.2434497875801753e-14,0.0,-0.3686306413236262,-0.30435903230445804,-39.50949908123831,-63.70001399999998,9.600003940901075,-39.507197326383974,-59.93459691168532,0.0,1,2.1316282072803006e-14,0.0,-0.5100692062771635,-0.7604513263997901,87.43294773220617,63.70001399999999,9.59996677029094,87.45832561761164,61.523391460046824,0.0,1,-7.105427357601002e-15,0.0,-0.5100692062771635,-0.7604513263997901,87.43294773220617,-63.70001399999998,9.59996677029094,87.45832561761164,-61.523391460046824,0.0,1,-7.105427357601002e-15
5.841666666666667,5841667,raise_front,18.370422603896763,-9.185211301948376,0.0,70.48887321883097,0.9953775664514012,0.0,0.09603905562471123,0.0,-9.185211301948376,0.0,70.48887321883097,30.32198602443566,5.321425566296099,0,feet,0.0,-0.36620641042118507,-0.3034050559088999,-39.51199450754715,63.70001399999999,9.600003018251854,-39.5071973263841,59.93459691168532,0.0,1,3.552713678800501e-14,0.0,-0.3662064104211882,-0.30340508751740325,-39.51199450754702,-63.70001399999998,9.600003018251797,-39.507197326383974,-59.93459691168532,0.0,1,-2.1316282072803006e-14,0.0,-0.5059676093271115,-0.7576586510156833,87.35069680470775,63.70001399999999,9.599998263954909,87.35697054534113,61.523391460046824,0.0,1,3.730349362740526e-14,0.0,-0.5059676093271115,-0.7576586510156833,87.35069680470775,-63.70001399999998,9.599998263954909,87.35697054534113,-61.523391460046824,0.0,1,3.730349362740526e-14
5.85,5850000,raise_front,18.26552098765432,-9.132760493827165,0.0,70.5203437037037,0.9954301670561275,0.0,0.09549231652133042,0.0,-9.132760493827165,0.0,70.5203437037037,30.45727394339324,5.465456315664795,0,feet,0.0,-0.3636964583381994,-0.30241539799830264,-39.51456291165356,63.70001399999999,9.600005278806236,-39.59003443722043,63.70001591752033,0.0,1,3.907985046680551e-14,0.0,-0.3636964583382012,-0.3024154295155195,-39.5145629116535,-63.70001399999998,9.600005278806194,-39.590034437220375,-63.70001591752033,0.0,1,-3.552713678800501e-15,0.0,-0.5017313916349551,-0.7547573183114626,87.26562990472495,63.70001399999999,9.599991081188605,87.27529733168257,59.93302891282114,0.0,1,-1.4210854715202004e-14,0.0,-0.5017313916349551,-0.7547573183114626,87.26562990472495,-63.70001399999998,9.599991081188605,87.27529733168257,-59.93302891282114,0.0,1,-1.4210854715202004e-14
5.858333333333333,5858333,raise_front,18.157086068561703,-9.078543034280854,0.0,70.55287417943148,0.9954842237027253,0.0,0.09492713183796567,0.0,-9.078543034280854,0.0,70.55287417943148,30.511491402939548,5.614420832845809,0,feet,0.0,-0.36110073652121066,-0.3013901574044433,-39.51720451388699,63.70001399999999,9.600025682598222,-39.59003443722043,63.70001591752033,0.0,1,-3.552713678800501e-15,0.0,-0.36110073652121155,-0.30139018882703184,-39.51720451388696,-63.70001399999998,9.600025682598222,-39.590034437220375,-63.70001591752033,0.0,1,-3.552713678800501e-15,0.0,-0.4973610687139085,-0.7517480425738055,87.17774830289713,63.70001399999999,9.600045732525167,87.2469923672288,62.45001576525732,0.0,1,7.105427357601002e-14,0.0,-0.4973610687139085,-0.7517480425738055,87.17774830289713,-63.70001399999998,9.600045732525167,87.2469923672288,-62.45001576525732,0.0,1,7.105427357601002e-14
5.866666666666666,5866667,raise_front,18.045134745719658,-9.02256737285983,0.0,70.5864595762841,0.9955396966575887,0.0,0.09434358684572254,0.0,-9.02256737285983,0.0,70.5864595762841,30.56746706436057,5.7683039245760455,0,feet,0.0,-0.3584198987785481,-0.300328910837373,-39.519914716539326,63.70001399999999,9.600045860778465,-39.59003443722043,63.70001591752033,0.0,1,-5.329070518200751e-15,0.0,-0.35841989877854896,-0.3003289421619435,-39.51991471653927,-63.70001399999998,9.600045860778451,-39.590034437220375,-63.70001591752033,0.0,1,-2.1316282072803006e-14,0.0,-0.49285812593777356,-0.7486303885437455,87.08706949881332,63.70001399999999,9.600175599322831,87.13504104438675,62.45001576525732,0.0,1,-1.7763568394002505e-14,0.0,-0.49285812593777356,-0.7486303885437455,87.08706949881332,-63.70001399999998,9.600175599322831,87.13504104438675,-62.45001576525732,0.0,1,-1.7763568394002505e-14
5.875,5875000,raise_front,17.9296875,-8.96484375,0.0,70.62109375,0.9955965436165716,0.0,0.09374178544670515,0.0,-8.96484375,0.0,70.62109375,30.625190687220403,5.927085650718084,0,feet,0.0,-0.35565434257215234,-0.2992315792590654,-39.52269135678414,63.70001399999999,9.60006574007678,-39.59003443722043,63.70001591752033,0.0,1,1.5987211554602254e-14,0.0,-0.3556543425721532,-0.2992316104822157,-39.52269135678408,-63.70001399999998,9.600065740076772,-39.590034437220375,-63.70001591752033,0.0,1,8.881784197001252e-15,0.0,-0.48822544788096156,-0.7454021100038162,86.99363312853633,63.70001399999999,9.600260353273029,87.01959379866709,62.45001576525732,0.0,1,5.861977570020827e-14,0.0,-0.48822544788096156,-0.7454021100038162,86.99363312853633,-63.70001399999998,9.600260353273029,87.01959379866709,-62.45001576525732,0.0,1,5.861977570020827e-14
5.883333333333334,5883333,raise_front,17.810768317837727,-8.905384158918865,0.0,70.65676950464868,0.9956547198162443,0.0,0.0931218497863737,0.0,-8.905384158918865,0.0,70.65676950464868,30.68465027830154,6.090553155152108,0,feet,0.0,-0.35280454670187833,-0.29809810907671386,-39.5255321432253,63.70001399999999,9.600085247452135,-39.59003443722043,63.70001591752033,0.0,1,2.4868995751603507e-14,0.0,-0.3528045467018801,-0.2980981401950271,-39.525532143225256,-63.70001399999998,9.600085247452071,-39.590034437220375,-63.70001591752033,0.0,1,-3.730349362740526e-14,0.0,-0.4834650331475774,-0.7420626538343429,86.89746471887949,63.70001399999999,9.600294917531151,86.90067461650482,62.45001576525732,0.0,1,-6.927791673660977e-14,0.0,-0.4834650331475774,-0.7420626538343429,86.89746471887949,-63.70001399999998,9.600294917531151,86.90067461650482,-62.45001576525732,0.0,1,-6.927791673660977e-14
5.891666666666667,5891667,raise_front,17.688404615023114,-8.84420230751156,0.0,70.69347861549306,0.9957141781486251,0.0,0.09248391986614832,0.0,-8.84420230751156,0.0,70.69347861549306,30.745832129708845,6.258824726991961,0,feet,0.0,-0.3498710696594527,-0.2969284719185463,-39.52843466116,63.70001399999999,9.600104310468083,-39.59003443722043,63.70001591752033,0.0,1,1.5987211554602254e-14,0.0,-0.3498710696594536,-0.29692850292859774,-39.528434661159984,-63.70001399999998,9.600104310468048,-39.590034437220375,-63.70001591752033,0.0,1,-1.9539925233402755e-14,0.0,-0.47857904442720756,-0.73861153779661,86.79859258015813,63.70001399999999,9.60027403051727,86.7783109136902,62.45001576525732,0.0,1,2.4868995751603507e-14,0.0,-0.47857904442720756,-0.73861153779661,86.79859258015813,-63.70001399999998,9.60027403051727,86.7783109136902,-62.45001576525732,0.0,1,2.4868995751603507e-14
5.9,5900000,raise_front,17.562627160493825,-8.78131358024691,0.0,70.73121185185185,0.995774869279155,0.0,0.09182815315621694,0.0,-8.78131358024691,0.0,70.73121185185185,30.808720856973494,6.431901072307568,0,feet,0.0,-0.3468545479932761,-0.2957226644388524,-39.53139637802022,63.70001399999999,9.600122857666534,-39.59003443722043,63.70001591752033,0.0,1,0.0,0.0,-0.346854547993277,-0.29572269533720963,-39.53139637802016,-63.70001399999998,9.600122857666555,-39.590034437220375,-63.70001591752033,0.0,1,1.9539925233402755e-14,0.0,-0.4735698034114906,-0.7350483513072019,86.69704771996237,63.70001399999999,9.60019225263764,86.6525334591609,62.45001576525732,0.0,1,-1.7763568394002505e-15,0.0,-0.4735698034114906,-0.7350483513072019,86.69704771996237,-63.70001399999998,9.60019225263764,86.6525334591609,-62.45001576525732,0.0,1,-1.7763568394002505e-15
5.908333333333333,5908333,raise_front,17.433470000127013,-8.716735000063506,0.0,70.7699589999619,0.9958367417676814,0.0,0.09115472420850265,0.0,-8.716735000063506,0.0,70.7699589999619,30.873299437156895,6.609744153400513,0,feet,0.0,-0.3437556946837441,-0.2944807081512253,-39.53441464898375,63.70001399999999,9.600140818937746,-39.59003443722043,63.70001591752033,0.0,1,-5.329070518200751e-15,0.0,-0.34375569468374456,-0.2944807389344475,-39.53441464898371,-63.70001399999998,9.600140818937803,-39.590034437220375,-63.70001591752033,0.0,1,5.1514348342607263e-14,0.0,-0.46843770954927466,-0.7313758496444995,86.5928320922959,63.70001399999999,9.600263179913263,86.61942721414434,62.45001577169819,0.0,1,-3.019806626980426e-14,0.0,-0.46843770954927466,-0.7313758496444995,86.5928320922959,-63.70001399999998,9.600263179913263,86.61942721414434,-62.45001577169819,0.0,1,-3.019806626980426e-14
5.916666666666667,5916667,raise_front,17.30097038053142,-8.65048519026571,0.0,70.80970888584058,0.9958997421922011,0.0,0.0904638242697451,0.0,-8.65048519026571,0.0,70.80970888584058,30.93954924695469,6.792311601019904,0,feet,0.0,-0.34057529752870774,-0.29320264928897055,-39.537486722747,63.70001399999999,9.60015812588427,-39.59003443722043,63.70001591752033,0.0,1,-5.329070518200751e-15,0.0,-0.34057529752870863,-0.29320267995361293,-39.53748672274694,-63.70001399999998,9.600158125884292,-39.590034437220375,-63.70001591752033,0.0,1,1.5987211554602254e-14,0.0,-0.46318708919213014,-0.7275912197749634,86.48600872738285,63.70001399999999,9.600299973427312,86.48692759454875,62.45001577169819,0.0,1,1.5987211554602254e-14,0.0,-0.46318708919213014,-0.7275912197749634,86.48600872738285,-63.70001399999998,9.600299973427312,86.48692759454875,-62.45001577169819,0.0,1,1.5987211554602254e-14
5.925,5925000,raise_front,17.165168672839506,-8.582584336419755,0.0,70.85044939814814,0.9959638152751153,0.0,0.08975566089465234,0.0,-8.582584336419755,0.0,70.85044939814814,31.007450100800646,6.9795567941993255,0,feet,0.0,-0.3373142175386974,-0.29188855869162555,-39.540609747449615,63.70001399999999,9.600174712176816,-39.59003443722043,63.70001591752033,0.0,1,-5.329070518200751e-15,0.0,-0.3373142175386983,-0.291888589234242,-39.540609747449565,-63.70001399999998,9.600174712176837,-39.590034437220375,-63.70001591752033,0.0,1,1.5987211554602254e-14,0.0,-0.4578209734542815,-0.7236938684678864,86.37662026002073,63.70001399999999,9.60026811437507,86.40307444606901,62.45001577512771,0.0,1,3.375077994860476e-14,0.0,-0.4578209734542815,-0.7236938684678864,86.37662026002073,-63.70001399999998,9.60026811437507,86.40307444606901,-62.45001577512771,0.0,1,3.375077994860476e-14
5.933333333333334,5933333,raise_front,17.02610829649952,-8.513054148249756,0.0,70.89216751105015,0.9960289040117367,0.0,0.08903045755907658,0.0,-8.513054148249756,0.0,70.89216751105015,31.076980288970645,7.17142893966259,0,feet,0.0,-0.3339733873414832,-0.2905385317164453,-39.54378077674269,63.70001399999999,9.600190513899783,-39.59003443722043,63.70001591752033,0.0,1,3.730349362740526e-14,0.0,-0.3339733873414845,-0.2905385621335892,-39.54378077674264,-63.70001399999998,9.60019051389974,-39.590034437220375,-63.70001591752033,0.0,1,-5.329070518200751e-15,0.0,-0.45234089586051196,-0.7196857056585517,86.2646875594933,63.70001399999999,9.60030453882878,86.26401406972901,62.45001577512771,0.0,1,-2.6645352591003757e-14,0.0,-0.45234089586051196,-0.7196857056585517,86.2646875594933,-63.70001399999998,9.60030453882878,86.26401406972901,-62.45001577512771,0.0,1,-2.6645352591003757e-14
5.941666666666666,5941667,raise_front,16.88383564306762,-8.441917821533814,0.0,70.93484930707972,0.9960949498007864,0.0,0.08828845327317031,0.0,-8.441917821533814,0.0,70.93484930707972,31.14811661568659,7.367873150883298,0,feet,0.0,-0.33055380959554004,-0.28915268817370965,-39.54699677599053,63.70001399999999,9.600205469884216,-39.59003443722043,63.70001591752033,0.0,1,3.730349362740526e-14,0.0,-0.3305538095955409,-0.28915271846193624,-39.54699677599051,-63.70001399999998,9.60020546988418,-39.590034437220375,-63.70001591752033,0.0,1,1.7763568394002505e-15,0.0,-0.4467512372821534,-0.7155647067822088,86.1502743954268,63.70001399999999,9.600262161053088,86.12174141629713,62.45001577512771,0.0,1,1.4210854715202004e-14,0.0,-0.4467512372821534,-0.7155647067822088,86.1502743954268,-63.70001399999998,9.600262161053088,86.12174141629713,-62.45001577512771,0.0,1,1.4210854715202004e-14
5.95,5950000,raise_front,16.7384,-8.3692,0.0,70.97848,0.996161892576616,0.0,0.08752990219447603,0.0,-8.3692,0.0,70.97848,31.220834437220404,7.56883052688525,0,feet,0.0,-0.3270565554119411,-0.2877311722846341,-39.550254628596235,63.70001399999999,9.600219522026805,-39.59003443722043,63.70001591752033,0.0,1,2.6645352591003757e-14,0.0,-0.32705655541194245,-0.28773120244050254,-39.550254628596164,-63.70001399999998,9.600219522026798,-39.590034437220375,-63.70001591752033,0.0,1,1.9539925233402755e-14,0.0,-0.4410540195339321,-0.7113325583539307,86.03340948595888,63.70001399999999,9.600250906689041,86.05565425537613,62.45001578028755,0.0,1,2.4868995751603507e-14,0.0,-0.4410540195339321,-0.7113325583539307,86.03340948595888,-63.70001399999998,9.600250906689041,86.05565425537613,-62.45001578028754,0.0,1,2.4868995751603507e-14
5.958333333333333,5958333,raise_front,16.58985347444495,-8.294926737222477,0.0,71.02304395766652,0.9962296709428828,0.0,0.08675507324090864,0.0,-8.294926737222477,0.0,71.02304395766652,31.295107699997928,7.774238230868399,0,feet,0.0,-0.32348276278420185,-0.28627415266066425,-39.553551142441044,63.70001399999999,9.600232615592212,-39.59003443722043,63.70001591752033,0.0,1,1.0658141036401503e-14,0.0,-0.3234827627842032,-0.28627418268074,-39.553551142441,-63.70001399999998,9.600232615592205,-39.590034437220375,-63.70001591752033,0.0,1,3.552713678800501e-15,0.0,-0.4352524222122529,-0.7069895267081416,85.91413980464081,63.70001399999999,9.600274102913602,85.90710772982108,62.45001578028755,0.0,1,5.329070518200751e-15,0.0,-0.4352524222122529,-0.7069895267081416,85.91413980464081,-63.70001399999998,9.600274102913602,85.90710772982108,-62.45001578028754,0.0,1,5.329070518200751e-15
5.966666666666667,5966667,raise_front,16.438250917035006,-8.219125458517503,0.0,71.0685247248895,0.9962982223074073,0.0,0.08596424970358393,0.0,-8.219125458517503,0.0,71.0685247248895,31.3709089787029,7.984029568747616,0,feet,0.0,-0.3198336350255371,-0.28478182230285576,-39.55688305642764,63.70001399999999,9.600244699497537,-39.59003443722043,63.70001591752033,0.0,1,4.085620730620576e-14,0.0,-0.3198336350255384,-0.2847818521837113,-39.55688305642759,-63.70001399999998,9.600244699497495,-39.590034437220375,-63.70001591752033,0.0,1,-1.7763568394002505e-15,0.0,-0.42935029062254326,-0.7025351408333891,85.79252191773796,63.70001399999999,9.600277420823673,85.81296495705026,62.450015783973974,0.0,1,3.907985046680551e-14,0.0,-0.42935029062254326,-0.7025351408333891,85.79252191773796,-63.70001399999998,9.600277420823673,85.81296495705026,-62.45001578397398,0.0,1,3.907985046680551e-14
5.975,5975000,raise_front,16.283649845679015,-8.141824922839504,0.0,71.1149050462963,0.9963674830179374,0.0,0.08515772885945341,0.0,-8.141824922839504,0.0,71.1149050462963,31.4482095143809,8.198134067688926,0,feet,0.0,-0.3161104392130132,-0.28325439862003776,-39.560247047115965,63.70001399999999,9.600255726576698,-39.59003443722043,63.70001591752033,0.0,1,-1.5987211554602254e-14,0.0,-0.31611043921301407,-0.2832544283582563,-39.560247047115894,-63.70001399999998,9.600255726576748,-39.590034437220375,-63.70001591752033,0.0,1,3.019806626980426e-14,0.0,-0.4233507338627809,-0.6979702508022183,85.66860241132694,63.70001399999999,9.600293727132737,85.65836388569426,62.450015783973974,0.0,1,-5.684341886080802e-14,0.0,-0.4233507338627809,-0.6979702508022183,85.66860241132694,-63.70001399999998,9.600293727132737,85.65836388569426,-62.45001578397398,0.0,1,-5.684341886080802e-14
5.983333333333333,5983333,raise_front,16.126110369354265,-8.06305518467713,0.0,71.16216688919373,0.9964373884985458,0.0,0.084335821583703,0.0,-8.06305518467713,0.0,71.16216688919373,31.52697925254327,8.416477554728516,0,feet,0.0,-0.3123145046380058,-0.281692123464405,-39.56363973544172,63.70001399999999,9.600265653824167,-39.59003443722043,63.70001591752033,0.0,1,-1.5987211554602254e-14,0.0,-0.31231450463800625,-0.2816921530565799,-39.5636397354417,-63.70001399999998,9.60026565382416,-39.590034437220375,-63.70001591752033,0.0,1,-2.3092638912203256e-14,0.0,-0.4172584174109,-0.693293706252526,85.54245020414301,63.70001399999999,9.600208943967985,85.50082440936951,62.450015783973974,0.0,1,5.5067062021407764e-14,0.0,-0.4172584174109,-0.693293706252526,85.54245020414301,-63.70001399999998,9.600208943967985,85.50082440936951,-62.45001578397398,0.0,1,5.5067062021407764e-14
5.991666666666666,5991667,raise_front,15.965695111898592,-7.982847555949296,0.0,71.21029146643042,0.9965078733863816,0.0,0.08349885196187615,0.0,-7.982847555949296,0.0,71.21029146643042,31.607186881271108,8.63898223555828,0,feet,0.0,-0.3084472212623819,-0.2800952631831439,-39.56705769350638,63.70001399999999,9.600274442615024,-39.59003443722043,63.70001591752033,0.0,1,3.552713678800501e-14,0.0,-0.3084472212623832,-0.2800952926258846,-39.567057693506335,-63.70001399999998,9.600274442615017,-39.590034437220375,-63.70001591752033,0.0,1,2.842170943040401e-14,0.0,-0.41107704533756007,-0.6885059601353802,85.41412053923342,63.70001399999999,9.600016203424438,85.34040915191385,62.450015783973974,0.0,1,-1.7763568394002505e-15,0.0,-0.41107704533756007,-0.6885059601353802,85.41412053923342,-63.70001399999998,9.600016203424438,85.34040915191385,-62.45001578397398,0.0,1,-1.7763568394002505e-15
6.0,6000000,raise_front,15.802469135802468,-7.901234567901235,0.0,71.25925925925925,0.996578871668504,0.0,0.08264715690168346,0.0,-7.901234567901235,0.0,71.25925925925925,31.68879986931917,8.865566773560303,0,feet,0.0,-0.30451003817980116,-0.27846410868466975,-39.570497451427016,63.70001399999999,9.600282058901414,-39.59003443722043,63.70001591752033,0.0,1,0.0,0.0,-0.30451003817980205,-0.27846413797460157,-39.57049745142695,-63.70001399999998,9.600282058901435,-39.590034437220375,-63.70001591752033,0.0,1,2.3092638912203256e-14,0.0,-0.40480747173287,-0.6836116536538777,85.28362957866106,63.70001399999999,9.599997365221256,85.28310859679617,61.92976356281596,0.0,1,-4.796163466380676e-14,0.0,-0.40480747173287,-0.6836116536538777,85.28362957866106,-63.70001399999998,9.599997365221256,85.28310859679617,-61.929763562815964,0.0,1,-4.796163466380676e-14
6.008333333333334,6008333,raise_front,15.636499866001117,-7.81824993300056,0.0,71.30905004019966,0.9966503168185203,0.0,0.08178108574446179,0.0,-7.81824993300056,0.0,71.30905004019966,31.771784504219845,9.096146369171379,0,feet,0.0,-0.3005044620814652,-0.27679897551802046,-39.57395550423556,63.70001399999999,9.600288473384154,-39.59003443722043,63.70001591752033,0.0,1,1.7763568394002505e-14,0.0,-0.30050446208146653,-0.27679900465178564,-39.5739555042355,-63.70001399999998,9.60028847338414,-39.590034437220375,-63.70001591752033,0.0,1,3.552713678800501e-15,0.0,-0.39845499755956215,-0.6786094052058345,85.1510572384442,63.70001399999999,9.600003175276456,85.14830779412208,61.934188613576,0.0,1,0.0,0.0,-0.39845499755956215,-0.6786094052058345,85.1510572384442,-63.70001399999998,9.600003175276456,85.14830779412208,-61.934188613576,0.0,1,0.0
6.016666666666667,6016667,raise_front,15.467857013666615,-7.733928506833308,0.0,71.35964289590001,0.9967221419327571,0.0,0.08090099987624814,0.0,-7.733928506833308,0.0,71.35964289590001,31.856105930387095,9.330632839656957,0,feet,0.0,-0.29643205572569187,-0.2751002039638868,-39.57742831881532,63.70001399999999,9.600293661657332,-39.59003443722043,63.70001591752033,0.0,1,4.796163466380676e-14,0.0,-0.29643205572569276,-0.27510023293814845,-39.57742831881528,-63.70001399999998,9.600293661657304,-39.590034437220375,-63.70001591752033,0.0,1,1.9539925233402755e-14,0.0,-0.3920239759169508,-0.6734993556982083,85.01646975423412,63.70001399999999,9.599985793378224,85.03467803273256,59.93302894898147,0.0,1,-1.7763568394002505e-14,0.0,-0.3920239759169508,-0.6734993556982083,85.01646975423412,-63.70001399999998,9.599985793378224,85.03467803273256,-59.93302894898147,0.0,1,-1.7763568394002505e-14
6.025,6025000,raise_front,15.296612500000002,-7.648306250000002,0.0,71.41101625,0.9967942798656919,0.0,0.08000727233843612,0.0,-7.648306250000002,0.0,71.41101625,31.941728187220402,9.568934699371468,0,feet,0.0,-0.2922944364106006,-0.27336815913575485,-39.580912340863684,63.70001399999999,9.600297604326464,-39.59003443722043,63.70001591752033,0.0,1,7.105427357601002e-15,0.0,-0.29229443641060193,-0.27336818794719875,-39.580912340863634,-63.70001399999998,9.600297604326428,-39.590034437220375,-63.70001591752033,0.0,1,-2.842170943040401e-14,0.0,-0.38551781892798465,-0.6682831538285132,84.87992127045128,63.70001399999999,9.599996873923565,84.88053295186555,59.933408512398515,0.0,1,4.973799150320701e-14,0.0,-0.38551781892798465,-0.6682831538285132,84.87992127045128,-63.70001399999998,9.599996873923565,84.88053295186555,-59.933408512398515,0.0,1,4.973799150320701e-14
6.033333333333333,6033333,raise_front,15.12284038002337,-7.561420190011685,0.0,71.46314788599298,0.9968666633643781,0.0,0.07910028743798336,0.0,-7.561420190011685,0.0,71.46314788599298,32.02861424720872,9.810957240580166,0,feet,0.0,-0.2880932744492144,-0.27160323108959394,-39.58440400186841,63.70001399999999,9.60030028709918,-39.59003443722043,63.70001591752033,0.0,1,3.197442310920451e-14,0.0,-0.28809327444921573,-0.2716032597349307,-39.58440400186835,-63.70001399999998,9.600300287099174,-39.590034437220375,-63.70001591752033,0.0,1,2.4868995751603507e-14,0.0,-0.37894090104586375,-0.6629612878753779,84.74147938816938,63.70001399999999,9.60000011664507,84.74031103197356,59.936424032615676,0.0,1,-4.796163466380676e-14,0.0,-0.37894090104586375,-0.6629612878753779,84.74147938816938,-63.70001399999998,9.60000011664507,84.74031103197356,-59.936424032615676,0.0,1,-4.796163466380676e-14
6.041666666666667,6041667,raise_front,14.946616766371996,-7.473308383185996,0.0,71.5160149700884,0.9969392252015984,0.0,0.07818044035714256,0.0,-7.473308383185996,0.0,71.5160149700884,32.11672605403441,10.056602614915036,0,feet,0.0,-0.2838302916462565,-0.26980583494044685,-39.58789972608673,63.70001399999999,9.600301700847055,-39.59003443722043,63.70001591752033,0.0,1,1.0658141036401503e-14,0.0,-0.2838302916462574,-0.26980586341641377,-39.587899726086675,-63.70001399999998,9.600301700847076,-39.590034437220375,-63.70001591752033,0.0,1,3.197442310920451e-14,0.0,-0.3722955055024091,-0.6575372552499323,84.60118455485988,63.70001399999999,9.600163889965543,84.6522238093469,62.45001580426541,0.0,1,4.618527782440651e-14,0.0,-0.37229550550240953,-0.6575372552499323,84.60118455485994,-63.70001399999998,9.600163889965515,84.6522238093469,-62.450015804265405,0.0,1,1.7763568394002505e-14
6.05,6050000,raise_front,14.76801975308642,-7.38400987654321,0.0,71.56959407407408,0.997011898307484,0.0,0.07724813676268907,0.0,-7.38400987654321,0.0,71.56959407407408,32.20602456067719,10.305769915534412,0,feet,0.0,-0.2795072597758792,-0.26797641098431546,-39.59139593751441,63.70001399999999,9.600301841639919,-39.59003443722043,63.70001591752033,0.0,1,-1.9539925233402755e-14,0.0,-0.27950725977588053,-0.2679764392876782,-39.59139593751435,-63.70001399999998,9.600301841639933,-39.590034437220375,-63.70001591752033,0.0,1,-5.329070518200751e-15,0.0,-0.3655878468359042,-0.6520094109486929,84.4591306122332,63.70001399999999,9.600288619637922,84.47362679606134,62.45001580426541,0.0,1,-5.684341886080802e-14,0.0,-0.36558784683590373,-0.6520094109486929,84.45913061223317,-63.70001399999998,9.600288619637922,84.47362679606134,-62.450015804265405,0.0,1,-5.684341886080802e-14
6.058333333333334,6058333,raise_front,14.587129339404562,-7.293564669702279,0.0,71.62386119817863,0.9970846158993459,0.0,0.07630379241462171,0.0,-7.293564669702279,0.0,71.62386119817863,32.296469767518126,10.558355260053773,0,feet,0.0,-0.2751259990595867,-0.2661154248236053,-39.59488906683258,63.70001399999999,9.600300710751142,-39.59003443722043,63.70001591752033,0.0,1,-3.730349362740526e-14,0.0,-0.27512599905958757,-0.2661154529511629,-39.594889066832515,-63.70001399999998,9.600300710751192,-39.590034437220375,-63.70001591752033,0.0,1,1.2434497875801753e-14,0.0,-0.3588231713014154,-0.646377590610089,84.3153976649954,63.70001399999999,9.600272818309179,84.29273638237947,62.45001580426541,0.0,1,-1.0658141036401503e-14,0.0,-0.3588231713014154,-0.646377590610089,84.3153976649954,-63.70001399999998,9.600272818309179,84.29273638237947,-62.450015804265405,0.0,1,-1.0658141036401503e-14
6.066666666666666,6066667,raise_front,14.404027353553829,-7.202013676776916,0.0,71.67879179393385,0.997157311609464,0.0,0.07534783277431605,0.0,-7.202013676776916,0.0,71.67879179393385,32.38802076044349,10.814251874311175,0,feet,0.0,-0.27068837664354684,-0.2642233674944481,-39.59837555832088,63.70001399999999,9.60029831463465,-39.59003443722043,63.70001591752033,0.0,1,-7.105427357601002e-15,0.0,-0.2706883766435473,-0.26422339544303153,-39.59837555832083,-63.70001399999998,9.60029831463467,-39.590034437220375,-63.70001591752033,0.0,1,1.2434497875801753e-14,0.0,-0.3520054430546127,-0.6406434766441937,84.17004881600411,63.70001399999999,9.600138321670912,84.22533690502006,62.450015810987374,0.0,1,5.1514348342607263e-14,0.0,-0.3520054430546127,-0.6406434766441937,84.17004881600411,-63.70001399999998,9.600138321670912,84.22533690502006,-62.45001581098737,0.0,1,5.1514348342607263e-14
6.075,6075000,raise_front,14.218797376543208,-7.109398688271606,0.0,71.73436078703703,0.9972299196105895,0.0,0.07438069261211036,0.0,-7.109398688271606,0.0,71.73436078703703,32.4806357489488,11.073350177028672,0,feet,0.0,-0.26619630507450687,-0.2623007555941008,-39.60185187672388,63.70001399999999,9.600294664873637,-39.59003443722043,63.70001591752033,0.0,1,-3.197442310920451e-14,0.0,-0.26619630507450776,-0.26230078336057705,-39.60185187672379,-63.70001399999998,9.600294664873715,-39.590034437220375,-63.70001591752033,0.0,1,4.618527782440651e-14,0.0,-0.3451346274113276,-0.6348142317281926,84.0230991323688,63.70001399999999,9.600282459536714,84.04010692800944,62.450015810987374,0.0,1,2.4868995751603507e-14,0.0,-0.3451346274113276,-0.6348142317281926,84.0230991323688,-63.70001399999998,9.600282459536714,84.04010692800944,-62.45001581098737,0.0,1,2.4868995751603507e-14
6.083333333333333,6083333,raise_front,14.031524665955391,-7.015762332977698,0.0,71.79054260021339,0.9973023747389212,0.0,0.07340281561430982,0.0,-7.015762332977698,0.0,71.79054260021339,32.5742721042427,11.335414334491432,0,feet,0.0,-0.2616517407735093,-0.2603481314066447,-39.605314514058726,63.70001399999999,9.600289778102024,-39.59003443722043,63.70001591752033,0.0,1,7.105427357601002e-15,0.0,-0.26165174077351017,-0.2603481589879193,-39.60531451405869,-63.70001399999998,9.600289778102017,-39.590034437220375,-63.70001591752033,0.0,1,0.0,0.0,-0.3382196588129682,-0.6288852541767866,83.87467807656151,63.70001399999999,9.600272673930576,83.85283421742162,62.450015810987374,0.0,1,-7.105427357601002e-15,0.0,-0.3382196588129682,-0.6288852541767866,83.87467807656151,-63.70001399999998,9.600272673930576,83.85283421742162,-62.45001581098737,0.0,1,-7.105427357601002e-15
6.091666666666667,6091667,raise_front,13.842296079738862,-6.921148039869429,0.0,71.84731117607834,0.9973746126143213,0.0,0.07241465398959371,0.0,-6.921148039869429,0.0,71.84731117607834,32.668886397350974,11.60042886157811,0,feet,0.0,-0.25705668250657254,-0.258366063025131,-39.60875999635151,63.70001399999999,9.600283675898027,-39.59003443722043,63.70001591752033,0.0,1,3.197442310920451e-14,0.0,-0.25705668250657343,-0.2583660904181513,-39.60875999635148,-63.70001399999998,9.60028367589802,-39.590034437220375,-63.70001591752033,0.0,1,2.4868995751603507e-14,0.0,-0.33126491619424847,-0.6228581111850984,83.72485641656917,63.70001399999999,9.600102130149004,83.66360563120507,62.450015810987374,0.0,1,-6.394884621840902e-14,0.0,-0.33126491619424847,-0.6228581111850984,83.72485641656917,-63.70001399999998,9.600102130149004,83.66360563120507,-62.45001581098737,0.0,1,-6.394884621840902e-14
6.1,6100000,raise_front,13.6512,-6.8256000000000006,0.0,71.90464,0.9974465697575442,0.0,0.07141666807481671,0.0,-6.8256000000000006,0.0,71.90464,32.7644344372204,11.86829889615926,0,feet,0.0,-0.2524131698515175,-0.25635514446830454,-39.61218489028988,63.70001399999999,9.600276384652041,-39.59003443722043,63.70001591752033,0.0,1,3.019806626980426e-14,0.0,-0.25241316985151885,-0.2563551716700605,-39.61218489028986,-63.70001399999998,9.600276384652012,-39.590034437220375,-63.70001591752033,0.0,1,1.7763568394002505e-15,0.0,-0.3242721444070851,-0.616737867087013,83.57367307985476,63.70001399999999,9.600001477700836,83.57131103128769,60.72766664966186,0.0,1,1.7763568394002505e-15,0.0,-0.3242721444070851,-0.616737867087013,83.57367307985476,-63.70001399999998,9.600001477700836,83.57131103128769,-60.72766664966187,0.0,1,1.7763568394002505e-15
6.108333333333333,6108333,raise_front,13.458326256795203,-6.729163128397602,0.0,71.96250212296144,0.9975181837042608,0.0,0.07040932594019488,0.0,-6.729163128397602,0.0,71.96250212296144,32.8608713088228,12.1389045656732,0,feet,0.0,-0.2477232816600905,-0.25431599578998787,-39.615585809779425,63.70001399999999,9.600267935408844,-39.59003443722043,63.70001591752033,0.0,1,3.019806626980426e-14,0.0,-0.24772328166009183,-0.25431602279751564,-39.61558580977939,-63.70001399999998,9.600267935408809,-39.590034437220375,-63.70001591752033,0.0,1,-5.329070518200751e-15,0.0,-0.3172452954000402,-0.6105268464008096,83.42119693762733,63.70001399999999,9.600001977328027,83.42632421664742,67.46348551523343,0.0,1,-7.105427357601002e-15,0.0,-0.3172452954000402,-0.6105268464008096,83.42119693762733,-63.70001399999998,9.600001977328027,83.42632421664742,-67.46348551523343,0.0,1,-7.105427357601002e-15
6.116666666666666,6116667,raise_front,13.263766051922978,-6.63188302596149,0.0,72.0208701844231,0.9975893931156655,0.0,0.069393102993872,0.0,-6.63188302596149,0.0,72.0208701844231,32.95815141125891,12.412123630179494,0,feet,0.0,-0.24298913451454318,-0.2522492631791762,-39.618959422391605,63.70001399999999,9.600258363685391,-39.59003443722043,63.70001591752033,0.0,1,1.0658141036401503e-14,0.0,-0.24298913451454407,-0.2522492899895612,-39.61895942239155,-63.70001399999998,9.600258363685413,-39.590034437220375,-63.70001591752033,0.0,1,3.197442310920451e-14,0.0,-0.31018979506238553,-0.6042255769991653,83.26751511050674,63.70001399999999,9.600002926468079,83.26588390571374,67.46660975416599,0.0,1,7.105427357601002e-14,0.0,-0.310189795062386,-0.6042255769991653,83.26751511050676,-63.70001399999998,9.600002926468079,83.26588390571376,-67.46660975416599,0.0,1,7.105427357601002e-14
6.125,6125000,raise_front,13.067611882716047,-6.533805941358025,0.0,72.07971643518519,0.9976601378854643,0.0,0.06836848158586294,0.0,-6.533805941358025,0.0,72.07971643518519,33.05622849586238,12.687831573418386,0,feet,0.0,-0.23821288117781503,-0.25015561904887385,-39.622302455690146,63.70001399999999,9.600247709265766,-39.59003443722043,63.70001591752033,0.0,1,1.4210854715202004e-14,0.0,-0.2382128811778168,-0.2501556456592491,-39.62230245569012,-63.70001399999998,9.600247709265709,-39.590034437220375,-63.70001591752033,0.0,1,-4.085620730620576e-14,0.0,-0.3031100270688283,-0.5978360185379046,83.11270220360257,63.70001399999999,9.599997011047662,83.11942790324468,66.65383891335583,0.0,1,5.1514348342607263e-14,0.0,-0.3031100270688283,-0.5978360185379046,83.11270220360257,-63.70001399999998,9.599997011047662,83.11942790324468,-66.65383891335583,0.0,1,5.1514348342607263e-14
6.133333333333334,6133333,raise_front,12.869957465833458,-6.434978732916729,0.0,72.13901276024997,0.9977303592430484,0.0,0.06733595061137475,0.0,-6.434978732916729,0.0,72.13901276024997,33.15505570430368,12.96590169509333,0,feet,0.0,-0.23339670903646992,-0.24803576211163225,-39.62561170342437,63.70001399999999,9.600236015974204,-39.59003443722043,63.70001591752033,0.0,1,2.842170943040401e-14,0.0,-0.23339670903647125,-0.2480357885191884,-39.625611703424326,-63.70001399999998,9.600236015974197,-39.590034437220375,-63.70001591752033,0.0,1,2.1316282072803006e-14,0.0,-0.2960108579462375,-0.5913596337572846,82.95683949735141,63.70001399999999,9.599935323846282,82.9217734863621,66.65383891335583,0.0,1,-2.1316282072803006e-14,0.0,-0.2960108579462375,-0.5913596337572846,82.95683949735141,-63.70001399999998,9.599935323846282,82.9217734863621,-66.65383891335583,0.0,1,-2.1316282072803006e-14
6.141666666666667,6141667,raise_front,12.670897661052685,-6.3354488305263414,0.0,72.1987307016842,0.9977999998526708,0.0,0.06629600511350751,0.0,-6.3354488305263414,0.0,72.1987307016842,33.254585606694064,13.24620520440822,0,feet,0.0,-0.22854283853553037,-0.24589041743977136,-39.628884031576234,63.70001399999999,9.600223331428126,-39.59003443722043,63.70001591752033,0.0,1,1.4210854715202004e-14,0.0,-0.22854283853553126,-0.24589044364175328,-39.62888403157622,-63.70001399999998,9.600223331428097,-39.590034437220375,-63.70001591752033,0.0,1,-1.4210854715202004e-14,0.0,-0.2888925381937568,-0.5848036876444689,82.79995458220502,63.70001399999999,9.600166182810383,82.85098322994001,62.45001583058992,0.0,1,-6.750155989720952e-14,0.0,-0.2888925381937568,-0.5848036876444689,82.79995458220502,-63.70001399999998,9.600166182810383,82.85098322994001,-62.45001583058992,0.0,1,-6.750155989720952e-14
6.15,6150000,raise_front,12.470528395061729,-6.235264197530864,0.0,72.25884148148148,0.9978690039084457,0.0,0.06524914588534074,0.0,-6.235264197530864,0.0,72.25884148148148,33.35477023968954,13.528611314887009,0,feet,0.0,-0.22365352160436824,-0.24372033650818592,-39.63211638424947,63.70001399999999,9.600209706772674,-39.59003443722043,63.70001591752033,0.0,1,-1.4210854715202004e-14,0.0,-0.22365352160436913,-0.24372036250189755,-39.6321163842494,-63.70001399999998,9.600209706772695,-39.590034437220375,-63.70001591752033,0.0,1,7.105427357601002e-15,0.0,-0.281763853851956,-0.5781649247196654,82.6421771927419,63.70001399999999,9.600298093359342,82.65061396394906,62.45001583058992,0.0,1,2.1316282072803006e-14,0.0,-0.281763853851956,-0.5781649247196654,82.6421771927419,-63.70001399999998,9.600298093359342,82.65061396394906,-62.45001583058992,0.0,1,2.1316282072803006e-14
6.158333333333333,6158333,raise_front,12.26894658525123,-6.134473292625616,0.0,72.31931602442464,0.9979373172250091,0.0,0.0641958790714127,0.0,-6.134473292625616,0.0,72.31931602442464,33.45556114459479,13.812987340499525,0,feet,0.0,-0.21873104007280375,-0.24152629721764596,-39.635305789388056,63.70001399999999,9.600195196398424,-39.59003443722043,63.70001591752033,0.0,1,8.881784197001252e-15,0.0,-0.21873104007280508,-0.24152632300045163,-39.635305789388006,-63.70001399999998,9.600195196398388,-39.590034437220375,-63.70001591752033,0.0,1,-2.6645352591003757e-14,0.0,-0.27462959279997445,-0.5714451312853117,82.48358862905692,63.70001399999999,9.600285160404688,82.46991636998845,62.45001583167165,0.0,1,7.105427357601002e-15,0.0,-0.27462959279997445,-0.5714451312853117,82.48358862905692,-63.70001399999998,9.600285160404688,82.46991636998845,-62.45001583167165,0.0,1,7.105427357601002e-15
6.166666666666667,6166667,raise_front,12.06625006350658,-6.03312503175329,0.0,72.38012498094803,0.9980048873236818,0.0,0.06313671576860316,0.0,-6.03312503175329,0.0,72.38012498094803,33.55690940546711,14.099198793113345,0,feet,0.0,-0.21377770407658359,-0.23930910389645277,-39.638449364312734,63.70001399999999,9.600179857643958,-39.59003443722043,63.70001591752033,0.0,1,-5.329070518200751e-15,0.0,-0.21377770407658447,-0.23930912946578298,-39.63844936431269,-63.70001399999998,9.600179857643987,-39.590034437220375,-63.70001591752033,0.0,1,2.3092638912203256e-14,0.0,-0.26749401634573555,-0.5646468226260191,82.32426497616532,63.70001399999999,9.600125412989975,82.2672198482438,62.45001583167165,0.0,1,6.039613253960852e-14,0.0,-0.26749401634573555,-0.5646468226260191,82.32426497616532,-63.70001399999998,9.600125412989975,82.2672198482438,-62.45001583167165,0.0,1,6.039613253960852e-14
6.175,6175000,raise_front,11.862537499999998,-5.931268750000001,0.0,72.44123875,0.9980716635139877,0.0,0.062072171626432145,0.0,-5.931268750000001,0.0,72.44123875,33.6587656872204,14.387109481287688,0,feet,0.0,-0.20879585045140425,-0.23706958727831662,-39.64154432106319,63.70001399999999,9.600163750485997,-39.59003443722043,63.70001591752033,0.0,1,3.197442310920451e-14,0.0,-0.2087958504514047,-0.23706961263166892,-39.641544321063165,-63.70001399999998,9.60016375048599,-39.590034437220375,-63.70001591752033,0.0,1,2.4868995751603507e-14,0.0,-0.2603593872719294,-0.5577749455656034,82.16426013266796,63.70001399999999,9.599979354685587,82.18662336371986,61.81332379076298,0.0,1,-2.842170943040401e-14,0.0,-0.2603593872719294,-0.5577749455656034,82.16426013266796,-63.70001399999998,9.599979354685587,82.18662336371986,-61.81332379076298,0.0,1,-2.842170943040401e-14
6.183333333333334,6183333,raise_front,11.657908326982675,-5.828954163491336,0.0,72.5026275019052,0.998137596970397,0.0,0.06100276644678929,0.0,-5.828954163491336,0.0,72.5026275019052,33.761080273729064,14.676581610421195,0,feet,0.0,-0.20378784111468917,-0.2348086044542681,-39.64458797153416,63.70001399999999,9.600146937217794,-39.59003443722043,63.70001591752033,0.0,1,1.7763568394002505e-15,0.0,-0.20378784111469006,-0.23480862958921023,-39.6445879715341,-63.70001399999998,9.600146937217815,-39.590034437220375,-63.70001591752033,0.0,1,2.4868995751603507e-14,0.0,-0.25322660435053157,-0.5508361565421653,82.00361657624067,63.70001399999999,9.600117478143268,82.06261087533512,62.450015841895706,0.0,1,3.552713678800501e-14,0.0,-0.25322660435053157,-0.5508361565421653,82.00361657624067,-63.70001399999998,9.600117478143268,82.06261087533512,-62.450015841895706,0.0,1,3.552713678800501e-14
6.191666666666666,6191667,raise_front,11.452462662576842,-5.726231331288423,0.0,72.56426120122694,0.9982026408041622,0.0,0.05992902378311128,0.0,-5.726231331288423,0.0,72.56426120122694,33.86380310593198,14.967475884261859,0,feet,0.0,-0.19875606143431046,-0.23252703879644132,-39.64757773239424,63.70001399999999,9.600129482119442,-39.59003443722043,63.70001591752033,0.0,1,5.329070518200751e-15,0.0,-0.1987560614343118,-0.2325270637106116,-39.647577732394204,-63.70001399999998,9.600129482119407,-39.590034437220375,-63.70001591752033,0.0,1,-3.019806626980426e-14,0.0,-0.24610276930423192,-0.543829664626704,81.84244665704392,63.70001399999999,9.600287458490449,81.8571652109293,62.450015841895706,0.0,1,3.375077994860476e-14,0.0,-0.24610276930423192,-0.543829664626704,81.84244665704392,-63.70001399999998,9.600287458490449,81.8571652109293,-62.450015841895706,0.0,1,3.375077994860476e-14
6.2,6200000,raise_front,11.246301234567898,-5.623150617283949,0.0,72.62610962962962,0.9982667501301414,0.0,0.058851470539026,0.0,-5.623150617283949,0.0,72.62610962962962,33.966883819936456,15.25965160778344,0,feet,0.0,-0.19370291858348754,-0.23022579985151292,-39.650511129776326,63.70001399999999,9.600111451120554,-39.59003443722043,63.70001591752033,0.0,1,1.2434497875801753e-14,0.0,-0.19370291858348798,-0.23022582454262697,-39.65051112977631,-63.70001399999998,9.600111451120554,-39.590034437220375,-63.70001591752033,0.0,1,1.2434497875801753e-14,0.0,-0.2389947973395521,-0.5367549665268552,81.68085867217548,63.70001399999999,9.600252319968718,81.65100378292036,62.450015841895706,0.0,1,1.9539925233402755e-14,0.0,-0.2389947973395521,-0.5367549665268552,81.68085867217548,-63.70001399999998,9.600252319968718,81.65100378292036,-62.450015841895706,0.0,1,1.9539925233402755e-14
6.208333333333333,6208333,raise_front,11.039525304196518,-5.519762652098258,0.0,72.68814240874104,0.9983298821284992,0.0,0.05777063656648526,0.0,-5.519762652098258,0.0,72.68814240874104,34.070271785122145,15.552966791428638,0,feet,0.0,-0.1886308398811103,-0.22790582320161512,-39.65338580372845,63.70001399999999,9.600092911458745,-39.59003443722043,63.70001591752033,0.0,1,3.019806626980426e-14,0.0,-0.18863083988111118,-0.2279058476674689,-39.65338580372842,-63.70001399999998,9.600092911458717,-39.590034437220375,-63.70001591752033,0.0,1,1.7763568394002505e-15,0.0,-0.23190675714356956,-0.5296150074901962,81.51892972871462,63.70001399999999,9.600008101620233,81.44422785254898,62.450015841895706,0.0,1,-3.552713678800501e-15,0.0,-0.23190675714356956,-0.5296150074901962,81.51892972871462,-63.70001399999998,9.600008101620233,81.44422785254898,-62.450015841895706,0.0,1,-3.552713678800501e-15
6.216666666666667,6216667,raise_front,10.832236589950718,-5.416118294975361,0.0,72.75032902301479,0.9983919961011994,0.0,0.056687054263407956,0.0,-5.416118294975361,0.0,72.75032902301479,34.17391614224504,15.847278256716244,0,feet,0.0,-0.1835422711167629,-0.22556807029052184,-39.65619951241433,63.70001399999999,9.600073931335295,-39.59003443722043,63.70001591752033,0.0,1,3.552713678800501e-14,0.0,-0.18354227111676424,-0.2255680945289904,-39.656199512414275,-63.70001399999998,9.600073931335288,-39.590034437220375,-63.70001591752033,0.0,1,2.842170943040401e-14,0.0,-0.22483703442783165,-0.522419385238611,81.35667782666422,63.70001399999999,9.600003841702446,81.35822434521747,66.80219251390629,0.0,1,-8.171241461241152e-14,0.0,-0.22483703442783165,-0.522419385238611,81.35667782666422,-63.70001399999998,9.600003841702446,81.35822434521747,-66.80219251390629,0.0,1,-8.171241461241152e-14
6.225,6225000,raise_front,10.624537191358026,-5.312268595679013,0.0,72.81263884259259,0.9984530535232077,0.0,0.05560125817085925,0.0,-5.312268595679013,0.0,72.81263884259259,34.27776584154139,16.142441743205154,0,feet,0.0,-0.1784396748597472,-0.22321352821288798,-39.65895013605377,63.70001399999999,9.60005457957049,-39.59003443722043,63.70001591752033,0.0,1,-1.4210854715202004e-14,0.0,-0.1784396748597481,-0.22321355222193295,-39.658950136053704,-63.70001399999998,9.60005457957051,-39.590034437220375,-63.70001591752033,0.0,1,7.105427357601002e-15,0.0,-0.21779243636570467,-0.5151678506250863,81.19421343799294,63.70001399999999,9.60000086286314,81.1965509573334,67.46632749529476,0.0,1,-1.0658141036401503e-14,0.0,-0.21779243636570467,-0.5151678506250863,81.19421343799294,-63.70001399999998,9.60000086286314,81.1965509573334,-67.46632749529476,0.0,1,-1.0658141036401503e-14
6.233333333333333,6233333,raise_front,10.416529512777524,-5.208264756388762,0.0,72.87504114616674,0.9985130180883364,0.0,0.054513784569791515,0.0,-5.208264756388762,0.0,72.87504114616674,34.38176968083164,16.438312016805227,0,feet,0.0,-0.17332552875143437,-0.22084320946439195,-39.66163568059255,63.70001399999999,9.600034925260744,-39.59003443722043,63.70001591752033,0.0,1,1.2434497875801753e-14,0.0,-0.17332552875143525,-0.22084323324206068,-39.6616356805925,-63.70001399999998,9.600034925260736,-39.590034437220375,-63.70001591752033,0.0,1,5.329070518200751e-15,0.0,-0.21077484212048603,-0.5078658853344984,81.03159472650255,63.70001399999999,9.60015088802755,81.08456179151683,62.45001585419338,0.0,1,3.019806626980426e-14,0.0,-0.21077484212048603,-0.5078658853344984,81.03159472650255,-63.70001399999998,9.60015088802755,81.08456179151683,-62.45001585419338,0.0,1,3.019806626980426e-14
6.241666666666666,6241667,raise_front,10.208316187191993,-5.104158093595997,0.0,72.9375051438424,0.9985718557496768,0.0,0.05342517107737448,0.0,-5.104158093595997,0.0,72.9375051438424,34.485876343624405,16.734742979420943,0,feet,0.0,-0.16820232378031585,-0.2184581516505708,-39.66425428109284,63.70001399999999,9.600015037438993,-39.59003443722043,63.70001591752033,0.0,1,5.1514348342607263e-14,0.0,-0.16820232378031674,-0.218458175195003,-39.66425428109278,-63.70001399999998,9.600015037439015,-39.590034437220375,-63.70001591752033,0.0,1,7.283063041541027e-14,0.0,-0.20378998994305775,-0.5005145476259858,80.8689217106791,63.70001399999999,9.600294132274207,80.8763484659313,62.45001585419338,0.0,1,1.9539925233402755e-14,0.0,-0.20378998994305775,-0.5005145476259858,80.8689217106791,-63.70001399999998,9.600294132274207,80.8763484659313,-62.45001585419338,0.0,1,1.9539925233402755e-14
6.25,6250000,raise_front,10.0,-5.0,0.0,73.0,0.9986295347545738,0.0,0.052335956242943835,0.0,-5.0,0.0,73.0,34.5900344372204,17.03158777991122,0,feet,0.0,-0.1630725625391558,-0.21605941715223587,-39.666804204834385,63.70001399999999,9.599994984741365,-39.59003443722043,63.70001591752033,0.0,1,3.019806626980426e-14,0.0,-0.1630725625391567,-0.21605944046166314,-39.666804204834314,-63.70001399999998,9.599994984741386,-39.590034437220375,-63.70001591752033,0.0,1,5.1514348342607263e-14,0.0,-0.19684353323031356,-0.49311498491106764,80.70629194167527,63.70001399999999,9.600272991229758,80.68249867067627,62.450015854839656,0.0,1,7.105427357601002e-15,0.0,-0.19684353323031356,-0.49311498491106764,80.70629194167527,-63.70001399999998,9.600272991229758,80.68249867067627,-62.45001585483965,0.0,1,7.105427357601002e-15
6.258333333333334,6258333,raise_front,9.791683812808007,-4.895841906404004,0.0,73.0624948561576,0.998686025674112,0.0,0.051246679143597935,0.0,-4.895841906404004,0.0,73.0624948561576,34.752791961376744,17.328698926344735,0,feet,0.0,-0.15793863436130318,-0.21364820915750382,-39.66928474465864,63.70001399999999,9.599981840032576,-39.64863386778078,60.014427080345826,0.0,1,5.329070518200751e-15,0.0,-0.1579386343613045,-0.21364823223026708,-39.66928474465858,-63.70001399999998,9.59998184003257,-39.64863386778072,-60.014427080345826,0.0,1,-3.552713678800501e-15,0.0,-0.18993955516458438,-0.48567016549945086,80.5437870605802,63.70001399999999,9.600050147198601,80.47418248348427,62.450015854839656,0.0,1,1.7763568394002505e-14,0.0,-0.18993955516458438,-0.48567016549945086,80.5437870605802,-63.70001399999998,9.600050147198601,80.47418248348427,-62.45001585483965,0.0,1,1.7763568394002505e-14
6.266666666666667,6266667,raise_front,9.583470487222476,-4.791735243611238,0.0,73.12495885383326,0.9987413014270915,0.0,0.05015787897947369,0.0,-4.791735243611238,0.0,73.12495885383326,34.85689862416951,17.625928399527773,0,feet,0.0,-0.15280304801231326,-0.21122564936532173,-39.671694524153736,63.70001399999999,9.599976353814576,-39.64863386778078,60.014427080345826,0.0,1,1.7763568394002505e-14,0.0,-0.15280304801231503,-0.21122567219986177,-39.67169452415368,-63.70001399999998,9.59997635381454,-39.64863386778072,-60.014427080345826,0.0,1,-1.7763568394002505e-14,0.0,-0.18307668038294844,-0.4781891705315888,80.38143498720457,63.70001399999999,9.600002829471144,80.38217111841321,61.49525244739142,0.0,1,3.552713678800501e-15,0.0,-0.18307668038294844,-0.4781891705315888,80.38143498720457,-63.70001399999998,9.600002829471144,80.38217111841321,-61.49525244739142,0.0,1,3.552713678800501e-15
6.275,6275000,raise_front,9.375462808641974,-4.687731404320987,0.0,73.18736115740741,0.9987953372984886,0.0,0.04907009466873343,0.0,-4.687731404320987,0.0,73.18736115740741,34.96090246345976,17.923127767778084,0,feet,0.0,-0.14766847332638955,-0.20879273670714982,-39.674031186053746,63.70001399999999,9.59997045640742,-39.64863386778078,60.014427080345826,0.0,1,-1.4210854715202004e-14,0.0,-0.14766847332639088,-0.20879275930199714,-39.674031186053696,-63.70001399999998,9.599970456407384,-39.64863386778072,-60.014427080345826,0.0,1,-4.973799150320701e-14,0.0,-0.17626032351891574,-0.47067341775070926,80.21933407034668,63.70001399999999,9.59997521976338,80.2394566583067,67.39936049763583,0.0,1,-1.5987211554602254e-14,0.0,-0.17626032351891574,-0.47067341775070926,80.21933407034668,-63.70001399999998,9.59997521976338,80.2394566583067,-67.39936049763583,0.0,1,-1.5987211554602254e-14
6.283333333333333,6283333,raise_front,9.167763410049279,-4.583881705024641,0.0,73.24967097698521,0.9988481109524028,0.0,0.04798386444229484,0.0,-4.583881705024641,0.0,73.24967097698521,35.06475216275611,18.220148302915966,0,feet,0.0,-0.1425374416024816,-0.20635062828939033,-39.67629355069835,63.70001399999999,9.59996420460056,-39.64863386778078,60.014427080345826,0.0,1,8.881784197001252e-15,0.0,-0.14253744160248294,-0.20635065064318248,-39.67629355069826,-63.70001399999998,9.599964204600582,-39.64863386778072,-60.014427080345826,0.0,1,3.019806626980426e-14,0.0,-0.16949334509752312,-0.46312718077217685,80.05755756291845,63.70001399999999,9.60000285798857,80.05279587269288,67.44340880783868,0.0,1,6.394884621840902e-14,0.0,-0.16949334509752312,-0.46312718077217685,80.05755756291845,-63.70001399999998,9.60000285798857,80.05279587269288,-67.44340880783868,0.0,1,6.394884621840902e-14
6.291666666666667,6291667,raise_front,8.960474695803484,-4.480237347901742,0.0,73.31185759125896,0.9988996024395087,0.0,0.046899725438337043,0.0,-4.480237347901742,0.0,73.31185759125896,35.168396519879,18.516841097440512,0,feet,0.0,-0.13741248672785122,-0.20390050361149692,-39.67848058166805,63.70001399999999,9.599957654143104,-39.64863386778078,60.014427080345826,0.0,1,-1.9539925233402755e-14,0.0,-0.13741248672785256,-0.20390052572297668,-39.678480581668005,-63.70001399999998,9.599957654143068,-39.64863386778072,-60.014427080345826,0.0,1,-5.5067062021407764e-14,0.0,-0.16277796585684134,-0.45555535972212,79.8961725040476,63.70001399999999,9.600159910040027,79.94857667786567,62.45001586773867,0.0,1,-3.552713678800501e-14,0.0,-0.16277796585684134,-0.45555535972212,79.8961725040476,-63.70001399999998,9.600159910040027,79.94857667786567,-62.45001586773867,0.0,1,-3.552713678800501e-14
6.3,6300000,raise_front,8.753698765432102,-4.37684938271605,0.0,73.37389037037038,0.9989497941990407,0.0,0.045818213296616055,0.0,-4.37684938271605,0.0,73.37389037037038,35.27178448506469,18.81305718285705,0,feet,0.0,-0.13229614331761885,-0.2014435639278389,-39.680591386992816,63.70001399999999,9.599950859490747,-39.64863386778078,60.014427080345826,0.0,1,1.5987211554602254e-14,0.0,-0.13229614331761974,-0.20144358579586408,-39.68059138699278,-63.70001399999998,9.599950859490718,-39.64863386778072,-60.014427080345826,0.0,1,-1.2434497875801753e-14,0.0,-0.15611926186631075,-0.44795972367078685,79.73527516467358,63.70001399999999,9.600300719901583,79.7418007474943,62.45001586773867,0.0,1,0.0,0.0,-0.15611926186631075,-0.44795972367078685,79.73527516467358,-63.70001399999998,9.600300719901583,79.7418007474943,-62.45001586773867,0.0,1,0.0
6.308333333333334,6308333,raise_front,8.547537337423154,-4.273768668711579,0.0,73.43573879877306,0.9989986710553505,0.0,0.04473986175262242,0.0,-4.273768668711579,0.0,73.43573879877306,35.37486519906916,19.108647649119064,0,feet,0.0,-0.1271909448334907,-0.19898103155233837,-39.68262522002384,63.70001399999999,9.599943873567398,-39.64863386778078,60.014427080345826,0.0,1,2.842170943040401e-14,0.0,-0.12719094483349247,-0.19898105317588,-39.682625220023766,-63.70001399999998,9.599943873567362,-39.64863386778072,-60.014427080345826,0.0,1,-7.105427357601002e-15,0.0,-0.1495229961387623,-0.4403412395618176,79.57496649804477,63.70001399999999,9.600222386424242,79.53563931948536,62.45001586773867,0.0,1,3.375077994860476e-14,0.0,-0.1495229961387623,-0.4403412395618176,79.57496649804477,-63.70001399999998,9.600222386424242,79.53563931948536,-62.45001586773867,0.0,1,3.375077994860476e-14
6.316666666666666,6316667,raise_front,8.342091673017327,-4.171045836508663,0.0,73.4973724980948,0.9990462202090913,0.0,0.04366520223161504,0.0,-4.171045836508663,0.0,73.4973724980948,35.477588031272084,19.40346376514583,0,feet,0.0,-0.12209942168144616,-0.19651414910419884,-39.684581479964116,63.70001399999999,9.599936747544184,-39.64863386778078,60.014427080345826,0.0,1,-5.329070518200751e-15,0.0,-0.12209942168144705,-0.19651417048234476,-39.68458147996409,-63.70001399999998,9.599936747544177,-39.64863386778072,-60.014427080345826,0.0,1,-1.2434497875801753e-14,0.0,-0.1429872084469257,-0.4327092505934593,79.41527496312524,63.70001399999999,9.600290098014163,79.4303982992216,62.4500158716601,0.0,1,-1.2434497875801753e-14,0.0,-0.1429872084469257,-0.4327092505934593,79.41527496312524,-63.70001399999998,9.600290098014163,79.4303982992216,-62.4500158716601,0.0,1,-1.2434497875801753e-14
6.325,6325000,raise_front,8.137462499999998,-4.068731250000001,0.0,73.55876125,0.9990924312230937,0.0,0.04259476344256362,0.0,-4.068731250000001,0.0,73.55876125,35.579902617780746,19.697357100374802,0,feet,0.0,-0.11702409928820812,-0.19404417869315083,-39.68645971205531,63.70001399999999,9.599929530635933,-39.64863386778078,60.014427080345826,0.0,1,-1.7763568394002505e-15,0.0,-0.11702409928820945,-0.194044199825111,-39.686459712055225,-63.70001399999998,9.599929530635954,-39.64863386778072,-60.014427080345826,0.0,1,1.7763568394002505e-14,0.0,-0.13651814596879452,-0.42506415888695015,79.25630820432791,63.70001399999999,9.600253436552165,79.22576912620427,62.4500158716601,0.0,1,3.197442310920451e-14,0.0,-0.13651814596879452,-0.42506415888695015,79.25630820432791,-63.70001399999998,9.600253436552165,79.22576912620427,-62.4500158716601,0.0,1,3.197442310920451e-14
6.333333333333333,6333333,raise_front,7.933749936493419,-3.9668749682467097,0.0,73.61987501905197,0.9991372960030067,0.0,0.04152907097203294,0.0,-3.9668749682467097,0.0,73.61987501905197,35.68175889953404,19.990179647306064,0,feet,0.0,-0.1119674961564292,-0.1915724010427402,-39.68825960741696,63.70001399999999,9.599922269916007,-39.64863386778078,60.014427080345826,0.0,1,1.7763568394002505e-15,0.0,-0.11196749615643098,-0.19157242192784496,-39.68825960741691,-63.70001399999998,9.599922269915979,-39.64863386778072,-60.014427080345826,0.0,1,-2.842170943040401e-14,0.0,-0.13011598319005335,-0.4174128412189022,79.09811641032498,63.70001399999999,9.600300985866966,79.09789206733838,62.450015874526294,0.0,1,-1.0658141036401503e-14,0.0,-0.13011598319005335,-0.4174128412189022,79.09811641032498,-63.70001399999998,9.600300985866966,79.09789206733838,-62.45001587452629,0.0,1,-1.0658141036401503e-14
6.341666666666667,6341667,raise_front,7.731053414748768,-3.8655267073743844,0.0,73.68068397557536,0.9991808087727968,0.0,0.040468646878041206,0.0,-3.8655267073743844,0.0,73.68068397557536,35.78310716040636,20.281783944994523,0,feet,0.0,-0.10693212189851797,-0.1891001145503166,-39.68998100253768,63.70001399999999,9.59991501015078,-39.64863386778078,60.014427080345826,0.0,1,-8.881784197001252e-15,0.0,-0.10693212189851975,-0.18910013518802415,-39.68998100253761,-63.70001399999998,9.59991501015078,-39.64863386778072,-60.014427080345826,0.0,1,-7.105427357601002e-15,0.0,-0.12378667646706676,-0.409755938364174,78.94080403988507,63.70001399999999,9.600192650921954,78.89519554559372,62.450015874526294,0.0,1,-4.263256414560601e-14,0.0,-0.12378667646706676,-0.409755938364174,78.94080403988507,-63.70001399999998,9.600192650921954,78.89519554559372,-62.45001587452629,0.0,1,-4.263256414560601e-14
6.35,6350000,raise_front,7.529471604938274,-3.7647358024691355,0.0,73.74115851851852,0.9992229660451999,0.0,0.03941400928392386,0.0,-3.7647358024691355,0.0,73.74115851851852,35.88389806531161,20.572023203443464,0,feet,0.0,-0.10192047524914605,-0.18662863428250054,-39.691623878416635,63.70001399999999,9.599907793653898,-39.64863386778078,60.014427080345826,0.0,1,1.7763568394002505e-14,0.0,-0.10192047524914738,-0.18662865467239786,-39.691623878416564,-63.70001399999998,9.599907793653884,-39.64863386778072,-60.014427080345826,0.0,1,3.552713678800501e-15,0.0,-0.11753317969932198,-0.402097197447838,78.78444580068756,63.70001399999999,9.599898898965478,78.82846008746746,66.24574647018272,0.0,1,-3.552713678800501e-15,0.0,-0.11753317969932198,-0.402097197447838,78.78444580068756,-63.70001399999998,9.599898898965478,78.82846008746746,-66.24574647018272,0.0,1,-3.552713678800501e-15
6.358333333333333,6358333,raise_front,7.329102338947317,-3.664551169473657,0.0,73.8012692983158,0.9992637665872405,0.0,0.03836567197223428,0.0,-3.664551169473657,0.0,73.8012692983158,35.98408269830709,20.860751428852275,0,feet,0.0,-0.09693504205651671,-0.1841592909050589,-39.69318835935564,63.70001399999999,9.5999006601606,-39.64863386778078,60.014427080345826,0.0,1,2.1316282072803006e-14,0.0,-0.09693504205651804,-0.184159311046864,-39.69318835935557,-63.70001399999998,9.599900660160628,-39.64863386778072,-60.014427080345826,0.0,1,5.1514348342607263e-14,0.0,-0.1113499193297054,-0.394449442789651,78.6290446216282,63.70001399999999,9.599999750940853,78.6280908214765,66.24574647018272,0.0,1,-1.2434497875801753e-14,0.0,-0.1113499193297054,-0.394449442789651,78.6290446216282,-63.70001399999998,9.599999750940853,78.6280908214765,-66.24574647018272,0.0,1,-1.2434497875801753e-14
6.366666666666666,6366667,raise_front,7.130042534166541,-3.56502126708327,0.0,73.86098723975005,0.9993032113809384,0.0,0.03732414397871083,0.0,-3.56502126708327,0.0,73.86098723975005,36.08361260069748,21.147823549669646,0,feet,0.0,-0.09197829325253615,-0.1816934295462569,-39.69467471140304,63.70001399999999,9.599893646722833,-39.64863386778078,60.014427080345826,0.0,1,-7.105427357601002e-15,0.0,-0.09197829325253748,-0.18169344943981836,-39.69467471140297,-63.70001399999998,9.599893646722833,-39.64863386778072,-60.014427080345826,0.0,1,-7.105427357601002e-15,0.0,-0.10524618617422865,-0.3868095820377073,78.47473442347268,63.70001399999999,9.599994108677322,78.48819676861417,65.4947660950395,0.0,1,4.440892098500626e-14,0.0,-0.10524618617422865,-0.3868095820377073,78.47473442347268,-63.70001399999998,9.599994108677322,78.48819676861417,-65.4947660950395,0.0,1,4.440892098500626e-14
6.375,6375000,raise_front,6.932388117283949,-3.4661940586419755,0.0,73.92028356481481,0.9993413035793379,0.0,0.036289929186339547,0.0,-3.4661940586419755,0.0,73.92028356481481,36.18243980913877,21.43309554340226,0,feet,0.0,-0.08705268280210099,-0.17923240859293665,-39.69608334045069,63.70001399999999,9.599886787624897,-39.64863386778078,60.014427080345826,0.0,1,3.730349362740526e-14,0.0,-0.08705268280210232,-0.1792324282382438,-39.69608334045065,-63.70001399999998,9.599886787624868,-39.64863386778072,-60.014427080345826,0.0,1,8.881784197001252e-15,0.0,-0.09922252903871565,-0.3791837364805821,78.32157149824178,63.70001399999999,9.60000357279273,78.31978858051507,67.44011674300748,0.0,1,1.2434497875801753e-14,0.0,-0.09922252903871565,-0.3791837364805821,78.32157149824178,-63.70001399999998,9.60000357279273,78.31978858051507,-67.44011674300748,0.0,1,1.2434497875801753e-14
6.383333333333334,6383333,raise_front,6.73623394807702,-3.3681169740385104,0.0,73.9791298155769,0.9993780484580007,0.0,0.0352635259195402,0.0,-3.3681169740385104,0.0,73.9791298155769,36.28051689374224,21.716424564128616,0,feet,0.0,-0.08216064563178138,-0.17677759841872875,-39.69741478998791,63.70001399999999,9.59988011431912,-39.64863386778078,60.014427080345826,0.0,1,3.552713678800501e-15,0.0,-0.08216064563178227,-0.17677761781590817,-39.69741478998784,-63.70001399999998,9.599880114319149,-39.64863386778072,-60.014427080345826,0.0,1,3.197442310920451e-14,0.0,-0.09328146669181203,-0.37157585913855185,78.16962946607238,63.70001399999999,9.600000914791906,78.16119659725416,67.25214372180568,0.0,1,-1.5987211554602254e-14,0.0,-0.09328146669181203,-0.37157585913855185,78.16962946607238,-63.70001399999998,9.600000914791906,78.16119659725416,-67.25214372180568,0.0,1,-1.5987211554602254e-14
6.391666666666667,6391667,raise_front,6.541673743204797,-3.2708368716023983,0.0,74.03749787703856,0.9994134533621188,0.0,0.03424542653850209,0.0,-3.2708368716023983,0.0,74.03749787703856,36.37779699617835,21.997669070666085,0,feet,0.0,-0.07730459553822921,-0.17433038004400236,-39.698669738515065,63.70001399999999,9.599873655382723,-39.64863386778078,60.014427080345826,0.0,1,2.1316282072803006e-14,0.0,-0.0773045955382301,-0.17433039919331783,-39.69866973851503,-63.70001399999998,9.599873655382709,-39.64863386778072,-60.014427080345826,0.0,1,7.105427357601002e-15,0.0,-0.08742482953773134,-0.3639905393855982,78.01897594638082,63.70001399999999,9.600000255170585,78.01599358476966,67.09890351956915,0.0,1,-2.4868995751603507e-14,0.0,-0.08742482953773134,-0.3639905393855982,78.01897594638082,-63.70001399999998,9.600000255170585,78.01599358476966,-67.09890351956915,0.0,1,-2.4868995751603507e-14
6.4,6400000,raise_front,6.348799999999999,-3.1744000000000003,0.0,74.09536,0.9994475276494121,0.0,0.03323611703369486,0.0,-3.1744000000000003,0.0,74.09536,36.47423386778075,22.276688955339566,0,feet,0.0,-0.07248692307672533,-0.17189214372731998,-39.69984899662308,63.70001399999999,9.599867436493511,-39.64863386778078,60.014427080345826,0.0,1,-1.0658141036401503e-14,0.0,-0.07248692307672622,-0.17189216262918317,-39.699848996623025,-63.70001399999998,9.59986743649354,-39.64863386778072,-60.014427080345826,0.0,1,1.9539925233402755e-14,0.0,-0.08165457899784156,-0.35643214587447236,77.86967976612125,63.70001399999999,9.599999285651137,77.87476686691174,66.4822615229347,0.0,1,5.329070518200751e-15,0.0,-0.08165457899784156,-0.35643214587447236,77.86967976612125,-63.70001399999998,9.599999285651137,77.87476686691174,-66.4822615229347,0.0,1,5.329070518200751e-15
6.408333333333333,6408333,raise_front,6.157703920261142,-3.078851960130569,0.0,74.15268882392166,0.9994802826289833,0.0,0.03223607662057776,0.0,-3.078851960130569,0.0,74.15268882392166,36.569781907650174,22.553345673298857,0,feet,0.0,-0.06770999343033113,-0.16946428748843134,-39.7009535037432,63.70001399999999,9.599861480425844,-39.64863386778078,60.014427080345826,0.0,1,5.329070518200751e-15,0.0,-0.06770999343033202,-0.16946430614339558,-39.70095350374314,-63.70001399999998,9.599861480425844,-39.64863386778072,-60.014427080345826,0.0,1,5.329070518200751e-15,0.0,-0.07597195993731676,-0.3489056943897042,77.72180368587514,63.70001399999999,9.600038076114885,77.74223235688818,63.700015888785835,0.0,1,1.7763568394002505e-14,0.0,-0.07597195993731676,-0.3489056943897042,77.72180368587514,-63.70001399999998,9.600038076114885,77.74223235688818,-63.70001588878583,0.0,1,1.7763568394002505e-14
6.416666666666667,6416667,raise_front,5.968475334044603,-2.9842376670223043,0.0,74.20945739978661,0.9995117314963147,0.0,0.031245777334529636,0.0,-2.9842376670223043,0.0,74.20945739978661,36.80954812498003,22.827502372332,0,feet,0.0,-0.06297605857551458,-0.16704829628829598,-39.701984924985005,63.70001399999999,9.599860752559351,-39.79378579200237,63.70001591568979,0.0,1,-5.329070518200751e-15,0.0,-0.06297605857551547,-0.16704831469707004,-39.70198492498495,-63.70001399999998,9.599860752559351,-39.79378579200231,-63.70001591568979,0.0,1,-7.105427357601002e-15,0.0,-0.07037990759437607,-0.3414143877228146,77.57542484196439,63.70001399999999,9.600033629577354,77.55300377067165,63.700015888785835,0.0,1,-2.842170943040401e-14,0.0,-0.07037990759437607,-0.3414143877228146,77.57542484196439,-63.70001399999998,9.600033629577354,77.55300377067165,-63.70001588878583,0.0,1,-2.842170943040401e-14
6.425,6425000,raise_front,5.781202623456789,-2.8906013117283957,0.0,74.26563921296297,0.9995418892646019,0.0,0.030265683626019616,0.0,-2.8906013117283957,0.0,74.26563921296297,36.90318448027394,23.099024023121686,0,feet,0.0,-0.058287346656434647,-0.16464565401305054,-39.7029450033281,63.70001399999999,9.599869885515531,-39.79378579200237,63.70001591568979,0.0,1,1.4210854715202004e-14,0.0,-0.058287346656435535,-0.1646456721764995,-39.702945003328054,-63.70001399999998,9.59986988551556,-39.79378579200231,-63.70001591568979,0.0,1,4.263256414560601e-14,0.0,-0.06488012207774485,-0.3339625586856192,77.43060844364082,63.70001399999999,9.599979780392673,77.45069015891039,65.87399660422699,0.0,1,1.9539925233402755e-14,0.0,-0.06488012207774485,-0.3339625586856192,77.43060844364082,-63.70001399999998,9.599979780392673,77.45069015891039,-65.87399660422699,0.0,1,1.9539925233402755e-14
6.433333333333334,6433333,raise_front,5.595972646446167,-2.7979863232230855,0.0,74.32120820606615,0.9995707726926235,0.0,0.029296251956037474,0.0,-2.7979863232230855,0.0,74.32120820606615,36.99579946877925,23.36777754989121,0,feet,0.0,-0.0536463181770479,-0.16225759867470302,-39.70383374752466,63.70001399999999,9.59987825430143,-39.79378579200237,63.70001591568979,0.0,1,2.6645352591003757e-14,0.0,-0.053646318177049235,-0.1622576165938252,-39.70383374752459,-63.70001399999998,9.59987825430143,-39.79378579200231,-63.70001591568979,0.0,1,2.4868995751603507e-14,0.0,-0.05947173552079166,-0.3265570751451148,77.28739936191414,63.70001399999999,9.600039223362003,77.35795718907684,63.700015894040135,0.0,1,2.4868995751603507e-14,0.0,-0.05947173552079166,-0.3265570751451148,77.28739936191414,-63.70001399999998,9.600039223362003,77.35795718907684,-63.700015894040135,0.0,1,2.4868995751603507e-14
6.441666666666666,6441667,raise_front,5.412870660595441,-2.706435330297719,0.0,74.37613880182137,0.9995984002093589,0.0,0.028337930391800287,0.0,-2.706435330297719,0.0,74.37613880182137,37.08735046170462,23.633631961387536,0,feet,0.0,-0.049055214745122644,-0.15988554361572538,-39.704652576898695,63.70001399999999,9.599885891909338,-39.79378579200237,63.70001591568979,0.0,1,0.0,0.0,-0.04905521474512353,-0.15988556129166742,-39.70465257689865,-63.70001399999998,9.599885891909338,-39.79378579200231,-63.70001591568979,0.0,1,0.0,0.0,-0.05415553357259206,-0.31920303501697855,77.14585710378087,63.70001399999999,9.600254715750538,77.1748552032261,63.700015894040135,0.0,1,-2.842170943040401e-14,0.0,-0.05415553357259206,-0.31920303501697855,77.14585710378087,-63.70001399999998,9.600254715750538,77.1748552032261,-63.700015894040135,0.0,1,-2.842170943040401e-14
6.45,6450000,raise_front,5.231980246913579,-2.6159901234567897,0.0,74.43040592592592,0.9996247918355726,0.0,0.027391158202750173,0.0,-2.6159901234567897,0.0,74.43040592592592,37.17779566854555,23.896458482148155,0,feet,0.0,-0.044516241646304966,-0.15753090156637173,-39.70540301889868,63.70001399999999,9.599892830294152,-39.79378579200237,63.70001591568979,0.0,1,-5.329070518200751e-15,0.0,-0.04451624164630674,-0.15753091900043525,-39.70540301889861,-63.70001399999998,9.599892830294124,-39.79378579200231,-63.70001591568979,0.0,1,-3.375077994860476e-14,0.0,-0.04893779752263816,-0.3118998500965495,77.00608366681772,63.70001399999999,9.600290861733129,76.99396478954424,63.700015894040135,0.0,1,2.842170943040401e-14,0.0,-0.04893779752263816,-0.3118998500965495,77.00608366681772,-63.70001399999998,9.600290861733129,76.99396478954424,-63.700015894040135,0.0,1,2.842170943040401e-14
6.458333333333333,6458333,raise_front,5.053383233628008,-2.526691616814002,0.0,74.4839850299116,0.9996499691025921,0.0,0.0264563654568565,0.0,-2.526691616814002,0.0,74.4839850299116,37.26709417518833,24.1561306839996,0,feet,0.0,-0.04003156561148424,-0.15519508276776062,-39.70608670404316,63.70001399999999,9.599899100390914,-39.79378579200237,63.70001591568979,0.0,1,2.4868995751603507e-14,0.0,-0.040031565611485576,-0.15519509996139913,-39.70608670404309,-63.70001399999998,9.599899100390942,-39.79378579200231,-63.70001591568979,0.0,1,5.3290705182007514e-14,0.0,-0.043817572036382924,-0.30465411112620844,76.86812115869799,63.70001399999999,9.60029424274343,76.87286934811165,63.70001589562644,0.0,1,-2.1316282072803006e-14,0.0,-0.043817572036382924,-0.30465411112620844,76.86812115869799,-63.70001399999998,9.60029424274343,76.87286934811165,-63.70001589562645,0.0,1,-2.1316282072803006e-14
6.466666666666667,6466667,raise_front,4.87715961997663,-2.4385798099883145,0.0,74.536852114007,0.9996739549685099,0.0,0.025533972617233253,0.0,-2.4385798099883145,0.0,74.536852114007,37.35520598201403,24.412524617735414,0,feet,0.0,-0.03560331256978655,-0.15287949303276793,-39.70670536060754,63.70001399999999,9.599904732140956,-39.79378579200237,63.70001591568979,0.0,1,-2.1316282072803006e-14,0.0,-0.03560331256978788,-0.15287950998758948,-39.706705360607465,-63.70001399999998,9.599904732140985,-39.79378579200231,-63.70001591568979,0.0,1,5.329070518200751e-15,0.0,-0.03879555379209121,-0.29747064150302327,76.73202543189264,63.70001399999999,9.600293623290213,76.74396874706962,63.700015896894804,0.0,1,6.927791673660977e-14,0.0,-0.03879555379209121,-0.29747064150302327,76.73202543189264,-63.70001399999998,9.600293623290213,76.74396874706959,-63.7000158968948,0.0,1,6.927791673660977e-14
6.475,6475000,raise_front,4.703387499999996,-2.3516937499999995,0.0,74.58898375,0.9996967737320543,0.0,0.024624390139080982,0.0,-2.3516937499999995,0.0,74.58898375,37.442092042002336,24.665518944922155,0,feet,0.0,-0.031233565388148143,-0.15058553174665645,-39.7072608090656,63.70001399999999,9.599909754525953,-39.79378579200237,63.70001591568979,0.0,1,5.329070518200751e-15,0.0,-0.031233565388149476,-0.1505855484644223,-39.707260809065545,-63.70001399999998,9.599909754525925,-39.79378579200231,-63.70001591568979,0.0,1,-2.3092638912203256e-14,0.0,-0.03387305953560826,-0.2903535177372367,76.59785655476375,63.70001399999999,9.600269749917658,76.6221413743512,63.70001589824611,0.0,1,1.5987211554602254e-14,0.0,-0.03387305953560649,-0.2903535177372367,76.5978565547637,-63.70001399999998,9.6002697499177,76.62214137435112,-63.70001589824611,0.0,1,5.861977570020827e-14
6.483333333333333,6483333,raise_front,4.532142986333383,-2.266071493166692,0.0,74.64035710409999,0.9997184509443716,0.0,0.02372801806696036,0.0,-2.266071493166692,0.0,74.64035710409999,37.52771429883565,24.91499506978259,0,feet,0.0,-0.02692436159844247,-0.14831458980956702,-39.707754956301585,63.70001399999999,9.599914195607312,-39.79378579200237,63.70001591568979,0.0,1,-2.4868995751603507e-14,0.0,-0.026924361598443358,-0.14831460629219606,-39.707754956301514,-63.70001399999998,9.599914195607326,-39.79378579200231,-63.70001591568979,0.0,1,-1.2434497875801753e-14,0.0,-0.0290500235508806,-0.2833080812829434,76.46566351109401,63.70001399999999,9.60028910865094,76.4508968606846,63.70001589824611,0.0,1,1.7763568394002505e-15,0.0,-0.029050023550879267,-0.28330808128294294,76.46566351109395,-63.70001399999998,9.60028910865097,76.45089686068451,-63.70001589824611,0.0,1,3.019806626980426e-14
6.491666666666666,6491667,raise_front,4.363500133998879,-2.181750066999441,0.0,74.69094995980034,0.9997390133189737,0.0,0.02284524563240251,0.0,-2.181750066999441,0.0,74.69094995980034,37.6120357250029,25.16083727110599,0,feet,0.0,-0.022677691113194065,-0.1460680475233449,-39.708189789607935,63.70001399999999,9.599918082571818,-39.79378579200237,63.70001591568979,0.0,1,3.375077994860476e-14,0.0,-0.02267769111319451,-0.1460680637729066,-39.70818978960792,-63.70001399999998,9.599918082571818,-39.79378579200231,-63.70001591568979,0.0,1,3.375077994860476e-14,0.0,-0.024328899234747237,-0.27633700918457604,76.3355132315589,63.70001399999999,9.600244572931146,76.36071049421102,63.70001590020452,0.0,1,-4.618527782440651e-14,0.0,-0.024328899234745016,-0.27633700918457604,76.33551323155885,-63.70001399999998,9.600244572931217,76.36071049421095,-63.70001590020452,0.0,1,2.4868995751603507e-14
6.5,6500000,raise_front,4.19753086419753,-2.0987654320987654,0.0,74.74074074074075,0.9997584886401094,0.0,0.021976450851859453,0.0,-2.0987654320987654,0.0,74.74074074074075,37.69502035990357,25.4029328341363,0,feet,0.0,-0.018495493930950957,-0.1438472724253339,-39.70856737048669,63.70001399999999,9.599921441780083,-39.79378579200237,63.70001591568979,0.0,1,-3.552713678800501e-15,0.0,-0.0184954939309514,-0.14384728844405625,-39.708567370486655,-63.70001399999998,9.599921441780111,-39.79378579200231,-63.70001591568979,0.0,1,2.4868995751603507e-14,0.0,-0.01970841512785615,-0.26944657044157916,76.20744393786482,63.70001399999999,9.60026923597512,76.19474122440967,63.70001590020452,0.0,1,-3.019806626980426e-14,0.0,-0.019708415127854373,-0.26944657044157916,76.20744393786477,-63.70001399999998,9.600269235975162,76.1947412244096,-63.70001590020452,0.0,1,1.2434497875801753e-14
6.508333333333334,6508333,raise_front,4.034304888101408,-2.017152444050704,0.0,74.78970853356958,0.9997769056698198,0.0,0.02112200012499594,0.0,-2.017152444050704,0.0,74.78970853356958,37.77663334795164,25.64117218238968,0,feet,0.0,-0.014379657832427117,-0.14165361707214652,-39.70888982827081,63.70001399999999,9.599924298819076,-39.79378579200237,63.70001591568979,0.0,1,8.881784197001252e-15,0.0,-0.01437965783242845,-0.14165363286240895,-39.708889828270756,-63.70001399999998,9.599924298819076,-39.79378579200231,-63.70001591568979,0.0,1,8.881784197001252e-15,0.0,-0.015190203439118477,-0.2626399938951991,76.08151467217478,63.70001399999999,9.600298558548104,76.08986886306471,63.70001590160536,0.0,1,-5.329070518200751e-15,0.0,-0.015190203439115368,-0.26263999389519777,76.0815146721746,-63.70001399999998,9.60029855854809,76.08986886306458,-63.700015901605354,0.0,1,-1.9539925233402755e-14
6.516666666666667,6516667,raise_front,3.873889630645737,-1.9369448153228674,0.0,74.83783311080629,0.9997942940539457,0.0,0.020282247833321953,0.0,-1.9369448153228674,0.0,74.83783311080629,37.85684097667947,25.875449009354305,0,feet,0.0,-0.010332016068567818,-0.13948841677656,-39.70915935358578,63.70001399999999,9.599926678555207,-39.79378579200237,63.70001591568979,0.0,1,2.1316282072803006e-14,0.0,-0.01033201606856915,-0.13948843234089692,-39.709159353585726,-63.70001399999998,9.599926678555207,-39.79378579200231,-63.70001591568979,0.0,1,2.3092638912203256e-14,0.0,-0.010775956971532885,-0.2559203373204939,75.95778418331076,63.70001399999999,9.600260391475459,75.92945360560904,63.70001590160536,0.0,1,-4.618527782440651e-14,0.0,-0.010775956971530665,-0.2559203373204917,75.95778418331068,-63.70001399999998,9.600260391475473,75.92945360560891,-63.700015901605354,0.0,1,-3.197442310920451e-14
6.525,6525000,raise_front,3.716350154320991,-1.8581750771604935,0.0,74.8850949537037,0.9998106842273572,0.0,0.019457535939163675,0.0,-1.8581750771604935,0.0,74.8850949537037,37.93561071484184,26.10566041002572,0,feet,0.0,-0.00635434504171295,-0.13735298730103462,-39.70937819166947,63.70001399999999,9.599928605188708,-39.79378579200237,63.70001591568979,0.0,1,-1.4210854715202004e-14,0.0,-0.006354345041713838,-0.1373530026421328,-39.7093781916694,-63.70001399999998,9.599928605188722,-39.79378579200231,-63.70001591568979,0.0,1,-1.7763568394002505e-15,0.0,-0.00646723096215851,-0.2492906361899525,75.83630832583637,63.70001399999999,9.600086228426122,75.7719141292843,63.70001590160536,0.0,1,8.881784197001252e-15,0.0,-0.006467230962156734,-0.24929063618995162,75.83630832583628,-63.70001399999998,9.600086228426079,75.77191412928417,-63.700015901605354,0.0,1,-3.552713678800501e-14
6.533333333333333,6533333,raise_front,3.5617490829649956,-1.7808745414824978,0.0,74.9314752751105,0.9998261073186765,0.0,0.018648193584968446,0.0,-1.7808745414824978,0.0,74.9314752751105,38.01291125051984,26.331707012233075,0,feet,0.0,-0.0024483619810831136,-0.13524862251155012,-39.709548635570755,63.70001399999999,9.599930102307582,-39.79378579200237,63.70001591568979,0.0,1,1.5987211554602254e-14,0.0,-0.002448361981084002,-0.13524863763224548,-39.7095486355707,-63.70001399999998,9.599930102307582,-39.79378579200231,-63.70001591568979,0.0,1,1.5987211554602254e-14,0.0,-0.0022609832164808275,-0.24275824264715773,75.71710700780221,63.70001399999999,9.59999671583067,75.7232445285955,65.47026813174442,0.0,1,3.375077994860476e-14,0.0,-0.002260983216479051,-0.2427582426471564,75.7171070078021,-63.70001399999998,9.599996715830613,75.7232445285954,-65.47026813174442,0.0,1,-2.3092638912203256e-14
6.541666666666667,6541667,raise_front,3.4101465255550467,-1.7050732627775242,0.0,74.97695604233348,0.999840595054772,0.0,0.01785453669293781,0.0,-1.7050732627775242,0.0,74.97695604233348,38.088712529224814,26.553493107711546,0,feet,0.0,0.0013842773861876267,-0.1331765919956931,-39.70967301924792,63.70001399999999,9.599931192939607,-39.79378579200237,63.70001591568979,0.0,1,3.552713678800501e-14,0.0,0.0013842773861867386,-0.13317660689897304,-39.709673019247894,-63.70001399999998,9.599931192939579,-39.79378579200231,-63.70001591568979,0.0,1,7.105427357601002e-15,0.0,0.0018426023519424461,-0.2363272389983586,75.60022478029866,63.70001399999999,9.600000242658098,75.59227656726723,65.46633517931168,0.0,1,-1.9539925233402755e-14,0.0,0.0018426023519437784,-0.23632723899835772,75.60022478029857,-63.70001399999998,9.600000242658098,75.59227656726718,-65.46633517931168,0.0,1,-2.1316282072803006e-14
6.55,6550000,raise_front,3.2616000000000023,-1.6308000000000002,0.0,75.02152,0.999854179665299,0.0,0.017076867564981082,0.0,-1.6308000000000002,0.0,75.02152,38.16298579200234,26.770926782878668,0,feet,0.0,0.00514198116720177,-0.13113813864919743,-39.7097537105877,63.70001399999999,9.59993189960258,-39.79378579200237,63.70001591568979,0.0,1,-3.019806626980426e-14,0.0,0.005141981167200438,-0.13113815333819678,-39.70975371058763,-63.70001399999998,9.599931899602609,-39.79378579200231,-63.70001591568979,0.0,1,-1.7763568394002505e-15,0.0,0.005841327449736422,-0.22999956267012234,75.48571886234743,63.70001399999999,9.599970832206864,75.50927403272608,67.46700275270982,0.0,1,1.7763568394002505e-15,0.0,0.005841327449737754,-0.229999562670121,75.48571886234731,-63.70001399999998,9.599970832206807,75.50927403272601,-67.46700275270982,0.0,1,-5.684341886080802e-14
6.558333333333334,6558333,raise_front,3.1161643569323716,-1.5580821784661891,0.0,75.06515069292028,0.9998668937875658,0.0,0.0163154744829801,0.0,-1.5580821784661891,0.0,75.06515069292028,38.23570361353615,26.983920049272797,0,feet,0.0,0.008823223637367317,-0.1291344762353086,-39.70979310436683,63.70001399999999,9.59993224435145,-39.79378579200237,63.70001591568979,0.0,1,1.2434497875801753e-14,0.0,0.008823223637366429,-0.12913449071330385,-39.70979310436679,-63.70001399999998,9.59993224435145,-39.79378579200231,-63.70001591568979,0.0,1,1.4210854715202004e-14,0.0,0.009736389060091888,-0.22378029846492486,75.37362035523674,63.70001399999999,9.599994746791438,75.36383838965845,67.46700275270982,0.0,1,-1.4210854715202004e-14,0.0,0.009736389060093664,-0.22378029846492442,75.37362035523668,-63.70001399999998,9.599994746791452,75.36383838965838,-67.46700275270982,0.0,1,-1.7763568394002505e-15
6.566666666666666,6566667,raise_front,2.9738917035004886,-1.486945851750241,0.0,75.10783248894985,0.9998787703720027,0.0,0.015570631309354467,0.0,-1.486945851750241,0.0,75.10783248894985,38.3068399402521,27.19238897361327,0,feet,0.0,0.012426547575083102,-0.12716678692157668,-39.70979361517901,63.70001399999999,9.599932248820707,-39.79378579200237,63.70001591568979,0.0,1,3.552713678800501e-14,0.0,0.012426547575082214,-0.12716680119199086,-39.70979361517899,-63.70001399999998,9.599932248820679,-39.79378579200231,-63.70001591568979,0.0,1,7.105427357601002e-15,0.0,0.013526647227426913,-0.2176720765870801,75.26397563096108,63.70001399999999,9.600004177656459,75.26379587745568,65.99266422206816,0.0,1,1.7763568394002505e-15,0.0,0.013526647227427357,-0.2176720765870801,75.26397563096108,-63.70001399999998,9.600004177656459,75.26379587745562,-65.99266422206816,0.0,1,1.7763568394002505e-15
6.575,6575000,raise_front,2.8348313271604897,-1.4174156635802468,0.0,75.14955060185186,0.9998898425885152,0.0,0.014842597087915271,0.0,-1.4174156635802468,0.0,75.14955060185186,38.376370128422096,27.3962538074437,0,feet,0.0,0.015950566595752225,-0.12523621879887648,-39.70975767034916,63.70001399999999,9.599931934263182,-39.79378579200237,63.70001591568979,0.0,1,-1.7763568394002505e-15,0.0,0.015950566595750892,-0.12523623286527208,-39.70975767034909,-63.70001399999998,9.59993193426321,-39.79378579200231,-63.70001591568979,0.0,1,2.4868995751603507e-14,0.0,0.017213606557138217,-0.21167989974868595,75.156810207287,63.70001399999999,9.600093386012048,75.21922497451716,63.700015908487444,0.0,1,-1.5987211554602254e-14,0.0,0.017213606557139993,-0.21167989974868462,75.15681020728694,-63.70001399999998,9.600093386012091,75.21922497451706,-63.700015908487444,0.0,1,2.6645352591003757e-14
6.583333333333333,6583333,raise_front,2.6990296194685803,-1.3495148097342886,0.0,75.19029111415942,0.9999001437339942,0.0,0.014131615644993751,0.0,-1.3495148097342886,0.0,75.19029111415942,38.44427098226805,27.595439116320463,0,feet,0.0,0.019393967483819274,-0.12334388338761304,-39.709687702858346,63.70001399999999,9.599931321583313,-39.79378579200237,63.70001591568979,0.0,1,-3.552713678800501e-14,0.0,0.019393967483817942,-0.12334389725368622,-39.70968770285829,-63.70001399999998,9.599931321583313,-39.79378579200231,-63.70001591568979,0.0,1,-3.375077994860476e-14,0.0,0.020797069074866226,-0.20580697012593996,75.05216119182911,63.70001399999999,9.600245377384297,75.08342326682525,63.700015908487444,0.0,1,3.375077994860476e-14,0.0,0.020797069074867558,-0.20580697012593818,75.05216119182903,-63.70001399999998,9.60024537738424,75.08342326682515,-63.700015908487444,0.0,1,-2.3092638912203256e-14
6.591666666666667,6591667,raise_front,2.5665299998729885,-1.2832649999364931,0.0,75.2300410000381,0.9999097071412618,0.0,0.013437915190830508,0.0,-1.2832649999364931,0.0,75.2300410000381,38.51052079206585,27.78987390851067,0,feet,0.0,0.022755512521531962,-0.12149085313621955,-39.709586144302946,63.70001399999999,9.599930431364697,-39.79378579200237,63.70001591568979,0.0,1,1.7763568394002505e-15,0.0,0.02275551252153063,-0.12149086680580234,-39.70958614430286,-63.70001399999998,9.599930431364697,-39.79378579200231,-63.70001591568979,0.0,1,1.7763568394002505e-15,0.0,0.02427456121200855,-0.20005410055076966,74.9500795914902,63.70001399999999,9.600296240788225,74.95092364722966,63.700015908487444,0.0,1,8.526512829121202e-14,0.0,0.02427456121201077,-0.200054100550767,74.95007959149002,-63.70001399999998,9.600296240788111,74.95092364722956,-63.700015908487444,0.0,1,-2.842170943040401e-14
6.6,6600000,raise_front,2.437372839506178,-1.2186864197530864,0.0,75.26878814814815,0.999918566089726,0.0,0.012761707921209614,0.0,-1.2186864197530864,0.0,75.26878814814815,38.575099372249255,27.979491763164283,0,feet,0.0,0.026034041813121966,-0.11967815891721978,-39.709455417910576,63.70001399999999,9.599929283891626,-39.79378579200237,63.70001591568979,0.0,1,-1.2434497875801753e-14,0.0,0.026034041813121078,-0.11967817239427081,-39.709455417910526,-63.70001399999998,9.599929283891626,-39.79378579200231,-63.70001591568979,0.0,1,-1.2434497875801753e-14,0.0,0.027646404533283597,-0.19442459005154422,74.85059415190901,63.70001399999999,9.60025299609596,74.82176648686284,63.700015908487444,0.0,1,2.6645352591003757e-14,0.0,0.027646404533285374,-0.19442459005154378,74.85059415190895,-63.70001399999998,9.600252996096003,74.82176648686274,-63.700015908487444,0.0,1,6.927791673660977e-14
6.608333333333333,6608333,raise_front,2.311595384976879,-1.1557976924884423,0.0,75.30652138450694,0.9999267537180104,0.0,0.012103189619321025,0.0,-1.1557976924884423,0.0,75.30652138450694,38.6379880995139,28.16423095792772,0,feet,0.0,0.02922847560313535,-0.11790678752620831,-39.70929793163719,63.70001399999999,9.599927899164982,-39.79378579200237,63.70001591568979,0.0,1,3.197442310920451e-14,0.0,0.02922847560313402,-0.11790680081481186,-39.70929793163713,-63.70001399999998,9.599927899164982,-39.79378579200231,-63.70001591568979,0.0,1,3.019806626980426e-14,0.0,0.03091299158054861,-0.18892160354398602,74.75373133387409,63.70001399999999,9.600122626817551,74.69598903233356,63.700015908487444,0.0,1,3.019806626980426e-14,0.0,0.030912991580550386,-0.18892160354398424,74.75373133387397,-63.70001399999998,9.600122626817523,74.69598903233346,-63.700015908487444,0.0,1,1.7763568394002505e-15
6.616666666666666,6616667,raise_front,2.1892316821622693,-1.0946158410811355,0.0,75.34323049535132,0.9999343029388293,0.0,0.01146253925783411,0.0,-1.0946158410811355,0.0,75.34323049535132,38.6991699509212,28.344034595966782,0,feet,0.0,0.03233781658761892,-0.11617767918919686,-39.70911607136771,63.70001399999999,9.599926296910965,-39.79378579200237,63.70001591568979,0.0,1,1.7763568394002505e-14,0.0,0.03233781658761803,-0.11617769229355801,-39.70911607136765,-63.70001399999998,9.599926296910965,-39.79378579200231,-63.70001591568979,0.0,1,1.7763568394002505e-14,0.0,0.03408018804728874,-0.18355330494358713,74.65947708580543,63.70001399999999,9.600245057559235,74.69139409191125,63.700015910542625,0.0,1,-5.861977570020827e-14,0.0,0.03408018804729096,-0.18355330494358713,74.65947708580538,-63.70001399999998,9.600245057559292,74.69139409191116,-63.70001591054262,0.0,1,-1.7763568394002505e-15
6.625,6625000,raise_front,2.0703125,-1.03515625,0.0,75.37890625,0.9999412463563647,0.0,0.010839918601164324,0.0,-1.03515625,0.0,75.37890625,38.75862954200234,28.518850732368584,0,feet,0.0,0.035361152216933256,-0.1144917250838664,-39.70891219424429,63.70001399999999,9.599924496584222,-39.79378579200237,63.70001591568979,0.0,1,-2.1316282072803006e-14,0.0,0.03536115221693237,-0.11449173800830525,-39.708912194244206,-63.70001399999998,9.59992449658428,-39.79378579200231,-63.70001591568979,0.0,1,3.375077994860476e-14,0.0,0.037143181317003116,-0.17831749748172676,74.56789195225177,63.70001399999999,9.600297019205826,74.57247490974898,63.700015910542625,0.0,1,6.572520305780927e-14,0.0,0.03714318131700489,-0.17831749748172498,74.56789195225166,-63.70001399999998,9.600297019205797,74.57247490974889,-63.70001591054262,0.0,1,3.907985046680551e-14
6.633333333333334,6633333,raise_front,1.9548652542803402,-0.9774326271401717,0.0,75.4135404237159,0.9999476161864027,0.0,0.010235471807914372,0.0,-0.9774326271401717,0.0,75.4135404237159,38.816353164862164,28.68863249989392,0,feet,0.0,0.038297656988942386,-0.11284976488025,-39.708688622144784,63.70001399999999,9.59992251736422,-39.79378579200237,63.70001591568979,0.0,1,-1.5987211554602254e-14,0.0,0.0382976569889415,-0.11284977762919501,-39.70868862214474,-63.70001399999998,9.59992251736422,-39.79378579200231,-63.70001591568979,0.0,1,-1.5987211554602254e-14,0.0,0.040102366491632235,-0.17321670590249472,74.47899651558083,63.70001399999999,9.600272976849837,74.45702766402933,63.700015910542625,0.0,1,6.927791673660977e-14,0.0,0.040102366491633124,-0.17321670590249338,74.47899651558077,-63.70001399999998,9.60027297684978,74.45702766402924,-63.70001591054262,0.0,1,1.2434497875801753e-14
6.641666666666667,6641667,raise_front,1.8429139314382925,-0.9214569657191486,0.0,75.44712582056852,0.999953444179477,0.0,0.009649325033471283,0.0,-0.9214569657191486,0.0,75.44712582056852,38.87232882628319,28.853338234052515,0,feet,0.0,0.04114659473139293,-0.11125258430643425,-39.70844763533408,63.70001399999999,9.59992037814537,-39.79378579200237,63.70001591568979,0.0,1,-1.7763568394002505e-14,0.0,0.04114659473139204,-0.1112525968844209,-39.70844763533402,-63.70001399999998,9.599920378145399,-39.79378579200231,-63.70001591568979,0.0,1,8.881784197001252e-15,0.0,0.042958400680253916,-0.16825347702435245,74.3928074176869,63.70001399999999,9.600179456906346,74.34507634118728,63.700015910542625,0.0,1,1.7763568394002505e-15,0.0,0.04295840068025525,-0.16825347702435245,74.39280741768687,-63.70001399999998,9.600179456906403,74.3450763411872,-63.70001591054262,0.0,1,5.861977570020827e-14
6.65,6650000,raise_front,1.734479012345671,-0.8672395061728395,0.0,75.4796562962963,0.9999587615472599,0.0,0.009081586032740037,0.0,-0.8672395061728395,0.0,75.4796562962963,38.9265462858295,29.012931597475777,0,feet,0.0,0.043907320872312194,-0.10970091274480742,-39.70819146631062,63.70001399999999,9.599918097521666,-39.79378579200237,63.70001591568979,0.0,1,-3.552713678800501e-15,0.0,0.043907320872311306,-0.10970092515646579,-39.70819146631058,-63.70001399999998,9.599918097521666,-39.79378579200231,-63.70001591568979,0.0,1,-1.7763568394002505e-15,0.0,0.04571200459104574,-0.16343018464513248,74.30933871121387,63.70001399999999,9.600022862713644,74.23664142209466,63.700015910542625,0.0,1,-2.3092638912203256e-14,0.0,0.04571200459104796,-0.16343018464513248,74.30933871121381,-63.70001399999998,9.6000228627137,74.23664142209458,-63.70001591054262,0.0,1,3.375077994860476e-14
6.658333333333333,6658333,raise_front,1.6295773961032478,-0.8147886980516182,0.0,75.51112678116903,0.9999635988924347,0.0,0.008532343762994703,0.0,-0.8147886980516182,0.0,75.51112678116903,38.978997093950724,29.16738170356276,0,feet,0.0,0.04657928469729411,-0.10819542086434542,-39.70792229386989,63.70001399999999,9.599915693765396,-39.79378579200237,63.70001591568979,0.0,1,1.7763568394002505e-15,0.0,0.04657928469729322,-0.10819543311440061,-39.70792229386984,-63.70001399999998,9.599915693765425,-39.79378579200231,-63.70001591568979,0.0,1,3.019806626980426e-14,0.0,0.04836716314921574,-0.15875204304099455,74.22857960384638,63.70001399999999,9.60000384571552,74.2305402866814,66.67236698627397,0.0,1,2.3092638912203256e-14,0.0,0.048367163149217074,-0.15875204304099322,74.2285796038463,-63.70001399999998,9.600003845715463,74.23054028668133,-66.67236698627397,0.0,1,-3.197442310920451e-14
6.666666666666667,6666667,raise_front,1.5282223238327397,-0.7641111619163745,0.0,75.54153330285017,0.9999679861422708,0.0,0.008001667986827847,0.0,-0.7641111619163745,0.0,75.54153330285017,39.029674630085964,29.316663239377007,0,feet,0.0,0.04916203159259469,-0.1067367182943495,-39.70764223740585,63.70001399999999,9.59991318480101,-39.79378579200237,63.70001591568979,0.0,1,7.105427357601002e-15,0.0,0.04916203159259336,-0.10673673038761144,-39.707642237405786,-63.70001399999998,9.59991318480101,-39.79378579200231,-63.70001591568979,0.0,1,8.881784197001252e-15,0.0,0.050922361269326366,-0.15421883841116912,74.15055576724329,63.70001399999999,9.599984745377327,74.13173445077987,66.67061985496431,0.0,1,3.019806626980426e-14,0.0,0.05092236126932592,-0.15421883841116868,74.15055576724329,-63.70001399999998,9.59998474537727,74.13173445077987,-66.67061985496431,0.0,1,-2.6645352591003757e-14
6.675,6675000,raise_front,1.430423302469137,-0.715211651234568,0.0,75.57087300925926,0.9999719524861169,0.0,0.007489608875179263,0.0,-0.715211651234568,0.0,75.57087300925926,39.07857414076777,29.460756587773453,0,feet,0.0,0.051655205272990834,-0.10532535134492749,-39.70735335147038,63.70001399999999,9.59991058817414,-39.79378579200237,63.70001591568979,0.0,1,-2.1316282072803006e-14,0.0,0.05165520527299039,-0.1053253632862825,-39.70735335147034,-63.70001399999998,9.599910588174168,-39.79378579200231,-63.70001591568979,0.0,1,8.881784197001252e-15,0.0,0.0533775605891873,-0.1498314893417665,74.07527966540852,63.70001399999999,9.599914166677792,74.03393542941626,66.67061985496431,0.0,1,2.4868995751603507e-14,0.0,0.0533775605891873,-0.1498314893417665,74.07527966540852,-63.70001399999998,9.599914166677792,74.03393542941626,-66.67061985496431,0.0,1,2.4868995751603507e-14
6.683333333333334,6683333,raise_front,1.336186028552544,-0.6680930142762789,0.0,75.59914419143423,0.9999755263170136,0.0,0.006996196610425345,0.0,-0.6680930142762789,0.0,75.59914419143423,39.12569277772606,29.59964794873636,0,feet,0.0,0.05405854999342452,-0.10396180077935036,-39.70705762061067,63.70001399999999,9.599907921016822,-39.79378579200237,63.70001591568979,0.0,1,-1.0658141036401503e-14,0.0,0.05405854999342319,-0.10396181257375803,-39.70705762061062,-63.70001399999998,9.599907921016793,-39.79378579200231,-63.70001591568979,0.0,1,-3.730349362740526e-14,0.0,0.05573369666244998,-0.14559157292330616,74.00275451502526,63.70001399999999,9.59979610455106,73.93969815549968,66.67061985496431,0.0,1,5.329070518200751e-15,0.0,0.05573369666244998,-0.14559157292330616,74.00275451502526,-63.70001399999998,9.59979610455106,73.93969815549968,-66.67061985496431,0.0,1,5.329070518200751e-15
6.691666666666666,6691667,raise_front,1.2455123120205225,-0.6227561560102626,0.0,75.62634630639384,0.9999787351776138,0.0,0.00652144098951089,0.0,-0.6227561560102626,0.0,75.62634630639384,39.17102963599208,29.733329459910983,0,feet,0.0,0.0563719127434994,-0.10264647964326645,-39.70675695450267,63.70001399999999,9.599905200008891,-39.79378579200237,63.70001591568979,0.0,1,-1.9539925233402755e-14,0.0,0.05637191274349851,-0.1026464912957481,-39.70675695450262,-63.70001399999998,9.599905200008891,-39.79378579200231,-63.70001591568979,0.0,1,-1.9539925233402755e-14,0.0,0.057994801560730114,-0.1415033056186945,73.93295980596584,63.70001399999999,9.599816863886403,73.99267445529485,66.08449162208595,0.0,1,-4.263256414560601e-14,0.0,0.057994801560730114,-0.1415033056186945,73.93295980596584,-63.70001399999998,9.599816863886403,73.99267445529485,-66.08449162208595,0.0,1,-4.263256414560601e-14
6.7,6700000,raise_front,1.1583999999999972,-0.5792000000000002,0.0,75.65248,0.9999816057105909,0.0,0.006065331027105642,0.0,-0.5792000000000002,0.0,75.65248,39.21458579200234,29.861799316313608,0,feet,0.0,0.05859524542397043,-0.10137973115549981,-39.706453183398146,63.70001399999999,9.599902441337065,-39.79378579200237,63.70001591568979,0.0,1,1.5987211554602254e-14,0.0,0.058595245423969544,-0.10137974267113536,-39.706453183398075,-63.70001399999998,9.599902441337093,-39.79378579200231,-63.70001591568979,0.0,1,4.440892098500626e-14,0.0,0.06016094746803269,-0.13756692600381504,73.86590028806125,63.70001399999999,9.599920655752541,73.90556214327432,66.08449162208595,0.0,1,8.881784197001252e-15,0.0,0.06016094746803269,-0.13756692600381504,73.86590028806125,-63.70001399999998,9.599920655752541,73.90556214327432,-66.08449162208595,0.0,1,8.881784197001252e-15
6.708333333333333,6708333,raise_front,1.074842900599502,-0.5374214502997511,0.0,75.67754712982016,0.999984163613694,0.0,0.005627834558768666,0.0,-0.5374214502997511,0.0,75.67754712982016,39.256364341702586,29.98506188920623,0,feet,0.0,0.06072860700442062,-0.10016182666494933,-39.706148053901465,63.70001399999999,9.599899660651417,-39.79378579200237,63.70001591568979,0.0,1,-1.7763568394002505e-15,0.0,0.06072860700441973,-0.10016183804886092,-39.706148053901416,-63.70001399999998,9.599899660651388,-39.79378579200231,-63.70001591568979,0.0,1,-3.019806626980426e-14,0.0,0.06223108792014509,-0.13378133039610773,73.80158510867003,63.70001399999999,9.599980869030375,73.82200504387383,66.08449162208595,0.0,1,-8.881784197001252e-15,0.0,0.06223108792014509,-0.13378133039610773,73.80158510867003,-63.70001399999998,9.599980869030375,73.82200504387383,-66.08449162208595,0.0,1,-8.881784197001252e-15
6.716666666666667,6716667,raise_front,0.9948307067012063,-0.4974153533506071,0.0,75.70155078798963,0.9999864335996013,0.0,0.005208897844104374,0.0,-0.4974153533506071,0.0,75.70155078798963,39.296370438651735,30.10312784412443,0,feet,0.0,0.06277216566140842,-0.09899296367778954,-39.70584322509135,63.70001399999999,9.59989687302108,-39.79378579200237,63.70001591568979,0.0,1,7.105427357601002e-15,0.0,0.06277216566140753,-0.09899297493514281,-39.705843225091286,-63.70001399999998,9.59989687302108,-39.79378579200231,-63.70001591568979,0.0,1,7.105427357601002e-15,0.0,0.06420642361827777,-0.13014723798970884,73.74000524910352,63.70001399999999,9.60000238067397,73.74199284997555,66.08449162208595,0.0,1,1.7763568394002505e-15,0.0,0.06420642361827777,-0.13014723798970884,73.74000524910352,-63.70001399999998,9.60000238067397,73.74199284997555,-66.08449162208595,0.0,1,1.7763568394002505e-15
6.725,6725000,raise_front,0.9183489197530847,-0.45917445987654304,0.0,75.72449532407407,0.9999884393606999,0.0,0.004808445169894943,0.0,-0.45917445987654304,0.0,75.72449532407407,39.334611332125796,30.21601425804898,0,feet,0.0,0.0647262008964149,-0.09787326395888041,-39.70554026500072,63.70001399999999,9.599894092888675,-39.79378579200237,63.70001591568979,0.0,1,0.0,0.0,0.06472620089641401,-0.09787327509486943,-39.705540265000664,-63.70001399999998,9.59989409288869,-39.79378579200231,-63.70001591568979,0.0,1,1.4210854715202004e-14,0.0,0.06608821533827358,-0.1266651310173601,73.68114854659086,63.70001399999999,9.599989850443109,73.66551106302742,66.08449162208595,0.0,1,-8.881784197001252e-15,0.0,0.06608821533827358,-0.1266651310173601,73.68114854659086,-63.70001399999998,9.599989850443109,73.66551106302742,-66.08449162208595,0.0,1,-8.881784197001252e-15
6.733333333333333,6733333,raise_front,0.8453787735609364,-0.4226893867804704,0.0,75.74638636793172,0.9999902035389092,0.0,0.004426378453194932,0.0,-0.4226893867804704,0.0,75.74638636793172,39.37109640522187,30.323744735713575,0,feet,0.0,0.06659110563304971,-0.09680277171093543,-39.70524064746723,63.70001399999999,9.599891334025315,-39.79378579200237,63.70001591568979,0.0,1,2.3092638912203256e-14,0.0,0.06659110563304838,-0.09680278273077425,-39.705240647467186,-63.70001399999998,9.599891334025287,-39.79378579200231,-63.70001591568979,0.0,1,-5.329070518200751e-15,0.0,0.06787788337716583,-0.12333533606325187,73.6249988339842,63.70001399999999,9.599953417007768,73.70631172086229,63.70001591546515,0.0,1,-1.7763568394002505e-15,0.0,0.06787788337716583,-0.12333533606325187,73.6249988339842,-63.70001399999998,9.599953417007768,73.70631172086229,-63.700015915465144,0.0,1,-1.7763568394002505e-15
6.741666666666666,6741667,raise_front,0.7758971580805629,-0.3879485790402886,0.0,75.76723085257582,0.9999917477006416,0.0,0.0040625768443749155,0.0,-0.3879485790402886,0.0,75.76723085257582,39.40583721296205,30.426349525043932,0,feet,0.0,0.06836738829300248,-0.09578145183461428,-39.70494574936444,63.70001399999999,9.599888609486015,-39.79378579200237,63.70001591568979,0.0,1,3.197442310920451e-14,0.0,0.06836738829300115,-0.09578146274353161,-39.70494574936438,-63.70001399999998,9.599888609486015,-39.79378579200231,-63.70001591568979,0.0,1,3.019806626980426e-14,0.0,0.0695798046203926,-0.12016065221292571,73.57151765571828,63.70001399999999,9.600075607942372,73.63683010538192,63.70001591546515,0.0,1,-2.1316282072803006e-14,0.0,0.0695798046203926,-0.12016065221292571,73.57151765571828,-63.70001399999998,9.600075607942372,73.63683010538192,-63.700015915465144,0.0,1,-2.1316282072803006e-14
6.75,6750000,raise_front,0.7098765432098797,-0.35493827160493824,0.0,75.78703703703704,0.9999930923169776,0.0,0.0037168963301022367,0.0,-0.35493827160493824,0.0,75.78703703703704,39.4388475203974,30.52386563172533,0,feet,0.0,0.07005567485036446,-0.09480918827230367,-39.704656848222825,63.70001399999999,9.599885931566916,-39.79378579200237,63.70001591568979,0.0,1,5.1514348342607263e-14,0.0,0.07005567485036313,-0.0948091990755282,-39.70465684822277,-63.70001399999998,9.599885931566916,-39.79378579200231,-63.70001591568979,0.0,1,5.1514348342607263e-14,0.0,0.07119217831699443,-0.11713778083238147,73.52070501843015,63.70001399999999,9.60016702647249,73.57080949051122,63.70001591546515,0.0,1,3.197442310920451e-14,0.0,0.07119217831699443,-0.11713778083238147,73.52070501843015,-63.70001399999998,9.60016702647249,73.57080949051122,-63.700015915465144,0.0,1,3.197442310920451e-14
6.758333333333334,6758333,raise_front,0.6472849025809091,-0.3236424512904537,0.0,75.80581452922573,0.9999942567491127,0.0,0.003389169336248102,0.0,-0.3236424512904537,0.0,75.80581452922573,39.470143340711886,30.61633693289852,0,feet,0.0,0.07165671086400804,-0.0938857824378978,-39.70437512024721,63.70001399999999,9.59988331176433,-39.79378579200237,63.70001591568979,0.0,1,1.7763568394002505e-14,0.0,0.07165671086400671,-0.0938857931406516,-39.70437512024714,-63.70001399999998,9.59988331176433,-39.79378579200231,-63.70001591568979,0.0,1,1.7763568394002505e-14,0.0,0.07271651315071326,-0.11426619693948803,73.47253550930469,63.70001399999999,9.600231464129536,73.50821784988226,63.70001591546515,0.0,1,1.2434497875801753e-14,0.0,0.07271651315071326,-0.11426619693948803,73.47253550930469,-63.70001399999998,9.600231464129536,73.50821784988226,-63.700015915465144,0.0,1,1.2434497875801753e-14
6.766666666666667,6766667,raise_front,0.5880856373520404,-0.29404281867601484,0.0,75.82357430879439,0.9999952592391075,0.0,0.003079204330711629,0.0,-0.29404281867601484,0.0,75.82357430879439,39.49974297332633,30.70381428998661,0,feet,0.0,0.07317136348783704,-0.09301095173442597,-39.704101638736084,63.70001399999999,9.599880760736923,-39.79378579200237,63.70001591568979,0.0,1,-3.375077994860476e-14,0.0,0.07317136348783615,-0.0930109623419142,-39.70410163873602,-63.70001399999998,9.599880760736951,-39.79378579200231,-63.70001591568979,0.0,1,-5.329070518200751e-15,0.0,0.07415438278413689,-0.11154511069662387,73.42698026309014,63.70001399999999,9.600272480855622,73.44901858465337,63.70001591546515,0.0,1,-2.4868995751603507e-14,0.0,0.07415438278413689,-0.11154511069662387,73.42698026309014,-63.70001399999998,9.600272480855622,73.44901858465337,-63.700015915465144,0.0,1,-2.4868995751603507e-14
6.775,6775000,raise_front,0.5322375000000146,-0.26611875,0.0,75.84032875,0.9999961169059551,0.0,0.0027867854261527623,0.0,-0.26611875,0.0,75.84032875,39.52766704200234,30.78635566065831,0,feet,0.0,0.07460062345879637,-0.09218432816087407,-39.70383737290547,63.70001399999999,9.599878288271,-39.79378579200237,63.70001591568979,0.0,1,1.5987211554602254e-14,0.0,0.07460062345879548,-0.0921843386782748,-39.70383737290542,-63.70001399999998,9.599878288271,-39.79378579200231,-63.70001591568979,0.0,1,1.5987211554602254e-14,0.0,0.0755074274273908,-0.10897346266673624,73.38400690028153,63.70001399999999,9.600293403000663,73.39317044730134,63.70001591546515,0.0,1,2.3092638912203256e-14,0.0,0.0755074274273908,-0.10897346266673624,73.38400690028153,-63.70001399999998,9.600293403000663,73.39317044730134,-63.700015915465144,0.0,1,2.3092638912203256e-14
6.783333333333333,6783333,raise_front,0.47969451811208375,-0.23984725905603813,0.0,75.85609164456638,0.9999968457469511,0.0,0.002511671982627323,0.0,-0.23984725905603813,0.0,75.85609164456638,39.5539385329463,30.86402620993583,0,feet,0.0,0.07594560706266096,-0.09140545700902036,-39.703583187118745,63.70001399999999,9.599875903249341,-39.79378579200237,63.70001591568979,0.0,1,2.4868995751603507e-14,0.0,0.07594560706266007,-0.09140546744147304,-39.7035831871187,-63.70001399999998,9.599875903249313,-39.79378579200231,-63.70001591568979,0.0,1,-3.552713678800501e-15,0.0,0.07677735562038857,-0.10654991938571756,73.3435794653577,63.70001399999999,9.600297322478497,73.34062746541342,63.70001591546515,0.0,1,-7.105427357601002e-15,0.0,0.07677735562038857,-0.10654991938571756,73.3435794653577,-63.70001399999998,9.600297322478497,73.34062746541342,-63.700015915465144,0.0,1,-7.105427357601002e-15
6.791666666666667,6791667,raise_front,0.43040591817810503,-0.2152029590890617,0.0,75.87087822454656,0.9999974606443295,0.0,0.0022535982101188684,0.0,-0.2152029590890617,0.0,75.87087822454656,39.57858283291328,30.93689842045938,0,feet,0.0,0.07720755807773516,-0.09067379565056655,-39.703339840520826,63.70001399999999,9.599873613625121,-39.79378579200237,63.70001591568979,0.0,1,2.842170943040401e-14,0.0,0.07720755807773383,-0.09067380600316399,-39.70333984052077,-63.70001399999998,9.599873613625121,-39.79378579200231,-63.70001591568979,0.0,1,2.842170943040401e-14,0.0,0.07796612180170426,-0.10427303252353237,73.30565719315177,63.70001399999999,9.600297433932738,73.31221827077931,63.70001591568979,0.0,1,2.4868995751603507e-14,0.0,0.07796612180170426,-0.10427303252353237,73.30565719315177,-63.70001399999998,9.600297433932738,73.31221827077931,-63.70001591568979,0.0,1,2.4868995751603507e-14
6.8,6800000,raise_front,0.38431604938272246,-0.19215802469135804,0.0,75.88470518518518,0.9999979753770981,0.0,0.0020122727709633763,0.0,-0.19215802469135804,0.0,75.88470518518518,39.60162776731098,31.00505220192332,0,feet,0.0,0.07838784969668477,-0.08998871241426398,-39.7031079870733,63.70001399999999,9.599871426399858,-39.79378579200237,63.70001591568979,0.0,1,2.842170943040401e-14,0.0,0.07838784969668389,-0.08998872269203995,-39.70310798707326,-63.70001399999998,9.599871426399858,-39.79378579200231,-63.70001591568979,0.0,1,2.6645352591003757e-14,0.0,0.07907561908615479,-0.10214094804535856,73.27019654230256,63.70001399999999,9.600298813992666,73.2661284019839,63.70001591568979,0.0,1,-1.7763568394002505e-15,0.0,0.07907561908615479,-0.10214094804535856,73.27019654230256,-63.70001399999998,9.600298813992666,73.2661284019839,-63.70001591568979,0.0,1,-1.7763568394002505e-15
6.808333333333334,6808333,raise_front,0.34136430739724277,-0.1706821536986231,0.0,75.89759070778082,0.9999984026379837,0.0,0.0017873783821642077,0.0,-0.1706821536986231,0.0,75.89759070778082,39.62310363830372,31.06857499970267,0,feet,0.0,0.07948798642689736,-0.08934948555215083,-39.702888175985024,63.70001399999999,9.5998693476066,-39.79378579200237,63.70001591568979,0.0,1,-1.4210854715202004e-14,0.0,0.07948798642689692,-0.08934949576007023,-39.70288817598498,-63.70001399999998,9.599869347606628,-39.79378579200231,-63.70001591568979,0.0,1,1.2434497875801753e-14,0.0,0.08010753026454864,-0.10015126031991617,73.23715207926529,63.70001399999999,9.600289503726998,73.22317665999843,63.70001591568979,0.0,1,-8.881784197001252e-15,0.0,0.08010753026454864,-0.10015126031991617,73.23715207926529,-63.70001399999998,9.600289503726998,73.22317665999843,-63.70001591568979,0.0,1,-8.881784197001252e-15
6.816666666666666,6816667,raise_front,0.30148505817203075,-0.15074252908601332,0.0,75.90955448254839,0.9999987540553635,0.0,0.0015785714175960267,0.0,-0.15074252908601332,0.0,75.90955448254839,39.64304326291633,31.12756190269308,0,feet,0.0,0.08050960596982781,-0.08875530229339956,-39.702680852529326,63.70001399999999,9.599867382298441,-39.79378579200237,63.70001591568979,0.0,1,-3.730349362740526e-14,0.0,0.08050960596982693,-0.08875531243634782,-39.70268085252925,-63.70001399999998,9.59986738229847,-39.79378579200231,-63.70001591568979,0.0,1,-8.881784197001252e-15,0.0,0.08106385966103735,-0.09830150230341284,73.2064729196885,63.70001399999999,9.600271702587463,73.1832974107732,63.70001591568979,0.0,1,2.3092638912203256e-14,0.0,0.08106385966103735,-0.09830150230341284,73.2064729196885,-63.70001399999998,9.600271702587463,73.1832974107732,-63.70001591568979,0.0,1,2.3092638912203256e-14
6.825,6825000,raise_front,0.26460756172837385,-0.13230378086419753,0.0,75.92061773148149,0.999999040220032,0.0,0.001385481510097753,0.0,-0.13230378086419753,0.0,75.92061773148149,39.66148201113814,31.182115750391027,0,feet,0.0,0.08145448107997888,-0.08820525798366097,-39.70248635923736,63.70001399999999,9.599865534542246,-39.79378579200237,63.70001591568979,0.0,1,3.375077994860476e-14,0.0,0.08145448107997755,-0.08820526806642937,-39.702486359237334,-63.70001399999998,9.599865534542218,-39.79378579200231,-63.70001591568979,0.0,1,5.329070518200751e-15,0.0,0.08194669200151994,-0.09658891569465888,73.17810429555452,63.70001399999999,9.600247390963489,73.14641991432957,63.70001591568979,0.0,1,1.0658141036401503e-14,0.0,0.08194669200151994,-0.09658891569465888,73.17810429555452,-63.70001399999998,9.600247390963489,73.14641991432957,-63.70001591568979,0.0,1,1.0658141036401503e-14
6.833333333333333,6833333,raise_front,0.23065589595083313,-0.11532794797541025,0.0,75.93080323121475,0.999999270716619,0.0,0.0012077111534558056,0.0,-0.11532794797541025,0.0,75.93080323121475,39.67845784402693,31.232347239245897,0,feet,0.0,0.08232452140426494,-0.08769835530712378,-39.70230493745449,63.70001399999999,9.599863807417563,-39.79378579200237,63.70001591568979,0.0,1,-1.2434497875801753e-14,0.0,0.0823245214042636,-0.08769836533440678,-39.70230493745441,-63.70001399999998,9.599863807417563,-39.79378579200231,-63.70001591568979,0.0,1,-1.2434497875801753e-14,0.0,0.082758195403557,-0.09501044843294171,73.15198749380421,63.70001399999999,9.60021833590099,73.11246824855199,63.70001591568979,0.0,1,1.0658141036401503e-14,0.0,0.082758195403557,-0.09501044843294171,73.15198749380421,-63.70001399999998,9.60021833590099,73.11246824855199,-63.70001591568979,0.0,1,1.0658141036401503e-14
6.841666666666667,6841667,raise_front,0.19954888037899465,-0.09977444018950364,0.0,75.9401353358863,0.9999994541594445,0.0,0.0010448353042800604,0.0,-0.09977444018950364,0.0,75.9401353358863,39.69401135181283,31.278375028320248,0,feet,0.0,0.08312177530265608,-0.08723350358789439,-39.70213672924241,63.70001399999999,9.599862203021999,-39.79378579200237,63.70001591568979,0.0,1,2.4868995751603507e-14,0.0,0.08312177530265474,-0.08723351356427056,-39.702136729242355,-63.70001399999998,9.59986220302197,-39.79378579200231,-63.70001591568979,0.0,1,-3.552713678800501e-15,0.0,0.08350062454413054,-0.09356275249612533,73.12805979502963,63.70001399999999,9.60018609778048,73.08136123298017,63.70001591568979,0.0,1,2.1316282072803006e-14,0.0,0.08350062454413054,-0.09356275249612533,73.12805979502963,-63.70001399999998,9.60018609778048,73.08136123298017,-63.70001591568979,0.0,1,2.1316282072803006e-14
6.85,6850000,raise_front,0.17120000000000468,-0.08560000000000004,0.0,75.94864,0.9999995982325575,0.0,0.0008964009837760252,0.0,-0.08560000000000004,0.0,75.94864,39.70818579200234,31.320325844299703,0,feet,0.0,0.08384843165115141,-0.08680951816658533,-39.70198177960987,63.70001399999999,9.5998607224805,-39.79378579200237,63.70001591568979,0.0,1,2.6645352591003757e-14,0.0,0.08384843165115008,-0.08680952809651155,-39.701981779609845,-63.70001399999998,9.599860722480443,-39.79378579200231,-63.70001591568979,0.0,1,-3.019806626980426e-14,0.0,0.0841763239951594,-0.09224218198559209,73.10625441223208,63.70001399999999,9.600152037900259,73.05301235260116,63.70001591568979,0.0,1,-2.3092638912203256e-14,0.0,0.0841763239951594,-0.09224218198559209,73.10625441223208,-63.70001399999998,9.600152037900259,73.05301235260116,-63.70001591568979,0.0,1,-2.3092638912203256e-14
6.858333333333333,6858333,raise_front,0.14551732904027892,-0.07275866452014428,0.0,75.95634480128791,0.9999997097336731,0.0,0.0007619268794177179,0.0,-0.07275866452014428,0.0,75.95634480128791,39.721027127482195,31.358334585899406,0,feet,0.0,0.08450682162826917,-0.08642511984737355,-39.701840039048626,63.70001399999999,9.599859365960953,-39.79378579200237,63.70001591568979,0.0,1,-1.0658141036401503e-14,0.0,0.08450682162826828,-0.0864251297351708,-39.70184003904858,-63.70001399999998,9.599859365960953,-39.79378579200231,-63.70001591568979,0.0,1,-1.0658141036401503e-14,0.0,0.08478773171526788,-0.09104479148172473,73.086500429646,63.70001399999999,9.600117326902605,73.02732968164145,63.70001591568979,0.0,1,1.9539925233402755e-14,0.0,0.08478773171526788,-0.09104479148172473,73.086500429646,-63.70001399999998,9.600117326902605,73.02732968164145,-63.70001591568979,0.0,1,1.9539925233402755e-14
6.866666666666666,6866667,raise_front,0.1224034547579067,-0.06120172737895646,0.0,75.96327896357262,0.9999997946216854,0.0,0.0006409029465265906,0.0,-0.06120172737895646,0.0,75.96327896357262,39.73258406462338,31.392544427719713,0,feet,0.0,0.08509942048641017,-0.08607893441006365,-39.701711366351105,63.70001399999999,9.599858132694237,-39.79378579200237,63.70001591568979,0.0,1,0.0,0.0,0.08509942048640928,-0.08607894425990592,-39.70171136635104,-63.70001399999998,9.599858132694237,-39.79378579200231,-63.70001591568979,0.0,1,0.0,0.0,0.0853373826848478,-0.08996633465068582,73.0687227416248,63.70001399999999,9.60008295397212,73.00421580735907,63.70001591568979,0.0,1,-1.4210854715202004e-14,0.0,0.0853373826848478,-0.08996633465068582,73.0687227416248,-63.70001399999998,9.60008295397212,73.00421580735907,-63.70001591568979,0.0,1,-1.4210854715202004e-14
6.875,6875000,raise_front,0.10175540123455118,-0.050877700617283944,0.0,75.96947337962963,0.9999998580673927,0.0,0.0005327900097625739,0.0,-0.050877700617283944,0.0,75.96947337962963,39.597756166773856,31.423106923610135,0,feet,0.0,0.08562886540765158,-0.08576950711156472,-39.70159563741387,63.70001399999999,9.59985795929228,-39.648633867391155,60.014427080345826,0.0,1,1.4210854715202004e-14,0.0,0.08562886540765113,-0.08576951692747192,-39.701595637413824,-63.70001399999998,9.59985795929228,-39.64863386739112,-60.014427080345826,0.0,1,1.4210854715202004e-14,0.0,0.08582791266996459,-0.0890022630804479,73.0528419915892,63.70001399999999,9.60004973673044,72.98356775383573,63.70001591568979,0.0,1,-5.329070518200751e-15,0.0,0.08582791266996459,-0.0890022630804479,73.0528419915892,-63.70001399999998,9.60004973673044,72.98356775383573,-63.70001591568979,0.0,1,-5.329070518200751e-15
6.883333333333334,6883333,raise_front,0.0834645531677225,-0.041732276583854096,0.0,75.9749606340497,0.9999999045070329,0.0,0.00043701936453395215,0.0,-0.041732276583854096,0.0,75.9749606340497,39.60690159080729,31.450182109606665,0,feet,0.0,0.08609791964051361,-0.08549526742532798,-39.701492501435794,63.70001399999999,9.599858527732465,-39.648633867391155,60.014427080345826,0.0,1,-8.881784197001252e-15,0.0,0.08609791964051317,-0.08549527721115124,-39.70149250143575,-63.70001399999998,9.599858527732493,-39.64863386739112,-60.014427080345826,0.0,1,1.7763568394002505e-14,0.0,0.08626206209906817,-0.08814772532102255,73.03877451103605,63.70001399999999,9.600018331739506,72.96527690576887,63.70001591568979,0.0,1,-5.329070518200751e-15,0.0,0.08626206209906817,-0.08814772532102255,73.03877451103605,-63.70001399999998,9.600018331739506,72.96527690576887,-63.70001591568979,0.0,1,-5.329070518200751e-15
6.891666666666667,6891667,raise_front,0.06741657966266468,-0.03370828983132652,0.0,75.97977502610121,0.9999999376981885,0.0,0.00035299237833321464,0.0,-0.03370828983132652,0.0,75.97977502610121,39.614925577559816,31.47393860651536,0,feet,0.0,0.08650948733014996,-0.0852545408581471,-39.70140147057785,63.70001399999999,9.599859028533928,-39.648633867391155,60.014427080345826,0.0,1,-3.019806626980426e-14,0.0,0.08650948733014951,-0.08525455061755549,-39.70140147057781,-63.70001399999998,9.599859028533956,-39.64863386739112,-60.014427080345826,0.0,1,-1.7763568394002505e-15,0.0,0.08664268003489406,-0.0873975661011337,73.02643225860726,63.70001399999999,9.599989245520845,72.94922893226382,63.70001591568979,0.0,1,-1.5987211554602254e-14,0.0,0.08664268003489406,-0.0873975661011337,73.02643225860726,-63.70001399999998,9.599989245520845,72.94922893226382,-63.70001591568979,0.0,1,-1.5987211554602254e-14
6.9,6900000,raise_front,0.05349135802469096,-0.02674567901234568,0.0,75.98395259259259,0.9999999607775703,0.0,0.00028008009200637907,0.0,-0.02674567901234568,0.0,75.98395259259259,39.6218881883788,31.494553722221305,0,feet,0.0,0.08686663761503066,-0.08504556939923669,-39.70132207044864,63.70001399999999,9.59985946464478,-39.648633867391155,60.014427080345826,0.0,1,2.1316282072803006e-14,0.0,0.08686663761502977,-0.08504557913571098,-39.70132207044859,-63.70001399999998,9.59985946464478,-39.64863386739112,-60.014427080345826,0.0,1,2.1316282072803006e-14,0.0,0.0869727282222228,-0.0867463256907306,73.01572275922042,63.70001399999999,9.59996284598735,72.93530371062586,63.70001591568979,0.0,1,-1.4210854715202004e-14,0.0,0.0869727282222228,-0.0867463256907306,73.01572275922042,-63.70001399999998,9.59996284598735,72.93530371062586,-63.70001591568979,0.0,1,-1.4210854715202004e-14
6.908333333333333,6908333,raise_front,0.0415628975511928,-0.020781448775593153,0.0,75.98753113073464,0.9999999763201536,0.0,0.0002176228209634285,0.0,-0.020781448775593153,0.0,75.98753113073464,39.62785241861555,31.512213553810803,0,feet,0.0,0.08717259241510877,-0.08486649832747162,-39.70125375231384,63.70001399999999,9.599859839361315,-39.648633867391155,60.014427080345826,0.0,1,2.842170943040401e-14,0.0,0.08717259241510789,-0.0848665080442883,-39.70125375231378,-63.70001399999998,9.599859839361315,-39.64863386739112,-60.014427080345826,0.0,1,3.019806626980426e-14,0.0,0.08725528519049064,-0.08618823937598208,73.00654904326275,63.70001399999999,9.599939374176031,72.92337525015236,63.70001591568979,0.0,1,5.3290705182007514e-14,0.0,0.08725528519049064,-0.08618823937598208,73.00654904326275,-63.70001399999998,9.599939374176031,72.92337525015236,-63.70001591568979,0.0,1,5.3290705182007514e-14
6.916666666666667,6916667,raise_front,0.03149926332368436,-0.015749631661840166,0.0,75.99055022100289,0.9999999863990876,0.0,0.0001649297563375425,0.0,-0.015749631661840166,0.0,75.99055022100289,39.6328842357293,31.527113089602047,0,feet,0.0,0.08743072814890551,-0.08471537595925627,-39.70119589690791,63.70001399999999,9.599860156310811,-39.648633867391155,60.014427080345826,0.0,1,-1.2434497875801753e-14,0.0,0.08743072814890507,-0.08471538565948133,-39.70119589690788,-63.70001399999998,9.599860156310811,-39.64863386739112,-60.014427080345826,0.0,1,-1.2434497875801753e-14,0.0,0.08749355038842443,-0.08571723701076195,72.99880958585084,63.70001399999999,9.59991895616065,72.91331161592485,63.70001591568979,0.0,1,-3.375077994860476e-14,0.0,0.08749355038842443,-0.08571723701076195,72.99880958585084,-63.70001399999998,9.59991895616065,72.91331161592485,-63.70001591568979,0.0,1,-3.375077994860476e-14
6.925,6925000,raise_front,0.02316250000001796,-0.011581250000000003,0.0,75.99305125,0.9999999926457547,0.0,0.00012127856610065191,0.0,-0.011581250000000003,0.0,75.99305125,39.63705261739114,31.539456311188665,0,feet,0.0,0.0876445774495922,-0.08459015340367682,-39.70114781826817,63.70001399999999,9.59986041943499,-39.648633867391155,60.014427080345826,0.0,1,1.2434497875801753e-14,0.0,0.08764457744959131,-0.08459016309015244,-39.701147818268126,-63.70001399999998,9.59986041943499,-39.64863386739112,-60.014427080345826,0.0,1,1.2434497875801753e-14,0.0,0.087690848326059,-0.0853269426059704,72.99239824616375,63.70001399999999,9.599901615015284,72.90497485260117,63.70001591568979,0.0,1,1.9539925233402755e-14,0.0,0.087690848326059,-0.0853269426059704,72.99239824616375,-63.70001399999998,9.599901615015284,72.90497485260117,-63.70001591568979,0.0,1,1.9539925233402755e-14
6.933333333333334,6933333,raise_front,0.016408555606344244,-0.00820427780318041,0.0,75.99507743331809,0.9999999963093067,0.0,8.591499614257597e-05,0.0,-0.00820427780318041,0.0,75.99507743331809,39.64042958958796,31.549456295608906,0,feet,0.0,0.08781783088281925,-0.08448868431383172,-39.701108767540624,63.70001399999999,9.599860632974085,-39.648633867391155,60.014427080345826,0.0,1,1.5987211554602254e-14,0.0,0.0878178308828188,-0.08448869398916425,-39.70110876754058,-63.70001399999998,9.599860632974085,-39.64863386739112,-60.014427080345826,0.0,1,1.5987211554602254e-14,0.0,0.08785063269757876,-0.08501067391542616,72.98720420685491,63.70001399999999,9.59988728268604,72.89822090820753,63.70001591568979,0.0,1,3.552713678800501e-14,0.0,0.08785063269757876,-0.08501067391542616,72.98720420685491,-63.70001399999998,9.59988728268604,72.89822090820753,-63.70001591568979,0.0,1,3.552713678800501e-14
6.941666666666666,6941667,raise_front,0.0110872053294786,-0.0055436026647360664,0.0,75.99667383840116,0.9999999983149553,0.0,5.805247132057843e-05,0.0,-0.0055436026647360664,0.0,75.99667383840116,39.6430902647264,31.557335317763126,0,feet,0.0,0.08795433866927072,-0.08440872462254356,-39.701077936704124,63.70001399999999,9.599860801452522,-39.648633867391155,60.014427080345826,0.0,1,-1.0658141036401503e-14,0.0,0.08795433866927072,-0.08440873428909512,-39.701077936704124,-63.70001399999998,9.599860801452522,-39.64863386739112,-60.014427080345826,0.0,1,-1.0658141036401503e-14,0.0,0.08797649045650147,-0.08476144197457502,72.98311191355363,63.70001399999999,9.599875811624216,72.89289955793065,63.70001591568979,0.0,1,3.552713678800501e-15,0.0,0.08797649045650147,-0.08476144197457502,72.98311191355363,-63.70001399999998,9.599875811624216,72.89289955793065,-63.70001591568979,0.0,1,3.552713678800501e-15
6.95,6950000,raise_front,0.007041975308630377,-0.0035209876543209873,0.0,75.9978874074074,0.999999999320239,0.0,3.687169648562927e-05,0.0,-0.0035209876543209873,0.0,75.9978874074074,39.64511287973682,31.563324953211556,0,feet,0.0,0.0880581124150881,-0.08434793224987436,-39.70105446215523,63.70001399999999,9.599860929665368,-39.648633867391155,60.014427080345826,0.0,1,1.7763568394002505e-15,0.0,0.08805811241508765,-0.08434794190974859,-39.70105446215521,-63.70001399999998,9.59986092966534,-39.64863386739112,-60.014427080345826,0.0,1,-2.6645352591003757e-14,0.0,0.08807214581267253,-0.08457195054566924,72.98000101446867,63.70001399999999,9.599866986018299,72.88885432790981,63.70001591568979,0.0,1,1.7763568394002505e-15,0.0,0.08807214581267253,-0.08457195054566924,72.98000101446867,-63.70001399999998,9.599866986018299,72.88885432790981,-63.70001591568979,0.0,1,1.7763568394002505e-15
6.958333333333333,6958333,raise_front,0.00411006642790257,-0.0020550332139409643,0.0,75.99876698007164,0.9999999997684392,0.0,2.1520257491005437e-05,0.0,-0.0020550332139409643,0.0,75.99876698007164,39.6465788341772,31.5676661814949,0,feet,0.0,0.08813332685353759,-0.08430386676914292,-39.70103742809275,63.70001399999999,9.599861022665749,-39.648633867391155,60.014427080345826,0.0,1,1.4210854715202004e-14,0.0,0.0881333268535367,-0.08430387642417791,-39.70103742809269,-63.70001399999998,9.599861022665749,-39.64863386739112,-60.014427080345826,0.0,1,1.4210854715202004e-14,0.0,0.0881414641184941,-0.08443459542060472,72.9777463001086,63.70001399999999,9.599860532454514,72.88592241902906,63.70001591568979,0.0,1,-1.4210854715202004e-14,0.0,0.0881414641184941,-0.08443459542060472,72.9777463001086,-63.70001399999998,9.599860532454514,72.88592241902906,-63.70001591568979,0.0,1,-1.4210854715202004e-14
6.966666666666667,6966667,raise_front,0.0021222781079877073,-0.001061139054005995,0.0,75.9993633165676,0.9999999999382593,0.0,1.1112222188112831e-05,0.0,-0.001061139054005995,0.0,75.9993633165676,39.64757272833713,31.570609490130394,0,feet,0.0,0.0881843216015139,-0.08427398901738847,-39.70102586963741,63.70001399999999,9.599861085753872,-39.648633867391155,60.014427080345826,0.0,1,-5.329070518200751e-15,0.0,0.08818432160151302,-0.0842739986691412,-39.70102586963737,-63.70001399999998,9.599861085753872,-39.64863386739112,-60.014427080345826,0.0,1,-5.329070518200751e-15,0.0,0.08818849575123222,-0.08434150074512159,72.97621737977327,63.70001399999999,9.599858469683568,73.02908655525,60.014427080345826,0.0,1,-3.552713678800501e-15,0.0,0.08818849575123222,-0.08434150074512159,72.97621737977327,-63.70001399999998,9.599858469683568,73.02908655525,-60.014427080345826,0.0,1,-3.552713678800501e-15
6.975,6975000,raise_front,0.0009029320987830047,-0.00045146604938271605,0.0,75.99972912037038,0.9999999999888243,0.0,4.727741413602213e-06,0.0,-0.00045146604938271605,0.0,75.99972912037038,39.64818240134176,31.57241497944719,0,feet,0.0,0.08821560293468433,-0.08425566063542034,-39.70101877561766,63.70001399999999,9.59986112446741,-39.648633867391155,60.014427080345826,0.0,1,-2.1316282072803006e-14,0.0,0.08821560293468389,-0.08425567028516001,-39.70101877561762,-63.70001399999998,9.599861124467438,-39.64863386739112,-60.014427080345826,0.0,1,7.105427357601002e-15,0.0,0.08821739211576807,-0.08428443671395103,72.9752791962224,63.70001399999999,9.59986001400847,73.02786720924075,60.014427080345826,0.0,1,4.973799150320701e-14,0.0,0.08821739211576807,-0.08428443671395103,72.9752791962224,-63.70001399999998,9.59986001400847,73.02786720924075,-60.014427080345826,0.0,1,4.973799150320701e-14
6.983333333333333,6983333,raise_front,0.00026979627090195635,-0.0001348981354468323,0.0,75.99991906111873,0.9999999999990022,0.0,1.4126499710086276e-06,0.0,-0.0001348981354468323,0.0,75.99991906111873,39.64849896925569,31.573352468435914,0,feet,0.0,0.0882318455852924,-0.08424614352181425,-39.70101509094892,63.70001399999999,9.599861144573367,-39.648633867391155,60.014427080345826,0.0,1,-5.329070518200751e-15,0.0,0.08823184558529151,-0.08424615317050854,-39.70101509094886,-63.70001399999998,9.599861144573396,-39.64863386739112,-60.014427080345826,0.0,1,2.3092638912203256e-14,0.0,0.08823239569907404,-0.08425480579479228,72.9747920523259,63.70001399999999,9.59986081264178,73.02723407341288,60.014427080345826,0.0,1,-1.7763568394002505e-15,0.0,0.08823239569907404,-0.08425480579479228,72.9747920523259,-63.70001399999998,9.59986081264178,73.02723407341288,-60.014427080345826,0.0,1,-1.7763568394002505e-15
6.991666666666666,6991667,raise_front,3.4008408265062684e-05,-1.7004204135548443e-05,0.0,75.99998979747753,0.9999999999999841,0.0,1.7806760930793297e-07,0.0,-1.7004204135548443e-05,0.0,75.99998979747753,39.648616863187,31.57370160179901,0,feet,0.0,0.08823789456690889,-0.08424259918438137,-39.70101371852953,63.70001399999999,9.59986115206182,-39.648633867391155,60.014427080345826,0.0,1,-1.7763568394002505e-15,0.0,0.088237894566908,-0.08424260883268575,-39.7010137185295,-63.70001399999998,9.599861152061791,-39.64863386739112,-60.014427080345826,0.0,1,-3.019806626980426e-14,0.0,0.08823798311549069,-0.08424377071041533,72.97461063381525,63.70001399999999,9.599861109496146,73.02699828555026,60.014427080345826,0.0,1,-5.329070518200751e-15,0.0,0.08823798311549069,-0.08424377071041533,72.97461063381525,-63.70001399999998,9.599861109496146,73.02699828555026,-60.014427080345826,0.0,1,-5.329070518200751e-15
7.0,7000000,raise_front,0.0,0.0,0.0,76.0,1.0,0.0,0.0,0.0,0.0,0.0,76.0,39.64863386739114,31.573751958399598,0,feet,0.0,0.08823876703062616,-0.08424208797177757,-39.70101352057225,63.70001399999999,9.599861153141916,-39.648633867391155,60.014427080345826,0.0,1,-2.1316282072803006e-14,0.0,0.08823876703062572,-0.08424209762002599,-39.701013520572225,-63.70001399999998,9.599861153141944,-39.64863386739112,-60.014427080345826,0.0,1,8.881784197001252e-15,0.0,0.08823878900083404,-0.08424217907946874,72.97458446726992,63.70001399999999,9.599861152286962,73.02696427714199,60.014427080345826,0.0,1,-2.1316282072803006e-14,0.0,0.08823878900083404,-0.08424217907946874,72.97458446726992,-63.70001399999998,9.599861152286962,73.02696427714199,-60.014427080345826,0.0,1,-2.1316282072803006e-14
7.008333333333334,7008333,return_to_standing,0.0,0.0,0.0,76.00002835654446,1.0,0.0,0.0,0.0,0.0,0.0,76.00002835654446,39.64863386739114,31.57378031494406,0,feet,0.0,0.08823828084439356,-0.084241637218879,-39.701010331516926,63.70001399999999,9.599861170541814,-39.648633867391155,60.014427080345826,0.0,1,-1.0658141036401503e-14,0.0,0.08823828084439311,-0.08424164686707813,-39.701010331516876,-63.70001399999998,9.599861170541843,-39.64863386739112,-60.014427080345826,0.0,1,1.7763568394002505e-14,0.0,0.08823830281449618,-0.08424172832610166,72.9745876563261,63.70001399999999,9.599861169686918,73.02696427714199,60.014427080345826,0.0,1,-1.0658141036401503e-14,0.0,0.08823830281449618,-0.08424172832610166,72.9745876563261,-63.70001399999998,9.599861169686918,73.02696427714199,-60.014427080345826,0.0,1,-1.0658141036401503e-14
7.016666666666667,7016667,return_to_standing,0.0,0.0,0.0,76.00022400964228,1.0,0.0,0.0,0.0,0.0,0.0,76.00022400964228,39.64863386739114,31.57397596804188,0,feet,0.0,0.08823492627499263,-0.08423852712708557,-39.70098832778939,63.70001399999999,9.599861290568086,-39.648633867391155,60.014427080345826,0.0,1,8.881784197001252e-15,0.0,0.08823492627499219,-0.08423853677494275,-39.70098832778936,-63.70001399999998,9.599861290568086,-39.64863386739112,-60.014427080345826,0.0,1,8.881784197001252e-15,0.0,0.08823494824437139,-0.08423861823107259,72.97460966005929,63.70001399999999,9.599861289713587,73.02696427714199,60.014427080345826,0.0,1,1.5987211554602254e-14,0.0,0.08823494824437139,-0.08423861823107259,72.97460966005929,-63.70001399999998,9.599861289713587,73.02696427714199,-60.014427080345826,0.0,1,1.5987211554602254e-14
7.025,7025000,return_to_standing,0.0,0.0,0.0,76.0007465029922,1.0,0.0,0.0,0.0,0.0,0.0,76.0007465029922,39.64863386739114,31.574498461391798,0,feet,0.0,0.08822596782092029,-0.08423022152201343,-39.70092956629931,63.70001399999999,9.599861610853935,-39.648633867391155,60.014427080345826,0.0,1,2.1316282072803006e-14,0.0,0.08822596782091985,-0.084230231168958,-39.7009295662993,-63.70001399999998,9.599861610853907,-39.64863386739112,-60.014427080345826,0.0,1,-7.105427357601002e-15,0.0,0.08822598978836327,-0.08423031261736336,72.97466842156456,63.70001399999999,9.59986161000046,73.02696427714199,60.014427080345826,0.0,1,1.0658141036401503e-14,0.0,0.08822598978836327,-0.08423031261736336,72.97466842156456,-63.70001399999998,9.59986161000046,73.02696427714199,-60.014427080345826,0.0,1,1.0658141036401503e-14
7.033333333333333,7033333,return_to_standing,0.0,0.0,0.0,76.00174705315271,1.0,0.0,0.0,0.0,0.0,0.0,76.00174705315271,39.64863386739114,31.57549901155231,0,feet,0.0,0.08820881261459723,-0.08421431636635379,-39.70081703943734,63.70001399999999,9.599862223189774,-39.648633867391155,60.014427080345826,0.0,1,-3.552713678800501e-15,0.0,0.08820881261459634,-0.08421432601155221,-39.70081703943728,-63.70001399999998,9.599862223189774,-39.64863386739112,-60.014427080345826,0.0,1,-5.329070518200751e-15,0.0,0.08820883457833295,-0.08421440744516273,72.97478094845567,63.70001399999999,9.59986222233826,73.02696427714199,60.014427080345826,0.0,1,-4.973799150320701e-14,0.0,0.08820883457833295,-0.08421440744516273,72.97478094845567,-63.70001399999998,9.59986222233826,73.02696427714199,-60.014427080345826,0.0,1,-4.973799150320701e-14
7.041666666666667,7041667,return_to_standing,0.0,0.0,0.0,76.00336869311361,1.0,0.0,0.0,0.0,0.0,0.0,76.00336869311361,39.64863386739114,31.577120651513212,0,feet,0.0,0.08818100781689209,-0.08418853723890107,-39.70063465787942,63.70001399999999,9.599863212851503,-39.648633867391155,60.014427080345826,0.0,1,-1.7763568394002505e-15,0.0,0.0881810078168912,-0.08418854688126665,-39.70063465787939,-63.70001399999998,9.599863212851474,-39.64863386739112,-60.014427080345826,0.0,1,-3.019806626980426e-14,0.0,0.08818102977462061,-0.08418862829089946,72.97496333006075,63.70001399999999,9.599863212003257,73.02696427714199,60.014427080345826,0.0,1,-7.105427357601002e-15,0.0,0.08818102977462061,-0.08418862829089946,72.97496333006075,-63.70001399999998,9.599863212003257,73.02696427714199,-60.014427080345826,0.0,1,-7.105427357601002e-15
7.05,7050000,return_to_standing,0.0,0.0,0.0,76.0057464158672,1.0,0.0,0.0,0.0,0.0,0.0,76.0057464158672,39.64863386739114,31.57949837426679,0,feet,0.0,0.08814023797217896,-0.08415073674808227,-39.700367233104004,63.70001399999999,9.599864657720062,-39.648633867391155,60.014427080345826,0.0,1,-1.4210854715202004e-14,0.0,0.08814023797217851,-0.0841507463862956,-39.70036723310399,-63.70001399999998,9.599864657720062,-39.64863386739112,-60.014427080345826,0.0,1,-1.4210854715202004e-14,0.0,0.08814025992109675,-0.08415082776076721,72.97523075490543,63.70001399999999,9.599864656876562,73.02696427714199,60.014427080345826,0.0,1,-1.2434497875801753e-14,0.0,0.08814025992109675,-0.08415082776076721,72.97523075490543,-63.70001399999998,9.599864656876562,73.02696427714199,-60.014427080345826,0.0,1,-1.2434497875801753e-14
7.058333333333334,7058333,return_to_standing,0.0,0.0,0.0,76.00900731797974,1.0,0.0,0.0,0.0,0.0,0.0,76.00900731797974,39.64863386739114,31.582759276379335,0,feet,0.0,0.08808432233346375,-0.08409889189587316,-39.700000459690656,63.70001399999999,9.599866627243628,-39.648633867391155,60.014427080345826,0.0,1,-3.019806626980426e-14,0.0,0.08808432233346375,-0.08409890152839106,-39.700000459690635,-63.70001399999998,9.599866627243657,-39.64863386739112,-60.014427080345826,0.0,1,0.0,0.0,0.08808434427029743,-0.08409898285463635,72.97559752841369,63.70001399999999,9.599866626406666,73.02696427714199,60.014427080345826,0.0,1,2.1316282072803006e-14,0.0,0.08808434427029743,-0.08409898285463635,72.97559752841369,-63.70001399999998,9.599866626406666,73.02696427714199,-60.014427080345826,0.0,1,2.1316282072803006e-14
7.066666666666666,7066667,return_to_standing,0.0,0.0,0.0,76.01327074316289,1.0,0.0,0.0,0.0,0.0,0.0,76.01327074316289,39.64863386739114,31.58702270156249,0,feet,0.0,0.08801121216628394,-0.08403110140651515,-39.699520897465334,63.70001399999999,9.5998691812879,-39.648633867391155,60.014427080345826,0.0,1,-1.7763568394002505e-15,0.0,0.08801121216628305,-0.08403111103158611,-39.69952089746528,-63.70001399999998,9.5998691812879,-39.64863386739112,-60.014427080345826,0.0,1,-1.7763568394002505e-15,0.0,0.08801123408731204,-0.08403119229476941,72.97607709076317,63.70001399999999,9.599869180459379,73.02696427714199,60.014427080345826,0.0,1,2.1316282072803006e-14,0.0,0.08801123408731204,-0.08403119229476941,72.97607709076317,-63.70001399999998,9.599869180459379,73.02696427714199,-60.014427080345826,0.0,1,2.1316282072803006e-14
7.075,7075000,return_to_standing,0.0,0.0,0.0,76.01864842584503,1.0,0.0,0.0,0.0,0.0,0.0,76.01864842584503,39.64863386739114,31.592400384244627,0,feet,0.0,0.08791898803921372,-0.0839455830331084,-39.69891595354894,63.70001399999999,9.59987236891628,-39.648633867391155,60.014427080345826,0.0,1,-1.7763568394002505e-14,0.0,0.08791898803921327,-0.08394559264878199,-39.69891595354891,-63.70001399999998,9.599872368916309,-39.64863386739112,-60.014427080345826,0.0,1,1.0658141036401503e-14,0.0,0.08791900994029911,-0.08394567383240714,72.97668203483619,63.70001399999999,9.599872368098445,73.02696427714199,60.014427080345826,0.0,1,1.7763568394002505e-14,0.0,0.08791900994029911,-0.08394567383240714,72.97668203483619,-63.70001399999998,9.599872368098445,73.02696427714199,-60.014427080345826,0.0,1,1.7763568394002505e-14
7.083333333333333,7083333,return_to_standing,0.0,0.0,0.0,76.02524463474263,1.0,0.0,0.0,0.0,0.0,0.0,76.02524463474263,39.64863386739114,31.598996593142232,0,feet,0.0,0.0878058571080369,-0.08384067085379643,-39.69817386436148,63.70001399999999,9.599876227138068,-39.648633867391155,60.014427080345826,0.0,1,-2.6645352591003757e-14,0.0,0.08780585710803646,-0.08384068045794324,-39.698173864361436,-63.70001399999998,9.599876227138097,-39.64863386739112,-60.014427080345826,0.0,1,0.0,0.0,0.0878058789846512,-0.08384076154395936,72.97742412421576,63.70001399999999,9.599876226333308,73.02696427714199,60.014427080345826,0.0,1,2.1316282072803006e-14,0.0,0.0878058789846512,-0.08384076154395936,72.97742412421576,-63.70001399999998,9.599876226333308,73.02696427714199,-60.014427080345826,0.0,1,2.1316282072803006e-14
7.091666666666667,7091667,return_to_standing,0.0,0.0,0.0,76.0331563164317,1.0,0.0,0.0,0.0,0.0,0.0,76.0331563164317,39.64863386739114,31.606908274831298,0,feet,0.0,0.08767015039987225,-0.08371481256804802,-39.69728367762836,63.70001399999999,9.599880779657383,-39.648633867391155,60.014427080345826,0.0,1,1.9539925233402755e-14,0.0,0.08767015039987136,-0.08371482215836279,-39.69728367762831,-63.70001399999998,9.599880779657383,-39.64863386739112,-60.014427080345826,0.0,1,1.9539925233402755e-14,0.0,0.08767017224711982,-0.08371490312727126,72.97831431117933,63.70001399999999,9.599880778868197,73.02696427714199,60.014427080345826,0.0,1,1.4210854715202004e-14,0.0,0.08767017224711982,-0.08371490312727126,72.97831431117933,-63.70001399999998,9.599880778868197,73.02696427714199,-60.014427080345826,0.0,1,1.4210854715202004e-14
7.1,7100000,return_to_standing,0.0,0.0,0.0,76.04247323891906,1.0,0.0,0.0,0.0,0.0,0.0,76.04247323891906,39.64863386739114,31.616225197318656,0,feet,0.0,0.08751032010283932,-0.0835665668023231,-39.69623523442988,63.70001399999999,9.5998860356531,-39.648633867391155,60.014427080345826,0.0,1,1.7763568394002505e-14,0.0,0.08751032010283843,-0.08356657637634513,-39.696235234429835,-63.70001399999998,9.599886035653071,-39.64863386739112,-60.014427080345826,0.0,1,-1.0658141036401503e-14,0.0,0.08751034191548301,-0.08356665720729906,72.97936275464929,63.70001399999999,9.599886034882246,73.02696427714199,60.014427080345826,0.0,1,-8.881784197001252e-15,0.0,0.08751034191548301,-0.08356665720729906,72.97936275464929,-63.70001399999998,9.599886034882246,73.02696427714199,-60.014427080345826,0.0,1,-8.881784197001252e-15
7.108333333333333,7108333,return_to_standing,0.0,0.0,0.0,76.05327813521383,1.0,0.0,0.0,0.0,0.0,0.0,76.05327813521383,39.64863386739114,31.627030093613428,0,feet,0.0,0.08732493686618126,-0.08339460043334634,-39.695019151330584,63.70001399999999,9.59989198861659,-39.648633867391155,60.014427080345826,0.0,1,8.881784197001252e-15,0.0,0.08732493686618037,-0.08339460998846393,-39.695019151330555,-63.70001399999998,9.599891988616562,-39.64863386739112,-60.014427080345826,0.0,1,-1.9539925233402755e-14,0.0,0.0873249586386673,-0.08339469065936944,72.98057883806348,63.70001399999999,9.599891987866968,73.02696427714199,60.014427080345826,0.0,1,-3.552713678800501e-15,0.0,0.0873249586386673,-0.08339469065936944,72.98057883806348,-63.70001399999998,9.599891987866968,73.02696427714199,-60.014427080345826,0.0,1,-3.552713678800501e-15
7.116666666666666,7116667,return_to_standing,0.0,0.0,0.0,76.06564684689882,1.0,0.0,0.0,0.0,0.0,0.0,76.06564684689882,39.64863386739114,31.639398805298413,0,feet,0.0,0.08711268711513265,-0.08319768593611654,-39.69362680262044,63.70001399999999,9.599898615269339,-39.648633867391155,60.014427080345826,0.0,1,-1.4210854715202004e-14,0.0,0.0871126871151322,-0.08319769546958522,-39.6936268026204,-63.70001399999998,9.599898615269339,-39.64863386739112,-60.014427080345826,0.0,1,-1.4210854715202004e-14,0.0,0.08711270884161015,-0.08319777595719602,72.98197118713429,63.70001399999999,9.59989861454396,73.02696427714199,60.014427080345826,0.0,1,2.4868995751603507e-14,0.0,0.08711270884161015,-0.08319777595719602,72.98197118713429,-63.70001399999998,9.59989861454396,73.02696427714199,-60.014427080345826,0.0,1,2.4868995751603507e-14
7.125,7125000,return_to_standing,0.0,0.0,0.0,76.07964846770177,1.0,0.0,0.0,0.0,0.0,0.0,76.07964846770177,39.64863386739114,31.65340042610137,0,feet,0.0,0.0868723703842309,-0.08297469876286234,-39.692050302694966,63.70001399999999,9.599905874581097,-39.648633867391155,60.014427080345826,0.0,1,8.881784197001252e-15,0.0,0.08687237038423001,-0.08297470827181064,-39.692050302694916,-63.70001399999998,9.599905874581097,-39.64863386739112,-60.014427080345826,0.0,1,8.881784197001252e-15,0.0,0.08687239205857722,-0.0829747885518195,72.98354768746819,63.70001399999999,9.599905873882946,73.02696427714199,60.014427080345826,0.0,1,1.0658141036401503e-14,0.0,0.08687239205857722,-0.0829747885518195,72.98354768746819,-63.70001399999998,9.599905873882946,73.02696427714199,-60.014427080345826,0.0,1,1.0658141036401503e-14
7.133333333333334,7133333,return_to_standing,0.0,0.0,0.0,76.09534548706692,1.0,0.0,0.0,0.0,0.0,0.0,76.09534548706692,39.64863386739114,31.66909744546652,0,feet,0.0,0.08660289667224008,-0.08272461475819881,-39.69028248859861,63.70001399999999,9.599913706905014,-39.648633867391155,60.014427080345826,0.0,1,1.4210854715202004e-14,0.0,0.0866028966722392,-0.08272462423963933,-39.69028248859857,-63.70001399999998,9.599913706905014,-39.64863386739112,-60.014427080345826,0.0,1,1.2434497875801753e-14,0.0,0.08660291828808164,-0.08272470428677448,72.98531550202256,63.70001399999999,9.599913706237274,73.02696427714199,60.014427080345826,0.0,1,1.0658141036401503e-14,0.0,0.08660291828808164,-0.08272470428677448,72.98531550202256,-63.70001399999998,9.599913706237274,73.02696427714199,-60.014427080345826,0.0,1,1.0658141036401503e-14
7.141666666666667,7141667,return_to_standing,0.0,0.0,0.0,76.11279393372624,1.0,0.0,0.0,0.0,0.0,0.0,76.11279393372624,39.64863386739114,31.686545892125835,0,feet,0.0,0.08630328382133046,-0.08244650761492212,-39.68831690275016,63.70001399999999,9.599922033244638,-39.648633867391155,60.014427080345826,0.0,1,8.881784197001252e-15,0.0,0.08630328382132957,-0.08244651706576578,-39.68831690275012,-63.70001399999998,9.599922033244638,-39.64863386739112,-60.014427080345826,0.0,1,8.881784197001252e-15,0.0,0.0863033053720641,-0.08244659685387568,72.98728108838037,63.70001399999999,9.599922032610493,73.02696427714199,60.014427080345826,0.0,1,-1.5987211554602254e-14,0.0,0.0863033053720641,-0.08244659685387568,72.98728108838037,-63.70001399999998,9.599922032610493,73.02696427714199,-60.014427080345826,0.0,1,-1.5987211554602254e-14
7.15,7150000,return_to_standing,0.0,0.0,0.0,76.1320435192709,1.0,0.0,0.0,0.0,0.0,0.0,76.1320435192709,39.64863386739114,31.705795477670492,0,feet,0.0,0.08597265492271555,-0.08213954637409238,-39.68614777586742,63.70001399999999,9.599930754663916,-39.648633867391155,60.014427080345826,0.0,1,1.4210854715202004e-14,0.0,0.08597265492271466,-0.08213955579115506,-39.68614777586739,-63.70001399999998,9.599930754663887,-39.64863386739112,-60.014427080345826,0.0,1,-1.4210854715202004e-14,0.0,0.08597267640152717,-0.08213963529329682,72.9894502158254,63.70001399999999,9.599930754066634,73.02696427714199,60.014427080345826,0.0,1,-7.105427357601002e-15,0.0,0.08597267640152717,-0.08213963529329682,72.9894502158254,-63.70001399999998,9.599930754066634,73.02696427714199,-60.014427080345826,0.0,1,-7.105427357601002e-15
7.158333333333333,7158333,return_to_standing,0.0,0.0,0.0,76.1531377817226,1.0,0.0,0.0,0.0,0.0,0.0,76.1531377817226,39.64863386739114,31.726889740122203,0,feet,0.0,0.08561023575048621,-0.08180299297231786,-39.683770010103245,63.70001399999999,9.599939751849817,-39.648633867391155,60.014427080345826,0.0,1,1.7763568394002505e-15,0.0,0.08561023575048576,-0.08180300235233151,-39.68377001010323,-63.70001399999998,9.599939751849789,-39.64863386739112,-60.014427080345826,0.0,1,-2.6645352591003757e-14,0.0,0.08561025715037118,-0.0818030815408548,72.9918279822061,63.70001399999999,9.599939751292695,73.02696427714199,60.014427080345826,0.0,1,2.3092638912203256e-14,0.0,0.08561025715037118,-0.0818030815408548,72.9918279822061,-63.70001399999998,9.599939751292695,73.02696427714199,-60.014427080345826,0.0,1,2.3092638912203256e-14
7.166666666666667,7166667,return_to_standing,0.0,0.0,0.0,76.17611422910504,1.0,0.0,0.0,0.0,0.0,0.0,76.17611422910504,39.64863386739114,31.749866187504637,0,feet,0.0,0.08521535222501297,-0.0814361998384956,-39.68117916240354,63.70001399999999,9.599948884834944,-39.648633867391155,60.014427080345826,0.0,1,7.105427357601002e-15,0.0,0.08521535222501209,-0.081436209178118,-39.68117916240353,-63.70001399999998,9.599948884834888,-39.64863386739112,-60.014427080345826,0.0,1,-4.973799150320701e-14,0.0,0.08521537353879438,-0.08143628802474234,72.99441883057779,63.70001399999999,9.599948884321137,73.02696427714199,60.014427080345826,0.0,1,-1.4210854715202004e-14,0.0,0.08521537353879438,-0.08143628802474234,72.99441883057779,-63.70001399999998,9.599948884321137,73.02696427714199,-60.014427080345826,0.0,1,-1.4210854715202004e-14
7.175,7175000,return_to_standing,0.0,0.0,0.0,76.20100448301515,1.0,0.0,0.0,0.0,0.0,0.0,76.20100448301515,39.64863386739114,31.774756441414752,0,feet,0.0,0.08478742790690186,-0.08103860754163472,-39.67837142809384,63.70001399999999,9.599957992884882,-39.648633867391155,60.014427080345826,0.0,1,-7.105427357601002e-15,0.0,0.08478742790690097,-0.08103861683745972,-39.67837142809378,-63.70001399999998,9.599957992884882,-39.64863386739112,-60.014427080345826,0.0,1,-7.105427357601002e-15,0.0,0.08478744912725045,-0.08103869531335972,72.99722656561599,63.70001399999999,9.599957992417714,73.02696427714199,60.014427080345826,0.0,1,2.842170943040401e-14,0.0,0.08478744912725045,-0.08103869531335972,72.99722656561599,-63.70001399999998,9.599957992417714,73.02696427714199,-60.014427080345826,0.0,1,2.842170943040401e-14
7.183333333333334,7183333,return_to_standing,0.0,0.0,0.0,76.22783442219465,1.0,0.0,0.0,0.0,0.0,0.0,76.22783442219465,39.64863386739114,31.801586380594244,0,feet,0.0,0.0843259815221633,-0.08060974249083053,-39.67534362469922,63.70001399999999,9.599966894554157,-39.648633867391155,60.014427080345826,0.0,1,1.4210854715202004e-14,0.0,0.08432598152216242,-0.08060975173939289,-39.675343624699195,-63.70001399999998,9.599966894554129,-39.64863386739112,-60.014427080345826,0.0,1,-1.4210854715202004e-14,0.0,0.08432600264161438,-0.0806098298152702,73.00025436979638,63.70001399999999,9.599966894136728,73.02696427714199,60.014427080345826,0.0,1,3.019806626980426e-14,0.0,0.08432600264161438,-0.0806098298152702,73.00025436979638,-63.70001399999998,9.599966894136728,73.02696427714199,-60.014427080345826,0.0,1,3.019806626980426e-14
7.191666666666666,7191667,return_to_standing,0.0,0.0,0.0,76.25662432610129,1.0,0.0,0.0,0.0,0.0,0.0,76.25662432610129,39.64863386739114,31.830376284500886,0,feet,0.0,0.08383062451894352,-0.08014921468792746,-39.67209317599979,63.70001399999999,9.599975387911698,-39.648633867391155,60.014427080345826,0.0,1,-1.2434497875801753e-14,0.0,0.08383062451894263,-0.08014922388571621,-39.672093175999755,-63.70001399999998,9.599975387911698,-39.64863386739112,-60.014427080345826,0.0,1,-1.2434497875801753e-14,0.0,0.08383064552991293,-0.08014930153188171,73.00350481933978,63.70001399999999,9.599975387547161,73.02696427714199,60.014427080345826,0.0,1,3.375077994860476e-14,0.0,0.08383064552991293,-0.08014930153188171,73.00350481933978,-63.70001399999998,9.599975387547161,73.02696427714199,-60.014427080345826,0.0,1,3.375077994860476e-14
7.2,7200000,return_to_standing,0.0,0.0,0.0,76.2873890184803,1.0,0.0,0.0,0.0,0.0,0.0,76.2873890184803,39.64863386739114,31.861140976879895,0,feet,0.0,0.08330105865588111,-0.07965671553293552,-39.66861809632097,63.70001399999999,9.599983250936674,-39.648633867391155,60.014427080345826,0.0,1,-1.9539925233402755e-14,0.0,0.08330105865588067,-0.07965672467640239,-39.66861809632092,-63.70001399999998,9.599983250936702,-39.64863386739112,-60.014427080345826,0.0,1,7.105427357601002e-15,0.0,0.08330107955068478,-0.07965680186283874,73.00697989992119,63.70001399999999,9.599983250628014,73.02696427714199,60.014427080345826,0.0,1,1.5987211554602254e-14,0.0,0.08330107955068478,-0.07965680186283874,73.00697989992119,-63.70001399999998,9.599983250628014,73.02696427714199,-60.014427080345826,0.0,1,1.5987211554602254e-14
7.208333333333333,7208333,return_to_standing,0.0,0.0,0.0,76.32013801093576,1.0,0.0,0.0,0.0,0.0,0.0,76.32013801093576,39.590034436339835,31.893889969335362,0,feet,0.0,0.08273741179653626,-0.07913233045560908,-39.664919191827714,63.70001399999999,9.600009873832121,-39.590034436339856,63.70001591752033,0.0,1,2.3092638912203256e-14,0.0,0.08273741179653582,-0.07913233954120757,-39.66491919182768,-63.70001399999998,9.600009873832121,-39.59003443633981,-63.70001591752033,0.0,1,2.3092638912203256e-14,0.0,0.0827374325520025,-0.07913241622353429,73.01067880547691,63.70001399999999,9.600009872683657,73.08556370819328,63.70001591752033,0.0,1,1.4210854715202004e-14,0.0,0.0827374325520025,-0.07913241622353429,73.01067880547691,-63.70001399999998,9.600009872683657,73.08556370819328,-63.70001591752033,0.0,1,1.4210854715202004e-14
7.216666666666667,7216667,return_to_standing,0.0,0.0,0.0,76.35487564650202,1.0,0.0,0.0,0.0,0.0,0.0,76.35487564650202,39.590034436339835,31.92862760490162,0,feet,0.0,0.0821392957428504,-0.07857566258784132,-39.66099387782977,63.70001399999999,9.60003969064411,-39.590034436339856,63.70001591752033,0.0,1,2.842170943040401e-14,0.0,0.08213929574284995,-0.07857567161197698,-39.66099387782977,-63.70001399999998,9.600039690644081,-39.59003443633981,-63.70001591752033,0.0,1,0.0,0.0,0.08213931636673877,-0.0785757477743041,73.01460412049431,63.70001399999999,9.600039689563431,73.08556370819328,63.70001591752033,0.0,1,6.750155989720952e-14,0.0,0.08213931636673877,-0.0785757477743041,73.01460412049431,-63.70001399999998,9.600039689563431,73.08556370819328,-63.70001591752033,0.0,1,6.750155989720952e-14
7.225,7225000,return_to_standing,0.0,0.0,0.0,76.39160124321499,1.0,0.0,0.0,0.0,0.0,0.0,76.39160124321499,39.590034436339835,31.96535320161459,0,feet,0.0,0.08150661846701013,-0.0779865879508983,-39.65684151525248,63.70001399999999,9.600069485086337,-39.590034436339856,63.70001591752033,0.0,1,2.1316282072803006e-14,0.0,0.08150661846700924,-0.07798659690995935,-39.656841515252424,-63.70001399999998,9.600069485086337,-39.59003443633981,-63.70001591752033,0.0,1,2.3092638912203256e-14,0.0,0.08150663895143895,-0.07798667252174774,73.01875648415054,63.70001399999999,9.600069484076343,73.08556370819328,63.70001591752033,0.0,1,-8.881784197001252e-15,0.0,0.08150663895143895,-0.07798667252174774,73.01875648415054,-63.70001399999998,9.600069484076343,73.08556370819328,-63.70001591752033,0.0,1,-8.881784197001252e-15
7.233333333333333,7233333,return_to_standing,0.0,0.0,0.0,76.43030923768362,1.0,0.0,0.0,0.0,0.0,0.0,76.43030923768362,39.590034436339835,32.004061196083214,0,feet,0.0,0.08083941949711493,-0.07736510275673103,-39.65246232687491,63.70001399999999,9.600098961092073,-39.590034436339856,63.70001591752033,0.0,1,-2.6645352591003757e-14,0.0,0.08083941949711404,-0.07736511164709636,-39.65246232687484,-63.70001399999998,9.600098961092101,-39.59003443633981,-63.70001591752033,0.0,1,1.7763568394002505e-15,0.0,0.0808394398341643,-0.07736518667776116,73.02313567366667,63.70001399999999,9.600098960155748,73.08556370819328,63.70001591752033,0.0,1,3.552713678800501e-15,0.0,0.0808394398341643,-0.07736518667776116,73.02313567366667,-63.70001399999998,9.600098960155748,73.08556370819328,-63.70001591752033,0.0,1,3.552713678800501e-15
7.241666666666666,7241667,return_to_standing,0.0,0.0,0.0,76.47098932866119,1.0,0.0,0.0,0.0,0.0,0.0,76.47098932866119,39.590034436339835,32.04474128706079,0,feet,0.0,0.0801378170221132,-0.07671127436511327,-39.64785705045757,63.70001399999999,9.600127803814658,-39.590034436339856,63.70001591752033,0.0,1,2.1316282072803006e-14,0.0,0.08013781702211276,-0.07671128318316356,-39.64785705045753,-63.70001399999998,9.600127803814658,-39.59003443633981,-63.70001591752033,0.0,1,1.9539925233402755e-14,0.0,0.08013783720384016,-0.0767113576021341,73.02774095128191,63.70001399999999,9.600127802954589,73.08556370819328,63.70001591752033,0.0,1,1.4210854715202004e-14,0.0,0.08013783720384016,-0.0767113576021341,73.02774095128191,-63.70001399999998,9.600127802954589,73.08556370819328,-63.70001591752033,0.0,1,1.4210854715202004e-14
7.25,7250000,return_to_standing,0.0,0.0,0.0,76.51362662061679,1.0,0.0,0.0,0.0,0.0,0.0,76.51362662061679,39.590034436339835,32.08737857901639,0,feet,0.0,0.07940200565974864,-0.07602523938561001,-39.64302692435411,63.70001399999999,9.600155681055,-39.590034436339856,63.70001591752033,0.0,1,1.2434497875801753e-14,0.0,0.07940200565974775,-0.07602524812773304,-39.64302692435409,-63.70001399999998,9.600155681054972,-39.59003443633981,-63.70001591752033,0.0,1,-1.5987211554602254e-14,0.0,0.07940202567820132,-0.07602532190451461,73.03257107864252,63.70001399999999,9.600155680273716,73.08556370819328,63.70001591752033,0.0,1,7.105427357601002e-15,0.0,0.07940202567820132,-0.07602532190451461,73.03257107864252,-63.70001399999998,9.600155680273716,73.08556370819328,-63.70001591752033,0.0,1,7.105427357601002e-15
7.258333333333334,7258333,return_to_standing,0.0,0.0,0.0,76.55820176730664,1.0,0.0,0.0,0.0,0.0,0.0,76.55820176730664,39.590034436339835,32.13195372570624,0,feet,0.0,0.07863225425047604,-0.07530720182229977,-39.63797367330896,63.70001399999999,9.600182244824182,-39.590034436339856,63.70001591752033,0.0,1,2.1316282072803006e-14,0.0,0.07863225425047515,-0.07530721048490152,-39.637973673308935,-63.70001399999998,9.600182244824154,-39.59003443633981,-63.70001591752033,0.0,1,-7.105427357601002e-15,0.0,0.07863227409770657,-0.07530728358913619,73.03762433100371,63.70001399999999,9.600182244123928,73.08556370819328,63.70001591752033,0.0,1,-3.019806626980426e-14,0.0,0.07863227409770657,-0.07530728358913619,73.03762433100371,-63.70001399999998,9.600182244123928,73.08556370819328,-63.70001591752033,0.0,1,-3.019806626980426e-14
7.266666666666667,7266667,return_to_standing,0.0,0.0,0.0,76.60469111534549,1.0,0.0,0.0,0.0,0.0,0.0,76.60469111534549,39.590034436339835,32.178443073745086,0,feet,0.0,0.07782890367588458,-0.07455743125871006,-39.63269949442974,63.70001399999999,9.60020713303085,-39.590034436339856,63.70001591752033,0.0,1,-1.7763568394002505e-15,0.0,0.07782890367588413,-0.07455743983821828,-39.632699494429716,-63.70001399999998,9.60020713303085,-39.59003443633981,-63.70001591752033,0.0,1,-1.7763568394002505e-15,0.0,0.0778289233439664,-0.07455751223974572,73.04289851125736,63.70001399999999,9.600207132413786,73.08556370819328,63.70001591752033,0.0,1,-8.881784197001252e-15,0.0,0.0778289233439664,-0.07455751223974572,73.04289851125736,-63.70001399999998,9.600207132413786,73.08556370819328,-63.70001591752033,0.0,1,-8.881784197001252e-15
7.275,7275000,return_to_standing,0.0,0.0,0.0,76.65306684777798,1.0,0.0,0.0,0.0,0.0,0.0,76.65306684777798,39.590034436339835,32.226818806177576,0,feet,0.0,0.07699236470004367,-0.07377626108024282,-39.62720704332063,63.70001399999999,9.600229971285529,-39.590034436339856,63.70001591752033,0.0,1,2.3092638912203256e-14,0.0,0.07699236470004278,-0.07377626957311234,-39.62720704332059,-63.70001399999998,9.6002299712855,-39.59003443633981,-63.70001591752033,0.0,1,-5.329070518200751e-15,0.0,0.07699238418108179,-0.07377634124202626,73.0483909637988,63.70001399999999,9.600229970753446,73.08556370819328,63.70001591752033,0.0,1,1.4210854715202004e-14,0.0,0.07699238418108179,-0.07377634124202626,73.0483909637988,-63.70001399999998,9.600229970753446,73.08556370819328,-63.70001591752033,0.0,1,1.4210854715202004e-14
7.283333333333333,7283333,return_to_standing,0.0,0.0,0.0,76.70329712765007,1.0,0.0,0.0,0.0,0.0,0.0,76.70329712765007,39.590034436339835,32.27704908604967,0,feet,0.0,0.07612311583206433,-0.07296408673115318,-39.62149942036294,63.70001399999999,9.600250374810997,-39.590034436339856,63.70001591752033,0.0,1,0.0,0.0,0.07612311583206344,-0.07296409513387747,-39.621499420362895,-63.70001399999998,9.600250374811026,-39.59003443633981,-63.70001591752033,0.0,1,2.842170943040401e-14,0.0,0.07612313511821123,-0.07296416604058198,73.05409858824598,63.70001399999999,9.600250374365544,73.08556370819328,63.70001591752033,0.0,1,4.085620730620576e-14,0.0,0.07612313511821123,-0.07296416604058198,73.05409858824598,-63.70001399999998,9.600250374365544,73.08556370819328,-63.70001591752033,0.0,1,4.085620730620576e-14
7.291666666666667,7291667,return_to_standing,0.0,0.0,0.0,76.7553462415804,1.0,0.0,0.0,0.0,0.0,0.0,76.7553462415804,39.590034436339835,32.329098199979995,0,feet,0.0,0.07522170120809246,-0.07212136400303581,-39.61558015712811,63.70001399999999,9.60026795044952,-39.590034436339856,63.70001591752033,0.0,1,3.019806626980426e-14,0.0,0.07522170120809113,-0.07212137231214832,-39.615580157128065,-63.70001399999998,9.600267950449492,-39.59003443633981,-63.70001591752033,0.0,1,1.7763568394002505e-15,0.0,0.07522172029155971,-0.07212144242741303,73.0600178530267,63.70001399999999,9.600267950091947,73.08556370819328,63.70001591752033,0.0,1,2.842170943040401e-14,0.0,0.07522172029155971,-0.07212144242741303,73.0600178530267,-63.70001399999998,9.600267950091947,73.08556370819328,-63.70001591752033,0.0,1,2.842170943040401e-14
7.3,7300000,return_to_standing,0.0,0.0,0.0,76.80917474333161,1.0,0.0,0.0,0.0,0.0,0.0,76.80917474333161,39.590034436339835,32.38292670173121,0,feet,0.0,0.07428872849082557,-0.07124860735154082,-39.609453202907844,63.70001399999999,9.60028229875472,-39.590034436339856,63.70001591752033,0.0,1,0.0,0.0,0.07428872849082513,-0.0712486155636265,-39.609453202907815,-63.70001399999998,9.600282298754749,-39.59003443633981,-63.70001591752033,0.0,1,2.842170943040401e-14,0.0,0.07428874736390023,-0.07124868485863889,73.06614480884829,63.70001399999999,9.600282298486192,73.08556370819328,63.70001591752033,0.0,1,4.440892098500626e-14,0.0,0.07428874736390023,-0.07124868485863889,73.06614480884829,-63.70001399999998,9.600282298486192,73.08556370819328,-63.70001591752033,0.0,1,4.440892098500626e-14
7.308333333333334,7308333,return_to_standing,0.0,0.0,0.0,76.86473959738184,1.0,0.0,0.0,0.0,0.0,0.0,76.86473959738184,39.590034436339835,32.43849155578144,0,feet,0.0,0.0733248667845885,-0.07034638823799755,-39.60312291134551,63.70001399999999,9.600293016158432,-39.590034436339856,63.70001591752033,0.0,1,3.552713678800501e-15,0.0,0.07332486678458805,-0.0703463963496942,-39.6031229113455,-63.70001399999998,9.600293016158432,-39.59003443633981,-63.70001591752033,0.0,1,3.552713678800501e-15,0.0,0.07332488543964333,-0.07034646479611384,73.07247510206639,63.70001399999999,9.600293015979688,73.08556370819328,63.70001591752033,0.0,1,2.3092638912203256e-14,0.0,0.07332488543964333,-0.07034646479611384,73.07247510206639,-63.70001399999998,9.600293015979688,73.08556370819328,-63.70001591752033,0.0,1,2.3092638912203256e-14
7.316666666666666,7316667,return_to_standing,0.0,0.0,0.0,76.92199432249603,1.0,0.0,0.0,0.0,0.0,0.0,76.92199432249603,39.590034436339835,32.49574628089563,0,feet,0.0,0.0723308445639037,-0.06941533349244056,-39.59659402715222,63.70001399999999,9.600299697199375,-39.590034436339856,63.70001591752033,0.0,1,-1.2434497875801753e-14,0.0,0.07233084456390326,-0.06941534150044859,-39.59659402715218,-63.70001399999998,9.600299697199404,-39.59003443633981,-63.70001591752033,0.0,1,1.7763568394002505e-14,0.0,0.07233086299341096,-0.06941540907045818,73.07900398796889,63.70001399999999,9.600299697111012,73.08556370819328,63.70001591752033,0.0,1,4.973799150320701e-14,0.0,0.07233086299341096,-0.06941540907045818,73.07900398796889,-63.70001399999998,9.600299697111012,73.08556370819328,-63.70001591752033,0.0,1,4.973799150320701e-14
7.325,7325000,return_to_standing,0.0,0.0,0.0,76.98088913529733,1.0,0.0,0.0,0.0,0.0,0.0,76.98088913529733,39.590034436339835,32.55464109369693,0,feet,0.0,0.07130744761344765,-0.06845612369446519,-39.58987167289098,63.70001399999999,9.600301936803163,-39.590034436339856,63.70001591752033,0.0,1,1.4210854715202004e-14,0.0,0.07130744761344676,-0.06845613159555075,-39.58987167289092,-63.70001399999998,9.600301936803163,-39.59003443633981,-63.70001591752033,0.0,1,1.2434497875801753e-14,0.0,0.07130746580999192,-0.06845619826190319,73.08572634399147,63.70001399999999,9.600301936805323,73.08556370819328,63.70001591752033,0.0,1,1.0658141036401503e-14,0.0,0.07130746580999192,-0.06845619826190319,73.08572634399147,-63.70001399999998,9.600301936805323,73.08556370819328,-63.70001591752033,0.0,1,1.0658141036401503e-14
7.333333333333333,7333333,return_to_standing,0.0,0.0,0.0,77.04137109383846,1.0,0.0,0.0,0.0,0.0,0.0,77.04137109383846,39.590034436339835,32.61512305223806,0,feet,0.0,0.07025551697720189,-0.06746949156823856,-39.58296133581206,63.70001399999999,9.600299332600386,-39.590034436339856,63.70001591752033,0.0,1,1.2434497875801753e-14,0.0,0.070255516977201,-0.06746949935924063,-39.582961335812016,-63.70001399999998,9.600299332600358,-39.59003443633981,-63.70001591752033,0.0,1,-1.7763568394002505e-14,0.0,0.07025553493349479,-0.0674695650953141,73.09263668288264,63.70001399999999,9.600299332693126,73.08556370819328,63.70001591752033,0.0,1,4.085620730620576e-14,0.0,0.07025553493349479,-0.0674695650953141,73.09263668288264,-63.70001399999998,9.600299332693126,73.08556370819328,-63.70001591752033,0.0,1,4.085620730620576e-14
7.341666666666667,7341667,return_to_standing,0.0,0.0,0.0,77.10338424117315,1.0,0.0,0.0,0.0,0.0,0.0,77.10338424117315,39.590034436339835,32.67713619957274,0,feet,0.0,0.06917594691457252,-0.06645622038792309,-39.57586885472173,63.70001399999999,9.600291487271406,-39.590034436339856,63.70001591752033,0.0,1,7.105427357601002e-15,0.0,0.06917594691457163,-0.06645622806576057,-39.575868854721705,-63.70001399999998,9.600291487271377,-39.59003443633981,-63.70001591752033,0.0,1,-2.1316282072803006e-14,0.0,0.06917596462346198,-0.06645629284559762,73.09972916583473,63.70001399999999,9.600291487454356,73.08556370819328,63.70001591752033,0.0,1,2.842170943040401e-14,0.0,0.06917596462346198,-0.06645629284559762,73.09972916583473,-63.70001399999998,9.600291487454356,73.08556370819328,-63.70001591752033,0.0,1,2.842170943040401e-14
7.35,7350000,return_to_standing,0.0,0.0,0.0,77.1668697489274,1.0,0.0,0.0,0.0,0.0,0.0,77.1668697489274,39.590034436339835,32.740621707326994,0,feet,0.0,0.06806968286118797,-0.0654171423896952,-39.56860040686739,63.70001399999999,9.60027801090466,-39.590034436339856,63.70001591752033,0.0,1,3.730349362740526e-14,0.0,0.06806968286118709,-0.06541714995137005,-39.568600406867326,-63.70001399999998,9.60027801090466,-39.59003443633981,-63.70001591752033,0.0,1,3.552713678800501e-14,0.0,0.06806970031567383,-0.06541721374972997,73.10699761559889,63.70001399999999,9.600278011177195,73.08556370819328,63.70001591752033,0.0,1,4.085620730620576e-14,0.0,0.06806970031567383,-0.06541721374972997,73.10699761559889,-63.70001399999998,9.600278011177195,73.08556370819328,-63.70001591752033,0.0,1,4.085620730620576e-14
7.358333333333333,7358333,return_to_standing,0.0,0.0,0.0,77.23176606087104,1.0,0.0,0.0,0.0,0.0,0.0,77.23176606087104,39.590034436339835,32.805518019270636,0,feet,0.0,0.06693771939205906,-0.06435313718649827,-39.561162494821076,63.70001399999999,9.600258523356118,-39.590034436339856,63.70001591752033,0.0,1,3.197442310920451e-14,0.0,0.06693771939205861,-0.06435314462910124,-39.56116249482106,-63.70001399999998,9.600258523356118,-39.59003443633981,-63.70001591752033,0.0,1,3.197442310920451e-14,0.0,0.06693773658530588,-0.06435320742150408,73.1144355296014,63.70001399999999,9.6002585237173,73.08556370819328,63.70001591752033,0.0,1,-7.105427357601002e-15,0.0,0.06693773658530588,-0.06435320742150408,73.1144355296014,-63.70001399999998,9.6002585237173,73.08556370819328,-63.70001591752033,0.0,1,-7.105427357601002e-15
7.366666666666666,7366667,return_to_standing,0.0,0.0,0.0,77.29800903648895,1.0,0.0,0.0,0.0,0.0,0.0,77.29800903648895,39.590034436339835,32.87176099488855,0,feet,0.0,0.06578109818475264,-0.06326513018164004,-39.553561933344284,63.70001399999999,9.600232656597612,-39.590034436339856,63.70001591752033,0.0,1,-1.2434497875801753e-14,0.0,0.0657810981847522,-0.06326513750235874,-39.55356193334423,-63.70001399999998,9.60023265659764,-39.59003443633981,-63.70001591752033,0.0,1,1.5987211554602254e-14,0.0,0.06578111511009865,-0.06326519926513052,73.12203609307934,63.70001399999999,9.600232657046362,73.08556370819328,63.70001591752033,0.0,1,2.4868995751603507e-14,0.0,0.06578111511009865,-0.06326519926513052,73.12203609307934,-63.70001399999998,9.600232657046362,73.08556370819328,-63.70001591752033,0.0,1,2.4868995751603507e-14
7.375,7375000,return_to_standing,0.0,0.0,0.0,77.36553209455253,1.0,0.0,0.0,0.0,0.0,0.0,77.36553209455253,39.590034436339835,32.93928405295213,0,feet,0.0,0.0646009059801842,-0.062154090977291965,-39.545805836215536,63.70001399999999,9.600200057040965,-39.590034436339856,63.70001591752033,0.0,1,1.7763568394002505e-15,0.0,0.06460090598018331,-0.062154098173411665,-39.54580583621547,-63.70001399999998,9.600200057040993,-39.59003443633981,-63.70001591752033,0.0,1,3.019806626980426e-14,0.0,0.06460092263115635,-0.062154158883724,73.12979219225235,63.70001399999999,9.60020005757572,73.08556370819328,63.70001591752033,0.0,1,3.907985046680551e-14,0.0,0.06460092263115635,-0.062154158883724,73.12979219225235,-63.70001399999998,9.60020005757572,73.08556370819328,-63.70001591752033,0.0,1,3.907985046680551e-14
7.383333333333334,7383333,return_to_standing,0.0,0.0,0.0,77.4342663566911,1.0,0.0,0.0,0.0,0.0,0.0,77.4342663566911,39.590034436339835,33.008018315090695,0,feet,0.0,0.06339827253864394,-0.06102103177395746,-39.53790160300433,63.70001399999999,9.600160387825156,-39.590034436339856,63.70001591752033,0.0,1,3.019806626980426e-14,0.0,0.06339827253864261,-0.06102103884286869,-39.537901603004286,-63.70001399999998,9.600160387825127,-39.59003443633981,-63.70001591752033,0.0,1,1.7763568394002505e-15,0.0,0.06339828890897037,-0.061021098478784896,73.13769642754903,63.70001399999999,9.600160388444095,73.08556370819328,63.70001591752033,0.0,1,1.4210854715202004e-14,0.0,0.06339828890897037,-0.061021098478784896,73.13769642754903,-63.70001399999998,9.600160388444095,73.08556370819328,-63.70001591752033,0.0,1,1.4210854715202004e-14
7.391666666666667,7391667,return_to_standing,0.0,0.0,0.0,77.50414079096316,1.0,0.0,0.0,0.0,0.0,0.0,77.50414079096316,39.590034436339835,33.07789274936276,0,feet,0.0,0.06217436858864955,-0.05986700575696435,-39.529856905773315,63.70001399999999,9.600113331054644,-39.590034436339856,63.70001591752033,0.0,1,-5.329070518200751e-15,0.0,0.06217436858864911,-0.059867012696169564,-39.529856905773286,-63.70001399999998,9.600113331054672,-39.59003443633981,-63.70001591752033,0.0,1,2.3092638912203256e-14,0.0,0.06217438467227154,-0.05986707123668111,73.14574112690502,63.70001399999999,9.600113331755807,73.08556370819328,63.70001591752033,0.0,1,7.105427357601002e-15,0.0,0.06217438467227154,-0.05986707123668111,73.14574112690502,-63.70001399999998,9.600113331755807,73.08556370819328,-63.70001591752033,0.0,1,7.105427357601002e-15
7.4,7400000,return_to_standing,0.0,0.0,0.0,77.57508235542792,1.0,0.0,0.0,0.0,0.0,0.0,77.57508235542792,39.590034436339835,33.14883431382752,0,feet,0.0,0.06093040376620129,-0.058693105466046,-39.52167967569169,63.70001399999999,9.600058589976186,-39.590034436339856,63.70001591752033,0.0,1,2.842170943040401e-14,0.0,0.0609304037662004,-0.05869311227315954,-39.521679675691665,-63.70001399999998,9.600058589976157,-39.59003443633981,-63.70001591752033,0.0,1,0.0,0.0,0.06093041955728351,-0.058693169698231795,73.15391835914917,63.70001399999999,9.600058590757243,73.08556370819328,63.70001591752033,0.0,1,5.1514348342607263e-14,0.0,0.06093041955728351,-0.058693169698231795,73.15391835914917,-63.70001399999998,9.600058590757243,73.08556370819328,-63.70001591752033,0.0,1,5.1514348342607263e-14
7.408333333333333,7408333,return_to_standing,0.0,0.0,0.0,77.64701614171662,1.0,0.0,0.0,0.0,0.0,0.0,77.64701614171662,39.507197349167015,33.22076810011622,0,feet,0.0,0.059667736181424846,-0.05750056586786023,-39.513378843656554,63.70001399999999,9.600002226693363,-39.50719734916703,59.93459691168532,0.0,1,2.6645352591003757e-14,0.0,0.05966773618142396,-0.05750057254062879,-39.513378843656525,-63.70001399999998,9.600002226693334,-39.507197349167,-59.93459691168532,0.0,1,-1.7763568394002505e-15,0.0,0.059667751658135426,-0.05750062881594431,73.16221919348828,63.70001399999999,9.600002226624184,73.16840079536533,59.93459691168532,0.0,1,-3.552713678800501e-15,0.0,0.059667751658135426,-0.05750062881594431,73.16221919348828,-63.70001399999998,9.600002226624184,73.16840079536533,-59.93459691168532,0.0,1,-3.552713678800501e-15
7.416666666666667,7416667,return_to_standing,0.0,0.0,0.0,77.71986551860385,1.0,0.0,0.0,0.0,0.0,0.0,77.71986551860385,39.507197349167015,33.29361747700345,0,feet,0.0,0.05838869921791634,-0.05629155111885131,-39.50496966656985,63.70001399999999,9.60000395837531,-39.50719734916703,59.93459691168532,0.0,1,1.4210854715202004e-14,0.0,0.058388699217915896,-0.056291557655259616,-39.5049696665698,-63.70001399999998,9.60000395837534,-39.507197349167,-59.93459691168532,0.0,1,4.263256414560601e-14,0.0,0.058388714391777174,-0.0562916127795563,73.17062837280133,63.70001399999999,9.600003958399725,73.16840079536533,59.93459691168532,0.0,1,2.6645352591003757e-14,0.0,0.058388714391777174,-0.0562916127795563,73.17062837280133,-63.70001399999998,9.600003958399725,73.16840079536533,-59.93459691168532,0.0,1,2.6645352591003757e-14
7.425,7425000,return_to_standing,0.0,0.0,0.0,77.79355227557907,1.0,0.0,0.0,0.0,0.0,0.0,77.79355227557907,39.507197349167015,33.36730423397867,0,feet,0.0,0.05709346103584645,-0.055066180353462446,-39.49645323785609,63.70001399999999,9.599998204555234,-39.50719734916703,59.93459691168532,0.0,1,2.4868995751603507e-14,0.0,0.05709346103584556,-0.05506618675149877,-39.49645323785606,-63.70001399999998,9.599998204555206,-39.507197349167,-59.93459691168532,0.0,1,-3.552713678800501e-15,0.0,0.057093475901780266,-0.05506624070790567,73.1791448037726,63.70001399999999,9.599998204670399,73.16840079536533,59.93459691168532,0.0,1,2.1316282072803006e-14,0.0,0.057093475901780266,-0.05506624070790567,73.1791448037726,-63.70001399999998,9.599998204670399,73.16840079536533,-59.93459691168532,0.0,1,2.1316282072803006e-14
7.433333333333334,7433333,return_to_standing,0.0,0.0,0.0,77.86799676641789,1.0,0.0,0.0,0.0,0.0,0.0,77.86799676641789,39.48805779247933,33.44174872481749,0,feet,0.0,0.055783620101407916,-0.053825927746983915,-39.48784005371171,63.70001399999999,9.599999206947018,-39.488057792479346,66.27374638689588,0.0,1,8.881784197001252e-15,0.0,0.05578362010140747,-0.05382593400479774,-39.48784005371169,-63.70001399999998,9.59999920694699,-39.48805779247932,-66.27374638689588,0.0,1,-1.9539925233402755e-14,0.0,0.05578363465114311,-0.05382598677444239,73.187757990226,63.70001399999999,9.599999206949292,73.18754035205296,66.27374638689588,0.0,1,1.7763568394002505e-15,0.0,0.05578363465114311,-0.05382598677444239,73.187757990226,-63.70001399999998,9.599999206949292,73.18754035205296,-66.27374638689588,0.0,1,1.7763568394002505e-15
7.441666666666666,7441667,return_to_standing,0.0,0.0,0.0,77.94311805275342,1.0,0.0,0.0,0.0,0.0,0.0,77.94311805275342,39.47705198596154,33.51687001115302,0,feet,0.0,0.05446050825243498,-0.05257201969210756,-39.47913885404483,63.70001399999999,9.600004445081566,-39.47705198596153,60.71151150841919,0.0,1,7.105427357601002e-15,0.0,0.054460508252435424,-0.05257202580798026,-39.47913885404484,-63.70001399999998,9.600004445081595,-39.47705198596155,-60.71151150841919,0.0,1,3.552713678800501e-14,0.0,0.05446052248312405,-0.052572077377988524,73.19645919221756,63.70001399999999,9.600004445060222,73.19854615857074,60.71151150841919,0.0,1,2.6645352591003757e-14,0.0,0.05446052248312405,-0.052572077377988524,73.19645919221756,-63.70001399999998,9.600004445060222,73.19854615857074,-60.71151150841919,0.0,1,2.6645352591003757e-14
7.45,7450000,return_to_standing,0.0,0.0,0.0,78.01883404764781,1.0,0.0,0.0,0.0,0.0,0.0,78.01883404764781,39.47705198596154,33.59258600604741,0,feet,0.0,0.05312532309963336,-0.051305558942047025,-39.470357506566145,63.70001399999999,9.600002337736683,-39.47705198596153,60.71151150841919,0.0,1,3.552713678800501e-15,0.0,0.05312532309963425,-0.05130556491437854,-39.47035750656619,-63.70001399999998,9.600002337736683,-39.47705198596155,-60.71151150841919,0.0,1,1.7763568394002505e-15,0.0,0.05312533700908295,-0.05130561527326849,73.20524054203187,63.70001399999999,9.60000233780356,73.19854615857074,60.71151150841919,0.0,1,-1.9539925233402755e-14,0.0,0.05312533700908295,-0.05130561527326849,73.20524054203187,-63.70001399999998,9.60000233780356,73.19854615857074,-60.71151150841919,0.0,1,-1.9539925233402755e-14
7.458333333333333,7458333,return_to_standing,0.0,0.0,0.0,78.09506165916346,1.0,0.0,0.0,0.0,0.0,0.0,78.09506165916346,39.459382405000476,33.66881361756306,0,feet,0.0,0.051779575772727515,-0.05002794946274314,-39.46150595038621,63.70001399999999,9.599997770481195,-39.459382405000476,60.73333348422281,0.0,1,1.0658141036401503e-14,0.0,0.051779575772727515,-0.050027955290087966,-39.46150595038621,-63.70001399999998,9.599997770481195,-39.459382405000476,-60.73333348422281,0.0,1,1.0658141036401503e-14,0.0,0.051779589354000066,-0.05002800442286093,73.21409210058926,63.70001399999999,9.599997770460504,73.2162157395317,60.73333348422281,0.0,1,1.5987211554602254e-14,0.0,0.051779589354000066,-0.05002800442286093,73.21409210058926,-63.70001399999998,9.599997770460504,73.2162157395317,-60.73333348422281,0.0,1,1.5987211554602254e-14
7.466666666666667,7466667,return_to_standing,0.0,0.0,0.0,78.17171693393449,1.0,0.0,0.0,0.0,0.0,0.0,78.17171693393449,39.450507719795304,33.74546889233409,0,feet,0.0,0.05042490157140378,-0.048740718705878816,-39.45259492855753,63.70001399999999,9.60000145244284,-39.450507719795304,60.7399748722095,0.0,1,-3.552713678800501e-15,0.0,0.05042490157140378,-0.048740724386959755,-39.45259492855752,-63.70001399999998,9.600001452442868,-39.450507719795304,-60.7399748722095,0.0,1,2.6645352591003757e-14,0.0,0.05042491482259104,-0.048740772284461276,73.2230031248036,63.70001399999999,9.60000145242303,73.22509042473682,60.7399748722095,0.0,1,1.0658141036401503e-14,0.0,0.05042491482259104,-0.048740772284461276,73.2230031248036,-63.70001399999998,9.60000145242303,73.22509042473682,-60.7399748722095,0.0,1,1.0658141036401503e-14
7.475,7475000,return_to_standing,0.0,0.0,0.0,78.24871520073813,1.0,0.0,0.0,0.0,0.0,0.0,78.24871520073813,39.450507719795304,33.82246715913773,0,feet,0.0,0.04906251542502549,-0.04744499910301547,-39.44363243278288,63.70001399999999,9.59999921738401,-39.450507719795304,60.7399748722095,0.0,1,1.7763568394002505e-15,0.0,0.04906251542502549,-0.04744500463667656,-39.44363243278288,-63.70001399999998,9.59999921738401,-39.450507719795304,-60.7399748722095,0.0,1,1.7763568394002505e-15,0.0,0.049062528344385736,-0.047445051290715856,73.23196562297093,63.70001399999999,9.59999921744759,73.22509042473682,60.7399748722095,0.0,1,0.0,0.0,0.049062528344385736,-0.047445051290715856,73.23196562297093,-63.70001399999998,9.59999921744759,73.22509042473682,-60.7399748722095,0.0,1,0.0
7.483333333333333,7483333,return_to_standing,0.0,0.0,0.0,78.32597121406607,1.0,0.0,0.0,0.0,0.0,0.0,78.32597121406607,39.44026713046647,33.89972317246567,0,feet,0.0,0.04769400088720088,-0.04614227804798077,-39.43462888540752,63.70001399999999,9.59999682196073,-39.44026713046647,60.74619282880431,0.0,1,1.9539925233402755e-14,0.0,0.04769400088720088,-0.046142283433235676,-39.43462888540748,-63.70001399999998,9.599996821960758,-39.44026713046647,-60.74619282880431,0.0,1,4.796163466380676e-14,0.0,0.04769401347019375,-0.046142328834001045,73.24096917276398,63.70001399999999,9.599996822011462,73.23533101406565,60.74619282880431,0.0,1,3.197442310920451e-14,0.0,0.04769401347019375,-0.046142328834001045,73.24096917276398,-63.70001399999998,9.599996822011462,73.23533101406565,-60.74619282880431,0.0,1,3.197442310920451e-14
7.491666666666666,7491667,return_to_standing,0.0,0.0,0.0,78.40339929769586,1.0,0.0,0.0,0.0,0.0,0.0,78.40339929769586,39.44026713046647,33.97715125609545,0,feet,0.0,0.0463207297963204,-0.04483384651861089,-39.4255933175163,63.70001399999999,9.599987263047652,-39.44026713046647,60.74619282880431,0.0,1,2.842170943040401e-14,0.0,0.0463207297963204,-0.04483385175461363,-39.4255933175163,-63.70001399999998,9.599987263047652,-39.44026713046647,-60.74619282880431,0.0,1,2.842170943040401e-14,0.0,0.04632074204202841,-0.04483389589665698,73.25000474307382,63.70001399999999,9.599987263175919,73.23533101406565,60.74619282880431,0.0,1,-1.2434497875801753e-14,0.0,0.04632074204202841,-0.04483389589665698,73.25000474307382,-63.70001399999998,9.599987263175919,73.23533101406565,-60.74619282880431,0.0,1,-1.2434497875801753e-14
7.5,7500000,return_to_standing,0.0,0.0,0.0,78.48091348826223,1.0,0.0,0.0,0.0,0.0,0.0,78.48091348826223,39.44026713046647,34.05466544666183,0,feet,0.0,0.044944185034420325,-0.04352110591598857,-39.416535498670584,63.70001399999999,9.599969144800198,-39.44026713046647,60.74619282880431,0.0,1,2.3092638912203256e-14,0.0,0.044944185034420325,-0.04352111100205214,-39.416535498670584,-63.70001399999998,9.599969144800198,-39.44026713046647,-60.74619282880431,0.0,1,2.3092638912203256e-14,0.0,0.04494419694059859,-0.043521153879651386,73.25906256434763,63.70001399999999,9.59996914500168,73.23533101406565,60.74619282880431,0.0,1,-1.7763568394002505e-15,0.0,0.04494419694059859,-0.043521153879651386,73.25906256434763,-63.70001399999998,9.59996914500168,73.23533101406565,-60.74619282880431,0.0,1,-1.7763568394002505e-15
7.508333333333334,7508333,return_to_standing,0.0,0.0,0.0,78.55842767882861,1.0,0.0,0.0,0.0,0.0,0.0,78.55842767882861,39.32671322032474,34.132179637228205,0,feet,0.0,0.04356629986932381,-0.04220589196804303,-39.40746818828053,63.70001399999999,9.599965838250071,-39.32671322032474,63.700015918920016,0.0,1,2.3092638912203256e-14,0.0,0.04356629986932381,-0.04220589690368781,-39.40746818828052,-63.70001399999998,9.599965838250071,-39.32671322032474,-63.700015918920016,0.0,1,2.3092638912203256e-14,0.0,0.0435663114175866,-0.042205938496984174,73.26812987728044,63.70001399999999,9.599965837585742,73.34888492420669,63.700015918920016,0.0,1,-5.329070518200751e-15,0.0,0.0435663114175866,-0.042205938496984174,73.26812987728044,-63.70001399999998,9.599965837585742,73.34888492420669,-63.700015918920016,0.0,1,-5.329070518200751e-15
7.516666666666667,7516667,return_to_standing,0.0,0.0,0.0,78.63585576245839,1.0,0.0,0.0,0.0,0.0,0.0,78.63585576245839,39.32671322032474,34.20960772085799,0,feet,0.0,0.04218967363979642,-0.04089068843287613,-39.398408407755326,63.70001399999999,9.60003777391097,-39.32671322032474,63.700015918920016,0.0,1,3.730349362740526e-14,0.0,0.04218967363979642,-0.04089069321790362,-39.398408407755326,-63.70001399999998,9.60003777391097,-39.32671322032474,-63.700015918920016,0.0,1,3.730349362740526e-14,0.0,0.04218968484611496,-0.040890733541629753,73.27718966023735,63.70001399999999,9.600037773339324,73.34888492420669,63.700015918920016,0.0,1,0.0,0.0,0.04218968484611496,-0.040890733541629753,73.27718966023735,-63.70001399999998,9.600037773339324,73.34888492420669,-63.700015918920016,0.0,1,0.0
7.525,7525000,return_to_standing,0.0,0.0,0.0,78.71311177578633,1.0,0.0,0.0,0.0,0.0,0.0,78.71311177578633,39.32671322032474,34.28686373418593,0,feet,0.0,0.04081434564908237,-0.03957553506459188,-39.389356436849,63.70001399999999,9.600101108209259,-39.32671322032474,63.700015918920016,0.0,1,-1.7763568394002505e-14,0.0,0.04081434564908237,-0.039575539698810225,-39.38935643684897,-63.70001399999998,9.600101108209316,-39.32671322032474,-63.700015918920016,0.0,1,3.907985046680551e-14,0.0,0.04081435651232468,-0.03957557875140294,73.28624163357702,63.70001399999999,9.600101107725749,73.34888492420669,63.700015918920016,0.0,1,2.842170943040401e-14,0.0,0.04081435651232468,-0.03957557875140294,73.28624163357702,-63.70001399999998,9.600101107725749,73.34888492420669,-63.700015918920016,0.0,1,2.842170943040401e-14
7.533333333333333,7533333,return_to_standing,0.0,0.0,0.0,78.79011004258997,1.0,0.0,0.0,0.0,0.0,0.0,78.79011004258997,39.32671322032474,34.36386200098957,0,feet,0.0,0.039441846133226655,-0.0382618993775381,-39.38032236932568,63.70001399999999,9.600155807046079,-39.32671322032474,63.700015918920016,0.0,1,-1.7763568394002505e-14,0.0,0.039441846133226655,-0.0382619038609211,-39.38032236932568,-63.70001399999998,9.600155807046079,-39.32671322032474,-63.700015918920016,0.0,1,-1.7763568394002505e-14,0.0,0.03944185665264799,-0.03826194164223029,73.29527570353247,63.70001399999999,9.600155806645901,73.34888492420669,63.700015918920016,0.0,1,4.263256414560601e-14,0.0,0.03944185665264799,-0.03826194164223029,73.29527570353247,-63.70001399999998,9.600155806645901,73.34888492420669,-63.700015918920016,0.0,1,4.263256414560601e-14
7.541666666666667,7541667,return_to_standing,0.0,0.0,0.0,78.866765317361,1.0,0.0,0.0,0.0,0.0,0.0,78.866765317361,39.32671322032474,34.4405172757606,0,feet,0.0,0.03807370553063816,-0.03695125436005631,-39.37131630318582,63.70001399999999,9.600201874201247,-39.32671322032474,63.700015918920016,0.0,1,1.9539925233402755e-14,0.0,0.03807370553063816,-0.036951258692748734,-39.37131630318582,-63.70001399999998,9.600201874201247,-39.32671322032474,-63.700015918920016,0.0,1,1.9539925233402755e-14,0.0,0.03807371570588236,-0.036951295204044055,73.30428177210047,63.70001399999999,9.600201873879485,73.34888492420669,63.700015918920016,0.0,1,-2.842170943040401e-14,0.0,0.03807371570588236,-0.036951295204044055,73.30428177210047,-63.70001399999998,9.600201873879485,73.34888492420669,-63.700015918920016,0.0,1,-2.842170943040401e-14
7.55,7550000,return_to_standing,0.0,0.0,0.0,78.94299292887665,1.0,0.0,0.0,0.0,0.0,0.0,78.94299292887665,39.32671322032474,34.516744887276246,0,feet,0.0,0.03671145189630609,-0.03564507597298494,-39.362348323415915,63.70001399999999,9.600239351174835,-39.32671322032474,63.700015918920016,0.0,1,3.375077994860476e-14,0.0,0.03671145189630609,-0.035645080155301656,-39.362348323415915,-63.70001399999998,9.600239351174835,-39.32671322032474,-63.700015918920016,0.0,1,3.375077994860476e-14,0.0,0.03671146172741446,-0.03564511539929427,73.31324975429197,63.70001399999999,9.600239350926742,73.34888492420669,63.700015918920016,0.0,1,-1.5987211554602254e-14,0.0,0.03671146172741446,-0.03564511539929427,73.31324975429197,-63.70001399999998,9.600239350926742,73.34888492420669,-63.700015918920016,0.0,1,-1.5987211554602254e-14
7.558333333333334,7558333,return_to_standing,0.0,0.0,0.0,79.01870892377104,1.0,0.0,0.0,0.0,0.0,0.0,79.01870892377104,39.32671322032474,34.59246088217064,0,feet,0.0,0.03535660827332654,-0.03434484057915066,-39.35342848444553,63.70001399999999,9.600268316827396,-39.32671322032474,63.700015918920016,0.0,1,-2.6645352591003757e-14,0.0,0.03535660827332654,-0.03434484461157972,-39.353428484445494,-63.70001399999998,9.600268316827453,-39.32671322032474,-63.700015918920016,0.0,1,3.019806626980426e-14,0.0,0.03535661776074184,-0.03434487859242008,73.32216959567467,63.70001399999999,9.600268316648169,73.34888492420669,63.700015918920016,0.0,1,-1.2434497875801753e-14,0.0,0.03535661776074184,-0.03434487859242008,73.32216959567467,-63.70001399999998,9.600268316648169,73.34888492420669,-63.700015918920016,0.0,1,-1.2434497875801753e-14
7.566666666666666,7566667,return_to_standing,0.0,0.0,0.0,79.09383021010657,1.0,0.0,0.0,0.0,0.0,0.0,79.09383021010657,39.32671322032474,34.66758216850617,0,feet,0.0,0.03401069002146473,-0.03305202230344495,-39.34456679231298,63.70001399999999,9.600288886819214,-39.32671322032474,63.700015918920016,0.0,1,-1.2434497875801753e-14,0.0,0.03401069002146473,-0.033052026186644934,-39.34456679231295,-63.70001399999998,9.600288886819243,-39.32671322032474,-63.700015918920016,0.0,1,1.7763568394002505e-14,0.0,0.03401069916603561,-0.033052058909932125,73.33103129020745,63.70001399999999,9.600288886703936,73.34888492420669,63.700015918920016,0.0,1,3.019806626980426e-14,0.0,0.03401069916603561,-0.033052058909932125,73.33103129020745,-63.70001399999998,9.600288886703936,73.34888492420669,-63.700015918920016,0.0,1,3.019806626980426e-14
7.575,7575000,return_to_standing,0.0,0.0,0.0,79.16827470094539,1.0,0.0,0.0,0.0,0.0,0.0,79.16827470094539,39.32671322032474,34.74202665934499,0,feet,0.0,0.032675202102686374,-0.03176809032348826,-39.33577318654105,63.70001399999999,9.600301212849004,-39.32671322032474,63.700015918920016,0.0,1,2.1316282072803006e-14,0.0,0.032675202102686374,-0.03176809405829095,-39.33577318654106,-63.70001399999998,9.600301212848976,-39.32671322032474,-63.700015918920016,0.0,1,-7.105427357601002e-15,0.0,0.03267521090567227,-0.031768125531072666,73.33982489836472,63.70001399999999,9.60030121279273,73.34888492420669,63.700015918920016,0.0,1,1.5987211554602254e-14,0.0,0.03267521090567227,-0.031768125531072666,73.33982489836472,-63.70001399999998,9.60030121279273,73.34888492420669,-63.700015918920016,0.0,1,1.5987211554602254e-14
7.583333333333333,7583333,return_to_standing,0.0,0.0,0.0,79.24196145792061,1.0,0.0,0.0,0.0,0.0,0.0,79.24196145792061,39.32671322032474,34.81571341632021,0,feet,0.0,0.03135163632386151,-0.030494506091249818,-39.327057521726324,63.70001399999999,9.600305481695585,-39.32671322032474,63.700015918920016,0.0,1,1.4210854715202004e-14,0.0,0.03135163632386151,-0.030494509678660187,-39.3270575217263,-63.70001399999998,9.600305481695585,-39.32671322032474,-63.700015918920016,0.0,1,1.4210854715202004e-14,0.0,0.03135164478693353,-0.03049453990943629,73.3485405655473,63.70001399999999,9.600305481693539,73.34888492420669,63.700015918920016,0.0,1,2.1316282072803006e-14,0.0,0.03135164478693353,-0.03049453990943629,73.3485405655473,-63.70001399999998,9.600305481693539,73.34888492420669,-63.700015918920016,0.0,1,2.1316282072803006e-14
7.591666666666667,7591667,return_to_standing,0.0,0.0,0.0,79.31481083480784,1.0,0.0,0.0,0.0,0.0,0.0,79.31481083480784,39.32671322032474,34.88856279320744,0,feet,0.0,0.030041468537056026,-0.029232720486379815,-39.31842954884722,63.70001399999999,9.600301914065255,-39.32671322032474,63.700015918920016,0.0,1,3.552713678800501e-14,0.0,0.030041468537056026,-0.029232723927575588,-39.31842954884722,-63.70001399999998,9.600301914065255,-39.32671322032474,-63.700015918920016,0.0,1,3.552713678800501e-14,0.0,0.03004147666229917,-0.02923275292629146,73.35716854077398,63.70001399999999,9.600301914112578,73.34888492420669,63.700015918920016,0.0,1,-2.1316282072803006e-14,0.0,0.03004147666229917,-0.02923275292629146,73.35716854077398,-63.70001399999998,9.600301914112578,73.34888492420669,-63.700015918920016,0.0,1,-2.1316282072803006e-14
7.6,7600000,return_to_standing,0.0,0.0,0.0,79.38674462109654,1.0,0.0,0.0,0.0,0.0,0.0,79.38674462109654,39.31224498573503,34.96049657949614,0,feet,0.0,0.02874623615155114,-0.027984248335919837,-39.30989942689746,63.70001399999999,9.60029522201998,-39.31224498573502,63.70001591896379,0.0,1,2.6645352591003757e-14,0.0,0.028746236151551585,-0.02798425163225815,-39.30989942689749,-63.70001399999998,9.600295222019952,-39.312244985735035,-63.7000159189638,0.0,1,-1.7763568394002505e-15,0.0,0.02874624394006231,-0.027984279409002166,73.36569866505758,63.70001399999999,9.600295222032798,73.36335315879631,63.70001591896379,0.0,1,0.0,0.0,0.02874624394006231,-0.027984279409002166,73.36569866505758,-63.70001399999998,9.600295222032798,73.36335315879631,-63.7000159189638,0.0,1,0.0
7.608333333333333,7608333,return_to_standing,0.0,0.0,0.0,79.4576861855613,1.0,0.0,0.0,0.0,0.0,0.0,79.4576861855613,39.31224498573503,35.0314381439609,0,feet,0.0,0.027467442753210225,-0.026750576979426288,-39.30147708144557,63.70001399999999,9.600289469793225,-39.31224498573502,63.70001591896379,0.0,1,3.552713678800501e-15,0.0,0.027467442753211113,-0.026750580132444135,-39.3014770814456,-63.70001399999998,9.600289469793239,-39.312244985735035,-63.7000159189638,0.0,1,1.7763568394002505e-14,0.0,0.02746745020943342,-0.026750606701610113,73.37412101280759,63.70001399999999,9.6002894698496,73.36335315879631,63.70001591896379,0.0,1,-1.5987211554602254e-14,0.0,0.02746745020943342,-0.026750606701610113,73.37412101280759,-63.70001399999998,9.6002894698496,73.36335315879631,-63.7000159189638,0.0,1,-1.5987211554602254e-14
7.616666666666666,7616667,return_to_standing,0.0,0.0,0.0,79.52756061983337,1.0,0.0,0.0,0.0,0.0,0.0,79.52756061983337,39.31224498573503,35.101312578232964,0,feet,0.0,0.02620634776041042,-0.0255329619768494,-39.29317084131583,63.70001399999999,9.600276560005966,-39.31224498573502,63.70001591896379,0.0,1,-5.329070518200751e-15,0.0,0.02620634776041042,-0.02553296498823432,-39.29317084131581,-63.70001399999998,9.600276560005994,-39.312244985735035,-63.7000159189638,0.0,1,2.3092638912203256e-14,0.0,0.026206354887674976,-0.025532990364062425,73.38242725520723,63.70001399999999,9.600276560101335,73.36335315879631,63.70001591896379,0.0,1,-2.1316282072803006e-14,0.0,0.026206354887674976,-0.025532990364062425,73.38242725520723,-63.70001399999998,9.600276560101335,73.36335315879631,-63.7000159189638,0.0,1,-2.1316282072803006e-14
7.625,7625000,return_to_standing,0.0,0.0,0.0,79.59629488197193,1.0,0.0,0.0,0.0,0.0,0.0,79.59629488197193,39.31224498573503,35.170046840371526,0,feet,0.0,0.024964334129531363,-0.024332781854013774,-39.284989849398485,63.70001399999999,9.600256819956897,-39.31224498573502,63.70001591896379,0.0,1,1.0658141036401503e-14,0.0,0.024964334129531363,-0.02433278472562117,-39.284989849398485,-63.70001399999998,9.600256819956897,-39.312244985735035,-63.7000159189638,0.0,1,1.0658141036401503e-14,0.0,0.024964340931580953,-0.024332808923754445,73.39060824936354,63.70001399999999,9.600256820086827,73.36335315879631,63.70001591896379,0.0,1,1.7763568394002505e-15,0.0,0.024964340931580953,-0.024332808923754445,73.39060824936354,-63.70001399999998,9.600256820086827,73.36335315879631,-63.7000159189638,0.0,1,1.7763568394002505e-15
7.633333333333334,7633333,return_to_standing,0.0,0.0,0.0,79.66381794003551,1.0,0.0,0.0,0.0,0.0,0.0,79.66381794003551,39.31224498573503,35.23756989843511,0,feet,0.0,0.02374275426483452,-0.023151389363381014,-39.27694304764006,63.70001399999999,9.600230602686196,-39.31224498573502,63.70001591896379,0.0,1,2.3092638912203256e-14,0.0,0.02374275426483452,-0.02315139209723105,-39.27694304764006,-63.70001399999998,9.600230602686196,-39.312244985735035,-63.7000159189638,0.0,1,2.3092638912203256e-14,0.0,0.02374276074582138,-0.023151415134695874,73.39865505332745,63.70001399999999,9.600230602846324,73.36335315879631,63.70001591896379,0.0,1,-4.440892098500626e-14,0.0,0.02374276074582138,-0.023151415134695874,73.39865505332745,-63.70001399999998,9.600230602846324,73.36335315879631,-63.7000159189638,0.0,1,-4.440892098500626e-14
7.641666666666667,7641667,return_to_standing,0.0,0.0,0.0,79.73006091565343,1.0,0.0,0.0,0.0,0.0,0.0,79.73006091565343,39.31224498573503,35.30381287405302,0,feet,0.0,0.02254292698873206,-0.021990108267635033,-39.26903915686548,63.70001399999999,9.600198284823975,-39.31224498573502,63.70001591896379,0.0,1,3.552713678800501e-15,0.0,0.02254292698873206,-0.021990110865909962,-39.2690391568655,-63.70001399999998,9.600198284823946,-39.312244985735035,-63.7000159189638,0.0,1,-2.4868995751603507e-14,0.0,0.02254293315321343,-0.021990132761098735,73.40655894627153,63.70001399999999,9.60019828501025,73.36335315879631,63.70001591896379,0.0,1,-1.5987211554602254e-14,0.0,0.02254293315321343,-0.021990132761098735,73.40655894627153,-63.70001399999998,9.60019828501025,73.36335315879631,-63.7000159189638,0.0,1,-1.5987211554602254e-14
7.65,7650000,return_to_standing,0.0,0.0,0.0,79.79495722759707,1.0,0.0,0.0,0.0,0.0,0.0,79.79495722759707,39.31224498573503,35.368709185996664,0,feet,0.0,0.02136613448008573,-0.020850230072044784,-39.26128665640083,63.70001399999999,9.60016026430064,-39.31224498573502,63.70001591896379,0.0,1,3.552713678800501e-15,0.0,0.021366134480086174,-0.02085023253708629,-39.26128665640085,-63.70001399999998,9.600160264300655,-39.312244985735035,-63.7000159189638,0.0,1,1.7763568394002505e-14,0.0,0.021366140333018535,-0.02085025330972501,73.41431144886718,63.70001399999999,9.600160264509029,73.36335315879631,63.70001591896379,0.0,1,-2.1316282072803006e-14,0.0,0.021366140333018535,-0.02085025330972501,73.41431144886718,-63.70001399999998,9.600160264509029,73.36335315879631,-63.7000159189638,0.0,1,-2.1316282072803006e-14
7.658333333333333,7658333,return_to_standing,0.0,0.0,0.0,79.85844273535133,1.0,0.0,0.0,0.0,0.0,0.0,79.85844273535133,39.31224498573503,35.43219469375093,0,feet,0.0,0.020213619183086173,-0.019733010709702015,-39.25369376351449,63.70001399999999,9.600116957931391,-39.31224498573502,63.70001591896379,0.0,1,-1.7763568394002505e-15,0.0,0.02021361918308706,-0.019733013044005876,-39.25369376351452,-63.70001399999998,9.60011695793142,-39.312244985735035,-63.7000159189638,0.0,1,2.6645352591003757e-14,0.0,0.020213624729819912,-0.019733032715129717,73.42190434384366,63.70001399999999,9.600116958158097,73.36335315879631,63.70001591896379,0.0,1,-1.5987211554602254e-14,0.0,0.020213624729819912,-0.019733032715129717,73.42190434384366,-63.70001399999998,9.600116958158097,73.36335315879631,-63.7000159189638,0.0,1,-1.5987211554602254e-14
7.666666666666667,7666667,return_to_standing,0.0,0.0,0.0,79.920455882686,1.0,0.0,0.0,0.0,0.0,0.0,79.920455882686,39.31224498573503,35.4942078410856,0,feet,0.0,0.01908658068951663,-0.018639667184175313,-39.24626841269646,63.70001399999999,9.600068798888685,-39.31224498573502,63.70001591896379,0.0,1,2.6645352591003757e-14,0.0,0.019086580689517074,-0.018639669390390523,-39.24626841269651,-63.70001399999998,9.600068798888671,-39.312244985735035,-63.7000159189638,0.0,1,1.4210854715202004e-14,0.0,0.019086585935785383,-0.018639687982305198,73.42932969670858,63.70001399999999,9.600068799130042,73.36335315879631,63.70001591896379,0.0,1,-1.9539925233402755e-14,0.0,0.019086585935785383,-0.018639687982305198,73.42932969670858,-63.70001399999998,9.600068799130042,73.36335315879631,-63.7000159189638,0.0,1,-1.9539925233402755e-14
7.675,7675000,return_to_standing,0.0,0.0,0.0,79.98093784122713,1.0,0.0,0.0,0.0,0.0,0.0,79.98093784122713,39.31224498573503,35.55468979962673,0,feet,0.0,0.017986172597437733,-0.01757137417447474,-39.23901823479646,63.70001399999999,9.600016234076534,-39.31224498573502,63.70001591896379,0.0,1,3.197442310920451e-14,0.0,0.017986172597437733,-0.017571376255396842,-39.23901823479646,-63.70001399999998,9.600016234076534,-39.312244985735035,-63.7000159189638,0.0,1,3.197442310920451e-14,0.0,0.017986177549353055,-0.017571393791646184,73.43657987660993,63.70001399999999,9.600016234329175,73.36335315879631,63.70001591896379,0.0,1,1.7763568394002505e-15,0.0,0.017986177549353055,-0.017571393791646184,73.43657987660993,-63.70001399999998,9.600016234329175,73.36335315879631,-63.7000159189638,0.0,1,1.7763568394002505e-15
7.683333333333334,7683333,return_to_standing,0.0,0.0,0.0,80.03983265402843,1.0,0.0,0.0,0.0,0.0,0.0,80.03983265402843,39.31224498573503,35.61358461242803,0,feet,0.0,0.016913499349573424,-0.016529260607602403,-39.2319505360434,63.70001399999999,9.59995972142248,-39.31224498573502,63.70001591896379,0.0,1,-7.105427357601002e-15,0.0,0.016913499349573424,-0.016529262566168157,-39.2319505360434,-63.70001399999998,9.59995972142248,-39.312244985735035,-63.7000159189638,0.0,1,-7.105427357601002e-15,0.0,0.016913504013611025,-0.0165292790714906,73.44364757731665,63.70001399999999,9.599959721683192,73.36335315879631,63.70001591896379,0.0,1,-1.5987211554602254e-14,0.0,0.016913504013611025,-0.0165292790714906,73.44364757731665,-63.70001399999998,9.599959721683192,73.36335315879631,-63.7000159189638,0.0,1,-1.5987211554602254e-14
7.691666666666666,7691667,return_to_standing,0.0,0.0,0.0,80.09708737914262,1.0,0.0,0.0,0.0,0.0,0.0,80.09708737914262,39.196041818451874,35.67083933754222,0,feet,0.0,0.0158705874611913,-0.015515354088974753,-39.22507869075021,63.70001399999999,9.59995321016386,-39.196041818451874,65.90477742429005,0.0,1,1.0658141036401503e-14,0.0,0.0158705874611913,-0.015515355928370056,-39.22507869075021,-63.70001399999998,9.59995321016386,-39.196041818451874,-65.90477742429005,0.0,1,1.0658141036401503e-14,0.0,0.01587059183799555,-0.015515371423312718,73.45051942455405,63.70001399999999,9.59995321007544,73.47955632607938,65.90477742429005,0.0,1,-7.105427357601002e-15,0.0,0.01587059183799555,-0.015515371423312718,73.45051942455405,-63.70001399999998,9.59995321007544,73.47955632607938,-65.90477742429005,0.0,1,-7.105427357601002e-15
7.7,7700000,return_to_standing,0.0,0.0,0.0,80.15265223319285,1.0,0.0,0.0,0.0,0.0,0.0,80.15265223319285,39.196041818451874,35.72640419159245,0,feet,0.0,0.014857959341973093,-0.014530223539148679,-39.21840613014891,63.70001399999999,9.599971073646543,-39.196041818451874,65.90477742429005,0.0,1,-1.7763568394002505e-15,0.0,0.014857959341973093,-0.014530225262634922,-39.21840613014889,-63.70001399999998,9.599971073646557,-39.196041818451874,-65.90477742429005,0.0,1,1.0658141036401503e-14,0.0,0.014857963445705114,-0.01453023978133583,73.4571919870018,63.70001399999999,9.599971073582793,73.47955632607938,65.90477742429005,0.0,1,3.375077994860476e-14,0.0,0.014857963445705114,-0.01453023978133583,73.4571919870018,-63.70001399999998,9.599971073582793,73.47955632607938,-65.90477742429005,0.0,1,3.375077994860476e-14
7.708333333333333,7708333,return_to_standing,0.0,0.0,0.0,80.20648073494407,1.0,0.0,0.0,0.0,0.0,0.0,80.20648073494407,39.196041818451874,35.78023269334366,0,feet,0.0,0.01387600986403248,-0.01357431180452151,-39.211935486121604,63.70001399999999,9.599983967102077,-39.196041818451874,65.90477742429005,0.0,1,4.263256414560601e-14,0.0,0.01387600986403248,-0.013574313415424033,-39.211935486121604,-63.70001399999998,9.599983967102077,-39.196041818451874,-65.90477742429005,0.0,1,4.263256414560601e-14,0.0,0.013876013702167622,-0.013574326985871465,73.46366263282187,63.70001399999999,9.599983967059657,73.47955632607938,65.90477742429005,0.0,1,-1.4210854715202004e-14,0.0,0.013876013702167622,-0.013574326985871465,73.46366263282187,-63.70001399999998,9.599983967059657,73.47955632607938,-65.90477742429005,0.0,1,-1.4210854715202004e-14
7.716666666666667,7716667,return_to_standing,0.0,0.0,0.0,80.25852984887439,1.0,0.0,0.0,0.0,0.0,0.0,80.25852984887439,39.196041818451874,35.832281807273986,0,feet,0.0,0.012925613508772749,-0.012648528358367273,-39.20567254954967,63.70001399999999,9.599992293033722,-39.196041818451874,65.90477742429005,0.0,1,1.2434497875801753e-14,0.0,0.012925613508772749,-0.012648529860127766,-39.205672549549654,-63.70001399999998,9.59999229303375,-39.196041818451874,-65.90477742429005,0.0,1,4.085620730620576e-14,0.0,0.012925617089096786,-0.012648542511298988,73.46992557113117,63.70001399999999,9.599992293009777,73.47955632607938,65.90477742429005,0.0,1,-5.329070518200751e-15,0.0,0.012925617089096786,-0.012648542511298988,73.46992557113117,-63.70001399999998,9.599992293009777,73.47955632607938,-65.90477742429005,0.0,1,-5.329070518200751e-15
7.725,7725000,return_to_standing,0.0,0.0,0.0,80.30876012874648,1.0,0.0,0.0,0.0,0.0,0.0,80.30876012874648,39.196041818451874,35.88251208714608,0,feet,0.0,0.012007579709860217,-0.011753719592942247,-39.19962268148251,63.70001399999999,9.599996455973738,-39.196041818451874,65.90477742429005,0.0,1,1.4210854715202004e-14,0.0,0.012007579709860217,-0.011753720989112537,-39.19962268148252,-63.70001399999998,9.59999645597371,-39.196041818451874,-65.90477742429005,0.0,1,-1.4210854715202004e-14,0.0,0.01200758304045113,-0.011753732750909851,73.47597544087859,63.70001399999999,9.599996455965425,73.47955632607938,65.90477742429005,0.0,1,-2.842170943040401e-14,0.0,0.01200758304045113,-0.011753732750909851,73.47597544087859,-63.70001399999998,9.599996455965425,73.47955632607938,-65.90477742429005,0.0,1,-2.842170943040401e-14
7.733333333333333,7733333,return_to_standing,0.0,0.0,0.0,80.35713586117897,1.0,0.0,0.0,0.0,0.0,0.0,80.35713586117897,39.196041818451874,35.93088781957857,0,feet,0.0,0.011122649654693006,-0.010890665332583538,-39.19379079198055,63.70001399999999,9.599996859904067,-39.196041818451874,65.90477742429005,0.0,1,1.7763568394002505e-15,0.0,0.011122649654693006,-0.010890666626817591,-39.19379079198055,-63.70001399999998,9.599996859904067,-39.196041818451874,-65.90477742429005,0.0,1,1.7763568394002505e-15,0.0,0.011122652743901895,-0.010890677530004389,73.48180733200223,63.70001399999999,9.59999685990887,73.47955632607938,65.90477742429005,0.0,1,-1.2434497875801753e-14,0.0,0.011122652743901895,-0.010890677530004389,73.48180733200223,-63.70001399999998,9.59999685990887,73.47955632607938,-65.90477742429005,0.0,1,-1.2434497875801753e-14
7.741666666666666,7741667,return_to_standing,0.0,0.0,0.0,80.40362520921782,1.0,0.0,0.0,0.0,0.0,0.0,80.40362520921782,39.196041818451874,35.97737716761742,0,feet,0.0,0.010271493093117368,-0.01006007535872877,-39.188181319020266,63.70001399999999,9.599993905718705,-39.196041818451874,65.90477742429005,0.0,1,-2.6645352591003757e-14,0.0,0.010271493093117368,-0.010060076554775588,-39.18818131902022,-63.70001399999998,9.599993905718776,-39.196041818451874,-65.90477742429005,0.0,1,4.618527782440651e-14,0.0,0.010271495949549792,-0.010060086630904408,73.4874168065241,63.70001399999999,9.59999390573428,73.47955632607938,65.90477742429005,0.0,1,1.7763568394002505e-15,0.0,0.010271495949549792,-0.010060086630904408,73.4874168065241,-63.70001399999998,9.59999390573428,73.47955632607938,-65.90477742429005,0.0,1,1.7763568394002505e-15
7.75,7750000,return_to_standing,0.0,0.0,0.0,80.44820035590767,1.0,0.0,0.0,0.0,0.0,0.0,80.44820035590767,39.196041818451874,36.02195231430727,0,feet,0.0,0.009454705157633025,-0.009262585953714098,-39.18279820748876,63.70001399999999,9.599987988745426,-39.196041818451874,65.90477742429005,0.0,1,-1.5987211554602254e-14,0.0,0.009454705157633025,-0.00926258705540528,-39.182798207488716,-63.70001399999998,9.599987988745468,-39.196041818451874,-65.90477742429005,0.0,1,2.6645352591003757e-14,0.0,0.009454707790127248,-0.00926259633674853,73.49279991955578,63.70001399999999,9.599987988769541,73.47955632607938,65.90477742429005,0.0,1,-2.4868995751603507e-14,0.0,0.009454707790127248,-0.00926259633674853,73.49279991955578,-63.70001399999998,9.599987988769541,73.47955632607938,-65.90477742429005,0.0,1,-2.4868995751603507e-14
7.758333333333334,7758333,return_to_standing,0.0,0.0,0.0,80.49083764786327,1.0,0.0,0.0,0.0,0.0,0.0,80.49083764786327,39.196041818451874,36.06458960626287,0,feet,0.0,0.008672803199340162,-0.008498756470168178,-39.177644888295134,63.70001399999999,9.599979496345242,-39.196041818451874,65.90477742429005,0.0,1,7.105427357601002e-15,0.0,0.008672803199340162,-0.008498757481413044,-39.177644888295134,-63.70001399999998,9.599979496345242,-39.196041818451874,-65.90477742429005,0.0,1,7.105427357601002e-15,0.0,0.008672805616946277,-0.008498766000880842,73.497953240187,63.70001399999999,9.599979496375965,73.47955632607938,65.90477742429005,0.0,1,-2.4868995751603507e-14,0.0,0.008672805616946277,-0.008498766000880842,73.497953240187,-63.70001399999998,9.599979496375965,73.47955632607938,-65.90477742429005,0.0,1,-2.4868995751603507e-14
7.766666666666667,7766667,return_to_standing,0.0,0.0,0.0,80.53151773884085,1.0,0.0,0.0,0.0,0.0,0.0,80.53151773884085,39.196041818451874,36.105269697240445,0,feet,0.0,0.007926223643802022,-0.007769065932747843,-39.17272425762566,63.70001399999999,9.599968805607944,-39.196041818451874,65.90477742429005,0.0,1,2.1316282072803006e-14,0.0,0.007926223643802022,-0.007769066857521434,-39.17272425762566,-63.70001399999998,9.599968805607944,-39.196041818451874,-65.90477742429005,0.0,1,2.1316282072803006e-14,0.0,0.007926225855756197,-0.007769074648586116,73.50287387223062,63.70001399999999,9.599968805643613,73.47955632607938,65.90477742429005,0.0,1,4.618527782440651e-14,0.0,0.007926225855756197,-0.007769074648586116,73.50287387223062,-63.70001399999998,9.599968805643613,73.47955632607938,-65.90477742429005,0.0,1,4.618527782440651e-14
7.775,7775000,return_to_standing,0.0,0.0,0.0,80.57022573330947,1.0,0.0,0.0,0.0,0.0,0.0,80.57022573330947,39.196041818451874,36.14397769170907,0,feet,0.0,0.00721531887091631,-0.007073909678799506,-39.168038656368196,63.70001399999999,9.599956281160942,-39.196041818451874,65.90477742429005,0.0,1,1.7763568394002505e-15,0.0,0.00721531887091631,-0.007073910521133264,-39.168038656368196,-63.70001399999998,9.599956281160942,-39.196041818451874,-65.90477742429005,0.0,1,1.7763568394002505e-15,0.0,0.007215320886616805,-0.007073917617735681,73.50755947479777,63.70001399999999,9.599956281199908,73.47955632607938,65.90477742429005,0.0,1,-1.9539925233402755e-14,0.0,0.007215320886616805,-0.007073917617735681,73.50755947479777,-63.70001399999998,9.599956281199908,73.47955632607938,-65.90477742429005,0.0,1,-1.9539925233402755e-14
7.783333333333333,7783333,return_to_standing,0.0,0.0,0.0,80.60695133002244,1.0,0.0,0.0,0.0,0.0,0.0,80.60695133002244,39.13629722968155,36.18070328842204,0,feet,0.0,0.006540767411855164,-0.00641400057126873,-39.163592570611854,63.70001399999999,9.599964766097855,-39.13629722968156,59.9925097393973,0.0,1,2.6645352591003757e-14,0.0,0.00654076741185472,-0.006414001335287356,-39.16359257061184,-63.70001399999998,9.599964766097841,-39.13629722968155,-59.99250973939729,0.0,1,1.2434497875801753e-14,0.0,0.006540769239564259,-0.00641400777080392,73.5120055618072,63.70001399999999,9.59996476606338,73.53930091484969,59.9925097393973,0.0,1,-8.881784197001252e-15,0.0,0.006540769239564259,-0.00641400777080392,73.5120055618072,-63.70001399999998,9.59996476606338,73.53930091484969,-59.99250973939729,0.0,1,-8.881784197001252e-15
7.791666666666667,7791667,return_to_standing,0.0,0.0,0.0,80.64168896558868,1.0,0.0,0.0,0.0,0.0,0.0,80.64168896558868,39.13629722968155,36.21544092398828,0,feet,0.0,0.005902399457193841,-0.005789219833320036,-39.15938489075515,63.70001399999999,9.599975807566523,-39.13629722968156,59.9925097393973,0.0,1,8.881784197001252e-15,0.0,0.005902399457193841,-0.005789220523141125,-39.15938489075515,-63.70001399999998,9.599975807566523,-39.13629722968155,-59.99250973939729,0.0,1,8.881784197001252e-15,0.0,0.00590240110809459,-0.005789226333745567,73.51621324284119,63.70001399999999,9.599975807540204,73.53930091484969,59.9925097393973,0.0,1,-1.4210854715202004e-14,0.0,0.00590240110809459,-0.005789226333745567,73.51621324284119,-63.70001399999998,9.599975807540204,73.53930091484969,-59.99250973939729,0.0,1,-1.4210854715202004e-14
7.8,7800000,return_to_standing,0.0,0.0,0.0,80.67443795804417,1.0,0.0,0.0,0.0,0.0,0.0,80.67443795804417,39.13629722968155,36.24818991644376,0,feet,0.0,0.005300201486254874,-0.005199598691879803,-39.155415543535455,63.70001399999999,9.599984533114196,-39.13629722968156,59.9925097393973,0.0,1,1.0658141036401503e-14,0.0,0.005300201486254874,-0.005199599311636494,-39.15541554353543,-63.70001399999998,9.599984533114224,-39.13629722968155,-59.99250973939729,0.0,1,3.907985046680551e-14,0.0,0.00530020297005418,-0.005199604532109436,73.52018259117247,63.70001399999999,9.599984533094656,73.53930091484969,59.9925097393973,0.0,1,3.375077994860476e-14,0.0,0.00530020297005418,-0.005199604532109436,73.52018259117247,-63.70001399999998,9.599984533094656,73.53930091484969,-59.99250973939729,0.0,1,3.375077994860476e-14
7.808333333333334,7808333,return_to_standing,0.0,0.0,0.0,80.70520265042317,1.0,0.0,0.0,0.0,0.0,0.0,80.70520265042317,39.13629722968155,36.27895460882277,0,feet,0.0,0.004734159053184861,-0.004645164963767101,-39.15168444821521,63.70001399999999,9.599991238509674,-39.13629722968156,59.9925097393973,0.0,1,2.4868995751603507e-14,0.0,0.004734159053184417,-0.004645165517599192,-39.151684448215214,-63.70001399999998,9.59999123850963,-39.13629722968155,-59.99250973939729,0.0,1,-1.7763568394002505e-14,0.0,0.004734160379639807,-0.004645170182815406,73.52391368753842,63.70001399999999,9.599991238495619,73.53930091484969,59.9925097393973,0.0,1,4.085620730620576e-14,0.0,0.004734160379639807,-0.004645170182815406,73.52391368753842,-63.70001399999998,9.599991238495619,73.53930091484969,-59.99250973939729,0.0,1,4.085620730620576e-14
7.816666666666666,7816667,return_to_standing,0.0,0.0,0.0,80.73399255432982,1.0,0.0,0.0,0.0,0.0,0.0,80.73399255432982,39.13629722968155,36.307744512729414,0,feet,0.0,0.004204158635302768,-0.004125846860882909,-39.148190869679,63.70001399999999,9.599996202461938,-39.13629722968156,59.9925097393973,0.0,1,-1.0658141036401503e-14,0.0,0.004204158635302768,-0.004125847352931977,-39.148190869679,-63.70001399999998,9.599996202461938,-39.13629722968155,-59.99250973939729,0.0,1,-1.0658141036401503e-14,0.0,0.004204159814191311,-0.004125851497757793,73.5274072670544,63.70001399999999,9.599996202452331,73.53930091484969,59.9925097393973,0.0,1,4.440892098500626e-14,0.0,0.004204159814191311,-0.004125851497757793,73.5274072670544,-63.70001399999998,9.599996202452331,73.53930091484969,-59.99250973939729,0.0,1,4.440892098500626e-14
7.825,7825000,return_to_standing,0.0,0.0,0.0,80.76082249350931,1.0,0.0,0.0,0.0,0.0,0.0,80.76082249350931,39.13629722968155,36.33457445190891,0,feet,0.0,0.0037099847344297388,-0.0036414699881581747,-39.1449333993595,63.70001399999999,9.599999685548411,-39.13629722968156,59.9925097393973,0.0,1,5.329070518200751e-15,0.0,0.0037099847344292947,-0.003641470422551585,-39.14493339935949,-63.70001399999998,9.599999685548397,-39.13629722968155,-59.99250973939729,0.0,1,-8.881784197001252e-15,0.0,0.0037099857755138466,-0.0036414740817347635,73.53066473828812,63.70001399999999,9.599999685542173,73.53930091484969,59.9925097393973,0.0,1,-4.085620730620576e-14,0.0,0.0037099857755138466,-0.0036414740817347635,73.53066473828812,-63.70001399999998,9.599999685542173,73.53930091484969,-59.99250973939729,0.0,1,-4.085620730620576e-14
7.833333333333333,7833333,return_to_standing,0.0,0.0,0.0,80.78571274741942,1.0,0.0,0.0,0.0,0.0,0.0,80.78571274741942,39.13629722968155,36.35946470581902,0,feet,0.0,0.0032513170243322342,-0.003191754416075554,-39.14190993647265,63.70001399999999,9.60000192934767,-39.13629722968156,59.9925097393973,0.0,1,1.5987211554602254e-14,0.0,0.0032513170243322342,-0.0031917547969113613,-39.14190993647265,-63.70001399999998,9.60000192934767,-39.13629722968155,-59.99250973939729,0.0,1,1.5987211554602254e-14,0.0,0.003251317937331688,-0.0031917580049771743,73.53368820202411,63.70001399999999,9.600001929344117,73.53930091484969,59.9925097393973,0.0,1,-8.881784197001252e-15,0.0,0.003251317937331688,-0.0031917580049771743,73.53368820202411,-63.70001399999998,9.600001929344117,73.53930091484969,-59.99250973939729,0.0,1,-8.881784197001252e-15
7.841666666666667,7841667,return_to_standing,0.0,0.0,0.0,80.80868919480186,1.0,0.0,0.0,0.0,0.0,0.0,80.80868919480186,39.13629722968155,36.382441153201455,0,feet,0.0,0.002827727546014014,-0.002776311830524847,-39.139117669573594,63.70001399999999,9.600003155784663,-39.13629722968156,59.9925097393973,0.0,1,2.3092638912203256e-14,0.0,0.002827727546014014,-0.002776312161862915,-39.13911766957361,-63.70001399999998,9.600003155784648,-39.13629722968155,-59.99250973939729,0.0,1,8.881784197001252e-15,0.0,0.002827728340568214,-0.002776314952994241,73.53648046970778,63.70001399999999,9.6000031557831,73.53930091484969,59.9925097393973,0.0,1,1.7763568394002505e-15,0.0,0.002827728340568214,-0.002776314952994241,73.53648046970778,-63.70001399999998,9.6000031557831,73.53930091484969,-59.99250973939729,0.0,1,1.7763568394002505e-15
7.85,7850000,return_to_standing,0.0,0.0,0.0,80.82978345725357,1.0,0.0,0.0,0.0,0.0,0.0,80.82978345725357,39.13629722968155,36.40353541565317,0,feet,0.0,0.002438677952052881,-0.0023946427619749855,-39.13655305843936,63.70001399999999,9.600003566692465,-39.13629722968156,59.9925097393973,0.0,1,8.881784197001252e-15,0.0,0.002438677952052437,-0.002394643047820555,-39.13655305843935,-63.70001399999998,9.60000356669245,-39.13629722968155,-59.99250973939729,0.0,1,-5.329070518200751e-15,0.0,0.0024386786376870973,-0.002394645455747746,73.53904508156313,63.70001399999999,9.60000356669235,73.53930091484969,59.9925097393973,0.0,1,1.7763568394002505e-14,0.0,0.0024386786376870973,-0.002394645455747746,73.53904508156313,-63.70001399999998,9.60000356669235,73.53930091484969,-59.99250973939729,0.0,1,1.7763568394002505e-14
7.858333333333333,7858333,return_to_standing,0.0,0.0,0.0,80.84903304279823,1.0,0.0,0.0,0.0,0.0,0.0,80.84903304279823,39.13629722968155,36.42278500119782,0,feet,0.0,0.0020835168006705374,-0.002046133895041269,-39.134211816283084,63.70001399999999,9.600003343593556,-39.13629722968156,59.9925097393973,0.0,1,1.5987211554602254e-14,0.0,0.0020835168006700933,-0.0020461341393303023,-39.13421181628309,-63.70001399999998,9.600003343593528,-39.13629722968155,-59.99250973939729,0.0,1,-1.2434497875801753e-14,0.0,0.002083517386762157,-0.002046136197206394,73.54138632437798,63.70001399999999,9.600003343594366,73.53930091484969,59.9925097393973,0.0,1,-1.4210854715202004e-14,0.0,0.002083517386762157,-0.002046136197206394,73.54138632437798,-63.70001399999998,9.600003343594366,73.53930091484969,-59.99250973939729,0.0,1,-1.4210854715202004e-14
7.866666666666666,7866667,return_to_standing,0.0,0.0,0.0,80.86648148945754,1.0,0.0,0.0,0.0,0.0,0.0,80.86648148945754,39.13629722968155,36.44023344785714,0,feet,0.0,0.0017614768996296881,-0.0017300554586077155,-39.13208889229948,63.70001399999999,9.60000264770028,-39.13629722968156,59.9925097393973,0.0,1,-1.7763568394002505e-14,0.0,0.0017614768996296881,-0.0017300556651949073,-39.132088892299436,-63.70001399999998,9.600002647700322,-39.13629722968155,-59.99250973939729,0.0,1,2.4868995751603507e-14,0.0,0.0017614773953700258,-0.001730057405477492,73.54350924895905,63.70001399999999,9.600002647701714,73.53930091484969,59.9925097393973,0.0,1,-1.5987211554602254e-14,0.0,0.0017614773953700258,-0.001730057405477492,73.54350924895905,-63.70001399999998,9.600002647701714,73.53930091484969,-59.99250973939729,0.0,1,-1.5987211554602254e-14
7.875,7875000,return_to_standing,0.0,0.0,0.0,80.88217850882269,1.0,0.0,0.0,0.0,0.0,0.0,80.88217850882269,39.13629722968155,36.45593046722229,0,feet,0.0,0.0014716726994374874,-0.001445558695672755,-39.1301784545375,63.70001399999999,9.600001620132502,-39.13629722968156,59.9925097393973,0.0,1,-1.5987211554602254e-14,0.0,0.0014716726994374874,-0.0014455588683133236,-39.1301784545375,-63.70001399999998,9.600001620132502,-39.13629722968155,-59.99250973939729,0.0,1,-1.5987211554602254e-14,0.0,0.001471673113796701,-0.0014455603226442015,73.54541968725891,63.70001399999999,9.60000162013425,73.53930091484969,59.9925097393973,0.0,1,-1.0658141036401503e-14,0.0,0.001471673113796701,-0.0014455603226442015,73.54541968725891,-63.70001399999998,9.60000162013425,73.53930091484969,-59.99250973939729,0.0,1,-1.0658141036401503e-14
7.883333333333334,7883333,return_to_standing,0.0,0.0,0.0,80.89618012962565,1.0,0.0,0.0,0.0,0.0,0.0,80.89618012962565,39.12849807739252,36.469932088025246,0,feet,0.0,0.001213118680904568,-0.0011916939814238248,-39.128474011112,63.70001399999999,9.600001516605928,-39.128498077392535,59.980312244891614,0.0,1,7.105427357601002e-15,0.0,0.001213118680904124,-0.0011916941237655188,-39.12847401111198,-63.70001399999998,9.600001516605914,-39.1284980773925,-59.98031224489162,0.0,1,-7.105427357601002e-15,0.0,0.0012131190225637134,-0.001191695322824149,73.54712413116476,63.70001399999999,9.600001516605957,73.54710006713873,59.980312244891614,0.0,1,2.842170943040401e-14,0.0,0.0012131190225637134,-0.001191695322824149,73.54712413116476,-63.70001399999998,9.600001516605957,73.54710006713873,-59.98031224489162,0.0,1,2.842170943040401e-14
7.891666666666667,7891667,return_to_standing,0.0,0.0,0.0,80.90854884131063,1.0,0.0,0.0,0.0,0.0,0.0,80.90854884131063,39.12849807739252,36.48230079971023,0,feet,0.0,0.0009846656611980364,-0.0009673483739125466,-39.126967990412496,63.70001399999999,9.600001394700357,-39.128498077392535,59.980312244891614,0.0,1,-1.2434497875801753e-14,0.0,0.0009846656611975924,-0.0009673484894712203,-39.12696799041244,-63.70001399999998,9.600001394700385,-39.1284980773925,-59.98031224489162,0.0,1,1.5987211554602254e-14,0.0,0.0009846659386103518,-0.0009673494629165447,73.54863015228852,63.70001399999999,9.600001394700627,73.54710006713873,59.980312244891614,0.0,1,-3.197442310920451e-14,0.0,0.0009846659386103518,-0.0009673494629165447,73.54863015228852,-63.70001399999998,9.600001394700627,73.54710006713873,-59.98031224489162,0.0,1,-3.197442310920451e-14
7.9,7900000,return_to_standing,0.0,0.0,0.0,80.91935373760542,1.0,0.0,0.0,0.0,0.0,0.0,80.91935373760542,39.12849807739252,36.49310569600502,0,feet,0.0,0.000785053344743325,-0.0007712973120468369,-39.125652087771954,63.70001399999999,9.600001094779003,-39.128498077392535,59.980312244891614,0.0,1,-8.881784197001252e-15,0.0,0.0007850533447428809,-0.0007712974041944598,-39.125652087771925,-63.70001399999998,9.600001094779017,-39.1284980773925,-59.98031224489162,0.0,1,5.329070518200751e-15,0.0,0.0007850535659845725,-0.0007712981804370855,73.54994605529987,63.70001399999999,9.60000109477943,73.54710006713873,59.980312244891614,0.0,1,-1.5987211554602254e-14,0.0,0.0007850535659845725,-0.0007712981804370855,73.54994605529987,-63.70001399999998,9.60000109477943,73.54710006713873,-59.98031224489162,0.0,1,-1.5987211554602254e-14
7.908333333333333,7908333,return_to_standing,0.0,0.0,0.0,80.92867066009278,1.0,0.0,0.0,0.0,0.0,0.0,80.92867066009278,39.12849807739252,36.502422618492375,0,feet,0.0,0.0006128977498378596,-0.0006021924259611566,-39.12451718248208,63.70001399999999,9.600000691244318,-39.128498077392535,59.980312244891614,0.0,1,2.4868995751603507e-14,0.0,0.0006128977498374155,-0.0006021924979116022,-39.124517182482094,-63.70001399999998,9.60000069124429,-39.1284980773925,-59.98031224489162,0.0,1,-3.552713678800501e-15,0.0,0.0006128979226067699,-0.0006021931040214312,73.55108096090964,63.70001399999999,9.600000691244759,73.54710006713873,59.980312244891614,0.0,1,-7.105427357601002e-15,0.0,0.0006128979226067699,-0.0006021931040214312,73.55108096090964,-63.70001399999998,9.600000691244759,73.54710006713873,-59.98031224489162,0.0,1,-7.105427357601002e-15
7.916666666666667,7916667,return_to_standing,0.0,0.0,0.0,80.93658234178183,1.0,0.0,0.0,0.0,0.0,0.0,80.93658234178183,39.12849807739252,36.51033430018143,0,feet,0.0,0.0004666841903802066,-0.0004585548119364624,-39.12355329159158,63.70001399999999,9.600000243151484,-39.128498077392535,59.980312244891614,0.0,1,0.0,0.0,0.0004666841903797625,-0.0004585548667295214,-39.12355329159155,-63.70001399999998,9.600000243151499,-39.1284980773925,-59.98031224489162,0.0,1,1.4210854715202004e-14,0.0,0.000466684321961619,-0.0004585553283029675,73.55204485207196,63.70001399999999,9.600000243151953,73.54710006713873,59.980312244891614,0.0,1,2.3092638912203256e-14,0.0,0.000466684321961619,-0.0004585553283029675,73.55204485207196,-63.70001399999998,9.600000243151953,73.54710006713873,-59.98031224489162,0.0,1,2.3092638912203256e-14
7.925,7925000,return_to_standing,0.0,0.0,0.0,80.94317855067943,1.0,0.0,0.0,0.0,0.0,0.0,80.94317855067943,39.12849807739252,36.51693050907903,0,feet,0.0,0.00034476491498480755,-0.00033877289966399715,-39.12274955440648,63.70001399999999,9.599999795515558,-39.128498077392535,59.980312244891614,0.0,1,5.329070518200751e-15,0.0,0.0003447649149834753,-0.0003387729401471695,-39.12274955440644,-63.70001399999998,9.59999979551553,-39.1284980773925,-59.98031224489162,0.0,1,-2.3092638912203256e-14,0.0,0.00034476501220881417,-0.00033877328117259964,73.55284858948369,63.70001399999999,9.599999795515942,73.54710006713873,59.980312244891614,0.0,1,3.552713678800501e-15,0.0,0.00034476501220881417,-0.00033877328117259964,73.55284858948369,-63.70001399999998,9.599999795515942,73.54710006713873,-59.98031224489162,0.0,1,3.552713678800501e-15
7.933333333333334,7933333,return_to_standing,0.0,0.0,0.0,80.94855623336157,1.0,0.0,0.0,0.0,0.0,0.0,80.94855623336157,39.12849807739252,36.52230819176117,0,feet,0.0,0.00024535677148040946,-0.00024110036052960027,-39.12209421715859,63.70001399999999,9.59999938072859,-39.128498077392535,59.980312244891614,0.0,1,1.7763568394002505e-15,0.0,0.0002453567714799654,-0.0002411003893425523,-39.12209421715856,-63.70001399999998,9.599999380728605,-39.1284980773925,-59.98031224489162,0.0,1,1.5987211554602254e-14,0.0,0.00024535684068149877,-0.00024110063205862176,73.55350392691636,63.70001399999999,9.599999380728875,73.54710006713873,59.980312244891614,0.0,1,-1.7763568394002505e-14,0.0,0.00024535684068149877,-0.00024110063205862176,73.55350392691636,-63.70001399999998,9.599999380728875,73.54710006713873,-59.98031224489162,0.0,1,-1.7763568394002505e-14
7.941666666666666,7941667,return_to_standing,0.0,0.0,0.0,80.95281965854473,1.0,0.0,0.0,0.0,0.0,0.0,80.95281965854473,39.12849807739252,36.526571616944324,0,feet,0.0,0.00016653889010154188,-0.00016365404611740075,-39.12157461779586,63.70001399999999,9.599999020058405,-39.128498077392535,59.980312244891614,0.0,1,-3.552713678800501e-15,0.0,0.0001665388901006537,-0.00016365406567553364,-39.12157461779583,-63.70001399999998,9.599999020058377,-39.1284980773925,-59.98031224489162,0.0,1,-3.197442310920451e-14,0.0,0.0001665389370777426,-0.00016365423043351868,73.55402352642565,63.70001399999999,9.599999020058576,73.54710006713873,59.980312244891614,0.0,1,-5.5067062021407764e-14,0.0,0.0001665389370777426,-0.00016365423043351868,73.55402352642565,-63.70001399999998,9.599999020058576,73.54710006713873,-59.98031224489162,0.0,1,-5.5067062021407764e-14
7.95,7950000,return_to_standing,0.0,0.0,0.0,80.95608056065727,1.0,0.0,0.0,0.0,0.0,0.0,80.95608056065727,39.12849807739252,36.52983251905687,0,feet,0.0,0.0001062503777844448,-0.00010441194464716474,-39.121177170845094,63.70001399999999,9.599998725194808,-39.128498077392535,59.980312244891614,0.0,1,-2.842170943040401e-14,0.0,0.0001062503777840007,-0.00010441195712607154,-39.12117717084505,-63.70001399999998,9.599998725194851,-39.1284980773925,-59.98031224489162,0.0,1,1.4210854715202004e-14,0.0,0.00010625040775735783,-0.0001044120622464284,73.55442097348862,63.70001399999999,9.599998725195007,73.54710006713873,59.980312244891614,0.0,1,1.9539925233402755e-14,0.0,0.00010625040775735783,-0.0001044120622464284,73.55442097348862,-63.70001399999998,9.599998725195007,73.54710006713873,-59.98031224489162,0.0,1,1.9539925233402755e-14
7.958333333333333,7958333,return_to_standing,0.0,0.0,0.0,80.95845828341085,1.0,0.0,0.0,0.0,0.0,0.0,80.95845828341085,39.12849807739252,36.532210241810446,0,feet,0.0,6.228801505026027e-05,-6.121114156121266e-05,-39.120887352289635,63.70001399999999,9.599998499806077,-39.128498077392535,59.980312244891614,0.0,1,1.7763568394002505e-14,0.0,6.228801504937209e-05,-6.12111488771383e-05,-39.1208873522896,-63.70001399999998,9.599998499806048,-39.1284980773925,-59.98031224489162,0.0,1,-1.0658141036401503e-14,0.0,6.22880326228703e-05,-6.121121050517431e-05,73.55471079212577,63.70001399999999,9.599998499806162,73.54710006713873,59.980312244891614,0.0,1,1.0658141036401503e-14,0.0,6.22880326228703e-05,-6.121121050517431e-05,73.55471079212577,-63.70001399999998,9.599998499806162,73.54710006713873,-59.98031224489162,0.0,1,1.0658141036401503e-14
7.966666666666667,7966667,return_to_standing,0.0,0.0,0.0,80.96007992337174,1.0,0.0,0.0,0.0,0.0,0.0,80.96007992337174,39.12849807739252,36.533831881771334,0,feet,0.0,3.230394598796593e-05,-3.174576891096237e-05,-39.1206896843989,63.70001399999999,9.599998341063113,-39.128498077392535,59.980312244891614,0.0,1,2.6645352591003757e-14,0.0,3.2303945987077753e-05,-3.174577270526058e-05,-39.12068968439887,-63.70001399999998,9.599998341063099,-39.1284980773925,-59.98031224489162,0.0,1,1.2434497875801753e-14,0.0,3.230395510112061e-05,-3.174580466724919e-05,73.55490846007228,63.70001399999999,9.599998341063099,73.54710006713873,59.980312244891614,0.0,1,-3.730349362740526e-14,0.0,3.230395510112061e-05,-3.174580466724919e-05,73.55490846007228,-63.70001399999998,9.599998341063099,73.54710006713873,-59.98031224489162,0.0,1,-3.730349362740526e-14
7.975,7975000,return_to_standing,0.0,0.0,0.0,80.96108047353228,1.0,0.0,0.0,0.0,0.0,0.0,80.96108047353228,39.12849807739252,36.534832431931875,0,feet,0.0,1.3803350857877206e-05,-1.3564926586440151e-05,-39.12056772043876,63.70001399999999,9.599998241085999,-39.128498077392535,59.980312244891614,0.0,1,2.4868995751603507e-14,0.0,1.3803350857433117e-05,-1.3564928207809857e-05,-39.12056772043874,-63.70001399999998,9.599998241085984,-39.1284980773925,-59.98031224489162,0.0,1,1.0658141036401503e-14,0.0,1.3803354751651398e-05,-1.3564941864441238e-05,73.55503042406684,63.70001399999999,9.599998241085999,73.54710006713873,59.980312244891614,0.0,1,3.552713678800501e-15,0.0,1.3803354751651398e-05,-1.3564941864441238e-05,73.55503042406684,-63.70001399999998,9.599998241085999,73.54710006713873,-59.98031224489162,0.0,1,3.552713678800501e-15
7.983333333333333,7983333,return_to_standing,0.0,0.0,0.0,80.96160296688218,1.0,0.0,0.0,0.0,0.0,0.0,80.96160296688218,39.12849807739252,36.53535492528178,0,feet,0.0,4.14208982180142e-06,-4.070556755664256e-06,-39.120504029186876,63.70001399999999,9.599998188260699,-39.128498077392535,59.980312244891614,0.0,1,1.2434497875801753e-14,0.0,4.142089821357331e-06,-4.070557241941941e-06,-39.12050402918686,-63.70001399999998,9.599998188260685,-39.1284980773925,-59.98031224489162,0.0,1,-1.7763568394002505e-15,0.0,4.142090989756042e-06,-4.07056133999717e-06,73.55509411533666,63.70001399999999,9.59999818826067,73.54710006713873,59.980312244891614,0.0,1,-2.1316282072803006e-14,0.0,4.142090989756042e-06,-4.07056133999717e-06,73.55509411533666,-63.70001399999998,9.59999818826067,73.54710006713873,-59.98031224489162,0.0,1,-2.1316282072803006e-14
7.991666666666666,7991667,return_to_standing,0.0,0.0,0.0,80.96179861998,1.0,0.0,0.0,0.0,0.0,0.0,80.96179861998,39.11558723449706,36.5355505783796,0,feet,0.0,5.242506868619046e-07,-5.151975952522037e-07,-39.12048017880751,63.70001399999999,9.599998165422562,-39.11558723449707,59.96905316591212,0.0,1,-2.947963650967722e-09,0.0,5.242506868619046e-07,-5.15197657424693e-07,-39.12048017880747,-63.70001399999998,9.599998165422605,-39.11558723449705,-59.96905316591213,0.0,1,-2.9479210184035765e-09,0.0,5.242508347436114e-07,-5.151981752327117e-07,73.55511796572279,63.70001399999999,9.599998165422576,73.56001091003418,59.96905316591212,0.0,1,-2.9479512164698463e-09,0.0,5.242508347436114e-07,-5.151981752327117e-07,73.55511796572279,-63.70001399999998,9.599998165422576,73.56001091003418,-59.96905316591213,0.0,1,-2.9479512164698463e-09
8.0,8000000,return_to_standing,0.0,0.0,0.0,80.96182697652446,1.0,0.0,0.0,0.0,0.0,0.0,80.96182697652446,39.11558723449706,36.53557893492406,0,feet,0.0,0.0,0.0,-39.120476722717285,63.70001399999999,9.599998167183458,-39.11558723449707,59.96905316591212,0.0,1,0.0,0.0,0.0,0.0,-39.12047672271727,-63.70001399999998,9.599998167183486,-39.11558723449705,-59.96905316591213,0.0,1,2.842170943040401e-14,0.0,0.0,0.0,73.55512142181396,63.70001399999999,9.599998167183458,73.56001091003418,59.96905316591212,0.0,1,0.0,0.0,0.0,0.0,73.55512142181396,-63.70001399999998,9.599998167183458,73.56001091003418,-59.96905316591213,0.0,1,0.0
8.008333333333333,8008333,hold_standing,0.0,0.0,0.0,80.96182697652446,1.0,0.0,0.0,0.0,0.0,0.0,80.96182697652446,39.11558723449706,36.53557893492406,0,feet,0.0,0.0,0.0,-39.120476722717285,63.70001399999999,9.599998167183458,-39.11558723449707,59.96905316591212,0.0,1,0.0,0.0,0.0,0.0,-39.12047672271727,-63.70001399999998,9.599998167183486,-39.11558723449705,-59.96905316591213,0.0,1,2.842170943040401e-14,0.0,0.0,0.0,73.55512142181396,63.70001399999999,9.599998167183458,73.56001091003418,59.96905316591212,0.0,1,0.0,0.0,0.0,0.0,73.55512142181396,-63.70001399999998,9.599998167183458,73.56001091003418,-59.96905316591213,0.0,1,0.0
8.016666666666667,8016667,hold_standing,0.0,0.0,0.0,80.96182697652446,1.0,0.0,0.0,0.0,0.0,0.0,80.96182697652446,39.11558723449706,36.53557893492406,0,feet,0.0,0.0,0.0,-39.120476722717285,63.70001399999999,9.599998167183458,-39.11558723449707,59.96905316591212,0.0,1,0.0,0.0,0.0,0.0,-39.12047672271727,-63.70001399999998,9.599998167183486,-39.11558723449705,-59.96905316591213,0.0,1,2.842170943040401e-14,0.0,0.0,0.0,73.55512142181396,63.70001399999999,9.599998167183458,73.56001091003418,59.96905316591212,0.0,1,0.0,0.0,0.0,0.0,73.55512142181396,-63.70001399999998,9.599998167183458,73.56001091003418,-59.96905316591213,0.0,1,0.0
8.025,8025000,hold_standing,0.0,0.0,0.0,80.96182697652446,1.0,0.0,0.0,0.0,0.0,0.0,80.96182697652446,39.11558723449706,36.53557893492406,0,feet,0.0,0.0,0.0,-39.120476722717285,63.70001399999999,9.599998167183458,-39.11558723449707,59.96905316591212,0.0,1,0.0,0.0,0.0,0.0,-39.12047672271727,-63.70001399999998,9.599998167183486,-39.11558723449705,-59.96905316591213,0.0,1,2.842170943040401e-14,0.0,0.0,0.0,73.55512142181396,63.70001399999999,9.599998167183458,73.56001091003418,59.96905316591212,0.0,1,0.0,0.0,0.0,0.0,73.55512142181396,-63.70001399999998,9.599998167183458,73.56001091003418,-59.96905316591213,0.0,1,0.0
8.033333333333333,8033333,hold_standing,0.0,0.0,0.0,80.96182697652446,1.0,0.0,0.0,0.0,0.0,0.0,80.96182697652446,39.11558723449706,36.53557893492406,0,feet,0.0,0.0,0.0,-39.120476722717285,63.70001399999999,9.599998167183458,-39.11558723449707,59.96905316591212,0.0,1,0.0,0.0,0.0,0.0,-39.12047672271727,-63.70001399999998,9.599998167183486,-39.11558723449705,-59.96905316591213,0.0,1,2.842170943040401e-14,0.0,0.0,0.0,73.55512142181396,63.70001399999999,9.599998167183458,73.56001091003418,59.96905316591212,0.0,1,0.0,0.0,0.0,0.0,73.55512142181396,-63.70001399999998,9.599998167183458,73.56001091003418,-59.96905316591213,0.0,1,0.0
8.041666666666666,8041667,hold_standing,0.0,0.0,0.0,80.96182697652446,1.0,0.0,0.0,0.0,0.0,0.0,80.96182697652446,39.11558723449706,36.53557893492406,0,feet,0.0,0.0,0.0,-39.120476722717285,63.70001399999999,9.599998167183458,-39.11558723449707,59.96905316591212,0.0,1,0.0,0.0,0.0,0.0,-39.12047672271727,-63.70001399999998,9.599998167183486,-39.11558723449705,-59.96905316591213,0.0,1,2.842170943040401e-14,0.0,0.0,0.0,73.55512142181396,63.70001399999999,9.599998167183458,73.56001091003418,59.96905316591212,0.0,1,0.0,0.0,0.0,0.0,73.55512142181396,-63.70001399999998,9.599998167183458,73.56001091003418,-59.96905316591213,0.0,1,0.0
8.05,8050000,hold_standing,0.0,0.0,0.0,80.96182697652446,1.0,0.0,0.0,0.0,0.0,0.0,80.96182697652446,39.11558723449706,36.53557893492406,0,feet,0.0,0.0,0.0,-39.120476722717285,63.70001399999999,9.599998167183458,-39.11558723449707,59.96905316591212,0.0,1,0.0,0.0,0.0,0.0,-39.12047672271727,-63.70001399999998,9.599998167183486,-39.11558723449705,-59.96905316591213,0.0,1,2.842170943040401e-14,0.0,0.0,0.0,73.55512142181396,63.70001399999999,9.599998167183458,73.56001091003418,59.96905316591212,0.0,1,0.0,0.0,0.0,0.0,73.55512142181396,-63.70001399999998,9.599998167183458,73.56001091003418,-59.96905316591213,0.0,1,0.0
8.058333333333334,8058333,hold_standing,0.0,0.0,0.0,80.96182697652446,1.0,0.0,0.0,0.0,0.0,0.0,80.96182697652446,39.11558723449706,36.53557893492406,0,feet,0.0,0.0,0.0,-39.120476722717285,63.70001399999999,9.599998167183458,-39.11558723449707,59.96905316591212,0.0,1,0.0,0.0,0.0,0.0,-39.12047672271727,-63.70001399999998,9.599998167183486,-39.11558723449705,-59.96905316591213,0.0,1,2.842170943040401e-14,0.0,0.0,0.0,73.55512142181396,63.70001399999999,9.599998167183458,73.56001091003418,59.96905316591212,0.0,1,0.0,0.0,0.0,0.0,73.55512142181396,-63.70001399999998,9.599998167183458,73.56001091003418,-59.96905316591213,0.0,1,0.0
8.066666666666666,8066667,hold_standing,0.0,0.0,0.0,80.96182697652446,1.0,0.0,0.0,0.0,0.0,0.0,80.96182697652446,39.11558723449706,36.53557893492406,0,feet,0.0,0.0,0.0,-39.120476722717285,63.70001399999999,9.599998167183458,-39.11558723449707,59.96905316591212,0.0,1,0.0,0.0,0.0,0.0,-39.12047672271727,-63.70001399999998,9.599998167183486,-39.11558723449705,-59.96905316591213,0.0,1,2.842170943040401e-14,0.0,0.0,0.0,73.55512142181396,63.70001399999999,9.599998167183458,73.56001091003418,59.96905316591212,0.0,1,0.0,0.0,0.0,0.0,73.55512142181396,-63.70001399999998,9.599998167183458,73.56001091003418,-59.96905316591213,0.0,1,0.0
8.075,8075000,hold_standing,0.0,0.0,0.0,80.96182697652446,1.0,0.0,0.0,0.0,0.0,0.0,80.96182697652446,39.11558723449706,36.53557893492406,0,feet,0.0,0.0,0.0,-39.120476722717285,63.70001399999999,9.599998167183458,-39.11558723449707,59.96905316591212,0.0,1,0.0,0.0,0.0,0.0,-39.12047672271727,-63.70001399999998,9.599998167183486,-39.11558723449705,-59.96905316591213,0.0,1,2.842170943040401e-14,0.0,0.0,0.0,73.55512142181396,63.70001399999999,9.599998167183458,73.56001091003418,59.96905316591212,0.0,1,0.0,0.0,0.0,0.0,73.55512142181396,-63.70001399999998,9.599998167183458,73.56001091003418,-59.96905316591213,0.0,1,0.0
8.083333333333334,8083333,hold_standing,0.0,0.0,0.0,80.96182697652446,1.0,0.0,0.0,0.0,0.0,0.0,80.96182697652446,39.11558723449706,36.53557893492406,0,feet,0.0,0.0,0.0,-39.120476722717285,63.70001399999999,9.599998167183458,-39.11558723449707,59.96905316591212,0.0,1,0.0,0.0,0.0,0.0,-39.12047672271727,-63.70001399999998,9.599998167183486,-39.11558723449705,-59.96905316591213,0.0,1,2.842170943040401e-14,0.0,0.0,0.0,73.55512142181396,63.70001399999999,9.599998167183458,73.56001091003418,59.96905316591212,0.0,1,0.0,0.0,0.0,0.0,73.55512142181396,-63.70001399999998,9.599998167183458,73.56001091003418,-59.96905316591213,0.0,1,0.0
8.091666666666667,8091667,hold_standing,0.0,0.0,0.0,80.96182697652446,1.0,0.0,0.0,0.0,0.0,0.0,80.96182697652446,39.11558723449706,36.53557893492406,0,feet,0.0,0.0,0.0,-39.120476722717285,63.70001399999999,9.599998167183458,-39.11558723449707,59.96905316591212,0.0,1,0.0,0.0,0.0,0.0,-39.12047672271727,-63.70001399999998,9.599998167183486,-39.11558723449705,-59.96905316591213,0.0,1,2.842170943040401e-14,0.0,0.0,0.0,73.55512142181396,63.70001399999999,9.599998167183458,73.56001091003418,59.96905316591212,0.0,1,0.0,0.0,0.0,0.0,73.55512142181396,-63.70001399999998,9.599998167183458,73.56001091003418,-59.96905316591213,0.0,1,0.0
8.1,8100000,hold_standing,0.0,0.0,0.0,80.96182697652446,1.0,0.0,0.0,0.0,0.0,0.0,80.96182697652446,39.11558723449706,36.53557893492406,0,feet,0.0,0.0,0.0,-39.120476722717285,63.70001399999999,9.599998167183458,-39.11558723449707,59.96905316591212,0.0,1,0.0,0.0,0.0,0.0,-39.12047672271727,-63.70001399999998,9.599998167183486,-39.11558723449705,-59.96905316591213,0.0,1,2.842170943040401e-14,0.0,0.0,0.0,73.55512142181396,63.70001399999999,9.599998167183458,73.56001091003418,59.96905316591212,0.0,1,0.0,0.0,0.0,0.0,73.55512142181396,-63.70001399999998,9.599998167183458,73.56001091003418,-59.96905316591213,0.0,1,0.0
8.108333333333333,8108333,hold_standing,0.0,0.0,0.0,80.96182697652446,1.0,0.0,0.0,0.0,0.0,0.0,80.96182697652446,39.11558723449706,36.53557893492406,0,feet,0.0,0.0,0.0,-39.120476722717285,63.70001399999999,9.599998167183458,-39.11558723449707,59.96905316591212,0.0,1,0.0,0.0,0.0,0.0,-39.12047672271727,-63.70001399999998,9.599998167183486,-39.11558723449705,-59.96905316591213,0.0,1,2.842170943040401e-14,0.0,0.0,0.0,73.55512142181396,63.70001399999999,9.599998167183458,73.56001091003418,59.96905316591212,0.0,1,0.0,0.0,0.0,0.0,73.55512142181396,-63.70001399999998,9.599998167183458,73.56001091003418,-59.96905316591213,0.0,1,0.0
8.116666666666667,8116667,hold_standing,0.0,0.0,0.0,80.96182697652446,1.0,0.0,0.0,0.0,0.0,0.0,80.96182697652446,39.11558723449706,36.53557893492406,0,feet,0.0,0.0,0.0,-39.120476722717285,63.70001399999999,9.599998167183458,-39.11558723449707,59.96905316591212,0.0,1,0.0,0.0,0.0,0.0,-39.12047672271727,-63.70001399999998,9.599998167183486,-39.11558723449705,-59.96905316591213,0.0,1,2.842170943040401e-14,0.0,0.0,0.0,73.55512142181396,63.70001399999999,9.599998167183458,73.56001091003418,59.96905316591212,0.0,1,0.0,0.0,0.0,0.0,73.55512142181396,-63.70001399999998,9.599998167183458,73.56001091003418,-59.96905316591213,0.0,1,0.0
8.125,8125000,hold_standing,0.0,0.0,0.0,80.96182697652446,1.0,0.0,0.0,0.0,0.0,0.0,80.96182697652446,39.11558723449706,36.53557893492406,0,feet,0.0,0.0,0.0,-39.120476722717285,63.70001399999999,9.599998167183458,-39.11558723449707,59.96905316591212,0.0,1,0.0,0.0,0.0,0.0,-39.12047672271727,-63.70001399999998,9.599998167183486,-39.11558723449705,-59.96905316591213,0.0,1,2.842170943040401e-14,0.0,0.0,0.0,73.55512142181396,63.70001399999999,9.599998167183458,73.56001091003418,59.96905316591212,0.0,1,0.0,0.0,0.0,0.0,73.55512142181396,-63.70001399999998,9.599998167183458,73.56001091003418,-59.96905316591213,0.0,1,0.0
8.133333333333333,8133333,hold_standing,0.0,0.0,0.0,80.96182697652446,1.0,0.0,0.0,0.0,0.0,0.0,80.96182697652446,39.11558723449706,36.53557893492406,0,feet,0.0,0.0,0.0,-39.120476722717285,63.70001399999999,9.599998167183458,-39.11558723449707,59.96905316591212,0.0,1,0.0,0.0,0.0,0.0,-39.12047672271727,-63.70001399999998,9.599998167183486,-39.11558723449705,-59.96905316591213,0.0,1,2.842170943040401e-14,0.0,0.0,0.0,73.55512142181396,63.70001399999999,9.599998167183458,73.56001091003418,59.96905316591212,0.0,1,0.0,0.0,0.0,0.0,73.55512142181396,-63.70001399999998,9.599998167183458,73.56001091003418,-59.96905316591213,0.0,1,0.0
8.141666666666667,8141667,hold_standing,0.0,0.0,0.0,80.96182697652446,1.0,0.0,0.0,0.0,0.0,0.0,80.96182697652446,39.11558723449706,36.53557893492406,0,feet,0.0,0.0,0.0,-39.120476722717285,63.70001399999999,9.599998167183458,-39.11558723449707,59.96905316591212,0.0,1,0.0,0.0,0.0,0.0,-39.12047672271727,-63.70001399999998,9.599998167183486,-39.11558723449705,-59.96905316591213,0.0,1,2.842170943040401e-14,0.0,0.0,0.0,73.55512142181396,63.70001399999999,9.599998167183458,73.56001091003418,59.96905316591212,0.0,1,0.0,0.0,0.0,0.0,73.55512142181396,-63.70001399999998,9.599998167183458,73.56001091003418,-59.96905316591213,0.0,1,0.0
8.15,8150000,hold_standing,0.0,0.0,0.0,80.96182697652446,1.0,0.0,0.0,0.0,0.0,0.0,80.96182697652446,39.11558723449706,36.53557893492406,0,feet,0.0,0.0,0.0,-39.120476722717285,63.70001399999999,9.599998167183458,-39.11558723449707,59.96905316591212,0.0,1,0.0,0.0,0.0,0.0,-39.12047672271727,-63.70001399999998,9.599998167183486,-39.11558723449705,-59.96905316591213,0.0,1,2.842170943040401e-14,0.0,0.0,0.0,73.55512142181396,63.70001399999999,9.599998167183458,73.56001091003418,59.96905316591212,0.0,1,0.0,0.0,0.0,0.0,73.55512142181396,-63.70001399999998,9.599998167183458,73.56001091003418,-59.96905316591213,0.0,1,0.0
8.158333333333333,8158333,hold_standing,0.0,0.0,0.0,80.96182697652446,1.0,0.0,0.0,0.0,0.0,0.0,80.96182697652446,39.11558723449706,36.53557893492406,0,feet,0.0,0.0,0.0,-39.120476722717285,63.70001399999999,9.599998167183458,-39.11558723449707,59.96905316591212,0.0,1,0.0,0.0,0.0,0.0,-39.12047672271727,-63.70001399999998,9.599998167183486,-39.11558723449705,-59.96905316591213,0.0,1,2.842170943040401e-14,0.0,0.0,0.0,73.55512142181396,63.70001399999999,9.599998167183458,73.56001091003418,59.96905316591212,0.0,1,0.0,0.0,0.0,0.0,73.55512142181396,-63.70001399999998,9.599998167183458,73.56001091003418,-59.96905316591213,0.0,1,0.0
8.166666666666666,8166667,hold_standing,0.0,0.0,0.0,80.96182697652446,1.0,0.0,0.0,0.0,0.0,0.0,80.96182697652446,39.11558723449706,36.53557893492406,0,feet,0.0,0.0,0.0,-39.120476722717285,63.70001399999999,9.599998167183458,-39.11558723449707,59.96905316591212,0.0,1,0.0,0.0,0.0,0.0,-39.12047672271727,-63.70001399999998,9.599998167183486,-39.11558723449705,-59.96905316591213,0.0,1,2.842170943040401e-14,0.0,0.0,0.0,73.55512142181396,63.70001399999999,9.599998167183458,73.56001091003418,59.96905316591212,0.0,1,0.0,0.0,0.0,0.0,73.55512142181396,-63.70001399999998,9.599998167183458,73.56001091003418,-59.96905316591213,0.0,1,0.0
8.175,8175000,hold_standing,0.0,0.0,0.0,80.96182697652446,1.0,0.0,0.0,0.0,0.0,0.0,80.96182697652446,39.11558723449706,36.53557893492406,0,feet,0.0,0.0,0.0,-39.120476722717285,63.70001399999999,9.599998167183458,-39.11558723449707,59.96905316591212,0.0,1,0.0,0.0,0.0,0.0,-39.12047672271727,-63.70001399999998,9.599998167183486,-39.11558723449705,-59.96905316591213,0.0,1,2.842170943040401e-14,0.0,0.0,0.0,73.55512142181396,63.70001399999999,9.599998167183458,73.56001091003418,59.96905316591212,0.0,1,0.0,0.0,0.0,0.0,73.55512142181396,-63.70001399999998,9.599998167183458,73.56001091003418,-59.96905316591213,0.0,1,0.0
8.183333333333334,8183333,hold_standing,0.0,0.0,0.0,80.96182697652446,1.0,0.0,0.0,0.0,0.0,0.0,80.96182697652446,39.11558723449706,36.53557893492406,0,feet,0.0,0.0,0.0,-39.120476722717285,63.70001399999999,9.599998167183458,-39.11558723449707,59.96905316591212,0.0,1,0.0,0.0,0.0,0.0,-39.12047672271727,-63.70001399999998,9.599998167183486,-39.11558723449705,-59.96905316591213,0.0,1,2.842170943040401e-14,0.0,0.0,0.0,73.55512142181396,63.70001399999999,9.599998167183458,73.56001091003418,59.96905316591212,0.0,1,0.0,0.0,0.0,0.0,73.55512142181396,-63.70001399999998,9.599998167183458,73.56001091003418,-59.96905316591213,0.0,1,0.0
8.191666666666666,8191667,hold_standing,0.0,0.0,0.0,80.96182697652446,1.0,0.0,0.0,0.0,0.0,0.0,80.96182697652446,39.11558723449706,36.53557893492406,0,feet,0.0,0.0,0.0,-39.120476722717285,63.70001399999999,9.599998167183458,-39.11558723449707,59.96905316591212,0.0,1,0.0,0.0,0.0,0.0,-39.12047672271727,-63.70001399999998,9.599998167183486,-39.11558723449705,-59.96905316591213,0.0,1,2.842170943040401e-14,0.0,0.0,0.0,73.55512142181396,63.70001399999999,9.599998167183458,73.56001091003418,59.96905316591212,0.0,1,0.0,0.0,0.0,0.0,73.55512142181396,-63.70001399999998,9.599998167183458,73.56001091003418,-59.96905316591213,0.0,1,0.0
8.2,8200000,hold_standing,0.0,0.0,0.0,80.96182697652446,1.0,0.0,0.0,0.0,0.0,0.0,80.96182697652446,39.11558723449706,36.53557893492406,0,feet,0.0,0.0,0.0,-39.120476722717285,63.70001399999999,9.599998167183458,-39.11558723449707,59.96905316591212,0.0,1,0.0,0.0,0.0,0.0,-39.12047672271727,-63.70001399999998,9.599998167183486,-39.11558723449705,-59.96905316591213,0.0,1,2.842170943040401e-14,0.0,0.0,0.0,73.55512142181396,63.70001399999999,9.599998167183458,73.56001091003418,59.96905316591212,0.0,1,0.0,0.0,0.0,0.0,73.55512142181396,-63.70001399999998,9.599998167183458,73.56001091003418,-59.96905316591213,0.0,1,0.0
8.208333333333334,8208333,hold_standing,0.0,0.0,0.0,80.96182697652446,1.0,0.0,0.0,0.0,0.0,0.0,80.96182697652446,39.11558723449706,36.53557893492406,0,feet,0.0,0.0,0.0,-39.120476722717285,63.70001399999999,9.599998167183458,-39.11558723449707,59.96905316591212,0.0,1,0.0,0.0,0.0,0.0,-39.12047672271727,-63.70001399999998,9.599998167183486,-39.11558723449705,-59.96905316591213,0.0,1,2.842170943040401e-14,0.0,0.0,0.0,73.55512142181396,63.70001399999999,9.599998167183458,73.56001091003418,59.96905316591212,0.0,1,0.0,0.0,0.0,0.0,73.55512142181396,-63.70001399999998,9.599998167183458,73.56001091003418,-59.96905316591213,0.0,1,0.0
8.216666666666667,8216667,hold_standing,0.0,0.0,0.0,80.96182697652446,1.0,0.0,0.0,0.0,0.0,0.0,80.96182697652446,39.11558723449706,36.53557893492406,0,feet,0.0,0.0,0.0,-39.120476722717285,63.70001399999999,9.599998167183458,-39.11558723449707,59.96905316591212,0.0,1,0.0,0.0,0.0,0.0,-39.12047672271727,-63.70001399999998,9.599998167183486,-39.11558723449705,-59.96905316591213,0.0,1,2.842170943040401e-14,0.0,0.0,0.0,73.55512142181396,63.70001399999999,9.599998167183458,73.56001091003418,59.96905316591212,0.0,1,0.0,0.0,0.0,0.0,73.55512142181396,-63.70001399999998,9.599998167183458,73.56001091003418,-59.96905316591213,0.0,1,0.0
8.225,8225000,hold_standing,0.0,0.0,0.0,80.96182697652446,1.0,0.0,0.0,0.0,0.0,0.0,80.96182697652446,39.11558723449706,36.53557893492406,0,feet,0.0,0.0,0.0,-39.120476722717285,63.70001399999999,9.599998167183458,-39.11558723449707,59.96905316591212,0.0,1,0.0,0.0,0.0,0.0,-39.12047672271727,-63.70001399999998,9.599998167183486,-39.11558723449705,-59.96905316591213,0.0,1,2.842170943040401e-14,0.0,0.0,0.0,73.55512142181396,63.70001399999999,9.599998167183458,73.56001091003418,59.96905316591212,0.0,1,0.0,0.0,0.0,0.0,73.55512142181396,-63.70001399999998,9.599998167183458,73.56001091003418,-59.96905316591213,0.0,1,0.0
8.233333333333333,8233333,hold_standing,0.0,0.0,0.0,80.96182697652446,1.0,0.0,0.0,0.0,0.0,0.0,80.96182697652446,39.11558723449706,36.53557893492406,0,feet,0.0,0.0,0.0,-39.120476722717285,63.70001399999999,9.599998167183458,-39.11558723449707,59.96905316591212,0.0,1,0.0,0.0,0.0,0.0,-39.12047672271727,-63.70001399999998,9.599998167183486,-39.11558723449705,-59.96905316591213,0.0,1,2.842170943040401e-14,0.0,0.0,0.0,73.55512142181396,63.70001399999999,9.599998167183458,73.56001091003418,59.96905316591212,0.0,1,0.0,0.0,0.0,0.0,73.55512142181396,-63.70001399999998,9.599998167183458,73.56001091003418,-59.96905316591213,0.0,1,0.0
8.241666666666667,8241667,hold_standing,0.0,0.0,0.0,80.96182697652446,1.0,0.0,0.0,0.0,0.0,0.0,80.96182697652446,39.11558723449706,36.53557893492406,0,feet,0.0,0.0,0.0,-39.120476722717285,63.70001399999999,9.599998167183458,-39.11558723449707,59.96905316591212,0.0,1,0.0,0.0,0.0,0.0,-39.12047672271727,-63.70001399999998,9.599998167183486,-39.11558723449705,-59.96905316591213,0.0,1,2.842170943040401e-14,0.0,0.0,0.0,73.55512142181396,63.70001399999999,9.599998167183458,73.56001091003418,59.96905316591212,0.0,1,0.0,0.0,0.0,0.0,73.55512142181396,-63.70001399999998,9.599998167183458,73.56001091003418,-59.96905316591213,0.0,1,0.0
8.25,8250000,hold_standing,0.0,0.0,0.0,80.96182697652446,1.0,0.0,0.0,0.0,0.0,0.0,80.96182697652446,39.11558723449706,36.53557893492406,0,feet,0.0,0.0,0.0,-39.120476722717285,63.70001399999999,9.599998167183458,-39.11558723449707,59.96905316591212,0.0,1,0.0,0.0,0.0,0.0,-39.12047672271727,-63.70001399999998,9.599998167183486,-39.11558723449705,-59.96905316591213,0.0,1,2.842170943040401e-14,0.0,0.0,0.0,73.55512142181396,63.70001399999999,9.599998167183458,73.56001091003418,59.96905316591212,0.0,1,0.0,0.0,0.0,0.0,73.55512142181396,-63.70001399999998,9.599998167183458,73.56001091003418,-59.96905316591213,0.0,1,0.0
8.258333333333333,8258333,hold_standing,0.0,0.0,0.0,80.96182697652446,1.0,0.0,0.0,0.0,0.0,0.0,80.96182697652446,39.11558723449706,36.53557893492406,0,feet,0.0,0.0,0.0,-39.120476722717285,63.70001399999999,9.599998167183458,-39.11558723449707,59.96905316591212,0.0,1,0.0,0.0,0.0,0.0,-39.12047672271727,-63.70001399999998,9.599998167183486,-39.11558723449705,-59.96905316591213,0.0,1,2.842170943040401e-14,0.0,0.0,0.0,73.55512142181396,63.70001399999999,9.599998167183458,73.56001091003418,59.96905316591212,0.0,1,0.0,0.0,0.0,0.0,73.55512142181396,-63.70001399999998,9.599998167183458,73.56001091003418,-59.96905316591213,0.0,1,0.0
8.266666666666667,8266667,hold_standing,0.0,0.0,0.0,80.96182697652446,1.0,0.0,0.0,0.0,0.0,0.0,80.96182697652446,39.11558723449706,36.53557893492406,0,feet,0.0,0.0,0.0,-39.120476722717285,63.70001399999999,9.599998167183458,-39.11558723449707,59.96905316591212,0.0,1,0.0,0.0,0.0,0.0,-39.12047672271727,-63.70001399999998,9.599998167183486,-39.11558723449705,-59.96905316591213,0.0,1,2.842170943040401e-14,0.0,0.0,0.0,73.55512142181396,63.70001399999999,9.599998167183458,73.56001091003418,59.96905316591212,0.0,1,0.0,0.0,0.0,0.0,73.55512142181396,-63.70001399999998,9.599998167183458,73.56001091003418,-59.96905316591213,0.0,1,0.0
8.275,8275000,hold_standing,0.0,0.0,0.0,80.96182697652446,1.0,0.0,0.0,0.0,0.0,0.0,80.96182697652446,39.11558723449706,36.53557893492406,0,feet,0.0,0.0,0.0,-39.120476722717285,63.70001399999999,9.599998167183458,-39.11558723449707,59.96905316591212,0.0,1,0.0,0.0,0.0,0.0,-39.12047672271727,-63.70001399999998,9.599998167183486,-39.11558723449705,-59.96905316591213,0.0,1,2.842170943040401e-14,0.0,0.0,0.0,73.55512142181396,63.70001399999999,9.599998167183458,73.56001091003418,59.96905316591212,0.0,1,0.0,0.0,0.0,0.0,73.55512142181396,-63.70001399999998,9.599998167183458,73.56001091003418,-59.96905316591213,0.0,1,0.0
8.283333333333333,8283333,hold_standing,0.0,0.0,0.0,80.96182697652446,1.0,0.0,0.0,0.0,0.0,0.0,80.96182697652446,39.11558723449706,36.53557893492406,0,feet,0.0,0.0,0.0,-39.120476722717285,63.70001399999999,9.599998167183458,-39.11558723449707,59.96905316591212,0.0,1,0.0,0.0,0.0,0.0,-39.12047672271727,-63.70001399999998,9.599998167183486,-39.11558723449705,-59.96905316591213,0.0,1,2.842170943040401e-14,0.0,0.0,0.0,73.55512142181396,63.70001399999999,9.599998167183458,73.56001091003418,59.96905316591212,0.0,1,0.0,0.0,0.0,0.0,73.55512142181396,-63.70001399999998,9.599998167183458,73.56001091003418,-59.96905316591213,0.0,1,0.0
8.291666666666666,8291667,hold_standing,0.0,0.0,0.0,80.96182697652446,1.0,0.0,0.0,0.0,0.0,0.0,80.96182697652446,39.11558723449706,36.53557893492406,0,feet,0.0,0.0,0.0,-39.120476722717285,63.70001399999999,9.599998167183458,-39.11558723449707,59.96905316591212,0.0,1,0.0,0.0,0.0,0.0,-39.12047672271727,-63.70001399999998,9.599998167183486,-39.11558723449705,-59.96905316591213,0.0,1,2.842170943040401e-14,0.0,0.0,0.0,73.55512142181396,63.70001399999999,9.599998167183458,73.56001091003418,59.96905316591212,0.0,1,0.0,0.0,0.0,0.0,73.55512142181396,-63.70001399999998,9.599998167183458,73.56001091003418,-59.96905316591213,0.0,1,0.0
8.3,8300000,hold_standing,0.0,0.0,0.0,80.96182697652446,1.0,0.0,0.0,0.0,0.0,0.0,80.96182697652446,39.11558723449706,36.53557893492406,0,feet,0.0,0.0,0.0,-39.120476722717285,63.70001399999999,9.599998167183458,-39.11558723449707,59.96905316591212,0.0,1,0.0,0.0,0.0,0.0,-39.12047672271727,-63.70001399999998,9.599998167183486,-39.11558723449705,-59.96905316591213,0.0,1,2.842170943040401e-14,0.0,0.0,0.0,73.55512142181396,63.70001399999999,9.599998167183458,73.56001091003418,59.96905316591212,0.0,1,0.0,0.0,0.0,0.0,73.55512142181396,-63.70001399999998,9.599998167183458,73.56001091003418,-59.96905316591213,0.0,1,0.0
8.308333333333334,8308333,hold_standing,0.0,0.0,0.0,80.96182697652446,1.0,0.0,0.0,0.0,0.0,0.0,80.96182697652446,39.11558723449706,36.53557893492406,0,feet,0.0,0.0,0.0,-39.120476722717285,63.70001399999999,9.599998167183458,-39.11558723449707,59.96905316591212,0.0,1,0.0,0.0,0.0,0.0,-39.12047672271727,-63.70001399999998,9.599998167183486,-39.11558723449705,-59.96905316591213,0.0,1,2.842170943040401e-14,0.0,0.0,0.0,73.55512142181396,63.70001399999999,9.599998167183458,73.56001091003418,59.96905316591212,0.0,1,0.0,0.0,0.0,0.0,73.55512142181396,-63.70001399999998,9.599998167183458,73.56001091003418,-59.96905316591213,0.0,1,0.0
8.316666666666666,8316667,hold_standing,0.0,0.0,0.0,80.96182697652446,1.0,0.0,0.0,0.0,0.0,0.0,80.96182697652446,39.11558723449706,36.53557893492406,0,feet,0.0,0.0,0.0,-39.120476722717285,63.70001399999999,9.599998167183458,-39.11558723449707,59.96905316591212,0.0,1,0.0,0.0,0.0,0.0,-39.12047672271727,-63.70001399999998,9.599998167183486,-39.11558723449705,-59.96905316591213,0.0,1,2.842170943040401e-14,0.0,0.0,0.0,73.55512142181396,63.70001399999999,9.599998167183458,73.56001091003418,59.96905316591212,0.0,1,0.0,0.0,0.0,0.0,73.55512142181396,-63.70001399999998,9.599998167183458,73.56001091003418,-59.96905316591213,0.0,1,0.0
8.325,8325000,hold_standing,0.0,0.0,0.0,80.96182697652446,1.0,0.0,0.0,0.0,0.0,0.0,80.96182697652446,39.11558723449706,36.53557893492406,0,feet,0.0,0.0,0.0,-39.120476722717285,63.70001399999999,9.599998167183458,-39.11558723449707,59.96905316591212,0.0,1,0.0,0.0,0.0,0.0,-39.12047672271727,-63.70001399999998,9.599998167183486,-39.11558723449705,-59.96905316591213,0.0,1,2.842170943040401e-14,0.0,0.0,0.0,73.55512142181396,63.70001399999999,9.599998167183458,73.56001091003418,59.96905316591212,0.0,1,0.0,0.0,0.0,0.0,73.55512142181396,-63.70001399999998,9.599998167183458,73.56001091003418,-59.96905316591213,0.0,1,0.0
8.333333333333334,8333333,hold_standing,0.0,0.0,0.0,80.96182697652446,1.0,0.0,0.0,0.0,0.0,0.0,80.96182697652446,39.11558723449706,36.53557893492406,0,feet,0.0,0.0,0.0,-39.120476722717285,63.70001399999999,9.599998167183458,-39.11558723449707,59.96905316591212,0.0,1,0.0,0.0,0.0,0.0,-39.12047672271727,-63.70001399999998,9.599998167183486,-39.11558723449705,-59.96905316591213,0.0,1,2.842170943040401e-14,0.0,0.0,0.0,73.55512142181396,63.70001399999999,9.599998167183458,73.56001091003418,59.96905316591212,0.0,1,0.0,0.0,0.0,0.0,73.55512142181396,-63.70001399999998,9.599998167183458,73.56001091003418,-59.96905316591213,0.0,1,0.0
8.341666666666667,8341667,hold_standing,0.0,0.0,0.0,80.96182697652446,1.0,0.0,0.0,0.0,0.0,0.0,80.96182697652446,39.11558723449706,36.53557893492406,0,feet,0.0,0.0,0.0,-39.120476722717285,63.70001399999999,9.599998167183458,-39.11558723449707,59.96905316591212,0.0,1,0.0,0.0,0.0,0.0,-39.12047672271727,-63.70001399999998,9.599998167183486,-39.11558723449705,-59.96905316591213,0.0,1,2.842170943040401e-14,0.0,0.0,0.0,73.55512142181396,63.70001399999999,9.599998167183458,73.56001091003418,59.96905316591212,0.0,1,0.0,0.0,0.0,0.0,73.55512142181396,-63.70001399999998,9.599998167183458,73.56001091003418,-59.96905316591213,0.0,1,0.0
8.35,8350000,hold_standing,0.0,0.0,0.0,80.96182697652446,1.0,0.0,0.0,0.0,0.0,0.0,80.96182697652446,39.11558723449706,36.53557893492406,0,feet,0.0,0.0,0.0,-39.120476722717285,63.70001399999999,9.599998167183458,-39.11558723449707,59.96905316591212,0.0,1,0.0,0.0,0.0,0.0,-39.12047672271727,-63.70001399999998,9.599998167183486,-39.11558723449705,-59.96905316591213,0.0,1,2.842170943040401e-14,0.0,0.0,0.0,73.55512142181396,63.70001399999999,9.599998167183458,73.56001091003418,59.96905316591212,0.0,1,0.0,0.0,0.0,0.0,73.55512142181396,-63.70001399999998,9.599998167183458,73.56001091003418,-59.96905316591213,0.0,1,0.0
8.358333333333333,8358333,hold_standing,0.0,0.0,0.0,80.96182697652446,1.0,0.0,0.0,0.0,0.0,0.0,80.96182697652446,39.11558723449706,36.53557893492406,0,feet,0.0,0.0,0.0,-39.120476722717285,63.70001399999999,9.599998167183458,-39.11558723449707,59.96905316591212,0.0,1,0.0,0.0,0.0,0.0,-39.12047672271727,-63.70001399999998,9.599998167183486,-39.11558723449705,-59.96905316591213,0.0,1,2.842170943040401e-14,0.0,0.0,0.0,73.55512142181396,63.70001399999999,9.599998167183458,73.56001091003418,59.96905316591212,0.0,1,0.0,0.0,0.0,0.0,73.55512142181396,-63.70001399999998,9.599998167183458,73.56001091003418,-59.96905316591213,0.0,1,0.0
8.366666666666667,8366667,hold_standing,0.0,0.0,0.0,80.96182697652446,1.0,0.0,0.0,0.0,0.0,0.0,80.96182697652446,39.11558723449706,36.53557893492406,0,feet,0.0,0.0,0.0,-39.120476722717285,63.70001399999999,9.599998167183458,-39.11558723449707,59.96905316591212,0.0,1,0.0,0.0,0.0,0.0,-39.12047672271727,-63.70001399999998,9.599998167183486,-39.11558723449705,-59.96905316591213,0.0,1,2.842170943040401e-14,0.0,0.0,0.0,73.55512142181396,63.70001399999999,9.599998167183458,73.56001091003418,59.96905316591212,0.0,1,0.0,0.0,0.0,0.0,73.55512142181396,-63.70001399999998,9.599998167183458,73.56001091003418,-59.96905316591213,0.0,1,0.0
8.375,8375000,hold_standing,0.0,0.0,0.0,80.96182697652446,1.0,0.0,0.0,0.0,0.0,0.0,80.96182697652446,39.11558723449706,36.53557893492406,0,feet,0.0,0.0,0.0,-39.120476722717285,63.70001399999999,9.599998167183458,-39.11558723449707,59.96905316591212,0.0,1,0.0,0.0,0.0,0.0,-39.12047672271727,-63.70001399999998,9.599998167183486,-39.11558723449705,-59.96905316591213,0.0,1,2.842170943040401e-14,0.0,0.0,0.0,73.55512142181396,63.70001399999999,9.599998167183458,73.56001091003418,59.96905316591212,0.0,1,0.0,0.0,0.0,0.0,73.55512142181396,-63.70001399999998,9.599998167183458,73.56001091003418,-59.96905316591213,0.0,1,0.0
8.383333333333333,8383333,hold_standing,0.0,0.0,0.0,80.96182697652446,1.0,0.0,0.0,0.0,0.0,0.0,80.96182697652446,39.11558723449706,36.53557893492406,0,feet,0.0,0.0,0.0,-39.120476722717285,63.70001399999999,9.599998167183458,-39.11558723449707,59.96905316591212,0.0,1,0.0,0.0,0.0,0.0,-39.12047672271727,-63.70001399999998,9.599998167183486,-39.11558723449705,-59.96905316591213,0.0,1,2.842170943040401e-14,0.0,0.0,0.0,73.55512142181396,63.70001399999999,9.599998167183458,73.56001091003418,59.96905316591212,0.0,1,0.0,0.0,0.0,0.0,73.55512142181396,-63.70001399999998,9.599998167183458,73.56001091003418,-59.96905316591213,0.0,1,0.0
8.391666666666667,8391667,hold_standing,0.0,0.0,0.0,80.96182697652446,1.0,0.0,0.0,0.0,0.0,0.0,80.96182697652446,39.11558723449706,36.53557893492406,0,feet,0.0,0.0,0.0,-39.120476722717285,63.70001399999999,9.599998167183458,-39.11558723449707,59.96905316591212,0.0,1,0.0,0.0,0.0,0.0,-39.12047672271727,-63.70001399999998,9.599998167183486,-39.11558723449705,-59.96905316591213,0.0,1,2.842170943040401e-14,0.0,0.0,0.0,73.55512142181396,63.70001399999999,9.599998167183458,73.56001091003418,59.96905316591212,0.0,1,0.0,0.0,0.0,0.0,73.55512142181396,-63.70001399999998,9.599998167183458,73.56001091003418,-59.96905316591213,0.0,1,0.0
8.4,8400000,hold_standing,0.0,0.0,0.0,80.96182697652446,1.0,0.0,0.0,0.0,0.0,0.0,80.96182697652446,39.11558723449706,36.53557893492406,0,feet,0.0,0.0,0.0,-39.120476722717285,63.70001399999999,9.599998167183458,-39.11558723449707,59.96905316591212,0.0,1,0.0,0.0,0.0,0.0,-39.12047672271727,-63.70001399999998,9.599998167183486,-39.11558723449705,-59.96905316591213,0.0,1,2.842170943040401e-14,0.0,0.0,0.0,73.55512142181396,63.70001399999999,9.599998167183458,73.56001091003418,59.96905316591212,0.0,1,0.0,0.0,0.0,0.0,73.55512142181396,-63.70001399999998,9.599998167183458,73.56001091003418,-59.96905316591213,0.0,1,0.0
8.408333333333333,8408333,hold_standing,0.0,0.0,0.0,80.96182697652446,1.0,0.0,0.0,0.0,0.0,0.0,80.96182697652446,39.11558723449706,36.53557893492406,0,feet,0.0,0.0,0.0,-39.120476722717285,63.70001399999999,9.599998167183458,-39.11558723449707,59.96905316591212,0.0,1,0.0,0.0,0.0,0.0,-39.12047672271727,-63.70001399999998,9.599998167183486,-39.11558723449705,-59.96905316591213,0.0,1,2.842170943040401e-14,0.0,0.0,0.0,73.55512142181396,63.70001399999999,9.599998167183458,73.56001091003418,59.96905316591212,0.0,1,0.0,0.0,0.0,0.0,73.55512142181396,-63.70001399999998,9.599998167183458,73.56001091003418,-59.96905316591213,0.0,1,0.0
8.416666666666666,8416667,hold_standing,0.0,0.0,0.0,80.96182697652446,1.0,0.0,0.0,0.0,0.0,0.0,80.96182697652446,39.11558723449706,36.53557893492406,0,feet,0.0,0.0,0.0,-39.120476722717285,63.70001399999999,9.599998167183458,-39.11558723449707,59.96905316591212,0.0,1,0.0,0.0,0.0,0.0,-39.12047672271727,-63.70001399999998,9.599998167183486,-39.11558723449705,-59.96905316591213,0.0,1,2.842170943040401e-14,0.0,0.0,0.0,73.55512142181396,63.70001399999999,9.599998167183458,73.56001091003418,59.96905316591212,0.0,1,0.0,0.0,0.0,0.0,73.55512142181396,-63.70001399999998,9.599998167183458,73.56001091003418,-59.96905316591213,0.0,1,0.0
8.425,8425000,hold_standing,0.0,0.0,0.0,80.96182697652446,1.0,0.0,0.0,0.0,0.0,0.0,80.96182697652446,39.11558723449706,36.53557893492406,0,feet,0.0,0.0,0.0,-39.120476722717285,63.70001399999999,9.599998167183458,-39.11558723449707,59.96905316591212,0.0,1,0.0,0.0,0.0,0.0,-39.12047672271727,-63.70001399999998,9.599998167183486,-39.11558723449705,-59.96905316591213,0.0,1,2.842170943040401e-14,0.0,0.0,0.0,73.55512142181396,63.70001399999999,9.599998167183458,73.56001091003418,59.96905316591212,0.0,1,0.0,0.0,0.0,0.0,73.55512142181396,-63.70001399999998,9.599998167183458,73.56001091003418,-59.96905316591213,0.0,1,0.0
8.433333333333334,8433333,hold_standing,0.0,0.0,0.0,80.96182697652446,1.0,0.0,0.0,0.0,0.0,0.0,80.96182697652446,39.11558723449706,36.53557893492406,0,feet,0.0,0.0,0.0,-39.120476722717285,63.70001399999999,9.599998167183458,-39.11558723449707,59.96905316591212,0.0,1,0.0,0.0,0.0,0.0,-39.12047672271727,-63.70001399999998,9.599998167183486,-39.11558723449705,-59.96905316591213,0.0,1,2.842170943040401e-14,0.0,0.0,0.0,73.55512142181396,63.70001399999999,9.599998167183458,73.56001091003418,59.96905316591212,0.0,1,0.0,0.0,0.0,0.0,73.55512142181396,-63.70001399999998,9.599998167183458,73.56001091003418,-59.96905316591213,0.0,1,0.0
8.441666666666666,8441667,hold_standing,0.0,0.0,0.0,80.96182697652446,1.0,0.0,0.0,0.0,0.0,0.0,80.96182697652446,39.11558723449706,36.53557893492406,0,feet,0.0,0.0,0.0,-39.120476722717285,63.70001399999999,9.599998167183458,-39.11558723449707,59.96905316591212,0.0,1,0.0,0.0,0.0,0.0,-39.12047672271727,-63.70001399999998,9.599998167183486,-39.11558723449705,-59.96905316591213,0.0,1,2.842170943040401e-14,0.0,0.0,0.0,73.55512142181396,63.70001399999999,9.599998167183458,73.56001091003418,59.96905316591212,0.0,1,0.0,0.0,0.0,0.0,73.55512142181396,-63.70001399999998,9.599998167183458,73.56001091003418,-59.96905316591213,0.0,1,0.0
8.45,8450000,hold_standing,0.0,0.0,0.0,80.96182697652446,1.0,0.0,0.0,0.0,0.0,0.0,80.96182697652446,39.11558723449706,36.53557893492406,0,feet,0.0,0.0,0.0,-39.120476722717285,63.70001399999999,9.599998167183458,-39.11558723449707,59.96905316591212,0.0,1,0.0,0.0,0.0,0.0,-39.12047672271727,-63.70001399999998,9.599998167183486,-39.11558723449705,-59.96905316591213,0.0,1,2.842170943040401e-14,0.0,0.0,0.0,73.55512142181396,63.70001399999999,9.599998167183458,73.56001091003418,59.96905316591212,0.0,1,0.0,0.0,0.0,0.0,73.55512142181396,-63.70001399999998,9.599998167183458,73.56001091003418,-59.96905316591213,0.0,1,0.0
8.458333333333334,8458333,hold_standing,0.0,0.0,0.0,80.96182697652446,1.0,0.0,0.0,0.0,0.0,0.0,80.96182697652446,39.11558723449706,36.53557893492406,0,feet,0.0,0.0,0.0,-39.120476722717285,63.70001399999999,9.599998167183458,-39.11558723449707,59.96905316591212,0.0,1,0.0,0.0,0.0,0.0,-39.12047672271727,-63.70001399999998,9.599998167183486,-39.11558723449705,-59.96905316591213,0.0,1,2.842170943040401e-14,0.0,0.0,0.0,73.55512142181396,63.70001399999999,9.599998167183458,73.56001091003418,59.96905316591212,0.0,1,0.0,0.0,0.0,0.0,73.55512142181396,-63.70001399999998,9.599998167183458,73.56001091003418,-59.96905316591213,0.0,1,0.0
8.466666666666667,8466667,hold_standing,0.0,0.0,0.0,80.96182697652446,1.0,0.0,0.0,0.0,0.0,0.0,80.96182697652446,39.11558723449706,36.53557893492406,0,feet,0.0,0.0,0.0,-39.120476722717285,63.70001399999999,9.599998167183458,-39.11558723449707,59.96905316591212,0.0,1,0.0,0.0,0.0,0.0,-39.12047672271727,-63.70001399999998,9.599998167183486,-39.11558723449705,-59.96905316591213,0.0,1,2.842170943040401e-14,0.0,0.0,0.0,73.55512142181396,63.70001399999999,9.599998167183458,73.56001091003418,59.96905316591212,0.0,1,0.0,0.0,0.0,0.0,73.55512142181396,-63.70001399999998,9.599998167183458,73.56001091003418,-59.96905316591213,0.0,1,0.0
8.475,8475000,hold_standing,0.0,0.0,0.0,80.96182697652446,1.0,0.0,0.0,0.0,0.0,0.0,80.96182697652446,39.11558723449706,36.53557893492406,0,feet,0.0,0.0,0.0,-39.120476722717285,63.70001399999999,9.599998167183458,-39.11558723449707,59.96905316591212,0.0,1,0.0,0.0,0.0,0.0,-39.12047672271727,-63.70001399999998,9.599998167183486,-39.11558723449705,-59.96905316591213,0.0,1,2.842170943040401e-14,0.0,0.0,0.0,73.55512142181396,63.70001399999999,9.599998167183458,73.56001091003418,59.96905316591212,0.0,1,0.0,0.0,0.0,0.0,73.55512142181396,-63.70001399999998,9.599998167183458,73.56001091003418,-59.96905316591213,0.0,1,0.0
8.483333333333333,8483333,hold_standing,0.0,0.0,0.0,80.96182697652446,1.0,0.0,0.0,0.0,0.0,0.0,80.96182697652446,39.11558723449706,36.53557893492406,0,feet,0.0,0.0,0.0,-39.120476722717285,63.70001399999999,9.599998167183458,-39.11558723449707,59.96905316591212,0.0,1,0.0,0.0,0.0,0.0,-39.12047672271727,-63.70001399999998,9.599998167183486,-39.11558723449705,-59.96905316591213,0.0,1,2.842170943040401e-14,0.0,0.0,0.0,73.55512142181396,63.70001399999999,9.599998167183458,73.56001091003418,59.96905316591212,0.0,1,0.0,0.0,0.0,0.0,73.55512142181396,-63.70001399999998,9.599998167183458,73.56001091003418,-59.96905316591213,0.0,1,0.0
8.491666666666667,8491667,hold_standing,0.0,0.0,0.0,80.96182697652446,1.0,0.0,0.0,0.0,0.0,0.0,80.96182697652446,39.11558723449706,36.53557893492406,0,feet,0.0,0.0,0.0,-39.120476722717285,63.70001399999999,9.599998167183458,-39.11558723449707,59.96905316591212,0.0,1,0.0,0.0,0.0,0.0,-39.12047672271727,-63.70001399999998,9.599998167183486,-39.11558723449705,-59.96905316591213,0.0,1,2.842170943040401e-14,0.0,0.0,0.0,73.55512142181396,63.70001399999999,9.599998167183458,73.56001091003418,59.96905316591212,0.0,1,0.0,0.0,0.0,0.0,73.55512142181396,-63.70001399999998,9.599998167183458,73.56001091003418,-59.96905316591213,0.0,1,0.0
8.5,8500000,hold_standing,0.0,0.0,0.0,80.96182697652446,1.0,0.0,0.0,0.0,0.0,0.0,80.96182697652446,39.11558723449706,36.53557893492406,0,feet,0.0,0.0,0.0,-39.120476722717285,63.70001399999999,9.599998167183458,-39.11558723449707,59.96905316591212,0.0,1,0.0,0.0,0.0,0.0,-39.12047672271727,-63.70001399999998,9.599998167183486,-39.11558723449705,-59.96905316591213,0.0,1,2.842170943040401e-14,0.0,0.0,0.0,73.55512142181396,63.70001399999999,9.599998167183458,73.56001091003418,59.96905316591212,0.0,1,0.0,0.0,0.0,0.0,73.55512142181396,-63.70001399999998,9.599998167183458,73.56001091003418,-59.96905316591213,0.0,1,0.0
