time_s,time_us,phase,body_x_mm,body_y_mm,body_z_mm,body_qw,body_qx,body_qy,body_qz,assumed_com_x_mm,assumed_com_y_mm,assumed_com_z_mm,support_margin_mm,body_ground_clearance_mm,body_contact_active,support_source,FL_h002_rad,FL_alpha006_rad,FL_theta005_rad,FL_foot_bolt_x_mm,FL_foot_bolt_y_mm,FL_foot_bolt_z_mm,FL_sole_contact_x_mm,FL_sole_contact_y_mm,FL_sole_contact_z_mm,FL_contact_active,FL_sole_clearance_mm,FR_h002_rad,FR_alpha006_rad,FR_theta005_rad,FR_foot_bolt_x_mm,FR_foot_bolt_y_mm,FR_foot_bolt_z_mm,FR_sole_contact_x_mm,FR_sole_contact_y_mm,FR_sole_contact_z_mm,FR_contact_active,FR_sole_clearance_mm,RL_h002_rad,RL_alpha006_rad,RL_theta005_rad,RL_foot_bolt_x_mm,RL_foot_bolt_y_mm,RL_foot_bolt_z_mm,RL_sole_contact_x_mm,RL_sole_contact_y_mm,RL_sole_contact_z_mm,RL_contact_active,RL_sole_clearance_mm,RR_h002_rad,RR_alpha006_rad,RR_theta005_rad,RR_foot_bolt_x_mm,RR_foot_bolt_y_mm,RR_foot_bolt_z_mm,RR_sole_contact_x_mm,RR_sole_contact_y_mm,RR_sole_contact_z_mm,RR_contact_active,RR_sole_clearance_mm
0.0,0,standing,0.0,0.0,80.96182697652446,1.0,0.0,0.0,0.0,0.0,0.0,80.96182697652446,39.11558723449706,37.2228799771451,0,feet,0.0,0.0,0.0,-39.120476722717285,63.70001399999999,9.599998167183458,-39.11558723449707,59.96905316591212,0.0,1,0.0,0.0,0.0,0.0,-39.12047672271727,-63.70001399999998,9.599998167183486,-39.11558723449705,-59.96905316591213,0.0,1,2.842170943040401e-14,0.0,0.0,0.0,73.55512142181396,63.70001399999999,9.599998167183458,73.56001091003418,59.96905316591212,0.0,1,0.0,0.0,0.0,0.0,73.55512142181396,-63.70001399999998,9.599998167183458,73.56001091003418,-59.96905316591213,0.0,1,0.0
0.008333333333333333,8333,brace_rear,0.0,0.0,80.96177176659216,1.0,0.0,0.0,0.0,0.0,0.0,80.96177176659216,39.11558723449706,37.2228247672128,0,feet,0.0,1.0207110276994058e-06,-1.003084581174818e-06,-39.12048345169157,63.70001399999999,9.599998163753853,-39.11558723449707,59.96905316591212,0.0,1,-7.349621355956515e-09,0.0,1.0207110272553166e-06,-1.003084701967083e-06,-39.12048345169151,-63.70001399999998,9.599998163753881,-39.11558723449705,-59.96905316591213,0.0,1,-7.3495929342470845e-09,0.0,1.020711315913303e-06,-1.0030857118259462e-06,73.55511469283783,63.70001399999999,9.599998163753924,73.56001091003418,59.96905316591212,0.0,1,-7.349552078039778e-09,0.0,1.020711315913303e-06,-1.0030857118259462e-06,73.55511469283783,-63.70001399999998,9.599998163753924,73.56001091003418,-59.96905316591213,0.0,1,-7.349552078039778e-09
0.016666666666666666,16667,brace_rear,0.0,0.0,80.96139221975852,1.0,0.0,0.0,0.0,0.0,0.0,80.96139221975852,39.1284980773924,37.22244522037916,0,feet,0.0,8.038960353839997e-06,-7.900118976333914e-06,-39.120529719060926,63.70001399999999,9.599998209618647,-39.128498077392415,59.980312244891614,0.0,1,2.842170943040401e-14,0.0,8.038960352951818e-06,-7.900119920023485e-06,-39.12052971906091,-63.70001399999998,9.599998209618605,-39.12849807739238,-59.98031224489162,0.0,1,-1.4210854715202004e-14,0.0,8.038962621359502e-06,-7.900127874993501e-06,73.5550684254554,63.70001399999999,9.599998209618647,73.54710006713886,59.980312244891614,0.0,1,1.5987211554602254e-14,0.0,8.038962621359502e-06,-7.900127874993501e-06,73.5550684254554,-63.70001399999998,9.599998209618647,73.54710006713886,-59.98031224489162,0.0,1,1.5987211554602254e-14
0.025,25000,brace_rear,0.0,0.0,80.96038283936092,1.0,0.0,0.0,0.0,0.0,0.0,80.96038283936092,39.1284980773924,37.22143583998155,0,feet,0.0,2.6702938105138685e-05,-2.6241588753528333e-05,-39.120652760127506,63.70001399999999,9.599998310958824,-39.128498077392415,59.980312244891614,0.0,1,3.552713678800501e-15,0.0,2.6702938104694596e-05,-2.624159189057451e-05,-39.12065276012748,-63.70001399999998,9.599998310958838,-39.12849807739238,-59.98031224489162,0.0,1,1.7763568394002505e-14,0.0,2.670294563866804e-05,-2.6241618311217962e-05,73.55494538435408,63.70001399999999,9.599998310958881,73.54710006713886,59.980312244891614,0.0,1,2.1316282072803006e-14,0.0,2.670294563866804e-05,-2.6241618311217962e-05,73.55494538435408,-63.70001399999998,9.599998310958881,73.54710006713886,-59.98031224489162,0.0,1,2.1316282072803006e-14
0.03333333333333333,33333,brace_rear,0.0,0.0,80.95845828341085,1.0,0.0,0.0,0.0,0.0,0.0,80.95845828341085,39.1284980773924,37.21951128403148,0,feet,0.0,6.228801504848391e-05,-6.121114156298901e-05,-39.12088735228954,63.70001399999999,9.599998499806077,-39.128498077392415,59.980312244891614,0.0,1,1.7763568394002505e-14,0.0,6.228801504759574e-05,-6.121114887891466e-05,-39.120887352289515,-63.70001399999998,9.599998499806048,-39.12849807739238,-59.98031224489162,0.0,1,-1.0658141036401503e-14,0.0,6.228803262064986e-05,-6.121121050606249e-05,73.55471079212586,63.70001399999999,9.599998499806134,73.54710006713886,59.980312244891614,0.0,1,-1.7763568394002505e-14,0.0,6.228803262064986e-05,-6.121121050606249e-05,73.55471079212586,-63.70001399999998,9.599998499806134,73.54710006713886,-59.98031224489162,0.0,1,-1.7763568394002505e-14
0.041666666666666664,41667,brace_rear,0.0,0.0,80.95535292644873,1.0,0.0,0.0,0.0,0.0,0.0,80.95535292644873,39.1284980773924,37.21640592706936,0,feet,0.0,0.00011970341207145907,-0.000117631682231778,-39.12126585889433,63.70001399999999,9.59999879241819,-39.128498077392415,59.980312244891614,0.0,1,-3.552713678800501e-15,0.0,0.00011970341207057089,-0.0001176316962907542,-39.121265858894304,-63.70001399999998,9.599998792418177,-39.12849807739238,-59.98031224489162,0.0,1,-1.7763568394002505e-14,0.0,0.00011970344583911441,-0.00011763181471913242,73.55433228541429,63.70001399999999,9.599998792418361,73.54710006713886,59.980312244891614,0.0,1,1.7763568394002505e-15,0.0,0.00011970344583911441,-0.00011763181471913242,73.55433228541429,-63.70001399999998,9.599998792418361,73.54710006713886,-59.98031224489162,0.0,1,1.7763568394002505e-15
0.05,50000,brace_rear,0.0,0.0,80.95082042139884,1.0,0.0,0.0,0.0,0.0,0.0,80.95082042139884,39.1284980773924,37.21187342201948,0,feet,0.0,0.00020349954506304613,-0.00019997202247790113,-39.12181827751368,63.70001399999999,9.599999192692096,-39.128498077392415,59.980312244891614,0.0,1,7.105427357601002e-15,0.0,0.00020349954506260204,-0.00019997204637567378,-39.121818277513654,-63.70001399999998,9.59999919269211,-39.12849807739238,-59.98031224489162,0.0,1,2.1316282072803006e-14,0.0,0.00020349960246246468,-0.00019997224769285893,73.5537798666391,63.70001399999999,9.599999192692366,73.54710006713886,59.980312244891614,0.0,1,1.2434497875801753e-14,0.0,0.00020349960246246468,-0.00019997224769285893,73.5537798666391,-63.70001399999998,9.599999192692366,73.54710006713886,-59.98031224489162,0.0,1,1.2434497875801753e-14
0.058333333333333334,58333,brace_rear,0.0,0.0,80.94463326142429,1.0,0.0,0.0,0.0,0.0,0.0,80.94463326142429,39.1284980773924,37.20568626204492,0,feet,0.0,0.0003178751231374122,-0.0003123532176481092,-39.122572286572705,63.70001399999999,9.599999687730104,-39.128498077392415,59.980312244891614,0.0,1,-1.2434497875801753e-14,0.0,0.0003178751231360799,-0.00031235325497558364,-39.12257228657261,-63.70001399999998,9.599999687730133,-39.12849807739238,-59.98031224489162,0.0,1,1.5987211554602254e-14,0.0,0.00031787521278170416,-0.00031235356940984005,73.55302585736746,63.70001399999999,9.59999968773046,73.54710006713886,59.980312244891614,0.0,1,-2.3092638912203256e-14,0.0,0.00031787521278170416,-0.00031235356940984005,73.55302585736746,-63.70001399999998,9.59999968773046,73.54710006713886,-59.98031224489162,0.0,1,-2.3092638912203256e-14
0.06666666666666667,66667,brace_rear,0.0,0.0,80.93658234178183,1.0,0.0,0.0,0.0,0.0,0.0,80.93658234178183,39.1284980773924,37.197635342402464,0,feet,0.0,0.00046668419037798614,-0.0004585548119373506,-39.12355329159146,63.70001399999999,9.60000024315147,-39.128498077392415,59.980312244891614,0.0,1,-1.4210854715202004e-14,0.0,0.00046668419037709796,-0.00045855486673129775,-39.123553291591406,-63.70001399999998,9.600000243151499,-39.12849807739238,-59.98031224489162,0.0,1,1.4210854715202004e-14,0.0,0.00046668432195984266,-0.0004585553283047439,73.55204485207207,63.70001399999999,9.600000243151953,73.54710006713886,59.980312244891614,0.0,1,2.3092638912203256e-14,0.0,0.00046668432195984266,-0.0004585553283047439,73.55204485207207,-63.70001399999998,9.600000243151953,73.54710006713886,-59.98031224489162,0.0,1,2.3092638912203256e-14
0.075,75000,brace_rear,0.0,0.0,80.92647652167683,1.0,0.0,0.0,0.0,0.0,0.0,80.92647652167683,39.1284980773924,37.18752952229747,0,feet,0.0,0.0006534431593050449,-0.0006420210700412987,-39.12478447136354,63.70001399999999,9.600000798361734,-39.128498077392415,59.980312244891614,0.0,1,2.4868995751603507e-14,0.0,0.0006534431593041568,-0.000642021146749272,-39.124784471363505,-63.70001399999998,9.600000798361705,-39.12849807739238,-59.98031224489162,0.0,1,-3.552713678800501e-15,0.0,0.000653443343492377,-0.0006420217929328231,73.55081367195282,63.70001399999999,9.600000798362174,73.54710006713886,59.980312244891614,0.0,1,-5.329070518200751e-15,0.0,0.000653443343492377,-0.0006420217929328231,73.55081367195282,-63.70001399999998,9.600000798362174,73.54710006713886,-59.98031224489162,0.0,1,-5.329070518200751e-15
0.08333333333333333,83333,brace_rear,0.0,0.0,80.9141421861182,1.0,0.0,0.0,0.0,0.0,0.0,80.9141421861182,39.1284980773924,37.17519518673883,0,feet,0.0,0.0008813378784009451,-0.0008658672638222065,-39.126286824353116,63.70001399999999,9.600001261967378,-39.128498077392415,59.980312244891614,0.0,1,3.552713678800501e-15,0.0,0.000881337878400501,-0.0008658673672625739,-39.12628682435312,-63.70001399999998,9.60000126196735,-39.12849807739238,-59.98031224489162,0.0,1,-2.4868995751603507e-14,0.0,0.0008813381267409603,-0.0008658682386366578,73.54931131853982,63.70001399999999,9.600001261967734,73.54710006713886,59.980312244891614,0.0,1,-1.7763568394002505e-14,0.0,0.0008813381267409603,-0.0008658682386366578,73.54931131853982,-63.70001399999998,9.600001261967734,73.54710006713886,-59.98031224489162,0.0,1,-1.7763568394002505e-14
0.09166666666666666,91667,brace_rear,0.0,0.0,80.89942280777326,1.0,0.0,0.0,0.0,0.0,0.0,80.89942280777326,39.1284980773924,37.1604758083939,0,feet,0.0,0.0011532307704773537,-0.001132886073450745,-39.128079215557065,63.70001399999999,9.600001507498305,-39.128498077392415,59.980312244891614,0.0,1,-1.0658141036401503e-14,0.0,0.0011532307704764655,-0.0011328862087722769,-39.12807921555702,-63.70001399999998,9.600001507498305,-39.12849807739238,-59.98031224489162,0.0,1,-1.0658141036401503e-14,0.0,0.0011532310952988567,-0.00113288734869732,73.54751892683089,63.70001399999999,9.600001507498433,73.54710006713886,59.980312244891614,0.0,1,2.4868995751603507e-14,0.0,0.0011532310952988567,-0.00113288734869732,73.54751892683089,-63.70001399999998,9.600001507498433,73.54710006713886,-59.98031224489162,0.0,1,2.4868995751603507e-14
0.1,100000,brace_rear,0.0,0.0,80.88217850882269,1.0,0.0,0.0,0.0,0.0,0.0,80.88217850882269,39.13629722968143,37.143231509443325,0,feet,0.0,0.001471672699435711,-0.0014455586956745314,-39.13017845453737,63.70001399999999,9.600001620132531,-39.13629722968146,59.9925097393973,0.0,1,1.2434497875801753e-14,0.0,0.0014716726994348228,-0.001445558868315544,-39.13017845453734,-63.70001399999998,9.600001620132517,-39.136297229681404,-59.99250973939729,0.0,1,-1.7763568394002505e-15,0.0,0.0014716731137944805,-0.001445560322646422,73.54541968725906,63.70001399999999,9.600001620134279,73.53930091484985,59.9925097393973,0.0,1,1.7763568394002505e-14,0.0,0.0014716731137944805,-0.001445560322646422,73.54541968725906,-63.70001399999998,9.600001620134279,73.53930091484985,-59.99250973939729,0.0,1,1.7763568394002505e-14
0.10833333333333334,108333,brace_rear,0.0,0.0,80.86228562281539,1.0,0.0,0.0,0.0,0.0,0.0,80.86228562281539,39.13629722968143,37.12333862343603,0,feet,0.0,0.0018389281392328094,-0.0018060790744862665,-39.13259946139267,63.70001399999999,9.600002857940481,-39.13629722968146,59.9925097393973,0.0,1,-2.4868995751603507e-14,0.0,0.0018389281392314771,-0.0018060792901430922,-39.1325994613926,-63.70001399999998,9.600002857940495,-39.136297229681404,-59.99250973939729,0.0,1,-1.0658141036401503e-14,0.0,0.0018389286567104257,-0.0018060811068245641,73.54299867972219,63.70001399999999,9.600002857941817,73.53930091484985,59.9925097393973,0.0,1,-3.552713678800501e-15,0.0,0.0018389286567104257,-0.0018060811068245641,73.54299867972219,-63.70001399999998,9.600002857941817,73.53930091484985,-59.99250973939729,0.0,1,-3.552713678800501e-15
0.11666666666666667,116667,brace_rear,0.0,0.0,80.83963625652348,1.0,0.0,0.0,0.0,0.0,0.0,80.83963625652348,39.13629722968143,37.10068925714411,0,feet,0.0,0.0022569065268638333,-0.0022162861545353962,-39.13535481380522,63.70001399999999,9.600003523843554,-39.13629722968146,59.9925097393973,0.0,1,5.329070518200751e-15,0.0,0.002256906526862945,-0.002216286419115754,-39.13535481380518,-63.70001399999998,9.600003523843554,-39.136297229681404,-59.99250973939729,0.0,1,5.329070518200751e-15,0.0,0.002256907161565014,-0.002216288647913345,73.54024332653432,63.70001399999999,9.60000352384398,73.53930091484985,59.9925097393973,0.0,1,2.1316282072803006e-14,0.0,0.002256907161565014,-0.002216288647913345,73.54024332653432,-63.70001399999998,9.60000352384398,73.53930091484985,-59.99250973939729,0.0,1,2.1316282072803006e-14
0.125,125000,brace_rear,0.0,0.0,80.8141378517971,1.0,0.0,0.0,0.0,0.0,0.0,80.8141378517971,39.13629722968143,37.075190852417734,0,feet,0.0,0.0027272505269411162,-0.002677750287839231,-39.138455328620566,63.70001399999999,9.600003327528839,-39.13629722968146,59.9925097393973,0.0,1,-2.1316282072803006e-14,0.0,0.002727250526940228,-0.002677750607432028,-39.138455328620495,-63.70001399999998,9.600003327528853,-39.136297229681404,-59.99250973939729,0.0,1,-7.105427357601002e-15,0.0,0.00272725129337692,-0.002677753299620722,73.53714281084706,63.70001399999999,9.60000332752773,73.53930091484985,59.9925097393973,0.0,1,8.881784197001252e-15,0.0,0.00272725129337692,-0.002677753299620722,73.53714281084706,-63.70001399999998,9.60000332752773,73.53930091484985,-59.99250973939729,0.0,1,8.881784197001252e-15
0.13333333333333333,133333,brace_rear,0.0,0.0,80.78571274741942,1.0,0.0,0.0,0.0,0.0,0.0,80.78571274741942,39.13629722968143,37.04676574804006,0,feet,0.0,0.003251317024330014,-0.003191754416076442,-39.14190993647256,63.70001399999999,9.600001929347641,-39.13629722968146,59.9925097393973,0.0,1,-1.2434497875801753e-14,0.0,0.0032513170243295697,-0.0031917547969135818,-39.141909936472516,-63.70001399999998,9.60000192934767,-39.136297229681404,-59.99250973939729,0.0,1,1.5987211554602254e-14,0.0,0.0032513179373294676,-0.003191758004979839,73.53368820202422,63.70001399999999,9.60000192934416,73.53930091484985,59.9925097393973,0.0,1,3.375077994860476e-14,0.0,0.0032513179373294676,-0.003191758004979839,73.53368820202422,-63.70001399999998,9.60000192934416,73.53930091484985,-59.99250973939729,0.0,1,3.375077994860476e-14
0.14166666666666666,141667,brace_rear,0.0,0.0,80.75429774096152,1.0,0.0,0.0,0.0,0.0,0.0,80.75429774096152,39.13629722968143,37.015350741582154,0,feet,0.0,0.003830185173488765,-0.003759301944025406,-39.145725734676176,63.70001399999999,9.599998940065063,-39.13629722968146,59.9925097393973,0.0,1,3.019806626980426e-14,0.0,0.0038301851734874326,-0.0037593023924475943,-39.145725734676134,-63.70001399999998,9.599998940065035,-39.136297229681404,-59.99250973939729,0.0,1,1.7763568394002505e-15,0.0,0.0038301862481096016,-0.003759306169794474,73.52987240274908,63.70001399999999,9.599998940058086,73.53930091484985,59.9925097393973,0.0,1,3.019806626980426e-14,0.0,0.0038301862481096016,-0.003759306169794474,73.52987240274908,-63.70001399999998,9.599998940058086,73.53930091484985,-59.99250973939729,0.0,1,3.019806626980426e-14
0.15,150000,brace_rear,0.0,0.0,80.71984365063726,1.0,0.0,0.0,0.0,0.0,0.0,80.71984365063726,39.13629722968143,36.98089665125789,0,feet,0.0,0.004464664637270577,-0.004381124919335733,-39.149908041378986,63.70001399999999,9.599993921443996,-39.13629722968146,59.9925097393973,0.0,1,2.6645352591003757e-14,0.0,0.0044646646372696885,-0.0043811254417591705,-39.14990804137898,-63.70001399999998,9.599993921443954,-39.136297229681404,-59.99250973939729,0.0,1,-1.5987211554602254e-14,0.0,0.004464665888719299,-0.004381129842427445,73.52569009487277,63.70001399999999,9.599993921432244,73.53930091484985,59.9925097393973,0.0,1,1.4210854715202004e-14,0.0,0.004464665888719299,-0.004381129842427445,73.52569009487277,-63.70001399999998,9.599993921432244,73.53930091484985,-59.99250973939729,0.0,1,1.4210854715202004e-14
0.15833333333333333,158333,brace_rear,0.0,0.0,80.68231487715823,1.0,0.0,0.0,0.0,0.0,0.0,80.68231487715823,39.13629722968143,36.94336787777887,0,feet,0.0,0.00515530401513109,-0.00505769251850019,-39.154460450974156,63.70001399999999,9.59998638766477,-39.13629722968146,59.9925097393973,0.0,1,2.1316282072803006e-14,0.0,0.005155304015130202,-0.005057693121387263,-39.15446045097413,-63.70001399999998,9.599986387664757,-39.136297229681404,-59.99250973939729,0.0,1,7.105427357601002e-15,0.0,0.00515530545867815,-0.005057698199774308,73.52113768400136,63.70001399999999,9.599986387646666,73.53930091484985,59.9925097393973,0.0,1,-5.329070518200751e-15,0.0,0.00515530545867815,-0.005057698199774308,73.52113768400136,-63.70001399999998,9.599986387646666,73.53930091484985,-59.99250973939729,0.0,1,-5.329070518200751e-15
0.16666666666666666,166667,brace_rear,0.0,0.0,80.64168896558868,1.0,0.0,0.0,0.0,0.0,0.0,80.64168896558868,39.13629722968143,36.90274196620932,0,feet,0.0,0.005902399457192065,-0.005789219833320924,-39.15938489075508,63.70001399999999,9.599975807566508,-39.13629722968146,59.9925097393973,0.0,1,-5.329070518200751e-15,0.0,0.005902399457191176,-0.005789220523142458,-39.159384890755035,-63.70001399999998,9.599975807566508,-39.136297229681404,-59.99250973939729,0.0,1,-5.329070518200751e-15,0.0,0.005902401108091926,-0.005789226333747344,73.51621324284133,63.70001399999999,9.599975807540204,73.53930091484985,59.9925097393973,0.0,1,-1.4210854715202004e-14,0.0,0.005902401108091926,-0.005789226333747344,73.51621324284133,-63.70001399999998,9.599975807540204,73.53930091484985,-59.99250973939729,0.0,1,-1.4210854715202004e-14
0.175,175000,brace_rear,0.0,0.0,80.59795616720044,1.0,0.0,0.0,0.0,0.0,0.0,80.59795616720044,39.13629722968143,36.85900916782107,0,feet,0.0,0.0067060034574937255,-0.006575676947089715,-39.16468167877026,63.70001399999999,9.599961607683966,-39.13629722968146,59.9925097393973,0.0,1,-1.7763568394002505e-15,0.0,0.006706003457492393,-0.006575677730300988,-39.16468167877018,-63.70001399999998,9.59996160768398,-39.136297229681404,-59.99250973939729,0.0,1,1.2434497875801753e-14,0.0,0.006706005330912479,-0.006575684327460252,73.5109164533443,63.70001399999999,9.599961607647273,73.53930091484985,59.9925097393973,0.0,1,1.9539925233402755e-14,0.0,0.006706005330912479,-0.006575684327460252,73.5109164533443,-63.70001399999998,9.599961607647273,73.53930091484985,-59.99250973939729,0.0,1,1.9539925233402755e-14
0.18333333333333332,183333,brace_rear,0.0,0.0,80.5511190013277,1.0,0.0,0.0,0.0,0.0,0.0,80.5511190013277,39.196041815472,36.81217200194834,0,feet,0.0,0.00756629320085489,-0.007417149708778936,-39.17035195153474,63.70001399999999,9.599962750353725,-39.19604181547202,65.90477742429005,0.0,1,3.552713678800501e-15,0.0,0.007566293200854446,-0.007417150591826349,-39.1703519515347,-63.70001399999998,9.599962750353754,-39.19604181547197,-65.90477742429005,0.0,1,3.197442310920451e-14,0.0,0.007566295313496507,-0.007417158031390869,73.50524617898455,63.70001399999999,9.599962750391214,73.47955632905933,65.90477742429005,0.0,1,-5.329070518200751e-15,0.0,0.007566295313496507,-0.007417158031390869,73.50524617898455,-63.70001399999998,9.599962750391214,73.47955632905933,-65.90477742429005,0.0,1,-5.329070518200751e-15
0.19166666666666668,191667,brace_rear,0.0,0.0,80.50119181722215,1.0,0.0,0.0,0.0,0.0,0.0,80.50119181722215,39.196041815472,36.762244817842785,0,feet,0.0,0.008482831557404591,-0.008313116447937752,-39.176392812260275,63.70001399999999,9.59997701528296,-39.19604181547202,65.90477742429005,0.0,1,1.2434497875801753e-14,0.0,0.008482831557403703,-0.008313117437190432,-39.17639281226025,-63.70001399999998,9.599977015282946,-39.19604181547197,-65.90477742429005,0.0,1,-1.7763568394002505e-15,0.0,0.008482833922723199,-0.008313125771400642,73.49920531657148,63.70001399999999,9.599977015315062,73.47955632905933,65.90477742429005,0.0,1,-1.9539925233402755e-14,0.0,0.008482833922723199,-0.008313125771400642,73.49920531657148,-63.70001399999998,9.599977015315062,73.47955632905933,-65.90477742429005,0.0,1,-1.9539925233402755e-14
0.2,200000,brace_rear,0.0,0.0,80.44820035590767,1.0,0.0,0.0,0.0,0.0,0.0,80.44820035590767,39.196041815472,36.70925335652831,0,feet,0.0,0.009454705104873451,-0.009262585990780003,-39.18279820475904,63.70001399999999,9.59998798874578,-39.19604181547202,65.90477742429005,0.0,1,-5.329070518200751e-15,0.0,0.009454705104872563,-0.009262587092472074,-39.18279820475898,-63.70001399999998,9.59998798874581,-39.19604181547197,-65.90477742429005,0.0,1,2.3092638912203256e-14,0.0,0.009454707737365897,-0.0092625963738171,73.49279992228563,63.70001399999999,9.599987988769968,73.47955632905933,65.90477742429005,0.0,1,5.684341886080802e-14,0.0,0.009454707737365897,-0.0092625963738171,73.49279992228563,-63.70001399999998,9.599987988769968,73.47955632905933,-65.90477742429005,0.0,1,5.684341886080802e-14
0.20833333333333334,208333,brace_rear,0.0,0.0,80.39218131203539,1.0,0.0,0.0,0.0,0.0,0.0,80.39218131203539,39.196041815472,36.653234312656025,0,feet,0.0,0.01048108206439613,-0.010264643277289931,-39.18956260862046,63.70001399999999,9.599994937351127,-39.19604181547202,65.90477742429005,0.0,1,3.197442310920451e-14,0.0,0.010481082064395242,-0.010264644497527176,-39.189562608620435,-63.70001399999998,9.599994937351099,-39.19604181547197,-65.90477742429005,0.0,1,3.552713678800501e-15,0.0,0.010481084978200883,-0.010264654777423665,73.48603551653929,63.70001399999999,9.599994937364215,73.47955632905933,65.90477742429005,0.0,1,4.618527782440651e-14,0.0,0.010481084978200883,-0.010264654777423665,73.48603551653929,-63.70001399999998,9.599994937364215,73.47955632905933,-65.90477742429005,0.0,1,4.618527782440651e-14
0.21666666666666667,216667,brace_rear,0.0,0.0,80.33318189573855,1.0,0.0,0.0,0.0,0.0,0.0,80.33318189573855,39.196041815472,36.59423489635918,0,feet,0.0,0.011560933090493997,-0.011318177143151864,-39.196679197997085,63.70001399999999,9.599997102657483,-39.19604181547202,65.90477742429005,0.0,1,2.3092638912203256e-14,0.0,0.011560933090492664,-0.011318178487891295,-39.196679197997035,-63.70001399999998,9.599997102657454,-39.19604181547197,-65.90477742429005,0.0,1,-5.329070518200751e-15,0.0,0.011560936299331193,-0.011318189816488022,73.47891892518243,63.70001399999999,9.599997102656033,73.47955632905933,65.90477742429005,0.0,1,-7.105427357601002e-15,0.0,0.011560936299331193,-0.011318189816488022,73.47891892518243,-63.70001399999998,9.599997102656033,73.47955632905933,-65.90477742429005,0.0,1,-7.105427357601002e-15
0.225,225000,brace_rear,0.0,0.0,80.27125939448737,1.0,0.0,0.0,0.0,0.0,0.0,80.27125939448737,39.196041815472,36.53231239510801,0,feet,0.0,0.012693040873036576,-0.012421890701515004,-39.20413990496267,63.70001399999999,9.599993708239325,-39.19604181547202,65.90477742429005,0.0,1,-3.552713678800501e-15,0.0,0.012693040873036132,-0.012421892176541327,-39.204139904962645,-63.70001399999998,9.599993708239325,-39.19604181547197,-65.90477742429005,0.0,1,-3.552713678800501e-15,0.0,0.012693044390157393,-0.012421904602532674,73.47145821614376,63.70001399999999,9.599993708219557,73.47955632905933,65.90477742429005,0.0,1,-1.0658141036401503e-14,0.0,0.012693044390157393,-0.012421904602532674,73.47145821614376,-63.70001399999998,9.599993708219557,73.47955632905933,-65.90477742429005,0.0,1,-1.0658141036401503e-14
0.23333333333333334,233333,brace_rear,0.0,0.0,80.20648073494407,1.0,0.0,0.0,0.0,0.0,0.0,80.20648073494407,39.196041815472,36.4675337355647,0,feet,0.0,0.013876009811183643,-0.013574311841665576,-39.211935483393134,63.70001399999999,9.599983967101608,-39.19604181547202,65.90477742429005,0.0,1,-1.0658141036401503e-14,0.0,0.013876009811182755,-0.013574313452568987,-39.211935483393056,-63.70001399999998,9.59998396710165,-39.19604181547197,-65.90477742429005,0.0,1,3.197442310920451e-14,0.0,0.01387601364931701,-0.013574327023017752,73.46366263555046,63.70001399999999,9.599983967059273,73.47955632905933,65.90477742429005,0.0,1,1.7763568394002505e-14,0.0,0.01387601364931701,-0.013574327023017752,73.46366263555046,-63.70001399999998,9.599983967059273,73.47955632905933,-65.90477742429005,0.0,1,1.7763568394002505e-14
0.24166666666666667,241667,brace_rear,0.0,0.0,80.13892204481766,1.0,0.0,0.0,0.0,0.0,0.0,80.13892204481766,39.196041815472,36.399975045438296,0,feet,0.0,0.015108275739262211,-0.014773803812335284,-39.22005557324049,63.70001399999999,9.599967089356426,-39.19604181547202,65.90477742429005,0.0,1,2.842170943040401e-14,0.0,0.015108275739261323,-0.01477380556449237,-39.22005557324046,-63.70001399999998,9.599967089356397,-39.19604181547197,-65.90477742429005,0.0,1,0.0,0.0,0.015108279910572175,-0.014773820324669895,73.45554254345365,63.70001399999999,9.599967089286821,73.47955632905933,65.90477742429005,0.0,1,5.684341886080802e-14,0.0,0.015108279910572175,-0.014773820324669895,73.45554254345365,-63.70001399999998,9.599967089286821,73.47955632905933,-65.90477742429005,0.0,1,5.684341886080802e-14
0.25,250000,brace_rear,0.0,0.0,80.06866821471894,1.0,0.0,0.0,0.0,0.0,0.0,80.06866821471894,39.196041815472,36.329721215339575,0,feet,0.0,0.01638811568433196,-0.016018575857026818,-39.2284887650707,63.70001399999999,9.599942290073926,-39.19604181547202,65.90477742429005,0.0,1,0.0,0.0,0.016388115684331517,-0.016018577755585017,-39.22848876507067,-63.70001399999998,9.59994229007394,-39.19604181547197,-65.90477742429005,0.0,1,1.4210854715202004e-14,0.0,0.016388120200372835,-0.01601859374882153,73.44710934929105,63.70001399999999,9.599942289972006,73.47955632905933,65.90477742429005,0.0,1,4.973799150320701e-14,0.0,0.016388120200372835,-0.01601859374882153,73.44710934929105,-63.70001399999998,9.599942289972006,73.47955632905933,-65.90477742429005,0.0,1,4.973799150320701e-14
0.25833333333333336,258333,brace_rear,0.0,0.0,79.99581246001537,1.0,0.0,0.0,0.0,0.0,0.0,79.99581246001537,39.31224494887885,36.25686546063601,0,feet,0.0,0.017715361472995017,-0.017308348876750035,-39.2372338909926,63.70001399999999,9.600002457956975,-39.31224494887888,63.70001591896379,0.0,1,-1.2434497875801753e-14,0.0,0.017715361472993685,-0.01730835092680305,-39.23723389099254,-63.70001399999998,9.600002457956975,-39.31224494887882,-63.7000159189638,0.0,1,-1.2434497875801753e-14,0.0,0.017715366352314632,-0.017308368202959556,73.43836422090706,63.70001399999999,9.60000245821199,73.36335319565272,63.70001591896379,0.0,1,2.6645352591003757e-14,0.0,0.017715366352314632,-0.017308368202959556,73.43836422090706,-63.70001399999998,9.60000245821199,73.36335319565272,-63.7000159189638,0.0,1,2.6645352591003757e-14
0.26666666666666666,266667,brace_rear,0.0,0.0,79.920455882686,1.0,0.0,0.0,0.0,0.0,0.0,79.920455882686,39.31224494887885,36.181508883306634,0,feet,0.0,0.019086580035218237,-0.018639667645418356,-39.24626837897175,63.70001399999999,9.600068798910158,-39.31224494887888,63.70001591896379,0.0,1,-1.9539925233402755e-14,0.0,0.01908658003521735,-0.018639669851635787,-39.24626837897168,-63.70001399999998,9.6000687989102,-39.31224494887882,-63.7000159189638,0.0,1,2.3092638912203256e-14,0.0,0.019086585281482105,-0.018639688443552682,73.42932973043358,63.70001399999999,9.600068799151572,73.36335319565272,63.70001591896379,0.0,1,-1.2434497875801753e-14,0.0,0.019086585281482105,-0.018639688443552682,73.42932973043358,-63.70001399999998,9.600068799151572,73.36335319565272,-63.7000159189638,0.0,1,-1.2434497875801753e-14
0.275,275000,brace_rear,0.0,0.0,79.84270703317637,1.0,0.0,0.0,0.0,0.0,0.0,79.84270703317637,39.31224494887885,36.103760033797,0,feet,0.0,0.020499404999613446,-0.020010124494258985,-39.2555765508601,63.70001399999999,9.600128256656333,-39.31224494887888,63.70001591896379,0.0,1,-1.7763568394002505e-15,0.0,0.020499404999612114,-0.020010126861006228,-39.25557655086003,-63.70001399999998,9.600128256656333,-39.31224494887882,-63.7000159189638,0.0,1,-1.7763568394002505e-15,0.0,0.02049941062236904,-0.020010146805469642,73.42002155597976,63.70001399999999,9.600128256878833,73.36335319565272,63.70001591896379,0.0,1,7.105427357601002e-15,0.0,0.02049941062236904,-0.020010146805469642,73.42002155597976,-63.70001399999998,9.600128256878833,73.36335319565272,-63.7000159189638,0.0,1,7.105427357601002e-15
0.2833333333333333,283333,brace_rear,0.0,0.0,79.76268147225342,1.0,0.0,0.0,0.0,0.0,0.0,79.76268147225342,39.31224494887885,36.023734472874054,0,feet,0.0,0.021951572112975715,-0.02141741490051574,-39.26514342916627,63.70001399999999,9.600179961772923,-39.31224494887888,63.70001591896379,0.0,1,1.0658141036401503e-14,0.0,0.021951572112974826,-0.0214174174318722,-39.265143429166244,-63.70001399999998,9.600179961772909,-39.31224494887882,-63.7000159189638,0.0,1,-3.552713678800501e-15,0.0,0.02195157812103332,-0.021417438763239982,73.41045467504145,63.70001399999999,9.600179961970738,73.36335319565272,63.70001591896379,0.0,1,-1.5987211554602254e-14,0.0,0.02195157812103332,-0.021417438763239982,73.41045467504145,-63.70001399999998,9.600179961970738,73.36335319565272,-63.7000159189638,0.0,1,-1.5987211554602254e-14
0.2916666666666667,291667,brace_rear,0.0,0.0,79.68050133286044,1.0,0.0,0.0,0.0,0.0,0.0,79.68050133286044,39.31224494887885,35.94155433348108,0,feet,0.0,0.0234407067501734,-0.02285913308235843,-39.274953307823694,63.70001399999999,9.60022307996499,-39.31224494887888,63.70001591896379,0.0,1,-1.7763568394002505e-14,0.0,0.023440706750172957,-0.022859135782105522,-39.27495330782363,-63.70001399999998,9.600223079965048,-39.31224494887882,-63.7000159189638,0.0,1,3.907985046680551e-14,0.0,0.023440713151586134,-0.022859158532227752,73.40064479368993,63.70001399999999,9.600223080132125,73.36335319565272,63.70001591896379,0.0,1,1.4210854715202004e-14,0.0,0.023440713151586134,-0.022859158532227752,73.40064479368993,-63.70001399999998,9.600223080132125,73.36335319565272,-63.7000159189638,0.0,1,1.4210854715202004e-14
0.3,300000,brace_rear,0.0,0.0,79.59629488197193,1.0,0.0,0.0,0.0,0.0,0.0,79.59629488197193,39.31224494887885,35.85734788259256,0,feet,0.0,0.02496433347368887,-0.024332782316573542,-39.284989815694146,63.70001399999999,9.60025681996585,-39.31224494887888,63.70001591896379,0.0,1,1.5987211554602254e-14,0.0,0.024964333473687983,-0.024332785188181827,-39.284989815694104,-63.70001399999998,9.60025681996585,-39.31224494887882,-63.7000159189638,0.0,1,1.5987211554602254e-14,0.0,0.02496434027573402,-0.024332809386317322,73.3906082830681,63.70001399999999,9.600256820095765,73.36335319565272,63.70001591896379,0.0,1,-7.105427357601002e-15,0.0,0.02496434027573402,-0.024332809386317322,73.3906082830681,-63.70001399999998,9.600256820095765,73.36335319565272,-63.7000159189638,0.0,1,-7.105427357601002e-15
0.30833333333333335,308333,brace_rear,0.0,0.0,79.5101960824485,1.0,0.0,0.0,0.0,0.0,0.0,79.5101960824485,39.31224494887885,35.77124908306914,0,feet,0.0,0.026519885497435336,-0.025835785103142772,-39.29523597949378,63.70001399999999,9.600280441036404,-39.31224494887888,63.70001591896379,0.0,1,1.4210854715202004e-14,0.0,0.026519885497434448,-0.02583578814976928,-39.29523597949374,-63.70001399999998,9.600280441036404,-39.31224494887882,-63.7000159189638,0.0,1,1.4210854715202004e-14,0.0,0.02651989270659927,-0.02583581382252209,73.38036211646485,63.70001399999999,9.600280441122422,73.36335319565272,63.70001591896379,0.0,1,-2.6645352591003757e-14,0.0,0.02651989270659927,-0.02583581382252209,73.38036211646485,-63.70001399999998,9.600280441122422,73.36335319565272,-63.7000159189638,0.0,1,-2.6645352591003757e-14
0.31666666666666665,316667,brace_rear,0.0,0.0,79.42234415489189,1.0,0.0,0.0,0.0,0.0,0.0,79.42234415489189,39.31224494887885,35.68339715551252,0,feet,0.0,0.028104714041066625,-0.027365493154499987,-39.3056742860455,63.70001399999999,9.60029325999865,-39.31224494887888,63.70001591896379,0.0,1,8.881784197001252e-15,0.0,0.028104714041065737,-0.027365496378979337,-39.30567428604544,-63.70001399999998,9.60029325999865,-39.31224494887882,-63.7000159189638,0.0,1,8.881784197001252e-15,0.0,0.02810472166303768,-0.027365523550245463,73.36992380706226,63.70001399999999,9.600293260033837,73.36335319565272,63.70001591896379,0.0,1,-1.7763568394002505e-15,0.0,0.02810472166303768,-0.027365523550245463,73.36992380706226,-63.70001399999998,9.600293260033837,73.36335319565272,-63.7000159189638,0.0,1,-1.7763568394002505e-15
0.325,325000,brace_rear,0.0,0.0,79.33288313949974,1.0,0.0,0.0,0.0,0.0,0.0,79.33288313949974,39.326713184981614,35.59393614012038,0,feet,0.0,0.02971619059927333,-0.028919286848532177,-39.31628735648265,63.70001399999999,9.600299826699072,-39.32671318498165,63.700015918920016,0.0,1,3.197442310920451e-14,0.0,0.02971619059927244,-0.02891929025337836,-39.316287356482626,-63.70001399999998,9.600299826699043,-39.326713184981585,-63.700015918920016,0.0,1,3.552713678800501e-15,0.0,0.029716198640429514,-0.028919318945807237,73.35931073372222,63.70001399999999,9.600299826758075,73.34888495955002,63.700015918920016,0.0,1,3.730349362740526e-14,0.0,0.029716198640429514,-0.028919318945807237,73.35931073372222,-63.70001399999998,9.600299826758075,73.34888495955002,-63.700015918920016,0.0,1,3.730349362740526e-14
0.3333333333333333,333333,brace_rear,0.0,0.0,79.24196145792061,1.0,0.0,0.0,0.0,0.0,0.0,79.24196145792061,39.326713184981614,35.503014458541244,0,feet,0.0,0.031351635693365854,-0.030494506536284494,-39.32705748942759,63.70001399999999,9.600305481695443,-39.32671318498165,63.700015918920016,0.0,1,-1.9539925233402755e-14,0.0,0.031351635693364965,-0.030494510123697083,-39.32705748942752,-63.70001399999998,9.600305481695472,-39.326713184981585,-63.700015918920016,0.0,1,8.881784197001252e-15,0.0,0.031351644156433434,-0.03049454035447452,73.34854059784627,63.70001399999999,9.600305481693425,73.34888495955002,63.700015918920016,0.0,1,1.7763568394002505e-14,0.0,0.031351644156433434,-0.03049454035447452,73.34854059784627,-63.70001399999998,9.600305481693425,73.34888495955002,-63.700015918920016,0.0,1,1.7763568394002505e-14
0.3416666666666667,341667,brace_rear,0.0,0.0,79.14973147510882,1.0,0.0,0.0,0.0,0.0,0.0,79.14973147510882,39.326713184981614,35.41078447572946,0,feet,0.0,0.03300801377354512,-0.0320881605919463,-39.33796463204517,63.70001399999999,9.600298894584299,-39.32671318498165,63.700015918920016,0.0,1,1.7763568394002505e-15,0.0,0.03300801377354423,-0.032088164363761607,-39.33796463204513,-63.70001399999998,9.600298894584299,-39.326713184981585,-63.700015918920016,0.0,1,3.552713678800501e-15,0.0,0.03300802266178282,-0.032088196148431614,73.33763345226598,63.70001399999999,9.600298894513728,73.34888495955002,63.700015918920016,0.0,1,8.881784197001252e-15,0.0,0.03300802266178282,-0.032088196148431614,73.33763345226598,-63.70001399999998,9.600298894513728,73.34888495955002,-63.700015918920016,0.0,1,8.881784197001252e-15
0.35,350000,brace_rear,0.0,0.0,79.05634906117945,1.0,0.0,0.0,0.0,0.0,0.0,79.05634906117945,39.326713184981614,35.31740206180008,0,feet,0.0,0.034682438508697455,-0.03369741277552096,-39.34898971474344,63.70001399999999,9.600279642627044,-39.32671318498165,63.700015918920016,0.0,1,0.0,0.0,0.03468243850869612,-0.033697416733242225,-39.34898971474336,-63.70001399999998,9.600279642627044,-39.326713184981585,-63.700015918920016,0.0,1,0.0,0.0,0.034682447824554874,-0.033697450084519076,73.32660836657877,63.70001399999999,9.600279642480416,73.34888495955002,63.700015918920016,0.0,1,4.263256414560601e-14,0.0,0.034682447824554874,-0.033697450084519076,73.32660836657877,-63.70001399999998,9.600279642480416,73.34888495955002,-63.700015918920016,0.0,1,4.263256414560601e-14
0.35833333333333334,358333,brace_rear,0.0,0.0,78.9619731532631,1.0,0.0,0.0,0.0,0.0,0.0,78.9619731532631,39.326713184981614,35.22302615388374,0,feet,0.0,0.036371986324386096,-0.03531940277320622,-39.36011342636523,63.70001399999999,9.60024738661943,-39.32671318498165,63.700015918920016,0.0,1,8.881784197001252e-15,0.0,0.03637198632438521,-0.035319406917999174,-39.36011342636519,-63.70001399999998,9.60024738661943,-39.326713184981585,-63.700015918920016,0.0,1,1.0658141036401503e-14,0.0,0.03637199606950947,-0.03531944184576208,73.31548465194697,63.70001399999999,9.600247386389071,73.34888495955002,63.700015918920016,0.0,1,3.552713678800501e-14,0.0,0.03637199606950947,-0.03531944184576208,73.31548465194697,-63.70001399999998,9.600247386389071,73.34888495955002,-63.700015918920016,0.0,1,3.552713678800501e-14
0.36666666666666664,366667,brace_rear,0.0,0.0,78.866765317361,1.0,0.0,0.0,0.0,0.0,0.0,78.866765317361,39.326713184981614,35.127818317981635,0,feet,0.0,0.038073704898336835,-0.03695125480656891,-39.3713162709097,63.70001399999999,9.600201874186979,-39.32671318498165,63.700015918920016,0.0,1,0.0,0.0,0.0380737048983355,-0.03695125913926178,-39.37131627090963,-63.70001399999998,9.600201874186979,-39.326713184981585,-63.700015918920016,0.0,1,0.0,0.0,0.0380737150735766,-0.0369512956505611,73.30428180437684,63.70001399999999,9.600201873865274,73.34888495955002,63.700015918920016,0.0,1,1.0658141036401503e-14,0.0,0.0380737150735766,-0.0369512956505611,73.30428180437684,-63.70001399999998,9.600201873865274,73.34888495955002,-63.700015918920016,0.0,1,1.0658141036401503e-14
0.375,375000,brace_rear,0.0,0.0,78.77088931019978,1.0,0.0,0.0,0.0,0.0,0.0,78.77088931019978,39.326713184981614,35.03194231082041,0,feet,0.0,0.039784621493354155,-0.03859008597980873,-39.38257862317082,63.70001399999999,9.600142942333378,-39.32671318498165,63.700015918920016,0.0,1,-3.552713678800501e-15,0.0,0.03978462149335327,-0.038590090500894014,-39.38257862317076,-63.70001399999998,9.600142942333406,-39.326713184981585,-63.700015918920016,0.0,1,2.6645352591003757e-14,0.0,0.039784632098775585,-0.03859012859996236,73.29301944907971,63.70001399999999,9.600142941912793,73.34888495955002,63.700015918920016,0.0,1,3.375077994860476e-14,0.0,0.039784632098775585,-0.03859012859996236,73.29301944907971,-63.70001399999998,9.600142941912793,73.34888495955002,-63.700015918920016,0.0,1,3.375077994860476e-14
0.38333333333333336,383333,brace_rear,0.0,0.0,78.67451064108637,1.0,0.0,0.0,0.0,0.0,0.0,78.67451064108637,39.326713184981614,34.935563641707006,0,feet,0.0,0.04150175112634402,-0.040233014362642816,-39.39388078327442,63.70001399999999,9.600070519228339,-39.32671318498165,63.700015918920016,0.0,1,-1.7763568394002505e-15,0.0,0.041501751126343134,-0.04023301907227994,-39.393880783274376,-63.70001399999998,9.600070519228339,-39.326713184981585,-63.700015918920016,0.0,1,0.0,0.0,0.04150176216123702,-0.0402330587605495,73.28171728593517,63.70001399999999,9.600070518701315,73.34888495955002,63.700015918920016,0.0,1,-2.6645352591003757e-14,0.0,0.04150176216123702,-0.0402330587605495,73.28171728593517,-63.70001399999998,9.600070518701315,73.34888495955002,-63.700015918920016,0.0,1,-2.6645352591003757e-14
0.39166666666666666,391667,brace_rear,0.0,0.0,78.57779613376306,1.0,0.0,0.0,0.0,0.0,0.0,78.57779613376306,39.326713184981614,34.83884913438369,0,feet,0.0,0.043222104573532594,-0.04187716680863618,-39.40520303010226,63.70001399999999,9.59998462522887,-39.32671318498165,63.700015918920016,0.0,1,1.4210854715202004e-14,0.0,0.043222104573531706,-0.041877171706653726,-39.405203030102214,-63.70001399999998,9.59998462522887,-39.326713184981585,-63.700015918920016,0.0,1,1.4210854715202004e-14,0.0,0.043222116036431224,-0.04187721298278513,73.27039503606667,63.70001399999999,9.599984624588217,73.34888495955002,63.700015918920016,0.0,1,5.861977570020827e-14,0.0,0.043222116036431224,-0.04187721298278513,73.27039503606667,-63.70001399999998,9.599984624588217,73.34888495955002,-63.700015918920016,0.0,1,5.861977570020827e-14
0.4,400000,brace_rear,0.0,0.0,78.48091348826223,1.0,0.0,0.0,0.0,0.0,0.0,78.48091348826223,39.440267095123325,34.741966488882866,0,feet,0.0,0.044944184400860454,-0.04352110636465145,-39.41653546642195,63.70001399999999,9.599969144807844,-39.440267095123374,60.74619282880431,0.0,1,1.9539925233402755e-14,0.0,0.04494418440085868,-0.043521111450716354,-39.41653546642186,-63.70001399999998,9.599969144807872,-39.440267095123275,-60.74619282880431,0.0,1,4.796163466380676e-14,0.0,0.04494419630703339,-0.043521154328317824,73.25906259659652,63.70001399999999,9.599969145009354,73.23533104940903,60.74619282880431,0.0,1,2.3092638912203256e-14,0.0,0.04494419630703339,-0.043521154328317824,73.25906259659652,-63.70001399999998,9.599969145009354,73.23533104940903,-60.74619282880431,0.0,1,2.3092638912203256e-14
0.4083333333333333,408333,brace_rear,0.0,0.0,78.3840308427614,1.0,0.0,0.0,0.0,0.0,0.0,78.3840308427614,39.440267095123325,34.64508384338204,0,feet,0.0,0.046664412878231865,-0.04516141471358903,-39.427854652267925,63.70001399999999,9.599990453262222,-39.440267095123374,60.74619282880431,0.0,1,1.9539925233402755e-14,0.0,0.04666441287823053,-0.045161419986976536,-39.42785465226787,-63.70001399999998,9.599990453262194,-39.440267095123275,-60.74619282880431,0.0,1,-8.881784197001252e-15,0.0,0.04666442520848113,-0.04516146444429214,73.2477434077168,63.70001399999999,9.599990453371532,73.23533104940903,60.74619282880431,0.0,1,1.2434497875801753e-14,0.0,0.04666442520848113,-0.04516146444429214,73.2477434077168,-63.70001399999998,9.599990453371532,73.23533104940903,-60.74619282880431,0.0,1,1.2434497875801753e-14
0.4166666666666667,416667,brace_rear,0.0,0.0,78.28731633543809,1.0,0.0,0.0,0.0,0.0,0.0,78.28731633543809,39.440267095123325,34.54836933605873,0,feet,0.0,0.04837893695328388,-0.04679443278290707,-39.4391351884544,63.70001399999999,9.59999841095042,-39.440267095123374,60.74619282880431,0.0,1,1.0658141036401503e-14,0.0,0.0483789369532821,-0.046794438242481196,-39.43913518845427,-63.70001399999998,9.599998410950448,-39.440267095123275,-60.74619282880431,0.0,1,3.730349362740526e-14,0.0,0.04837894970396128,-0.04679448427004207,73.23646286851232,63.70001399999999,9.599998410960708,73.23533104940903,60.74619282880431,0.0,1,-2.4868995751603507e-14,0.0,0.04837894970396128,-0.04679448427004207,73.23646286851232,-63.70001399999998,9.599998410960708,73.23533104940903,-60.74619282880431,0.0,1,-2.4868995751603507e-14
0.425,425000,brace_rear,0.0,0.0,78.19093766632469,1.0,0.0,0.0,0.0,0.0,0.0,78.19093766632469,39.45050768100776,34.45199066694532,0,feet,0.0,0.05008497378890597,-0.048417535025920166,-39.450358742458164,63.70001399999999,9.600001678185407,-39.4505076810078,60.7399748722095,0.0,1,1.2434497875801753e-14,0.0,0.05008497378890464,-0.048417540670249615,-39.45035874245809,-63.70001399999998,9.600001678185436,-39.450507681007714,-60.7399748722095,0.0,1,4.085620730620576e-14,0.0,0.05008498695742469,-0.04841758825774711,73.22523931149993,63.70001399999999,9.600001678186857,73.22509046352467,60.7399748722095,0.0,1,5.861977570020827e-14,0.0,0.05008498695742469,-0.04841758825774711,73.22523931149993,-63.70001399999998,9.600001678186857,73.22509046352467,-60.7399748722095,0.0,1,5.861977570020827e-14
0.43333333333333335,433333,brace_rear,0.0,0.0,78.09506165916346,1.0,0.0,0.0,0.0,0.0,0.0,78.09506165916346,39.45938236621291,34.3561146597841,0,feet,0.0,0.05177957507539377,-0.05002794995693538,-39.46150591502118,63.70001399999999,9.599997770480428,-39.45938236621295,60.73333348422281,0.0,1,0.0,0.0,0.05177957507539244,-0.05002795578428154,-39.46150591502111,-63.70001399999998,9.599997770480428,-39.459382366212864,-60.73333348422281,0.0,1,0.0,0.0,0.05177958865666055,-0.050028004917058055,73.21409213595456,63.70001399999999,9.599997770459765,73.21621577831957,60.73333348422281,0.0,1,3.197442310920451e-14,0.0,0.05177958865666055,-0.050028004917058055,73.21409213595456,-63.70001399999998,9.599997770459765,73.21621577831957,-60.73333348422281,0.0,1,3.197442310920451e-14
0.44166666666666665,441667,brace_rear,0.0,0.0,77.99985382326136,1.0,0.0,0.0,0.0,0.0,0.0,77.99985382326136,39.477051944277115,34.260906823881996,0,feet,0.0,0.05346017416514526,-0.051623280746837086,-39.47255981731879,63.70001399999999,9.600003620905596,-39.47705194427714,60.71151150841919,0.0,1,5.684341886080802e-14,0.0,0.053460174165143926,-0.05162328675519712,-39.472559817318746,-63.70001399999998,9.60000362090554,-39.477051944277086,-60.71151150841919,0.0,1,0.0,0.0,0.053460188155277866,-0.05162333741806213,73.20303823069347,63.70001399999999,9.600003620950702,73.19854620025548,60.71151150841919,0.0,1,-1.7763568394002505e-15,0.0,0.053460188155277866,-0.05162333741806213,73.20303823069347,-63.70001399999998,9.600003620950702,73.19854620025548,-60.71151150841919,0.0,1,-1.7763568394002505e-15
0.45,450000,brace_rear,0.0,0.0,77.90547791534502,1.0,0.0,0.0,0.0,0.0,0.0,77.90547791534502,39.477051944277115,34.16653091596565,0,feet,0.0,0.05512365656180185,-0.05320062098038392,-39.4834999864091,63.70001399999999,9.600002506424516,-39.47705194427714,60.71151150841919,0.0,1,1.2434497875801753e-14,0.0,0.055123656561800516,-0.05320062716743568,-39.48349998640906,-63.70001399999998,9.600002506424488,-39.477051944277086,-60.71151150841919,0.0,1,-1.5987211554602254e-14,0.0,0.05512367095153836,-0.05320067933805195,73.19209805869477,63.70001399999999,9.600002506357754,73.19854620025548,60.71151150841919,0.0,1,3.375077994860476e-14,0.0,0.05512367095153836,-0.05320067933805195,73.19209805869477,-63.70001399999998,9.600002506357754,73.19854620025548,-60.71151150841919,0.0,1,3.375077994860476e-14
0.4583333333333333,458333,brace_rear,0.0,0.0,77.81209550141564,1.0,0.0,0.0,0.0,0.0,0.0,77.81209550141564,39.48805774789526,34.073148502036275,0,feet,0.0,0.05676730432613075,-0.05475745311272373,-39.494308547761676,63.70001399999999,9.599997174389884,-39.48805774789529,66.27374638689588,0.0,1,-3.552713678800501e-14,0.0,0.05676730432612942,-0.05475745947587196,-39.49430854776158,-63.70001399999998,9.599997174389912,-39.48805774789523,-66.27374638689588,0.0,1,-5.329070518200751e-15,0.0,0.056767319110734515,-0.05475751313443178,73.1812894944598,63.70001399999999,9.599997174323292,73.18754039663739,66.27374638689588,0.0,1,-7.105427357601002e-15,0.0,0.056767319110734515,-0.05475751313443178,73.1812894944598,-63.70001399999998,9.599997174323292,73.18754039663739,-66.27374638689588,0.0,1,-7.105427357601002e-15
0.4666666666666667,466667,brace_rear,0.0,0.0,77.71986551860385,1.0,0.0,0.0,0.0,0.0,0.0,77.71986551860385,39.50719729469091,33.98091851922449,0,feet,0.0,0.05838869823594317,-0.056291551815658813,-39.50496961693847,63.70001399999999,9.60000395837642,-39.507197294690926,59.93459691168532,0.0,1,-1.7763568394002505e-15,0.0,0.058388698235942726,-0.05629155835206712,-39.50496961693844,-63.70001399999998,9.600003958376448,-39.5071972946909,-59.93459691168532,0.0,1,2.6645352591003757e-14,0.0,0.05838871340979379,-0.05629161347637002,73.1706284224332,63.70001399999999,9.600003958400833,73.16840084984197,59.93459691168532,0.0,1,8.881784197001252e-15,0.0,0.05838871340979379,-0.05629161347637002,73.1706284224332,-63.70001399999998,9.600003958400833,73.16840084984197,-59.93459691168532,0.0,1,8.881784197001252e-15
0.475,475000,brace_rear,0.0,0.0,77.62894383702472,1.0,0.0,0.0,0.0,0.0,0.0,77.62894383702472,39.59003440672778,33.889996837645356,0,feet,0.0,0.05998501317194682,-0.057800316676336116,-39.51546466147098,63.70001399999999,9.60001232589677,-39.590034406727774,63.70001591752033,0.0,1,-3.552713678800501e-14,0.0,0.059985013171947266,-0.05780032338288876,-39.515464661470965,-63.70001399999998,9.600012325896827,-39.59003440672778,-63.70001591752033,0.0,1,2.1316282072803006e-14,0.0,0.059985028739939494,-0.05780037995883758,73.16013337501508,63.70001399999999,9.60001232673612,73.08556373780529,63.70001591752033,0.0,1,4.263256414560601e-14,0.0,0.059985028739939494,-0.05780037995883758,73.16013337501508,-63.70001399999998,9.60001232673612,73.08556373780529,-63.70001591752033,0.0,1,4.263256414560601e-14
0.48333333333333334,483333,brace_rear,0.0,0.0,77.53948282163257,1.0,0.0,0.0,0.0,0.0,0.0,77.53948282163257,39.59003440672778,33.80053582225321,0,feet,0.0,0.06155481618681202,-0.0592824704994821,-39.52578432492078,63.70001399999999,9.600086938734833,-39.590034406727774,63.70001591752033,0.0,1,5.684341886080802e-14,0.0,0.06155481618681202,-0.059282477372931464,-39.52578432492081,-63.70001399999998,9.600086938734805,-39.59003440672778,-63.70001591752033,0.0,1,2.6645352591003757e-14,0.0,0.06155483212488022,-0.05928253535816541,73.14981370883413,63.70001399999999,9.600086939476185,73.08556373780529,63.70001591752033,0.0,1,1.0658141036401503e-14,0.0,0.06155483212488022,-0.05928253535816541,73.14981370883413,-63.70001399999998,9.600086939476185,73.08556373780529,-63.70001591752033,0.0,1,1.0658141036401503e-14
0.49166666666666664,491667,brace_rear,0.0,0.0,77.45163089407596,1.0,0.0,0.0,0.0,0.0,0.0,77.45163089407596,39.59003440672778,33.712683894696596,0,feet,0.0,0.06309424352436155,-0.06073444927115501,-39.53590326474965,63.70001399999999,9.600149328200402,-39.590034406727774,63.70001591752033,0.0,1,1.2434497875801753e-14,0.0,0.06309424352436155,-0.06073445630786933,-39.53590326474965,-63.70001399999998,9.600149328200402,-39.59003440672778,-63.70001591752033,0.0,1,1.2434497875801753e-14,0.0,0.06309425982357242,-0.06073451567186572,73.13969476633133,63.70001399999999,9.600149328840118,73.08556373780529,63.70001591752033,0.0,1,1.9539925233402755e-14,0.0,0.06309425982357242,-0.06073451567186572,73.13969476633133,-63.70001399999998,9.600149328840118,73.08556373780529,-63.70001591752033,0.0,1,1.9539925233402755e-14
0.5,500000,brace_rear,0.0,0.0,77.36553209455253,1.0,0.0,0.0,0.0,0.0,0.0,77.36553209455253,39.59003440672778,33.62658509517317,0,feet,0.0,0.06460090544522323,-0.06215409135764194,-39.545805809257715,63.70001399999999,9.600200057053215,-39.590034406727774,63.70001591752033,0.0,1,2.3092638912203256e-14,0.0,0.06460090544522323,-0.06215409855376075,-39.545805809257715,-63.70001399999998,9.600200057053215,-39.59003440672778,-63.70001591752033,0.0,1,2.3092638912203256e-14,0.0,0.06460092209619628,-0.06215415926407175,73.12979221921003,63.70001399999999,9.600200057587884,73.08556373780529,63.70001591752033,0.0,1,-2.4868995751603507e-14,0.0,0.06460092209619628,-0.06215415926407175,73.12979221921003,-63.70001399999998,9.600200057587884,73.08556373780529,-63.70001591752033,0.0,1,-2.4868995751603507e-14
0.5083333333333333,508333,brace_rear,0.0,0.0,77.28132564366402,1.0,0.0,0.0,0.0,0.0,0.0,77.28132564366402,39.59003440672778,33.54237864428465,0,feet,0.0,0.06607250593398328,-0.0635393301976257,-39.5554769110954,63.70001399999999,9.600239740953043,-39.590034406727774,63.70001591752033,0.0,1,1.4210854715202004e-14,0.0,0.06607250593398328,-0.0635393375490727,-39.5554769110954,-63.70001399999998,9.600239740953043,-39.59003440672778,-63.70001591752033,0.0,1,1.4210854715202004e-14,0.0,0.06607252292691923,-0.06353939957142618,73.12012111482377,63.70001399999999,9.600239741380022,73.08556373780529,63.70001591752033,0.0,1,2.6645352591003757e-14,0.0,0.06607252292691923,-0.06353939957142618,73.12012111482377,-63.70001399999998,9.600239741380022,73.08556373780529,-63.70001591752033,0.0,1,2.6645352591003757e-14
0.5166666666666667,516667,brace_rear,0.0,0.0,77.19914550427104,1.0,0.0,0.0,0.0,0.0,0.0,77.19914550427104,39.59003440672778,33.46019850489168,0,feet,0.0,0.06750684899311477,-0.064888199286524,-39.564902188159174,63.70001399999999,9.600269041848165,-39.590034406727774,63.70001591752033,0.0,1,1.0658141036401503e-14,0.0,0.06750684899311521,-0.06488820678901996,-39.56490218815918,-63.70001399999998,9.600269041848193,-39.59003440672778,-63.70001591752033,0.0,1,3.907985046680551e-14,0.0,0.06750686631782621,-0.06488827008741271,73.11069583527944,63.70001399999999,9.60026904216518,73.08556373780529,63.70001591752033,0.0,1,1.7763568394002505e-14,0.0,0.06750686631782621,-0.06488827008741271,73.11069583527944,-63.70001399999998,9.60026904216518,73.08556373780529,-63.70001591752033,0.0,1,1.7763568394002505e-14
0.525,525000,brace_rear,0.0,0.0,77.1191199433481,1.0,0.0,0.0,0.0,0.0,0.0,77.1191199433481,39.59003440672778,33.38017294396873,0,feet,0.0,0.0689018449003167,-0.06619883709632823,-39.57406796414921,63.70001399999999,9.60028866112836,-39.590034406727774,63.70001591752033,0.0,1,5.329070518200751e-15,0.0,0.0689018449003167,-0.0661988447454025,-39.57406796414921,-63.70001399999998,9.60028866112836,-39.59003440672778,-63.70001591752033,0.0,1,5.329070518200751e-15,0.0,0.06890186254625652,-0.06619890928220684,73.1015300568802,63.70001399999999,9.600288661333764,73.08556373780529,63.70001591752033,0.0,1,8.881784197001252e-15,0.0,0.06890186254625652,-0.06619890928220684,73.1015300568802,-63.70001399999998,9.600288661333764,73.08556373780529,-63.70001591752033,0.0,1,8.881784197001252e-15
0.5333333333333333,533333,brace_rear,0.0,0.0,77.04137109383846,1.0,0.0,0.0,0.0,0.0,0.0,77.04137109383846,39.59003440672778,33.3024240944591,0,feet,0.0,0.07025551644076389,-0.06746949194969654,-39.582961308870864,63.70001399999999,9.600299332602347,-39.590034406727774,63.70001591752033,0.0,1,5.329070518200751e-15,0.0,0.07025551644076433,-0.06746949974069905,-39.58296130887088,-63.70001399999998,9.600299332602347,-39.59003440672778,-63.70001591752033,0.0,1,5.329070518200751e-15,0.0,0.07025553439705767,-0.06746956547677208,73.09263670982378,63.70001399999999,9.600299332695059,73.08556373780529,63.70001591752033,0.0,1,5.329070518200751e-15,0.0,0.07025553439705767,-0.06746956547677208,73.09263670982378,-63.70001399999998,9.600299332695059,73.08556373780529,-63.70001591752033,0.0,1,5.329070518200751e-15
0.5416666666666666,541667,brace_rear,0.0,0.0,76.96601451650909,1.0,0.0,0.0,0.0,0.0,0.0,76.96601451650909,39.59003440672778,33.227067517129726,0,feet,0.0,0.07156600512574096,-0.06869852686711253,-39.59157007836277,63.70001399999999,9.600301815359302,-39.590034406727774,63.70001591752033,0.0,1,1.2434497875801753e-14,0.0,0.0715660051257414,-0.0686985347952267,-39.59157007836281,-63.70001399999998,9.600301815359302,-39.59003440672778,-63.70001591752033,0.0,1,1.2434497875801753e-14,0.0,0.07156602338121631,-0.06869860169001551,73.08402793807443,63.70001399999999,9.60030181533881,73.08556373780529,63.70001591752033,0.0,1,1.0658141036401503e-14,0.0,0.07156602338121631,-0.06869860169001551,73.08402793807443,-63.70001399999998,9.60030181533881,73.08556373780529,-63.70001591752033,0.0,1,1.0658141036401503e-14
0.55,550000,brace_rear,0.0,0.0,76.89315876180552,1.0,0.0,0.0,0.0,0.0,0.0,76.89315876180552,39.59003440672778,33.15421176242616,0,feet,0.0,0.07283157740902091,-0.06988442440585096,-39.599882954935396,63.70001399999999,9.60029688657474,-39.590034406727774,63.70001591752033,0.0,1,8.881784197001252e-15,0.0,0.07283157740902091,-0.06988443246611098,-39.59988295493541,-63.70001399999998,9.60029688657471,-39.59003440672778,-63.70001591752033,0.0,1,-1.9539925233402755e-14,0.0,0.0728315959522372,-0.06988450047776817,73.07571505932444,63.70001399999999,9.6002968864411,73.08556373780529,63.70001591752033,0.0,1,1.2434497875801753e-14,0.0,0.0728315959522372,-0.06988450047776817,73.07571505932444,-63.70001399999998,9.6002968864411,73.08556373780529,-63.70001591752033,0.0,1,1.2434497875801753e-14
0.5583333333333333,558333,brace_rear,0.0,0.0,76.8229049317068,1.0,0.0,0.0,0.0,0.0,0.0,76.8229049317068,39.59003440672778,33.083957932327436,0,feet,0.0,0.07405063091224484,-0.07102579150936661,-39.60788948720429,63.70001399999999,9.600285334321029,-39.590034406727774,63.70001591752033,0.0,1,0.0,0.0,0.07405063091224484,-0.07102579969666767,-39.60788948720429,-63.70001399999998,9.600285334321029,-39.59003440672778,-63.70001591752033,0.0,1,0.0,0.0,0.07405064973152742,-0.07102586878216899,73.06770852496064,63.70001399999999,9.600285334074869,73.08556373780529,63.70001591752033,0.0,1,2.4868995751603507e-14,0.0,0.07405064973152742,-0.07102586878216899,73.06770852496064,-63.70001399999998,9.600285334074869,73.08556373780529,-63.70001591752033,0.0,1,2.4868995751603507e-14
0.5666666666666667,566667,brace_rear,0.0,0.0,76.7553462415804,1.0,0.0,0.0,0.0,0.0,0.0,76.7553462415804,39.59003440672778,33.01639924220103,0,feet,0.0,0.07522170067032663,-0.07212136438547834,-39.615580130201586,63.70001399999999,9.60026795044233,-39.590034406727774,63.70001591752033,0.0,1,-1.5987211554602254e-14,0.0,0.07522170067032663,-0.07212137269459085,-39.61558013020161,-63.70001399999998,9.60026795044233,-39.59003440672778,-63.70001591752033,0.0,1,-1.5987211554602254e-14,0.0,0.07522171975379566,-0.07212144280985466,73.06001787995308,63.70001399999999,9.600267950084756,73.08556373780529,63.70001591752033,0.0,1,-1.5987211554602254e-14,0.0,0.07522171975379566,-0.07212144280985466,73.06001787995308,-63.70001399999998,9.600267950084756,73.08556373780529,-63.70001591752033,0.0,1,-1.5987211554602254e-14
0.575,575000,brace_rear,0.0,0.0,76.69056758203709,1.0,0.0,0.0,0.0,0.0,0.0,76.69056758203709,39.59003440672778,32.951620582657725,0,feet,0.0,0.07634346540768666,-0.07317001343139662,-39.62294628564915,63.70001399999999,9.600245523553241,-39.590034406727774,63.70001591752033,0.0,1,-5.329070518200751e-15,0.0,0.07634346540768666,-0.07317002185698307,-39.62294628564918,-63.70001399999998,9.600245523553241,-39.59003440672778,-63.70001591752033,0.0,1,-5.329070518200751e-15,0.0,0.07634348474328956,-0.07317009295699606,73.05265172258203,63.70001399999999,9.600245523085988,73.08556373780529,63.70001591752033,0.0,1,1.7763568394002505e-14,0.0,0.07634348474328956,-0.07317009295699606,73.05265172258203,-63.70001399999998,9.600245523085988,73.08556373780529,-63.70001591752033,0.0,1,1.7763568394002505e-14
0.5833333333333334,583333,brace_rear,0.0,0.0,76.62864508078592,1.0,0.0,0.0,0.0,0.0,0.0,76.62864508078592,39.59003440672778,32.88969808140655,0,feet,0.0,0.0774147538558041,-0.0741707482232532,-39.62998034247471,63.70001399999999,9.600218832219198,-39.590034406727774,63.70001591752033,0.0,1,3.197442310920451e-14,0.0,0.0774147538558041,-0.07417075675988194,-39.62998034247474,-63.70001399999998,9.60021883221917,-39.59003440672778,-63.70001591752033,0.0,1,1.7763568394002505e-15,0.0,0.07741477343134928,-0.0741708287988243,73.04561766392132,63.70001399999999,9.600218831644426,73.08556373780529,63.70001591752033,0.0,1,3.907985046680551e-14,0.0,0.07741477343134928,-0.0741708287988243,73.04561766392132,-63.70001399999998,9.600218831644426,73.08556373780529,-63.70001591752033,0.0,1,3.907985046680551e-14
0.5916666666666667,591667,brace_rear,0.0,0.0,76.56964566448907,1.0,0.0,0.0,0.0,0.0,0.0,76.56964566448907,39.59003440672778,32.83069866510971,0,feet,0.0,0.07843455112223596,-0.07512272258723973,-39.63667571765169,63.70001399999999,9.600188638375485,-39.590034406727774,63.70001591752033,0.0,1,8.881784197001252e-15,0.0,0.0784345511222364,-0.07512273122940138,-39.63667571765173,-63.70001399999998,9.600188638375485,-39.59003440672778,-63.70001591752033,0.0,1,1.0658141036401503e-14,0.0,0.07843457092542305,-0.07512280416077877,73.03892228699908,63.70001399999999,9.600188637695922,73.08556373780529,63.70001591752033,0.0,1,4.973799150320701e-14,0.0,0.07843457092542305,-0.07512280416077877,73.03892228699908,-63.70001399999998,9.600188637695922,73.08556373780529,-63.70001591752033,0.0,1,4.973799150320701e-14
0.6,600000,brace_rear,0.0,0.0,76.51362662061679,1.0,0.0,0.0,0.0,0.0,0.0,76.51362662061679,39.59003440672778,32.774679621237425,0,feet,0.0,0.07940200512084328,-0.07602523976889008,-39.643026897439995,63.70001399999999,9.600155681040107,-39.590034406727774,63.70001591752033,0.0,1,1.4210854715202004e-14,0.0,0.07940200512084328,-0.076025248511014,-39.64302689743998,-63.70001399999998,9.600155681040135,-39.59003440672778,-63.70001591752033,0.0,1,4.085620730620576e-14,0.0,0.0794020251392964,-0.07602532228779468,73.0325711055566,63.70001399999999,9.600155680258823,73.08556373780529,63.70001591752033,0.0,1,5.329070518200751e-15,0.0,0.0794020251392964,-0.07602532228779468,73.0325711055566,-63.70001399999998,9.600155680258823,73.08556373780529,-63.70001591752033,0.0,1,5.329070518200751e-15
0.6083333333333333,608333,brace_rear,0.0,0.0,76.46063515930231,1.0,0.0,0.0,0.0,0.0,0.0,76.46063515930231,39.59003440672778,32.72168815992295,0,feet,0.0,0.08031643307248393,-0.07687775771629202,-39.64902947910273,63.70001399999999,9.600120670372519,-39.590034406727774,63.70001591752033,0.0,1,-1.7763568394002505e-15,0.0,0.08031643307248393,-0.07687776655275913,-39.64902947910271,-63.70001399999998,9.600120670372519,-39.59003440672778,-63.70001591752033,0.0,1,-1.7763568394002505e-15,0.0,0.08031645329378767,-0.07687784112751572,73.02656852233167,63.70001399999999,9.600120669493123,73.08556373780529,63.70001591752033,0.0,1,-2.1316282072803006e-14,0.0,0.08031645329378767,-0.07687784112751572,73.02656852233167,-63.70001399999998,9.600120669493123,73.08556373780529,-63.70001591752033,0.0,1,-2.1316282072803006e-14
0.6166666666666667,616667,brace_rear,0.0,0.0,76.41070797519676,1.0,0.0,0.0,0.0,0.0,0.0,76.41070797519676,39.59003440672778,32.67176097581739,0,feet,0.0,0.08117732808494083,-0.07767989449219126,-39.654680213170174,63.70001399999999,9.600084282129401,-39.590034406727774,63.70001591752033,0.0,1,1.5987211554602254e-14,0.0,0.08117732808494127,-0.07767990341735587,-39.65468021317019,-63.70001399999998,9.600084282129401,-39.59003440672778,-63.70001591752033,0.0,1,1.5987211554602254e-14,0.0,0.08117734849667269,-0.07767997874240651,73.02091778679463,63.70001399999999,9.600084281155901,73.08556373780529,63.70001591752033,0.0,1,2.1316282072803006e-14,0.0,0.08117734849667269,-0.07767997874240651,73.02091778679463,-63.70001399999998,9.600084281155901,73.08556373780529,-63.70001591752033,0.0,1,2.1316282072803006e-14
0.625,625000,brace_rear,0.0,0.0,76.36387080932403,1.0,0.0,0.0,0.0,0.0,0.0,76.36387080932403,39.59003440672778,32.62492380994466,0,feet,0.0,0.08198436582022106,-0.07843143382899465,-39.659977046318375,63.70001399999999,9.600047152563661,-39.590034406727774,63.70001591752033,0.0,1,1.5987211554602254e-14,0.0,0.08198436582022106,-0.07843144283720127,-39.659977046318375,-63.70001399999998,9.600047152563661,-39.59003440672778,-63.70001591752033,0.0,1,1.5987211554602254e-14,0.0,0.08198438640998607,-0.07843151886475841,73.01562095226978,63.70001399999999,9.600047151500377,73.08556373780529,63.70001591752033,0.0,1,3.730349362740526e-14,0.0,0.08198438640998607,-0.07843151886475841,73.01562095226978,-63.70001399999998,9.600047151500377,73.08556373780529,-63.70001591752033,0.0,1,3.730349362740526e-14
0.6333333333333333,633333,brace_rear,0.0,0.0,76.32013801093576,1.0,0.0,0.0,0.0,0.0,0.0,76.32013801093576,39.59003440672778,32.5811910115564,0,feet,0.0,0.0827374112567063,-0.07913233083956417,-39.664919164923525,63.70001399999999,9.600009873810976,-39.590034406727774,63.70001591752033,0.0,1,0.0,0.0,0.0827374112567063,-0.07913233992516178,-39.664919164923525,-63.70001399999998,9.600009873810976,-39.59003440672778,-63.70001591752033,0.0,1,0.0,0.0,0.08273743201217476,-0.07913241660748893,73.01067883238102,63.70001399999999,9.600009872662568,73.08556373780529,63.70001591752033,0.0,1,4.796163466380676e-14,0.0,0.08273743201217476,-0.07913241660748893,73.01067883238102,-63.70001399999998,9.600009872662568,73.08556373780529,-63.70001591752033,0.0,1,4.796163466380676e-14
0.6416666666666667,641667,brace_rear,0.0,0.0,76.27951209936623,1.0,0.0,0.0,0.0,0.0,0.0,76.27951209936623,39.64863383725522,32.540565099986864,0,feet,0.0,0.08343666963488117,-0.07978285190399648,-39.6695079848451,63.70001399999999,9.599981357150313,-39.64863383725521,60.014427080345826,0.0,1,7.105427357601002e-15,0.0,0.08343666963488117,-0.07978286106137755,-39.6695079848451,-63.70001399999998,9.599981357150313,-39.648633837255225,-60.014427080345826,0.0,1,7.105427357601002e-15,0.0,0.08343669055944991,-0.07978293836557615,73.00609001116592,63.70001399999999,9.599981356827357,73.02696430727798,60.014427080345826,0.0,1,0.0,0.0,0.08343669055944991,-0.07978293836557615,73.00609001116592,-63.70001399999998,9.599981356827357,73.02696430727798,-60.014427080345826,0.0,1,0.0
0.65,650000,brace_rear,0.0,0.0,76.2419833258872,1.0,0.0,0.0,0.0,0.0,0.0,76.2419833258872,39.64863383725522,32.50303632650784,0,feet,0.0,0.08408256202708264,-0.08038345799459679,-39.67374634140157,63.70001399999999,9.599971205675885,-39.64863383725521,60.014427080345826,0.0,1,-1.9539925233402755e-14,0.0,0.08408256202708264,-0.08038346721821332,-39.673746341401554,-63.70001399999998,9.599971205675914,-39.648633837255225,-60.014427080345826,0.0,1,8.881784197001252e-15,0.0,0.08408258309324657,-0.08038354508296974,73.00185165350877,63.70001399999999,9.599971205284518,73.02696430727798,60.014427080345826,0.0,1,1.2434497875801753e-14,0.0,0.08408258309324657,-0.08038354508296974,73.00185165350877,-63.70001399999998,9.599971205284518,73.02696430727798,-60.014427080345826,0.0,1,1.2434497875801753e-14
0.6583333333333333,658333,brace_rear,0.0,0.0,76.20752923556294,1.0,0.0,0.0,0.0,0.0,0.0,76.20752923556294,39.64863383725522,32.46858223618358,0,feet,0.0,0.0846752251985774,-0.08093434013686052,-39.677635192222326,63.70001399999999,9.599960245182316,-39.64863383725521,60.014427080345826,0.0,1,-7.105427357601002e-15,0.0,0.0846752251985774,-0.0809343494211956,-39.677635192222326,-63.70001399999998,9.599960245182316,-39.648633837255225,-60.014427080345826,0.0,1,-7.105427357601002e-15,0.0,0.08467524639440516,-0.08093442779985383,72.9979628016786,63.70001399999999,9.599960244727257,73.02696430727798,60.014427080345826,0.0,1,-8.881784197001252e-15,0.0,0.08467524639440516,-0.08093442779985383,72.9979628016786,-63.70001399999998,9.599960244727257,73.02696430727798,-60.014427080345826,0.0,1,-8.881784197001252e-15
0.6666666666666666,666667,brace_rear,0.0,0.0,76.17611422910504,1.0,0.0,0.0,0.0,0.0,0.0,76.17611422910504,39.64863383725522,32.437167229725674,0,feet,0.0,0.08521535167521632,-0.08143620023002551,-39.68117913503285,63.70001399999999,9.599948884825565,-39.64863383725521,60.014427080345826,0.0,1,1.7763568394002505e-15,0.0,0.08521535167521632,-0.08143620956964792,-39.68117913503288,-63.70001399999998,9.599948884825537,-39.648633837255225,-60.014427080345826,0.0,1,-2.6645352591003757e-14,0.0,0.08521537298899684,-0.08143628841627315,72.99441885794855,63.70001399999999,9.599948884311786,73.02696430727798,60.014427080345826,0.0,1,8.881784197001252e-15,0.0,0.08521537298899684,-0.08143628841627315,72.99441885794855,-63.70001399999998,9.599948884311786,73.02696430727798,-60.014427080345826,0.0,1,8.881784197001252e-15
0.675,675000,brace_rear,0.0,0.0,76.14768912472736,1.0,0.0,0.0,0.0,0.0,0.0,76.14768912472736,39.64863383725522,32.408742125348,0,feet,0.0,0.08570385888330767,-0.08188994291773266,-39.68438423808499,63.70001399999999,9.599937483989734,-39.64863383725521,60.014427080345826,0.0,1,-1.7763568394002505e-14,0.0,0.08570385888330811,-0.0818899523073191,-39.684384238085,-63.70001399999998,9.599937483989763,-39.648633837255225,-60.014427080345826,0.0,1,1.0658141036401503e-14,0.0,0.08570388030358922,-0.08189003157687624,72.99121375406514,63.70001399999999,9.599937483422295,73.02696430727798,60.014427080345826,0.0,1,2.3092638912203256e-14,0.0,0.08570388030358922,-0.08189003157687624,72.99121375406514,-63.70001399999998,9.599937483422295,73.02696430727798,-60.014427080345826,0.0,1,2.3092638912203256e-14
0.6833333333333333,683333,brace_rear,0.0,0.0,76.12219072000099,1.0,0.0,0.0,0.0,0.0,0.0,76.12219072000099,39.64863383725522,32.38324372062162,0,feet,0.0,0.08614189659379967,-0.08229668242621502,-39.68725808872629,63.70001399999999,9.599926351533611,-39.64863383725521,60.014427080345826,0.0,1,7.105427357601002e-15,0.0,0.08614189659380012,-0.08229669186057142,-39.68725808872632,-63.70001399999998,9.599926351533611,-39.648633837255225,-60.014427080345826,0.0,1,7.105427357601002e-15,0.0,0.08614191810943561,-0.08229677150911296,72.98833990267872,63.70001399999999,9.599926350917485,73.02696430727798,60.014427080345826,0.0,1,-2.3092638912203256e-14,0.0,0.08614191810943561,-0.08229677150911296,72.98833990267872,-63.70001399999998,9.599926350917485,73.02696430727798,-60.014427080345826,0.0,1,-2.3092638912203256e-14
0.6916666666666667,691667,brace_rear,0.0,0.0,76.09954135370907,1.0,0.0,0.0,0.0,0.0,0.0,76.09954135370907,39.64863383725522,32.360594354329706,0,feet,0.0,0.0865308544867136,-0.08265774960321481,-39.68980984286665,63.70001399999999,9.599915745684058,-39.64863383725521,60.014427080345826,0.0,1,-8.881784197001252e-15,0.0,0.08653085448671405,-0.08265775907729944,-39.68980984286667,-63.70001399999998,9.599915745684058,-39.648633837255225,-60.014427080345826,0.0,1,-8.881784197001252e-15,0.0,0.08653087608690502,-0.08265783906216351,72.98578814787703,63.70001399999999,9.599915745024447,73.02696430727798,60.014427080345826,0.0,1,1.5987211554602254e-14,0.0,0.08653087608690502,-0.08265783906216351,72.98578814787703,-63.70001399999998,9.599915745024447,73.02696430727798,-60.014427080345826,0.0,1,1.5987211554602254e-14
0.7,700000,brace_rear,0.0,0.0,76.07964846770177,1.0,0.0,0.0,0.0,0.0,0.0,76.07964846770177,39.64863383725522,32.34070146832241,0,feet,0.0,0.08687236983395774,-0.08297469915473643,-39.69205027532935,63.70001399999999,9.599905874568535,-39.64863383725521,60.014427080345826,0.0,1,-2.4868995751603507e-14,0.0,0.08687236983395819,-0.08297470866368384,-39.692050275329365,-63.70001399999998,9.599905874568563,-39.648633837255225,-60.014427080345826,0.0,1,3.552713678800501e-15,0.0,0.08687239150830317,-0.08297478894369359,72.98354771483383,63.70001399999999,9.599905873870412,73.02696430727798,60.014427080345826,0.0,1,5.329070518200751e-15,0.0,0.08687239150830317,-0.08297478894369359,72.98354771483383,-63.70001399999998,9.599905873870412,73.02696430727798,-60.014427080345826,0.0,1,5.329070518200751e-15
0.7083333333333334,708333,brace_rear,0.0,0.0,76.0624041687512,1.0,0.0,0.0,0.0,0.0,0.0,76.0624041687512,39.64863383725522,32.323457169371835,0,feet,0.0,0.0871683352967918,-0.08324931707352112,-39.693991831061865,63.70001399999999,9.599896897366577,-39.64863383725521,60.014427080345826,0.0,1,-1.9539925233402755e-14,0.0,0.08716833529679224,-0.08324932661266615,-39.69399183106188,-63.70001399999998,9.599896897366605,-39.648633837255225,-60.014427080345826,0.0,1,8.881784197001252e-15,0.0,0.08716835703533388,-0.08324940714834028,72.98160615859837,63.70001399999999,9.59989689663486,73.02696430727798,60.014427080345826,0.0,1,1.4210854715202004e-14,0.0,0.08716835703533388,-0.08324940714834028,72.98160615859837,-63.70001399999998,9.59989689663486,73.02696430727798,-60.014427080345826,0.0,1,1.4210854715202004e-14
0.7166666666666667,716667,brace_rear,0.0,0.0,76.04768479040627,1.0,0.0,0.0,0.0,0.0,0.0,76.04768479040627,39.64863383725522,32.3087377910269,0,feet,0.0,0.08742090683210568,-0.08348362824962141,-39.695648677162744,63.70001399999999,9.599888926050113,-39.64863383725521,60.014427080345826,0.0,1,7.105427357601002e-15,0.0,0.08742090683210568,-0.08348363781452584,-39.695648677162744,-63.70001399999998,9.599888926050113,-39.648633837255225,-60.014427080345826,0.0,1,7.105427357601002e-15,0.0,0.08742092862538309,-0.08348371856829306,72.97994931206833,63.70001399999999,9.59988892528952,73.02696430727798,60.014427080345826,0.0,1,-1.7763568394002505e-15,0.0,0.08742092862538309,-0.08348371856829306,72.97994931206833,-63.70001399999998,9.59988892528952,73.02696430727798,-60.014427080345826,0.0,1,-1.7763568394002505e-15
0.725,725000,brace_rear,0.0,0.0,76.03535045484763,1.0,0.0,0.0,0.0,0.0,0.0,76.03535045484763,39.64863383725522,32.296403455468266,0,feet,0.0,0.08763251169936526,-0.08367990424951222,-39.697036755665394,63.70001399999999,9.599882027668926,-39.64863383725521,60.014427080345826,0.0,1,2.4868995751603507e-14,0.0,0.0876325116993657,-0.08367991383599005,-39.69703675566542,-63.70001399999998,9.599882027668926,-39.648633837255225,-60.014427080345826,0.0,1,2.4868995751603507e-14,0.0,0.08763253353846467,-0.08367999477241561,72.97856123320628,63.70001399999999,9.59988202688406,73.02696430727798,60.014427080345826,0.0,1,1.0658141036401503e-14,0.0,0.08763253353846467,-0.08367999477241561,72.97856123320628,-63.70001399999998,9.59988202688406,73.02696430727798,-60.014427080345826,0.0,1,1.0658141036401503e-14
0.7333333333333333,733333,brace_rear,0.0,0.0,76.02524463474263,1.0,0.0,0.0,0.0,0.0,0.0,76.02524463474263,39.64863383725522,32.28629763536327,0,feet,0.0,0.08780585655749373,-0.08384067124586503,-39.69817383699872,63.70001399999999,9.599876227123772,-39.64863383725521,60.014427080345826,0.0,1,-1.2434497875801753e-14,0.0,0.08780585655749418,-0.0838406808500114,-39.698173836998706,-63.70001399999998,9.5998762271238,-39.648633837255225,-60.014427080345826,0.0,1,1.5987211554602254e-14,0.0,0.08780587843410759,-0.08384076193602796,72.97742415157853,63.70001399999999,9.599876226318983,73.02696430727798,60.014427080345826,0.0,1,7.105427357601002e-15,0.0,0.08780587843410759,-0.08384076193602796,72.97742415157853,-63.70001399999998,9.599876226318983,73.02696430727798,-60.014427080345826,0.0,1,7.105427357601002e-15
0.7416666666666667,741667,brace_rear,0.0,0.0,76.01719371510018,1.0,0.0,0.0,0.0,0.0,0.0,76.01719371510018,39.64863383725522,32.27824671572081,0,feet,0.0,0.08794393563812264,-0.08396871807533346,-39.69907957402336,63.70001399999999,9.599871510354347,-39.64863383725521,60.014427080345826,0.0,1,8.881784197001252e-15,0.0,0.08794393563812308,-0.08396872769354857,-39.699079574023386,-63.70001399999998,9.599871510354347,-39.648633837255225,-60.014427080345826,0.0,1,8.881784197001252e-15,0.0,0.08794395754460282,-0.08396880889869829,72.97651841431943,63.70001399999999,9.599871509533614,73.02696430727798,60.014427080345826,0.0,1,3.019806626980426e-14,0.0,0.08794395754460282,-0.08396880889869829,72.97651841431943,-63.70001399999998,9.599871509533614,73.02696430727798,-60.014427080345826,0.0,1,3.019806626980426e-14
0.75,750000,brace_rear,0.0,0.0,76.01100655512562,1.0,0.0,0.0,0.0,0.0,0.0,76.01100655512562,39.64863383725522,32.27205955574625,0,feet,0.0,0.0880500389785106,-0.08406710439646625,-39.699775556520095,63.70001399999999,9.599867827851682,-39.64863383725521,60.014427080345826,0.0,1,8.881784197001252e-15,0.0,0.08805003897851105,-0.08406711402549139,-39.69977555652011,-63.70001399999998,9.599867827851682,-39.648633837255225,-60.014427080345826,0.0,1,8.881784197001252e-15,0.0,0.08805006090793199,-0.08406719532216655,72.97582243164248,63.70001399999999,9.599867827018585,73.02696430727798,60.014427080345826,0.0,1,-4.973799150320701e-14,0.0,0.08805006090793199,-0.08406719532216655,72.97582243164248,-63.70001399999998,9.599867827018585,73.02696430727798,-60.014427080345826,0.0,1,-4.973799150320701e-14
0.7583333333333333,758333,brace_rear,0.0,0.0,76.00647405007572,1.0,0.0,0.0,0.0,0.0,0.0,76.00647405007572,39.64863383725522,32.26752705069636,0,feet,0.0,0.08812776069401318,-0.08413916891418971,-39.70028536597961,63.70001399999999,9.599865098388193,-39.64863383725521,60.014427080345826,0.0,1,1.5987211554602254e-14,0.0,0.08812776069401318,-0.08413917855113207,-39.700285365979624,-63.70001399999998,9.599865098388165,-39.648633837255225,-60.014427080345826,0.0,1,-1.2434497875801753e-14,0.0,0.08812778264023402,-0.08413925991484428,72.97531262205104,63.70001399999999,9.599865097546143,73.02696430727798,60.014427080345826,0.0,1,2.1316282072803006e-14,0.0,0.08812778264023402,-0.08413925991484428,72.97531262205104,-63.70001399999998,9.599865097546143,73.02696430727798,-60.014427080345826,0.0,1,2.1316282072803006e-14
0.7666666666666667,766667,brace_rear,0.0,0.0,76.00336869311361,1.0,0.0,0.0,0.0,0.0,0.0,76.00336869311361,39.64863383725522,32.26442169373425,0,feet,0.0,0.08818100726624012,-0.08418853763104783,-39.70063463051781,63.70001399999999,9.599863212836496,-39.64863383725521,60.014427080345826,0.0,1,2.1316282072803006e-14,0.0,0.08818100726624012,-0.08418854727341296,-39.700634630517825,-63.70001399999998,9.599863212836468,-39.648633837255225,-60.014427080345826,0.0,1,-7.105427357601002e-15,0.0,0.08818102922396731,-0.08418862868304666,72.97496335742244,63.70001399999999,9.59986321198825,73.02696430727798,60.014427080345826,0.0,1,1.4210854715202004e-14,0.0,0.08818102922396731,-0.08418862868304666,72.97496335742244,-63.70001399999998,9.59986321198825,73.02696430727798,-60.014427080345826,0.0,1,1.4210854715202004e-14
0.775,775000,brace_rear,0.0,0.0,76.00144413716355,1.0,0.0,0.0,0.0,0.0,0.0,76.00144413716355,39.64863383725522,32.26249713778418,0,feet,0.0,0.0882140058190033,-0.08421913207870713,-39.70085107970973,63.70001399999999,9.599862037928531,-39.64863383725521,60.014427080345826,0.0,1,-5.329070518200751e-15,0.0,0.08821400581900374,-0.08421914172443357,-39.70085107970975,-63.70001399999998,9.599862037928531,-39.648633837255225,-60.014427080345826,0.0,1,-5.329070518200751e-15,0.0,0.08821402778386078,-0.08421922316252628,72.97474690817455,63.70001399999999,9.599862037076505,73.02696430727798,60.014427080345826,0.0,1,4.263256414560601e-14,0.0,0.08821402778386078,-0.08421922316252628,72.97474690817455,-63.70001399999998,9.599862037076505,73.02696430727798,-60.014427080345826,0.0,1,4.263256414560601e-14
0.7833333333333333,783333,brace_rear,0.0,0.0,76.00043475676594,1.0,0.0,0.0,0.0,0.0,0.0,76.00043475676594,39.64863383725522,32.261487757386575,0,feet,0.0,0.08823131234976467,-0.0842351774759793,-39.700964599104196,63.70001399999999,9.599861419782883,-39.64863383725521,60.014427080345826,0.0,1,2.6645352591003757e-14,0.0,0.08823131234976511,-0.08423518712346745,-39.70096459910424,-63.70001399999998,9.599861419782854,-39.648633837255225,-60.014427080345826,0.0,1,0.0,0.0,0.08823133431836183,-0.08423526857648422,72.97463338875065,63.70001399999999,9.59986141892881,73.02696430727798,60.014427080345826,0.0,1,4.085620730620576e-14,0.0,0.08823133431836183,-0.08423526857648422,72.97463338875065,-63.70001399999998,9.59986141892881,73.02696430727798,-60.014427080345826,0.0,1,4.085620730620576e-14
0.7916666666666666,791667,brace_rear,0.0,0.0,76.0000552099323,1.0,0.0,0.0,0.0,0.0,0.0,76.0000552099323,39.64863383725522,32.26110821055293,0,feet,0.0,0.08823781987963297,-0.08424121075186841,-39.70100728414793,63.70001399999999,9.599861187003256,-39.64863383725521,60.014427080345826,0.0,1,1.7763568394002505e-15,0.0,0.08823781987963342,-0.08424122040001913,-39.70100728414794,-63.70001399999998,9.599861187003285,-39.648633837255225,-60.014427080345826,0.0,1,3.019806626980426e-14,0.0,0.08823784184963568,-0.08424130185864653,72.97459070369587,63.70001399999999,9.599861186148416,73.02696430727798,60.014427080345826,0.0,1,1.7763568394002505e-15,0.0,0.08823784184963568,-0.08424130185864653,72.97459070369587,-63.70001399999998,9.599861186148416,73.02696430727798,-60.014427080345826,0.0,1,1.7763568394002505e-15
0.8,800000,brace_rear,0.0,0.0,76.0,1.0,0.0,0.0,0.0,0.0,0.0,76.0,39.64863383725522,32.261053000620635,0,feet,0.0,0.08823876647995776,-0.08424208836393632,-39.70101349321082,63.70001399999999,9.599861153126795,-39.64863383725521,60.014427080345826,0.0,1,-3.552713678800501e-15,0.0,0.08823876647995776,-0.08424209801218518,-39.70101349321078,-63.70001399999998,9.599861153126852,-39.648633837255225,-60.014427080345826,0.0,1,5.5067062021407764e-14,0.0,0.08823878845016475,-0.08424217947162838,72.97458449463139,63.70001399999999,9.599861152271842,73.02696430727798,60.014427080345826,0.0,1,-1.7763568394002505e-15,0.0,0.08823878845016475,-0.08424217947162838,72.97458449463139,-63.70001399999998,9.599861152271842,73.02696430727798,-60.014427080345826,0.0,1,-1.7763568394002505e-15
0.8083333333333333,808333,front_legs_reach,-5.714940200617284e-05,0.0,75.999971425299,0.9999999999998496,0.0,5.485948768044353e-07,0.0,-5.714940200617284e-05,0.0,75.999971425299,39.648576687853215,32.26091439299005,0,feet,0.0,0.08823594255755562,-0.08424367986968617,-39.70101422017619,63.70001399999999,9.599861149160233,-39.64863383725521,60.014427080345826,0.0,1,0.0,0.0,0.08823594255755562,-0.08424368951810868,-39.70101422017619,-63.70001399999998,9.599861149160233,-39.648633837255225,-60.014427080345826,0.0,1,0.0,0.0,0.08823630887733769,-0.08424700039406652,72.97465807365806,63.70001399999999,9.599861023610686,73.02706146126138,60.014427080345826,0.0,1,4.796163466380676e-14,0.0,0.08823630887733769,-0.08424700039406652,72.97465807365806,-63.70001399999998,9.599861023610686,73.02706146126138,-60.014427080345826,0.0,1,4.796163466380676e-14
0.8166666666666667,816667,front_legs_reach,-0.00045146604938271605,0.0,75.99977426697531,0.9999999999906093,0.0,4.333762962471273e-06,0.0,-0.00045146604938271605,0.0,75.99977426697531,39.648182371205834,32.25995803627828,0,feet,0.0,0.08821645822785795,-0.08425466072699761,-39.70101923539563,63.70001399999999,9.599861121794078,-39.64863383725521,60.014427080345826,0.0,1,4.085620730620576e-14,0.0,0.08821645822785795,-0.08425467037662582,-39.70101923539567,-63.70001399999998,9.59986112179402,-39.648633837255225,-60.014427080345826,0.0,1,-1.5987211554602254e-14,0.0,0.0882192001360309,-0.08428026312964176,72.97516575089145,63.70001399999999,9.599860134303881,73.02773179956192,60.014427080345826,0.0,1,-6.572520305780927e-14,0.0,0.0882192001360309,-0.08428026312964176,72.97516575089145,-63.70001399999998,9.599860134303881,73.02773179956192,-60.014427080345826,0.0,1,-6.572520305780927e-14
0.825,825000,front_legs_reach,-0.0015044921875000004,0.0,75.99924775390625,0.9999999998957131,0.0,1.4442088232821745e-05,0.0,-0.0015044921875000004,0.0,75.99924775390625,39.64712934506772,32.257404089400595,0,feet,0.0,0.08816442542403324,-0.084283984038938,-39.70103262292834,63.70001399999999,9.599861048730375,-39.64863383725521,60.014427080345826,0.0,1,-1.5987211554602254e-14,0.0,0.08816442542403369,-0.08428399369178852,-39.701032622928324,-63.70001399999998,9.599861048730432,-39.648633837255225,-60.014427080345826,0.0,1,4.085620730620576e-14,0.0,0.08817350846896632,-0.08436908788903041,72.97652150976744,63.70001399999999,9.59985774590659,73.02952194399671,60.014427080345826,0.0,1,1.4210854715202004e-14,0.0,0.08817350846896632,-0.08436908788903041,72.97652150976744,-63.70001399999998,9.59985774590659,73.02952194399671,-60.014427080345826,0.0,1,1.4210854715202004e-14
0.8333333333333334,833333,front_legs_reach,-0.0035209876543209873,0.0,75.99823950617284,0.9999999994288119,0.0,3.379905511305004e-05,0.0,-0.0035209876543209873,0.0,75.99823950617284,39.6451128496009,32.252513451294604,0,feet,0.0,0.08806478616414548,-0.08434013206607593,-39.701058236454216,63.70001399999999,9.599860908890278,-39.64863383725521,60.014427080345826,0.0,1,3.552713678800501e-15,0.0,0.08806478616414593,-0.08434014172509263,-39.70105823645425,-63.70001399999998,9.59986090889025,-39.648633837255225,-60.014427080345826,0.0,1,-2.4868995751603507e-14,0.0,0.08808621035607844,-0.08453936283139996,72.97911635618068,63.70001399999999,9.599865355144217,72.88779806219156,63.70001591568979,0.0,1,3.375077994860476e-14,0.0,0.08808621035607844,-0.08453936283139996,72.97911635618068,-63.70001399999998,9.599865355144217,72.88779806219156,-63.70001591568979,0.0,1,3.375077994860476e-14
0.8416666666666667,841667,front_legs_reach,-0.006789219232253086,0.0,75.99660539038388,0.9999999978763165,0.0,6.517182603726108e-05,0.0,-0.006789219232253086,0.0,75.99660539038388,39.641844618022965,32.24458709719952,0,feet,0.0,0.08790329909897432,-0.08443112067618452,-39.70109968544468,63.70001399999999,9.599860682449716,-39.64863383725521,60.014427080345826,0.0,1,-4.263256414560601e-14,0.0,0.08790329909897521,-0.084431130345195,-39.70109968544471,-63.70001399999998,9.599860682449744,-39.648633837255225,-60.014427080345826,0.0,1,-1.4210854715202004e-14,0.0,0.08794470217657624,-0.08481530303130702,72.98332190748114,63.70001399999999,9.599878106173676,72.89335405587404,63.70001591568979,0.0,1,4.085620730620576e-14,0.0,0.08794470217657624,-0.08481530303130702,72.98332190748114,-63.70001399999998,9.599878106173676,72.89335405587404,-63.70001591568979,0.0,1,4.085620730620576e-14
0.85,850000,front_legs_reach,-0.011581250000000003,0.0,75.994209375,0.9999999938203911,0.0,0.00011117201896912647,0.0,-0.011581250000000003,0.0,75.994209375,39.63705258725522,32.2329654253849,0,feet,0.0,0.08766652629090466,-0.08456450281010452,-39.70116031654702,63.70001399999999,9.599860350892826,-39.64863383725521,60.014427080345826,0.0,1,-5.329070518200751e-15,0.0,0.0876665262909051,-0.08456451249376329,-39.70116031654703,-63.70001399999998,9.599860350892826,-39.648633837255225,-60.014427080345826,0.0,1,-5.329070518200751e-15,0.0,0.08773714989062187,-0.08521980594322542,72.98948833213397,63.70001399999999,9.599896458324508,72.90150050817921,63.70001591568979,0.0,1,5.5067062021407764e-14,0.0,0.08773714989062187,-0.08521980594322542,72.98948833213397,-63.70001399999998,9.599896458324508,72.90150050817921,-63.70001591568979,0.0,1,5.5067062021407764e-14
0.8583333333333333,858333,front_legs_reach,-0.01815322868441358,0.0,75.9909233856578,0.9999999848169902,0.0,0.0001742584848438498,0.0,-0.01815322868441358,0.0,75.9909233856578,39.63048060857081,32.2170276118082,0,feet,0.0,0.08734182016654435,-0.08474737121096387,-39.701243191369606,63.70001399999999,9.599859897078218,-39.64863383725521,60.014427080345826,0.0,1,-1.7763568394002505e-15,0.0,0.08734182016654479,-0.08474738091470035,-39.70124319136963,-63.70001399999998,9.599859897078218,-39.648633837255225,-60.014427080345826,0.0,1,-1.7763568394002505e-15,0.0,0.08745237595117095,-0.08577437689592227,72.99794531077333,63.70001399999999,9.599920962116855,72.91267287194272,63.70001591568979,0.0,1,3.552713678800501e-15,0.0,0.08745237595117095,-0.08577437689592227,72.99794531077333,-63.70001399999998,9.599920962116855,72.91267287194272,-63.70001591568979,0.0,1,3.552713678800501e-15
0.8666666666666667,866667,front_legs_reach,-0.02674567901234568,0.0,75.98662716049382,0.9999999670422639,0.0,0.0002567400848753134,0.0,-0.02674567901234568,0.0,75.98662716049382,39.621888158242875,32.19619097041443,0,feet,0.0,0.08691731059043795,-0.08498636064503895,-39.701351061755545,63.70001399999999,9.599859305318617,-39.64863383725521,60.014427080345826,0.0,1,2.4868995751603507e-14,0.0,0.08691731059043839,-0.08498637037501267,-39.70135106175556,-63.70001399999998,9.599859305318617,-39.648633837255225,-60.014427080345826,0.0,1,2.4868995751603507e-14,0.0,0.08707982750636001,-0.0864991295571369,73.00900245963258,63.70001399999999,9.599951839120621,72.9272800375002,63.70001591568979,0.0,1,-5.329070518200751e-15,0.0,0.08707982750636001,-0.0864991295571369,73.00900245963258,-63.70001399999998,9.599951839120621,72.9272800375002,-63.70001591568979,0.0,1,-5.329070518200751e-15
0.875,875000,front_legs_reach,-0.0375837890625,0.0,75.98120810546875,0.9999999349194465,0.0,0.00036077846765705747,0.0,-0.0375837890625,0.0,75.98120810546875,39.611050048192716,32.16991031701584,0,feet,0.0,0.08638189201171276,-0.08528764982423276,-39.70148634354086,63.70001399999999,9.599858561471066,-39.64863383725521,60.014427080345826,0.0,1,-5.1514348342607263e-14,0.0,0.0863818920117132,-0.08528765958727469,-39.70148634354082,-63.70001399999998,9.599858561471123,-39.648633837255225,-60.014427080345826,0.0,1,5.329070518200751e-15,0.0,0.0866095499447197,-0.08741279111825628,73.02294971469722,63.70001399999999,9.599988911174151,72.94570482458546,63.70001591568979,0.0,1,1.9539925233402755e-14,0.0,0.0866095499447197,-0.08741279111825628,73.02294971469722,-63.70001399999998,9.599988911174151,72.94570482458546,-63.70001591568979,0.0,1,1.9539925233402755e-14
0.8833333333333333,883333,front_legs_reach,-0.050877700617283944,0.0,75.97456114969135,0.9999998807371837,0.0,0.0004883908459729323,0.0,-0.050877700617283944,0.0,75.97456114969135,39.59775613663793,32.13767733490224,0,feet,0.0,0.0857252106398203,-0.08565696322248462,-39.701651089701386,63.70001399999999,9.599857653039152,-39.64863383725521,60.014427080345826,0.0,1,1.5987211554602254e-14,0.0,0.08572521063982075,-0.08565697302604569,-39.70165108970141,-63.70001399999998,9.599857653039123,-39.648633837255225,-60.014427080345826,0.0,1,-1.2434497875801753e-14,0.0,0.08603216012957215,-0.08853270721880824,73.04005771659607,63.70001399999999,9.60003152806928,72.96830447422859,63.70001591568979,0.0,1,-1.0658141036401503e-14,0.0,0.08603216012957215,-0.08853270721880824,73.04005771659607,-63.70001399999998,9.60003152806928,72.96830447422859,-63.70001591568979,0.0,1,-1.0658141036401503e-14
0.8916666666666667,891667,front_legs_reach,-0.06682279851466048,0.0,75.96658860074267,0.9999997942691486,0.0,0.0006414527732238023,0.0,-0.06682279851466048,0.0,75.96658860074267,39.72696296332577,32.09901994053367,0,feet,0.0,0.08493770078778251,-0.08609961858199444,-39.7018472868463,63.70001399999999,9.599859435665223,-39.79378576184042,63.70001591568979,0.0,1,1.0658141036401503e-14,0.0,0.08493770078778295,-0.08609962843410424,-39.7018472868463,-63.70001399999998,9.599859435665252,-39.79378576184044,-63.70001591568979,0.0,1,4.085620730620576e-14,0.0,0.08533881969385426,-0.08987484718576733,73.06057819609829,63.70001399999999,9.600078495647821,72.99541114065413,63.70001591568979,0.0,1,1.7763568394002505e-14,0.0,0.08533881969385426,-0.08987484718576733,73.06057819609829,-63.70001399999998,9.600078495647821,72.99541114065413,-63.70001591568979,0.0,1,1.7763568394002505e-14
0.9,900000,front_legs_reach,-0.08560000000000004,0.0,75.9572,0.9999996624037426,0.0,0.0008217009193711998,0.0,-0.08560000000000004,0.0,75.9572,39.708185761840426,32.05350164785605,0,feet,0.0,0.08401043455774815,-0.08662040154652795,-39.702075926908485,63.70001399999999,9.599861622642877,-39.79378576184042,63.70001591568979,0.0,1,7.105427357601002e-15,0.0,0.08401043455774859,-0.08662041145572763,-39.70207592690853,-63.70001399999998,9.599861622642848,-39.79378576184044,-63.70001591568979,0.0,1,-2.3092638912203256e-14,0.0,0.08452120872754243,-0.09145381010881293,73.08474436012591,63.70001399999999,9.600128006053794,73.0273323831792,63.70001591568979,0.0,1,3.375077994860476e-14,0.0,0.08452120872754243,-0.09145381010881293,73.08474436012591,-63.70001399999998,9.600128006053794,73.0273323831792,-63.70001591568979,0.0,1,3.375077994860476e-14
0.9083333333333333,908333,front_legs_reach,-0.10737604407793212,0.0,75.94631197796103,0.9999994687916665,0.0,0.0010307358462976982,0.0,-0.10737604407793212,0.0,75.94631197796103,39.686409717762494,32.00072092995748,0,feet,0.0,0.08293523473565312,-0.08722368487401067,-39.702337809312546,63.70001399999999,9.59986412089738,-39.79378576184042,63.70001591568979,0.0,1,-1.4210854715202004e-14,0.0,0.08293523473565312,-0.0872236948493117,-39.70233780931253,-63.70001399999998,9.599864120897408,-39.79378576184044,-63.70001591568979,0.0,1,1.4210854715202004e-14,0.0,0.08357150015244796,-0.09328283221783451,73.11277127822649,63.70001399999999,9.600177571696449,73.06435165811169,63.70001591568979,0.0,1,4.796163466380676e-14,0.0,0.08357150015244796,-0.09328283221783451,73.11277127822649,-63.70001399999998,9.600177571696449,73.06435165811169,-63.70001591568979,0.0,1,4.796163466380676e-14
0.9166666666666666,916667,front_legs_reach,-0.13230378086419753,0.0,75.9338481095679,0.9999991935182008,0.0,0.001270024782487123,0.0,-0.13230378086419753,0.0,75.9338481095679,39.66148198097623,31.940310576946736,0,feet,0.0,0.0817046256979026,-0.08791339799366638,-39.7026332826202,63.70001399999999,9.5998669310177,-39.79378576184042,63.70001591568979,0.0,1,2.842170943040401e-14,0.0,0.0817046256979026,-0.0879134080444901,-39.702633282620205,-63.70001399999998,9.599866931017672,-39.79378576184044,-63.70001591568979,0.0,1,-1.7763568394002505e-15,0.0,0.08248233504357971,-0.09537379597304341,73.14485626947744,63.70001399999999,9.600223964293662,73.10672881064833,63.70001591568979,0.0,1,2.1316282072803006e-14,0.0,0.08248233504357971,-0.09537379597304341,73.14485626947744,-63.70001399999998,9.600223964293662,73.10672881064833,-63.70001591568979,0.0,1,2.1316282072803006e-14
0.925,925000,front_legs_reach,-0.1605224609375,0.0,75.91973876953125,0.999998812806115,0.0,0.001540904396935465,0.0,-0.1605224609375,0.0,75.91973876953125,39.633263300902925,31.871937049088658,0,feet,0.0,0.08031181852038793,-0.0886930290096859,-39.70296221411871,63.70001399999999,9.599870048646181,-39.79378576184042,63.70001591568979,0.0,1,5.329070518200751e-15,0.0,0.08031181852038793,-0.08869303914582094,-39.7029622141187,-63.70001399999998,9.59987004864621,-39.79378576184044,-63.70001591568979,0.0,1,3.375077994860476e-14,0.0,0.08124679912239863,-0.09773724122116656,73.18117928980953,63.70001399999999,9.600263160192071,73.15470056677295,63.70001591568979,0.0,1,1.7763568394002505e-15,0.0,0.08124679912239863,-0.09773724122116656,73.18117928980953,-63.70001399999998,9.600263160192071,73.15470056677295,-63.70001591568979,0.0,1,1.7763568394002505e-15
0.9333333333333333,933333,front_legs_reach,-0.19215802469135804,0.0,75.90392098765432,0.9999982987542755,0.0,0.0018445835722153332,0.0,-0.19215802469135804,0.0,75.90392098765432,39.601627737149066,31.795299824371604,0,feet,0.0,0.07875069762679976,-0.08956562896612796,-39.703323973637914,63.70001399999999,9.599873464405164,-39.79378576184042,63.70001591568979,0.0,1,2.842170943040401e-14,0.0,0.07875069762679976,-0.08956563919767069,-39.70332397363794,-63.70001399999998,9.599873464405135,-39.79378576184044,-63.70001591568979,0.0,1,0.0,0.0,0.07985840061507554,-0.1003823787134257,73.2219033197497,63.70001399999999,9.60029029299234,73.2084810251545,63.70001591568979,0.0,1,2.6645352591003757e-14,0.0,0.07985840061507554,-0.1003823787134257,73.2219033197497,-63.70001399999998,9.60029029299234,73.2084810251545,-63.70001591568979,0.0,1,2.6645352591003757e-14
0.9416666666666667,941667,front_legs_reach,-0.22732339168595678,0.0,75.88633830415702,0.9999976191161976,0.0,0.0021821461766325457,0.0,-0.22732339168595678,0.0,75.88633830415702,39.56646237015447,31.710130739811873,0,feet,0.0,0.07701580726863755,-0.09053381688281181,-39.70371742083219,63.70001399999999,9.599877163884074,-39.79378576184042,63.70001591568979,0.0,1,1.2434497875801753e-14,0.0,0.07701580726863844,-0.09053382722012415,-39.703717420832234,-63.70001399999998,9.599877163884074,-39.79378576184044,-63.70001591568979,0.0,1,1.2434497875801753e-14,0.0,0.07831104963832702,-0.10331710622301316,73.2671747525859,63.70001399999999,9.600299614349765,73.26826214904531,63.70001591568979,0.0,1,3.552713678800501e-14,0.0,0.07831104963832702,-0.10331710622301316,73.2671747525859,-63.70001399999998,9.600299614349765,73.26826214904531,-63.70001591568979,0.0,1,3.552713678800501e-14
0.95,950000,front_legs_reach,-0.26611875,0.0,75.866940625,0.9999967371220277,0.0,0.0025545538354326404,0.0,-0.26611875,0.0,75.866940625,39.52766701184043,31.616193325919284,0,feet,0.0,0.07510233782259101,-0.09159978562322646,-39.70414089621779,63.70001399999999,9.599881127690168,-39.79378576184042,63.70001591568979,0.0,1,-1.4210854715202004e-14,0.0,0.07510233782259101,-0.09159979607687863,-39.70414089621779,-63.70001399999998,9.599881127690168,-39.79378576184044,-63.70001591568979,0.0,1,-1.4210854715202004e-14,0.0,0.07659925239042087,-0.10654822581261092,73.31712235996682,63.70001399999999,9.600297029210736,73.31333485170705,63.70001591546515,0.0,1,-1.4210854715202004e-14,0.0,0.07659925239042087,-0.10654822581261092,73.31712235996682,-63.70001399999998,9.600297029210736,73.31333485170705,-63.700015915465144,0.0,1,-1.4210854715202004e-14
0.9583333333333334,958333,front_legs_reach,-0.3086318455825617,0.0,75.84568407720872,0.999995611346707,0.0,0.002962648701037062,0.0,-0.3086318455825617,0.0,75.84568407720872,39.485153916257865,31.513282133856976,0,feet,0.0,0.07300611189404504,-0.0927653086402822,-39.704592216191706,63.70001399999999,9.599885331561467,-39.79378576184042,63.70001591568979,0.0,1,-1.4210854715202004e-14,0.0,0.07300611189404593,-0.09276531922100562,-39.704592216191735,-63.70001399999998,9.599885331561495,-39.79378576184044,-63.70001591568979,0.0,1,1.4210854715202004e-14,0.0,0.07471788748952646,-0.11008127228339504,73.37185899766916,63.70001399999999,9.600287932326992,73.38560711419741,63.70001591546515,0.0,1,-1.2434497875801753e-14,0.0,0.07471788748952646,-0.11008127228339504,73.37185899766916,-63.70001399999998,9.600287932326992,73.38560711419741,-63.700015915465144,0.0,1,-1.2434497875801753e-14
0.9666666666666667,966667,front_legs_reach,-0.35493827160493824,0.0,75.82253086419753,0.999994195626393,0.0,0.0034071562223130496,0.0,-0.35493827160493824,0.0,75.82253086419753,39.43884749023549,31.40122205492822,0,feet,0.0,0.07072357021841791,-0.09403174763105904,-39.70506867219693,63.70001399999999,9.599889746539787,-39.79378576184042,63.70001591568979,0.0,1,-5.329070518200751e-15,0.0,0.07072357021841791,-0.09403175834969968,-39.70506867219693,-63.70001399999998,9.599889746539787,-39.79378576184044,-63.70001591568979,0.0,1,-5.329070518200751e-15,0.0,0.0726615870826568,-0.11391997825865596,73.43148611385098,63.70001399999999,9.600241601245315,73.46432803843545,63.70001591546515,0.0,1,3.552713678800501e-15,0.0,0.0726615870826568,-0.11391997825865596,73.43148611385098,-63.70001399999998,9.600241601245315,73.46432803843545,-63.700015915465144,0.0,1,3.552713678800501e-15
0.975,975000,front_legs_reach,-0.4051017578124999,0.0,75.79744912109375,0.9999924390245738,0.0,0.0038886879129070738,0.0,-0.4051017578124999,0.0,75.79744912109375,39.38868400402792,31.279867632114033,0,feet,0.0,0.0682517573548318,-0.0954000611175796,-39.70556703413848,63.70001399999999,9.599894339199636,-39.79378576184042,63.70001591568979,0.0,1,-3.552713678800501e-15,0.0,0.06825175735483224,-0.09540007198504785,-39.70556703413846,-63.70001399999998,9.599894339199693,-39.79378576184044,-63.70001591568979,0.0,1,5.1514348342607263e-14,0.0,0.07042569788111708,-0.11806720801676862,73.49608761579151,63.70001399999999,9.600148602005632,73.5496059649883,63.70001591546515,0.0,1,-8.881784197001252e-15,0.0,0.07042569788111708,-0.11806720801676862,73.49608761579151,-63.70001399999998,9.600148602005632,73.5496059649883,-63.700015915465144,0.0,1,-8.881784197001252e-15
0.9833333333333333,983333,front_legs_reach,-0.45917445987654304,0.0,75.77041277006172,0.9999902858487096,0.0,0.004407744118698552,0.0,-0.45917445987654304,0.0,75.77041277006172,39.33461130196388,31.149102363468685,0,feet,0.0,0.06558830716931219,-0.09687081395710928,-39.70608355810087,63.70001399999999,9.599899071926416,-39.79378576184042,63.70001591568979,0.0,1,-1.0658141036401503e-14,0.0,0.06558830716931219,-0.09687082498433419,-39.706083558100836,-63.70001399999998,9.599899071926444,-39.79378576184044,-63.70001591568979,0.0,1,1.7763568394002505e-14,0.0,0.06800589185953809,-0.1225246365401329,73.5657327693217,63.70001399999999,9.599998554220875,73.64152955849717,63.70001591546515,0.0,1,3.197442310920451e-14,0.0,0.06800589185953809,-0.1225246365401329,73.5657327693217,-63.70001399999998,9.599998554220875,73.64152955849717,-63.700015915465144,0.0,1,3.197442310920451e-14
0.9916666666666667,991667,front_legs_reach,-0.517197248746142,0.0,75.74140137562694,0.9999876757176811,0.0,0.004964716784457654,0.0,-0.517197248746142,0.0,75.74140137562694,39.27658851309428,31.00883799725534,0,feet,0.0,0.06273142810722687,-0.0984441877727491,-39.706613998363416,63.70001399999999,9.599903903236083,-39.79378576184042,63.70001591568979,0.0,1,2.1316282072803006e-14,0.0,0.06273142810722687,-0.09844419897063483,-39.70661399836343,-63.70001399999998,9.599903903236054,-39.79378576184044,-63.70001591568979,0.0,1,-7.105427357601002e-15,0.0,0.06540171629928437,-0.1272961100989387,73.64045241894593,63.70001399999999,9.599992297891177,73.62639752892666,66.08449162208595,0.0,1,1.5987211554602254e-14,0.0,0.06540171629928437,-0.1272961100989387,73.64045241894593,-63.70001399999998,9.599992297891177,73.62639752892666,-66.08449162208595,0.0,1,1.5987211554602254e-14
1.0,1000000,front_legs_reach,-0.5792000000000002,0.0,75.71039999999999,0.999984543679803,0.0,0.005559892219817899,0.0,-0.5792000000000002,0.0,75.71039999999999,39.214585761840425,30.85901381877401,0,feet,0.0,0.05967988825707993,-0.10011999228311375,-39.7071536236617,63.70001399999999,9.599908788126527,-39.79378576184042,63.70001591568979,0.0,1,-1.5987211554602254e-14,0.0,0.05967988825708037,-0.1001200036624974,-39.7071536236617,-63.70001399999998,9.599908788126555,-39.79378576184044,-63.70001591568979,0.0,1,1.2434497875801753e-14,0.0,0.06260741567453598,-0.13237909152431593,73.72030064287374,63.70001399999999,9.599995696538045,73.73180220605822,66.08449162208595,0.0,1,8.171241461241152e-14,0.0,0.06260741567453598,-0.13237909152431593,73.72030064287374,-63.70001399999998,9.599995696538045,73.73180220605822,-66.08449162208595,0.0,1,8.171241461241152e-14
1.0083333333333333,1008333,front_legs_reach,-0.6452018831983025,0.0,75.67739905840085,0.999980820380684,0.0,0.00619345386470014,0.0,-0.6452018831983025,0.0,75.67739905840085,39.14858387864212,30.699595928896763,0,feet,0.0,0.056433000210006856,-0.10189767749884604,-39.70769723759615,63.70001399999999,9.599913678450875,-39.79378576184042,63.70001591568979,0.0,1,7.105427357601002e-15,0.0,0.0564330002100073,-0.10189768907045238,-39.70769723759618,-63.70001399999998,9.599913678450847,-39.79378576184044,-63.70001591568979,0.0,1,-2.1316282072803006e-14,0.0,0.05961838693500576,-0.1377707816596998,73.80531320896701,63.70001399999999,9.599924612895492,73.84400540749533,66.08449162208595,0.0,1,2.842170943040401e-14,0.0,0.05961838693500576,-0.1377707816596998,73.80531320896701,-63.70001399999998,9.599924612895492,73.84400540749533,-66.08449162208595,0.0,1,2.842170943040401e-14
1.0166666666666666,1016667,front_legs_reach,-0.715211651234568,0.0,75.64239417438272,0.9999764322797655,0.0,0.006865485054348921,0.0,-0.715211651234568,0.0,75.64239417438272,39.07857411060586,30.530576514383135,0,feet,0.0,0.052990605721431994,-0.10377634674357994,-39.70823920304907,63.70001399999999,9.599918523299735,-39.79378576184042,63.70001591568979,0.0,1,-1.2434497875801753e-14,0.0,0.05299060572143288,-0.10377635851798628,-39.7082392030491,-63.70001399999998,9.599918523299763,-39.79378576184044,-63.70001591568979,0.0,1,1.5987211554602254e-14,0.0,0.056431523927942706,-0.14346845562665456,73.89550455056386,63.70001399999999,9.599765156072749,73.96302201315699,66.08449162208595,0.0,1,2.1316282072803006e-14,0.0,0.056431523927942706,-0.14346845562665456,73.89550455056386,-63.70001399999998,9.599765156072749,73.96302201315699,-66.08449162208595,0.0,1,2.1316282072803006e-14
1.025,1025000,front_legs_reach,-0.7892279296875002,0.0,75.60538603515624,0.9999713019139727,0.0,0.007575971784164581,0.0,-0.7892279296875002,0.0,75.60538603515624,39.004557832152926,30.351973110102314,0,feet,0.0,0.04935306018327257,-0.10575477044793713,-39.708773470428824,63.70001399999999,9.599923269382074,-39.79378576184042,63.70001591568979,0.0,1,-1.2434497875801753e-14,0.0,0.04935306018327257,-0.10575478243552983,-39.70877347042886,-63.70001399999998,9.599923269382046,-39.79378576184044,-63.70001591568979,0.0,1,-3.907985046680551e-14,0.0,0.05305051666548266,-0.14947449961752524,73.9908314320936,63.70001399999999,9.599894746247074,73.94520014449023,66.67061985496431,0.0,1,1.2434497875801753e-14,0.0,0.05305051666548222,-0.1494744996175248,73.99083143209357,-63.70001399999998,9.599894746247045,73.94520014449023,-66.67061985496431,0.0,1,-1.5987211554602254e-14
1.0333333333333334,1033333,front_legs_reach,-0.8672395061728395,0.0,75.56638024691358,0.9999653482065322,0.0,0.008324805474534349,0.0,-0.8672395061728395,0.0,75.56638024691358,38.92654625566759,30.163827853337622,0,feet,0.0,0.0455212169168826,-0.10783140065706132,-39.709293609528565,63.70001399999999,9.59992786139108,-39.79378576184042,63.70001591568979,0.0,1,1.7763568394002505e-14,0.0,0.045521216916883045,-0.10783141286800735,-39.70929360952859,-63.70001399999998,9.599927861391052,-39.79378576184044,-63.70001591568979,0.0,1,-1.0658141036401503e-14,0.0,0.049467795158991024,-0.1557794499865226,74.0913160652341,63.70001399999999,9.599993708587391,74.0778198245153,66.67061985496431,0.0,1,4.263256414560601e-14,0.0,0.049467795158991024,-0.1557794499865226,74.0913160652341,-63.70001399999998,9.599993708587391,74.0778198245153,-66.67061985496431,0.0,1,4.263256414560601e-14
1.0416666666666667,1041667,front_legs_reach,-0.9492256196952159,0.0,75.52538719015239,0.9999584868186796,0.0,0.009111785735882573,0.0,-0.9492256196952159,0.0,75.52538719015239,38.84456014214521,29.966206730394383,0,feet,0.0,0.04149641129856274,-0.1100043861853428,-39.709792844752855,63.70001399999999,9.599932242343911,-39.79378576184042,63.70001591568979,0.0,1,2.3092638912203256e-14,0.0,0.04149641129856363,-0.11000439862954892,-39.70979284475291,-63.70001399999998,9.599932242343883,-39.79378576184044,-63.70001591568979,0.0,1,-5.329070518200751e-15,0.0,0.045680391598217795,-0.16237704071460346,74.1969412105876,63.70001399999999,9.600001949364867,74.20107107544506,65.48333347776813,0.0,1,1.9539925233402755e-14,0.0,0.045680391598217795,-0.16237704071460346,74.1969412105876,-63.70001399999998,9.600001949364867,74.20107107544506,-65.48333347776813,0.0,1,1.9539925233402755e-14
1.05,1050000,front_legs_reach,-1.03515625,0.0,75.482421875,0.999950630541673,0.0,0.009936623134173811,0.0,-1.03515625,0.0,75.482421875,38.758629511840425,29.7591988157752,0,feet,0.0,0.037280444730920514,-0.11227158834612583,-39.710264093438774,63.70001399999999,9.599936353883905,-39.79378576184042,63.70001591568979,0.0,1,-1.4210854715202004e-14,0.0,0.03728044473092096,-0.11227160103321188,-39.7102640934388,-63.70001399999998,9.599936353883919,-39.79378576184044,-63.70001591568979,0.0,1,0.0,0.0,0.041691079509210915,-0.16926526447376533,74.30763934715229,63.70001399999999,9.600189290967194,74.26192897558731,63.700015910542625,0.0,1,-3.197442310920451e-14,0.0,0.041691079509210915,-0.16926526447376533,74.30763934715229,-63.70001399999998,9.600189290967194,74.26192897558731,-63.70001591054262,0.0,1,-3.197442310920451e-14
1.0583333333333333,1058333,front_legs_reach,-1.1249924069251545,0.0,75.43750379653743,0.9999416897262594,0.0,0.010798941957112578,0.0,-1.1249924069251545,0.0,75.43750379653743,38.66879335491527,29.542915504225817,0,feet,0.0,0.03287556847471196,-0.11463059717958712,-39.710700006974236,63.70001399999999,9.599940136534812,-39.79378576184042,63.70001591568979,0.0,1,-4.973799150320701e-14,0.0,0.032875568474712846,-0.11463061011885589,-39.71070000697424,-63.70001399999998,9.599940136534869,-39.79378576184044,-63.70001591568979,0.0,1,7.105427357601002e-15,0.0,0.03749421832477173,-0.1764330464149988,74.4233915162151,63.70001399999999,9.600294133728326,74.41465044236007,63.700015910542625,0.0,1,1.2434497875801753e-14,0.0,0.03749421832477173,-0.1764330464149988,74.4233915162151,-63.70001399999998,9.600294133728326,74.41465044236007,-63.70001591054262,0.0,1,1.2434497875801753e-14
1.0666666666666667,1066667,front_legs_reach,-1.2186864197530864,0.0,75.39065679012346,0.9999315727465004,0.0,0.011698282981289622,0.0,-1.2186864197530864,0.0,75.39065679012346,38.57509934208734,29.317489735992623,0,feet,0.0,0.028284467356921805,-0.11707874809836838,-39.71109301439543,63.70001399999999,9.599943529898212,-39.79378576184042,63.70001591568979,0.0,1,-7.105427357601002e-15,0.0,0.028284467356922693,-0.1170787612987767,-39.71109301439546,-63.70001399999998,9.59994352989824,-39.79378576184044,-63.70001591568979,0.0,1,2.1316282072803006e-14,0.0,0.03308771301403679,-0.18387165374228687,74.54414711239859,63.70001399999999,9.600251914629212,74.57393026416756,63.700015910542625,0.0,1,3.907985046680551e-14,0.0,0.03308771301403679,-0.18387165374228687,74.54414711239859,-63.70001399999998,9.600251914629212,74.57393026416756,-63.70001591054262,0.0,1,3.907985046680551e-14
1.075,1075000,front_legs_reach,-1.3161822265625003,0.0,75.34190888671876,0.9999201864946538,0.0,0.012634106240526823,0.0,-1.3161822265625003,0.0,75.34190888671876,38.47760353527792,29.08307521566811,0,feet,0.0,0.023510243371843043,-0.1196131388681212,-39.71143536812941,63.70001399999999,9.599946472786712,-39.79378576184042,63.70001591568979,0.0,1,-1.4210854715202004e-14,0.0,0.023510243371843043,-0.11961315233825953,-39.71143536812941,-63.70001399999998,9.599946472786712,-39.79378576184044,-63.70001591568979,0.0,1,-1.4210854715202004e-14,0.0,0.02847270070133945,-0.19157440249589408,74.6698240294495,63.70001399999999,9.600176682590913,74.621904447244,63.700015908487444,0.0,1,1.7763568394002505e-15,0.0,0.02847270070133945,-0.19157440249589408,74.6698240294495,-63.70001399999998,9.600176682590913,74.621904447244,-63.700015908487444,0.0,1,1.7763568394002505e-15
1.0833333333333333,1083333,front_legs_reach,-1.4174156635802468,0.0,75.29129216820988,0.9999074369036315,0.0,0.013605793795670734,0.0,-1.4174156635802468,0.0,75.29129216820988,38.37637009826018,28.839845625033853,0,feet,0.0,0.01855639919273555,-0.12223064683873908,-39.711719191533476,63.70001399999999,9.599948903288634,-39.79378576184042,63.70001591568979,0.0,1,-1.7763568394002505e-15,0.0,0.01855639919273644,-0.12223066058680532,-39.71171919153352,-63.70001399999998,9.599948903288634,-39.79378576184044,-63.70001591568979,0.0,1,-3.552713678800501e-15,0.0,0.023652436996300263,-0.1995356358909981,74.80031542695833,63.70001399999999,9.60029420148146,74.79400129017418,63.700015908487444,0.0,1,4.796163466380676e-14,0.0,0.023652436996300263,-0.1995356358909981,74.80031542695833,-63.70001399999998,9.60029420148146,74.79400129017418,-63.700015908487444,0.0,1,4.796163466380676e-14
1.0916666666666666,1091667,front_legs_reach,-1.5223147545331794,0.0,75.23884262273342,0.9998932294933978,0.0,0.014612652506078863,0.0,-1.5223147545331794,0.0,75.23884262273342,38.27147100730725,28.587993830342853,0,feet,0.0,0.013426821612305684,-0.12492794634164017,-39.71193652787565,63.70001399999999,9.599950758759874,-39.79378576184042,63.70001591568979,0.0,1,1.2434497875801753e-14,0.0,0.013426821612305684,-0.1249279603754232,-39.711936527875665,-63.70001399999998,9.599950758759846,-39.79378576184044,-63.70001591568979,0.0,1,-1.5987211554602254e-14,0.0,0.01862072546290916,-0.2077398114659803,74.93557601904956,63.70001399999999,9.600225923745995,74.97232974479417,63.700015908487444,0.0,1,-1.0658141036401503e-14,0.0,0.01862072546290916,-0.2077398114659803,74.93557601904956,-63.70001399999998,9.600225923745995,74.97232974479417,-63.700015908487444,0.0,1,-1.0658141036401503e-14
1.1,1100000,front_legs_reach,-1.6308000000000002,0.0,75.1846,0.9998774699375538,0.0,0.015653916803032242,0.0,-1.6308000000000002,0.0,75.1846,38.162985761840424,28.327731084513182,0,feet,0.0,0.008125764930734913,-0.12770152616909325,-39.71207939039239,63.70001399999999,9.59995197574338,-39.79378576184042,63.70001591568979,0.0,1,-1.2434497875801753e-14,0.0,0.008125764930734913,-0.1277015404959556,-39.71207939039238,-63.70001399999998,9.599951975743409,-39.79378576184044,-63.70001591568979,0.0,1,1.7763568394002505e-14,0.0,0.013378331977259794,-0.21617713679435147,75.07550425790745,63.70001399999999,9.600002001599307,75.07459099880916,65.98633563954758,0.0,1,-1.5987211554602254e-14,0.0,0.013378331977259794,-0.21617713679435147,75.07550425790745,-63.70001399999998,9.600002001599307,75.07459099880916,-65.98633563954758,0.0,1,-1.5987211554602254e-14
1.1083333333333334,1108333,front_legs_reach,-1.7427846667631175,0.0,75.12860766661844,0.9998600646462545,0.0,0.016728751465293994,0.0,-1.7427846667631175,0.0,75.12860766661844,38.05100109507731,28.05928622473384,0,feet,0.0,0.0026578343103138558,-0.13054770705302365,-39.71213981305806,63.70001399999999,9.599952489817994,-39.79378576184042,63.70001591568979,0.0,1,3.197442310920451e-14,0.0,0.0026578343103138558,-0.13054772167988205,-39.71213981305807,-63.70001399999998,9.599952489817966,-39.79378576184044,-63.70001591568979,0.0,1,3.552713678800501e-15,0.0,0.007931810382121096,-0.22484252048656783,75.21994835387594,63.70001399999999,9.599994990881441,75.21040894477784,67.46700275270982,0.0,1,3.197442310920451e-14,0.0,0.007931810382121096,-0.22484252048656783,75.21994835387594,-63.70001399999998,9.599994990881441,75.21040894477784,-67.46700275270982,0.0,1,3.197442310920451e-14
1.1166666666666667,1116667,front_legs_reach,-1.8581750771604935,0.0,75.07091246141975,0.9998409213615359,0.0,0.017836254397015035,0.0,-1.8581750771604935,0.0,75.07091246141975,37.93561068467993,27.782904866011428,0,feet,0.0,-0.0029720308840945897,-0.1334626590630381,-39.712109901701616,63.70001399999999,9.599952235380385,-39.79378576184042,63.70001591568979,0.0,1,-1.9539925233402755e-14,0.0,-0.0029720308840941456,-0.13346267399635803,-39.71210990170163,-63.70001399999998,9.599952235380414,-39.79378576184044,-63.70001591568979,0.0,1,8.881784197001252e-15,0.0,0.002278538488639903,-0.23372126981931407,75.36881709154548,63.70001399999999,9.599980902057652,75.35155582508895,65.4658392688918,0.0,1,-2.3092638912203256e-14,0.0,0.002278538488639903,-0.23372126981931407,75.36881709154548,-63.70001399999998,9.599980902057652,75.35155582508895,-65.4658392688918,0.0,1,-2.3092638912203256e-14
1.125,1125000,front_legs_reach,-1.9768708984375005,0.0,75.01156455078124,0.9998199497610802,0.0,0.018975459408166615,0.0,-1.9768708984375005,0.0,75.01156455078124,37.81691486340292,27.498848591212152,0,feet,0.0,-0.008758573739543696,-0.13644241884646346,-39.711981885107825,63.70001399999999,9.599951145368692,-39.79378576184042,63.70001591568979,0.0,1,-2.842170943040401e-14,0.0,-0.008758573739543252,-0.13644243409224188,-39.711981885107825,-63.70001399999998,9.59995114536872,-39.79378576184044,-63.70001591568979,0.0,1,0.0,0.0,-0.003579557494040042,-0.24280231213169623,75.52198084118348,63.70001399999999,9.59999867576731,75.52217676467767,65.47026813174442,0.0,1,-1.9539925233402755e-14,0.0,-0.003579557494040042,-0.24280231213169623,75.52198084118348,-63.70001399999998,9.59999867576731,75.52217676467767,-65.47026813174442,0.0,1,-1.9539925233402755e-14
1.1333333333333333,1133333,front_legs_reach,-2.0987654320987654,0.0,74.95061728395062,0.9997970620664324,0.0,0.0201453389976538,0.0,-2.0987654320987654,0.0,74.95061728395062,37.69502032974166,27.207394138178564,0,feet,0.0,-0.014696236425388864,-0.1394829066368306,-39.71174816574852,63.70001399999999,9.599949150935231,-39.79378576184042,63.70001591568979,0.0,1,-3.552713678800501e-15,0.0,-0.014696236425387976,-0.13948292220059066,-39.711748165748574,-63.70001399999998,9.599949150935217,-39.79378576184044,-63.70001591568979,0.0,1,-1.7763568394002505e-14,0.0,-0.00963937830807593,-0.25207500178098297,75.67929585326942,63.70001399999999,9.600139856049495,75.62346620114019,63.70001590160536,0.0,1,2.842170943040401e-14,0.0,-0.00963937830807593,-0.25207500178098297,75.67929585326942,-63.70001399999998,9.600139856049495,75.62346620114019,-63.700015901605354,0.0,1,2.842170943040401e-14
1.1416666666666666,1141667,front_legs_reach,-2.223745903260031,0.0,74.88812704836998,0.9997721736516719,0.0,0.021344807139236185,0.0,-2.223745903260031,0.0,74.88812704836998,37.570039858580394,26.908832584523246,0,feet,0.0,-0.020779176780813202,-0.14257994296155063,-39.711401369797194,63.70001399999999,9.599946181081563,-39.79378576184042,63.70001591568979,0.0,1,8.881784197001252e-15,0.0,-0.020779176780812758,-0.1425799588483394,-39.711401369797194,-63.70001399999998,9.599946181081592,-39.79378576184044,-63.70001591568979,0.0,1,3.552713678800501e-14,0.0,-0.015900466877724728,-0.26152539020569776,75.84063218565231,63.70001399999999,9.600301043375708,75.83593300211434,63.70001590160536,0.0,1,1.4210854715202004e-14,0.0,-0.015900466877724728,-0.26152539020569776,75.84063218565231,-63.70001399999998,9.600301043375708,75.83593300211434,-63.700015901605354,0.0,1,1.4210854715202004e-14
1.15,1150000,front_legs_reach,-2.3516937499999995,0.0,74.824153125,0.999745203648577,0.0,0.022572722070350368,0.0,-2.3516937499999995,0.0,74.824153125,37.44209201184042,26.60346853072351,0,feet,0.0,-0.027001284841222883,-0.1457292649842108,-39.710934396091695,63.70001399999999,9.599942162268903,-39.79378576184042,63.70001591568979,0.0,1,-3.552713678800501e-15,0.0,-0.02700128484122244,-0.14572928119858597,-39.71093439609172,-63.70001399999998,9.599942162268874,-39.79378576184044,-63.70001591568979,0.0,1,-3.197442310920451e-14,0.0,-0.02236365150850217,-0.27113768003593197,76.00586845860347,63.70001399999999,9.600271590063926,75.99509074312574,63.70001590020452,0.0,1,-2.6645352591003757e-14,0.0,-0.02236365150850217,-0.27113768003593197,76.00586845860347,-63.70001399999998,9.600271590063926,75.99509074312574,-63.70001590020452,0.0,1,-2.6645352591003757e-14
1.1583333333333334,1158333,front_legs_reach,-2.4824849127121915,0.0,74.75875754364391,0.9997160755443545,0.0,0.023827889083895878,0.0,-2.4824849127121915,0.0,74.75875754364391,37.31130084912823,26.29161928216002,0,feet,0.0,-0.03335619928582112,-0.14892654242205383,-39.710340463724464,63.70001399999999,9.599937018019304,-39.79378576184042,63.70001591568979,0.0,1,1.9539925233402755e-14,0.0,-0.033356199285820676,-0.14892655896808904,-39.71034046372448,-63.70001399999998,9.599937018019332,-39.79378576184044,-63.70001591568979,0.0,1,4.796163466380676e-14,0.0,-0.02902324941335177,-0.2809017699206282,76.17482866421248,63.70001399999999,9.600233529478658,76.13897893450601,63.70001589824611,0.0,1,7.105427357601002e-15,0.0,-0.02902324941335177,-0.2809017699206282,76.17482866421248,-63.70001399999998,9.600233529478658,76.13897893450601,-63.70001589824611,0.0,1,7.105427357601002e-15
1.1666666666666667,1166667,front_legs_reach,-2.6159901234567897,0.0,74.69200493827161,0.9996847177680777,0.0,0.025109063323010248,0.0,-2.6159901234567897,0.0,74.69200493827161,37.177795638383635,25.973614030760558,0,feet,0.0,-0.03983732378945426,-0.15216739298463056,-39.709613157953875,63.70001399999999,9.599930668524095,-39.79378576184042,63.70001591568979,0.0,1,-5.329070518200751e-15,0.0,-0.03983732378945426,-0.1521674098659136,-39.70961315795386,-63.70001399999998,9.599930668524124,-39.79378576184044,-63.70001591568979,0.0,1,2.1316282072803006e-14,0.0,-0.03587455080076829,-0.2908060386118958,76.3473399946754,63.70001399999999,9.60028245134231,76.36593779277183,63.70001589824611,0.0,1,-5.3290705182007514e-14,0.0,-0.03587455080076829,-0.2908060386118958,76.3473399946754,-63.70001399999998,9.60028245134231,76.36593779277183,-63.70001589824611,0.0,1,-5.3290705182007514e-14
1.175,1175000,front_legs_reach,-2.7520751953125,0.0,74.62396240234375,0.9996510642620546,0.0,0.026414952578822537,0.0,-2.7520751953125,0.0,74.62396240234375,37.041710566527925,25.649793036924947,0,feet,0.0,-0.046437843262652656,-0.15544739728525547,-39.708746474149066,63.70001399999999,9.59992303027812,-39.79378576184042,63.70001591568979,0.0,1,3.375077994860476e-14,0.0,-0.04643784326265221,-0.15544741450488653,-39.70874647414908,-63.70001399999998,9.59992303027812,-39.79378576184044,-63.70001591568979,0.0,1,3.375077994860476e-14,0.0,-0.04291609216575232,-0.3008351376290128,76.52325310386695,63.70001399999999,9.600275650070643,76.545337913669,63.700015896894804,0.0,1,2.4868995751603507e-14,0.0,-0.04291609216575232,-0.3008351376290128,76.52325310386695,-63.70001399999998,9.600275650070643,76.545337913669,-63.7000158968948,0.0,1,2.4868995751603507e-14
1.1833333333333333,1183333,front_legs_reach,-2.8906013117283957,0.0,74.5546993441358,0.999615055034454,0.0,0.027744220091135786,0.0,-2.8906013117283957,0.0,74.5546993441358,36.90318445011203,25.320506812419872,0,feet,0.0,-0.05315073996481923,-0.15876211318263822,-39.70773485949894,63.70001399999999,9.599914015756667,-39.79378576184042,63.70001591568979,0.0,1,2.1316282072803006e-14,0.0,-0.05315073996481878,-0.15876213074323653,-39.70773485949898,-63.70001399999998,9.599914015756667,-39.79378576184044,-63.70001591568979,0.0,1,2.1316282072803006e-14,0.0,-0.05014303134773801,-0.3109764824932073,76.70238868541387,63.70001399999999,9.600262265493967,76.6760081851295,63.700015894040135,0.0,1,1.0658141036401503e-14,0.0,-0.05014303134773801,-0.3109764824932073,76.70238868541387,-63.70001399999998,9.600262265493967,76.6760081851295,-63.700015894040135,0.0,1,1.0658141036401503e-14
1.1916666666666667,1191667,front_legs_reach,-3.0314253158757714,0.0,74.48428734206212,0.9995766366896299,0.0,0.02909548735195109,0.0,-3.0314253158757714,0.0,74.48428734206212,36.76236044596465,24.986115304943112,0,feet,0.0,-0.059968809476606655,-0.16210708951596464,-39.70657325223602,63.70001399999999,9.599903533155128,-39.79378576184042,63.70001591568979,0.0,1,5.861977570020827e-14,0.0,-0.059968809476606655,-0.16210710741966938,-39.70657325223604,-63.70001399999998,9.5999035331551,-39.79378576184044,-63.70001591568979,0.0,1,3.019806626980426e-14,0.0,-0.0575507470934431,-0.3212167699101074,76.88456674529387,63.70001399999999,9.600248968275253,76.91540899218005,63.700015894040135,0.0,1,3.197442310920451e-14,0.0,-0.0575507470934431,-0.3212167699101074,76.88456674529387,-63.70001399999998,9.600248968275253,76.91540899218005,-63.700015894040135,0.0,1,3.197442310920451e-14
1.2,1200000,front_legs_reach,-3.1744000000000003,0.0,74.4128,0.999535762932727,0.0,0.030467336911706645,0.0,-3.1744000000000003,0.0,74.4128,36.61938576184043,24.646987085063103,0,feet,0.0,-0.06688467651872587,-0.1654778792024545,-39.70525711814805,63.70001399999999,9.59989148620761,-39.79378576184042,63.70001591568979,0.0,1,3.552713678800501e-14,0.0,-0.06688467651872587,-0.16547789745093366,-39.705257118148104,-63.70001399999998,9.599891486207554,-39.79378576184044,-63.70001591568979,0.0,1,-1.9539925233402755e-14,0.0,-0.06513782565564386,-0.33153907171790253,77.06963434988181,63.70001399999999,9.600000084372837,77.06596838787885,65.87399660422699,0.0,1,-1.7763568394002505e-15,0.0,-0.06513782565564386,-0.33153907171790253,77.06963434988181,-63.70001399999998,9.600000084372837,77.06596838787885,-65.87399660422699,0.0,1,-1.7763568394002505e-15
1.2083333333333333,1208333,front_legs_reach,-3.3193743947723764,0.0,74.34031280261381,0.9994923950452939,0.0,0.03185831518806679,0.0,-3.3193743947723764,0.0,74.34031280261381,36.47441136706805,24.303498536244774,0,feet,0.0,-0.07389081060572433,-0.168870051672255,-39.703782484171604,63.70001399999999,9.599877774103348,-39.79378576184042,63.70001591568979,0.0,1,-5.329070518200751e-15,0.0,-0.07389081060572344,-0.16887007026671164,-39.70378248417163,-63.70001399999998,9.599877774103348,-39.79378576184044,-63.70001591568979,0.0,1,-5.329070518200751e-15,0.0,-0.07289152799410248,-0.3419373774390424,77.25734238423087,63.70001399999999,9.600013321415958,77.2274656024202,63.700015888785835,0.0,1,3.019806626980426e-14,0.0,-0.07289152799410248,-0.3419373774390424,77.25734238423087,-63.70001399999998,9.600013321415958,77.2274656024202,-63.70001588878583,0.0,1,3.019806626980426e-14
1.2166666666666666,1216667,front_legs_reach,-3.4661940586419755,0.0,74.26690297067901,0.9994465023288,0.0,0.033266935277058984,0.0,-3.4661940586419755,0.0,74.26690297067901,36.32759170319845,23.956033048672694,0,feet,0.0,-0.08097954152463105,-0.1722792046211037,-39.702145968885034,63.70001399999999,9.599862291515521,-39.79378576184042,63.70001591568979,0.0,1,-7.105427357601002e-15,0.0,-0.0809795415246306,-0.17227922356228165,-39.70214596888504,-63.70001399999998,9.59986229151555,-39.79378576184044,-63.70001591568979,0.0,1,2.3092638912203256e-14,0.0,-0.08081010248855769,-0.352394169135005,77.44753032177444,63.70001399999999,9.600014398363541,77.47705903099852,63.700015888785835,0.0,1,5.861977570020827e-14,0.0,-0.08081010248855813,-0.352394169135005,77.44753032177447,-63.70001399999998,9.600014398363527,77.47705903099852,-63.70001588878583,0.0,1,4.440892098500626e-14
1.225,1225000,front_legs_reach,-3.6147013671874992,0.0,74.19264931640625,0.9993980625131265,0.0,0.03469167976631985,0.0,-3.6147013671874992,0.0,74.19264931640625,36.03393247139669,23.604980217579985,0,feet,0.0,-0.08814272980599336,-0.17570130211834067,-39.70034725615745,63.70001399999999,9.599864765199243,-39.648633838584175,60.014427080345826,0.0,1,1.7763568394002505e-15,0.0,-0.08814272980599291,-0.17570132140656858,-39.70034725615748,-63.70001399999998,9.599864765199243,-39.648633838584196,-60.014427080345826,0.0,1,1.7763568394002505e-15,0.0,-0.08888770517672873,-0.3628957516864286,77.6400061858115,63.70001399999999,9.599978416633547,77.61931333856509,67.09890351956915,0.0,1,3.019806626980426e-14,0.0,-0.08888770517672873,-0.3628957516864286,77.6400061858115,-63.70001399999998,9.599978416633547,77.61931333856509,-67.09890351956915,0.0,1,3.019806626980426e-14
1.2333333333333334,1233333,front_legs_reach,-3.7647358024691355,0.0,74.11763209876543,0.9993470621272957,0.0,0.036131003550177565,0.0,-3.7647358024691355,0.0,74.11763209876543,35.883898036115056,23.250735046785252,0,feet,0.0,-0.0953726434580413,-0.17913186839477557,-39.698383016390316,63.70001399999999,9.599875145384857,-39.648633838584175,60.014427080345826,0.0,1,-3.552713678800501e-14,0.0,-0.09537264345804042,-0.1791318880299304,-39.69838301639032,-63.70001399999998,9.599875145384914,-39.648633838584196,-60.014427080345826,0.0,1,2.1316282072803006e-14,0.0,-0.09711626363123349,-0.37343025721321776,77.83455614984538,63.70001399999999,9.59999987695663,77.82501467640168,67.25214372180568,0.0,1,2.842170943040401e-14,0.0,-0.09711626363123393,-0.37343025721321776,77.83455614984541,-63.70001399999998,9.599999876956616,77.82501467640168,-67.25214372180568,0.0,1,1.4210854715202004e-14
1.2416666666666667,1241667,front_legs_reach,-3.9161342423804006,0.0,74.0419328788098,0.9992934968299021,0.0,0.03758333664626539,0.0,-3.9161342423804006,0.0,74.0419328788098,35.73249959620379,22.89369715812885,0,feet,0.0,-0.10266141164717668,-0.18256652858514988,-39.696250892169964,63.70001399999999,9.599885957857992,-39.648633838584175,60.014427080345826,0.0,1,1.5987211554602254e-14,0.0,-0.10266141164717668,-0.18256654856666454,-39.69625089216995,-63.70001399999998,9.599885957857978,-39.648633838584196,-60.014427080345826,0.0,1,-1.7763568394002505e-15,0.0,-0.10548980308190581,-0.3839834243475493,78.03098667873248,63.70001399999999,9.60000189791596,78.03263749749317,67.45351777408806,0.0,1,1.7763568394002505e-14,0.0,-0.10548980308190581,-0.3839834243475493,78.03098667873248,-63.70001399999998,9.60000189791596,78.03263749749317,-67.45351777408806,0.0,1,1.7763568394002505e-14
1.25,1250000,front_legs_reach,-4.068731250000001,0.0,73.965634375,0.9992373716969223,0.0,0.039047087013331976,0.0,-4.068731250000001,0.0,73.965634375,35.57990258858419,22.53427000748532,0,feet,0.0,-0.11000095586007896,-0.18600109740067605,-39.69395011022955,63.70001399999999,9.59989709440653,-39.648633838584175,60.014427080345826,0.0,1,-1.2434497875801753e-14,0.0,-0.11000095586007896,-0.18600111772757089,-39.69395011022957,-63.70001399999998,9.5998970944065,-39.648633838584196,-60.014427080345826,0.0,1,-3.907985046680551e-14,0.0,-0.11400070034141763,-0.39454236750562055,78.22909024319962,63.70001399999999,9.599990644312783,78.21583290914594,66.24574647018272,0.0,1,-1.2434497875801753e-14,0.0,-0.11400070034141763,-0.39454236750562055,78.22909024319962,-63.70001399999998,9.599990644312783,78.21583290914594,-66.24574647018272,0.0,1,-1.2434497875801753e-14
1.2583333333333333,1258333,front_legs_reach,-4.222359362943672,0.0,73.88882031852816,0.9991787014648033,0.0,0.04052064336988713,0.0,-4.222359362943672,0.0,73.88882031852816,35.42627447564052,22.172860108010546,0,feet,0.0,-0.11738313254222366,-0.18943146586471293,-39.69148058872378,63.70001399999999,9.599908434129631,-39.648633838584175,60.014427080345826,0.0,1,-1.2434497875801753e-14,0.0,-0.11738313254222321,-0.18943148653560682,-39.69148058872379,-63.70001399999998,9.599908434129631,-39.648633838584196,-60.014427080345826,0.0,1,-1.2434497875801753e-14,0.0,-0.12264175032084346,-0.40509347184644984,78.42866368083432,63.70001399999999,9.599911195934652,78.34215298937394,62.450015874526294,0.0,1,1.0658141036401503e-14,0.0,-0.12264175032084346,-0.40509347184644984,78.42866368083432,-63.70001399999998,9.599911195934652,78.34215298937394,-62.45001587452629,0.0,1,1.0658141036401503e-14
1.2666666666666666,1266667,front_legs_reach,-4.37684938271605,0.0,73.81157530864198,0.9991175107269554,0.0,0.04200237801329959,0.0,-4.37684938271605,0.0,73.81157530864198,35.271784455868136,21.809679090147654,0,feet,0.0,-0.12479974740003685,-0.1928536088449757,-39.68884294653791,63.70001399999999,9.599919844212707,-39.648633838584175,60.014427080345826,0.0,1,1.9539925233402755e-14,0.0,-0.12479974740003685,-0.1928536298580945,-39.68884294653791,-63.70001399999998,9.599919844212707,-39.648633838584196,-60.014427080345826,0.0,1,1.9539925233402755e-14,0.0,-0.1313975513598069,-0.415631570198141,78.62943029872159,63.70001399999999,9.600269357119174,78.60478602298699,62.450015874526294,0.0,1,-1.9539925233402755e-14,0.0,-0.1313975513598069,-0.415631570198141,78.62943029872159,-63.70001399999998,9.600269357119174,78.60478602298699,-62.45001587452629,0.0,1,-1.9539925233402755e-14
1.275,1275000,front_legs_reach,-4.532030664062499,0.0,73.73398466796876,0.9990538340820192,0.0,0.04349064963894304,0.0,-4.532030664062499,0.0,73.73398466796876,35.11660317452169,21.445006442442832,0,feet,0.0,-0.13224256949816082,-0.1962635919055704,-39.68603850887194,63.70001399999999,9.599931180915377,-39.648633838584175,60.014427080345826,0.0,1,-1.7763568394002505e-14,0.0,-0.13224256949816082,-0.19626361325876474,-39.686038508871924,-63.70001399999998,9.599931180915405,-39.648633838584196,-60.014427080345826,0.0,1,1.0658141036401503e-14,0.0,-0.14027093774737098,-0.4261319748296515,78.83128127466824,63.70001399999999,9.600228477233102,78.86859420127595,62.450015874526294,0.0,1,6.217248937900877e-14,0.0,-0.14027093774737098,-0.4261319748296515,78.83128127466824,-63.70001399999998,9.600228477233102,78.86859420127595,-62.45001587452629,0.0,1,6.217248937900877e-14
1.2833333333333334,1283333,front_legs_reach,-4.687731404320987,0.0,73.6561342978395,0.998987716232513,0.0,0.044983806158972545,0.0,-4.687731404320987,0.0,73.6561342978395,34.960902434263204,21.079579531622855,0,feet,0.0,-0.13970334515373084,-0.19965757749514834,-39.683069309096844,63.70001399999999,9.599942290766208,-39.648633838584175,60.014427080345826,0.0,1,0.0,0.0,-0.1397033451537304,-0.19965759918590553,-39.683069309096865,-63.70001399999998,9.599942290766208,-39.648633838584196,-60.014427080345826,0.0,1,0.0,0.0,-0.14924606296851994,-0.43658971116040934,79.03394169902212,63.70001399999999,9.60027322377644,79.05745148772243,62.4500158716601,0.0,1,-3.552713678800501e-15,0.0,-0.14924606296851994,-0.43658971116040934,79.03394169902212,-63.70001399999998,9.60027322377644,79.05745148772243,-62.4500158716601,0.0,1,-3.552713678800501e-15
1.2916666666666667,1291667,front_legs_reach,-4.84377893277392,0.0,73.57811053361304,0.9989192120327237,0.0,0.04648018752030152,0.0,-4.84377893277392,0.0,73.57811053361304,34.80485490581027,20.71381008789026,0,feet,0.0,-0.1471738116309833,-0.20303183049050677,-39.67993808690152,63.70001399999999,9.599953011953161,-39.648633838584175,60.014427080345826,0.0,1,1.5987211554602254e-14,0.0,-0.14717381163098286,-0.20303185251596467,-39.67993808690155,-63.70001399999998,9.599953011953161,-39.648633838584196,-60.014427080345826,0.0,1,1.5987211554602254e-14,0.0,-0.15831485705394366,-0.4469912572348851,79.23720611044759,63.70001399999999,9.600291717262117,79.22252826173903,62.45001586773867,0.0,1,1.5987211554602254e-14,0.0,-0.15831485705394366,-0.4469912572348851,79.23720611044759,-63.70001399999998,9.600291717262117,79.22252826173903,-62.45001586773867,0.0,1,1.5987211554602254e-14
1.3,1300000,front_legs_reach,-5.0,0.0,73.5,0.9988483864849507,0.0,0.04797812852134394,0.0,-5.0,0.0,73.5,34.64863383858419,20.348109146625575,0,feet,0.0,-0.15464571064089583,-0.20638272311764094,-39.676648282766116,63.70001399999999,9.599963175897535,-39.648633838584175,60.014427080345826,0.0,1,2.6645352591003757e-14,0.0,-0.15464571064089494,-0.20638274547460345,-39.67664828276613,-63.70001399999998,9.599963175897564,-39.648633838584196,-60.014427080345826,0.0,1,5.5067062021407764e-14,0.0,-0.16746866771742486,-0.45732361983197034,79.4408678364298,63.70001399999999,9.600186729092442,79.48810407602336,62.45001586773867,0.0,1,-1.9539925233402755e-14,0.0,-0.16746866771742486,-0.45732361983197034,79.4408678364298,-63.70001399999998,9.600186729092442,79.48810407602336,-62.45001586773867,0.0,1,-1.9539925233402755e-14
1.3083333333333333,1308333,front_legs_reach,-5.15622106722608,0.0,73.42188946638696,0.9987753146834754,0.0,0.04947596162708385,0.0,-5.15622106722608,0.0,73.42188946638696,34.49241277135811,19.9828863262293,0,feet,0.0,-0.16211080165187441,-0.2097067392745866,-39.67320402881651,63.70001399999999,9.599972608993376,-39.648633838584175,60.014427080345826,0.0,1,8.881784197001252e-15,0.0,-0.16211080165187441,-0.20970676195953475,-39.67320402881651,-63.70001399999998,9.599972608993376,-39.648633838584196,-60.014427080345826,0.0,1,8.881784197001252e-15,0.0,-0.17669664798505424,-0.4675762078362973,79.64470422376405,63.70001399999999,9.600002221931902,79.65061065961649,67.44340880783868,0.0,1,3.375077994860476e-14,0.0,-0.17669664798505424,-0.4675762078362973,79.64470422376405,-63.70001399999998,9.600002221931902,79.65061065961649,-67.44340880783868,0.0,1,3.375077994860476e-14
1.3166666666666667,1316667,front_legs_reach,-5.312268595679013,0.0,73.3438657021605,0.9987000817058841,0.0,0.05097201978203783,0.0,-5.312268595679013,0.0,73.3438657021605,34.336365242905174,19.61854911691256,0,feet,0.0,-0.16956087501871409,-0.21300047828243507,-39.669610136130906,63.70001399999999,9.599981134492502,-39.648633838584175,60.014427080345826,0.0,1,-1.2434497875801753e-14,0.0,-0.16956087501871364,-0.21300050129154657,-39.66961013613089,-63.70001399999998,9.59998113449253,-39.648633838584196,-60.014427080345826,0.0,1,1.2434497875801753e-14,0.0,-0.18598490502443843,-0.47774165664433577,79.84846150893263,63.70001399999999,9.59998424909206,79.82955952680479,61.49525244739142,0.0,1,4.796163466380676e-14,0.0,-0.18598490502443843,-0.47774165664433577,79.84846150893263,-63.70001399999998,9.59998424909206,79.82955952680479,-61.49525244739142,0.0,1,4.796163466380676e-14
1.325,1325000,front_legs_reach,-5.4679693359375,0.0,73.26601533203124,0.998622782451634,0.0,0.052464639220683305,0.0,-5.4679693359375,0.0,73.26601533203124,34.122065073150964,19.255502180788582,0,feet,0.0,-0.17698752131636786,-0.2162608902940586,-39.665873857942046,63.70001399999999,9.600002379284916,-39.59003440908847,63.70001591752033,0.0,1,1.2434497875801753e-14,0.0,-0.17698752131636786,-0.2162609136232403,-39.665873857942046,-63.70001399999998,9.600002379284916,-39.59003440908847,-63.70001591752033,0.0,1,1.2434497875801753e-14,0.0,-0.19532404318266527,-0.48780768099463545,80.05193291828749,63.70001399999999,9.600018164449907,79.97804876496909,62.450015854839656,0.0,1,-2.842170943040401e-14,0.0,-0.19532404318266527,-0.48780768099463545,80.05193291828749,-63.70001399999998,9.600018164449907,79.97804876496909,-62.45001585483965,0.0,1,-2.842170943040401e-14
1.3333333333333333,1333333,front_legs_reach,-5.623150617283949,0.0,73.18842469135802,0.9985435214280141,0.0,0.05395216227493841,0.0,-5.623150617283949,0.0,73.18842469135802,33.96688379180452,18.89414666356005,0,feet,0.0,-0.18438270065072349,-0.2194847489781604,-39.66200080754834,63.70001399999999,9.60003219482995,-39.59003440908847,63.70001591752033,0.0,1,3.019806626980426e-14,0.0,-0.18438270065072349,-0.21948477262303578,-39.6620008075483,-63.70001399999998,9.600032194829971,-39.59003440908847,-63.70001591752033,0.0,1,5.1514348342607263e-14,0.0,-0.20470041595584387,-0.49776678119178674,80.2548719014944,63.70001399999999,9.600293653672402,80.24185694325806,62.450015854839656,0.0,1,1.2434497875801753e-14,0.0,-0.20470041595584387,-0.49776678119178674,80.2548719014944,-63.70001399999998,9.600293653672402,80.24185694325806,-62.45001585483965,0.0,1,1.2434497875801753e-14
1.3416666666666666,1341667,front_legs_reach,-5.777640637056326,0.0,73.11117968147184,0.9984624124839099,0.0,0.0554329401782964,0.0,-5.777640637056326,0.0,73.11117968147184,33.81239377203214,18.534879518036277,0,feet,0.0,-0.19173853213557113,-0.22266886559568455,-39.65799656400067,63.70001399999999,9.600061377396415,-39.59003440908847,63.70001591752033,0.0,1,2.1316282072803006e-14,0.0,-0.19173853213557113,-0.22266888955159914,-39.65799656400068,-63.70001399999998,9.600061377396393,-39.59003440908847,-63.70001591752033,0.0,1,0.0,0.0,-0.21410988300281808,-0.5076007969782461,80.45713331602371,63.70001399999999,9.600240664006158,80.49002367986513,62.45001585419338,0.0,1,-4.263256414560601e-14,0.0,-0.21410988300281808,-0.5076007969782466,80.45713331602373,-63.70001399999998,9.600240664006215,80.49002367986516,-62.45001585419338,0.0,1,1.7763568394002505e-14
1.35,1350000,front_legs_reach,-5.931268750000001,0.0,73.03436562499999,0.9983795784920435,0.0,0.0569053358662392,0.0,-5.931268750000001,0.0,73.03436562499999,33.658765659088466,18.178092839651576,0,feet,0.0,-0.19904705833705139,-0.22581032757648956,-39.653868453973175,63.70001399999999,9.600089714111633,-39.59003440908847,63.70001591752033,0.0,1,0.0,0.0,-0.19904705833705139,-0.2258103518385397,-39.65386845397319,-63.70001399999998,9.600089714111633,-39.59003440908847,-63.70001591752033,0.0,1,1.7763568394002505e-15,0.0,-0.22353885586565747,-0.5173023188384556,80.65848077679284,63.70001399999999,9.600001182991058,80.6639885492243,67.4669073296858,0.0,1,4.085620730620576e-14,0.0,-0.22353885586565791,-0.5173023188384556,80.6584807767929,-63.70001399999998,9.600001182991043,80.66398854922433,-67.4669073296858,0.0,1,2.6645352591003757e-14
1.3583333333333334,1358333,front_legs_reach,-6.0838657576195985,0.0,72.9580671211902,0.9982951509806112,0.0,0.05836772677258158,0.0,-6.0838657576195985,0.0,72.9580671211902,33.50616865146887,17.82417321408812,0,feet,0.0,-0.20630041602071403,-0.22890634891144712,-39.6496243693912,63.70001399999999,9.60011699620948,-39.59003440908847,63.70001591752033,0.0,1,3.730349362740526e-14,0.0,-0.20630041602071403,-0.2289063734744956,-39.6496243693912,-63.70001399999998,9.60011699620948,-39.59003440908847,-63.70001591752033,0.0,1,3.730349362740526e-14,0.0,-0.23297001780840976,-0.5268684269257098,80.85863884671161,63.70001399999999,9.600002178922892,80.86036622297169,66.8071668787559,0.0,1,6.039613253960852e-14,0.0,-0.23297001780840976,-0.5268684269257098,80.85863884671161,-63.70001399999998,9.600002178922892,80.86036622297169,-66.8071668787559,0.0,1,6.039613253960852e-14
1.3666666666666667,1366667,front_legs_reach,-6.235264197530864,0.0,72.88236790123457,0.9982092697154966,0.0,0.059818507621427895,0.0,-6.235264197530864,0.0,72.88236790123457,33.35477021155761,17.473501077037852,0,feet,0.0,-0.21349084839649102,-0.2319542711056486,-39.6452727357711,63.70001399999999,9.600143021410865,-39.59003440908847,63.70001591752033,0.0,1,7.105427357601002e-15,0.0,-0.21349084839649102,-0.2319542959643366,-39.6452727357711,-63.70001399999998,9.600143021410865,-39.59003440908847,-63.70001591752033,0.0,1,7.105427357601002e-15,0.0,-0.242392429908735,-0.5362890910477742,81.05740054335077,63.70001399999999,9.6001538418042,81.00465459403989,62.450015841895706,0.0,1,-1.0658141036401503e-14,0.0,-0.242392429908735,-0.5362890910477742,81.05740054335077,-63.70001399999998,9.6001538418042,81.00465459403989,-62.450015841895706,0.0,1,-1.0658141036401503e-14
1.375,1375000,front_legs_reach,-6.385298632812497,0.0,72.80735068359375,0.9981220822344838,0.0,0.061256093214458074,0.0,-6.385298632812497,0.0,72.80735068359375,33.20473577627597,17.126450086066818,0,feet,0.0,-0.22061071725826809,-0.23495156377805548,-39.64082247789057,63.70001399999999,9.600167596263418,-39.59003440908847,63.70001591752033,0.0,1,2.6645352591003757e-14,0.0,-0.22061071725826809,-0.23495158892681633,-39.64082247789061,-63.70001399999998,9.600167596263361,-39.59003440908847,-63.70001591752033,0.0,1,-2.842170943040401e-14,0.0,-0.25179578177666784,-0.545553692548784,81.25456920129648,63.70001399999999,9.600297363177503,81.25971313401867,62.450015841895706,0.0,1,0.0,0.0,-0.25179578177666784,-0.545553692548784,81.25456920129648,-63.70001399999998,9.600297363177503,81.25971313401867,-62.450015841895706,0.0,1,0.0
1.3833333333333333,1383333,front_legs_reach,-6.533805941358025,0.0,72.73309702932099,0.9980337433351325,0.0,0.06267892121329811,0.0,-6.533805941358025,0.0,72.73309702932099,33.05622846773044,16.78338650447114,0,feet,0.0,-0.2276525150313935,-0.23789582494073658,-39.636282982954796,63.70001399999999,9.600190538405649,-39.59003440908847,63.70001591752033,0.0,1,-1.2434497875801753e-14,0.0,-0.2276525150313935,-0.23789585037381267,-39.636282982954754,-63.70001399999998,9.600190538405698,-39.59003440908847,-63.70001591752033,0.0,1,3.552713678800501e-14,0.0,-0.26117178676401664,-0.5546495164621197,81.44997786686748,63.70001399999999,9.60009725828997,81.51217555854606,62.450015841895706,0.0,1,-5.329070518200751e-15,0.0,-0.26117178676401664,-0.5546495164621197,81.44997786686748,-63.70001399999998,9.60009725828997,81.51217555854606,-62.450015841895706,0.0,1,-5.329070518200751e-15
1.3916666666666666,1391667,front_legs_reach,-6.680625605227624,0.0,72.65968719738619,0.9979444145182187,0.0,0.06408545491677214,0.0,-6.680625605227624,0.0,72.65968719738619,32.90940880386084,16.444668596939962,0,feet,0.0,-0.23460887674163278,-0.24078478099083211,-39.63166406143143,63.70001399999999,9.600211678724818,-39.59003440908847,63.70001591752033,0.0,1,1.7763568394002505e-14,0.0,-0.23460887674163278,-0.24078480670228197,-39.63166406143142,-63.70001399999998,9.600211678724847,-39.59003440908847,-63.70001591752033,0.0,1,4.440892098500626e-14,0.0,-0.2705033858685124,-0.563574564707769,81.64336634867975,63.70001399999999,9.59993103673795,81.68115277970274,61.81332379076298,0.0,1,4.618527782440651e-14,0.0,-0.2705033858685124,-0.563574564707769,81.64336634867975,-63.70001399999998,9.59993103673795,81.68115277970274,-61.81332379076298,0.0,1,4.618527782440651e-14
1.4,1400000,front_legs_reach,-6.8256000000000006,0.0,72.5872,0.9978542633888638,0.0,0.06547418603287862,0.0,-6.8256000000000006,0.0,72.5872,32.764434409088466,16.110646036764777,0,feet,0.0,-0.24147259191920867,-0.24361628644821876,-39.626975905734746,63.70001399999999,9.600230863375323,-39.59003440908847,63.70001591752033,0.0,1,1.5987211554602254e-14,0.0,-0.24147259191920867,-0.24361631243193482,-39.626975905734746,-63.70001399999998,9.600230863375323,-39.59003440908847,-63.70001591752033,0.0,1,1.5987211554602254e-14,0.0,-0.27977271979906515,-0.5723282488884034,81.83446320186624,63.70001399999999,9.600248120586485,81.8044946361596,62.45001583167165,0.0,1,2.3092638912203256e-14,0.0,-0.27977271979906515,-0.5723282488884034,81.83446320186624,-63.70001399999998,9.600248120586485,81.8044946361596,-62.45001583167165,0.0,1,2.3092638912203256e-14
1.4083333333333334,1408333,front_legs_reach,-6.968574684124224,0.0,72.51571265793788,0.9977634630176987,0.0,0.06684363744537963,0.0,-6.968574684124224,0.0,72.51571265793788,32.62145972496424,15.781659324259294,0,feet,0.0,-0.24823661645154083,-0.24638832347160866,-39.622229046943175,63.70001399999999,9.600247955629719,-39.59003440908847,63.70001591752033,0.0,1,4.618527782440651e-14,0.0,-0.24823661645154083,-0.24638834972132928,-39.62222904694319,-63.70001399999998,9.60024795562969,-39.59003440908847,-63.70001591752033,0.0,1,2.1316282072803006e-14,0.0,-0.2889761147330079,-0.580893151488961,82.02316004696159,63.70001399999999,9.600301159818514,82.02666736145414,62.45001583058992,0.0,1,3.375077994860476e-14,0.0,-0.2889761147330079,-0.580893151488961,82.02316004696159,-63.70001399999998,9.600301159818514,82.02666736145414,-62.45001583058992,0.0,1,3.375077994860476e-14
1.4166666666666667,1416667,front_legs_reach,-7.109398688271606,0.0,72.4453006558642,0.9976721912646154,0.0,0.0681923659749435,0.0,-7.109398688271606,0.0,72.4453006558642,32.48063572081686,15.458039215977848,0,feet,0.0,-0.2548940843981766,-0.249099001185483,-39.61743430974088,63.70001399999999,9.600262837533265,-39.59003440908847,63.70001591752033,0.0,1,-1.2434497875801753e-14,0.0,-0.2548940843981766,-0.24909902769480397,-39.61743430974091,-63.70001399999998,9.600262837533236,-39.59003440908847,-63.70001591752033,0.0,1,-4.085620730620576e-14,0.0,-0.2981005370713383,-0.5892637402355727,82.20925177272798,63.70001399999999,9.600133673946289,82.26606816850469,62.45001583058992,0.0,1,-2.4868995751603507e-14,0.0,-0.2981005370713383,-0.5892637402355727,82.20925177272798,-63.70001399999998,9.600133673946289,82.26606816850469,-62.45001583058992,0.0,1,-2.4868995751603507e-14
1.425,1425000,front_legs_reach,-7.2479248046875,0.0,72.37603759765625,0.9975806300678569,0.0,0.06951896513483015,0.0,-7.2479248046875,0.0,72.37603759765625,32.34210960440097,15.140106164246681,0,feet,0.0,-0.2614383197811323,-0.25174655484985786,-39.61260276577752,63.70001399999999,9.600275411338743,-39.59003440908847,63.70001591752033,0.0,1,3.375077994860476e-14,0.0,-0.2614383197811323,-0.25174658161224484,-39.612602765777524,-63.70001399999998,9.600275411338714,-39.59003440908847,-63.70001591752033,0.0,1,5.329070518200751e-15,0.0,-0.3071308028153159,-0.5974376383741391,82.39250923080036,63.70001399999999,9.599980135211574,82.37329333365696,66.65383891335583,0.0,1,5.861977570020827e-14,0.0,-0.3071308028153159,-0.5974376383741391,82.39250923080036,-63.70001399999998,9.599980135211574,82.37329333365696,-66.65383891335583,0.0,1,5.861977570020827e-14
1.4333333333333333,1433333,front_legs_reach,-7.38400987654321,0.0,72.30799506172839,0.9974889647013825,0.0,0.07082206788116396,0.0,-7.38400987654321,0.0,72.30799506172839,32.20602453254526,14.828169766447672,0,feet,0.0,-0.2678628483635528,-0.25432934490441017,-39.607745685644055,63.70001399999999,9.600285600697553,-39.59003440908847,63.70001591752033,0.0,1,-1.4210854715202004e-14,0.0,-0.2678628483635528,-0.25432937191321026,-39.60774568564407,-63.70001399999998,9.60028560069756,-39.59003440908847,-63.70001591752033,0.0,1,-5.329070518200751e-15,0.0,-0.3160526709376894,-0.6054118342492649,82.57271358658926,63.70001399999999,9.600003362267643,82.57219069431369,66.68099574143415,0.0,1,3.552713678800501e-14,0.0,-0.3160526709376894,-0.6054118342492649,82.57271358658926,-63.70001399999998,9.600003362267643,82.57219069431369,-66.68099574143415,0.0,1,3.552713678800501e-14
1.4416666666666667,1441667,front_legs_reach,-7.51751508728781,0.0,72.24124245635609,0.9973973830036202,0.0,0.07210034935788902,0.0,-7.51751508728781,0.0,72.24124245635609,32.072519321800655,14.522528223424189,0,feet,0.0,-0.2741614094290945,-0.256845855918014,-39.60287448966547,63.70001399999999,9.600293351591354,-39.59003440908847,63.70001591752033,0.0,1,5.329070518200751e-15,0.0,-0.2741614094290945,-0.2568458831664677,-39.60287448966547,-63.70001399999998,9.600293351591354,-39.59003440908847,-63.70001591752033,0.0,1,5.329070518200751e-15,0.0,-0.3248562569574318,-0.6131785493458963,82.74970264306494,63.70001399999999,9.600003153759147,82.74777871294489,67.46348551523343,0.0,1,1.5987211554602254e-14,0.0,-0.3248562569574318,-0.6131785493458963,82.74970264306494,-63.70001399999998,9.600003153759147,82.74777871294489,-67.46348551523343,0.0,1,1.5987211554602254e-14
1.45,1450000,front_legs_reach,-7.648306250000002,0.0,72.175846875,0.9973060745808772,0.0,0.07335252963655679,0.0,-7.648306250000002,0.0,72.175846875,31.941728159088466,14.223467806308648,0,feet,0.0,-0.28032796757395584,-0.25929469547417616,-39.598000697713196,63.70001399999999,9.600298632986572,-39.59003440908847,63.70001591752033,0.0,1,1.7763568394002505e-15,0.0,-0.28032796757395584,-0.259294722955429,-39.598000697713196,-63.70001399999998,9.600298632986572,-39.59003440908847,-63.70001591752033,0.0,1,1.7763568394002505e-15,0.0,-0.33352926739266575,-0.6207336229668154,82.92328830267284,63.70001399999999,9.600001710698919,82.92223677589692,60.72766664966186,0.0,1,-4.796163466380676e-14,0.0,-0.33352926739266575,-0.6207336229668154,82.92328830267284,-63.70001399999998,9.600001710698919,82.92223677589692,-60.72766664966187,0.0,1,-4.796163466380676e-14
1.4583333333333333,1458333,front_legs_reach,-7.776254096739966,0.0,72.11187295163002,0.9972152299888243,0.0,0.0745773764511482,0.0,-7.776254096739966,0.0,72.11187295163002,31.813780312348502,13.931262331006529,0,feet,0.0,-0.2863567245227925,-0.2616745930223452,-39.59313587824243,63.70001399999999,9.600301437203292,-39.59003440908847,63.70001591752033,0.0,1,1.2434497875801753e-14,0.0,-0.2863567245227925,-0.26167462072945824,-39.59313587824244,-63.70001399999998,9.600301437203292,-39.59003440908847,-63.70001591752033,0.0,1,1.4210854715202004e-14,0.0,-0.342058157523093,-0.628075231043133,83.09326949649181,63.70001399999999,9.60015494185101,83.04094683931186,62.450015810987374,0.0,1,1.7763568394002505e-14,0.0,-0.342058157523093,-0.628075231043133,83.09326949649181,-63.70001399999998,9.60015494185101,83.04094683931186,-62.45001581098737,0.0,1,1.7763568394002505e-14
1.4666666666666666,1466667,front_legs_reach,-7.901234567901235,0.0,72.04938271604938,0.9971250398956062,0.0,0.07577370792818364,0.0,-7.901234567901235,0.0,72.04938271604938,31.688799841187233,13.646172639508848,0,feet,0.0,-0.292242130979099,-0.2639843987244528,-39.588291596761316,63.70001399999999,9.600301779990254,-39.59003440908847,63.70001591752033,0.0,1,2.842170943040401e-14,0.0,-0.292242130979099,-0.26398442665041344,-39.58829159676133,-63.70001399999998,9.600301779990225,-39.59003440908847,-63.70001591752033,0.0,1,1.7763568394002505e-15,0.0,-0.35043321574083164,-0.6351973343510471,83.25949449118686,63.70001399999999,9.600295599160049,83.25341364028601,62.450015810987374,0.0,1,-4.973799150320701e-14,0.0,-0.35043321574083164,-0.6351973343510471,83.25949449118686,-63.70001399999998,9.600295599160049,83.25341364028601,-62.45001581098737,0.0,1,-4.973799150320701e-14
1.475,1475000,front_legs_reach,-8.0231291015625,0.0,71.98843544921876,0.9970356942302356,0.0,0.07694039531242351,0.0,-8.0231291015625,0.0,71.98843544921876,31.566905307525968,13.3684460871482,0,feet,0.0,-0.2979788985198657,-0.26622308232551717,-39.5834793639375,63.70001399999999,9.600299700304198,-39.59003440908847,63.70001591752033,0.0,1,-2.3092638912203256e-14,0.0,-0.2979788985198657,-0.2662231104632511,-39.58347936393746,-63.70001399999998,9.600299700304248,-39.59003440908847,-63.70001591752033,0.0,1,2.6645352591003757e-14,0.0,-0.3586454220928563,-0.6420938006369066,83.42182586037593,63.70001399999999,9.600219084444198,83.46063434751017,62.450015810987374,0.0,1,-8.881784197001252e-15,0.0,-0.3586454220928563,-0.6420938006369066,83.42182586037593,-63.70001399999998,9.600219084444198,83.46063434751017,-62.45001581098737,0.0,1,-8.881784197001252e-15
1.4833333333333334,1483333,front_legs_reach,-8.141824922839504,0.0,71.92908753858025,0.9969473813200342,0.0,0.07807636568851184,0.0,-8.141824922839504,0.0,71.92908753858025,31.448209486248963,13.098316034859494,0,feet,0.0,-0.3035620115434927,-0.26838973207652694,-39.57871058355119,63.70001399999999,9.60029525979558,-39.59003440908847,63.70001591752033,0.0,1,1.7763568394002505e-15,0.0,-0.3035620115434927,-0.26838976041890517,-39.57871058355116,-63.70001399999998,9.600295259795608,-39.59003440908847,-63.70001591752033,0.0,1,2.842170943040401e-14,0.0,-0.3666803919263182,-0.6487663499454719,83.5800600449165,63.70001399999999,9.60024165233638,83.54671433391304,62.45001580426541,0.0,1,3.019806626980426e-14,0.0,-0.3666803919263182,-0.6487663499454719,83.5800600449165,-63.70001399999998,9.60024165233638,83.54671433391304,-62.450015804265405,0.0,1,3.019806626980426e-14
1.4916666666666667,1491667,front_legs_reach,-8.257215333236884,0.0,71.87139233338156,0.9968602870209584,0.0,0.07918060469895707,0.0,-8.257215333236884,0.0,71.87139233338156,31.33281907585158,12.836001345460708,0,feet,0.0,-0.3089867392791148,-0.27048355373721567,-39.57399650050147,63.70001399999999,9.600288542005735,-39.59003440908847,63.70001591752033,0.0,1,8.881784197001252e-15,0.0,-0.3089867392791148,-0.27048358227706926,-39.573996500501465,-63.70001399999998,9.600288542005764,-39.59003440908847,-63.70001591752033,0.0,1,3.907985046680551e-14,0.0,-0.37452828180321296,-0.655211603120728,83.73405177937232,63.70001399999999,9.600295506752317,83.74287803158859,62.45001580426541,0.0,1,4.618527782440651e-14,0.0,-0.37452828180321296,-0.655211603120728,83.73405177937232,-63.70001399999998,9.600295506752317,83.74287803158859,-62.450015804265405,0.0,1,4.618527782440651e-14
1.5,1500000,front_legs_reach,-8.3692,0.0,71.8154,0.9967745938447098,0.0,0.08025215925888807,0.0,-8.3692,0.0,71.8154,31.220834409088468,12.581705882926094,0,feet,0.0,-0.31424864786459494,-0.27250386968578955,-39.56934814907166,63.70001399999999,9.600279651287472,-39.59003440908847,63.70001591752033,0.0,1,-2.6645352591003757e-14,0.0,-0.31424864786459494,-0.2725038984159158,-39.56934814907165,-63.70001399999998,9.6002796512875,-39.59003440908847,-63.70001591752033,0.0,1,3.552713678800501e-15,0.0,-0.382181192702034,-0.661424589293409,83.88368606724586,63.70001399999999,9.600171610000956,83.93325196508589,62.45001580426541,0.0,1,4.973799150320701e-14,0.0,-0.382181192702034,-0.661424589293409,83.88368606724586,-63.70001399999998,9.600171610000956,83.93325196508589,-62.450015804265405,0.0,1,4.973799150320701e-14
1.5083333333333333,1508333,front_legs_reach,-8.477685245466821,0.0,71.76115737726658,0.9966904800865709,0.0,0.0812901402680602,0.0,-8.477685245466821,0.0,71.76115737726658,31.112349163621644,12.335618013590768,0,feet,0.0,-0.3193436124995541,-0.27445011816199605,-39.56477630166009,63.70001399999999,9.60026871146259,-39.59003440908847,63.70001591752033,0.0,1,1.0658141036401503e-14,0.0,-0.3193436124995541,-0.2744501470751701,-39.56477630166009,-63.70001399999998,9.60026871146259,-39.59003440908847,-63.70001591752033,0.0,1,1.0658141036401503e-14,0.0,-0.3896280211761387,-0.6674055854646381,84.02880806663015,63.70001399999999,9.600001127923008,84.02268962950826,60.91273285483509,0.0,1,1.9539925233402755e-14,0.0,-0.3896280211761387,-0.6674055854646381,84.02880806663015,-63.70001399999998,9.600001127923008,84.02268962950826,-60.9127328548351,0.0,1,1.9539925233402755e-14
1.5166666666666666,1516667,front_legs_reach,-8.582584336419755,0.0,71.70870783179012,0.9966081189579254,0.0,0.08229372532061856,0.0,-8.582584336419755,0.0,71.70870783179012,31.00745007266871,12.09791010819702,0,feet,0.0,-0.3242678296789103,-0.2763218526693314,-39.56029141817912,63.70001399999999,9.600255864234562,-39.59003440908847,63.70001591752033,0.0,1,3.552713678800501e-15,0.0,-0.3242678296789103,-0.27632188175831596,-39.56029141817912,-63.70001399999998,9.600255864234562,-39.59003440908847,-63.70001591752033,0.0,1,3.552713678800501e-15,0.0,-0.3968573330916372,-0.6731563905665281,84.16925879754716,63.70001399999999,9.599995559920004,84.1743187393709,59.933408512398515,0.0,1,-2.1316282072803006e-14,0.0,-0.3968573330916372,-0.6731563905665281,84.16925879754716,-63.70001399999998,9.599995559920004,84.1743187393709,-59.933408512398515,0.0,1,-2.1316282072803006e-14
1.525,1525000,front_legs_reach,-8.683817773437498,0.0,71.65809111328124,0.9965276777274226,0.0,0.08326216141315533,0.0,-8.683817773437498,0.0,71.65809111328124,30.90621663565097,11.868738043673225,0,feet,0.0,-0.3290178295114985,-0.2781187415615105,-39.555903596323596,63.70001399999999,9.600241267379587,-39.59003440908847,63.70001591752033,0.0,1,-1.2434497875801753e-14,0.0,-0.3290178295114985,-0.27811877081906644,-39.55590359632358,-63.70001399999998,9.60024126737958,-39.59003440908847,-63.70001591752033,0.0,1,-1.9539925233402755e-14,0.0,-0.40386238474823344,-0.678673579421821,84.30494472219212,63.70001399999999,9.599972125279606,84.32931618756425,59.93302894898147,0.0,1,-7.105427357601002e-15,0.0,-0.40386238474823344,-0.678673579421821,84.30494472219212,-63.70001399999998,9.599972125279606,84.32931618756425,-59.93302894898147,0.0,1,-7.105427357601002e-15
1.5333333333333334,1533333,front_legs_reach,-8.78131358024691,0.0,71.60934320987654,0.9964493168747167,0.0,0.08419476765162023,0.0,-8.78131358024691,0.0,71.60934320987654,30.808720828841558,11.648240703523733,0,feet,0.0,-0.33359048812749714,-0.2798405678376472,-39.55162252290605,63.70001399999999,9.600225092740203,-39.59003440908847,63.70001591752033,0.0,1,2.4868995751603507e-14,0.0,-0.33359048812749714,-0.27984059725653854,-39.55162252290605,-63.70001399999998,9.600225092740203,-39.59003440908847,-63.70001591752033,0.0,1,2.4868995751603507e-14,0.0,-0.41063432871442584,-0.6839577352520445,84.43574623036967,63.70001399999999,9.60000260604086,84.4400460873811,61.934188613576,0.0,1,-2.6645352591003757e-14,0.0,-0.41063432871442584,-0.6839577352520445,84.43574623036967,-63.70001399999998,9.60000260604086,84.4400460873811,-61.934188613576,0.0,1,-2.6645352591003757e-14
1.5416666666666667,1541667,front_legs_reach,-8.875007593074844,0.0,71.56249620346257,0.9963731892606734,0.0,0.08509093795765997,0.0,-8.875007593074844,0.0,71.56249620346257,30.715026816013623,11.436539475704627,0,feet,0.0,-0.3379830401775239,-0.2814872291698145,-39.547457426453114,63.70001399999999,9.600207524050091,-39.59003440908847,63.70001591752033,0.0,1,3.552713678800501e-15,0.0,-0.3379830401775239,-0.2814872587428252,-39.54745742645308,-63.70001399999998,9.60020752405012,-39.59003440908847,-63.70001591752033,0.0,1,3.197442310920451e-14,0.0,-0.41716657460999196,-0.6890075231769162,84.56157634491883,63.70001399999999,9.599997426966851,84.5582553301472,61.92636466693596,0.0,1,3.907985046680551e-14,0.0,-0.4171665746099924,-0.6890075231769148,84.56157634491882,-63.70001399999998,9.599997426966794,84.5582553301472,-61.92636466693597,0.0,1,-1.7763568394002505e-14
1.55,1550000,front_legs_reach,-8.96484375,0.0,71.517578125,0.9962994393178494,0.0,0.08595014377497513,0.0,-8.96484375,0.0,71.517578125,30.625190659088467,11.233737746865785,0,feet,0.0,-0.3421930914254778,-0.28305873818592575,-39.543417031251195,63.70001399999999,9.600188754621541,-39.59003440908847,63.70001591752033,0.0,1,3.552713678800501e-15,0.0,-0.3421930914254778,-0.28305876790586115,-39.54341703125121,-63.70001399999998,9.600188754621549,-39.59003440908847,-63.70001591752033,0.0,1,1.0658141036401503e-14,0.0,-0.4234511762416795,-0.6938247679305083,84.68233154272096,63.70001399999999,9.600062743487555,84.61495353641352,62.450015783973974,0.0,1,-3.197442310920451e-14,0.0,-0.4234511762416795,-0.6938247679305083,84.68233154272096,-63.70001399999998,9.600062743487555,84.61495353641352,-62.45001578397398,0.0,1,-3.197442310920451e-14
1.5583333333333333,1558333,front_legs_reach,-9.050774380304787,0.0,71.4746128098476,0.996228202264969,0.0,0.08677193677628706,0.0,-9.050774380304787,0.0,71.4746128098476,30.53926002878368,11.039920391853315,0,feet,0.0,-0.34621863143647236,-0.28455522302992886,-39.53950951302548,63.70001399999999,9.600168984927087,-39.59003440908847,63.70001591752033,0.0,1,-3.552713678800501e-15,0.0,-0.34621863143647236,-0.2845552528896329,-39.53950951302544,-63.70001399999998,9.600168984927137,-39.59003440908847,-63.70001591752033,0.0,1,4.440892098500626e-14,0.0,-0.4294816419861771,-0.6984105755144165,84.79792966654021,63.70001399999999,9.600228294320459,84.76103560793166,62.450015783973974,0.0,1,-3.552713678800501e-14,0.0,-0.4294816419861771,-0.6984105755144165,84.79792966654021,-63.70001399999998,9.600228294320459,84.76103560793166,-62.45001578397398,0.0,1,-3.552713678800501e-14
1.5666666666666667,1566667,front_legs_reach,-9.132760493827165,0.0,71.43361975308642,0.9961596033489856,0.0,0.08755595157150516,0.0,-9.132760493827165,0.0,71.43361975308642,30.457273915261304,10.85515325739167,0,feet,0.0,-0.35005804636048765,-0.28597692822041276,-39.535742456427705,63.70001399999999,9.600148420110699,-39.59003440908847,63.70001591752033,0.0,1,-3.197442310920451e-14,0.0,-0.35005804636048765,-0.28597695821277114,-39.535742456427705,-63.70001399999998,9.600148420110699,-39.59003440908847,-63.70001591752033,0.0,1,-3.197442310920451e-14,0.0,-0.4352544882492775,-0.7027631950676931,84.908333684798,63.70001399999999,9.600295918436991,84.9004120009197,62.450015783973974,0.0,1,5.3290705182007514e-14,0.0,-0.4352544882492775,-0.7027631950676931,84.908333684798,-63.70001399999998,9.600295918436991,84.9004120009197,-62.45001578397398,0.0,1,5.3290705182007514e-14
1.575,1575000,front_legs_reach,-9.210772070312501,0.0,71.39461396484376,0.996093757118172,0.0,0.08830190841767838,0.0,-9.210772070312501,0.0,71.39461396484376,30.379262338775966,10.679482638897383,0,feet,0.0,-0.353710131811773,-0.28732421582761747,-39.53212281450189,63.70001399999999,9.600127267463243,-39.59003440908847,63.70001591752033,0.0,1,2.842170943040401e-14,0.0,-0.353710131811773,-0.2873242459455705,-39.532122814501925,-63.70001399999998,9.600127267463222,-39.59003440908847,-63.70001591752033,0.0,1,8.881784197001252e-15,0.0,-0.44076481745036933,-0.7068842529220412,85.01348858786022,63.70001399999999,9.600279295007212,85.03303168094477,62.450015783973974,0.0,1,-4.618527782440651e-14,0.0,-0.44076481745036933,-0.7068842529220412,85.01348858786022,-63.70001399999998,9.600279295007212,85.03303168094477,-62.45001578397398,0.0,1,-4.618527782440651e-14
1.5833333333333333,1583333,front_legs_reach,-9.284788348765431,0.0,71.35760582561728,0.9960307667295036,0.0,0.08900961593129732,0.0,-9.284788348765431,0.0,71.35760582561728,30.305246060323036,10.512934749421,0,feet,0.0,-0.357174105843447,-0.28859756698765615,-39.528656870287634,63.70001399999999,9.600105733897344,-39.59003440908847,63.70001591752033,0.0,1,-1.9539925233402755e-14,0.0,-0.357174105843447,-0.28859759722421074,-39.52865687028758,-63.70001399999998,9.600105733897422,-39.59003440908847,-63.70001591752033,0.0,1,6.039613253960852e-14,0.0,-0.44600774433351287,-0.7107768362517084,85.11334085727216,63.70001399999999,9.600269251727816,85.10139952237013,62.45001578028755,0.0,1,3.552713678800501e-15,0.0,-0.44600774433351287,-0.7107768362517084,85.11334085727216,-63.70001399999998,9.600269251727816,85.10139952237013,-62.45001578028754,0.0,1,3.552713678800501e-15
1.5916666666666666,1591667,front_legs_reach,-9.354798116801703,0.0,71.32260094159915,0.995970723293387,0.0,0.0896789738034926,0.0,-9.354798116801703,0.0,71.32260094159915,30.235236292286764,10.35551517976807,0,feet,0.0,-0.36044962201627406,-0.2897975837714606,-39.525350200708175,63.70001399999999,9.600084023458578,-39.59003440908847,63.70001591752033,0.0,1,8.881784197001252e-15,0.0,-0.36044962201627406,-0.2897976141196925,-39.525350200708175,-63.70001399999998,9.600084023458578,-39.59003440908847,-63.70001591752033,0.0,1,8.881784197001252e-15,0.0,-0.45098006273537194,-0.7144431508038696,85.20786239677219,63.70001399999999,9.600268470463746,85.22041612803179,62.45001578028755,0.0,1,-4.440892098500626e-14,0.0,-0.45098006273537194,-0.7144431508038696,85.20786239677219,-63.70001399999998,9.600268470463746,85.22041612803179,-62.45001578028754,0.0,1,-4.440892098500626e-14
1.6,1600000,front_legs_reach,-9.420800000000002,0.0,71.2896,0.9959137052585538,0.0,0.09030997551864553,0.0,-9.420800000000002,0.0,71.2896,30.169234409088467,10.207208348913689,0,feet,0.0,-0.3635367825601552,-0.2909249914243808,-39.522207642883146,63.70001399999999,9.600062334905154,-39.59003440908847,63.70001591752033,0.0,1,1.0658141036401503e-14,0.0,-0.3635367825601552,-0.2909250218774533,-39.52220764288316,-63.70001399999998,9.600062334905132,-39.59003440908847,-63.70001591752033,0.0,1,-1.0658141036401503e-14,0.0,-0.45568008054314735,-0.7178848038951062,85.29704914765051,63.70001399999999,9.600210782233617,85.3326193294689,62.45001578028755,0.0,1,-2.6645352591003757e-14,0.0,-0.45568008054314735,-0.7178848038951062,85.29704914765051,-63.70001399999998,9.600210782233617,85.3326193294689,-62.45001578028754,0.0,1,-2.6645352591003757e-14
1.6083333333333334,1608333,front_legs_reach,-9.482802751253857,0.0,71.25859862437306,0.9958597778396671,0.0,0.09090271107689196,0.0,-9.482802751253857,0.0,71.25859862437306,30.10723165783461,10.067976943901343,0,feet,0.0,-0.36643615162652754,-0.2919806409907917,-39.51923326298689,63.70001399999999,9.600040859391655,-39.59003440908847,63.70001591752033,0.0,1,1.5987211554602254e-14,0.0,-0.36643615162652754,-0.2919806715419613,-39.5192332629869,-63.70001399999998,9.600040859391655,-39.59003440908847,-63.70001591752033,0.0,1,1.5987211554602254e-14,0.0,-0.46010453043730193,-0.7211073006270143,85.38087515927644,63.70001399999999,9.600278895549266,85.35867562063567,62.45001577512771,0.0,1,-4.973799150320701e-14,0.0,-0.46010453043730193,-0.7211073006270143,85.38087515927644,-63.70001399999998,9.600278895549266,85.35867562063567,-62.45001577512771,0.0,1,-4.973799150320701e-14
1.6166666666666667,1616667,front_legs_reach,-9.540825540123457,0.0,71.22958722993828,0.9958089924898873,0.0,0.09145736972095565,0.0,-9.540825540123457,0.0,71.22958722993828,30.04920886896501,9.937761348501823,0,feet,0.0,-0.3691487686295565,-0.29296551233607415,-39.516430327762336,63.70001399999999,9.600019778286423,-39.59003440908847,63.70001591752033,0.0,1,7.105427357601002e-15,0.0,-0.3691487686295565,-0.29296554297870303,-39.516430327762336,-63.70001399999998,9.600019778286423,-39.59003440908847,-63.70001591752033,0.0,1,7.105427357601002e-15,0.0,-0.46425445254591846,-0.7241115590299074,85.45937940366616,63.70001399999999,9.600304340355521,85.45731436171398,62.45001577512771,0.0,1,9.769962616701378e-14,0.0,-0.46425445254591846,-0.7241115590299074,85.45937940366616,-63.70001399999998,9.600304340355521,85.45731436171398,-62.45001577512771,0.0,1,9.769962616701378e-14
1.625,1625000,front_legs_reach,-9.5948982421875,0.0,71.20255087890625,0.9957613864203125,0.0,0.09197424266770038,0.0,-9.5948982421875,0.0,71.20255087890625,29.912299054087367,9.816479060004312,0,feet,0.0,-0.37167611165300896,-0.2938807650874047,-39.51380165976501,63.70001399999999,9.600001945092188,-39.50719729627487,59.93459691168532,0.0,1,-1.2434497875801753e-14,0.0,-0.37167611165300896,-0.29388079581497495,-39.51380165976501,-63.70001399999998,9.600001945092188,-39.50719729627487,-59.93459691168532,0.0,1,-1.2434497875801753e-14,0.0,-0.4681301333805372,-0.726901317560467,85.53259190110371,63.70001399999999,9.600290131070459,85.54923795522285,62.45001577512771,0.0,1,5.861977570020827e-14,0.0,-0.4681301333805372,-0.726901317560467,85.53259190110371,-63.70001399999998,9.600290131070459,85.54923795522285,-62.45001577512771,0.0,1,5.861977570020827e-14
1.6333333333333333,1633333,front_legs_reach,-9.64506172839506,0.0,71.17746913580247,0.9957169821678381,0.0,0.09245372584473421,0.0,-9.64506172839506,0.0,71.17746913580247,29.862135567879807,9.704024093618848,0,feet,0.0,-0.3740199161804987,-0.2947279275106576,-39.51135109645061,63.70001399999999,9.600003318193984,-39.50719729627487,59.93459691168532,0.0,1,1.4210854715202004e-14,0.0,-0.3740199161804987,-0.294727958316805,-39.51135109645061,-63.70001399999998,9.600003318193984,-39.50719729627487,-59.93459691168532,0.0,1,1.4210854715202004e-14,0.0,-0.4717323711192485,-0.7294813322574076,85.60055163600853,63.70001399999999,9.600283171981047,85.5825671459543,62.45001577169819,0.0,1,-1.7763568394002505e-15,0.0,-0.4717323711192485,-0.7294813322574076,85.60055163600853,-63.70001399999998,9.600283171981047,85.5825671459543,-62.45001577169819,0.0,1,-1.7763568394002505e-15
1.6416666666666666,1641667,front_legs_reach,-9.691368154417447,0.0,71.15431592279128,0.995675787212579,0.0,0.0928963226323369,0.0,-9.691368154417447,0.0,71.15431592279128,29.81582914185742,9.60026637408636,0,feet,0.0,-0.3761831009822041,-0.29550803420405636,-39.50907652433192,63.70001399999999,9.600004032910277,-39.50719729627487,59.93459691168532,0.0,1,3.019806626980426e-14,0.0,-0.3761831009822041,-0.2955080650825228,-39.509076524331896,-63.70001399999998,9.600004032910306,-39.50719729627487,-59.93459691168532,0.0,1,5.684341886080802e-14,0.0,-0.4750632199781353,-0.731856335341722,85.66331786687124,63.70001399999999,9.600299802820246,85.66128807019236,62.45001577169819,0.0,1,-1.7763568394002505e-15,0.0,-0.4750632199781353,-0.731856335341722,85.66331786687124,-63.70001399999998,9.600299802820246,85.66128807019236,-62.45001577169819,0.0,1,-1.7763568394002505e-15
1.65,1650000,front_legs_reach,-9.733881249999992,0.0,71.133059375,0.9956377936455599,0.0,0.09330264661091534,0.0,-9.733881249999992,0.0,71.133059375,29.773316046274875,9.505051114220862,0,feet,0.0,-0.37816874171666903,-0.2962226186984136,-39.50697778319051,63.70001399999999,9.600004214332664,-39.50719729627487,59.93459691168532,0.0,1,-1.2434497875801753e-14,0.0,-0.37816874171666903,-0.2962226496430924,-39.50697778319049,-63.70001399999998,9.600004214332692,-39.50719729627487,-59.93459691168532,0.0,1,1.5987211554602254e-14,0.0,-0.47812633695237583,-0.7340305692957618,85.72097583555421,63.70001399999999,9.600291769239988,85.73356033268269,62.45001577169819,0.0,1,0.0,0.0,-0.47812633695237583,-0.7340305692957618,85.72097583555421,-63.70001399999998,9.600291769239988,85.73356033268269,-62.45001577169819,0.0,1,0.0
1.6583333333333334,1658333,front_legs_reach,-9.77267660831404,0.0,71.11366169584298,0.9956029778869017,0.0,0.09367342431412273,0.0,-9.77267660831404,0.0,71.11366169584298,29.734520687960828,9.418198180245398,0,feet,0.0,-0.3799804570988874,-0.2968733648349571,-39.50505381443797,63.70001399999999,9.600003977544866,-39.50719729627487,59.93459691168532,0.0,1,2.6645352591003757e-14,0.0,-0.3799804570988874,-0.2968733958399068,-39.50505381443797,-63.70001399999998,9.600003977544866,-39.50719729627487,-59.93459691168532,0.0,1,2.6645352591003757e-14,0.0,-0.48092585910404484,-0.7360094786194331,85.77361974962842,63.70001399999999,9.600265100120744,85.79951244181656,62.45001577169819,0.0,1,5.329070518200751e-15,0.0,-0.48092585910404484,-0.7360094786194331,85.77361974962842,-63.70001399999998,9.600265100120744,85.79951244181656,-62.45001577169819,0.0,1,5.329070518200751e-15
1.6666666666666667,1666667,front_legs_reach,-9.807841975308639,0.0,71.09607901234568,0.9955713004542175,0.0,0.09400949798769356,0.0,-9.807841975308639,0.0,71.09607901234568,29.699355320966227,9.339501443933173,0,feet,0.0,-0.38162242271525315,-0.29746211229638675,-39.503302649770944,63.70001399999999,9.600003426828522,-39.50719729627487,59.93459691168532,0.0,1,-1.9539925233402755e-14,0.0,-0.38162242271525315,-0.29746214335584265,-39.503302649770944,-63.70001399999998,9.600003426828522,-39.50719729627487,-59.93459691168532,0.0,1,-1.9539925233402755e-14,0.0,-0.48346695266822914,-0.7377989479774496,85.82136118332288,63.70001399999999,9.600225078531821,85.85929356570738,62.45001577169819,0.0,1,-1.9539925233402755e-14,0.0,-0.48346695266822914,-0.7377989479774496,85.82136118332288,-63.70001399999998,9.600225078531821,85.85929356570738,-62.45001577169819,0.0,1,-1.9539925233402755e-14
1.675,1675000,front_legs_reach,-9.8394775390625,0.0,71.08026123046875,0.995542705780385,0.0,0.09431182835397586,0.0,-9.8394775390625,0.0,71.08026123046875,29.667719757212367,9.268728121721352,0,feet,0.0,-0.3830993849073643,-0.29799086254605633,-39.50172140265064,63.70001399999999,9.600002655102777,-39.50719729627487,59.93459691168532,0.0,1,1.0658141036401503e-14,0.0,-0.3830993849073643,-0.29799089365444686,-39.50172140265062,-63.70001399999998,9.600002655102806,-39.50719729627487,-59.93459691168532,0.0,1,3.907985046680551e-14,0.0,-0.4857558055823996,-0.7394053570122785,85.86432909367714,63.70001399999999,9.600178901997197,85.81702310392525,62.45001576525732,0.0,1,0.0,0.0,-0.4857558055823996,-0.7394053570122785,85.86432909367714,-63.70001399999998,9.600178901997197,85.81702310392525,-62.45001576525732,0.0,1,0.0
1.6833333333333333,1683333,front_legs_reach,-9.867696219135812,0.0,71.0661518904321,0.9955171220792586,0.0,0.09458149738204935,0.0,-9.867696219135812,0.0,71.0661518904321,29.639501077139055,9.205618101134633,0,feet,0.0,-0.3844166747207458,-0.29846178516213007,-39.50030626252224,63.70001399999999,9.600001743595953,-39.50719729627487,59.93459691168532,0.0,1,2.1316282072803006e-14,0.0,-0.3844166747207458,-0.29846181631408886,-39.50030626252224,-63.70001399999998,9.600001743595953,-39.50719729627487,-59.93459691168532,0.0,1,2.1316282072803006e-14,0.0,-0.4877988329408032,-0.7408368100413991,85.90265759991473,63.70001399999999,9.600221576872315,85.86499486004989,62.45001576525732,0.0,1,1.7763568394002505e-14,0.0,-0.4877988329408032,-0.7408368100413991,85.90265759991473,-63.70001399999998,9.600221576872315,85.86499486004989,-62.45001576525732,0.0,1,1.7763568394002505e-14
1.6916666666666667,1691667,front_legs_reach,-9.892623955922076,0.0,71.05368802203895,0.995494461257261,0.0,0.0948197110632361,0.0,-9.892623955922076,0.0,71.05368802203895,29.61457334035279,9.149883255032158,0,feet,0.0,-0.38558022191413555,-0.2988772245487077,-39.49905249165255,63.70001399999999,9.600000761747317,-39.50719729627487,59.93459691168532,0.0,1,1.4210854715202004e-14,0.0,-0.38558022191413555,-0.29887725573909085,-39.49905249165255,-63.70001399999998,9.600000761747317,-39.50719729627487,-59.93459691168532,0.0,1,1.4210854715202004e-14,0.0,-0.4896053825453035,-0.7420991419915253,85.93652807581783,63.70001399999999,9.600251180619914,85.90737201258653,62.45001576525732,0.0,1,-6.927791673660977e-14,0.0,-0.4896053825453035,-0.7420991419915253,85.93652807581783,-63.70001399999998,9.600251180619914,85.90737201258653,-62.45001576525732,0.0,1,-6.927791673660977e-14
1.7,1700000,front_legs_reach,-9.914399999999997,0.0,71.0428,0.9954746188681113,0.0,0.0950278021917197,0.0,-9.914399999999997,0.0,71.0428,29.59279729627487,9.101206744377848,0,feet,0.0,-0.3865965690244395,-0.2992397070005435,-39.49795442442725,63.70001399999999,9.59999976732874,-39.50719729627487,59.93459691168532,0.0,1,3.907985046680551e-14,0.0,-0.3865965690244395,-0.29923973822444383,-39.49795442442729,-63.70001399999998,9.59999976732869,-39.50719729627487,-59.93459691168532,0.0,1,-1.2434497875801753e-14,0.0,-0.4911848937605927,-0.74320019929237,85.96612540585936,63.70001399999999,9.600270852174837,85.944391287519,62.45001576525732,0.0,1,-3.730349362740526e-14,0.0,-0.4911848937605927,-0.74320019929237,85.96612540585936,-63.70001399999998,9.600270852174837,85.944391287519,-62.45001576525732,0.0,1,-3.730349362740526e-14
1.7083333333333333,1708333,front_legs_reach,-9.933177201485332,0.0,71.03341139925733,0.9954574741072274,0.0,0.0952072331498966,0.0,-9.933177201485332,0.0,71.03341139925733,29.574020094789535,9.059242310430655,0,feet,0.0,-0.38747288548174197,-0.2995519480921245,-39.49700546890833,63.70001399999999,9.599998806773165,-39.50719729627487,59.93459691168532,0.0,1,5.329070518200751e-15,0.0,-0.38747288548174197,-0.29955197934489153,-39.49700546890833,-63.70001399999998,9.599998806773165,-39.50719729627487,-59.93459691168532,0.0,1,5.329070518200751e-15,0.0,-0.4925479101290646,-0.7441483735213796,85.99165371477868,63.70001399999999,9.600283196607819,85.97631253004407,62.45001576525732,0.0,1,5.1514348342607263e-14,0.0,-0.4925479101290646,-0.7441483735213796,85.99165371477868,-63.70001399999998,9.600283196607819,85.97631253004407,-62.45001576525732,0.0,1,5.1514348342607263e-14
1.7166666666666666,1716667,front_legs_reach,-9.949122299382724,0.0,71.02543885030863,0.9954428898415811,0.0,0.0953595986979909,0.0,-9.949122299382724,0.0,71.02543885030863,29.558074996892145,9.023613557455576,0,feet,0.0,-0.3882169817679233,-0.2998168603555236,-39.49619811040721,63.70001399999999,9.599997915692576,-39.50719729627487,59.93459691168532,0.0,1,2.1316282072803006e-14,0.0,-0.3882169817679233,-0.29981689163277636,-39.49619811040721,-63.70001399999998,9.599997915692576,-39.50719729627487,-59.93459691168532,0.0,1,2.1316282072803006e-14,0.0,-0.4937060912648974,-0.744952626619817,86.01333671263862,63.70001399999999,9.600290331541572,86.00341919646964,62.45001576525732,0.0,1,-5.1514348342607263e-14,0.0,-0.4937060912648974,-0.744952626619817,86.01333671263862,-63.70001399999998,9.600290331541572,86.00341919646964,-62.45001576525732,0.0,1,-5.1514348342607263e-14
1.725,1725000,front_legs_reach,-9.962416210937509,0.0,71.01879189453125,0.995430712669969,0.0,0.09548662876737087,0.0,-9.962416210937509,0.0,71.01879189453125,29.54478108533736,8.993913227269744,0,feet,0.0,-0.3888373236113898,-0.30003756120447855,-39.49552391678341,63.70001399999999,9.599997119562204,-39.50719729627487,59.93459691168532,0.0,1,1.2434497875801753e-14,0.0,-0.3888373236113898,-0.3000375925021279,-39.49552391678344,-63.70001399999998,9.599997119562175,-39.50719729627487,-59.93459691168532,0.0,1,-1.5987211554602254e-14,0.0,-0.4946722239701007,-0.745622517187273,86.03141803155556,63.70001399999999,9.600293935907139,86.02601884611276,62.45001576525732,0.0,1,1.4210854715202004e-14,0.0,-0.4946722239701007,-0.745622517187273,86.03141803155556,-63.70001399999998,9.600293935907139,86.02601884611276,-62.45001576525732,0.0,1,1.4210854715202004e-14
1.7333333333333334,1733333,front_legs_reach,-9.973254320987655,0.0,71.01337283950618,0.9954207730078105,0.0,0.09559019125691161,0.0,-9.973254320987655,0.0,71.01337283950618,29.514803418416022,8.969702467159692,0,feet,0.0,-0.38934304088593663,-0.3002173861047184,-39.49497358577092,63.70001399999999,9.599996718325592,-39.48805773940367,66.27374638689588,0.0,1,-1.4210854715202004e-14,0.0,-0.38934304088593574,-0.3002174174189842,-39.49497358577095,-63.70001399999998,9.599996718325599,-39.488057739403686,-66.27374638689588,0.0,1,-7.105427357601002e-15,0.0,-0.495460232731197,-0.7461682276451578,86.0461615555462,63.70001399999999,9.600295300445765,86.04444363319801,62.45001576525732,0.0,1,-1.4210854715202004e-14,0.0,-0.495460232731197,-0.7461682276451578,86.0461615555462,-63.70001399999998,9.600295300445765,86.04444363319801,-62.45001576525732,0.0,1,-1.4210854715202004e-14
1.7416666666666667,1741667,front_legs_reach,-9.981846771315585,0.0,71.0090766143422,0.9954128851896814,0.0,0.09567229483165017,0.0,-9.981846771315585,0.0,71.0090766143422,29.506210968088094,8.950510092938174,0,feet,0.0,-0.389743946806409,-0.3003598921306305,-39.49453691478999,63.70001399999999,9.599997022972445,-39.48805773940367,66.27374638689588,0.0,1,7.105427357601002e-15,0.0,-0.389743946806409,-0.30035992345806317,-39.494536914790004,-63.70001399999998,9.599997022972424,-39.488057739403686,-66.27374638689588,0.0,1,-1.5987211554602254e-14,0.0,-0.49608518978070215,-0.74660059202734,86.05785174513711,63.70001399999999,9.600295379272922,86.0590507987555,62.45001576525732,0.0,1,3.552713678800501e-15,0.0,-0.49608518978070215,-0.74660059202734,86.05785174513711,-63.70001399999998,9.600295379272922,86.0590507987555,-62.45001576525732,0.0,1,3.552713678800501e-15
1.75,1750000,front_legs_reach,-9.98841874999999,0.0,71.005790625,0.9954068475818368,0.0,0.09573509172288795,0.0,-9.98841874999999,0.0,71.005790625,29.49963898940369,8.935831849147291,0,feet,0.0,-0.3900505730722714,-0.30046884646800454,-39.494202649632,63.70001399999999,9.599997242753304,-39.48805773940367,66.27374638689588,0.0,1,-3.375077994860476e-14,0.0,-0.39005057307227053,-0.3004688778055038,-39.49420264963202,-63.70001399999998,9.59999724275334,-39.488057739403686,-66.27374638689588,0.0,1,3.552713678800501e-15,0.0,-0.49656332493509314,-0.7469311241218382,86.06679395857974,63.70001399999999,9.600294841700432,86.07022316251899,62.45001576525732,0.0,1,5.3290705182007514e-14,0.0,-0.49656332493509314,-0.7469311241218382,86.06679395857974,-63.70001399999998,9.600294841700432,86.07022316251899,-62.45001576525732,0.0,1,5.3290705182007514e-14
1.7583333333333333,1758333,front_legs_reach,-9.993210780767743,0.0,71.00339460961612,0.995402442695982,0.0,0.09578088052879978,0.0,-9.993210780767743,0.0,71.00339460961612,29.494846958635936,8.925129668663729,0,feet,0.0,-0.39027414828264817,-0.3005482687219816,-39.49395876616664,63.70001399999999,9.599997395764035,-39.48805773940367,66.27374638689588,0.0,1,-1.4210854715202004e-14,0.0,-0.39027414828264817,-0.3005483000668181,-39.493958766166635,-63.70001399999998,9.599997395764063,-39.488057739403686,-66.27374638689588,0.0,1,1.4210854715202004e-14,0.0,-0.49691203545053053,-0.7471720456515145,86.07331477171158,63.70001399999999,9.600294123389055,86.07836961482417,62.45001576525732,0.0,1,-6.217248937900877e-14,0.0,-0.49691203545053053,-0.7471720456515145,86.07331477171158,-63.70001399999998,9.600294123389055,86.07836961482417,-62.45001576525732,0.0,1,-6.217248937900877e-14
1.7666666666666666,1766667,front_legs_reach,-9.996479012345684,0.0,71.00176049382716,0.9953994372944922,0.0,0.09581210901451016,0.0,-9.996479012345684,0.0,71.00176049382716,29.491578727057995,8.917830934220731,0,feet,0.0,-0.3904266274041648,-0.3006024246778205,-39.49379236153783,63.70001399999999,9.599997496609205,-39.48805773940367,66.27374638689588,0.0,1,3.375077994860476e-14,0.0,-0.3904266274041648,-0.3006024560276588,-39.49379236153784,-63.70001399999998,9.599997496609177,-39.488057739403686,-66.27374638689588,0.0,1,5.329070518200751e-15,0.0,-0.49714989616911076,-0.7473363141438099,86.07776229869467,63.70001399999999,9.600293475755294,86.08392560850668,62.45001576525732,0.0,1,-5.5067062021407764e-14,0.0,-0.49714989616911076,-0.7473363141438099,86.07776229869467,-63.70001399999998,9.600293475755294,86.08392560850668,-62.45001576525732,0.0,1,-5.5067062021407764e-14
1.775,1775000,front_legs_reach,-9.998495507812494,0.0,71.00075224609375,0.9953975824761866,0.0,0.09583137691050503,0.0,-9.998495507812494,0.0,71.00075224609375,29.489562231591187,8.913327744628035,0,feet,0.0,-0.390520705941253,-0.3006358343461306,-39.49368966064165,63.70001399999999,9.59999755740889,-39.48805773940367,66.27374638689588,0.0,1,5.329070518200751e-15,0.0,-0.39052070594125254,-0.3006358656990553,-39.49368966064168,-63.70001399999998,9.599997557408898,-39.488057739403686,-66.27374638689588,0.0,1,1.2434497875801753e-14,0.0,-0.49729667026211377,-0.7474376500998892,86.08050651605897,63.70001399999999,9.600293012391035,86.08735365080025,62.45001576525732,0.0,1,-1.2434497875801753e-14,0.0,-0.49729667026211377,-0.7474376500998892,86.08050651605897,-63.70001399999998,9.600293012391035,86.08735365080025,-62.45001576525732,0.0,1,-1.2434497875801753e-14
1.7833333333333334,1783333,front_legs_reach,-9.999548533950609,0.0,71.00022573302469,0.9953966137306037,0.0,0.09584143870814638,0.0,-9.999548533950609,0.0,71.00022573302469,29.48850920545307,8.910976188750539,0,feet,0.0,-0.3905698340433439,-0.3006532797124213,-39.49363602069079,63.70001399999999,9.59999758872737,-39.48805773940367,66.27374638689588,0.0,1,0.0,0.0,-0.39056983404334433,-0.30065331106695714,-39.4936360206908,-63.70001399999998,9.59999758872734,-39.488057739403686,-66.27374638689588,0.0,1,-2.6645352591003757e-14,0.0,-0.4973733209122235,-0.7474905630319189,86.08193959266902,63.70001399999999,9.600292751082385,86.08914379523505,62.45001576525732,0.0,1,5.684341886080802e-14,0.0,-0.4973733209122235,-0.7474905630319189,86.08193959266902,-63.70001399999998,9.600292751082385,86.08914379523505,-62.45001576525732,0.0,1,5.684341886080802e-14
1.7916666666666667,1791667,front_legs_reach,-9.999942850597977,0.0,71.000028574701,0.9953962509475178,0.0,0.09584520645095458,0.0,-9.999942850597977,0.0,71.000028574701,29.488114888805704,8.910095630595833,0,feet,0.0,-0.3905882305255073,-0.3006598120712787,-39.49361593307517,63.70001399999999,9.599997600378686,-39.48805773940367,66.27374638689588,0.0,1,0.0,0.0,-0.3905882305255064,-0.3006598434264185,-39.4936159330752,-63.70001399999998,9.599997600378693,-39.488057739403686,-66.27374638689588,0.0,1,7.105427357601002e-15,0.0,-0.4974020243141313,-0.7475103758936483,86.08247622843267,63.70001399999999,9.600292649818847,86.08981413353557,62.45001576525732,0.0,1,-7.638334409421077e-14,0.0,-0.4974020243141313,-0.7475103758936483,86.08247622843267,-63.70001399999998,9.600292649818847,86.08981413353557,-62.45001576525732,0.0,1,-7.638334409421077e-14
1.8,1800000,front_legs_reach,-10.0,0.0,71.0,0.9953961983671789,0.0,0.09584575252022398,0.0,-10.0,0.0,71.0,29.48805773940368,8.909968009162895,0,feet,0.0,-0.39059089677630476,-0.3006607588132173,-39.493613021650305,63.70001399999999,9.599997602063873,-39.48805773940367,66.27374638689588,0.0,1,-2.3092638912203256e-14,0.0,-0.39059089677630476,-0.30066079016844505,-39.49361302165028,-63.70001399999998,9.599997602063901,-39.488057739403686,-66.27374638689588,0.0,1,7.105427357601002e-15,0.0,-0.49740618441210094,-0.7475132473840378,86.08255400477485,63.70001399999999,9.600292634988222,86.089911287519,62.45001576525732,0.0,1,-3.552713678800501e-15,0.0,-0.49740618441210094,-0.7475132473840378,86.08255400477485,-63.70001399999998,9.600292634988222,86.089911287519,-62.45001576525732,0.0,1,-3.552713678800501e-15
1.8083333333333333,1808333,hold_front_stretch,-10.0,0.0,71.0,0.9953961983671789,0.0,0.09584575252022398,0.0,-10.0,0.0,71.0,29.48805773940368,8.909968009162895,0,feet,0.0,-0.39059089677630476,-0.3006607588132173,-39.493613021650305,63.70001399999999,9.599997602063873,-39.48805773940367,66.27374638689588,0.0,1,-2.3092638912203256e-14,0.0,-0.39059089677630476,-0.30066079016844505,-39.49361302165028,-63.70001399999998,9.599997602063901,-39.488057739403686,-66.27374638689588,0.0,1,7.105427357601002e-15,0.0,-0.49740618441210094,-0.7475132473840378,86.08255400477485,63.70001399999999,9.600292634988222,86.089911287519,62.45001576525732,0.0,1,-3.552713678800501e-15,0.0,-0.49740618441210094,-0.7475132473840378,86.08255400477485,-63.70001399999998,9.600292634988222,86.089911287519,-62.45001576525732,0.0,1,-3.552713678800501e-15
1.8166666666666667,1816667,hold_front_stretch,-10.0,0.0,71.0,0.9953961983671789,0.0,0.09584575252022398,0.0,-10.0,0.0,71.0,29.48805773940368,8.909968009162895,0,feet,0.0,-0.39059089677630476,-0.3006607588132173,-39.493613021650305,63.70001399999999,9.599997602063873,-39.48805773940367,66.27374638689588,0.0,1,-2.3092638912203256e-14,0.0,-0.39059089677630476,-0.30066079016844505,-39.49361302165028,-63.70001399999998,9.599997602063901,-39.488057739403686,-66.27374638689588,0.0,1,7.105427357601002e-15,0.0,-0.49740618441210094,-0.7475132473840378,86.08255400477485,63.70001399999999,9.600292634988222,86.089911287519,62.45001576525732,0.0,1,-3.552713678800501e-15,0.0,-0.49740618441210094,-0.7475132473840378,86.08255400477485,-63.70001399999998,9.600292634988222,86.089911287519,-62.45001576525732,0.0,1,-3.552713678800501e-15
1.825,1825000,hold_front_stretch,-10.0,0.0,71.0,0.9953961983671789,0.0,0.09584575252022398,0.0,-10.0,0.0,71.0,29.48805773940368,8.909968009162895,0,feet,0.0,-0.39059089677630476,-0.3006607588132173,-39.493613021650305,63.70001399999999,9.599997602063873,-39.48805773940367,66.27374638689588,0.0,1,-2.3092638912203256e-14,0.0,-0.39059089677630476,-0.30066079016844505,-39.49361302165028,-63.70001399999998,9.599997602063901,-39.488057739403686,-66.27374638689588,0.0,1,7.105427357601002e-15,0.0,-0.49740618441210094,-0.7475132473840378,86.08255400477485,63.70001399999999,9.600292634988222,86.089911287519,62.45001576525732,0.0,1,-3.552713678800501e-15,0.0,-0.49740618441210094,-0.7475132473840378,86.08255400477485,-63.70001399999998,9.600292634988222,86.089911287519,-62.45001576525732,0.0,1,-3.552713678800501e-15
1.8333333333333333,1833333,hold_front_stretch,-10.0,0.0,71.0,0.9953961983671789,0.0,0.09584575252022398,0.0,-10.0,0.0,71.0,29.48805773940368,8.909968009162895,0,feet,0.0,-0.39059089677630476,-0.3006607588132173,-39.493613021650305,63.70001399999999,9.599997602063873,-39.48805773940367,66.27374638689588,0.0,1,-2.3092638912203256e-14,0.0,-0.39059089677630476,-0.30066079016844505,-39.49361302165028,-63.70001399999998,9.599997602063901,-39.488057739403686,-66.27374638689588,0.0,1,7.105427357601002e-15,0.0,-0.49740618441210094,-0.7475132473840378,86.08255400477485,63.70001399999999,9.600292634988222,86.089911287519,62.45001576525732,0.0,1,-3.552713678800501e-15,0.0,-0.49740618441210094,-0.7475132473840378,86.08255400477485,-63.70001399999998,9.600292634988222,86.089911287519,-62.45001576525732,0.0,1,-3.552713678800501e-15
1.8416666666666666,1841667,hold_front_stretch,-10.0,0.0,71.0,0.9953961983671789,0.0,0.09584575252022398,0.0,-10.0,0.0,71.0,29.48805773940368,8.909968009162895,0,feet,0.0,-0.39059089677630476,-0.3006607588132173,-39.493613021650305,63.70001399999999,9.599997602063873,-39.48805773940367,66.27374638689588,0.0,1,-2.3092638912203256e-14,0.0,-0.39059089677630476,-0.30066079016844505,-39.49361302165028,-63.70001399999998,9.599997602063901,-39.488057739403686,-66.27374638689588,0.0,1,7.105427357601002e-15,0.0,-0.49740618441210094,-0.7475132473840378,86.08255400477485,63.70001399999999,9.600292634988222,86.089911287519,62.45001576525732,0.0,1,-3.552713678800501e-15,0.0,-0.49740618441210094,-0.7475132473840378,86.08255400477485,-63.70001399999998,9.600292634988222,86.089911287519,-62.45001576525732,0.0,1,-3.552713678800501e-15
1.85,1850000,hold_front_stretch,-10.0,0.0,71.0,0.9953961983671789,0.0,0.09584575252022398,0.0,-10.0,0.0,71.0,29.48805773940368,8.909968009162895,0,feet,0.0,-0.39059089677630476,-0.3006607588132173,-39.493613021650305,63.70001399999999,9.599997602063873,-39.48805773940367,66.27374638689588,0.0,1,-2.3092638912203256e-14,0.0,-0.39059089677630476,-0.30066079016844505,-39.49361302165028,-63.70001399999998,9.599997602063901,-39.488057739403686,-66.27374638689588,0.0,1,7.105427357601002e-15,0.0,-0.49740618441210094,-0.7475132473840378,86.08255400477485,63.70001399999999,9.600292634988222,86.089911287519,62.45001576525732,0.0,1,-3.552713678800501e-15,0.0,-0.49740618441210094,-0.7475132473840378,86.08255400477485,-63.70001399999998,9.600292634988222,86.089911287519,-62.45001576525732,0.0,1,-3.552713678800501e-15
1.8583333333333334,1858333,hold_front_stretch,-10.0,0.0,71.0,0.9953961983671789,0.0,0.09584575252022398,0.0,-10.0,0.0,71.0,29.48805773940368,8.909968009162895,0,feet,0.0,-0.39059089677630476,-0.3006607588132173,-39.493613021650305,63.70001399999999,9.599997602063873,-39.48805773940367,66.27374638689588,0.0,1,-2.3092638912203256e-14,0.0,-0.39059089677630476,-0.30066079016844505,-39.49361302165028,-63.70001399999998,9.599997602063901,-39.488057739403686,-66.27374638689588,0.0,1,7.105427357601002e-15,0.0,-0.49740618441210094,-0.7475132473840378,86.08255400477485,63.70001399999999,9.600292634988222,86.089911287519,62.45001576525732,0.0,1,-3.552713678800501e-15,0.0,-0.49740618441210094,-0.7475132473840378,86.08255400477485,-63.70001399999998,9.600292634988222,86.089911287519,-62.45001576525732,0.0,1,-3.552713678800501e-15
1.8666666666666667,1866667,hold_front_stretch,-10.0,0.0,71.0,0.9953961983671789,0.0,0.09584575252022398,0.0,-10.0,0.0,71.0,29.48805773940368,8.909968009162895,0,feet,0.0,-0.39059089677630476,-0.3006607588132173,-39.493613021650305,63.70001399999999,9.599997602063873,-39.48805773940367,66.27374638689588,0.0,1,-2.3092638912203256e-14,0.0,-0.39059089677630476,-0.30066079016844505,-39.49361302165028,-63.70001399999998,9.599997602063901,-39.488057739403686,-66.27374638689588,0.0,1,7.105427357601002e-15,0.0,-0.49740618441210094,-0.7475132473840378,86.08255400477485,63.70001399999999,9.600292634988222,86.089911287519,62.45001576525732,0.0,1,-3.552713678800501e-15,0.0,-0.49740618441210094,-0.7475132473840378,86.08255400477485,-63.70001399999998,9.600292634988222,86.089911287519,-62.45001576525732,0.0,1,-3.552713678800501e-15
1.875,1875000,hold_front_stretch,-10.0,0.0,71.0,0.9953961983671789,0.0,0.09584575252022398,0.0,-10.0,0.0,71.0,29.48805773940368,8.909968009162895,0,feet,0.0,-0.39059089677630476,-0.3006607588132173,-39.493613021650305,63.70001399999999,9.599997602063873,-39.48805773940367,66.27374638689588,0.0,1,-2.3092638912203256e-14,0.0,-0.39059089677630476,-0.30066079016844505,-39.49361302165028,-63.70001399999998,9.599997602063901,-39.488057739403686,-66.27374638689588,0.0,1,7.105427357601002e-15,0.0,-0.49740618441210094,-0.7475132473840378,86.08255400477485,63.70001399999999,9.600292634988222,86.089911287519,62.45001576525732,0.0,1,-3.552713678800501e-15,0.0,-0.49740618441210094,-0.7475132473840378,86.08255400477485,-63.70001399999998,9.600292634988222,86.089911287519,-62.45001576525732,0.0,1,-3.552713678800501e-15
1.8833333333333333,1883333,hold_front_stretch,-10.0,0.0,71.0,0.9953961983671789,0.0,0.09584575252022398,0.0,-10.0,0.0,71.0,29.48805773940368,8.909968009162895,0,feet,0.0,-0.39059089677630476,-0.3006607588132173,-39.493613021650305,63.70001399999999,9.599997602063873,-39.48805773940367,66.27374638689588,0.0,1,-2.3092638912203256e-14,0.0,-0.39059089677630476,-0.30066079016844505,-39.49361302165028,-63.70001399999998,9.599997602063901,-39.488057739403686,-66.27374638689588,0.0,1,7.105427357601002e-15,0.0,-0.49740618441210094,-0.7475132473840378,86.08255400477485,63.70001399999999,9.600292634988222,86.089911287519,62.45001576525732,0.0,1,-3.552713678800501e-15,0.0,-0.49740618441210094,-0.7475132473840378,86.08255400477485,-63.70001399999998,9.600292634988222,86.089911287519,-62.45001576525732,0.0,1,-3.552713678800501e-15
1.8916666666666666,1891667,hold_front_stretch,-10.0,0.0,71.0,0.9953961983671789,0.0,0.09584575252022398,0.0,-10.0,0.0,71.0,29.48805773940368,8.909968009162895,0,feet,0.0,-0.39059089677630476,-0.3006607588132173,-39.493613021650305,63.70001399999999,9.599997602063873,-39.48805773940367,66.27374638689588,0.0,1,-2.3092638912203256e-14,0.0,-0.39059089677630476,-0.30066079016844505,-39.49361302165028,-63.70001399999998,9.599997602063901,-39.488057739403686,-66.27374638689588,0.0,1,7.105427357601002e-15,0.0,-0.49740618441210094,-0.7475132473840378,86.08255400477485,63.70001399999999,9.600292634988222,86.089911287519,62.45001576525732,0.0,1,-3.552713678800501e-15,0.0,-0.49740618441210094,-0.7475132473840378,86.08255400477485,-63.70001399999998,9.600292634988222,86.089911287519,-62.45001576525732,0.0,1,-3.552713678800501e-15
1.9,1900000,hold_front_stretch,-10.0,0.0,71.0,0.9953961983671789,0.0,0.09584575252022398,0.0,-10.0,0.0,71.0,29.48805773940368,8.909968009162895,0,feet,0.0,-0.39059089677630476,-0.3006607588132173,-39.493613021650305,63.70001399999999,9.599997602063873,-39.48805773940367,66.27374638689588,0.0,1,-2.3092638912203256e-14,0.0,-0.39059089677630476,-0.30066079016844505,-39.49361302165028,-63.70001399999998,9.599997602063901,-39.488057739403686,-66.27374638689588,0.0,1,7.105427357601002e-15,0.0,-0.49740618441210094,-0.7475132473840378,86.08255400477485,63.70001399999999,9.600292634988222,86.089911287519,62.45001576525732,0.0,1,-3.552713678800501e-15,0.0,-0.49740618441210094,-0.7475132473840378,86.08255400477485,-63.70001399999998,9.600292634988222,86.089911287519,-62.45001576525732,0.0,1,-3.552713678800501e-15
1.9083333333333334,1908333,hold_front_stretch,-10.0,0.0,71.0,0.9953961983671789,0.0,0.09584575252022398,0.0,-10.0,0.0,71.0,29.48805773940368,8.909968009162895,0,feet,0.0,-0.39059089677630476,-0.3006607588132173,-39.493613021650305,63.70001399999999,9.599997602063873,-39.48805773940367,66.27374638689588,0.0,1,-2.3092638912203256e-14,0.0,-0.39059089677630476,-0.30066079016844505,-39.49361302165028,-63.70001399999998,9.599997602063901,-39.488057739403686,-66.27374638689588,0.0,1,7.105427357601002e-15,0.0,-0.49740618441210094,-0.7475132473840378,86.08255400477485,63.70001399999999,9.600292634988222,86.089911287519,62.45001576525732,0.0,1,-3.552713678800501e-15,0.0,-0.49740618441210094,-0.7475132473840378,86.08255400477485,-63.70001399999998,9.600292634988222,86.089911287519,-62.45001576525732,0.0,1,-3.552713678800501e-15
1.9166666666666667,1916667,hold_front_stretch,-10.0,0.0,71.0,0.9953961983671789,0.0,0.09584575252022398,0.0,-10.0,0.0,71.0,29.48805773940368,8.909968009162895,0,feet,0.0,-0.39059089677630476,-0.3006607588132173,-39.493613021650305,63.70001399999999,9.599997602063873,-39.48805773940367,66.27374638689588,0.0,1,-2.3092638912203256e-14,0.0,-0.39059089677630476,-0.30066079016844505,-39.49361302165028,-63.70001399999998,9.599997602063901,-39.488057739403686,-66.27374638689588,0.0,1,7.105427357601002e-15,0.0,-0.49740618441210094,-0.7475132473840378,86.08255400477485,63.70001399999999,9.600292634988222,86.089911287519,62.45001576525732,0.0,1,-3.552713678800501e-15,0.0,-0.49740618441210094,-0.7475132473840378,86.08255400477485,-63.70001399999998,9.600292634988222,86.089911287519,-62.45001576525732,0.0,1,-3.552713678800501e-15
1.925,1925000,hold_front_stretch,-10.0,0.0,71.0,0.9953961983671789,0.0,0.09584575252022398,0.0,-10.0,0.0,71.0,29.48805773940368,8.909968009162895,0,feet,0.0,-0.39059089677630476,-0.3006607588132173,-39.493613021650305,63.70001399999999,9.599997602063873,-39.48805773940367,66.27374638689588,0.0,1,-2.3092638912203256e-14,0.0,-0.39059089677630476,-0.30066079016844505,-39.49361302165028,-63.70001399999998,9.599997602063901,-39.488057739403686,-66.27374638689588,0.0,1,7.105427357601002e-15,0.0,-0.49740618441210094,-0.7475132473840378,86.08255400477485,63.70001399999999,9.600292634988222,86.089911287519,62.45001576525732,0.0,1,-3.552713678800501e-15,0.0,-0.49740618441210094,-0.7475132473840378,86.08255400477485,-63.70001399999998,9.600292634988222,86.089911287519,-62.45001576525732,0.0,1,-3.552713678800501e-15
1.9333333333333333,1933333,hold_front_stretch,-10.0,0.0,71.0,0.9953961983671789,0.0,0.09584575252022398,0.0,-10.0,0.0,71.0,29.48805773940368,8.909968009162895,0,feet,0.0,-0.39059089677630476,-0.3006607588132173,-39.493613021650305,63.70001399999999,9.599997602063873,-39.48805773940367,66.27374638689588,0.0,1,-2.3092638912203256e-14,0.0,-0.39059089677630476,-0.30066079016844505,-39.49361302165028,-63.70001399999998,9.599997602063901,-39.488057739403686,-66.27374638689588,0.0,1,7.105427357601002e-15,0.0,-0.49740618441210094,-0.7475132473840378,86.08255400477485,63.70001399999999,9.600292634988222,86.089911287519,62.45001576525732,0.0,1,-3.552713678800501e-15,0.0,-0.49740618441210094,-0.7475132473840378,86.08255400477485,-63.70001399999998,9.600292634988222,86.089911287519,-62.45001576525732,0.0,1,-3.552713678800501e-15
1.9416666666666667,1941667,hold_front_stretch,-10.0,0.0,71.0,0.9953961983671789,0.0,0.09584575252022398,0.0,-10.0,0.0,71.0,29.48805773940368,8.909968009162895,0,feet,0.0,-0.39059089677630476,-0.3006607588132173,-39.493613021650305,63.70001399999999,9.599997602063873,-39.48805773940367,66.27374638689588,0.0,1,-2.3092638912203256e-14,0.0,-0.39059089677630476,-0.30066079016844505,-39.49361302165028,-63.70001399999998,9.599997602063901,-39.488057739403686,-66.27374638689588,0.0,1,7.105427357601002e-15,0.0,-0.49740618441210094,-0.7475132473840378,86.08255400477485,63.70001399999999,9.600292634988222,86.089911287519,62.45001576525732,0.0,1,-3.552713678800501e-15,0.0,-0.49740618441210094,-0.7475132473840378,86.08255400477485,-63.70001399999998,9.600292634988222,86.089911287519,-62.45001576525732,0.0,1,-3.552713678800501e-15
1.95,1950000,hold_front_stretch,-10.0,0.0,71.0,0.9953961983671789,0.0,0.09584575252022398,0.0,-10.0,0.0,71.0,29.48805773940368,8.909968009162895,0,feet,0.0,-0.39059089677630476,-0.3006607588132173,-39.493613021650305,63.70001399999999,9.599997602063873,-39.48805773940367,66.27374638689588,0.0,1,-2.3092638912203256e-14,0.0,-0.39059089677630476,-0.30066079016844505,-39.49361302165028,-63.70001399999998,9.599997602063901,-39.488057739403686,-66.27374638689588,0.0,1,7.105427357601002e-15,0.0,-0.49740618441210094,-0.7475132473840378,86.08255400477485,63.70001399999999,9.600292634988222,86.089911287519,62.45001576525732,0.0,1,-3.552713678800501e-15,0.0,-0.49740618441210094,-0.7475132473840378,86.08255400477485,-63.70001399999998,9.600292634988222,86.089911287519,-62.45001576525732,0.0,1,-3.552713678800501e-15
1.9583333333333333,1958333,hold_front_stretch,-10.0,0.0,71.0,0.9953961983671789,0.0,0.09584575252022398,0.0,-10.0,0.0,71.0,29.48805773940368,8.909968009162895,0,feet,0.0,-0.39059089677630476,-0.3006607588132173,-39.493613021650305,63.70001399999999,9.599997602063873,-39.48805773940367,66.27374638689588,0.0,1,-2.3092638912203256e-14,0.0,-0.39059089677630476,-0.30066079016844505,-39.49361302165028,-63.70001399999998,9.599997602063901,-39.488057739403686,-66.27374638689588,0.0,1,7.105427357601002e-15,0.0,-0.49740618441210094,-0.7475132473840378,86.08255400477485,63.70001399999999,9.600292634988222,86.089911287519,62.45001576525732,0.0,1,-3.552713678800501e-15,0.0,-0.49740618441210094,-0.7475132473840378,86.08255400477485,-63.70001399999998,9.600292634988222,86.089911287519,-62.45001576525732,0.0,1,-3.552713678800501e-15
1.9666666666666666,1966667,hold_front_stretch,-10.0,0.0,71.0,0.9953961983671789,0.0,0.09584575252022398,0.0,-10.0,0.0,71.0,29.48805773940368,8.909968009162895,0,feet,0.0,-0.39059089677630476,-0.3006607588132173,-39.493613021650305,63.70001399999999,9.599997602063873,-39.48805773940367,66.27374638689588,0.0,1,-2.3092638912203256e-14,0.0,-0.39059089677630476,-0.30066079016844505,-39.49361302165028,-63.70001399999998,9.599997602063901,-39.488057739403686,-66.27374638689588,0.0,1,7.105427357601002e-15,0.0,-0.49740618441210094,-0.7475132473840378,86.08255400477485,63.70001399999999,9.600292634988222,86.089911287519,62.45001576525732,0.0,1,-3.552713678800501e-15,0.0,-0.49740618441210094,-0.7475132473840378,86.08255400477485,-63.70001399999998,9.600292634988222,86.089911287519,-62.45001576525732,0.0,1,-3.552713678800501e-15
1.975,1975000,hold_front_stretch,-10.0,0.0,71.0,0.9953961983671789,0.0,0.09584575252022398,0.0,-10.0,0.0,71.0,29.48805773940368,8.909968009162895,0,feet,0.0,-0.39059089677630476,-0.3006607588132173,-39.493613021650305,63.70001399999999,9.599997602063873,-39.48805773940367,66.27374638689588,0.0,1,-2.3092638912203256e-14,0.0,-0.39059089677630476,-0.30066079016844505,-39.49361302165028,-63.70001399999998,9.599997602063901,-39.488057739403686,-66.27374638689588,0.0,1,7.105427357601002e-15,0.0,-0.49740618441210094,-0.7475132473840378,86.08255400477485,63.70001399999999,9.600292634988222,86.089911287519,62.45001576525732,0.0,1,-3.552713678800501e-15,0.0,-0.49740618441210094,-0.7475132473840378,86.08255400477485,-63.70001399999998,9.600292634988222,86.089911287519,-62.45001576525732,0.0,1,-3.552713678800501e-15
1.9833333333333334,1983333,hold_front_stretch,-10.0,0.0,71.0,0.9953961983671789,0.0,0.09584575252022398,0.0,-10.0,0.0,71.0,29.48805773940368,8.909968009162895,0,feet,0.0,-0.39059089677630476,-0.3006607588132173,-39.493613021650305,63.70001399999999,9.599997602063873,-39.48805773940367,66.27374638689588,0.0,1,-2.3092638912203256e-14,0.0,-0.39059089677630476,-0.30066079016844505,-39.49361302165028,-63.70001399999998,9.599997602063901,-39.488057739403686,-66.27374638689588,0.0,1,7.105427357601002e-15,0.0,-0.49740618441210094,-0.7475132473840378,86.08255400477485,63.70001399999999,9.600292634988222,86.089911287519,62.45001576525732,0.0,1,-3.552713678800501e-15,0.0,-0.49740618441210094,-0.7475132473840378,86.08255400477485,-63.70001399999998,9.600292634988222,86.089911287519,-62.45001576525732,0.0,1,-3.552713678800501e-15
1.9916666666666667,1991667,hold_front_stretch,-10.0,0.0,71.0,0.9953961983671789,0.0,0.09584575252022398,0.0,-10.0,0.0,71.0,29.48805773940368,8.909968009162895,0,feet,0.0,-0.39059089677630476,-0.3006607588132173,-39.493613021650305,63.70001399999999,9.599997602063873,-39.48805773940367,66.27374638689588,0.0,1,-2.3092638912203256e-14,0.0,-0.39059089677630476,-0.30066079016844505,-39.49361302165028,-63.70001399999998,9.599997602063901,-39.488057739403686,-66.27374638689588,0.0,1,7.105427357601002e-15,0.0,-0.49740618441210094,-0.7475132473840378,86.08255400477485,63.70001399999999,9.600292634988222,86.089911287519,62.45001576525732,0.0,1,-3.552713678800501e-15,0.0,-0.49740618441210094,-0.7475132473840378,86.08255400477485,-63.70001399999998,9.600292634988222,86.089911287519,-62.45001576525732,0.0,1,-3.552713678800501e-15
2.0,2000000,hold_front_stretch,-10.0,0.0,71.0,0.9953961983671789,0.0,0.09584575252022398,0.0,-10.0,0.0,71.0,29.48805773940368,8.909968009162895,0,feet,0.0,-0.39059089677630476,-0.3006607588132173,-39.493613021650305,63.70001399999999,9.599997602063873,-39.48805773940367,66.27374638689588,0.0,1,-2.3092638912203256e-14,0.0,-0.39059089677630476,-0.30066079016844505,-39.49361302165028,-63.70001399999998,9.599997602063901,-39.488057739403686,-66.27374638689588,0.0,1,7.105427357601002e-15,0.0,-0.49740618441210094,-0.7475132473840378,86.08255400477485,63.70001399999999,9.600292634988222,86.089911287519,62.45001576525732,0.0,1,-3.552713678800501e-15,0.0,-0.49740618441210094,-0.7475132473840378,86.08255400477485,-63.70001399999998,9.600292634988222,86.089911287519,-62.45001576525732,0.0,1,-3.552713678800501e-15
2.0083333333333333,2008333,hold_front_stretch,-10.0,0.0,71.0,0.9953961983671789,0.0,0.09584575252022398,0.0,-10.0,0.0,71.0,29.48805773940368,8.909968009162895,0,feet,0.0,-0.39059089677630476,-0.3006607588132173,-39.493613021650305,63.70001399999999,9.599997602063873,-39.48805773940367,66.27374638689588,0.0,1,-2.3092638912203256e-14,0.0,-0.39059089677630476,-0.30066079016844505,-39.49361302165028,-63.70001399999998,9.599997602063901,-39.488057739403686,-66.27374638689588,0.0,1,7.105427357601002e-15,0.0,-0.49740618441210094,-0.7475132473840378,86.08255400477485,63.70001399999999,9.600292634988222,86.089911287519,62.45001576525732,0.0,1,-3.552713678800501e-15,0.0,-0.49740618441210094,-0.7475132473840378,86.08255400477485,-63.70001399999998,9.600292634988222,86.089911287519,-62.45001576525732,0.0,1,-3.552713678800501e-15
2.0166666666666666,2016667,hold_front_stretch,-10.0,0.0,71.0,0.9953961983671789,0.0,0.09584575252022398,0.0,-10.0,0.0,71.0,29.48805773940368,8.909968009162895,0,feet,0.0,-0.39059089677630476,-0.3006607588132173,-39.493613021650305,63.70001399999999,9.599997602063873,-39.48805773940367,66.27374638689588,0.0,1,-2.3092638912203256e-14,0.0,-0.39059089677630476,-0.30066079016844505,-39.49361302165028,-63.70001399999998,9.599997602063901,-39.488057739403686,-66.27374638689588,0.0,1,7.105427357601002e-15,0.0,-0.49740618441210094,-0.7475132473840378,86.08255400477485,63.70001399999999,9.600292634988222,86.089911287519,62.45001576525732,0.0,1,-3.552713678800501e-15,0.0,-0.49740618441210094,-0.7475132473840378,86.08255400477485,-63.70001399999998,9.600292634988222,86.089911287519,-62.45001576525732,0.0,1,-3.552713678800501e-15
2.025,2025000,hold_front_stretch,-10.0,0.0,71.0,0.9953961983671789,0.0,0.09584575252022398,0.0,-10.0,0.0,71.0,29.48805773940368,8.909968009162895,0,feet,0.0,-0.39059089677630476,-0.3006607588132173,-39.493613021650305,63.70001399999999,9.599997602063873,-39.48805773940367,66.27374638689588,0.0,1,-2.3092638912203256e-14,0.0,-0.39059089677630476,-0.30066079016844505,-39.49361302165028,-63.70001399999998,9.599997602063901,-39.488057739403686,-66.27374638689588,0.0,1,7.105427357601002e-15,0.0,-0.49740618441210094,-0.7475132473840378,86.08255400477485,63.70001399999999,9.600292634988222,86.089911287519,62.45001576525732,0.0,1,-3.552713678800501e-15,0.0,-0.49740618441210094,-0.7475132473840378,86.08255400477485,-63.70001399999998,9.600292634988222,86.089911287519,-62.45001576525732,0.0,1,-3.552713678800501e-15
2.033333333333333,2033333,hold_front_stretch,-10.0,0.0,71.0,0.9953961983671789,0.0,0.09584575252022398,0.0,-10.0,0.0,71.0,29.48805773940368,8.909968009162895,0,feet,0.0,-0.39059089677630476,-0.3006607588132173,-39.493613021650305,63.70001399999999,9.599997602063873,-39.48805773940367,66.27374638689588,0.0,1,-2.3092638912203256e-14,0.0,-0.39059089677630476,-0.30066079016844505,-39.49361302165028,-63.70001399999998,9.599997602063901,-39.488057739403686,-66.27374638689588,0.0,1,7.105427357601002e-15,0.0,-0.49740618441210094,-0.7475132473840378,86.08255400477485,63.70001399999999,9.600292634988222,86.089911287519,62.45001576525732,0.0,1,-3.552713678800501e-15,0.0,-0.49740618441210094,-0.7475132473840378,86.08255400477485,-63.70001399999998,9.600292634988222,86.089911287519,-62.45001576525732,0.0,1,-3.552713678800501e-15
2.0416666666666665,2041667,hold_front_stretch,-10.0,0.0,71.0,0.9953961983671789,0.0,0.09584575252022398,0.0,-10.0,0.0,71.0,29.48805773940368,8.909968009162895,0,feet,0.0,-0.39059089677630476,-0.3006607588132173,-39.493613021650305,63.70001399999999,9.599997602063873,-39.48805773940367,66.27374638689588,0.0,1,-2.3092638912203256e-14,0.0,-0.39059089677630476,-0.30066079016844505,-39.49361302165028,-63.70001399999998,9.599997602063901,-39.488057739403686,-66.27374638689588,0.0,1,7.105427357601002e-15,0.0,-0.49740618441210094,-0.7475132473840378,86.08255400477485,63.70001399999999,9.600292634988222,86.089911287519,62.45001576525732,0.0,1,-3.552713678800501e-15,0.0,-0.49740618441210094,-0.7475132473840378,86.08255400477485,-63.70001399999998,9.600292634988222,86.089911287519,-62.45001576525732,0.0,1,-3.552713678800501e-15
2.05,2050000,hold_front_stretch,-10.0,0.0,71.0,0.9953961983671789,0.0,0.09584575252022398,0.0,-10.0,0.0,71.0,29.48805773940368,8.909968009162895,0,feet,0.0,-0.39059089677630476,-0.3006607588132173,-39.493613021650305,63.70001399999999,9.599997602063873,-39.48805773940367,66.27374638689588,0.0,1,-2.3092638912203256e-14,0.0,-0.39059089677630476,-0.30066079016844505,-39.49361302165028,-63.70001399999998,9.599997602063901,-39.488057739403686,-66.27374638689588,0.0,1,7.105427357601002e-15,0.0,-0.49740618441210094,-0.7475132473840378,86.08255400477485,63.70001399999999,9.600292634988222,86.089911287519,62.45001576525732,0.0,1,-3.552713678800501e-15,0.0,-0.49740618441210094,-0.7475132473840378,86.08255400477485,-63.70001399999998,9.600292634988222,86.089911287519,-62.45001576525732,0.0,1,-3.552713678800501e-15
2.058333333333333,2058333,hold_front_stretch,-10.0,0.0,71.0,0.9953961983671789,0.0,0.09584575252022398,0.0,-10.0,0.0,71.0,29.48805773940368,8.909968009162895,0,feet,0.0,-0.39059089677630476,-0.3006607588132173,-39.493613021650305,63.70001399999999,9.599997602063873,-39.48805773940367,66.27374638689588,0.0,1,-2.3092638912203256e-14,0.0,-0.39059089677630476,-0.30066079016844505,-39.49361302165028,-63.70001399999998,9.599997602063901,-39.488057739403686,-66.27374638689588,0.0,1,7.105427357601002e-15,0.0,-0.49740618441210094,-0.7475132473840378,86.08255400477485,63.70001399999999,9.600292634988222,86.089911287519,62.45001576525732,0.0,1,-3.552713678800501e-15,0.0,-0.49740618441210094,-0.7475132473840378,86.08255400477485,-63.70001399999998,9.600292634988222,86.089911287519,-62.45001576525732,0.0,1,-3.552713678800501e-15
2.066666666666667,2066667,hold_front_stretch,-10.0,0.0,71.0,0.9953961983671789,0.0,0.09584575252022398,0.0,-10.0,0.0,71.0,29.48805773940368,8.909968009162895,0,feet,0.0,-0.39059089677630476,-0.3006607588132173,-39.493613021650305,63.70001399999999,9.599997602063873,-39.48805773940367,66.27374638689588,0.0,1,-2.3092638912203256e-14,0.0,-0.39059089677630476,-0.30066079016844505,-39.49361302165028,-63.70001399999998,9.599997602063901,-39.488057739403686,-66.27374638689588,0.0,1,7.105427357601002e-15,0.0,-0.49740618441210094,-0.7475132473840378,86.08255400477485,63.70001399999999,9.600292634988222,86.089911287519,62.45001576525732,0.0,1,-3.552713678800501e-15,0.0,-0.49740618441210094,-0.7475132473840378,86.08255400477485,-63.70001399999998,9.600292634988222,86.089911287519,-62.45001576525732,0.0,1,-3.552713678800501e-15
2.075,2075000,hold_front_stretch,-10.0,0.0,71.0,0.9953961983671789,0.0,0.09584575252022398,0.0,-10.0,0.0,71.0,29.48805773940368,8.909968009162895,0,feet,0.0,-0.39059089677630476,-0.3006607588132173,-39.493613021650305,63.70001399999999,9.599997602063873,-39.48805773940367,66.27374638689588,0.0,1,-2.3092638912203256e-14,0.0,-0.39059089677630476,-0.30066079016844505,-39.49361302165028,-63.70001399999998,9.599997602063901,-39.488057739403686,-66.27374638689588,0.0,1,7.105427357601002e-15,0.0,-0.49740618441210094,-0.7475132473840378,86.08255400477485,63.70001399999999,9.600292634988222,86.089911287519,62.45001576525732,0.0,1,-3.552713678800501e-15,0.0,-0.49740618441210094,-0.7475132473840378,86.08255400477485,-63.70001399999998,9.600292634988222,86.089911287519,-62.45001576525732,0.0,1,-3.552713678800501e-15
2.0833333333333335,2083333,hold_front_stretch,-10.0,0.0,71.0,0.9953961983671789,0.0,0.09584575252022398,0.0,-10.0,0.0,71.0,29.48805773940368,8.909968009162895,0,feet,0.0,-0.39059089677630476,-0.3006607588132173,-39.493613021650305,63.70001399999999,9.599997602063873,-39.48805773940367,66.27374638689588,0.0,1,-2.3092638912203256e-14,0.0,-0.39059089677630476,-0.30066079016844505,-39.49361302165028,-63.70001399999998,9.599997602063901,-39.488057739403686,-66.27374638689588,0.0,1,7.105427357601002e-15,0.0,-0.49740618441210094,-0.7475132473840378,86.08255400477485,63.70001399999999,9.600292634988222,86.089911287519,62.45001576525732,0.0,1,-3.552713678800501e-15,0.0,-0.49740618441210094,-0.7475132473840378,86.08255400477485,-63.70001399999998,9.600292634988222,86.089911287519,-62.45001576525732,0.0,1,-3.552713678800501e-15
2.091666666666667,2091667,hold_front_stretch,-10.0,0.0,71.0,0.9953961983671789,0.0,0.09584575252022398,0.0,-10.0,0.0,71.0,29.48805773940368,8.909968009162895,0,feet,0.0,-0.39059089677630476,-0.3006607588132173,-39.493613021650305,63.70001399999999,9.599997602063873,-39.48805773940367,66.27374638689588,0.0,1,-2.3092638912203256e-14,0.0,-0.39059089677630476,-0.30066079016844505,-39.49361302165028,-63.70001399999998,9.599997602063901,-39.488057739403686,-66.27374638689588,0.0,1,7.105427357601002e-15,0.0,-0.49740618441210094,-0.7475132473840378,86.08255400477485,63.70001399999999,9.600292634988222,86.089911287519,62.45001576525732,0.0,1,-3.552713678800501e-15,0.0,-0.49740618441210094,-0.7475132473840378,86.08255400477485,-63.70001399999998,9.600292634988222,86.089911287519,-62.45001576525732,0.0,1,-3.552713678800501e-15
2.1,2100000,hold_front_stretch,-10.0,0.0,71.0,0.9953961983671789,0.0,0.09584575252022398,0.0,-10.0,0.0,71.0,29.48805773940368,8.909968009162895,0,feet,0.0,-0.39059089677630476,-0.3006607588132173,-39.493613021650305,63.70001399999999,9.599997602063873,-39.48805773940367,66.27374638689588,0.0,1,-2.3092638912203256e-14,0.0,-0.39059089677630476,-0.30066079016844505,-39.49361302165028,-63.70001399999998,9.599997602063901,-39.488057739403686,-66.27374638689588,0.0,1,7.105427357601002e-15,0.0,-0.49740618441210094,-0.7475132473840378,86.08255400477485,63.70001399999999,9.600292634988222,86.089911287519,62.45001576525732,0.0,1,-3.552713678800501e-15,0.0,-0.49740618441210094,-0.7475132473840378,86.08255400477485,-63.70001399999998,9.600292634988222,86.089911287519,-62.45001576525732,0.0,1,-3.552713678800501e-15
2.1083333333333334,2108333,hold_front_stretch,-10.0,0.0,71.0,0.9953961983671789,0.0,0.09584575252022398,0.0,-10.0,0.0,71.0,29.48805773940368,8.909968009162895,0,feet,0.0,-0.39059089677630476,-0.3006607588132173,-39.493613021650305,63.70001399999999,9.599997602063873,-39.48805773940367,66.27374638689588,0.0,1,-2.3092638912203256e-14,0.0,-0.39059089677630476,-0.30066079016844505,-39.49361302165028,-63.70001399999998,9.599997602063901,-39.488057739403686,-66.27374638689588,0.0,1,7.105427357601002e-15,0.0,-0.49740618441210094,-0.7475132473840378,86.08255400477485,63.70001399999999,9.600292634988222,86.089911287519,62.45001576525732,0.0,1,-3.552713678800501e-15,0.0,-0.49740618441210094,-0.7475132473840378,86.08255400477485,-63.70001399999998,9.600292634988222,86.089911287519,-62.45001576525732,0.0,1,-3.552713678800501e-15
2.1166666666666667,2116667,hold_front_stretch,-10.0,0.0,71.0,0.9953961983671789,0.0,0.09584575252022398,0.0,-10.0,0.0,71.0,29.48805773940368,8.909968009162895,0,feet,0.0,-0.39059089677630476,-0.3006607588132173,-39.493613021650305,63.70001399999999,9.599997602063873,-39.48805773940367,66.27374638689588,0.0,1,-2.3092638912203256e-14,0.0,-0.39059089677630476,-0.30066079016844505,-39.49361302165028,-63.70001399999998,9.599997602063901,-39.488057739403686,-66.27374638689588,0.0,1,7.105427357601002e-15,0.0,-0.49740618441210094,-0.7475132473840378,86.08255400477485,63.70001399999999,9.600292634988222,86.089911287519,62.45001576525732,0.0,1,-3.552713678800501e-15,0.0,-0.49740618441210094,-0.7475132473840378,86.08255400477485,-63.70001399999998,9.600292634988222,86.089911287519,-62.45001576525732,0.0,1,-3.552713678800501e-15
2.125,2125000,hold_front_stretch,-10.0,0.0,71.0,0.9953961983671789,0.0,0.09584575252022398,0.0,-10.0,0.0,71.0,29.48805773940368,8.909968009162895,0,feet,0.0,-0.39059089677630476,-0.3006607588132173,-39.493613021650305,63.70001399999999,9.599997602063873,-39.48805773940367,66.27374638689588,0.0,1,-2.3092638912203256e-14,0.0,-0.39059089677630476,-0.30066079016844505,-39.49361302165028,-63.70001399999998,9.599997602063901,-39.488057739403686,-66.27374638689588,0.0,1,7.105427357601002e-15,0.0,-0.49740618441210094,-0.7475132473840378,86.08255400477485,63.70001399999999,9.600292634988222,86.089911287519,62.45001576525732,0.0,1,-3.552713678800501e-15,0.0,-0.49740618441210094,-0.7475132473840378,86.08255400477485,-63.70001399999998,9.600292634988222,86.089911287519,-62.45001576525732,0.0,1,-3.552713678800501e-15
2.1333333333333333,2133333,hold_front_stretch,-10.0,0.0,71.0,0.9953961983671789,0.0,0.09584575252022398,0.0,-10.0,0.0,71.0,29.48805773940368,8.909968009162895,0,feet,0.0,-0.39059089677630476,-0.3006607588132173,-39.493613021650305,63.70001399999999,9.599997602063873,-39.48805773940367,66.27374638689588,0.0,1,-2.3092638912203256e-14,0.0,-0.39059089677630476,-0.30066079016844505,-39.49361302165028,-63.70001399999998,9.599997602063901,-39.488057739403686,-66.27374638689588,0.0,1,7.105427357601002e-15,0.0,-0.49740618441210094,-0.7475132473840378,86.08255400477485,63.70001399999999,9.600292634988222,86.089911287519,62.45001576525732,0.0,1,-3.552713678800501e-15,0.0,-0.49740618441210094,-0.7475132473840378,86.08255400477485,-63.70001399999998,9.600292634988222,86.089911287519,-62.45001576525732,0.0,1,-3.552713678800501e-15
2.1416666666666666,2141667,hold_front_stretch,-10.0,0.0,71.0,0.9953961983671789,0.0,0.09584575252022398,0.0,-10.0,0.0,71.0,29.48805773940368,8.909968009162895,0,feet,0.0,-0.39059089677630476,-0.3006607588132173,-39.493613021650305,63.70001399999999,9.599997602063873,-39.48805773940367,66.27374638689588,0.0,1,-2.3092638912203256e-14,0.0,-0.39059089677630476,-0.30066079016844505,-39.49361302165028,-63.70001399999998,9.599997602063901,-39.488057739403686,-66.27374638689588,0.0,1,7.105427357601002e-15,0.0,-0.49740618441210094,-0.7475132473840378,86.08255400477485,63.70001399999999,9.600292634988222,86.089911287519,62.45001576525732,0.0,1,-3.552713678800501e-15,0.0,-0.49740618441210094,-0.7475132473840378,86.08255400477485,-63.70001399999998,9.600292634988222,86.089911287519,-62.45001576525732,0.0,1,-3.552713678800501e-15
2.15,2150000,hold_front_stretch,-10.0,0.0,71.0,0.9953961983671789,0.0,0.09584575252022398,0.0,-10.0,0.0,71.0,29.48805773940368,8.909968009162895,0,feet,0.0,-0.39059089677630476,-0.3006607588132173,-39.493613021650305,63.70001399999999,9.599997602063873,-39.48805773940367,66.27374638689588,0.0,1,-2.3092638912203256e-14,0.0,-0.39059089677630476,-0.30066079016844505,-39.49361302165028,-63.70001399999998,9.599997602063901,-39.488057739403686,-66.27374638689588,0.0,1,7.105427357601002e-15,0.0,-0.49740618441210094,-0.7475132473840378,86.08255400477485,63.70001399999999,9.600292634988222,86.089911287519,62.45001576525732,0.0,1,-3.552713678800501e-15,0.0,-0.49740618441210094,-0.7475132473840378,86.08255400477485,-63.70001399999998,9.600292634988222,86.089911287519,-62.45001576525732,0.0,1,-3.552713678800501e-15
2.158333333333333,2158333,hold_front_stretch,-10.0,0.0,71.0,0.9953961983671789,0.0,0.09584575252022398,0.0,-10.0,0.0,71.0,29.48805773940368,8.909968009162895,0,feet,0.0,-0.39059089677630476,-0.3006607588132173,-39.493613021650305,63.70001399999999,9.599997602063873,-39.48805773940367,66.27374638689588,0.0,1,-2.3092638912203256e-14,0.0,-0.39059089677630476,-0.30066079016844505,-39.49361302165028,-63.70001399999998,9.599997602063901,-39.488057739403686,-66.27374638689588,0.0,1,7.105427357601002e-15,0.0,-0.49740618441210094,-0.7475132473840378,86.08255400477485,63.70001399999999,9.600292634988222,86.089911287519,62.45001576525732,0.0,1,-3.552713678800501e-15,0.0,-0.49740618441210094,-0.7475132473840378,86.08255400477485,-63.70001399999998,9.600292634988222,86.089911287519,-62.45001576525732,0.0,1,-3.552713678800501e-15
2.1666666666666665,2166667,hold_front_stretch,-10.0,0.0,71.0,0.9953961983671789,0.0,0.09584575252022398,0.0,-10.0,0.0,71.0,29.48805773940368,8.909968009162895,0,feet,0.0,-0.39059089677630476,-0.3006607588132173,-39.493613021650305,63.70001399999999,9.599997602063873,-39.48805773940367,66.27374638689588,0.0,1,-2.3092638912203256e-14,0.0,-0.39059089677630476,-0.30066079016844505,-39.49361302165028,-63.70001399999998,9.599997602063901,-39.488057739403686,-66.27374638689588,0.0,1,7.105427357601002e-15,0.0,-0.49740618441210094,-0.7475132473840378,86.08255400477485,63.70001399999999,9.600292634988222,86.089911287519,62.45001576525732,0.0,1,-3.552713678800501e-15,0.0,-0.49740618441210094,-0.7475132473840378,86.08255400477485,-63.70001399999998,9.600292634988222,86.089911287519,-62.45001576525732,0.0,1,-3.552713678800501e-15
2.175,2175000,hold_front_stretch,-10.0,0.0,71.0,0.9953961983671789,0.0,0.09584575252022398,0.0,-10.0,0.0,71.0,29.48805773940368,8.909968009162895,0,feet,0.0,-0.39059089677630476,-0.3006607588132173,-39.493613021650305,63.70001399999999,9.599997602063873,-39.48805773940367,66.27374638689588,0.0,1,-2.3092638912203256e-14,0.0,-0.39059089677630476,-0.30066079016844505,-39.49361302165028,-63.70001399999998,9.599997602063901,-39.488057739403686,-66.27374638689588,0.0,1,7.105427357601002e-15,0.0,-0.49740618441210094,-0.7475132473840378,86.08255400477485,63.70001399999999,9.600292634988222,86.089911287519,62.45001576525732,0.0,1,-3.552713678800501e-15,0.0,-0.49740618441210094,-0.7475132473840378,86.08255400477485,-63.70001399999998,9.600292634988222,86.089911287519,-62.45001576525732,0.0,1,-3.552713678800501e-15
2.183333333333333,2183333,hold_front_stretch,-10.0,0.0,71.0,0.9953961983671789,0.0,0.09584575252022398,0.0,-10.0,0.0,71.0,29.48805773940368,8.909968009162895,0,feet,0.0,-0.39059089677630476,-0.3006607588132173,-39.493613021650305,63.70001399999999,9.599997602063873,-39.48805773940367,66.27374638689588,0.0,1,-2.3092638912203256e-14,0.0,-0.39059089677630476,-0.30066079016844505,-39.49361302165028,-63.70001399999998,9.599997602063901,-39.488057739403686,-66.27374638689588,0.0,1,7.105427357601002e-15,0.0,-0.49740618441210094,-0.7475132473840378,86.08255400477485,63.70001399999999,9.600292634988222,86.089911287519,62.45001576525732,0.0,1,-3.552713678800501e-15,0.0,-0.49740618441210094,-0.7475132473840378,86.08255400477485,-63.70001399999998,9.600292634988222,86.089911287519,-62.45001576525732,0.0,1,-3.552713678800501e-15
2.191666666666667,2191667,hold_front_stretch,-10.0,0.0,71.0,0.9953961983671789,0.0,0.09584575252022398,0.0,-10.0,0.0,71.0,29.48805773940368,8.909968009162895,0,feet,0.0,-0.39059089677630476,-0.3006607588132173,-39.493613021650305,63.70001399999999,9.599997602063873,-39.48805773940367,66.27374638689588,0.0,1,-2.3092638912203256e-14,0.0,-0.39059089677630476,-0.30066079016844505,-39.49361302165028,-63.70001399999998,9.599997602063901,-39.488057739403686,-66.27374638689588,0.0,1,7.105427357601002e-15,0.0,-0.49740618441210094,-0.7475132473840378,86.08255400477485,63.70001399999999,9.600292634988222,86.089911287519,62.45001576525732,0.0,1,-3.552713678800501e-15,0.0,-0.49740618441210094,-0.7475132473840378,86.08255400477485,-63.70001399999998,9.600292634988222,86.089911287519,-62.45001576525732,0.0,1,-3.552713678800501e-15
2.2,2200000,hold_front_stretch,-10.0,0.0,71.0,0.9953961983671789,0.0,0.09584575252022398,0.0,-10.0,0.0,71.0,29.48805773940368,8.909968009162895,0,feet,0.0,-0.39059089677630476,-0.3006607588132173,-39.493613021650305,63.70001399999999,9.599997602063873,-39.48805773940367,66.27374638689588,0.0,1,-2.3092638912203256e-14,0.0,-0.39059089677630476,-0.30066079016844505,-39.49361302165028,-63.70001399999998,9.599997602063901,-39.488057739403686,-66.27374638689588,0.0,1,7.105427357601002e-15,0.0,-0.49740618441210094,-0.7475132473840378,86.08255400477485,63.70001399999999,9.600292634988222,86.089911287519,62.45001576525732,0.0,1,-3.552713678800501e-15,0.0,-0.49740618441210094,-0.7475132473840378,86.08255400477485,-63.70001399999998,9.600292634988222,86.089911287519,-62.45001576525732,0.0,1,-3.552713678800501e-15
2.2083333333333335,2208333,hold_front_stretch,-10.0,0.0,71.0,0.9953961983671789,0.0,0.09584575252022398,0.0,-10.0,0.0,71.0,29.48805773940368,8.909968009162895,0,feet,0.0,-0.39059089677630476,-0.3006607588132173,-39.493613021650305,63.70001399999999,9.599997602063873,-39.48805773940367,66.27374638689588,0.0,1,-2.3092638912203256e-14,0.0,-0.39059089677630476,-0.30066079016844505,-39.49361302165028,-63.70001399999998,9.599997602063901,-39.488057739403686,-66.27374638689588,0.0,1,7.105427357601002e-15,0.0,-0.49740618441210094,-0.7475132473840378,86.08255400477485,63.70001399999999,9.600292634988222,86.089911287519,62.45001576525732,0.0,1,-3.552713678800501e-15,0.0,-0.49740618441210094,-0.7475132473840378,86.08255400477485,-63.70001399999998,9.600292634988222,86.089911287519,-62.45001576525732,0.0,1,-3.552713678800501e-15
2.216666666666667,2216667,hold_front_stretch,-10.0,0.0,71.0,0.9953961983671789,0.0,0.09584575252022398,0.0,-10.0,0.0,71.0,29.48805773940368,8.909968009162895,0,feet,0.0,-0.39059089677630476,-0.3006607588132173,-39.493613021650305,63.70001399999999,9.599997602063873,-39.48805773940367,66.27374638689588,0.0,1,-2.3092638912203256e-14,0.0,-0.39059089677630476,-0.30066079016844505,-39.49361302165028,-63.70001399999998,9.599997602063901,-39.488057739403686,-66.27374638689588,0.0,1,7.105427357601002e-15,0.0,-0.49740618441210094,-0.7475132473840378,86.08255400477485,63.70001399999999,9.600292634988222,86.089911287519,62.45001576525732,0.0,1,-3.552713678800501e-15,0.0,-0.49740618441210094,-0.7475132473840378,86.08255400477485,-63.70001399999998,9.600292634988222,86.089911287519,-62.45001576525732,0.0,1,-3.552713678800501e-15
2.225,2225000,hold_front_stretch,-10.0,0.0,71.0,0.9953961983671789,0.0,0.09584575252022398,0.0,-10.0,0.0,71.0,29.48805773940368,8.909968009162895,0,feet,0.0,-0.39059089677630476,-0.3006607588132173,-39.493613021650305,63.70001399999999,9.599997602063873,-39.48805773940367,66.27374638689588,0.0,1,-2.3092638912203256e-14,0.0,-0.39059089677630476,-0.30066079016844505,-39.49361302165028,-63.70001399999998,9.599997602063901,-39.488057739403686,-66.27374638689588,0.0,1,7.105427357601002e-15,0.0,-0.49740618441210094,-0.7475132473840378,86.08255400477485,63.70001399999999,9.600292634988222,86.089911287519,62.45001576525732,0.0,1,-3.552713678800501e-15,0.0,-0.49740618441210094,-0.7475132473840378,86.08255400477485,-63.70001399999998,9.600292634988222,86.089911287519,-62.45001576525732,0.0,1,-3.552713678800501e-15
2.2333333333333334,2233333,hold_front_stretch,-10.0,0.0,71.0,0.9953961983671789,0.0,0.09584575252022398,0.0,-10.0,0.0,71.0,29.48805773940368,8.909968009162895,0,feet,0.0,-0.39059089677630476,-0.3006607588132173,-39.493613021650305,63.70001399999999,9.599997602063873,-39.48805773940367,66.27374638689588,0.0,1,-2.3092638912203256e-14,0.0,-0.39059089677630476,-0.30066079016844505,-39.49361302165028,-63.70001399999998,9.599997602063901,-39.488057739403686,-66.27374638689588,0.0,1,7.105427357601002e-15,0.0,-0.49740618441210094,-0.7475132473840378,86.08255400477485,63.70001399999999,9.600292634988222,86.089911287519,62.45001576525732,0.0,1,-3.552713678800501e-15,0.0,-0.49740618441210094,-0.7475132473840378,86.08255400477485,-63.70001399999998,9.600292634988222,86.089911287519,-62.45001576525732,0.0,1,-3.552713678800501e-15
2.2416666666666667,2241667,hold_front_stretch,-10.0,0.0,71.0,0.9953961983671789,0.0,0.09584575252022398,0.0,-10.0,0.0,71.0,29.48805773940368,8.909968009162895,0,feet,0.0,-0.39059089677630476,-0.3006607588132173,-39.493613021650305,63.70001399999999,9.599997602063873,-39.48805773940367,66.27374638689588,0.0,1,-2.3092638912203256e-14,0.0,-0.39059089677630476,-0.30066079016844505,-39.49361302165028,-63.70001399999998,9.599997602063901,-39.488057739403686,-66.27374638689588,0.0,1,7.105427357601002e-15,0.0,-0.49740618441210094,-0.7475132473840378,86.08255400477485,63.70001399999999,9.600292634988222,86.089911287519,62.45001576525732,0.0,1,-3.552713678800501e-15,0.0,-0.49740618441210094,-0.7475132473840378,86.08255400477485,-63.70001399999998,9.600292634988222,86.089911287519,-62.45001576525732,0.0,1,-3.552713678800501e-15
2.25,2250000,hold_front_stretch,-10.0,0.0,71.0,0.9953961983671789,0.0,0.09584575252022398,0.0,-10.0,0.0,71.0,29.48805773940368,8.909968009162895,0,feet,0.0,-0.39059089677630476,-0.3006607588132173,-39.493613021650305,63.70001399999999,9.599997602063873,-39.48805773940367,66.27374638689588,0.0,1,-2.3092638912203256e-14,0.0,-0.39059089677630476,-0.30066079016844505,-39.49361302165028,-63.70001399999998,9.599997602063901,-39.488057739403686,-66.27374638689588,0.0,1,7.105427357601002e-15,0.0,-0.49740618441210094,-0.7475132473840378,86.08255400477485,63.70001399999999,9.600292634988222,86.089911287519,62.45001576525732,0.0,1,-3.552713678800501e-15,0.0,-0.49740618441210094,-0.7475132473840378,86.08255400477485,-63.70001399999998,9.600292634988222,86.089911287519,-62.45001576525732,0.0,1,-3.552713678800501e-15
2.2583333333333333,2258333,hold_front_stretch,-10.0,0.0,71.0,0.9953961983671789,0.0,0.09584575252022398,0.0,-10.0,0.0,71.0,29.48805773940368,8.909968009162895,0,feet,0.0,-0.39059089677630476,-0.3006607588132173,-39.493613021650305,63.70001399999999,9.599997602063873,-39.48805773940367,66.27374638689588,0.0,1,-2.3092638912203256e-14,0.0,-0.39059089677630476,-0.30066079016844505,-39.49361302165028,-63.70001399999998,9.599997602063901,-39.488057739403686,-66.27374638689588,0.0,1,7.105427357601002e-15,0.0,-0.49740618441210094,-0.7475132473840378,86.08255400477485,63.70001399999999,9.600292634988222,86.089911287519,62.45001576525732,0.0,1,-3.552713678800501e-15,0.0,-0.49740618441210094,-0.7475132473840378,86.08255400477485,-63.70001399999998,9.600292634988222,86.089911287519,-62.45001576525732,0.0,1,-3.552713678800501e-15
2.2666666666666666,2266667,hold_front_stretch,-10.0,0.0,71.0,0.9953961983671789,0.0,0.09584575252022398,0.0,-10.0,0.0,71.0,29.48805773940368,8.909968009162895,0,feet,0.0,-0.39059089677630476,-0.3006607588132173,-39.493613021650305,63.70001399999999,9.599997602063873,-39.48805773940367,66.27374638689588,0.0,1,-2.3092638912203256e-14,0.0,-0.39059089677630476,-0.30066079016844505,-39.49361302165028,-63.70001399999998,9.599997602063901,-39.488057739403686,-66.27374638689588,0.0,1,7.105427357601002e-15,0.0,-0.49740618441210094,-0.7475132473840378,86.08255400477485,63.70001399999999,9.600292634988222,86.089911287519,62.45001576525732,0.0,1,-3.552713678800501e-15,0.0,-0.49740618441210094,-0.7475132473840378,86.08255400477485,-63.70001399999998,9.600292634988222,86.089911287519,-62.45001576525732,0.0,1,-3.552713678800501e-15
2.275,2275000,hold_front_stretch,-10.0,0.0,71.0,0.9953961983671789,0.0,0.09584575252022398,0.0,-10.0,0.0,71.0,29.48805773940368,8.909968009162895,0,feet,0.0,-0.39059089677630476,-0.3006607588132173,-39.493613021650305,63.70001399999999,9.599997602063873,-39.48805773940367,66.27374638689588,0.0,1,-2.3092638912203256e-14,0.0,-0.39059089677630476,-0.30066079016844505,-39.49361302165028,-63.70001399999998,9.599997602063901,-39.488057739403686,-66.27374638689588,0.0,1,7.105427357601002e-15,0.0,-0.49740618441210094,-0.7475132473840378,86.08255400477485,63.70001399999999,9.600292634988222,86.089911287519,62.45001576525732,0.0,1,-3.552713678800501e-15,0.0,-0.49740618441210094,-0.7475132473840378,86.08255400477485,-63.70001399999998,9.600292634988222,86.089911287519,-62.45001576525732,0.0,1,-3.552713678800501e-15
2.283333333333333,2283333,hold_front_stretch,-10.0,0.0,71.0,0.9953961983671789,0.0,0.09584575252022398,0.0,-10.0,0.0,71.0,29.48805773940368,8.909968009162895,0,feet,0.0,-0.39059089677630476,-0.3006607588132173,-39.493613021650305,63.70001399999999,9.599997602063873,-39.48805773940367,66.27374638689588,0.0,1,-2.3092638912203256e-14,0.0,-0.39059089677630476,-0.30066079016844505,-39.49361302165028,-63.70001399999998,9.599997602063901,-39.488057739403686,-66.27374638689588,0.0,1,7.105427357601002e-15,0.0,-0.49740618441210094,-0.7475132473840378,86.08255400477485,63.70001399999999,9.600292634988222,86.089911287519,62.45001576525732,0.0,1,-3.552713678800501e-15,0.0,-0.49740618441210094,-0.7475132473840378,86.08255400477485,-63.70001399999998,9.600292634988222,86.089911287519,-62.45001576525732,0.0,1,-3.552713678800501e-15
2.2916666666666665,2291667,hold_front_stretch,-10.0,0.0,71.0,0.9953961983671789,0.0,0.09584575252022398,0.0,-10.0,0.0,71.0,29.48805773940368,8.909968009162895,0,feet,0.0,-0.39059089677630476,-0.3006607588132173,-39.493613021650305,63.70001399999999,9.599997602063873,-39.48805773940367,66.27374638689588,0.0,1,-2.3092638912203256e-14,0.0,-0.39059089677630476,-0.30066079016844505,-39.49361302165028,-63.70001399999998,9.599997602063901,-39.488057739403686,-66.27374638689588,0.0,1,7.105427357601002e-15,0.0,-0.49740618441210094,-0.7475132473840378,86.08255400477485,63.70001399999999,9.600292634988222,86.089911287519,62.45001576525732,0.0,1,-3.552713678800501e-15,0.0,-0.49740618441210094,-0.7475132473840378,86.08255400477485,-63.70001399999998,9.600292634988222,86.089911287519,-62.45001576525732,0.0,1,-3.552713678800501e-15
2.3,2300000,hold_front_stretch,-10.0,0.0,71.0,0.9953961983671789,0.0,0.09584575252022398,0.0,-10.0,0.0,71.0,29.48805773940368,8.909968009162895,0,feet,0.0,-0.39059089677630476,-0.3006607588132173,-39.493613021650305,63.70001399999999,9.599997602063873,-39.48805773940367,66.27374638689588,0.0,1,-2.3092638912203256e-14,0.0,-0.39059089677630476,-0.30066079016844505,-39.49361302165028,-63.70001399999998,9.599997602063901,-39.488057739403686,-66.27374638689588,0.0,1,7.105427357601002e-15,0.0,-0.49740618441210094,-0.7475132473840378,86.08255400477485,63.70001399999999,9.600292634988222,86.089911287519,62.45001576525732,0.0,1,-3.552713678800501e-15,0.0,-0.49740618441210094,-0.7475132473840378,86.08255400477485,-63.70001399999998,9.600292634988222,86.089911287519,-62.45001576525732,0.0,1,-3.552713678800501e-15
2.308333333333333,2308333,hold_front_stretch,-10.0,0.0,71.0,0.9953961983671789,0.0,0.09584575252022398,0.0,-10.0,0.0,71.0,29.48805773940368,8.909968009162895,0,feet,0.0,-0.39059089677630476,-0.3006607588132173,-39.493613021650305,63.70001399999999,9.599997602063873,-39.48805773940367,66.27374638689588,0.0,1,-2.3092638912203256e-14,0.0,-0.39059089677630476,-0.30066079016844505,-39.49361302165028,-63.70001399999998,9.599997602063901,-39.488057739403686,-66.27374638689588,0.0,1,7.105427357601002e-15,0.0,-0.49740618441210094,-0.7475132473840378,86.08255400477485,63.70001399999999,9.600292634988222,86.089911287519,62.45001576525732,0.0,1,-3.552713678800501e-15,0.0,-0.49740618441210094,-0.7475132473840378,86.08255400477485,-63.70001399999998,9.600292634988222,86.089911287519,-62.45001576525732,0.0,1,-3.552713678800501e-15
2.316666666666667,2316667,hold_front_stretch,-10.0,0.0,71.0,0.9953961983671789,0.0,0.09584575252022398,0.0,-10.0,0.0,71.0,29.48805773940368,8.909968009162895,0,feet,0.0,-0.39059089677630476,-0.3006607588132173,-39.493613021650305,63.70001399999999,9.599997602063873,-39.48805773940367,66.27374638689588,0.0,1,-2.3092638912203256e-14,0.0,-0.39059089677630476,-0.30066079016844505,-39.49361302165028,-63.70001399999998,9.599997602063901,-39.488057739403686,-66.27374638689588,0.0,1,7.105427357601002e-15,0.0,-0.49740618441210094,-0.7475132473840378,86.08255400477485,63.70001399999999,9.600292634988222,86.089911287519,62.45001576525732,0.0,1,-3.552713678800501e-15,0.0,-0.49740618441210094,-0.7475132473840378,86.08255400477485,-63.70001399999998,9.600292634988222,86.089911287519,-62.45001576525732,0.0,1,-3.552713678800501e-15
2.325,2325000,hold_front_stretch,-10.0,0.0,71.0,0.9953961983671789,0.0,0.09584575252022398,0.0,-10.0,0.0,71.0,29.48805773940368,8.909968009162895,0,feet,0.0,-0.39059089677630476,-0.3006607588132173,-39.493613021650305,63.70001399999999,9.599997602063873,-39.48805773940367,66.27374638689588,0.0,1,-2.3092638912203256e-14,0.0,-0.39059089677630476,-0.30066079016844505,-39.49361302165028,-63.70001399999998,9.599997602063901,-39.488057739403686,-66.27374638689588,0.0,1,7.105427357601002e-15,0.0,-0.49740618441210094,-0.7475132473840378,86.08255400477485,63.70001399999999,9.600292634988222,86.089911287519,62.45001576525732,0.0,1,-3.552713678800501e-15,0.0,-0.49740618441210094,-0.7475132473840378,86.08255400477485,-63.70001399999998,9.600292634988222,86.089911287519,-62.45001576525732,0.0,1,-3.552713678800501e-15
2.3333333333333335,2333333,hold_front_stretch,-10.0,0.0,71.0,0.9953961983671789,0.0,0.09584575252022398,0.0,-10.0,0.0,71.0,29.48805773940368,8.909968009162895,0,feet,0.0,-0.39059089677630476,-0.3006607588132173,-39.493613021650305,63.70001399999999,9.599997602063873,-39.48805773940367,66.27374638689588,0.0,1,-2.3092638912203256e-14,0.0,-0.39059089677630476,-0.30066079016844505,-39.49361302165028,-63.70001399999998,9.599997602063901,-39.488057739403686,-66.27374638689588,0.0,1,7.105427357601002e-15,0.0,-0.49740618441210094,-0.7475132473840378,86.08255400477485,63.70001399999999,9.600292634988222,86.089911287519,62.45001576525732,0.0,1,-3.552713678800501e-15,0.0,-0.49740618441210094,-0.7475132473840378,86.08255400477485,-63.70001399999998,9.600292634988222,86.089911287519,-62.45001576525732,0.0,1,-3.552713678800501e-15
2.341666666666667,2341667,hold_front_stretch,-10.0,0.0,71.0,0.9953961983671789,0.0,0.09584575252022398,0.0,-10.0,0.0,71.0,29.48805773940368,8.909968009162895,0,feet,0.0,-0.39059089677630476,-0.3006607588132173,-39.493613021650305,63.70001399999999,9.599997602063873,-39.48805773940367,66.27374638689588,0.0,1,-2.3092638912203256e-14,0.0,-0.39059089677630476,-0.30066079016844505,-39.49361302165028,-63.70001399999998,9.599997602063901,-39.488057739403686,-66.27374638689588,0.0,1,7.105427357601002e-15,0.0,-0.49740618441210094,-0.7475132473840378,86.08255400477485,63.70001399999999,9.600292634988222,86.089911287519,62.45001576525732,0.0,1,-3.552713678800501e-15,0.0,-0.49740618441210094,-0.7475132473840378,86.08255400477485,-63.70001399999998,9.600292634988222,86.089911287519,-62.45001576525732,0.0,1,-3.552713678800501e-15
2.35,2350000,hold_front_stretch,-10.0,0.0,71.0,0.9953961983671789,0.0,0.09584575252022398,0.0,-10.0,0.0,71.0,29.48805773940368,8.909968009162895,0,feet,0.0,-0.39059089677630476,-0.3006607588132173,-39.493613021650305,63.70001399999999,9.599997602063873,-39.48805773940367,66.27374638689588,0.0,1,-2.3092638912203256e-14,0.0,-0.39059089677630476,-0.30066079016844505,-39.49361302165028,-63.70001399999998,9.599997602063901,-39.488057739403686,-66.27374638689588,0.0,1,7.105427357601002e-15,0.0,-0.49740618441210094,-0.7475132473840378,86.08255400477485,63.70001399999999,9.600292634988222,86.089911287519,62.45001576525732,0.0,1,-3.552713678800501e-15,0.0,-0.49740618441210094,-0.7475132473840378,86.08255400477485,-63.70001399999998,9.600292634988222,86.089911287519,-62.45001576525732,0.0,1,-3.552713678800501e-15
2.3583333333333334,2358333,hold_front_stretch,-10.0,0.0,71.0,0.9953961983671789,0.0,0.09584575252022398,0.0,-10.0,0.0,71.0,29.48805773940368,8.909968009162895,0,feet,0.0,-0.39059089677630476,-0.3006607588132173,-39.493613021650305,63.70001399999999,9.599997602063873,-39.48805773940367,66.27374638689588,0.0,1,-2.3092638912203256e-14,0.0,-0.39059089677630476,-0.30066079016844505,-39.49361302165028,-63.70001399999998,9.599997602063901,-39.488057739403686,-66.27374638689588,0.0,1,7.105427357601002e-15,0.0,-0.49740618441210094,-0.7475132473840378,86.08255400477485,63.70001399999999,9.600292634988222,86.089911287519,62.45001576525732,0.0,1,-3.552713678800501e-15,0.0,-0.49740618441210094,-0.7475132473840378,86.08255400477485,-63.70001399999998,9.600292634988222,86.089911287519,-62.45001576525732,0.0,1,-3.552713678800501e-15
2.3666666666666667,2366667,hold_front_stretch,-10.0,0.0,71.0,0.9953961983671789,0.0,0.09584575252022398,0.0,-10.0,0.0,71.0,29.48805773940368,8.909968009162895,0,feet,0.0,-0.39059089677630476,-0.3006607588132173,-39.493613021650305,63.70001399999999,9.599997602063873,-39.48805773940367,66.27374638689588,0.0,1,-2.3092638912203256e-14,0.0,-0.39059089677630476,-0.30066079016844505,-39.49361302165028,-63.70001399999998,9.599997602063901,-39.488057739403686,-66.27374638689588,0.0,1,7.105427357601002e-15,0.0,-0.49740618441210094,-0.7475132473840378,86.08255400477485,63.70001399999999,9.600292634988222,86.089911287519,62.45001576525732,0.0,1,-3.552713678800501e-15,0.0,-0.49740618441210094,-0.7475132473840378,86.08255400477485,-63.70001399999998,9.600292634988222,86.089911287519,-62.45001576525732,0.0,1,-3.552713678800501e-15
2.375,2375000,hold_front_stretch,-10.0,0.0,71.0,0.9953961983671789,0.0,0.09584575252022398,0.0,-10.0,0.0,71.0,29.48805773940368,8.909968009162895,0,feet,0.0,-0.39059089677630476,-0.3006607588132173,-39.493613021650305,63.70001399999999,9.599997602063873,-39.48805773940367,66.27374638689588,0.0,1,-2.3092638912203256e-14,0.0,-0.39059089677630476,-0.30066079016844505,-39.49361302165028,-63.70001399999998,9.599997602063901,-39.488057739403686,-66.27374638689588,0.0,1,7.105427357601002e-15,0.0,-0.49740618441210094,-0.7475132473840378,86.08255400477485,63.70001399999999,9.600292634988222,86.089911287519,62.45001576525732,0.0,1,-3.552713678800501e-15,0.0,-0.49740618441210094,-0.7475132473840378,86.08255400477485,-63.70001399999998,9.600292634988222,86.089911287519,-62.45001576525732,0.0,1,-3.552713678800501e-15
2.3833333333333333,2383333,hold_front_stretch,-10.0,0.0,71.0,0.9953961983671789,0.0,0.09584575252022398,0.0,-10.0,0.0,71.0,29.48805773940368,8.909968009162895,0,feet,0.0,-0.39059089677630476,-0.3006607588132173,-39.493613021650305,63.70001399999999,9.599997602063873,-39.48805773940367,66.27374638689588,0.0,1,-2.3092638912203256e-14,0.0,-0.39059089677630476,-0.30066079016844505,-39.49361302165028,-63.70001399999998,9.599997602063901,-39.488057739403686,-66.27374638689588,0.0,1,7.105427357601002e-15,0.0,-0.49740618441210094,-0.7475132473840378,86.08255400477485,63.70001399999999,9.600292634988222,86.089911287519,62.45001576525732,0.0,1,-3.552713678800501e-15,0.0,-0.49740618441210094,-0.7475132473840378,86.08255400477485,-63.70001399999998,9.600292634988222,86.089911287519,-62.45001576525732,0.0,1,-3.552713678800501e-15
2.3916666666666666,2391667,hold_front_stretch,-10.0,0.0,71.0,0.9953961983671789,0.0,0.09584575252022398,0.0,-10.0,0.0,71.0,29.48805773940368,8.909968009162895,0,feet,0.0,-0.39059089677630476,-0.3006607588132173,-39.493613021650305,63.70001399999999,9.599997602063873,-39.48805773940367,66.27374638689588,0.0,1,-2.3092638912203256e-14,0.0,-0.39059089677630476,-0.30066079016844505,-39.49361302165028,-63.70001399999998,9.599997602063901,-39.488057739403686,-66.27374638689588,0.0,1,7.105427357601002e-15,0.0,-0.49740618441210094,-0.7475132473840378,86.08255400477485,63.70001399999999,9.600292634988222,86.089911287519,62.45001576525732,0.0,1,-3.552713678800501e-15,0.0,-0.49740618441210094,-0.7475132473840378,86.08255400477485,-63.70001399999998,9.600292634988222,86.089911287519,-62.45001576525732,0.0,1,-3.552713678800501e-15
2.4,2400000,hold_front_stretch,-10.0,0.0,71.0,0.9953961983671789,0.0,0.09584575252022398,0.0,-10.0,0.0,71.0,29.48805773940368,8.909968009162895,0,feet,0.0,-0.39059089677630476,-0.3006607588132173,-39.493613021650305,63.70001399999999,9.599997602063873,-39.48805773940367,66.27374638689588,0.0,1,-2.3092638912203256e-14,0.0,-0.39059089677630476,-0.30066079016844505,-39.49361302165028,-63.70001399999998,9.599997602063901,-39.488057739403686,-66.27374638689588,0.0,1,7.105427357601002e-15,0.0,-0.49740618441210094,-0.7475132473840378,86.08255400477485,63.70001399999999,9.600292634988222,86.089911287519,62.45001576525732,0.0,1,-3.552713678800501e-15,0.0,-0.49740618441210094,-0.7475132473840378,86.08255400477485,-63.70001399999998,9.600292634988222,86.089911287519,-62.45001576525732,0.0,1,-3.552713678800501e-15
2.408333333333333,2408333,hold_front_stretch,-10.0,0.0,71.0,0.9953961983671789,0.0,0.09584575252022398,0.0,-10.0,0.0,71.0,29.48805773940368,8.909968009162895,0,feet,0.0,-0.39059089677630476,-0.3006607588132173,-39.493613021650305,63.70001399999999,9.599997602063873,-39.48805773940367,66.27374638689588,0.0,1,-2.3092638912203256e-14,0.0,-0.39059089677630476,-0.30066079016844505,-39.49361302165028,-63.70001399999998,9.599997602063901,-39.488057739403686,-66.27374638689588,0.0,1,7.105427357601002e-15,0.0,-0.49740618441210094,-0.7475132473840378,86.08255400477485,63.70001399999999,9.600292634988222,86.089911287519,62.45001576525732,0.0,1,-3.552713678800501e-15,0.0,-0.49740618441210094,-0.7475132473840378,86.08255400477485,-63.70001399999998,9.600292634988222,86.089911287519,-62.45001576525732,0.0,1,-3.552713678800501e-15
2.4166666666666665,2416667,hold_front_stretch,-10.0,0.0,71.0,0.9953961983671789,0.0,0.09584575252022398,0.0,-10.0,0.0,71.0,29.48805773940368,8.909968009162895,0,feet,0.0,-0.39059089677630476,-0.3006607588132173,-39.493613021650305,63.70001399999999,9.599997602063873,-39.48805773940367,66.27374638689588,0.0,1,-2.3092638912203256e-14,0.0,-0.39059089677630476,-0.30066079016844505,-39.49361302165028,-63.70001399999998,9.599997602063901,-39.488057739403686,-66.27374638689588,0.0,1,7.105427357601002e-15,0.0,-0.49740618441210094,-0.7475132473840378,86.08255400477485,63.70001399999999,9.600292634988222,86.089911287519,62.45001576525732,0.0,1,-3.552713678800501e-15,0.0,-0.49740618441210094,-0.7475132473840378,86.08255400477485,-63.70001399999998,9.600292634988222,86.089911287519,-62.45001576525732,0.0,1,-3.552713678800501e-15
2.425,2425000,hold_front_stretch,-10.0,0.0,71.0,0.9953961983671789,0.0,0.09584575252022398,0.0,-10.0,0.0,71.0,29.48805773940368,8.909968009162895,0,feet,0.0,-0.39059089677630476,-0.3006607588132173,-39.493613021650305,63.70001399999999,9.599997602063873,-39.48805773940367,66.27374638689588,0.0,1,-2.3092638912203256e-14,0.0,-0.39059089677630476,-0.30066079016844505,-39.49361302165028,-63.70001399999998,9.599997602063901,-39.488057739403686,-66.27374638689588,0.0,1,7.105427357601002e-15,0.0,-0.49740618441210094,-0.7475132473840378,86.08255400477485,63.70001399999999,9.600292634988222,86.089911287519,62.45001576525732,0.0,1,-3.552713678800501e-15,0.0,-0.49740618441210094,-0.7475132473840378,86.08255400477485,-63.70001399999998,9.600292634988222,86.089911287519,-62.45001576525732,0.0,1,-3.552713678800501e-15
2.433333333333333,2433333,hold_front_stretch,-10.0,0.0,71.0,0.9953961983671789,0.0,0.09584575252022398,0.0,-10.0,0.0,71.0,29.48805773940368,8.909968009162895,0,feet,0.0,-0.39059089677630476,-0.3006607588132173,-39.493613021650305,63.70001399999999,9.599997602063873,-39.48805773940367,66.27374638689588,0.0,1,-2.3092638912203256e-14,0.0,-0.39059089677630476,-0.30066079016844505,-39.49361302165028,-63.70001399999998,9.599997602063901,-39.488057739403686,-66.27374638689588,0.0,1,7.105427357601002e-15,0.0,-0.49740618441210094,-0.7475132473840378,86.08255400477485,63.70001399999999,9.600292634988222,86.089911287519,62.45001576525732,0.0,1,-3.552713678800501e-15,0.0,-0.49740618441210094,-0.7475132473840378,86.08255400477485,-63.70001399999998,9.600292634988222,86.089911287519,-62.45001576525732,0.0,1,-3.552713678800501e-15
2.441666666666667,2441667,hold_front_stretch,-10.0,0.0,71.0,0.9953961983671789,0.0,0.09584575252022398,0.0,-10.0,0.0,71.0,29.48805773940368,8.909968009162895,0,feet,0.0,-0.39059089677630476,-0.3006607588132173,-39.493613021650305,63.70001399999999,9.599997602063873,-39.48805773940367,66.27374638689588,0.0,1,-2.3092638912203256e-14,0.0,-0.39059089677630476,-0.30066079016844505,-39.49361302165028,-63.70001399999998,9.599997602063901,-39.488057739403686,-66.27374638689588,0.0,1,7.105427357601002e-15,0.0,-0.49740618441210094,-0.7475132473840378,86.08255400477485,63.70001399999999,9.600292634988222,86.089911287519,62.45001576525732,0.0,1,-3.552713678800501e-15,0.0,-0.49740618441210094,-0.7475132473840378,86.08255400477485,-63.70001399999998,9.600292634988222,86.089911287519,-62.45001576525732,0.0,1,-3.552713678800501e-15
2.45,2450000,hold_front_stretch,-10.0,0.0,71.0,0.9953961983671789,0.0,0.09584575252022398,0.0,-10.0,0.0,71.0,29.48805773940368,8.909968009162895,0,feet,0.0,-0.39059089677630476,-0.3006607588132173,-39.493613021650305,63.70001399999999,9.599997602063873,-39.48805773940367,66.27374638689588,0.0,1,-2.3092638912203256e-14,0.0,-0.39059089677630476,-0.30066079016844505,-39.49361302165028,-63.70001399999998,9.599997602063901,-39.488057739403686,-66.27374638689588,0.0,1,7.105427357601002e-15,0.0,-0.49740618441210094,-0.7475132473840378,86.08255400477485,63.70001399999999,9.600292634988222,86.089911287519,62.45001576525732,0.0,1,-3.552713678800501e-15,0.0,-0.49740618441210094,-0.7475132473840378,86.08255400477485,-63.70001399999998,9.600292634988222,86.089911287519,-62.45001576525732,0.0,1,-3.552713678800501e-15
2.4583333333333335,2458333,hold_front_stretch,-10.0,0.0,71.0,0.9953961983671789,0.0,0.09584575252022398,0.0,-10.0,0.0,71.0,29.48805773940368,8.909968009162895,0,feet,0.0,-0.39059089677630476,-0.3006607588132173,-39.493613021650305,63.70001399999999,9.599997602063873,-39.48805773940367,66.27374638689588,0.0,1,-2.3092638912203256e-14,0.0,-0.39059089677630476,-0.30066079016844505,-39.49361302165028,-63.70001399999998,9.599997602063901,-39.488057739403686,-66.27374638689588,0.0,1,7.105427357601002e-15,0.0,-0.49740618441210094,-0.7475132473840378,86.08255400477485,63.70001399999999,9.600292634988222,86.089911287519,62.45001576525732,0.0,1,-3.552713678800501e-15,0.0,-0.49740618441210094,-0.7475132473840378,86.08255400477485,-63.70001399999998,9.600292634988222,86.089911287519,-62.45001576525732,0.0,1,-3.552713678800501e-15
2.466666666666667,2466667,hold_front_stretch,-10.0,0.0,71.0,0.9953961983671789,0.0,0.09584575252022398,0.0,-10.0,0.0,71.0,29.48805773940368,8.909968009162895,0,feet,0.0,-0.39059089677630476,-0.3006607588132173,-39.493613021650305,63.70001399999999,9.599997602063873,-39.48805773940367,66.27374638689588,0.0,1,-2.3092638912203256e-14,0.0,-0.39059089677630476,-0.30066079016844505,-39.49361302165028,-63.70001399999998,9.599997602063901,-39.488057739403686,-66.27374638689588,0.0,1,7.105427357601002e-15,0.0,-0.49740618441210094,-0.7475132473840378,86.08255400477485,63.70001399999999,9.600292634988222,86.089911287519,62.45001576525732,0.0,1,-3.552713678800501e-15,0.0,-0.49740618441210094,-0.7475132473840378,86.08255400477485,-63.70001399999998,9.600292634988222,86.089911287519,-62.45001576525732,0.0,1,-3.552713678800501e-15
2.475,2475000,hold_front_stretch,-10.0,0.0,71.0,0.9953961983671789,0.0,0.09584575252022398,0.0,-10.0,0.0,71.0,29.48805773940368,8.909968009162895,0,feet,0.0,-0.39059089677630476,-0.3006607588132173,-39.493613021650305,63.70001399999999,9.599997602063873,-39.48805773940367,66.27374638689588,0.0,1,-2.3092638912203256e-14,0.0,-0.39059089677630476,-0.30066079016844505,-39.49361302165028,-63.70001399999998,9.599997602063901,-39.488057739403686,-66.27374638689588,0.0,1,7.105427357601002e-15,0.0,-0.49740618441210094,-0.7475132473840378,86.08255400477485,63.70001399999999,9.600292634988222,86.089911287519,62.45001576525732,0.0,1,-3.552713678800501e-15,0.0,-0.49740618441210094,-0.7475132473840378,86.08255400477485,-63.70001399999998,9.600292634988222,86.089911287519,-62.45001576525732,0.0,1,-3.552713678800501e-15
2.4833333333333334,2483333,hold_front_stretch,-10.0,0.0,71.0,0.9953961983671789,0.0,0.09584575252022398,0.0,-10.0,0.0,71.0,29.48805773940368,8.909968009162895,0,feet,0.0,-0.39059089677630476,-0.3006607588132173,-39.493613021650305,63.70001399999999,9.599997602063873,-39.48805773940367,66.27374638689588,0.0,1,-2.3092638912203256e-14,0.0,-0.39059089677630476,-0.30066079016844505,-39.49361302165028,-63.70001399999998,9.599997602063901,-39.488057739403686,-66.27374638689588,0.0,1,7.105427357601002e-15,0.0,-0.49740618441210094,-0.7475132473840378,86.08255400477485,63.70001399999999,9.600292634988222,86.089911287519,62.45001576525732,0.0,1,-3.552713678800501e-15,0.0,-0.49740618441210094,-0.7475132473840378,86.08255400477485,-63.70001399999998,9.600292634988222,86.089911287519,-62.45001576525732,0.0,1,-3.552713678800501e-15
2.4916666666666667,2491667,hold_front_stretch,-10.0,0.0,71.0,0.9953961983671789,0.0,0.09584575252022398,0.0,-10.0,0.0,71.0,29.48805773940368,8.909968009162895,0,feet,0.0,-0.39059089677630476,-0.3006607588132173,-39.493613021650305,63.70001399999999,9.599997602063873,-39.48805773940367,66.27374638689588,0.0,1,-2.3092638912203256e-14,0.0,-0.39059089677630476,-0.30066079016844505,-39.49361302165028,-63.70001399999998,9.599997602063901,-39.488057739403686,-66.27374638689588,0.0,1,7.105427357601002e-15,0.0,-0.49740618441210094,-0.7475132473840378,86.08255400477485,63.70001399999999,9.600292634988222,86.089911287519,62.45001576525732,0.0,1,-3.552713678800501e-15,0.0,-0.49740618441210094,-0.7475132473840378,86.08255400477485,-63.70001399999998,9.600292634988222,86.089911287519,-62.45001576525732,0.0,1,-3.552713678800501e-15
2.5,2500000,hold_front_stretch,-10.0,0.0,71.0,0.9953961983671789,0.0,0.09584575252022398,0.0,-10.0,0.0,71.0,29.48805773940368,8.909968009162895,0,feet,0.0,-0.39059089677630476,-0.3006607588132173,-39.493613021650305,63.70001399999999,9.599997602063873,-39.48805773940367,66.27374638689588,0.0,1,-2.3092638912203256e-14,0.0,-0.39059089677630476,-0.30066079016844505,-39.49361302165028,-63.70001399999998,9.599997602063901,-39.488057739403686,-66.27374638689588,0.0,1,7.105427357601002e-15,0.0,-0.49740618441210094,-0.7475132473840378,86.08255400477485,63.70001399999999,9.600292634988222,86.089911287519,62.45001576525732,0.0,1,-3.552713678800501e-15,0.0,-0.49740618441210094,-0.7475132473840378,86.08255400477485,-63.70001399999998,9.600292634988222,86.089911287519,-62.45001576525732,0.0,1,-3.552713678800501e-15
2.5083333333333333,2508333,hold_front_stretch,-10.0,0.0,71.0,0.9953961983671789,0.0,0.09584575252022398,0.0,-10.0,0.0,71.0,29.48805773940368,8.909968009162895,0,feet,0.0,-0.39059089677630476,-0.3006607588132173,-39.493613021650305,63.70001399999999,9.599997602063873,-39.48805773940367,66.27374638689588,0.0,1,-2.3092638912203256e-14,0.0,-0.39059089677630476,-0.30066079016844505,-39.49361302165028,-63.70001399999998,9.599997602063901,-39.488057739403686,-66.27374638689588,0.0,1,7.105427357601002e-15,0.0,-0.49740618441210094,-0.7475132473840378,86.08255400477485,63.70001399999999,9.600292634988222,86.089911287519,62.45001576525732,0.0,1,-3.552713678800501e-15,0.0,-0.49740618441210094,-0.7475132473840378,86.08255400477485,-63.70001399999998,9.600292634988222,86.089911287519,-62.45001576525732,0.0,1,-3.552713678800501e-15
2.5166666666666666,2516667,hold_front_stretch,-10.0,0.0,71.0,0.9953961983671789,0.0,0.09584575252022398,0.0,-10.0,0.0,71.0,29.48805773940368,8.909968009162895,0,feet,0.0,-0.39059089677630476,-0.3006607588132173,-39.493613021650305,63.70001399999999,9.599997602063873,-39.48805773940367,66.27374638689588,0.0,1,-2.3092638912203256e-14,0.0,-0.39059089677630476,-0.30066079016844505,-39.49361302165028,-63.70001399999998,9.599997602063901,-39.488057739403686,-66.27374638689588,0.0,1,7.105427357601002e-15,0.0,-0.49740618441210094,-0.7475132473840378,86.08255400477485,63.70001399999999,9.600292634988222,86.089911287519,62.45001576525732,0.0,1,-3.552713678800501e-15,0.0,-0.49740618441210094,-0.7475132473840378,86.08255400477485,-63.70001399999998,9.600292634988222,86.089911287519,-62.45001576525732,0.0,1,-3.552713678800501e-15
2.525,2525000,hold_front_stretch,-10.0,0.0,71.0,0.9953961983671789,0.0,0.09584575252022398,0.0,-10.0,0.0,71.0,29.48805773940368,8.909968009162895,0,feet,0.0,-0.39059089677630476,-0.3006607588132173,-39.493613021650305,63.70001399999999,9.599997602063873,-39.48805773940367,66.27374638689588,0.0,1,-2.3092638912203256e-14,0.0,-0.39059089677630476,-0.30066079016844505,-39.49361302165028,-63.70001399999998,9.599997602063901,-39.488057739403686,-66.27374638689588,0.0,1,7.105427357601002e-15,0.0,-0.49740618441210094,-0.7475132473840378,86.08255400477485,63.70001399999999,9.600292634988222,86.089911287519,62.45001576525732,0.0,1,-3.552713678800501e-15,0.0,-0.49740618441210094,-0.7475132473840378,86.08255400477485,-63.70001399999998,9.600292634988222,86.089911287519,-62.45001576525732,0.0,1,-3.552713678800501e-15
2.533333333333333,2533333,hold_front_stretch,-10.0,0.0,71.0,0.9953961983671789,0.0,0.09584575252022398,0.0,-10.0,0.0,71.0,29.48805773940368,8.909968009162895,0,feet,0.0,-0.39059089677630476,-0.3006607588132173,-39.493613021650305,63.70001399999999,9.599997602063873,-39.48805773940367,66.27374638689588,0.0,1,-2.3092638912203256e-14,0.0,-0.39059089677630476,-0.30066079016844505,-39.49361302165028,-63.70001399999998,9.599997602063901,-39.488057739403686,-66.27374638689588,0.0,1,7.105427357601002e-15,0.0,-0.49740618441210094,-0.7475132473840378,86.08255400477485,63.70001399999999,9.600292634988222,86.089911287519,62.45001576525732,0.0,1,-3.552713678800501e-15,0.0,-0.49740618441210094,-0.7475132473840378,86.08255400477485,-63.70001399999998,9.600292634988222,86.089911287519,-62.45001576525732,0.0,1,-3.552713678800501e-15
2.5416666666666665,2541667,hold_front_stretch,-10.0,0.0,71.0,0.9953961983671789,0.0,0.09584575252022398,0.0,-10.0,0.0,71.0,29.48805773940368,8.909968009162895,0,feet,0.0,-0.39059089677630476,-0.3006607588132173,-39.493613021650305,63.70001399999999,9.599997602063873,-39.48805773940367,66.27374638689588,0.0,1,-2.3092638912203256e-14,0.0,-0.39059089677630476,-0.30066079016844505,-39.49361302165028,-63.70001399999998,9.599997602063901,-39.488057739403686,-66.27374638689588,0.0,1,7.105427357601002e-15,0.0,-0.49740618441210094,-0.7475132473840378,86.08255400477485,63.70001399999999,9.600292634988222,86.089911287519,62.45001576525732,0.0,1,-3.552713678800501e-15,0.0,-0.49740618441210094,-0.7475132473840378,86.08255400477485,-63.70001399999998,9.600292634988222,86.089911287519,-62.45001576525732,0.0,1,-3.552713678800501e-15
2.55,2550000,hold_front_stretch,-10.0,0.0,71.0,0.9953961983671789,0.0,0.09584575252022398,0.0,-10.0,0.0,71.0,29.48805773940368,8.909968009162895,0,feet,0.0,-0.39059089677630476,-0.3006607588132173,-39.493613021650305,63.70001399999999,9.599997602063873,-39.48805773940367,66.27374638689588,0.0,1,-2.3092638912203256e-14,0.0,-0.39059089677630476,-0.30066079016844505,-39.49361302165028,-63.70001399999998,9.599997602063901,-39.488057739403686,-66.27374638689588,0.0,1,7.105427357601002e-15,0.0,-0.49740618441210094,-0.7475132473840378,86.08255400477485,63.70001399999999,9.600292634988222,86.089911287519,62.45001576525732,0.0,1,-3.552713678800501e-15,0.0,-0.49740618441210094,-0.7475132473840378,86.08255400477485,-63.70001399999998,9.600292634988222,86.089911287519,-62.45001576525732,0.0,1,-3.552713678800501e-15
2.558333333333333,2558333,hold_front_stretch,-10.0,0.0,71.0,0.9953961983671789,0.0,0.09584575252022398,0.0,-10.0,0.0,71.0,29.48805773940368,8.909968009162895,0,feet,0.0,-0.39059089677630476,-0.3006607588132173,-39.493613021650305,63.70001399999999,9.599997602063873,-39.48805773940367,66.27374638689588,0.0,1,-2.3092638912203256e-14,0.0,-0.39059089677630476,-0.30066079016844505,-39.49361302165028,-63.70001399999998,9.599997602063901,-39.488057739403686,-66.27374638689588,0.0,1,7.105427357601002e-15,0.0,-0.49740618441210094,-0.7475132473840378,86.08255400477485,63.70001399999999,9.600292634988222,86.089911287519,62.45001576525732,0.0,1,-3.552713678800501e-15,0.0,-0.49740618441210094,-0.7475132473840378,86.08255400477485,-63.70001399999998,9.600292634988222,86.089911287519,-62.45001576525732,0.0,1,-3.552713678800501e-15
2.566666666666667,2566667,hold_front_stretch,-10.0,0.0,71.0,0.9953961983671789,0.0,0.09584575252022398,0.0,-10.0,0.0,71.0,29.48805773940368,8.909968009162895,0,feet,0.0,-0.39059089677630476,-0.3006607588132173,-39.493613021650305,63.70001399999999,9.599997602063873,-39.48805773940367,66.27374638689588,0.0,1,-2.3092638912203256e-14,0.0,-0.39059089677630476,-0.30066079016844505,-39.49361302165028,-63.70001399999998,9.599997602063901,-39.488057739403686,-66.27374638689588,0.0,1,7.105427357601002e-15,0.0,-0.49740618441210094,-0.7475132473840378,86.08255400477485,63.70001399999999,9.600292634988222,86.089911287519,62.45001576525732,0.0,1,-3.552713678800501e-15,0.0,-0.49740618441210094,-0.7475132473840378,86.08255400477485,-63.70001399999998,9.600292634988222,86.089911287519,-62.45001576525732,0.0,1,-3.552713678800501e-15
2.575,2575000,hold_front_stretch,-10.0,0.0,71.0,0.9953961983671789,0.0,0.09584575252022398,0.0,-10.0,0.0,71.0,29.48805773940368,8.909968009162895,0,feet,0.0,-0.39059089677630476,-0.3006607588132173,-39.493613021650305,63.70001399999999,9.599997602063873,-39.48805773940367,66.27374638689588,0.0,1,-2.3092638912203256e-14,0.0,-0.39059089677630476,-0.30066079016844505,-39.49361302165028,-63.70001399999998,9.599997602063901,-39.488057739403686,-66.27374638689588,0.0,1,7.105427357601002e-15,0.0,-0.49740618441210094,-0.7475132473840378,86.08255400477485,63.70001399999999,9.600292634988222,86.089911287519,62.45001576525732,0.0,1,-3.552713678800501e-15,0.0,-0.49740618441210094,-0.7475132473840378,86.08255400477485,-63.70001399999998,9.600292634988222,86.089911287519,-62.45001576525732,0.0,1,-3.552713678800501e-15
2.5833333333333335,2583333,hold_front_stretch,-10.0,0.0,71.0,0.9953961983671789,0.0,0.09584575252022398,0.0,-10.0,0.0,71.0,29.48805773940368,8.909968009162895,0,feet,0.0,-0.39059089677630476,-0.3006607588132173,-39.493613021650305,63.70001399999999,9.599997602063873,-39.48805773940367,66.27374638689588,0.0,1,-2.3092638912203256e-14,0.0,-0.39059089677630476,-0.30066079016844505,-39.49361302165028,-63.70001399999998,9.599997602063901,-39.488057739403686,-66.27374638689588,0.0,1,7.105427357601002e-15,0.0,-0.49740618441210094,-0.7475132473840378,86.08255400477485,63.70001399999999,9.600292634988222,86.089911287519,62.45001576525732,0.0,1,-3.552713678800501e-15,0.0,-0.49740618441210094,-0.7475132473840378,86.08255400477485,-63.70001399999998,9.600292634988222,86.089911287519,-62.45001576525732,0.0,1,-3.552713678800501e-15
2.591666666666667,2591667,hold_front_stretch,-10.0,0.0,71.0,0.9953961983671789,0.0,0.09584575252022398,0.0,-10.0,0.0,71.0,29.48805773940368,8.909968009162895,0,feet,0.0,-0.39059089677630476,-0.3006607588132173,-39.493613021650305,63.70001399999999,9.599997602063873,-39.48805773940367,66.27374638689588,0.0,1,-2.3092638912203256e-14,0.0,-0.39059089677630476,-0.30066079016844505,-39.49361302165028,-63.70001399999998,9.599997602063901,-39.488057739403686,-66.27374638689588,0.0,1,7.105427357601002e-15,0.0,-0.49740618441210094,-0.7475132473840378,86.08255400477485,63.70001399999999,9.600292634988222,86.089911287519,62.45001576525732,0.0,1,-3.552713678800501e-15,0.0,-0.49740618441210094,-0.7475132473840378,86.08255400477485,-63.70001399999998,9.600292634988222,86.089911287519,-62.45001576525732,0.0,1,-3.552713678800501e-15
2.6,2600000,hold_front_stretch,-10.0,0.0,71.0,0.9953961983671789,0.0,0.09584575252022398,0.0,-10.0,0.0,71.0,29.48805773940368,8.909968009162895,0,feet,0.0,-0.39059089677630476,-0.3006607588132173,-39.493613021650305,63.70001399999999,9.599997602063873,-39.48805773940367,66.27374638689588,0.0,1,-2.3092638912203256e-14,0.0,-0.39059089677630476,-0.30066079016844505,-39.49361302165028,-63.70001399999998,9.599997602063901,-39.488057739403686,-66.27374638689588,0.0,1,7.105427357601002e-15,0.0,-0.49740618441210094,-0.7475132473840378,86.08255400477485,63.70001399999999,9.600292634988222,86.089911287519,62.45001576525732,0.0,1,-3.552713678800501e-15,0.0,-0.49740618441210094,-0.7475132473840378,86.08255400477485,-63.70001399999998,9.600292634988222,86.089911287519,-62.45001576525732,0.0,1,-3.552713678800501e-15
2.6083333333333334,2608333,hold_front_stretch,-10.0,0.0,71.0,0.9953961983671789,0.0,0.09584575252022398,0.0,-10.0,0.0,71.0,29.48805773940368,8.909968009162895,0,feet,0.0,-0.39059089677630476,-0.3006607588132173,-39.493613021650305,63.70001399999999,9.599997602063873,-39.48805773940367,66.27374638689588,0.0,1,-2.3092638912203256e-14,0.0,-0.39059089677630476,-0.30066079016844505,-39.49361302165028,-63.70001399999998,9.599997602063901,-39.488057739403686,-66.27374638689588,0.0,1,7.105427357601002e-15,0.0,-0.49740618441210094,-0.7475132473840378,86.08255400477485,63.70001399999999,9.600292634988222,86.089911287519,62.45001576525732,0.0,1,-3.552713678800501e-15,0.0,-0.49740618441210094,-0.7475132473840378,86.08255400477485,-63.70001399999998,9.600292634988222,86.089911287519,-62.45001576525732,0.0,1,-3.552713678800501e-15
2.6166666666666667,2616667,hold_front_stretch,-10.0,0.0,71.0,0.9953961983671789,0.0,0.09584575252022398,0.0,-10.0,0.0,71.0,29.48805773940368,8.909968009162895,0,feet,0.0,-0.39059089677630476,-0.3006607588132173,-39.493613021650305,63.70001399999999,9.599997602063873,-39.48805773940367,66.27374638689588,0.0,1,-2.3092638912203256e-14,0.0,-0.39059089677630476,-0.30066079016844505,-39.49361302165028,-63.70001399999998,9.599997602063901,-39.488057739403686,-66.27374638689588,0.0,1,7.105427357601002e-15,0.0,-0.49740618441210094,-0.7475132473840378,86.08255400477485,63.70001399999999,9.600292634988222,86.089911287519,62.45001576525732,0.0,1,-3.552713678800501e-15,0.0,-0.49740618441210094,-0.7475132473840378,86.08255400477485,-63.70001399999998,9.600292634988222,86.089911287519,-62.45001576525732,0.0,1,-3.552713678800501e-15
2.625,2625000,hold_front_stretch,-10.0,0.0,71.0,0.9953961983671789,0.0,0.09584575252022398,0.0,-10.0,0.0,71.0,29.48805773940368,8.909968009162895,0,feet,0.0,-0.39059089677630476,-0.3006607588132173,-39.493613021650305,63.70001399999999,9.599997602063873,-39.48805773940367,66.27374638689588,0.0,1,-2.3092638912203256e-14,0.0,-0.39059089677630476,-0.30066079016844505,-39.49361302165028,-63.70001399999998,9.599997602063901,-39.488057739403686,-66.27374638689588,0.0,1,7.105427357601002e-15,0.0,-0.49740618441210094,-0.7475132473840378,86.08255400477485,63.70001399999999,9.600292634988222,86.089911287519,62.45001576525732,0.0,1,-3.552713678800501e-15,0.0,-0.49740618441210094,-0.7475132473840378,86.08255400477485,-63.70001399999998,9.600292634988222,86.089911287519,-62.45001576525732,0.0,1,-3.552713678800501e-15
2.6333333333333333,2633333,hold_front_stretch,-10.0,0.0,71.0,0.9953961983671789,0.0,0.09584575252022398,0.0,-10.0,0.0,71.0,29.48805773940368,8.909968009162895,0,feet,0.0,-0.39059089677630476,-0.3006607588132173,-39.493613021650305,63.70001399999999,9.599997602063873,-39.48805773940367,66.27374638689588,0.0,1,-2.3092638912203256e-14,0.0,-0.39059089677630476,-0.30066079016844505,-39.49361302165028,-63.70001399999998,9.599997602063901,-39.488057739403686,-66.27374638689588,0.0,1,7.105427357601002e-15,0.0,-0.49740618441210094,-0.7475132473840378,86.08255400477485,63.70001399999999,9.600292634988222,86.089911287519,62.45001576525732,0.0,1,-3.552713678800501e-15,0.0,-0.49740618441210094,-0.7475132473840378,86.08255400477485,-63.70001399999998,9.600292634988222,86.089911287519,-62.45001576525732,0.0,1,-3.552713678800501e-15
2.6416666666666666,2641667,hold_front_stretch,-10.0,0.0,71.0,0.9953961983671789,0.0,0.09584575252022398,0.0,-10.0,0.0,71.0,29.48805773940368,8.909968009162895,0,feet,0.0,-0.39059089677630476,-0.3006607588132173,-39.493613021650305,63.70001399999999,9.599997602063873,-39.48805773940367,66.27374638689588,0.0,1,-2.3092638912203256e-14,0.0,-0.39059089677630476,-0.30066079016844505,-39.49361302165028,-63.70001399999998,9.599997602063901,-39.488057739403686,-66.27374638689588,0.0,1,7.105427357601002e-15,0.0,-0.49740618441210094,-0.7475132473840378,86.08255400477485,63.70001399999999,9.600292634988222,86.089911287519,62.45001576525732,0.0,1,-3.552713678800501e-15,0.0,-0.49740618441210094,-0.7475132473840378,86.08255400477485,-63.70001399999998,9.600292634988222,86.089911287519,-62.45001576525732,0.0,1,-3.552713678800501e-15
2.65,2650000,hold_front_stretch,-10.0,0.0,71.0,0.9953961983671789,0.0,0.09584575252022398,0.0,-10.0,0.0,71.0,29.48805773940368,8.909968009162895,0,feet,0.0,-0.39059089677630476,-0.3006607588132173,-39.493613021650305,63.70001399999999,9.599997602063873,-39.48805773940367,66.27374638689588,0.0,1,-2.3092638912203256e-14,0.0,-0.39059089677630476,-0.30066079016844505,-39.49361302165028,-63.70001399999998,9.599997602063901,-39.488057739403686,-66.27374638689588,0.0,1,7.105427357601002e-15,0.0,-0.49740618441210094,-0.7475132473840378,86.08255400477485,63.70001399999999,9.600292634988222,86.089911287519,62.45001576525732,0.0,1,-3.552713678800501e-15,0.0,-0.49740618441210094,-0.7475132473840378,86.08255400477485,-63.70001399999998,9.600292634988222,86.089911287519,-62.45001576525732,0.0,1,-3.552713678800501e-15
2.658333333333333,2658333,hold_front_stretch,-10.0,0.0,71.0,0.9953961983671789,0.0,0.09584575252022398,0.0,-10.0,0.0,71.0,29.48805773940368,8.909968009162895,0,feet,0.0,-0.39059089677630476,-0.3006607588132173,-39.493613021650305,63.70001399999999,9.599997602063873,-39.48805773940367,66.27374638689588,0.0,1,-2.3092638912203256e-14,0.0,-0.39059089677630476,-0.30066079016844505,-39.49361302165028,-63.70001399999998,9.599997602063901,-39.488057739403686,-66.27374638689588,0.0,1,7.105427357601002e-15,0.0,-0.49740618441210094,-0.7475132473840378,86.08255400477485,63.70001399999999,9.600292634988222,86.089911287519,62.45001576525732,0.0,1,-3.552713678800501e-15,0.0,-0.49740618441210094,-0.7475132473840378,86.08255400477485,-63.70001399999998,9.600292634988222,86.089911287519,-62.45001576525732,0.0,1,-3.552713678800501e-15
2.6666666666666665,2666667,hold_front_stretch,-10.0,0.0,71.0,0.9953961983671789,0.0,0.09584575252022398,0.0,-10.0,0.0,71.0,29.48805773940368,8.909968009162895,0,feet,0.0,-0.39059089677630476,-0.3006607588132173,-39.493613021650305,63.70001399999999,9.599997602063873,-39.48805773940367,66.27374638689588,0.0,1,-2.3092638912203256e-14,0.0,-0.39059089677630476,-0.30066079016844505,-39.49361302165028,-63.70001399999998,9.599997602063901,-39.488057739403686,-66.27374638689588,0.0,1,7.105427357601002e-15,0.0,-0.49740618441210094,-0.7475132473840378,86.08255400477485,63.70001399999999,9.600292634988222,86.089911287519,62.45001576525732,0.0,1,-3.552713678800501e-15,0.0,-0.49740618441210094,-0.7475132473840378,86.08255400477485,-63.70001399999998,9.600292634988222,86.089911287519,-62.45001576525732,0.0,1,-3.552713678800501e-15
2.675,2675000,hold_front_stretch,-10.0,0.0,71.0,0.9953961983671789,0.0,0.09584575252022398,0.0,-10.0,0.0,71.0,29.48805773940368,8.909968009162895,0,feet,0.0,-0.39059089677630476,-0.3006607588132173,-39.493613021650305,63.70001399999999,9.599997602063873,-39.48805773940367,66.27374638689588,0.0,1,-2.3092638912203256e-14,0.0,-0.39059089677630476,-0.30066079016844505,-39.49361302165028,-63.70001399999998,9.599997602063901,-39.488057739403686,-66.27374638689588,0.0,1,7.105427357601002e-15,0.0,-0.49740618441210094,-0.7475132473840378,86.08255400477485,63.70001399999999,9.600292634988222,86.089911287519,62.45001576525732,0.0,1,-3.552713678800501e-15,0.0,-0.49740618441210094,-0.7475132473840378,86.08255400477485,-63.70001399999998,9.600292634988222,86.089911287519,-62.45001576525732,0.0,1,-3.552713678800501e-15
2.683333333333333,2683333,hold_front_stretch,-10.0,0.0,71.0,0.9953961983671789,0.0,0.09584575252022398,0.0,-10.0,0.0,71.0,29.48805773940368,8.909968009162895,0,feet,0.0,-0.39059089677630476,-0.3006607588132173,-39.493613021650305,63.70001399999999,9.599997602063873,-39.48805773940367,66.27374638689588,0.0,1,-2.3092638912203256e-14,0.0,-0.39059089677630476,-0.30066079016844505,-39.49361302165028,-63.70001399999998,9.599997602063901,-39.488057739403686,-66.27374638689588,0.0,1,7.105427357601002e-15,0.0,-0.49740618441210094,-0.7475132473840378,86.08255400477485,63.70001399999999,9.600292634988222,86.089911287519,62.45001576525732,0.0,1,-3.552713678800501e-15,0.0,-0.49740618441210094,-0.7475132473840378,86.08255400477485,-63.70001399999998,9.600292634988222,86.089911287519,-62.45001576525732,0.0,1,-3.552713678800501e-15
2.691666666666667,2691667,hold_front_stretch,-10.0,0.0,71.0,0.9953961983671789,0.0,0.09584575252022398,0.0,-10.0,0.0,71.0,29.48805773940368,8.909968009162895,0,feet,0.0,-0.39059089677630476,-0.3006607588132173,-39.493613021650305,63.70001399999999,9.599997602063873,-39.48805773940367,66.27374638689588,0.0,1,-2.3092638912203256e-14,0.0,-0.39059089677630476,-0.30066079016844505,-39.49361302165028,-63.70001399999998,9.599997602063901,-39.488057739403686,-66.27374638689588,0.0,1,7.105427357601002e-15,0.0,-0.49740618441210094,-0.7475132473840378,86.08255400477485,63.70001399999999,9.600292634988222,86.089911287519,62.45001576525732,0.0,1,-3.552713678800501e-15,0.0,-0.49740618441210094,-0.7475132473840378,86.08255400477485,-63.70001399999998,9.600292634988222,86.089911287519,-62.45001576525732,0.0,1,-3.552713678800501e-15
2.7,2700000,hold_front_stretch,-10.0,0.0,71.0,0.9953961983671789,0.0,0.09584575252022398,0.0,-10.0,0.0,71.0,29.48805773940368,8.909968009162895,0,feet,0.0,-0.39059089677630476,-0.3006607588132173,-39.493613021650305,63.70001399999999,9.599997602063873,-39.48805773940367,66.27374638689588,0.0,1,-2.3092638912203256e-14,0.0,-0.39059089677630476,-0.30066079016844505,-39.49361302165028,-63.70001399999998,9.599997602063901,-39.488057739403686,-66.27374638689588,0.0,1,7.105427357601002e-15,0.0,-0.49740618441210094,-0.7475132473840378,86.08255400477485,63.70001399999999,9.600292634988222,86.089911287519,62.45001576525732,0.0,1,-3.552713678800501e-15,0.0,-0.49740618441210094,-0.7475132473840378,86.08255400477485,-63.70001399999998,9.600292634988222,86.089911287519,-62.45001576525732,0.0,1,-3.552713678800501e-15
2.7083333333333335,2708333,deepen_front_stretch,-10.0,0.0,70.99995485339507,0.9953961606059404,0.0,0.09584614468486904,0.0,-10.0,0.0,70.99995485339507,29.48805773940368,8.909851731283545,0,feet,0.0,-0.390591560721016,-0.30066156891206974,-39.49361197884012,63.70001399999999,9.59999760266728,-39.48805773940367,66.27374638689588,0.0,1,-7.105427357601002e-15,0.0,-0.39059156072101553,-0.30066160026737165,-39.49361197884013,-63.70001399999998,9.599997602667308,-39.488057739403686,-66.27374638689588,0.0,1,2.1316282072803006e-14,0.0,-0.4974084641444314,-0.7475155693953357,86.08262767524855,63.70001399999999,9.600292622234818,86.09000158072888,62.45001576525732,0.0,1,-1.0658141036401503e-14,0.0,-0.4974084641444314,-0.7475155693953357,86.08262767524855,-63.70001399999998,9.600292622234818,86.09000158072888,-62.45001576525732,0.0,1,-1.0658141036401503e-14
2.716666666666667,2716667,deepen_front_stretch,-10.0,0.0,70.99964790123457,0.9953959038628553,0.0,0.09584881101531466,0.0,-10.0,0.0,70.99964790123457,29.48805773940368,8.909061157990322,0,feet,0.0,-0.3905960748644275,-0.30066707676668525,-39.493604888728484,63.70001399999999,9.599997606766784,-39.48805773940367,66.27374638689588,0.0,1,1.0658141036401503e-14,0.0,-0.3905960748644275,-0.30066710812249653,-39.493604888728484,-63.70001399999998,9.599997606766784,-39.488057739403686,-66.27374638689588,0.0,1,1.0658141036401503e-14,0.0,-0.49742396421545987,-0.7475313566439996,86.08312856185772,63.70001399999999,9.600292534761572,86.09061548504987,62.45001576525732,0.0,1,-4.618527782440651e-14,0.0,-0.49742396421545987,-0.7475313566439996,86.08312856185772,-63.70001399999998,9.600292534761572,86.09061548504987,-62.45001576525732,0.0,1,-4.618527782440651e-14
2.725,2725000,deepen_front_stretch,-10.0,0.0,70.998841875,0.995395229646721,0.0,0.09585581253399018,0.0,-10.0,0.0,70.998841875,29.48805773940368,8.906985198630572,0,feet,0.0,-0.39060792837530034,-0.30068153973141376,-39.493586270492344,63.70001399999999,9.599997617506844,-39.48805773940367,66.27374638689588,0.0,1,-1.5987211554602254e-14,0.0,-0.39060792837530034,-0.30068157108856086,-39.49358627049233,-63.70001399999998,9.599997617506837,-39.488057739403686,-66.27374638689588,0.0,1,-2.3092638912203256e-14,0.0,-0.49746466713380366,-0.7475728113597264,86.08444384437084,63.70001399999999,9.600292298734509,86.09222753751901,62.45001576525732,0.0,1,8.348877145181177e-14,0.0,-0.49746466713380366,-0.7475728113597264,86.08444384437084,-63.70001399999998,9.600292298734509,86.09222753751901,-62.45001576525732,0.0,1,8.348877145181177e-14
2.7333333333333334,2733333,deepen_front_stretch,-10.0,0.0,70.99732543209876,0.9953939610554271,0.0,0.09586898504932115,0.0,-10.0,0.0,70.99732543209876,29.48805773940368,8.903079560261915,0,feet,0.0,-0.3906302286200187,-0.3007087496128782,-39.49355124131116,63.70001399999999,9.5999976376159,-39.48805773940367,66.27374638689588,0.0,1,3.552713678800501e-14,0.0,-0.3906302286200183,-0.30070878097253795,-39.4935512413112,-63.70001399999998,9.599997637615878,-39.488057739403686,-66.27374638689588,0.0,1,1.4210854715202004e-14,0.0,-0.4975412497760776,-0.7476507993789738,86.08691840622747,63.70001399999999,9.60029182982315,86.09526042332148,62.45001576525732,0.0,1,-1.0658141036401503e-14,0.0,-0.4975412497760776,-0.7476507993789738,86.08691840622747,-63.70001399999998,9.60029182982315,86.09526042332148,-62.45001576525732,0.0,1,-1.0658141036401503e-14
2.7416666666666667,2741667,deepen_front_stretch,-10.0,0.0,70.99491222993827,0.9953919419142551,0.0,0.09588994719035113,0.0,-10.0,0.0,70.99491222993827,29.48805773940368,8.896864384644417,0,feet,0.0,-0.3906657143011074,-0.30075204897495933,-39.4934954942126,63.70001399999999,9.59999766935477,-39.48805773940367,66.27374638689588,0.0,1,5.3290705182007514e-14,0.0,-0.3906657143011074,-0.30075208033861855,-39.493495494212624,-63.70001399999998,9.599997669354742,-39.488057739403686,-66.27374638689588,0.0,1,2.3092638912203256e-14,0.0,-0.49766313335886236,-0.7477748950760454,86.09085635435606,63.70001399999999,9.600291016702599,86.10008682764247,62.45001576525732,0.0,1,-4.263256414560601e-14,0.0,-0.49766313335886236,-0.7477748950760454,86.09085635435606,-63.70001399999998,9.600291016702599,86.10008682764247,-62.45001576525732,0.0,1,-4.263256414560601e-14
2.75,2750000,deepen_front_stretch,-10.0,0.0,70.99144,0.9953890359034487,0.0,0.09592010844032012,0.0,-10.0,0.0,70.99144,29.48805773940368,8.88792188791814,0,feet,0.0,-0.39071676853684556,-0.30081434740585244,-39.49341527582301,63.70001399999999,9.599997714457892,-39.48805773940367,66.27374638689588,0.0,1,-7.105427357601002e-15,0.0,-0.390716768536846,-0.3008143787752662,-39.49341527582298,-63.70001399999998,9.599997714457885,-39.488057739403686,-66.27374638689588,0.0,1,-1.4210854715202004e-14,0.0,-0.4978385338051332,-0.7479534259633294,86.09652254010824,63.70001399999999,9.600289702568666,86.10703128751902,62.45001576525732,0.0,1,-2.1316282072803006e-14,0.0,-0.4978385338051332,-0.7479534259633294,86.09652254010824,-63.70001399999998,9.600289702568666,86.10703128751902,-62.45001576525732,0.0,1,-2.1316282072803006e-14
2.7583333333333333,2758333,deepen_front_stretch,-10.0,0.0,70.98676962191358,0.9953851256860468,0.0,0.09596067717024925,0.0,-10.0,0.0,70.98676962191358,29.48805773940368,8.875894000229053,0,feet,0.0,-0.39078543194223236,-0.3008981377863442,-39.49330736412179,63.70001399999999,9.599997774074396,-39.48805773940367,66.27374638689588,0.0,1,-1.9539925233402755e-14,0.0,-0.3907854319422319,-0.3008981691634971,-39.493307364121804,-63.70001399999998,9.599997774074396,-39.488057739403686,-66.27374638689588,0.0,1,-1.9539925233402755e-14,0.0,-0.4980745120986927,-0.7481935173002343,86.10414408021431,63.70001399999999,9.60028766672788,86.11637204369185,62.45001576525732,0.0,1,-1.5987211554602254e-14,0.0,-0.4980745120986927,-0.7481935173002343,86.10414408021431,-63.70001399999998,9.60028766672788,86.11637204369185,-62.45001576525732,0.0,1,-1.5987211554602254e-14
2.7666666666666666,2766667,deepen_front_stretch,-10.0,0.0,70.98078419753087,0.9953801120447495,0.0,0.0960126686733676,0.0,-10.0,0.0,70.98078419753087,29.48805773940368,8.860480003121381,0,feet,0.0,-0.3908734157593834,-0.3010055125905913,-39.49316904627628,63.70001399999999,9.59999784871517,-39.48805773940367,66.27374638689588,0.0,1,2.3092638912203256e-14,0.0,-0.39087341575938295,-0.30100554397766066,-39.49316904627631,-63.70001399999998,9.599997848715148,-39.488057739403686,-66.27374638689588,0.0,1,1.7763568394002505e-15,0.0,-0.4983770243020418,-0.7485011369817136,86.11391187688912,63.70001399999999,9.600284607906666,86.12834289245728,62.45001576525732,0.0,1,7.460698725481052e-14,0.0,-0.4983770243020418,-0.7485011369817136,86.11391187688912,-63.70001399999998,9.600284607906666,86.12834289245728,-62.45001576525732,0.0,1,7.460698725481052e-14
2.775,2775000,deepen_front_stretch,-10.0,0.0,70.973388125,0.9953739130345758,0.0,0.09607691320102231,0.0,-10.0,0.0,70.973388125,29.48805773940368,8.841434163017865,0,feet,0.0,-0.3909821150743653,-0.30113818024350936,-39.4929980966169,63.70001399999999,9.59999793821148,-39.48805773940367,66.27374638689588,0.0,1,3.552713678800501e-14,0.0,-0.3909821150743644,-0.30113821164283117,-39.492998096616944,-63.70001399999998,9.599997938211487,-39.488057739403686,-66.27374638689588,0.0,1,4.263256414560601e-14,0.0,-0.4987509709875413,-0.7488811409150715,86.12598213642414,63.70001399999999,9.600280130548441,86.14313503751902,62.45001576525732,0.0,1,3.375077994860476e-14,0.0,-0.4987509709875413,-0.7488811409150715,86.12598213642414,-63.70001399999998,9.600280130548441,86.14313503751902,-62.45001576525732,0.0,1,3.375077994860476e-14
2.783333333333333,2783333,deepen_front_stretch,-10.0,0.0,70.9645061728395,0.9953664631562487,0.0,0.09615406400054197,0.0,-10.0,0.0,70.9645061728395,29.48805773940368,8.818563359559725,0,feet,0.0,-0.39111262214753184,-0.30129748155241476,-39.492792754796454,63.70001399999999,9.599998041688472,-39.48805773940367,66.27374638689588,0.0,1,-5.329070518200751e-15,0.0,-0.3911126221475314,-0.30129751296644525,-39.49279275479648,-63.70001399999998,9.599998041688451,-39.488057739403686,-66.27374638689588,0.0,1,-2.6645352591003757e-14,0.0,-0.4992002458989191,-0.7493373190376484,86.1404778857796,63.70001399999999,9.600273735028964,86.16089894184,62.45001576525732,0.0,1,-4.973799150320701e-14,0.0,-0.4992002458989191,-0.7493373190376484,86.1404778857796,-63.70001399999998,9.600273735028964,86.16089894184,-62.45001576525732,0.0,1,-4.973799150320701e-14
2.7916666666666665,2791667,deepen_front_stretch,-10.0,0.0,70.95408255401234,0.9953577125536273,0.0,0.0962446053553689,0.0,-10.0,0.0,70.95408255401234,29.48805773940368,8.79172470798126,0,feet,0.0,-0.3912657398755397,-0.3014844062247173,-39.49255170416302,63.70001399999999,9.599998157555802,-39.48805773940367,66.27374638689588,0.0,1,3.552713678800501e-14,0.0,-0.3912657398755397,-0.30148443765600597,-39.492551704163056,-63.70001399999998,9.599998157555746,-39.488057739403686,-66.27374638689588,0.0,1,-2.1316282072803006e-14,0.0,-0.4997277837204397,-0.7498724420777565,86.15749048684573,63.70001399999999,9.600264812409847,86.18174617949433,62.45001576525732,0.0,1,1.0480505352461478e-13,0.0,-0.4997277837204397,-0.7498724420777565,86.15749048684573,-63.70001399999998,9.600264812409847,86.18174617949433,-62.45001576525732,0.0,1,1.0480505352461478e-13
2.8,2800000,deepen_front_stretch,-10.0,0.0,70.94208,0.9953476262370624,0.0,0.09634886062764375,0.0,-10.0,0.0,70.94208,29.48805773940368,8.760823175048913,0,feet,0.0,-0.3914419953953616,-0.30169960947831065,-39.492274050362695,63.70001399999999,9.599998283516278,-39.48805773940367,66.27374638689588,0.0,1,1.0658141036401503e-14,0.0,-0.3914419953953612,-0.3016996409294661,-39.49227405036274,-63.70001399999998,9.599998283516257,-39.488057739403686,-66.27374638689588,0.0,1,-1.0658141036401503e-14,0.0,-0.5003356068847076,-0.75048830911672,86.17708114817883,63.70001399999999,9.600252644078111,86.20575128751902,62.45001576525732,0.0,1,0.0,0.0,-0.5003356068847076,-0.75048830911672,86.17708114817883,-63.70001399999998,9.600252644078111,86.20575128751902,-62.45001576525732,0.0,1,0.0
2.808333333333333,2808333,deepen_front_stretch,-10.0,0.0,70.92847883487654,0.9953361833332904,0.0,0.09646700030330765,0.0,-10.0,0.0,70.92847883487654,29.48805773940368,8.725809188406643,0,feet,0.0,-0.3916416538336853,-0.30194342874673463,-39.491959300177456,63.70001399999999,9.59999841659453,-39.48805773940367,66.27374638689588,0.0,1,3.019806626980426e-14,0.0,-0.3916416538336849,-0.3019434602203961,-39.49195930017749,-63.70001399999998,9.599998416594502,-39.488057739403686,-66.27374638689588,0.0,1,1.7763568394002505e-15,0.0,-0.5010248713971892,-0.7511857959707506,86.19928243413295,63.70001399999999,9.600236406381491,86.23295361776593,62.45001576525732,0.0,1,6.927791673660977e-14,0.0,-0.5010248713971892,-0.7511857959707506,86.19928243413295,-63.70001399999998,9.600236406381491,86.23295361776593,-62.45001576525732,0.0,1,6.927791673660977e-14
2.816666666666667,2816667,deepen_front_stretch,-10.0,0.0,70.91327604938272,0.9953233763613863,0.0,0.09659905003968812,0.0,-10.0,0.0,70.91327604938272,29.48805773940368,8.686676239438349,0,feet,0.0,-0.391864732199136,-0.3022159004772109,-39.491607340593205,63.70001399999999,9.599998553183475,-39.48805773940367,66.27374638689588,0.0,1,1.7763568394002505e-15,0.0,-0.39186473219913553,-0.3022159319760189,-39.49160734059324,-63.70001399999998,9.599998553183454,-39.488057739403686,-66.27374638689588,0.0,1,-1.9539925233402755e-14,0.0,-0.5017959116965844,-0.751964904377389,86.22409977140533,63.70001399999999,9.600215180149249,86.26335918875358,62.45001576525732,0.0,1,3.552713678800501e-15,0.0,-0.5017959116965844,-0.751964904377389,86.22409977140533,-63.70001399999998,9.600215180149249,86.26335918875358,-62.45001576525732,0.0,1,3.552713678800501e-15
2.825,2825000,deepen_front_stretch,-10.0,0.0,70.896484375,0.9953092105333586,0.0,0.09674489871544853,0.0,-10.0,0.0,70.896484375,29.48805773940368,8.643458479988396,0,feet,0.0,-0.39211101340962085,-0.3025167770162791,-39.491218418085005,63.70001399999999,9.599998689109484,-39.48805773940367,66.27374638689588,0.0,1,8.881784197001252e-15,0.0,-0.3921110134096204,-0.30251680854284935,-39.49121841808502,-63.70001399999998,9.599998689109484,-39.488057739403686,-66.27374638689588,0.0,1,8.881784197001252e-15,0.0,-0.5026482846052289,-0.7528248119423462,86.25151295310074,63.70001399999999,9.600187964820186,86.29694253751902,62.45001576525732,0.0,1,1.2434497875801753e-14,0.0,-0.5026482846052289,-0.7528248119423462,86.25151295310074,-63.70001399999998,9.600187964820186,86.29694253751902,-62.45001576525732,0.0,1,1.2434497875801753e-14
2.8333333333333335,2833333,deepen_front_stretch,-10.0,0.0,70.87813135802469,0.9952937030771897,0.0,0.09690430648270976,0.0,-10.0,0.0,70.87813135802469,29.48805773940368,8.596228313473901,0,feet,0.0,-0.3923800604428327,-0.3028455435748998,-39.49079311809949,63.70001399999999,9.5999988197133,-39.48805773940367,66.27374638689588,0.0,1,-1.7763568394002505e-15,0.0,-0.3923800604428327,-0.30284557513179955,-39.49079311809949,-63.70001399999998,9.5999988197133,-39.488057739403686,-66.27374638689588,0.0,1,-1.7763568394002505e-15,0.0,-0.5035808124530341,-0.7537639227782029,86.28147764048576,63.70001399999999,9.600153696737337,86.33364857146964,62.45001576525732,0.0,1,4.085620730620576e-14,0.0,-0.5035808124530341,-0.7537639227782029,86.28147764048576,-63.70001399999998,9.600153696737337,86.33364857146964,-62.45001576525732,0.0,1,4.085620730620576e-14
2.841666666666667,2841667,deepen_front_stretch,-10.0,0.0,70.85825843364198,0.9952768825794789,0.0,0.0970769128210934,0.0,-10.0,0.0,70.85825843364198,29.48805773940368,8.5450939810803,0,feet,0.0,-0.3926712305944404,-0.30320143526260956,-39.4903323447081,63.70001399999999,9.599998939946019,-39.48805773940367,66.27374638689588,0.0,1,3.019806626980426e-14,0.0,-0.3926712305944404,-0.3032014668523346,-39.4903323447081,-63.70001399999998,9.599998939946019,-39.488057739403686,-66.27374638689588,0.0,1,3.019806626980426e-14,0.0,-0.504591625482468,-0.7547799187466935,86.31392686266685,63.70001399999999,9.600111271053855,86.37339442023507,62.45001576525732,0.0,1,-7.105427357601002e-15,0.0,-0.504591625482468,-0.7547799187466935,86.31392686266685,-63.70001399999998,9.600111271053855,86.37339442023507,-62.45001576525732,0.0,1,-7.105427357601002e-15
2.85,2850000,deepen_front_stretch,-10.0,0.0,70.83692,0.9952587883443461,0.0,0.09726224459338838,0.0,-10.0,0.0,70.83692,29.48805773940368,8.49019714385706,0,feet,0.0,-0.39298368982572107,-0.3035834541784719,-39.48983730040138,63.70001399999999,9.599999044476817,-39.48805773940367,66.27374638689588,0.0,1,-1.2434497875801753e-14,0.0,-0.3929836898257202,-0.3035834858034234,-39.489837300401405,-63.70001399999998,9.599999044476853,-39.488057739403686,-66.27374638689588,0.0,1,2.3092638912203256e-14,0.0,-0.505678203660838,-0.7558698112006623,86.34877251447134,63.70001399999999,9.600059566594538,86.41607128751902,62.45001576525732,0.0,1,-7.815970093361102e-14,0.0,-0.505678203660838,-0.7558698112006623,86.34877251447134,-63.70001399999998,9.600059566594538,86.41607128751902,-62.45001576525732,0.0,1,-7.815970093361102e-14
2.8583333333333334,2858333,deepen_front_stretch,-10.0,0.0,70.81418249228395,0.9952394697648719,0.0,0.09745972410250607,0.0,-10.0,0.0,70.81418249228395,29.48805773940368,8.431710461624718,0,feet,0.0,-0.39331642718033066,-0.30399038654525423,-39.48930946598996,63.70001399999999,9.599999127811124,-39.48805773940367,66.27374638689588,0.0,1,2.1316282072803006e-14,0.0,-0.39331642718033066,-0.3039904182077202,-39.48930946598996,-63.70001399999998,9.599999127811124,-39.488057739403686,-66.27374638689588,0.0,1,2.1316282072803006e-14,0.0,-0.5068373627321012,-0.7570300777790222,86.38590596581813,63.70001399999999,9.600003502007482,86.38989034115228,59.933412290480405,0.0,1,5.861977570020827e-14,0.0,-0.5068373627321012,-0.7570300777790222,86.38590596581813,-63.70001399999998,9.600003502007482,86.38989034115228,-59.933412290480405,0.0,1,5.861977570020827e-14
2.8666666666666667,2866667,deepen_front_stretch,-10.0,0.0,70.79012345679013,0.9952189857030932,0.0,0.09766867714936213,0.0,-10.0,0.0,70.79012345679013,29.48805773940368,8.369835169670928,0,feet,0.0,-0.39366826924847187,-0.3044208198723761,-39.48875058057668,63.70001399999999,9.599999184414806,-39.48805773940367,66.27374638689588,0.0,1,2.3092638912203256e-14,0.0,-0.393668269248471,-0.30442085157451215,-39.488750580576735,-63.70001399999998,9.59999918441477,-39.488057739403686,-66.27374638689588,0.0,1,-1.4210854715202004e-14,0.0,-0.5080649132586816,-0.7582573000285806,86.42519338211952,63.70001399999999,9.599995775457835,86.43800841213994,59.933412290480405,0.0,1,5.5067062021407764e-14,0.0,-0.5080649132586816,-0.7582573000285806,86.42519338211952,-63.70001399999998,9.599995775457835,86.43800841213994,-59.933412290480405,0.0,1,5.5067062021407764e-14
2.875,2875000,deepen_front_stretch,-10.0,0.0,70.764830625,0.9951974038744233,0.0,0.09788834109130562,0.0,-10.0,0.0,70.764830625,29.48805773940368,8.304798654252394,0,feet,0.0,-0.39403789465586003,-0.3048731601326966,-39.48816262156307,63.70001399999999,9.599999208843336,-39.48805773940367,66.27374638689588,0.0,1,-2.4868995751603507e-14,0.0,-0.39403789465586003,-0.3048731918765104,-39.48816262156307,-63.70001399999998,9.599999208843336,-39.488057739403686,-66.27374638689588,0.0,1,-2.4868995751603507e-14,0.0,-0.509356998757676,-0.7595462307330836,86.4664980610021,63.70001399999999,9.599995507430549,86.45689154899813,61.523391460046824,0.0,1,7.993605777301127e-14,0.0,-0.509356998757676,-0.7595462307330836,86.4664980610021,-63.70001399999998,9.599995507430549,86.45689154899813,-61.523391460046824,0.0,1,7.993605777301127e-14
2.8833333333333333,2883333,deepen_front_stretch,-10.0,0.0,70.73840098765432,0.9951748002323214,0.0,0.09811787290070638,0.0,-10.0,0.0,70.73840098765432,29.48805773940368,8.236852027935143,0,feet,0.0,-0.39442384855467383,-0.30534564893811345,-39.487547784652136,63.70001399999999,9.599999195871831,-39.48805773940367,66.27374638689588,0.0,1,1.4210854715202004e-14,0.0,-0.3944238485546725,-0.3053456807254493,-39.48754778465219,-63.70001399999998,9.599999195871838,-39.488057739403686,-66.27374638689588,0.0,1,2.1316282072803006e-14,0.0,-0.5107089234605287,-0.7608917011189442,86.50966248876874,63.70001399999999,9.600000313539347,86.50975082368949,61.523391460046824,0.0,1,2.842170943040401e-14,0.0,-0.5107089234605287,-0.7608917011189442,86.50966248876874,-63.70001399999998,9.600000313539347,86.50975082368949,-61.523391460046824,0.0,1,2.842170943040401e-14
2.8916666666666666,2891667,deepen_front_stretch,-10.0,0.0,70.71093986882715,0.9951512583490816,0.0,0.09835635722331075,0.0,-10.0,0.0,70.71093986882715,29.477051932879846,8.166267705797395,0,feet,0.0,-0.394824548244626,-0.3058363890595506,-39.48690853131725,63.70001399999999,9.599999611878722,-39.477051932879846,60.71151150841919,0.0,1,1.5987211554602254e-14,0.0,-0.394824548244626,-0.3058364208920752,-39.48690853131723,-63.70001399999998,9.599999611878715,-39.477051932879846,-60.71151150841919,0.0,1,8.881784197001252e-15,0.0,-0.5121156653678964,-0.7622879518402645,86.55451743652849,63.70001399999999,9.599994942240492,86.56467306134381,61.523391460046824,0.0,1,1.7763568394002505e-14,0.0,-0.5121156653678964,-0.7622879518402645,86.55451743652849,-63.70001399999998,9.599994942240492,86.56467306134381,-61.523391460046824,0.0,1,1.7763568394002505e-14
2.9,2900000,deepen_front_stretch,-10.0,0.0,70.68256,0.9951268687887507,0.0,0.09860281443598184,0.0,-10.0,0.0,70.68256,29.477051932879846,8.093336983491099,0,feet,0.0,-0.39523831876443616,-0.3063433415548964,-39.486247407180514,63.70001399999999,9.600000267909174,-39.477051932879846,60.71151150841919,0.0,1,-1.2434497875801753e-14,0.0,-0.39523831876443616,-0.30634337343408724,-39.486247407180514,-63.70001399999998,9.600000267909174,-39.477051932879846,-60.71151150841919,0.0,1,-1.2434497875801753e-14,0.0,-0.5135716705433682,-0.7637290639509509,86.6008794475571,63.70001399999999,9.599978311824572,86.62143279899813,61.523391460046824,0.0,1,-2.4868995751603507e-14,0.0,-0.5135716705433682,-0.7637290639509509,86.6008794475571,-63.70001399999998,9.599978311824572,86.62143279899813,-61.523391460046824,0.0,1,-2.4868995751603507e-14
2.908333333333333,2908333,deepen_front_stretch,-10.0,0.0,70.6533805941358,0.995101728468391,0.0,0.0988562087034533,0.0,-10.0,0.0,70.6533805941358,29.477051932879846,8.018367618110801,0,feet,0.0,-0.3956633964465963,-0.30686435307914595,-39.485567104379626,63.70001399999999,9.600000895440495,-39.477051932879846,60.71151150841919,0.0,1,-5.329070518200751e-15,0.0,-0.3956633964465963,-0.306864385006282,-39.485567104379626,-63.70001399999998,9.600000895440495,-39.477051932879846,-60.71151150841919,0.0,1,-5.329070518200751e-15,0.0,-0.5150710234948472,-0.765208813586129,86.64855440093534,63.70001399999999,9.599949492808875,86.67979161072653,61.523391460046824,0.0,1,-6.039613253960852e-14,0.0,-0.5150710234948472,-0.765208813586129,86.64855440093534,-63.70001399999998,9.599949492808875,86.67979161072653,-61.523391460046824,0.0,1,-6.039613253960852e-14
2.9166666666666665,2916667,deepen_front_stretch,-10.0,0.0,70.62352641975309,0.9950759400041901,0.0,0.09911545603374602,0.0,-10.0,0.0,70.62352641975309,29.477051932879846,7.941681412753034,0,feet,0.0,-0.3960979367858659,-0.30739717897171737,-39.484870490071984,63.70001399999999,9.600001488060691,-39.477051932879846,60.71151150841919,0.0,1,-1.7763568394002505e-15,0.0,-0.3960979367858659,-0.3073972109478702,-39.484870490071984,-63.70001399999998,9.600001488060691,-39.477051932879846,-60.71151150841919,0.0,1,-1.7763568394002505e-15,0.0,-0.5166068865788565,-0.7667216600584097,86.6973291363923,63.70001399999999,9.599974636769545,86.6566418247279,62.45001575237097,0.0,1,-5.3290705182007514e-14,0.0,-0.5166068865788565,-0.7667216600584097,86.6973291363923,-63.70001399999998,9.599974636769545,86.6566418247279,-62.45001575237097,0.0,1,-5.3290705182007514e-14
2.925,2925000,deepen_front_stretch,-10.0,0.0,70.593126875,0.9950496110392612,0.0,0.09937943233192259,0.0,-10.0,0.0,70.593126875,29.477051932879846,7.863611805569853,0,feet,0.0,-0.39654003353212275,-0.30793949557892164,-39.48416054845099,63.70001399999999,9.600002040009628,-39.477051932879846,60.71151150841919,0.0,1,1.2434497875801753e-14,0.0,-0.39654003353212275,-0.3079395276049466,-39.48416054845099,-63.70001399999998,9.600002040009628,-39.477051932879846,-60.71151150841919,0.0,1,1.2434497875801753e-14,0.0,-0.5181730910101514,-0.7682603919025479,86.74699813927838,63.70001399999999,9.60001535698759,86.71744091423407,62.45001575237097,0.0,1,-7.105427357601002e-15,0.0,-0.5181730910101514,-0.7682603919025479,86.74699813927838,-63.70001399999998,9.60001535698759,86.71744091423407,-62.45001575237097,0.0,1,-7.105427357601002e-15
2.933333333333333,2933333,deepen_front_stretch,-10.0,0.0,70.5623150617284,0.9950228535503732,0.0,0.09964698145188582,0.0,-10.0,0.0,70.5623150617284,29.477051932879846,7.784501464025595,0,feet,0.0,-0.3969877327564908,-0.3084889171426779,-39.48344036003974,63.70001399999999,9.60000254628104,-39.477051932879846,60.71151150841919,0.0,1,-3.552713678800501e-15,0.0,-0.3969877327564908,-0.30848894921921133,-39.48344036003975,-63.70001399999998,9.60000254628104,-39.477051932879846,-60.71151150841919,0.0,1,-3.552713678800501e-15,0.0,-0.5197631461573256,-0.7698177860702815,86.79734840817743,63.70001399999999,9.600043446992458,86.77906454077728,62.45001575237097,0.0,1,-5.329070518200751e-15,0.0,-0.5197631461573256,-0.7698177860702815,86.79734840817743,-63.70001399999998,9.600043446992458,86.77906454077728,-62.45001575237097,0.0,1,-5.329070518200751e-15
2.941666666666667,2941667,deepen_front_stretch,-10.0,0.0,70.5312268595679,0.9949957831312954,0.0,0.09991692324596525,0.0,-10.0,0.0,70.5312268595679,29.477051932879846,7.704699884959794,0,feet,0.0,-0.3974390467893407,-0.30904301260570843,-39.482713080776726,63.70001399999999,9.600003002708334,-39.477051932879846,60.71151150841919,0.0,1,2.4868995751603507e-14,0.0,-0.3974390467893407,-0.3090430447331629,-39.482713080776705,-63.70001399999998,9.600003002708362,-39.477051932879846,-60.71151150841919,0.0,1,5.3290705182007514e-14,0.0,-0.5213701252763272,-0.7713869006476597,86.84815820811016,63.70001399999999,9.600058366250806,86.84124094509828,62.45001575237097,0.0,1,-1.7763568394002505e-14,0.0,-0.5213701252763272,-0.7713869006476597,86.84815820811016,-63.70001399999998,9.600058366250806,86.84124094509828,-62.45001575237097,0.0,1,-1.7763568394002505e-14
2.95,2950000,deepen_front_stretch,-10.0,0.0,70.5,0.9949685182509117,0.0,0.10018806161207629,0.0,-10.0,0.0,70.5,29.477051932879846,7.624561000943842,0,feet,0.0,-0.3978919680198989,-0.3095993223272324,-39.48198192088029,63.70001399999999,9.600003406031817,-39.477051932879846,60.71151150841919,0.0,1,5.329070518200751e-15,0.0,-0.3978919680198989,-0.30959935450579223,-39.48198192088029,-63.70001399999998,9.600003406031817,-39.477051932879846,-60.71151150841919,0.0,1,5.329070518200751e-15,0.0,-0.5229869596780787,-0.7729607392234481,86.89920264379217,63.70001399999999,9.600059807402417,86.90369466423408,62.45001575237097,0.0,1,4.973799150320701e-14,0.0,-0.5229869596780787,-0.7729607392234481,86.89920264379217,-63.70001399999998,9.600059807402417,86.90369466423408,-62.45001575237097,0.0,1,4.973799150320701e-14
2.9583333333333335,2958333,deepen_front_stretch,-10.0,0.0,70.4687731404321,0.9949411794847755,0.0,0.10045919253828325,0.0,-10.0,0.0,70.4687731404321,29.477051932879846,7.544440793293852,0,feet,0.0,-0.39834448254995936,-0.3101553747050616,-39.481250123481104,63.70001399999999,9.60000375394722,-39.477051932879846,60.71151150841919,0.0,1,4.973799150320701e-14,0.0,-0.39834448254995936,-0.31015540693468635,-39.481250123481104,-63.70001399999998,9.60000375394722,-39.477051932879846,-60.71151150841919,0.0,1,4.973799150320701e-14,0.0,-0.5246064853219807,-0.7745322987707581,86.95025516662145,63.70001399999999,9.600047702465432,86.96614838336988,62.45001575237097,0.0,1,2.1316282072803006e-14,0.0,-0.5246064853219807,-0.7745322987707581,86.95025516662145,-63.70001399999998,9.600047702465432,86.96614838336988,-62.45001575237097,0.0,1,2.1316282072803006e-14
2.966666666666667,2966667,deepen_front_stretch,-10.0,0.0,70.4376849382716,0.9949138887192958,0.0,0.1007291121446467,0.0,-10.0,0.0,70.4376849382716,29.477051932879846,7.464694911972103,0,feet,0.0,-0.39879458369711696,-0.31070870270185,-39.48052094301715,63.70001399999999,9.60000404513314,-39.477051932879846,60.71151150841919,0.0,1,-5.329070518200751e-15,0.0,-0.39879458369711696,-0.3107087349822719,-39.48052094301715,-63.70001399999998,9.60000404513314,-39.477051932879846,-60.71151150841919,0.0,1,-5.329070518200751e-15,0.0,-0.5262214904121478,-0.776094616684706,87.00108908455641,63.70001399999999,9.600022223954781,87.02832478769088,62.45001575237097,0.0,1,4.618527782440651e-14,0.0,-0.5262214904121478,-0.776094616684706,87.00108908455641,-63.70001399999998,9.600022223954781,87.02832478769088,-62.45001575237097,0.0,1,4.618527782440651e-14
2.975,2975000,deepen_front_stretch,-10.0,0.0,70.406873125,0.9948867683282884,0.0,0.100996624722288,0.0,-10.0,0.0,70.406873125,29.477051932879846,7.385676302474465,0,feet,0.0,-0.3992402853458481,-0.31125686027517085,-39.4797976233904,63.70001399999999,9.600004279258847,-39.477051932879846,60.71151150841919,0.0,1,2.4868995751603507e-14,0.0,-0.3992402853458481,-0.3112568926058965,-39.4797976233904,-63.70001399999998,9.600004279258847,-39.477051932879846,-60.71151150841919,0.0,1,2.4868995751603507e-14,0.0,-0.5278246905352235,-0.777640933068521,87.0514778432863,63.70001399999999,9.599992101715607,87.0628338476451,62.384296145958395,0.0,1,7.460698725481052e-14,0.0,-0.5278246905352235,-0.777640933068521,87.0514778432863,-63.70001399999998,9.599992101715607,87.0628338476451,-62.38429614595839,0.0,1,7.460698725481052e-14
2.9833333333333334,2983333,deepen_front_stretch,-10.0,0.0,70.37647358024691,0.9948599403221668,0.0,0.1012605507696588,0.0,-10.0,0.0,70.37647358024691,29.477051932879846,7.307732839663444,0,feet,0.0,-0.39967963514779736,-0.3117974387129556,-39.47908337588968,63.70001399999999,9.600004456969991,-39.477051932879846,60.71151150841919,0.0,1,1.4210854715202004e-14,0.0,-0.39967963514779736,-0.3117974710932736,-39.4790833758897,-63.70001399999998,9.60000445696997,-39.477051932879846,-60.71151150841919,0.0,1,-5.329070518200751e-15,0.0,-0.5294085706463321,-0.7791650652461941,87.10119301332918,63.70001399999999,9.599998244286127,87.09378765552655,60.517480576825555,0.0,1,6.750155989720952e-14,0.0,-0.5294085706463321,-0.7791650652461941,87.10119301332918,-63.70001399999998,9.599998244286127,87.09378765552655,-60.51748057682556,0.0,1,6.750155989720952e-14
2.9916666666666667,2991667,deepen_front_stretch,-10.0,0.0,70.3466194058642,0.9948335254705878,0.0,0.10151973502605917,0.0,-10.0,0.0,70.3466194058642,29.477051932879846,7.231204968369838,0,feet,0.0,-0.40011072757559596,-0.31232808287770686,-39.47838135688715,63.70001399999999,9.600004579854975,-39.477051932879846,60.71151150841919,0.0,1,3.019806626980426e-14,0.0,-0.40011072757559596,-0.31232811530669036,-39.478381356887155,-63.70001399999998,9.600004579854946,-39.477051932879846,-60.71151150841919,0.0,1,1.7763568394002505e-15,0.0,-0.530966433780617,-0.7806598725405416,87.15002257879883,63.70001399999999,9.600000472132066,87.15349600429198,60.517480576825555,0.0,1,4.973799150320701e-14,0.0,-0.530966433780617,-0.7806598725405416,87.15002257879883,-63.70001399999998,9.600000472132066,87.15349600429198,-60.51748057682556,0.0,1,4.973799150320701e-14
3.0,3000000,deepen_front_stretch,-10.0,0.0,70.31744,0.9948076423998914,0.0,0.10177305450250443,0.0,-10.0,0.0,70.31744,29.477051932879846,7.156423350449202,0,feet,0.0,-0.40053171683742983,-0.31284650736463293,-39.47769464532205,63.70001399999999,9.600004650390801,-39.477051932879846,60.71151150841919,0.0,1,8.881784197001252e-15,0.0,-0.40053171683742983,-0.3128465398411442,-39.477694645322075,-63.70001399999998,9.600004650390773,-39.477051932879846,-60.71151150841919,0.0,1,-1.9539925233402755e-14,0.0,-0.53249145321218,-0.7821188809901458,87.19775579334384,63.70001399999999,9.599990747244547,87.21185481602038,60.517480576825555,0.0,1,8.881784197001252e-14,0.0,-0.53249145321218,-0.7821188809901458,87.19775579334384,-63.70001399999998,9.599990747244547,87.21185481602038,-60.51748057682556,0.0,1,8.881784197001252e-14
3.0083333333333333,3008333,deepen_front_stretch,-10.0,0.0,70.28906013117285,0.9947824066671821,0.0,0.10201942651009735,0.0,-10.0,0.0,70.28906013117285,29.477051932879846,7.083706517848803,0,feet,0.0,-0.40094082966240707,-0.3133505125805649,-39.47702621998836,63.70001399999999,9.600004671870899,-39.477051932879846,60.71151150841919,0.0,1,7.105427357601002e-15,0.0,-0.40094082966240707,-0.313350545103269,-39.47702621998832,-63.70001399999998,9.600004671870948,-39.477051932879846,-60.71151150841919,0.0,1,5.684341886080802e-14,0.0,-0.5339769178134794,-0.7835360205298376,87.24418786136376,63.70001399999999,9.599971287599033,87.26700000709522,60.91776820488418,0.0,1,1.0658141036401503e-14,0.0,-0.5339769178134794,-0.7835360205298376,87.24418786136376,-63.70001399999998,9.599971287599033,87.26700000709522,-60.91776820488418,0.0,1,1.0658141036401503e-14
3.0166666666666666,3016667,deepen_front_stretch,-10.0,0.0,70.26159901234568,0.9947579298133736,0.0,0.10225781668611596,0.0,-10.0,0.0,70.26159901234568,29.477051932879846,7.013358531114491,0,feet,0.0,-0.4013363779694177,-0.3138380007520625,-39.4763789366473,63.70001399999999,9.600004648315569,-39.477051932879846,60.71151150841919,0.0,1,1.7763568394002505e-14,0.0,-0.4013363779694177,-0.31383803331942994,-39.47637893664731,-63.70001399999998,9.60000464831554,-39.477051932879846,-60.71151150841919,0.0,1,-8.881784197001252e-15,0.0,-0.5354160811117366,-0.7849059954880158,87.28911796997566,63.70001399999999,9.59997813149731,87.27027302322838,60.30112620289984,0.0,1,6.750155989720952e-14,0.0,-0.5354160811117366,-0.7849059954880158,87.28911796997566,-63.70001399999998,9.59997813149731,87.27027302322838,-60.30112620289984,0.0,1,6.750155989720952e-14
3.025,3025000,deepen_front_stretch,-10.0,0.0,70.235169375,0.9947343183979604,0.0,0.10248724701808026,0.0,-10.0,0.0,70.235169375,29.477051932879846,6.9456666426508065,0,feet,0.0,-0.4017167714346277,-0.31430699187254385,-39.475755504989,63.70001399999999,9.600004584367646,-39.477051932879846,60.71151150841919,0.0,1,5.3290705182007514e-14,0.0,-0.4017167714346277,-0.3143070244828685,-39.475755504989024,-63.70001399999998,9.600004584367625,-39.477051932879846,-60.71151150841919,0.0,1,3.197442310920451e-14,0.0,-0.5368029841745185,-0.7862230965319377,87.33236385939539,63.70001399999999,9.599992809746269,87.31903593668058,60.29863901998888,0.0,1,-2.842170943040401e-14,0.0,-0.5368029841745185,-0.7862230965319377,87.33236385939539,-63.70001399999998,9.599992809746269,87.31903593668058,-60.29863901998888,0.0,1,-2.842170943040401e-14
3.033333333333333,3033333,deepen_front_stretch,-10.0,0.0,70.20987654320987,0.9947116730186737,0.0,0.10270680386610793,0.0,-10.0,0.0,70.20987654320987,29.477051932879846,6.880898963941213,0,feet,0.0,-0.402080529974969,-0.3147556395995186,-39.475158465470855,63.70001399999999,9.600004485175248,-39.477051932879846,60.71151150841919,0.0,1,-1.9539925233402755e-14,0.0,-0.402080529974969,-0.3147556722509255,-39.475158465470834,-63.70001399999998,9.600004485175269,-39.477051932879846,-60.71151150841919,0.0,1,1.7763568394002505e-15,0.0,-0.5381319969193807,-0.7874820628350001,87.37375476110456,63.70001399999999,9.600001171754442,87.36962160026083,60.29863901998888,0.0,1,3.907985046680551e-14,0.0,-0.5381319969193807,-0.7874820628350001,87.37375476110456,-63.70001399999998,9.600001171754442,87.36962160026083,-60.29863901998888,0.0,1,3.907985046680551e-14
3.0416666666666665,3041667,deepen_front_stretch,-10.0,0.0,70.18581750771605,0.9946900873195198,0.0,0.10291564598391327,0.0,-10.0,0.0,70.18581750771605,29.477051932879846,6.819302135842889,0,feet,0.0,-0.40242629616689296,-0.3151822471140817,-39.47459016606203,63.70001399999999,9.600004356265089,-39.477051932879846,60.71151150841919,0.0,1,2.4868995751603507e-14,0.0,-0.40242629616689296,-0.31518227980454183,-39.47459016606203,-63.70001399999998,9.600004356265089,-39.477051932879846,-60.71151150841919,0.0,1,2.4868995751603507e-14,0.0,-0.5393977904748595,-0.788678252804834,87.41313146096732,63.70001399999999,9.600002715479249,87.41122267718903,60.29318209508154,0.0,1,-2.4868995751603507e-14,0.0,-0.5393977904748595,-0.788678252804834,87.41313146096732,-63.70001399999998,9.600002715479249,87.41122267718903,-60.293182095081534,0.0,1,-2.4868995751603507e-14
3.05,3050000,deepen_front_stretch,-10.0,0.0,70.16308,0.9946696469909821,0.0,0.10311301253883973,0.0,-10.0,0.0,70.16308,29.477051932879846,6.7610990009933545,0,feet,0.0,-0.4027528476212403,-0.3155852829556469,-39.47405273892794,63.70001399999999,9.600004203407423,-39.477051932879846,60.71151150841919,0.0,1,2.3092638912203256e-14,0.0,-0.4027528476212403,-0.31558531568299264,-39.47405273892794,-63.70001399999998,9.600004203407423,-39.477051932879846,-60.71151150841919,0.0,1,2.3092638912203256e-14,0.0,-0.5405954776797279,-0.7898075490189829,87.450349283527,63.70001399999999,9.600000806164928,87.45669769262113,60.29318209508154,0.0,1,1.5987211554602254e-14,0.0,-0.5405954776797279,-0.7898075490189829,87.450349283527,-63.70001399999998,9.600000806164928,87.45669769262113,-60.293182095081534,0.0,1,1.5987211554602254e-14
3.058333333333333,3058333,deepen_front_stretch,-10.0,0.0,70.14174156635802,0.9946504287663757,0.0,0.10329823113134602,0.0,-10.0,0.0,70.14174156635802,29.477051932879846,6.706486277306851,0,feet,0.0,-0.40305910933627276,-0.31596339684557107,-39.47354807708609,63.70001399999999,9.600004032478239,-39.477051932879846,60.71151150841919,0.0,1,-1.0658141036401503e-14,0.0,-0.40305910933627276,-0.31596342960751356,-39.47354807708609,-63.70001399999998,9.600004032478239,-39.477051932879846,-60.71151150841919,0.0,1,-1.0658141036401503e-14,0.0,-0.541720755329619,-0.7908662587320041,87.48528113113028,63.70001399999999,9.59999256020182,87.49937455990508,60.29318209508154,0.0,1,-1.7763568394002505e-15,0.0,-0.541720755329619,-0.7908662587320041,87.48528113113028,-63.70001399999998,9.59999256020182,87.49937455990508,-60.293182095081534,0.0,1,-1.7763568394002505e-15
3.066666666666667,3066667,deepen_front_stretch,-10.0,0.0,70.12186864197531,0.9946324994184756,0.0,0.10347072581438677,0.0,-10.0,0.0,70.12186864197531,29.477051932879846,6.655632231499197,0,feet,0.0,-0.4033441660516659,-0.3163154355136206,-39.47307781106971,63.70001399999999,9.600003849320082,-39.477051932879846,60.71151150841919,0.0,1,2.3092638912203256e-14,0.0,-0.4033441660516659,-0.3163154683077667,-39.47307781106971,-63.70001399999998,9.600003849320082,-39.477051932879846,-60.71151150841919,0.0,1,2.3092638912203256e-14,0.0,-0.5427698312873881,-0.7918513604566013,87.51781681663726,63.70001399999999,9.599983625412342,87.50037860184509,60.14788790282789,0.0,1,1.2256862191861728e-13,0.0,-0.5427698312873881,-0.7918513604566013,87.51781681663726,-63.70001399999998,9.599983625412342,87.50037860184509,-60.14788790282789,0.0,1,1.2256862191861728e-13
3.075,3075000,deepen_front_stretch,-10.0,0.0,70.103515625,0.9946159147605925,0.0,0.10363002511313896,0.0,-10.0,0.0,70.103515625,29.477051932879846,6.608674351564034,0,feet,0.0,-0.4036072746265562,-0.3166404585413476,-39.472643285633296,63.70001399999999,9.600003659605221,-39.477051932879846,60.71151150841919,0.0,1,3.552713678800501e-15,0.0,-0.4036072746265562,-0.3166404913652192,-39.47264328563329,-63.70001399999998,9.60000365960525,-39.477051932879846,-60.71151150841919,0.0,1,3.197442310920451e-14,0.0,-0.5437394345324527,-0.7927606176355004,87.54786380175418,63.70001399999999,9.599993411929916,87.53708463579571,60.14788790282789,0.0,1,-6.927791673660977e-14,0.0,-0.5437394345324527,-0.7927606176355004,87.54786380175418,-63.70001399999998,9.599993411929916,87.53708463579571,-60.14788790282789,0.0,1,-6.927791673660977e-14
3.0833333333333335,3083333,deepen_front_stretch,-10.0,0.0,70.08672395061728,0.9946007186562144,0.0,0.103775770045526,0.0,-10.0,0.0,70.08672395061728,29.477051932879846,6.565717017131021,0,feet,0.0,-0.4038478764644866,-0.31693775423620885,-39.4722455365343,63.70001399999999,9.60000346870553,-39.477051932879846,60.71151150841919,0.0,1,-1.7763568394002505e-15,0.0,-0.4038478764644866,-0.31693778708726583,-39.4722455365343,-63.70001399999998,9.60000346870553,-39.477051932879846,-60.71151150841919,0.0,1,-1.7763568394002505e-15,0.0,-0.5446273566919699,-0.793591831824398,87.57535719048732,63.70001399999999,9.599998318274132,87.57066798456114,60.14788790282789,0.0,1,2.842170943040401e-14,0.0,-0.5446273566919699,-0.793591831824398,87.57535719048732,-63.70001399999998,9.599998318274132,87.57066798456114,-60.14788790282789,0.0,1,2.842170943040401e-14
3.091666666666667,3091667,deepen_front_stretch,-10.0,0.0,70.07152116512346,0.9945869420411921,0.0,0.10390772214397857,0.0,-10.0,0.0,70.07152116512346,29.477051932879846,6.52682916667289,0,feet,0.0,-0.4040656100073008,-0.31720685554970807,-39.47188526742342,63.70001399999999,9.600003281570906,-39.477051932879846,60.71151150841919,0.0,1,0.0,0.0,-0.4040656100073008,-0.31720688842536715,-39.47188526742342,-63.70001399999998,9.600003281570935,-39.477051932879846,-60.71151150841919,0.0,1,2.842170943040401e-14,0.0,-0.5454319242145931,-0.7943438249133359,87.60025119306265,63.70001399999999,9.599999428293671,87.6010735555488,60.14788790282789,0.0,1,5.3290705182007514e-14,0.0,-0.5454319242145931,-0.7943438249133359,87.60025119306265,-63.70001399999998,9.599999428293671,87.6010735555488,-60.14788790282789,0.0,1,5.3290705182007514e-14
3.1,3100000,deepen_front_stretch,-10.0,0.0,70.05792,0.9945746019621811,0.0,0.10402577147884627,0.0,-10.0,0.0,70.05792,29.477051932879846,6.492041960592701,0,feet,0.0,-0.40426032331858286,-0.31744755605191166,-39.47156282687528,63.70001399999999,9.600003102620292,-39.477051932879846,60.71151150841919,0.0,1,-7.105427357601002e-15,0.0,-0.40426032331858286,-0.3174475889495736,-39.47156282687526,-63.70001399999998,9.60000310262032,-39.477051932879846,-60.71151150841919,0.0,1,2.1316282072803006e-14,0.0,-0.5461522645272527,-0.7950161372436808,87.62252432802283,63.70001399999999,9.599997740577905,87.6282758857957,60.14788790282789,0.0,1,-8.881784197001252e-15,0.0,-0.5461522645272527,-0.7950161372436808,87.62252432802283,-63.70001399999998,9.599997740577905,87.6282758857957,-60.14788790282789,0.0,1,-8.881784197001252e-15
3.1083333333333334,3108333,deepen_front_stretch,-10.0,0.0,70.04591744598766,0.994563700634676,0.0,0.10412994468383478,0.0,-10.0,0.0,70.04591744598766,29.477051932879846,6.461346439319527,0,feet,0.0,-0.4044320867751887,-0.3176599259734316,-39.471278185585334,63.70001399999999,9.600002935647822,-39.477051932879846,60.71151150841919,0.0,1,2.842170943040401e-14,0.0,-0.4044320867751887,-0.31765995889050336,-39.471278185585334,-63.70001399999998,9.600002935647822,-39.477051932879846,-60.71151150841919,0.0,1,2.842170943040401e-14,0.0,-0.5467883586956344,-0.7956090702378251,87.64218095131014,63.70001399999999,9.599994150449248,87.6522809938204,60.14788790282789,0.0,1,3.197442310920451e-14,0.0,-0.5467883586956344,-0.7956090702378251,87.64218095131014,-63.70001399999998,9.599994150449248,87.6522809938204,-60.14788790282789,0.0,1,3.197442310920451e-14
3.1166666666666667,3116667,deepen_front_stretch,-10.0,0.0,70.0354938271605,0.9945542245234739,0.0,0.10422041298378906,0.0,-10.0,0.0,70.0354938271605,29.477051932879846,6.4346911756703165,0,feet,0.0,-0.4045812058825904,-0.31784432832421716,-39.471030913757694,63.70001399999999,9.600002783746127,-39.477051932879846,60.71151150841919,0.0,1,3.019806626980426e-14,0.0,-0.4045812058825904,-0.31784436125814075,-39.471030913757694,-63.70001399999998,9.600002783746127,-39.477051932879846,-60.71151150841919,0.0,1,3.019806626980426e-14,0.0,-0.5473410932771952,-0.7961237297208008,87.65925278273066,63.70001399999999,9.599989436006616,87.67312823147472,60.14788790282789,0.0,1,-7.105427357601002e-14,0.0,-0.5473410932771952,-0.7961237297208008,87.65925278273066,-63.70001399999998,9.599989436006616,87.67312823147472,-60.14788790282789,0.0,1,-7.105427357601002e-14
3.125,3125000,deepen_front_stretch,-10.0,0.0,70.026611875,0.9945461434477542,0.0,0.10429750022507335,0.0,-10.0,0.0,70.026611875,29.477051932879846,6.411979920901707,0,feet,0.0,-0.4047082342262467,-0.31800143509639067,-39.47082015870022,63.70001399999999,9.600002649249348,-39.477051932879846,60.71151150841919,0.0,1,-1.0658141036401503e-14,0.0,-0.4047082342262467,-0.31800146804467033,-39.47082015870022,-63.70001399999998,9.600002649249348,-39.477051932879846,-60.71151150841919,0.0,1,-1.0658141036401503e-14,0.0,-0.547812311290699,-0.7965620700012477,87.6738004294893,63.70001399999999,9.599984248585642,87.6908921357957,60.14788790282789,0.0,1,-4.973799150320701e-14,0.0,-0.547812311290699,-0.7965620700012477,87.6738004294893,-63.70001399999998,9.599984248585642,87.6908921357957,-60.14788790282789,0.0,1,-4.973799150320701e-14
3.1333333333333333,3133333,deepen_front_stretch,-10.0,0.0,70.01921580246913,0.9945394097121915,0.0,0.1043616909087127,0.0,-10.0,0.0,70.01921580246913,29.477051932879846,6.393069244078433,0,feet,0.0,-0.4048139865668361,-0.31813224355571235,-39.47064462263985,63.70001399999999,9.600002533696575,-39.477051932879846,60.71151150841919,0.0,1,5.861977570020827e-14,0.0,-0.4048139865668361,-0.3181322765159438,-39.47064462263985,-63.70001399999998,9.600002533696575,-39.477051932879846,-60.71151150841919,0.0,1,5.861977570020827e-14,0.0,-0.5482047827296106,-0.7969270684748717,87.68591351387515,63.70001399999999,9.599988461852462,87.67048143298027,60.00696726122774,0.0,1,4.973799150320701e-14,0.0,-0.5482047827296106,-0.7969270684748717,87.68591351387515,-63.70001399999998,9.599988461852462,87.67048143298027,-60.00696726122774,0.0,1,4.973799150320701e-14
3.1416666666666666,3141667,deepen_front_stretch,-10.0,0.0,70.01323037808642,0.9945339572645748,0.0,0.10441363822635806,0.0,-10.0,0.0,70.01323037808642,29.477051932879846,6.3777661646272605,0,feet,0.0,-0.4048995520820662,-0.31823809262313496,-39.47050254076041,63.70001399999999,9.600002437815661,-39.477051932879846,60.71151150841919,0.0,1,-1.5987211554602254e-14,0.0,-0.4048995520820662,-0.3182381255930373,-39.47050254076041,-63.70001399999998,9.600002437815661,-39.477051932879846,-60.71151150841919,0.0,1,-1.5987211554602254e-14,0.0,-0.5485225042099482,-0.7972223626092836,87.69571657504397,63.70001399999999,9.59999170183719,87.6824522817457,60.00696726122774,0.0,1,-2.842170943040401e-14,0.0,-0.5485225042099482,-0.7972223626092836,87.69571657504397,-63.70001399999998,9.59999170183719,87.6824522817457,-60.00696726122774,0.0,1,-2.842170943040401e-14
3.15,3150000,deepen_front_stretch,-10.0,0.0,70.00856,0.9945297008793196,0.0,0.10445417209901726,0.0,-10.0,0.0,70.00856,29.477051932879846,6.365825778229237,0,feet,0.0,-0.40496630775165254,-0.31832067934428476,-39.470391659458194,63.70001399999999,9.600002361528972,-39.477051932879846,60.71151150841919,0.0,1,-8.881784197001252e-15,0.0,-0.40496630775165254,-0.3183207123217322,-39.47039165945816,-63.70001399999998,9.600002361528993,-39.477051932879846,-60.71151150841919,0.0,1,1.2434497875801753e-14,0.0,-0.5487704874836288,-0.797452720034237,87.70336604487659,63.70001399999999,9.599993889702688,87.69179303791853,60.00696726122774,0.0,1,-6.039613253960852e-14,0.0,-0.5487704874836288,-0.797452720034237,87.70336604487659,-63.70001399999998,9.599993889702688,87.69179303791853,-60.00696726122774,0.0,1,-6.039613253960852e-14
3.158333333333333,3158333,deepen_front_stretch,-10.0,0.0,70.00508777006172,0.9945265353649948,0.0,0.10448430721835598,0.0,-10.0,0.0,70.00508777006172,29.477051932879846,6.356948876529287,0,feet,0.0,-0.40501593187513585,-0.3183820754403781,-39.47030921479935,63.70001399999999,9.600002303976673,-39.477051932879846,60.71151150841919,0.0,1,2.3092638912203256e-14,0.0,-0.40501593187513585,-0.31838210842343395,-39.47030921479935,-63.70001399999998,9.600002303976673,-39.477051932879846,-60.71151150841919,0.0,1,2.3092638912203256e-14,0.0,-0.5489548911321789,-0.7976239480449538,87.70905322991628,63.70001399999999,9.599995323045256,87.69873749779508,60.00696726122774,0.0,1,-1.0658141036401503e-14,0.0,-0.5489548911321789,-0.7976239480449538,87.70905322991628,-63.70001399999998,9.599995323045256,87.69873749779508,-60.00696726122774,0.0,1,-1.0658141036401503e-14
3.1666666666666665,3166667,deepen_front_stretch,-10.0,0.0,70.00267456790124,0.9945243347925532,0.0,0.10450525109021776,0.0,-10.0,0.0,70.00267456790124,29.477051932879846,6.350779561513804,0,feet,0.0,-0.4050504177042167,-0.3184247439293322,-39.47025191115099,63.70001399999999,9.600002263557457,-39.477051932879846,60.71151150841919,0.0,1,-1.4210854715202004e-14,0.0,-0.4050504177042167,-0.3184247769162858,-39.47025191115098,-63.70001399999998,9.600002263557478,-39.477051932879846,-60.71151150841919,0.0,1,7.105427357601002e-15,0.0,-0.5490830711310566,-0.79774293502174,87.71300589047036,63.70001399999999,9.599996222169864,87.70356390211606,60.00696726122774,0.0,1,-2.3092638912203256e-14,0.0,-0.5490830711310566,-0.79774293502174,87.71300589047036,-63.70001399999998,9.599996222169864,87.70356390211606,-60.00696726122774,0.0,1,-2.3092638912203256e-14
3.175,3175000,deepen_front_stretch,-10.0,0.0,70.001158125,0.9945229517393297,0.0,0.10451841207983845,0.0,-10.0,0.0,70.001158125,29.477051932879846,6.346902855823728,0,feet,0.0,-0.405072087162321,-0.3184515558002774,-39.470215899944215,63.70001399999999,9.600002237981926,-39.477051932879846,60.71151150841919,0.0,1,1.0658141036401503e-14,0.0,-0.405072087162321,-0.31845158878968016,-39.47021589994425,-63.70001399999998,9.600002237981904,-39.477051932879846,-60.71151150841919,0.0,1,-1.0658141036401503e-14,0.0,-0.5491636268470503,-0.7978176988127319,87.71548974700497,63.70001399999999,9.599996746462935,87.70659678791853,60.00696726122774,0.0,1,3.552713678800501e-15,0.0,-0.5491636268470503,-0.7978176988127319,87.71548974700497,-63.70001399999998,9.599996746462935,87.70659678791853,-60.00696726122774,0.0,1,3.552713678800501e-15
3.183333333333333,3183333,deepen_front_stretch,-10.0,0.0,70.00035209876543,0.9945222165420596,0.0,0.10452540745803651,0.0,-10.0,0.0,70.00035209876543,29.477051932879846,6.3448423107378105,0,feet,0.0,-0.40508360461411286,-0.3184658067185042,-39.47019675851297,63.70001399999999,9.600002224332506,-39.477051932879846,60.71151150841919,0.0,1,3.019806626980426e-14,0.0,-0.40508360461411286,-0.31846583970920905,-39.470196758512955,-63.70001399999998,9.600002224332535,-39.477051932879846,-60.71151150841919,0.0,1,5.861977570020827e-14,0.0,-0.5492064467151878,-0.7978574353947834,87.71680998540604,63.70001399999999,9.599997012349803,87.70820884038767,60.00696726122774,0.0,1,3.197442310920451e-14,0.0,-0.5492064467151878,-0.7978574353947834,87.71680998540604,-63.70001399999998,9.599997012349803,87.70820884038767,-60.00696726122774,0.0,1,3.197442310920451e-14
3.191666666666667,3191667,deepen_front_stretch,-10.0,0.0,70.00004514660493,0.9945219365501582,0.0,0.1045280714474494,0.0,-10.0,0.0,70.00004514660493,29.477051932879846,6.344057614075254,0,feet,0.0,-0.4050879906365128,-0.318471233731044,-39.47018946893389,63.70001399999999,9.600002219124391,-39.477051932879846,60.71151150841919,0.0,1,3.019806626980426e-14,0.0,-0.4050879906365128,-0.31847126672224446,-39.47018946893389,-63.70001399999998,9.600002219124391,-39.477051932879846,-60.71151150841919,0.0,1,3.019806626980426e-14,0.0,-0.5492227539088486,-0.7978725675421297,87.71731276216032,63.70001399999999,9.599997111271676,87.70882274470866,60.00696726122774,0.0,1,3.552713678800501e-14,0.0,-0.5492227539088486,-0.7978725675421297,87.71731276216032,-63.70001399999998,9.599997111271676,87.70882274470866,-60.00696726122774,0.0,1,3.552713678800501e-14
3.2,3200000,deepen_front_stretch,-10.0,0.0,70.0,0.9945218953682733,0.0,0.10452846326765347,0.0,-10.0,0.0,70.0,29.477051932879846,6.343942200836729,0,feet,0.0,-0.405088635730523,-0.31847203193542484,-39.47018839677557,63.70001399999999,9.600002218357886,-39.477051932879846,60.71151150841919,0.0,1,5.329070518200751e-15,0.0,-0.405088635730523,-0.3184720649266981,-39.47018839677555,-63.70001399999998,9.600002218357915,-39.477051932879846,-60.71151150841919,0.0,1,3.375077994860476e-14,0.0,-0.5492251523968452,-0.7978747931637771,87.717386710769,63.70001399999999,9.599997125712498,87.70891303791853,60.00696726122774,0.0,1,-1.7763568394002505e-14,0.0,-0.5492251523968452,-0.7978747931637771,87.717386710769,-63.70001399999998,9.599997125712498,87.70891303791853,-60.00696726122774,0.0,1,-1.7763568394002505e-14
3.2083333333333335,3208333,hold_deeper_stretch,-10.0,0.0,70.0,0.9945218953682733,0.0,0.10452846326765347,0.0,-10.0,0.0,70.0,29.477051932879846,6.343942200836729,0,feet,0.0,-0.405088635730523,-0.31847203193542484,-39.47018839677557,63.70001399999999,9.600002218357886,-39.477051932879846,60.71151150841919,0.0,1,5.329070518200751e-15,0.0,-0.405088635730523,-0.3184720649266981,-39.47018839677555,-63.70001399999998,9.600002218357915,-39.477051932879846,-60.71151150841919,0.0,1,3.375077994860476e-14,0.0,-0.5492251523968452,-0.7978747931637771,87.717386710769,63.70001399999999,9.599997125712498,87.70891303791853,60.00696726122774,0.0,1,-1.7763568394002505e-14,0.0,-0.5492251523968452,-0.7978747931637771,87.717386710769,-63.70001399999998,9.599997125712498,87.70891303791853,-60.00696726122774,0.0,1,-1.7763568394002505e-14
3.216666666666667,3216667,hold_deeper_stretch,-10.0,0.0,70.0,0.9945218953682733,0.0,0.10452846326765347,0.0,-10.0,0.0,70.0,29.477051932879846,6.343942200836729,0,feet,0.0,-0.405088635730523,-0.31847203193542484,-39.47018839677557,63.70001399999999,9.600002218357886,-39.477051932879846,60.71151150841919,0.0,1,5.329070518200751e-15,0.0,-0.405088635730523,-0.3184720649266981,-39.47018839677555,-63.70001399999998,9.600002218357915,-39.477051932879846,-60.71151150841919,0.0,1,3.375077994860476e-14,0.0,-0.5492251523968452,-0.7978747931637771,87.717386710769,63.70001399999999,9.599997125712498,87.70891303791853,60.00696726122774,0.0,1,-1.7763568394002505e-14,0.0,-0.5492251523968452,-0.7978747931637771,87.717386710769,-63.70001399999998,9.599997125712498,87.70891303791853,-60.00696726122774,0.0,1,-1.7763568394002505e-14
3.225,3225000,hold_deeper_stretch,-10.0,0.0,70.0,0.9945218953682733,0.0,0.10452846326765347,0.0,-10.0,0.0,70.0,29.477051932879846,6.343942200836729,0,feet,0.0,-0.405088635730523,-0.31847203193542484,-39.47018839677557,63.70001399999999,9.600002218357886,-39.477051932879846,60.71151150841919,0.0,1,5.329070518200751e-15,0.0,-0.405088635730523,-0.3184720649266981,-39.47018839677555,-63.70001399999998,9.600002218357915,-39.477051932879846,-60.71151150841919,0.0,1,3.375077994860476e-14,0.0,-0.5492251523968452,-0.7978747931637771,87.717386710769,63.70001399999999,9.599997125712498,87.70891303791853,60.00696726122774,0.0,1,-1.7763568394002505e-14,0.0,-0.5492251523968452,-0.7978747931637771,87.717386710769,-63.70001399999998,9.599997125712498,87.70891303791853,-60.00696726122774,0.0,1,-1.7763568394002505e-14
3.2333333333333334,3233333,hold_deeper_stretch,-10.0,0.0,70.0,0.9945218953682733,0.0,0.10452846326765347,0.0,-10.0,0.0,70.0,29.477051932879846,6.343942200836729,0,feet,0.0,-0.405088635730523,-0.31847203193542484,-39.47018839677557,63.70001399999999,9.600002218357886,-39.477051932879846,60.71151150841919,0.0,1,5.329070518200751e-15,0.0,-0.405088635730523,-0.3184720649266981,-39.47018839677555,-63.70001399999998,9.600002218357915,-39.477051932879846,-60.71151150841919,0.0,1,3.375077994860476e-14,0.0,-0.5492251523968452,-0.7978747931637771,87.717386710769,63.70001399999999,9.599997125712498,87.70891303791853,60.00696726122774,0.0,1,-1.7763568394002505e-14,0.0,-0.5492251523968452,-0.7978747931637771,87.717386710769,-63.70001399999998,9.599997125712498,87.70891303791853,-60.00696726122774,0.0,1,-1.7763568394002505e-14
3.2416666666666667,3241667,hold_deeper_stretch,-10.0,0.0,70.0,0.9945218953682733,0.0,0.10452846326765347,0.0,-10.0,0.0,70.0,29.477051932879846,6.343942200836729,0,feet,0.0,-0.405088635730523,-0.31847203193542484,-39.47018839677557,63.70001399999999,9.600002218357886,-39.477051932879846,60.71151150841919,0.0,1,5.329070518200751e-15,0.0,-0.405088635730523,-0.3184720649266981,-39.47018839677555,-63.70001399999998,9.600002218357915,-39.477051932879846,-60.71151150841919,0.0,1,3.375077994860476e-14,0.0,-0.5492251523968452,-0.7978747931637771,87.717386710769,63.70001399999999,9.599997125712498,87.70891303791853,60.00696726122774,0.0,1,-1.7763568394002505e-14,0.0,-0.5492251523968452,-0.7978747931637771,87.717386710769,-63.70001399999998,9.599997125712498,87.70891303791853,-60.00696726122774,0.0,1,-1.7763568394002505e-14
3.25,3250000,hold_deeper_stretch,-10.0,0.0,70.0,0.9945218953682733,0.0,0.10452846326765347,0.0,-10.0,0.0,70.0,29.477051932879846,6.343942200836729,0,feet,0.0,-0.405088635730523,-0.31847203193542484,-39.47018839677557,63.70001399999999,9.600002218357886,-39.477051932879846,60.71151150841919,0.0,1,5.329070518200751e-15,0.0,-0.405088635730523,-0.3184720649266981,-39.47018839677555,-63.70001399999998,9.600002218357915,-39.477051932879846,-60.71151150841919,0.0,1,3.375077994860476e-14,0.0,-0.5492251523968452,-0.7978747931637771,87.717386710769,63.70001399999999,9.599997125712498,87.70891303791853,60.00696726122774,0.0,1,-1.7763568394002505e-14,0.0,-0.5492251523968452,-0.7978747931637771,87.717386710769,-63.70001399999998,9.599997125712498,87.70891303791853,-60.00696726122774,0.0,1,-1.7763568394002505e-14
3.2583333333333333,3258333,hold_deeper_stretch,-10.0,0.0,70.0,0.9945218953682733,0.0,0.10452846326765347,0.0,-10.0,0.0,70.0,29.477051932879846,6.343942200836729,0,feet,0.0,-0.405088635730523,-0.31847203193542484,-39.47018839677557,63.70001399999999,9.600002218357886,-39.477051932879846,60.71151150841919,0.0,1,5.329070518200751e-15,0.0,-0.405088635730523,-0.3184720649266981,-39.47018839677555,-63.70001399999998,9.600002218357915,-39.477051932879846,-60.71151150841919,0.0,1,3.375077994860476e-14,0.0,-0.5492251523968452,-0.7978747931637771,87.717386710769,63.70001399999999,9.599997125712498,87.70891303791853,60.00696726122774,0.0,1,-1.7763568394002505e-14,0.0,-0.5492251523968452,-0.7978747931637771,87.717386710769,-63.70001399999998,9.599997125712498,87.70891303791853,-60.00696726122774,0.0,1,-1.7763568394002505e-14
3.2666666666666666,3266667,hold_deeper_stretch,-10.0,0.0,70.0,0.9945218953682733,0.0,0.10452846326765347,0.0,-10.0,0.0,70.0,29.477051932879846,6.343942200836729,0,feet,0.0,-0.405088635730523,-0.31847203193542484,-39.47018839677557,63.70001399999999,9.600002218357886,-39.477051932879846,60.71151150841919,0.0,1,5.329070518200751e-15,0.0,-0.405088635730523,-0.3184720649266981,-39.47018839677555,-63.70001399999998,9.600002218357915,-39.477051932879846,-60.71151150841919,0.0,1,3.375077994860476e-14,0.0,-0.5492251523968452,-0.7978747931637771,87.717386710769,63.70001399999999,9.599997125712498,87.70891303791853,60.00696726122774,0.0,1,-1.7763568394002505e-14,0.0,-0.5492251523968452,-0.7978747931637771,87.717386710769,-63.70001399999998,9.599997125712498,87.70891303791853,-60.00696726122774,0.0,1,-1.7763568394002505e-14
3.275,3275000,hold_deeper_stretch,-10.0,0.0,70.0,0.9945218953682733,0.0,0.10452846326765347,0.0,-10.0,0.0,70.0,29.477051932879846,6.343942200836729,0,feet,0.0,-0.405088635730523,-0.31847203193542484,-39.47018839677557,63.70001399999999,9.600002218357886,-39.477051932879846,60.71151150841919,0.0,1,5.329070518200751e-15,0.0,-0.405088635730523,-0.3184720649266981,-39.47018839677555,-63.70001399999998,9.600002218357915,-39.477051932879846,-60.71151150841919,0.0,1,3.375077994860476e-14,0.0,-0.5492251523968452,-0.7978747931637771,87.717386710769,63.70001399999999,9.599997125712498,87.70891303791853,60.00696726122774,0.0,1,-1.7763568394002505e-14,0.0,-0.5492251523968452,-0.7978747931637771,87.717386710769,-63.70001399999998,9.599997125712498,87.70891303791853,-60.00696726122774,0.0,1,-1.7763568394002505e-14
3.283333333333333,3283333,hold_deeper_stretch,-10.0,0.0,70.0,0.9945218953682733,0.0,0.10452846326765347,0.0,-10.0,0.0,70.0,29.477051932879846,6.343942200836729,0,feet,0.0,-0.405088635730523,-0.31847203193542484,-39.47018839677557,63.70001399999999,9.600002218357886,-39.477051932879846,60.71151150841919,0.0,1,5.329070518200751e-15,0.0,-0.405088635730523,-0.3184720649266981,-39.47018839677555,-63.70001399999998,9.600002218357915,-39.477051932879846,-60.71151150841919,0.0,1,3.375077994860476e-14,0.0,-0.5492251523968452,-0.7978747931637771,87.717386710769,63.70001399999999,9.599997125712498,87.70891303791853,60.00696726122774,0.0,1,-1.7763568394002505e-14,0.0,-0.5492251523968452,-0.7978747931637771,87.717386710769,-63.70001399999998,9.599997125712498,87.70891303791853,-60.00696726122774,0.0,1,-1.7763568394002505e-14
3.2916666666666665,3291667,hold_deeper_stretch,-10.0,0.0,70.0,0.9945218953682733,0.0,0.10452846326765347,0.0,-10.0,0.0,70.0,29.477051932879846,6.343942200836729,0,feet,0.0,-0.405088635730523,-0.31847203193542484,-39.47018839677557,63.70001399999999,9.600002218357886,-39.477051932879846,60.71151150841919,0.0,1,5.329070518200751e-15,0.0,-0.405088635730523,-0.3184720649266981,-39.47018839677555,-63.70001399999998,9.600002218357915,-39.477051932879846,-60.71151150841919,0.0,1,3.375077994860476e-14,0.0,-0.5492251523968452,-0.7978747931637771,87.717386710769,63.70001399999999,9.599997125712498,87.70891303791853,60.00696726122774,0.0,1,-1.7763568394002505e-14,0.0,-0.5492251523968452,-0.7978747931637771,87.717386710769,-63.70001399999998,9.599997125712498,87.70891303791853,-60.00696726122774,0.0,1,-1.7763568394002505e-14
3.3,3300000,hold_deeper_stretch,-10.0,0.0,70.0,0.9945218953682733,0.0,0.10452846326765347,0.0,-10.0,0.0,70.0,29.477051932879846,6.343942200836729,0,feet,0.0,-0.405088635730523,-0.31847203193542484,-39.47018839677557,63.70001399999999,9.600002218357886,-39.477051932879846,60.71151150841919,0.0,1,5.329070518200751e-15,0.0,-0.405088635730523,-0.3184720649266981,-39.47018839677555,-63.70001399999998,9.600002218357915,-39.477051932879846,-60.71151150841919,0.0,1,3.375077994860476e-14,0.0,-0.5492251523968452,-0.7978747931637771,87.717386710769,63.70001399999999,9.599997125712498,87.70891303791853,60.00696726122774,0.0,1,-1.7763568394002505e-14,0.0,-0.5492251523968452,-0.7978747931637771,87.717386710769,-63.70001399999998,9.599997125712498,87.70891303791853,-60.00696726122774,0.0,1,-1.7763568394002505e-14
3.308333333333333,3308333,hold_deeper_stretch,-10.0,0.0,70.0,0.9945218953682733,0.0,0.10452846326765347,0.0,-10.0,0.0,70.0,29.477051932879846,6.343942200836729,0,feet,0.0,-0.405088635730523,-0.31847203193542484,-39.47018839677557,63.70001399999999,9.600002218357886,-39.477051932879846,60.71151150841919,0.0,1,5.329070518200751e-15,0.0,-0.405088635730523,-0.3184720649266981,-39.47018839677555,-63.70001399999998,9.600002218357915,-39.477051932879846,-60.71151150841919,0.0,1,3.375077994860476e-14,0.0,-0.5492251523968452,-0.7978747931637771,87.717386710769,63.70001399999999,9.599997125712498,87.70891303791853,60.00696726122774,0.0,1,-1.7763568394002505e-14,0.0,-0.5492251523968452,-0.7978747931637771,87.717386710769,-63.70001399999998,9.599997125712498,87.70891303791853,-60.00696726122774,0.0,1,-1.7763568394002505e-14
3.316666666666667,3316667,hold_deeper_stretch,-10.0,0.0,70.0,0.9945218953682733,0.0,0.10452846326765347,0.0,-10.0,0.0,70.0,29.477051932879846,6.343942200836729,0,feet,0.0,-0.405088635730523,-0.31847203193542484,-39.47018839677557,63.70001399999999,9.600002218357886,-39.477051932879846,60.71151150841919,0.0,1,5.329070518200751e-15,0.0,-0.405088635730523,-0.3184720649266981,-39.47018839677555,-63.70001399999998,9.600002218357915,-39.477051932879846,-60.71151150841919,0.0,1,3.375077994860476e-14,0.0,-0.5492251523968452,-0.7978747931637771,87.717386710769,63.70001399999999,9.599997125712498,87.70891303791853,60.00696726122774,0.0,1,-1.7763568394002505e-14,0.0,-0.5492251523968452,-0.7978747931637771,87.717386710769,-63.70001399999998,9.599997125712498,87.70891303791853,-60.00696726122774,0.0,1,-1.7763568394002505e-14
3.325,3325000,hold_deeper_stretch,-10.0,0.0,70.0,0.9945218953682733,0.0,0.10452846326765347,0.0,-10.0,0.0,70.0,29.477051932879846,6.343942200836729,0,feet,0.0,-0.405088635730523,-0.31847203193542484,-39.47018839677557,63.70001399999999,9.600002218357886,-39.477051932879846,60.71151150841919,0.0,1,5.329070518200751e-15,0.0,-0.405088635730523,-0.3184720649266981,-39.47018839677555,-63.70001399999998,9.600002218357915,-39.477051932879846,-60.71151150841919,0.0,1,3.375077994860476e-14,0.0,-0.5492251523968452,-0.7978747931637771,87.717386710769,63.70001399999999,9.599997125712498,87.70891303791853,60.00696726122774,0.0,1,-1.7763568394002505e-14,0.0,-0.5492251523968452,-0.7978747931637771,87.717386710769,-63.70001399999998,9.599997125712498,87.70891303791853,-60.00696726122774,0.0,1,-1.7763568394002505e-14
3.3333333333333335,3333333,hold_deeper_stretch,-10.0,0.0,70.0,0.9945218953682733,0.0,0.10452846326765347,0.0,-10.0,0.0,70.0,29.477051932879846,6.343942200836729,0,feet,0.0,-0.405088635730523,-0.31847203193542484,-39.47018839677557,63.70001399999999,9.600002218357886,-39.477051932879846,60.71151150841919,0.0,1,5.329070518200751e-15,0.0,-0.405088635730523,-0.3184720649266981,-39.47018839677555,-63.70001399999998,9.600002218357915,-39.477051932879846,-60.71151150841919,0.0,1,3.375077994860476e-14,0.0,-0.5492251523968452,-0.7978747931637771,87.717386710769,63.70001399999999,9.599997125712498,87.70891303791853,60.00696726122774,0.0,1,-1.7763568394002505e-14,0.0,-0.5492251523968452,-0.7978747931637771,87.717386710769,-63.70001399999998,9.599997125712498,87.70891303791853,-60.00696726122774,0.0,1,-1.7763568394002505e-14
3.341666666666667,3341667,hold_deeper_stretch,-10.0,0.0,70.0,0.9945218953682733,0.0,0.10452846326765347,0.0,-10.0,0.0,70.0,29.477051932879846,6.343942200836729,0,feet,0.0,-0.405088635730523,-0.31847203193542484,-39.47018839677557,63.70001399999999,9.600002218357886,-39.477051932879846,60.71151150841919,0.0,1,5.329070518200751e-15,0.0,-0.405088635730523,-0.3184720649266981,-39.47018839677555,-63.70001399999998,9.600002218357915,-39.477051932879846,-60.71151150841919,0.0,1,3.375077994860476e-14,0.0,-0.5492251523968452,-0.7978747931637771,87.717386710769,63.70001399999999,9.599997125712498,87.70891303791853,60.00696726122774,0.0,1,-1.7763568394002505e-14,0.0,-0.5492251523968452,-0.7978747931637771,87.717386710769,-63.70001399999998,9.599997125712498,87.70891303791853,-60.00696726122774,0.0,1,-1.7763568394002505e-14
3.35,3350000,hold_deeper_stretch,-10.0,0.0,70.0,0.9945218953682733,0.0,0.10452846326765347,0.0,-10.0,0.0,70.0,29.477051932879846,6.343942200836729,0,feet,0.0,-0.405088635730523,-0.31847203193542484,-39.47018839677557,63.70001399999999,9.600002218357886,-39.477051932879846,60.71151150841919,0.0,1,5.329070518200751e-15,0.0,-0.405088635730523,-0.3184720649266981,-39.47018839677555,-63.70001399999998,9.600002218357915,-39.477051932879846,-60.71151150841919,0.0,1,3.375077994860476e-14,0.0,-0.5492251523968452,-0.7978747931637771,87.717386710769,63.70001399999999,9.599997125712498,87.70891303791853,60.00696726122774,0.0,1,-1.7763568394002505e-14,0.0,-0.5492251523968452,-0.7978747931637771,87.717386710769,-63.70001399999998,9.599997125712498,87.70891303791853,-60.00696726122774,0.0,1,-1.7763568394002505e-14
3.3583333333333334,3358333,hold_deeper_stretch,-10.0,0.0,70.0,0.9945218953682733,0.0,0.10452846326765347,0.0,-10.0,0.0,70.0,29.477051932879846,6.343942200836729,0,feet,0.0,-0.405088635730523,-0.31847203193542484,-39.47018839677557,63.70001399999999,9.600002218357886,-39.477051932879846,60.71151150841919,0.0,1,5.329070518200751e-15,0.0,-0.405088635730523,-0.3184720649266981,-39.47018839677555,-63.70001399999998,9.600002218357915,-39.477051932879846,-60.71151150841919,0.0,1,3.375077994860476e-14,0.0,-0.5492251523968452,-0.7978747931637771,87.717386710769,63.70001399999999,9.599997125712498,87.70891303791853,60.00696726122774,0.0,1,-1.7763568394002505e-14,0.0,-0.5492251523968452,-0.7978747931637771,87.717386710769,-63.70001399999998,9.599997125712498,87.70891303791853,-60.00696726122774,0.0,1,-1.7763568394002505e-14
3.3666666666666667,3366667,hold_deeper_stretch,-10.0,0.0,70.0,0.9945218953682733,0.0,0.10452846326765347,0.0,-10.0,0.0,70.0,29.477051932879846,6.343942200836729,0,feet,0.0,-0.405088635730523,-0.31847203193542484,-39.47018839677557,63.70001399999999,9.600002218357886,-39.477051932879846,60.71151150841919,0.0,1,5.329070518200751e-15,0.0,-0.405088635730523,-0.3184720649266981,-39.47018839677555,-63.70001399999998,9.600002218357915,-39.477051932879846,-60.71151150841919,0.0,1,3.375077994860476e-14,0.0,-0.5492251523968452,-0.7978747931637771,87.717386710769,63.70001399999999,9.599997125712498,87.70891303791853,60.00696726122774,0.0,1,-1.7763568394002505e-14,0.0,-0.5492251523968452,-0.7978747931637771,87.717386710769,-63.70001399999998,9.599997125712498,87.70891303791853,-60.00696726122774,0.0,1,-1.7763568394002505e-14
3.375,3375000,hold_deeper_stretch,-10.0,0.0,70.0,0.9945218953682733,0.0,0.10452846326765347,0.0,-10.0,0.0,70.0,29.477051932879846,6.343942200836729,0,feet,0.0,-0.405088635730523,-0.31847203193542484,-39.47018839677557,63.70001399999999,9.600002218357886,-39.477051932879846,60.71151150841919,0.0,1,5.329070518200751e-15,0.0,-0.405088635730523,-0.3184720649266981,-39.47018839677555,-63.70001399999998,9.600002218357915,-39.477051932879846,-60.71151150841919,0.0,1,3.375077994860476e-14,0.0,-0.5492251523968452,-0.7978747931637771,87.717386710769,63.70001399999999,9.599997125712498,87.70891303791853,60.00696726122774,0.0,1,-1.7763568394002505e-14,0.0,-0.5492251523968452,-0.7978747931637771,87.717386710769,-63.70001399999998,9.599997125712498,87.70891303791853,-60.00696726122774,0.0,1,-1.7763568394002505e-14
3.3833333333333333,3383333,hold_deeper_stretch,-10.0,0.0,70.0,0.9945218953682733,0.0,0.10452846326765347,0.0,-10.0,0.0,70.0,29.477051932879846,6.343942200836729,0,feet,0.0,-0.405088635730523,-0.31847203193542484,-39.47018839677557,63.70001399999999,9.600002218357886,-39.477051932879846,60.71151150841919,0.0,1,5.329070518200751e-15,0.0,-0.405088635730523,-0.3184720649266981,-39.47018839677555,-63.70001399999998,9.600002218357915,-39.477051932879846,-60.71151150841919,0.0,1,3.375077994860476e-14,0.0,-0.5492251523968452,-0.7978747931637771,87.717386710769,63.70001399999999,9.599997125712498,87.70891303791853,60.00696726122774,0.0,1,-1.7763568394002505e-14,0.0,-0.5492251523968452,-0.7978747931637771,87.717386710769,-63.70001399999998,9.599997125712498,87.70891303791853,-60.00696726122774,0.0,1,-1.7763568394002505e-14
3.3916666666666666,3391667,hold_deeper_stretch,-10.0,0.0,70.0,0.9945218953682733,0.0,0.10452846326765347,0.0,-10.0,0.0,70.0,29.477051932879846,6.343942200836729,0,feet,0.0,-0.405088635730523,-0.31847203193542484,-39.47018839677557,63.70001399999999,9.600002218357886,-39.477051932879846,60.71151150841919,0.0,1,5.329070518200751e-15,0.0,-0.405088635730523,-0.3184720649266981,-39.47018839677555,-63.70001399999998,9.600002218357915,-39.477051932879846,-60.71151150841919,0.0,1,3.375077994860476e-14,0.0,-0.5492251523968452,-0.7978747931637771,87.717386710769,63.70001399999999,9.599997125712498,87.70891303791853,60.00696726122774,0.0,1,-1.7763568394002505e-14,0.0,-0.5492251523968452,-0.7978747931637771,87.717386710769,-63.70001399999998,9.599997125712498,87.70891303791853,-60.00696726122774,0.0,1,-1.7763568394002505e-14
3.4,3400000,hold_deeper_stretch,-10.0,0.0,70.0,0.9945218953682733,0.0,0.10452846326765347,0.0,-10.0,0.0,70.0,29.477051932879846,6.343942200836729,0,feet,0.0,-0.405088635730523,-0.31847203193542484,-39.47018839677557,63.70001399999999,9.600002218357886,-39.477051932879846,60.71151150841919,0.0,1,5.329070518200751e-15,0.0,-0.405088635730523,-0.3184720649266981,-39.47018839677555,-63.70001399999998,9.600002218357915,-39.477051932879846,-60.71151150841919,0.0,1,3.375077994860476e-14,0.0,-0.5492251523968452,-0.7978747931637771,87.717386710769,63.70001399999999,9.599997125712498,87.70891303791853,60.00696726122774,0.0,1,-1.7763568394002505e-14,0.0,-0.5492251523968452,-0.7978747931637771,87.717386710769,-63.70001399999998,9.599997125712498,87.70891303791853,-60.00696726122774,0.0,1,-1.7763568394002505e-14
3.408333333333333,3408333,hold_deeper_stretch,-10.0,0.0,70.0,0.9945218953682733,0.0,0.10452846326765347,0.0,-10.0,0.0,70.0,29.477051932879846,6.343942200836729,0,feet,0.0,-0.405088635730523,-0.31847203193542484,-39.47018839677557,63.70001399999999,9.600002218357886,-39.477051932879846,60.71151150841919,0.0,1,5.329070518200751e-15,0.0,-0.405088635730523,-0.3184720649266981,-39.47018839677555,-63.70001399999998,9.600002218357915,-39.477051932879846,-60.71151150841919,0.0,1,3.375077994860476e-14,0.0,-0.5492251523968452,-0.7978747931637771,87.717386710769,63.70001399999999,9.599997125712498,87.70891303791853,60.00696726122774,0.0,1,-1.7763568394002505e-14,0.0,-0.5492251523968452,-0.7978747931637771,87.717386710769,-63.70001399999998,9.599997125712498,87.70891303791853,-60.00696726122774,0.0,1,-1.7763568394002505e-14
3.4166666666666665,3416667,hold_deeper_stretch,-10.0,0.0,70.0,0.9945218953682733,0.0,0.10452846326765347,0.0,-10.0,0.0,70.0,29.477051932879846,6.343942200836729,0,feet,0.0,-0.405088635730523,-0.31847203193542484,-39.47018839677557,63.70001399999999,9.600002218357886,-39.477051932879846,60.71151150841919,0.0,1,5.329070518200751e-15,0.0,-0.405088635730523,-0.3184720649266981,-39.47018839677555,-63.70001399999998,9.600002218357915,-39.477051932879846,-60.71151150841919,0.0,1,3.375077994860476e-14,0.0,-0.5492251523968452,-0.7978747931637771,87.717386710769,63.70001399999999,9.599997125712498,87.70891303791853,60.00696726122774,0.0,1,-1.7763568394002505e-14,0.0,-0.5492251523968452,-0.7978747931637771,87.717386710769,-63.70001399999998,9.599997125712498,87.70891303791853,-60.00696726122774,0.0,1,-1.7763568394002505e-14
3.425,3425000,hold_deeper_stretch,-10.0,0.0,70.0,0.9945218953682733,0.0,0.10452846326765347,0.0,-10.0,0.0,70.0,29.477051932879846,6.343942200836729,0,feet,0.0,-0.405088635730523,-0.31847203193542484,-39.47018839677557,63.70001399999999,9.600002218357886,-39.477051932879846,60.71151150841919,0.0,1,5.329070518200751e-15,0.0,-0.405088635730523,-0.3184720649266981,-39.47018839677555,-63.70001399999998,9.600002218357915,-39.477051932879846,-60.71151150841919,0.0,1,3.375077994860476e-14,0.0,-0.5492251523968452,-0.7978747931637771,87.717386710769,63.70001399999999,9.599997125712498,87.70891303791853,60.00696726122774,0.0,1,-1.7763568394002505e-14,0.0,-0.5492251523968452,-0.7978747931637771,87.717386710769,-63.70001399999998,9.599997125712498,87.70891303791853,-60.00696726122774,0.0,1,-1.7763568394002505e-14
3.433333333333333,3433333,hold_deeper_stretch,-10.0,0.0,70.0,0.9945218953682733,0.0,0.10452846326765347,0.0,-10.0,0.0,70.0,29.477051932879846,6.343942200836729,0,feet,0.0,-0.405088635730523,-0.31847203193542484,-39.47018839677557,63.70001399999999,9.600002218357886,-39.477051932879846,60.71151150841919,0.0,1,5.329070518200751e-15,0.0,-0.405088635730523,-0.3184720649266981,-39.47018839677555,-63.70001399999998,9.600002218357915,-39.477051932879846,-60.71151150841919,0.0,1,3.375077994860476e-14,0.0,-0.5492251523968452,-0.7978747931637771,87.717386710769,63.70001399999999,9.599997125712498,87.70891303791853,60.00696726122774,0.0,1,-1.7763568394002505e-14,0.0,-0.5492251523968452,-0.7978747931637771,87.717386710769,-63.70001399999998,9.599997125712498,87.70891303791853,-60.00696726122774,0.0,1,-1.7763568394002505e-14
3.441666666666667,3441667,hold_deeper_stretch,-10.0,0.0,70.0,0.9945218953682733,0.0,0.10452846326765347,0.0,-10.0,0.0,70.0,29.477051932879846,6.343942200836729,0,feet,0.0,-0.405088635730523,-0.31847203193542484,-39.47018839677557,63.70001399999999,9.600002218357886,-39.477051932879846,60.71151150841919,0.0,1,5.329070518200751e-15,0.0,-0.405088635730523,-0.3184720649266981,-39.47018839677555,-63.70001399999998,9.600002218357915,-39.477051932879846,-60.71151150841919,0.0,1,3.375077994860476e-14,0.0,-0.5492251523968452,-0.7978747931637771,87.717386710769,63.70001399999999,9.599997125712498,87.70891303791853,60.00696726122774,0.0,1,-1.7763568394002505e-14,0.0,-0.5492251523968452,-0.7978747931637771,87.717386710769,-63.70001399999998,9.599997125712498,87.70891303791853,-60.00696726122774,0.0,1,-1.7763568394002505e-14
3.45,3450000,hold_deeper_stretch,-10.0,0.0,70.0,0.9945218953682733,0.0,0.10452846326765347,0.0,-10.0,0.0,70.0,29.477051932879846,6.343942200836729,0,feet,0.0,-0.405088635730523,-0.31847203193542484,-39.47018839677557,63.70001399999999,9.600002218357886,-39.477051932879846,60.71151150841919,0.0,1,5.329070518200751e-15,0.0,-0.405088635730523,-0.3184720649266981,-39.47018839677555,-63.70001399999998,9.600002218357915,-39.477051932879846,-60.71151150841919,0.0,1,3.375077994860476e-14,0.0,-0.5492251523968452,-0.7978747931637771,87.717386710769,63.70001399999999,9.599997125712498,87.70891303791853,60.00696726122774,0.0,1,-1.7763568394002505e-14,0.0,-0.5492251523968452,-0.7978747931637771,87.717386710769,-63.70001399999998,9.599997125712498,87.70891303791853,-60.00696726122774,0.0,1,-1.7763568394002505e-14
3.4583333333333335,3458333,hold_deeper_stretch,-10.0,0.0,70.0,0.9945218953682733,0.0,0.10452846326765347,0.0,-10.0,0.0,70.0,29.477051932879846,6.343942200836729,0,feet,0.0,-0.405088635730523,-0.31847203193542484,-39.47018839677557,63.70001399999999,9.600002218357886,-39.477051932879846,60.71151150841919,0.0,1,5.329070518200751e-15,0.0,-0.405088635730523,-0.3184720649266981,-39.47018839677555,-63.70001399999998,9.600002218357915,-39.477051932879846,-60.71151150841919,0.0,1,3.375077994860476e-14,0.0,-0.5492251523968452,-0.7978747931637771,87.717386710769,63.70001399999999,9.599997125712498,87.70891303791853,60.00696726122774,0.0,1,-1.7763568394002505e-14,0.0,-0.5492251523968452,-0.7978747931637771,87.717386710769,-63.70001399999998,9.599997125712498,87.70891303791853,-60.00696726122774,0.0,1,-1.7763568394002505e-14
3.466666666666667,3466667,hold_deeper_stretch,-10.0,0.0,70.0,0.9945218953682733,0.0,0.10452846326765347,0.0,-10.0,0.0,70.0,29.477051932879846,6.343942200836729,0,feet,0.0,-0.405088635730523,-0.31847203193542484,-39.47018839677557,63.70001399999999,9.600002218357886,-39.477051932879846,60.71151150841919,0.0,1,5.329070518200751e-15,0.0,-0.405088635730523,-0.3184720649266981,-39.47018839677555,-63.70001399999998,9.600002218357915,-39.477051932879846,-60.71151150841919,0.0,1,3.375077994860476e-14,0.0,-0.5492251523968452,-0.7978747931637771,87.717386710769,63.70001399999999,9.599997125712498,87.70891303791853,60.00696726122774,0.0,1,-1.7763568394002505e-14,0.0,-0.5492251523968452,-0.7978747931637771,87.717386710769,-63.70001399999998,9.599997125712498,87.70891303791853,-60.00696726122774,0.0,1,-1.7763568394002505e-14
3.475,3475000,hold_deeper_stretch,-10.0,0.0,70.0,0.9945218953682733,0.0,0.10452846326765347,0.0,-10.0,0.0,70.0,29.477051932879846,6.343942200836729,0,feet,0.0,-0.405088635730523,-0.31847203193542484,-39.47018839677557,63.70001399999999,9.600002218357886,-39.477051932879846,60.71151150841919,0.0,1,5.329070518200751e-15,0.0,-0.405088635730523,-0.3184720649266981,-39.47018839677555,-63.70001399999998,9.600002218357915,-39.477051932879846,-60.71151150841919,0.0,1,3.375077994860476e-14,0.0,-0.5492251523968452,-0.7978747931637771,87.717386710769,63.70001399999999,9.599997125712498,87.70891303791853,60.00696726122774,0.0,1,-1.7763568394002505e-14,0.0,-0.5492251523968452,-0.7978747931637771,87.717386710769,-63.70001399999998,9.599997125712498,87.70891303791853,-60.00696726122774,0.0,1,-1.7763568394002505e-14
3.4833333333333334,3483333,hold_deeper_stretch,-10.0,0.0,70.0,0.9945218953682733,0.0,0.10452846326765347,0.0,-10.0,0.0,70.0,29.477051932879846,6.343942200836729,0,feet,0.0,-0.405088635730523,-0.31847203193542484,-39.47018839677557,63.70001399999999,9.600002218357886,-39.477051932879846,60.71151150841919,0.0,1,5.329070518200751e-15,0.0,-0.405088635730523,-0.3184720649266981,-39.47018839677555,-63.70001399999998,9.600002218357915,-39.477051932879846,-60.71151150841919,0.0,1,3.375077994860476e-14,0.0,-0.5492251523968452,-0.7978747931637771,87.717386710769,63.70001399999999,9.599997125712498,87.70891303791853,60.00696726122774,0.0,1,-1.7763568394002505e-14,0.0,-0.5492251523968452,-0.7978747931637771,87.717386710769,-63.70001399999998,9.599997125712498,87.70891303791853,-60.00696726122774,0.0,1,-1.7763568394002505e-14
3.4916666666666667,3491667,hold_deeper_stretch,-10.0,0.0,70.0,0.9945218953682733,0.0,0.10452846326765347,0.0,-10.0,0.0,70.0,29.477051932879846,6.343942200836729,0,feet,0.0,-0.405088635730523,-0.31847203193542484,-39.47018839677557,63.70001399999999,9.600002218357886,-39.477051932879846,60.71151150841919,0.0,1,5.329070518200751e-15,0.0,-0.405088635730523,-0.3184720649266981,-39.47018839677555,-63.70001399999998,9.600002218357915,-39.477051932879846,-60.71151150841919,0.0,1,3.375077994860476e-14,0.0,-0.5492251523968452,-0.7978747931637771,87.717386710769,63.70001399999999,9.599997125712498,87.70891303791853,60.00696726122774,0.0,1,-1.7763568394002505e-14,0.0,-0.5492251523968452,-0.7978747931637771,87.717386710769,-63.70001399999998,9.599997125712498,87.70891303791853,-60.00696726122774,0.0,1,-1.7763568394002505e-14
3.5,3500000,hold_deeper_stretch,-10.0,0.0,70.0,0.9945218953682733,0.0,0.10452846326765347,0.0,-10.0,0.0,70.0,29.477051932879846,6.343942200836729,0,feet,0.0,-0.405088635730523,-0.31847203193542484,-39.47018839677557,63.70001399999999,9.600002218357886,-39.477051932879846,60.71151150841919,0.0,1,5.329070518200751e-15,0.0,-0.405088635730523,-0.3184720649266981,-39.47018839677555,-63.70001399999998,9.600002218357915,-39.477051932879846,-60.71151150841919,0.0,1,3.375077994860476e-14,0.0,-0.5492251523968452,-0.7978747931637771,87.717386710769,63.70001399999999,9.599997125712498,87.70891303791853,60.00696726122774,0.0,1,-1.7763568394002505e-14,0.0,-0.5492251523968452,-0.7978747931637771,87.717386710769,-63.70001399999998,9.599997125712498,87.70891303791853,-60.00696726122774,0.0,1,-1.7763568394002505e-14
3.5083333333333333,3508333,hold_deeper_stretch,-10.0,0.0,70.0,0.9945218953682733,0.0,0.10452846326765347,0.0,-10.0,0.0,70.0,29.477051932879846,6.343942200836729,0,feet,0.0,-0.405088635730523,-0.31847203193542484,-39.47018839677557,63.70001399999999,9.600002218357886,-39.477051932879846,60.71151150841919,0.0,1,5.329070518200751e-15,0.0,-0.405088635730523,-0.3184720649266981,-39.47018839677555,-63.70001399999998,9.600002218357915,-39.477051932879846,-60.71151150841919,0.0,1,3.375077994860476e-14,0.0,-0.5492251523968452,-0.7978747931637771,87.717386710769,63.70001399999999,9.599997125712498,87.70891303791853,60.00696726122774,0.0,1,-1.7763568394002505e-14,0.0,-0.5492251523968452,-0.7978747931637771,87.717386710769,-63.70001399999998,9.599997125712498,87.70891303791853,-60.00696726122774,0.0,1,-1.7763568394002505e-14
3.5166666666666666,3516667,hold_deeper_stretch,-10.0,0.0,70.0,0.9945218953682733,0.0,0.10452846326765347,0.0,-10.0,0.0,70.0,29.477051932879846,6.343942200836729,0,feet,0.0,-0.405088635730523,-0.31847203193542484,-39.47018839677557,63.70001399999999,9.600002218357886,-39.477051932879846,60.71151150841919,0.0,1,5.329070518200751e-15,0.0,-0.405088635730523,-0.3184720649266981,-39.47018839677555,-63.70001399999998,9.600002218357915,-39.477051932879846,-60.71151150841919,0.0,1,3.375077994860476e-14,0.0,-0.5492251523968452,-0.7978747931637771,87.717386710769,63.70001399999999,9.599997125712498,87.70891303791853,60.00696726122774,0.0,1,-1.7763568394002505e-14,0.0,-0.5492251523968452,-0.7978747931637771,87.717386710769,-63.70001399999998,9.599997125712498,87.70891303791853,-60.00696726122774,0.0,1,-1.7763568394002505e-14
3.525,3525000,hold_deeper_stretch,-10.0,0.0,70.0,0.9945218953682733,0.0,0.10452846326765347,0.0,-10.0,0.0,70.0,29.477051932879846,6.343942200836729,0,feet,0.0,-0.405088635730523,-0.31847203193542484,-39.47018839677557,63.70001399999999,9.600002218357886,-39.477051932879846,60.71151150841919,0.0,1,5.329070518200751e-15,0.0,-0.405088635730523,-0.3184720649266981,-39.47018839677555,-63.70001399999998,9.600002218357915,-39.477051932879846,-60.71151150841919,0.0,1,3.375077994860476e-14,0.0,-0.5492251523968452,-0.7978747931637771,87.717386710769,63.70001399999999,9.599997125712498,87.70891303791853,60.00696726122774,0.0,1,-1.7763568394002505e-14,0.0,-0.5492251523968452,-0.7978747931637771,87.717386710769,-63.70001399999998,9.599997125712498,87.70891303791853,-60.00696726122774,0.0,1,-1.7763568394002505e-14
3.533333333333333,3533333,hold_deeper_stretch,-10.0,0.0,70.0,0.9945218953682733,0.0,0.10452846326765347,0.0,-10.0,0.0,70.0,29.477051932879846,6.343942200836729,0,feet,0.0,-0.405088635730523,-0.31847203193542484,-39.47018839677557,63.70001399999999,9.600002218357886,-39.477051932879846,60.71151150841919,0.0,1,5.329070518200751e-15,0.0,-0.405088635730523,-0.3184720649266981,-39.47018839677555,-63.70001399999998,9.600002218357915,-39.477051932879846,-60.71151150841919,0.0,1,3.375077994860476e-14,0.0,-0.5492251523968452,-0.7978747931637771,87.717386710769,63.70001399999999,9.599997125712498,87.70891303791853,60.00696726122774,0.0,1,-1.7763568394002505e-14,0.0,-0.5492251523968452,-0.7978747931637771,87.717386710769,-63.70001399999998,9.599997125712498,87.70891303791853,-60.00696726122774,0.0,1,-1.7763568394002505e-14
3.5416666666666665,3541667,hold_deeper_stretch,-10.0,0.0,70.0,0.9945218953682733,0.0,0.10452846326765347,0.0,-10.0,0.0,70.0,29.477051932879846,6.343942200836729,0,feet,0.0,-0.405088635730523,-0.31847203193542484,-39.47018839677557,63.70001399999999,9.600002218357886,-39.477051932879846,60.71151150841919,0.0,1,5.329070518200751e-15,0.0,-0.405088635730523,-0.3184720649266981,-39.47018839677555,-63.70001399999998,9.600002218357915,-39.477051932879846,-60.71151150841919,0.0,1,3.375077994860476e-14,0.0,-0.5492251523968452,-0.7978747931637771,87.717386710769,63.70001399999999,9.599997125712498,87.70891303791853,60.00696726122774,0.0,1,-1.7763568394002505e-14,0.0,-0.5492251523968452,-0.7978747931637771,87.717386710769,-63.70001399999998,9.599997125712498,87.70891303791853,-60.00696726122774,0.0,1,-1.7763568394002505e-14
3.55,3550000,hold_deeper_stretch,-10.0,0.0,70.0,0.9945218953682733,0.0,0.10452846326765347,0.0,-10.0,0.0,70.0,29.477051932879846,6.343942200836729,0,feet,0.0,-0.405088635730523,-0.31847203193542484,-39.47018839677557,63.70001399999999,9.600002218357886,-39.477051932879846,60.71151150841919,0.0,1,5.329070518200751e-15,0.0,-0.405088635730523,-0.3184720649266981,-39.47018839677555,-63.70001399999998,9.600002218357915,-39.477051932879846,-60.71151150841919,0.0,1,3.375077994860476e-14,0.0,-0.5492251523968452,-0.7978747931637771,87.717386710769,63.70001399999999,9.599997125712498,87.70891303791853,60.00696726122774,0.0,1,-1.7763568394002505e-14,0.0,-0.5492251523968452,-0.7978747931637771,87.717386710769,-63.70001399999998,9.599997125712498,87.70891303791853,-60.00696726122774,0.0,1,-1.7763568394002505e-14
3.558333333333333,3558333,hold_deeper_stretch,-10.0,0.0,70.0,0.9945218953682733,0.0,0.10452846326765347,0.0,-10.0,0.0,70.0,29.477051932879846,6.343942200836729,0,feet,0.0,-0.405088635730523,-0.31847203193542484,-39.47018839677557,63.70001399999999,9.600002218357886,-39.477051932879846,60.71151150841919,0.0,1,5.329070518200751e-15,0.0,-0.405088635730523,-0.3184720649266981,-39.47018839677555,-63.70001399999998,9.600002218357915,-39.477051932879846,-60.71151150841919,0.0,1,3.375077994860476e-14,0.0,-0.5492251523968452,-0.7978747931637771,87.717386710769,63.70001399999999,9.599997125712498,87.70891303791853,60.00696726122774,0.0,1,-1.7763568394002505e-14,0.0,-0.5492251523968452,-0.7978747931637771,87.717386710769,-63.70001399999998,9.599997125712498,87.70891303791853,-60.00696726122774,0.0,1,-1.7763568394002505e-14
3.566666666666667,3566667,hold_deeper_stretch,-10.0,0.0,70.0,0.9945218953682733,0.0,0.10452846326765347,0.0,-10.0,0.0,70.0,29.477051932879846,6.343942200836729,0,feet,0.0,-0.405088635730523,-0.31847203193542484,-39.47018839677557,63.70001399999999,9.600002218357886,-39.477051932879846,60.71151150841919,0.0,1,5.329070518200751e-15,0.0,-0.405088635730523,-0.3184720649266981,-39.47018839677555,-63.70001399999998,9.600002218357915,-39.477051932879846,-60.71151150841919,0.0,1,3.375077994860476e-14,0.0,-0.5492251523968452,-0.7978747931637771,87.717386710769,63.70001399999999,9.599997125712498,87.70891303791853,60.00696726122774,0.0,1,-1.7763568394002505e-14,0.0,-0.5492251523968452,-0.7978747931637771,87.717386710769,-63.70001399999998,9.599997125712498,87.70891303791853,-60.00696726122774,0.0,1,-1.7763568394002505e-14
3.575,3575000,hold_deeper_stretch,-10.0,0.0,70.0,0.9945218953682733,0.0,0.10452846326765347,0.0,-10.0,0.0,70.0,29.477051932879846,6.343942200836729,0,feet,0.0,-0.405088635730523,-0.31847203193542484,-39.47018839677557,63.70001399999999,9.600002218357886,-39.477051932879846,60.71151150841919,0.0,1,5.329070518200751e-15,0.0,-0.405088635730523,-0.3184720649266981,-39.47018839677555,-63.70001399999998,9.600002218357915,-39.477051932879846,-60.71151150841919,0.0,1,3.375077994860476e-14,0.0,-0.5492251523968452,-0.7978747931637771,87.717386710769,63.70001399999999,9.599997125712498,87.70891303791853,60.00696726122774,0.0,1,-1.7763568394002505e-14,0.0,-0.5492251523968452,-0.7978747931637771,87.717386710769,-63.70001399999998,9.599997125712498,87.70891303791853,-60.00696726122774,0.0,1,-1.7763568394002505e-14
3.5833333333333335,3583333,hold_deeper_stretch,-10.0,0.0,70.0,0.9945218953682733,0.0,0.10452846326765347,0.0,-10.0,0.0,70.0,29.477051932879846,6.343942200836729,0,feet,0.0,-0.405088635730523,-0.31847203193542484,-39.47018839677557,63.70001399999999,9.600002218357886,-39.477051932879846,60.71151150841919,0.0,1,5.329070518200751e-15,0.0,-0.405088635730523,-0.3184720649266981,-39.47018839677555,-63.70001399999998,9.600002218357915,-39.477051932879846,-60.71151150841919,0.0,1,3.375077994860476e-14,0.0,-0.5492251523968452,-0.7978747931637771,87.717386710769,63.70001399999999,9.599997125712498,87.70891303791853,60.00696726122774,0.0,1,-1.7763568394002505e-14,0.0,-0.5492251523968452,-0.7978747931637771,87.717386710769,-63.70001399999998,9.599997125712498,87.70891303791853,-60.00696726122774,0.0,1,-1.7763568394002505e-14
3.591666666666667,3591667,hold_deeper_stretch,-10.0,0.0,70.0,0.9945218953682733,0.0,0.10452846326765347,0.0,-10.0,0.0,70.0,29.477051932879846,6.343942200836729,0,feet,0.0,-0.405088635730523,-0.31847203193542484,-39.47018839677557,63.70001399999999,9.600002218357886,-39.477051932879846,60.71151150841919,0.0,1,5.329070518200751e-15,0.0,-0.405088635730523,-0.3184720649266981,-39.47018839677555,-63.70001399999998,9.600002218357915,-39.477051932879846,-60.71151150841919,0.0,1,3.375077994860476e-14,0.0,-0.5492251523968452,-0.7978747931637771,87.717386710769,63.70001399999999,9.599997125712498,87.70891303791853,60.00696726122774,0.0,1,-1.7763568394002505e-14,0.0,-0.5492251523968452,-0.7978747931637771,87.717386710769,-63.70001399999998,9.599997125712498,87.70891303791853,-60.00696726122774,0.0,1,-1.7763568394002505e-14
3.6,3600000,hold_deeper_stretch,-10.0,0.0,70.0,0.9945218953682733,0.0,0.10452846326765347,0.0,-10.0,0.0,70.0,29.477051932879846,6.343942200836729,0,feet,0.0,-0.405088635730523,-0.31847203193542484,-39.47018839677557,63.70001399999999,9.600002218357886,-39.477051932879846,60.71151150841919,0.0,1,5.329070518200751e-15,0.0,-0.405088635730523,-0.3184720649266981,-39.47018839677555,-63.70001399999998,9.600002218357915,-39.477051932879846,-60.71151150841919,0.0,1,3.375077994860476e-14,0.0,-0.5492251523968452,-0.7978747931637771,87.717386710769,63.70001399999999,9.599997125712498,87.70891303791853,60.00696726122774,0.0,1,-1.7763568394002505e-14,0.0,-0.5492251523968452,-0.7978747931637771,87.717386710769,-63.70001399999998,9.599997125712498,87.70891303791853,-60.00696726122774,0.0,1,-1.7763568394002505e-14
3.6083333333333334,3608333,hold_deeper_stretch,-10.0,0.0,70.0,0.9945218953682733,0.0,0.10452846326765347,0.0,-10.0,0.0,70.0,29.477051932879846,6.343942200836729,0,feet,0.0,-0.405088635730523,-0.31847203193542484,-39.47018839677557,63.70001399999999,9.600002218357886,-39.477051932879846,60.71151150841919,0.0,1,5.329070518200751e-15,0.0,-0.405088635730523,-0.3184720649266981,-39.47018839677555,-63.70001399999998,9.600002218357915,-39.477051932879846,-60.71151150841919,0.0,1,3.375077994860476e-14,0.0,-0.5492251523968452,-0.7978747931637771,87.717386710769,63.70001399999999,9.599997125712498,87.70891303791853,60.00696726122774,0.0,1,-1.7763568394002505e-14,0.0,-0.5492251523968452,-0.7978747931637771,87.717386710769,-63.70001399999998,9.599997125712498,87.70891303791853,-60.00696726122774,0.0,1,-1.7763568394002505e-14
3.6166666666666667,3616667,hold_deeper_stretch,-10.0,0.0,70.0,0.9945218953682733,0.0,0.10452846326765347,0.0,-10.0,0.0,70.0,29.477051932879846,6.343942200836729,0,feet,0.0,-0.405088635730523,-0.31847203193542484,-39.47018839677557,63.70001399999999,9.600002218357886,-39.477051932879846,60.71151150841919,0.0,1,5.329070518200751e-15,0.0,-0.405088635730523,-0.3184720649266981,-39.47018839677555,-63.70001399999998,9.600002218357915,-39.477051932879846,-60.71151150841919,0.0,1,3.375077994860476e-14,0.0,-0.5492251523968452,-0.7978747931637771,87.717386710769,63.70001399999999,9.599997125712498,87.70891303791853,60.00696726122774,0.0,1,-1.7763568394002505e-14,0.0,-0.5492251523968452,-0.7978747931637771,87.717386710769,-63.70001399999998,9.599997125712498,87.70891303791853,-60.00696726122774,0.0,1,-1.7763568394002505e-14
3.625,3625000,hold_deeper_stretch,-10.0,0.0,70.0,0.9945218953682733,0.0,0.10452846326765347,0.0,-10.0,0.0,70.0,29.477051932879846,6.343942200836729,0,feet,0.0,-0.405088635730523,-0.31847203193542484,-39.47018839677557,63.70001399999999,9.600002218357886,-39.477051932879846,60.71151150841919,0.0,1,5.329070518200751e-15,0.0,-0.405088635730523,-0.3184720649266981,-39.47018839677555,-63.70001399999998,9.600002218357915,-39.477051932879846,-60.71151150841919,0.0,1,3.375077994860476e-14,0.0,-0.5492251523968452,-0.7978747931637771,87.717386710769,63.70001399999999,9.599997125712498,87.70891303791853,60.00696726122774,0.0,1,-1.7763568394002505e-14,0.0,-0.5492251523968452,-0.7978747931637771,87.717386710769,-63.70001399999998,9.599997125712498,87.70891303791853,-60.00696726122774,0.0,1,-1.7763568394002505e-14
3.6333333333333333,3633333,hold_deeper_stretch,-10.0,0.0,70.0,0.9945218953682733,0.0,0.10452846326765347,0.0,-10.0,0.0,70.0,29.477051932879846,6.343942200836729,0,feet,0.0,-0.405088635730523,-0.31847203193542484,-39.47018839677557,63.70001399999999,9.600002218357886,-39.477051932879846,60.71151150841919,0.0,1,5.329070518200751e-15,0.0,-0.405088635730523,-0.3184720649266981,-39.47018839677555,-63.70001399999998,9.600002218357915,-39.477051932879846,-60.71151150841919,0.0,1,3.375077994860476e-14,0.0,-0.5492251523968452,-0.7978747931637771,87.717386710769,63.70001399999999,9.599997125712498,87.70891303791853,60.00696726122774,0.0,1,-1.7763568394002505e-14,0.0,-0.5492251523968452,-0.7978747931637771,87.717386710769,-63.70001399999998,9.599997125712498,87.70891303791853,-60.00696726122774,0.0,1,-1.7763568394002505e-14
3.6416666666666666,3641667,hold_deeper_stretch,-10.0,0.0,70.0,0.9945218953682733,0.0,0.10452846326765347,0.0,-10.0,0.0,70.0,29.477051932879846,6.343942200836729,0,feet,0.0,-0.405088635730523,-0.31847203193542484,-39.47018839677557,63.70001399999999,9.600002218357886,-39.477051932879846,60.71151150841919,0.0,1,5.329070518200751e-15,0.0,-0.405088635730523,-0.3184720649266981,-39.47018839677555,-63.70001399999998,9.600002218357915,-39.477051932879846,-60.71151150841919,0.0,1,3.375077994860476e-14,0.0,-0.5492251523968452,-0.7978747931637771,87.717386710769,63.70001399999999,9.599997125712498,87.70891303791853,60.00696726122774,0.0,1,-1.7763568394002505e-14,0.0,-0.5492251523968452,-0.7978747931637771,87.717386710769,-63.70001399999998,9.599997125712498,87.70891303791853,-60.00696726122774,0.0,1,-1.7763568394002505e-14
3.65,3650000,hold_deeper_stretch,-10.0,0.0,70.0,0.9945218953682733,0.0,0.10452846326765347,0.0,-10.0,0.0,70.0,29.477051932879846,6.343942200836729,0,feet,0.0,-0.405088635730523,-0.31847203193542484,-39.47018839677557,63.70001399999999,9.600002218357886,-39.477051932879846,60.71151150841919,0.0,1,5.329070518200751e-15,0.0,-0.405088635730523,-0.3184720649266981,-39.47018839677555,-63.70001399999998,9.600002218357915,-39.477051932879846,-60.71151150841919,0.0,1,3.375077994860476e-14,0.0,-0.5492251523968452,-0.7978747931637771,87.717386710769,63.70001399999999,9.599997125712498,87.70891303791853,60.00696726122774,0.0,1,-1.7763568394002505e-14,0.0,-0.5492251523968452,-0.7978747931637771,87.717386710769,-63.70001399999998,9.599997125712498,87.70891303791853,-60.00696726122774,0.0,1,-1.7763568394002505e-14
3.658333333333333,3658333,hold_deeper_stretch,-10.0,0.0,70.0,0.9945218953682733,0.0,0.10452846326765347,0.0,-10.0,0.0,70.0,29.477051932879846,6.343942200836729,0,feet,0.0,-0.405088635730523,-0.31847203193542484,-39.47018839677557,63.70001399999999,9.600002218357886,-39.477051932879846,60.71151150841919,0.0,1,5.329070518200751e-15,0.0,-0.405088635730523,-0.3184720649266981,-39.47018839677555,-63.70001399999998,9.600002218357915,-39.477051932879846,-60.71151150841919,0.0,1,3.375077994860476e-14,0.0,-0.5492251523968452,-0.7978747931637771,87.717386710769,63.70001399999999,9.599997125712498,87.70891303791853,60.00696726122774,0.0,1,-1.7763568394002505e-14,0.0,-0.5492251523968452,-0.7978747931637771,87.717386710769,-63.70001399999998,9.599997125712498,87.70891303791853,-60.00696726122774,0.0,1,-1.7763568394002505e-14
3.6666666666666665,3666667,hold_deeper_stretch,-10.0,0.0,70.0,0.9945218953682733,0.0,0.10452846326765347,0.0,-10.0,0.0,70.0,29.477051932879846,6.343942200836729,0,feet,0.0,-0.405088635730523,-0.31847203193542484,-39.47018839677557,63.70001399999999,9.600002218357886,-39.477051932879846,60.71151150841919,0.0,1,5.329070518200751e-15,0.0,-0.405088635730523,-0.3184720649266981,-39.47018839677555,-63.70001399999998,9.600002218357915,-39.477051932879846,-60.71151150841919,0.0,1,3.375077994860476e-14,0.0,-0.5492251523968452,-0.7978747931637771,87.717386710769,63.70001399999999,9.599997125712498,87.70891303791853,60.00696726122774,0.0,1,-1.7763568394002505e-14,0.0,-0.5492251523968452,-0.7978747931637771,87.717386710769,-63.70001399999998,9.599997125712498,87.70891303791853,-60.00696726122774,0.0,1,-1.7763568394002505e-14
3.675,3675000,hold_deeper_stretch,-10.0,0.0,70.0,0.9945218953682733,0.0,0.10452846326765347,0.0,-10.0,0.0,70.0,29.477051932879846,6.343942200836729,0,feet,0.0,-0.405088635730523,-0.31847203193542484,-39.47018839677557,63.70001399999999,9.600002218357886,-39.477051932879846,60.71151150841919,0.0,1,5.329070518200751e-15,0.0,-0.405088635730523,-0.3184720649266981,-39.47018839677555,-63.70001399999998,9.600002218357915,-39.477051932879846,-60.71151150841919,0.0,1,3.375077994860476e-14,0.0,-0.5492251523968452,-0.7978747931637771,87.717386710769,63.70001399999999,9.599997125712498,87.70891303791853,60.00696726122774,0.0,1,-1.7763568394002505e-14,0.0,-0.5492251523968452,-0.7978747931637771,87.717386710769,-63.70001399999998,9.599997125712498,87.70891303791853,-60.00696726122774,0.0,1,-1.7763568394002505e-14
3.683333333333333,3683333,hold_deeper_stretch,-10.0,0.0,70.0,0.9945218953682733,0.0,0.10452846326765347,0.0,-10.0,0.0,70.0,29.477051932879846,6.343942200836729,0,feet,0.0,-0.405088635730523,-0.31847203193542484,-39.47018839677557,63.70001399999999,9.600002218357886,-39.477051932879846,60.71151150841919,0.0,1,5.329070518200751e-15,0.0,-0.405088635730523,-0.3184720649266981,-39.47018839677555,-63.70001399999998,9.600002218357915,-39.477051932879846,-60.71151150841919,0.0,1,3.375077994860476e-14,0.0,-0.5492251523968452,-0.7978747931637771,87.717386710769,63.70001399999999,9.599997125712498,87.70891303791853,60.00696726122774,0.0,1,-1.7763568394002505e-14,0.0,-0.5492251523968452,-0.7978747931637771,87.717386710769,-63.70001399999998,9.599997125712498,87.70891303791853,-60.00696726122774,0.0,1,-1.7763568394002505e-14
3.691666666666667,3691667,hold_deeper_stretch,-10.0,0.0,70.0,0.9945218953682733,0.0,0.10452846326765347,0.0,-10.0,0.0,70.0,29.477051932879846,6.343942200836729,0,feet,0.0,-0.405088635730523,-0.31847203193542484,-39.47018839677557,63.70001399999999,9.600002218357886,-39.477051932879846,60.71151150841919,0.0,1,5.329070518200751e-15,0.0,-0.405088635730523,-0.3184720649266981,-39.47018839677555,-63.70001399999998,9.600002218357915,-39.477051932879846,-60.71151150841919,0.0,1,3.375077994860476e-14,0.0,-0.5492251523968452,-0.7978747931637771,87.717386710769,63.70001399999999,9.599997125712498,87.70891303791853,60.00696726122774,0.0,1,-1.7763568394002505e-14,0.0,-0.5492251523968452,-0.7978747931637771,87.717386710769,-63.70001399999998,9.599997125712498,87.70891303791853,-60.00696726122774,0.0,1,-1.7763568394002505e-14
3.7,3700000,hold_deeper_stretch,-10.0,0.0,70.0,0.9945218953682733,0.0,0.10452846326765347,0.0,-10.0,0.0,70.0,29.477051932879846,6.343942200836729,0,feet,0.0,-0.405088635730523,-0.31847203193542484,-39.47018839677557,63.70001399999999,9.600002218357886,-39.477051932879846,60.71151150841919,0.0,1,5.329070518200751e-15,0.0,-0.405088635730523,-0.3184720649266981,-39.47018839677555,-63.70001399999998,9.600002218357915,-39.477051932879846,-60.71151150841919,0.0,1,3.375077994860476e-14,0.0,-0.5492251523968452,-0.7978747931637771,87.717386710769,63.70001399999999,9.599997125712498,87.70891303791853,60.00696726122774,0.0,1,-1.7763568394002505e-14,0.0,-0.5492251523968452,-0.7978747931637771,87.717386710769,-63.70001399999998,9.599997125712498,87.70891303791853,-60.00696726122774,0.0,1,-1.7763568394002505e-14
3.7083333333333335,3708333,hold_deeper_stretch,-10.0,0.0,70.0,0.9945218953682733,0.0,0.10452846326765347,0.0,-10.0,0.0,70.0,29.477051932879846,6.343942200836729,0,feet,0.0,-0.405088635730523,-0.31847203193542484,-39.47018839677557,63.70001399999999,9.600002218357886,-39.477051932879846,60.71151150841919,0.0,1,5.329070518200751e-15,0.0,-0.405088635730523,-0.3184720649266981,-39.47018839677555,-63.70001399999998,9.600002218357915,-39.477051932879846,-60.71151150841919,0.0,1,3.375077994860476e-14,0.0,-0.5492251523968452,-0.7978747931637771,87.717386710769,63.70001399999999,9.599997125712498,87.70891303791853,60.00696726122774,0.0,1,-1.7763568394002505e-14,0.0,-0.5492251523968452,-0.7978747931637771,87.717386710769,-63.70001399999998,9.599997125712498,87.70891303791853,-60.00696726122774,0.0,1,-1.7763568394002505e-14
3.716666666666667,3716667,hold_deeper_stretch,-10.0,0.0,70.0,0.9945218953682733,0.0,0.10452846326765347,0.0,-10.0,0.0,70.0,29.477051932879846,6.343942200836729,0,feet,0.0,-0.405088635730523,-0.31847203193542484,-39.47018839677557,63.70001399999999,9.600002218357886,-39.477051932879846,60.71151150841919,0.0,1,5.329070518200751e-15,0.0,-0.405088635730523,-0.3184720649266981,-39.47018839677555,-63.70001399999998,9.600002218357915,-39.477051932879846,-60.71151150841919,0.0,1,3.375077994860476e-14,0.0,-0.5492251523968452,-0.7978747931637771,87.717386710769,63.70001399999999,9.599997125712498,87.70891303791853,60.00696726122774,0.0,1,-1.7763568394002505e-14,0.0,-0.5492251523968452,-0.7978747931637771,87.717386710769,-63.70001399999998,9.599997125712498,87.70891303791853,-60.00696726122774,0.0,1,-1.7763568394002505e-14
3.725,3725000,hold_deeper_stretch,-10.0,0.0,70.0,0.9945218953682733,0.0,0.10452846326765347,0.0,-10.0,0.0,70.0,29.477051932879846,6.343942200836729,0,feet,0.0,-0.405088635730523,-0.31847203193542484,-39.47018839677557,63.70001399999999,9.600002218357886,-39.477051932879846,60.71151150841919,0.0,1,5.329070518200751e-15,0.0,-0.405088635730523,-0.3184720649266981,-39.47018839677555,-63.70001399999998,9.600002218357915,-39.477051932879846,-60.71151150841919,0.0,1,3.375077994860476e-14,0.0,-0.5492251523968452,-0.7978747931637771,87.717386710769,63.70001399999999,9.599997125712498,87.70891303791853,60.00696726122774,0.0,1,-1.7763568394002505e-14,0.0,-0.5492251523968452,-0.7978747931637771,87.717386710769,-63.70001399999998,9.599997125712498,87.70891303791853,-60.00696726122774,0.0,1,-1.7763568394002505e-14
3.7333333333333334,3733333,hold_deeper_stretch,-10.0,0.0,70.0,0.9945218953682733,0.0,0.10452846326765347,0.0,-10.0,0.0,70.0,29.477051932879846,6.343942200836729,0,feet,0.0,-0.405088635730523,-0.31847203193542484,-39.47018839677557,63.70001399999999,9.600002218357886,-39.477051932879846,60.71151150841919,0.0,1,5.329070518200751e-15,0.0,-0.405088635730523,-0.3184720649266981,-39.47018839677555,-63.70001399999998,9.600002218357915,-39.477051932879846,-60.71151150841919,0.0,1,3.375077994860476e-14,0.0,-0.5492251523968452,-0.7978747931637771,87.717386710769,63.70001399999999,9.599997125712498,87.70891303791853,60.00696726122774,0.0,1,-1.7763568394002505e-14,0.0,-0.5492251523968452,-0.7978747931637771,87.717386710769,-63.70001399999998,9.599997125712498,87.70891303791853,-60.00696726122774,0.0,1,-1.7763568394002505e-14
3.7416666666666667,3741667,hold_deeper_stretch,-10.0,0.0,70.0,0.9945218953682733,0.0,0.10452846326765347,0.0,-10.0,0.0,70.0,29.477051932879846,6.343942200836729,0,feet,0.0,-0.405088635730523,-0.31847203193542484,-39.47018839677557,63.70001399999999,9.600002218357886,-39.477051932879846,60.71151150841919,0.0,1,5.329070518200751e-15,0.0,-0.405088635730523,-0.3184720649266981,-39.47018839677555,-63.70001399999998,9.600002218357915,-39.477051932879846,-60.71151150841919,0.0,1,3.375077994860476e-14,0.0,-0.5492251523968452,-0.7978747931637771,87.717386710769,63.70001399999999,9.599997125712498,87.70891303791853,60.00696726122774,0.0,1,-1.7763568394002505e-14,0.0,-0.5492251523968452,-0.7978747931637771,87.717386710769,-63.70001399999998,9.599997125712498,87.70891303791853,-60.00696726122774,0.0,1,-1.7763568394002505e-14
3.75,3750000,hold_deeper_stretch,-10.0,0.0,70.0,0.9945218953682733,0.0,0.10452846326765347,0.0,-10.0,0.0,70.0,29.477051932879846,6.343942200836729,0,feet,0.0,-0.405088635730523,-0.31847203193542484,-39.47018839677557,63.70001399999999,9.600002218357886,-39.477051932879846,60.71151150841919,0.0,1,5.329070518200751e-15,0.0,-0.405088635730523,-0.3184720649266981,-39.47018839677555,-63.70001399999998,9.600002218357915,-39.477051932879846,-60.71151150841919,0.0,1,3.375077994860476e-14,0.0,-0.5492251523968452,-0.7978747931637771,87.717386710769,63.70001399999999,9.599997125712498,87.70891303791853,60.00696726122774,0.0,1,-1.7763568394002505e-14,0.0,-0.5492251523968452,-0.7978747931637771,87.717386710769,-63.70001399999998,9.599997125712498,87.70891303791853,-60.00696726122774,0.0,1,-1.7763568394002505e-14
3.7583333333333333,3758333,hold_deeper_stretch,-10.0,0.0,70.0,0.9945218953682733,0.0,0.10452846326765347,0.0,-10.0,0.0,70.0,29.477051932879846,6.343942200836729,0,feet,0.0,-0.405088635730523,-0.31847203193542484,-39.47018839677557,63.70001399999999,9.600002218357886,-39.477051932879846,60.71151150841919,0.0,1,5.329070518200751e-15,0.0,-0.405088635730523,-0.3184720649266981,-39.47018839677555,-63.70001399999998,9.600002218357915,-39.477051932879846,-60.71151150841919,0.0,1,3.375077994860476e-14,0.0,-0.5492251523968452,-0.7978747931637771,87.717386710769,63.70001399999999,9.599997125712498,87.70891303791853,60.00696726122774,0.0,1,-1.7763568394002505e-14,0.0,-0.5492251523968452,-0.7978747931637771,87.717386710769,-63.70001399999998,9.599997125712498,87.70891303791853,-60.00696726122774,0.0,1,-1.7763568394002505e-14
3.7666666666666666,3766667,hold_deeper_stretch,-10.0,0.0,70.0,0.9945218953682733,0.0,0.10452846326765347,0.0,-10.0,0.0,70.0,29.477051932879846,6.343942200836729,0,feet,0.0,-0.405088635730523,-0.31847203193542484,-39.47018839677557,63.70001399999999,9.600002218357886,-39.477051932879846,60.71151150841919,0.0,1,5.329070518200751e-15,0.0,-0.405088635730523,-0.3184720649266981,-39.47018839677555,-63.70001399999998,9.600002218357915,-39.477051932879846,-60.71151150841919,0.0,1,3.375077994860476e-14,0.0,-0.5492251523968452,-0.7978747931637771,87.717386710769,63.70001399999999,9.599997125712498,87.70891303791853,60.00696726122774,0.0,1,-1.7763568394002505e-14,0.0,-0.5492251523968452,-0.7978747931637771,87.717386710769,-63.70001399999998,9.599997125712498,87.70891303791853,-60.00696726122774,0.0,1,-1.7763568394002505e-14
3.775,3775000,hold_deeper_stretch,-10.0,0.0,70.0,0.9945218953682733,0.0,0.10452846326765347,0.0,-10.0,0.0,70.0,29.477051932879846,6.343942200836729,0,feet,0.0,-0.405088635730523,-0.31847203193542484,-39.47018839677557,63.70001399999999,9.600002218357886,-39.477051932879846,60.71151150841919,0.0,1,5.329070518200751e-15,0.0,-0.405088635730523,-0.3184720649266981,-39.47018839677555,-63.70001399999998,9.600002218357915,-39.477051932879846,-60.71151150841919,0.0,1,3.375077994860476e-14,0.0,-0.5492251523968452,-0.7978747931637771,87.717386710769,63.70001399999999,9.599997125712498,87.70891303791853,60.00696726122774,0.0,1,-1.7763568394002505e-14,0.0,-0.5492251523968452,-0.7978747931637771,87.717386710769,-63.70001399999998,9.599997125712498,87.70891303791853,-60.00696726122774,0.0,1,-1.7763568394002505e-14
3.783333333333333,3783333,hold_deeper_stretch,-10.0,0.0,70.0,0.9945218953682733,0.0,0.10452846326765347,0.0,-10.0,0.0,70.0,29.477051932879846,6.343942200836729,0,feet,0.0,-0.405088635730523,-0.31847203193542484,-39.47018839677557,63.70001399999999,9.600002218357886,-39.477051932879846,60.71151150841919,0.0,1,5.329070518200751e-15,0.0,-0.405088635730523,-0.3184720649266981,-39.47018839677555,-63.70001399999998,9.600002218357915,-39.477051932879846,-60.71151150841919,0.0,1,3.375077994860476e-14,0.0,-0.5492251523968452,-0.7978747931637771,87.717386710769,63.70001399999999,9.599997125712498,87.70891303791853,60.00696726122774,0.0,1,-1.7763568394002505e-14,0.0,-0.5492251523968452,-0.7978747931637771,87.717386710769,-63.70001399999998,9.599997125712498,87.70891303791853,-60.00696726122774,0.0,1,-1.7763568394002505e-14
3.7916666666666665,3791667,hold_deeper_stretch,-10.0,0.0,70.0,0.9945218953682733,0.0,0.10452846326765347,0.0,-10.0,0.0,70.0,29.477051932879846,6.343942200836729,0,feet,0.0,-0.405088635730523,-0.31847203193542484,-39.47018839677557,63.70001399999999,9.600002218357886,-39.477051932879846,60.71151150841919,0.0,1,5.329070518200751e-15,0.0,-0.405088635730523,-0.3184720649266981,-39.47018839677555,-63.70001399999998,9.600002218357915,-39.477051932879846,-60.71151150841919,0.0,1,3.375077994860476e-14,0.0,-0.5492251523968452,-0.7978747931637771,87.717386710769,63.70001399999999,9.599997125712498,87.70891303791853,60.00696726122774,0.0,1,-1.7763568394002505e-14,0.0,-0.5492251523968452,-0.7978747931637771,87.717386710769,-63.70001399999998,9.599997125712498,87.70891303791853,-60.00696726122774,0.0,1,-1.7763568394002505e-14
3.8,3800000,hold_deeper_stretch,-10.0,0.0,70.0,0.9945218953682733,0.0,0.10452846326765347,0.0,-10.0,0.0,70.0,29.477051932879846,6.343942200836729,0,feet,0.0,-0.405088635730523,-0.31847203193542484,-39.47018839677557,63.70001399999999,9.600002218357886,-39.477051932879846,60.71151150841919,0.0,1,5.329070518200751e-15,0.0,-0.405088635730523,-0.3184720649266981,-39.47018839677555,-63.70001399999998,9.600002218357915,-39.477051932879846,-60.71151150841919,0.0,1,3.375077994860476e-14,0.0,-0.5492251523968452,-0.7978747931637771,87.717386710769,63.70001399999999,9.599997125712498,87.70891303791853,60.00696726122774,0.0,1,-1.7763568394002505e-14,0.0,-0.5492251523968452,-0.7978747931637771,87.717386710769,-63.70001399999998,9.599997125712498,87.70891303791853,-60.00696726122774,0.0,1,-1.7763568394002505e-14
3.808333333333333,3808333,hold_deeper_stretch,-10.0,0.0,70.0,0.9945218953682733,0.0,0.10452846326765347,0.0,-10.0,0.0,70.0,29.477051932879846,6.343942200836729,0,feet,0.0,-0.405088635730523,-0.31847203193542484,-39.47018839677557,63.70001399999999,9.600002218357886,-39.477051932879846,60.71151150841919,0.0,1,5.329070518200751e-15,0.0,-0.405088635730523,-0.3184720649266981,-39.47018839677555,-63.70001399999998,9.600002218357915,-39.477051932879846,-60.71151150841919,0.0,1,3.375077994860476e-14,0.0,-0.5492251523968452,-0.7978747931637771,87.717386710769,63.70001399999999,9.599997125712498,87.70891303791853,60.00696726122774,0.0,1,-1.7763568394002505e-14,0.0,-0.5492251523968452,-0.7978747931637771,87.717386710769,-63.70001399999998,9.599997125712498,87.70891303791853,-60.00696726122774,0.0,1,-1.7763568394002505e-14
3.816666666666667,3816667,hold_deeper_stretch,-10.0,0.0,70.0,0.9945218953682733,0.0,0.10452846326765347,0.0,-10.0,0.0,70.0,29.477051932879846,6.343942200836729,0,feet,0.0,-0.405088635730523,-0.31847203193542484,-39.47018839677557,63.70001399999999,9.600002218357886,-39.477051932879846,60.71151150841919,0.0,1,5.329070518200751e-15,0.0,-0.405088635730523,-0.3184720649266981,-39.47018839677555,-63.70001399999998,9.600002218357915,-39.477051932879846,-60.71151150841919,0.0,1,3.375077994860476e-14,0.0,-0.5492251523968452,-0.7978747931637771,87.717386710769,63.70001399999999,9.599997125712498,87.70891303791853,60.00696726122774,0.0,1,-1.7763568394002505e-14,0.0,-0.5492251523968452,-0.7978747931637771,87.717386710769,-63.70001399999998,9.599997125712498,87.70891303791853,-60.00696726122774,0.0,1,-1.7763568394002505e-14
3.825,3825000,hold_deeper_stretch,-10.0,0.0,70.0,0.9945218953682733,0.0,0.10452846326765347,0.0,-10.0,0.0,70.0,29.477051932879846,6.343942200836729,0,feet,0.0,-0.405088635730523,-0.31847203193542484,-39.47018839677557,63.70001399999999,9.600002218357886,-39.477051932879846,60.71151150841919,0.0,1,5.329070518200751e-15,0.0,-0.405088635730523,-0.3184720649266981,-39.47018839677555,-63.70001399999998,9.600002218357915,-39.477051932879846,-60.71151150841919,0.0,1,3.375077994860476e-14,0.0,-0.5492251523968452,-0.7978747931637771,87.717386710769,63.70001399999999,9.599997125712498,87.70891303791853,60.00696726122774,0.0,1,-1.7763568394002505e-14,0.0,-0.5492251523968452,-0.7978747931637771,87.717386710769,-63.70001399999998,9.599997125712498,87.70891303791853,-60.00696726122774,0.0,1,-1.7763568394002505e-14
3.8333333333333335,3833333,hold_deeper_stretch,-10.0,0.0,70.0,0.9945218953682733,0.0,0.10452846326765347,0.0,-10.0,0.0,70.0,29.477051932879846,6.343942200836729,0,feet,0.0,-0.405088635730523,-0.31847203193542484,-39.47018839677557,63.70001399999999,9.600002218357886,-39.477051932879846,60.71151150841919,0.0,1,5.329070518200751e-15,0.0,-0.405088635730523,-0.3184720649266981,-39.47018839677555,-63.70001399999998,9.600002218357915,-39.477051932879846,-60.71151150841919,0.0,1,3.375077994860476e-14,0.0,-0.5492251523968452,-0.7978747931637771,87.717386710769,63.70001399999999,9.599997125712498,87.70891303791853,60.00696726122774,0.0,1,-1.7763568394002505e-14,0.0,-0.5492251523968452,-0.7978747931637771,87.717386710769,-63.70001399999998,9.599997125712498,87.70891303791853,-60.00696726122774,0.0,1,-1.7763568394002505e-14
3.841666666666667,3841667,hold_deeper_stretch,-10.0,0.0,70.0,0.9945218953682733,0.0,0.10452846326765347,0.0,-10.0,0.0,70.0,29.477051932879846,6.343942200836729,0,feet,0.0,-0.405088635730523,-0.31847203193542484,-39.47018839677557,63.70001399999999,9.600002218357886,-39.477051932879846,60.71151150841919,0.0,1,5.329070518200751e-15,0.0,-0.405088635730523,-0.3184720649266981,-39.47018839677555,-63.70001399999998,9.600002218357915,-39.477051932879846,-60.71151150841919,0.0,1,3.375077994860476e-14,0.0,-0.5492251523968452,-0.7978747931637771,87.717386710769,63.70001399999999,9.599997125712498,87.70891303791853,60.00696726122774,0.0,1,-1.7763568394002505e-14,0.0,-0.5492251523968452,-0.7978747931637771,87.717386710769,-63.70001399999998,9.599997125712498,87.70891303791853,-60.00696726122774,0.0,1,-1.7763568394002505e-14
3.85,3850000,hold_deeper_stretch,-10.0,0.0,70.0,0.9945218953682733,0.0,0.10452846326765347,0.0,-10.0,0.0,70.0,29.477051932879846,6.343942200836729,0,feet,0.0,-0.405088635730523,-0.31847203193542484,-39.47018839677557,63.70001399999999,9.600002218357886,-39.477051932879846,60.71151150841919,0.0,1,5.329070518200751e-15,0.0,-0.405088635730523,-0.3184720649266981,-39.47018839677555,-63.70001399999998,9.600002218357915,-39.477051932879846,-60.71151150841919,0.0,1,3.375077994860476e-14,0.0,-0.5492251523968452,-0.7978747931637771,87.717386710769,63.70001399999999,9.599997125712498,87.70891303791853,60.00696726122774,0.0,1,-1.7763568394002505e-14,0.0,-0.5492251523968452,-0.7978747931637771,87.717386710769,-63.70001399999998,9.599997125712498,87.70891303791853,-60.00696726122774,0.0,1,-1.7763568394002505e-14
3.8583333333333334,3858333,hold_deeper_stretch,-10.0,0.0,70.0,0.9945218953682733,0.0,0.10452846326765347,0.0,-10.0,0.0,70.0,29.477051932879846,6.343942200836729,0,feet,0.0,-0.405088635730523,-0.31847203193542484,-39.47018839677557,63.70001399999999,9.600002218357886,-39.477051932879846,60.71151150841919,0.0,1,5.329070518200751e-15,0.0,-0.405088635730523,-0.3184720649266981,-39.47018839677555,-63.70001399999998,9.600002218357915,-39.477051932879846,-60.71151150841919,0.0,1,3.375077994860476e-14,0.0,-0.5492251523968452,-0.7978747931637771,87.717386710769,63.70001399999999,9.599997125712498,87.70891303791853,60.00696726122774,0.0,1,-1.7763568394002505e-14,0.0,-0.5492251523968452,-0.7978747931637771,87.717386710769,-63.70001399999998,9.599997125712498,87.70891303791853,-60.00696726122774,0.0,1,-1.7763568394002505e-14
3.8666666666666667,3866667,hold_deeper_stretch,-10.0,0.0,70.0,0.9945218953682733,0.0,0.10452846326765347,0.0,-10.0,0.0,70.0,29.477051932879846,6.343942200836729,0,feet,0.0,-0.405088635730523,-0.31847203193542484,-39.47018839677557,63.70001399999999,9.600002218357886,-39.477051932879846,60.71151150841919,0.0,1,5.329070518200751e-15,0.0,-0.405088635730523,-0.3184720649266981,-39.47018839677555,-63.70001399999998,9.600002218357915,-39.477051932879846,-60.71151150841919,0.0,1,3.375077994860476e-14,0.0,-0.5492251523968452,-0.7978747931637771,87.717386710769,63.70001399999999,9.599997125712498,87.70891303791853,60.00696726122774,0.0,1,-1.7763568394002505e-14,0.0,-0.5492251523968452,-0.7978747931637771,87.717386710769,-63.70001399999998,9.599997125712498,87.70891303791853,-60.00696726122774,0.0,1,-1.7763568394002505e-14
3.875,3875000,hold_deeper_stretch,-10.0,0.0,70.0,0.9945218953682733,0.0,0.10452846326765347,0.0,-10.0,0.0,70.0,29.477051932879846,6.343942200836729,0,feet,0.0,-0.405088635730523,-0.31847203193542484,-39.47018839677557,63.70001399999999,9.600002218357886,-39.477051932879846,60.71151150841919,0.0,1,5.329070518200751e-15,0.0,-0.405088635730523,-0.3184720649266981,-39.47018839677555,-63.70001399999998,9.600002218357915,-39.477051932879846,-60.71151150841919,0.0,1,3.375077994860476e-14,0.0,-0.5492251523968452,-0.7978747931637771,87.717386710769,63.70001399999999,9.599997125712498,87.70891303791853,60.00696726122774,0.0,1,-1.7763568394002505e-14,0.0,-0.5492251523968452,-0.7978747931637771,87.717386710769,-63.70001399999998,9.599997125712498,87.70891303791853,-60.00696726122774,0.0,1,-1.7763568394002505e-14
3.8833333333333333,3883333,hold_deeper_stretch,-10.0,0.0,70.0,0.9945218953682733,0.0,0.10452846326765347,0.0,-10.0,0.0,70.0,29.477051932879846,6.343942200836729,0,feet,0.0,-0.405088635730523,-0.31847203193542484,-39.47018839677557,63.70001399999999,9.600002218357886,-39.477051932879846,60.71151150841919,0.0,1,5.329070518200751e-15,0.0,-0.405088635730523,-0.3184720649266981,-39.47018839677555,-63.70001399999998,9.600002218357915,-39.477051932879846,-60.71151150841919,0.0,1,3.375077994860476e-14,0.0,-0.5492251523968452,-0.7978747931637771,87.717386710769,63.70001399999999,9.599997125712498,87.70891303791853,60.00696726122774,0.0,1,-1.7763568394002505e-14,0.0,-0.5492251523968452,-0.7978747931637771,87.717386710769,-63.70001399999998,9.599997125712498,87.70891303791853,-60.00696726122774,0.0,1,-1.7763568394002505e-14
3.8916666666666666,3891667,hold_deeper_stretch,-10.0,0.0,70.0,0.9945218953682733,0.0,0.10452846326765347,0.0,-10.0,0.0,70.0,29.477051932879846,6.343942200836729,0,feet,0.0,-0.405088635730523,-0.31847203193542484,-39.47018839677557,63.70001399999999,9.600002218357886,-39.477051932879846,60.71151150841919,0.0,1,5.329070518200751e-15,0.0,-0.405088635730523,-0.3184720649266981,-39.47018839677555,-63.70001399999998,9.600002218357915,-39.477051932879846,-60.71151150841919,0.0,1,3.375077994860476e-14,0.0,-0.5492251523968452,-0.7978747931637771,87.717386710769,63.70001399999999,9.599997125712498,87.70891303791853,60.00696726122774,0.0,1,-1.7763568394002505e-14,0.0,-0.5492251523968452,-0.7978747931637771,87.717386710769,-63.70001399999998,9.599997125712498,87.70891303791853,-60.00696726122774,0.0,1,-1.7763568394002505e-14
3.9,3900000,hold_deeper_stretch,-10.0,0.0,70.0,0.9945218953682733,0.0,0.10452846326765347,0.0,-10.0,0.0,70.0,29.477051932879846,6.343942200836729,0,feet,0.0,-0.405088635730523,-0.31847203193542484,-39.47018839677557,63.70001399999999,9.600002218357886,-39.477051932879846,60.71151150841919,0.0,1,5.329070518200751e-15,0.0,-0.405088635730523,-0.3184720649266981,-39.47018839677555,-63.70001399999998,9.600002218357915,-39.477051932879846,-60.71151150841919,0.0,1,3.375077994860476e-14,0.0,-0.5492251523968452,-0.7978747931637771,87.717386710769,63.70001399999999,9.599997125712498,87.70891303791853,60.00696726122774,0.0,1,-1.7763568394002505e-14,0.0,-0.5492251523968452,-0.7978747931637771,87.717386710769,-63.70001399999998,9.599997125712498,87.70891303791853,-60.00696726122774,0.0,1,-1.7763568394002505e-14
3.908333333333333,3908333,soften_front_stretch,-10.0,0.0,70.00004514660493,0.9945219365501582,0.0,0.1045280714474494,0.0,-10.0,0.0,70.00004514660493,29.477051932879846,6.344057614075254,0,feet,0.0,-0.4050879906365128,-0.318471233731044,-39.47018946893389,63.70001399999999,9.600002219124391,-39.477051932879846,60.71151150841919,0.0,1,3.019806626980426e-14,0.0,-0.4050879906365128,-0.31847126672224446,-39.47018946893389,-63.70001399999998,9.600002219124391,-39.477051932879846,-60.71151150841919,0.0,1,3.019806626980426e-14,0.0,-0.5492227539088486,-0.7978725675421297,87.71731276216032,63.70001399999999,9.599997111271676,87.70882274470866,60.00696726122774,0.0,1,3.552713678800501e-14,0.0,-0.5492227539088486,-0.7978725675421297,87.71731276216032,-63.70001399999998,9.599997111271676,87.70882274470866,-60.00696726122774,0.0,1,3.552713678800501e-14
3.9166666666666665,3916667,soften_front_stretch,-10.0,0.0,70.00035209876543,0.9945222165420596,0.0,0.10452540745803651,0.0,-10.0,0.0,70.00035209876543,29.477051932879846,6.3448423107378105,0,feet,0.0,-0.40508360461411286,-0.3184658067185042,-39.47019675851297,63.70001399999999,9.600002224332506,-39.477051932879846,60.71151150841919,0.0,1,3.019806626980426e-14,0.0,-0.40508360461411286,-0.31846583970920905,-39.470196758512955,-63.70001399999998,9.600002224332535,-39.477051932879846,-60.71151150841919,0.0,1,5.861977570020827e-14,0.0,-0.5492064467151878,-0.7978574353947834,87.71680998540604,63.70001399999999,9.599997012349803,87.70820884038767,60.00696726122774,0.0,1,3.197442310920451e-14,0.0,-0.5492064467151878,-0.7978574353947834,87.71680998540604,-63.70001399999998,9.599997012349803,87.70820884038767,-60.00696726122774,0.0,1,3.197442310920451e-14
3.925,3925000,soften_front_stretch,-10.0,0.0,70.001158125,0.9945229517393297,0.0,0.10451841207983845,0.0,-10.0,0.0,70.001158125,29.477051932879846,6.346902855823728,0,feet,0.0,-0.405072087162321,-0.3184515558002774,-39.470215899944215,63.70001399999999,9.600002237981926,-39.477051932879846,60.71151150841919,0.0,1,1.0658141036401503e-14,0.0,-0.405072087162321,-0.31845158878968016,-39.47021589994425,-63.70001399999998,9.600002237981904,-39.477051932879846,-60.71151150841919,0.0,1,-1.0658141036401503e-14,0.0,-0.5491636268470503,-0.7978176988127319,87.71548974700497,63.70001399999999,9.599996746462935,87.70659678791853,60.00696726122774,0.0,1,3.552713678800501e-15,0.0,-0.5491636268470503,-0.7978176988127319,87.71548974700497,-63.70001399999998,9.599996746462935,87.70659678791853,-60.00696726122774,0.0,1,3.552713678800501e-15
3.933333333333333,3933333,soften_front_stretch,-10.0,0.0,70.00267456790124,0.9945243347925532,0.0,0.10450525109021776,0.0,-10.0,0.0,70.00267456790124,29.477051932879846,6.350779561513804,0,feet,0.0,-0.4050504177042167,-0.3184247439293322,-39.47025191115099,63.70001399999999,9.600002263557457,-39.477051932879846,60.71151150841919,0.0,1,-1.4210854715202004e-14,0.0,-0.4050504177042167,-0.3184247769162858,-39.47025191115098,-63.70001399999998,9.600002263557478,-39.477051932879846,-60.71151150841919,0.0,1,7.105427357601002e-15,0.0,-0.5490830711310566,-0.79774293502174,87.71300589047036,63.70001399999999,9.599996222169864,87.70356390211606,60.00696726122774,0.0,1,-2.3092638912203256e-14,0.0,-0.5490830711310566,-0.79774293502174,87.71300589047036,-63.70001399999998,9.599996222169864,87.70356390211606,-60.00696726122774,0.0,1,-2.3092638912203256e-14
3.941666666666667,3941667,soften_front_stretch,-10.0,0.0,70.00508777006172,0.9945265353649948,0.0,0.10448430721835598,0.0,-10.0,0.0,70.00508777006172,29.477051932879846,6.356948876529287,0,feet,0.0,-0.40501593187513585,-0.3183820754403781,-39.47030921479935,63.70001399999999,9.600002303976673,-39.477051932879846,60.71151150841919,0.0,1,2.3092638912203256e-14,0.0,-0.40501593187513585,-0.31838210842343395,-39.47030921479935,-63.70001399999998,9.600002303976673,-39.477051932879846,-60.71151150841919,0.0,1,2.3092638912203256e-14,0.0,-0.5489548911321789,-0.7976239480449538,87.70905322991628,63.70001399999999,9.599995323045256,87.69873749779508,60.00696726122774,0.0,1,-1.0658141036401503e-14,0.0,-0.5489548911321789,-0.7976239480449538,87.70905322991628,-63.70001399999998,9.599995323045256,87.69873749779508,-60.00696726122774,0.0,1,-1.0658141036401503e-14
3.95,3950000,soften_front_stretch,-10.0,0.0,70.00856,0.9945297008793196,0.0,0.10445417209901726,0.0,-10.0,0.0,70.00856,29.477051932879846,6.365825778229237,0,feet,0.0,-0.40496630775165254,-0.31832067934428476,-39.470391659458194,63.70001399999999,9.600002361528972,-39.477051932879846,60.71151150841919,0.0,1,-8.881784197001252e-15,0.0,-0.40496630775165254,-0.3183207123217322,-39.47039165945816,-63.70001399999998,9.600002361528993,-39.477051932879846,-60.71151150841919,0.0,1,1.2434497875801753e-14,0.0,-0.5487704874836288,-0.797452720034237,87.70336604487659,63.70001399999999,9.599993889702688,87.69179303791853,60.00696726122774,0.0,1,-6.039613253960852e-14,0.0,-0.5487704874836288,-0.797452720034237,87.70336604487659,-63.70001399999998,9.599993889702688,87.69179303791853,-60.00696726122774,0.0,1,-6.039613253960852e-14
3.9583333333333335,3958333,soften_front_stretch,-10.0,0.0,70.01323037808642,0.9945339572645748,0.0,0.10441363822635806,0.0,-10.0,0.0,70.01323037808642,29.477051932879846,6.3777661646272605,0,feet,0.0,-0.4048995520820662,-0.31823809262313496,-39.47050254076041,63.70001399999999,9.600002437815661,-39.477051932879846,60.71151150841919,0.0,1,-1.5987211554602254e-14,0.0,-0.4048995520820662,-0.3182381255930373,-39.47050254076041,-63.70001399999998,9.600002437815661,-39.477051932879846,-60.71151150841919,0.0,1,-1.5987211554602254e-14,0.0,-0.5485225042099482,-0.7972223626092836,87.69571657504397,63.70001399999999,9.59999170183719,87.6824522817457,60.00696726122774,0.0,1,-2.842170943040401e-14,0.0,-0.5485225042099482,-0.7972223626092836,87.69571657504397,-63.70001399999998,9.59999170183719,87.6824522817457,-60.00696726122774,0.0,1,-2.842170943040401e-14
3.966666666666667,3966667,soften_front_stretch,-10.0,0.0,70.01921580246913,0.9945394097121915,0.0,0.1043616909087127,0.0,-10.0,0.0,70.01921580246913,29.477051932879846,6.393069244078433,0,feet,0.0,-0.4048139865668361,-0.31813224355571235,-39.47064462263985,63.70001399999999,9.600002533696575,-39.477051932879846,60.71151150841919,0.0,1,5.861977570020827e-14,0.0,-0.4048139865668361,-0.3181322765159438,-39.47064462263985,-63.70001399999998,9.600002533696575,-39.477051932879846,-60.71151150841919,0.0,1,5.861977570020827e-14,0.0,-0.5482047827296106,-0.7969270684748717,87.68591351387515,63.70001399999999,9.599988461852462,87.67048143298027,60.00696726122774,0.0,1,4.973799150320701e-14,0.0,-0.5482047827296106,-0.7969270684748717,87.68591351387515,-63.70001399999998,9.599988461852462,87.67048143298027,-60.00696726122774,0.0,1,4.973799150320701e-14
3.975,3975000,soften_front_stretch,-10.0,0.0,70.026611875,0.9945461434477542,0.0,0.10429750022507335,0.0,-10.0,0.0,70.026611875,29.477051932879846,6.411979920901707,0,feet,0.0,-0.4047082342262467,-0.31800143509639067,-39.47082015870022,63.70001399999999,9.600002649249348,-39.477051932879846,60.71151150841919,0.0,1,-1.0658141036401503e-14,0.0,-0.4047082342262467,-0.31800146804467033,-39.47082015870022,-63.70001399999998,9.600002649249348,-39.477051932879846,-60.71151150841919,0.0,1,-1.0658141036401503e-14,0.0,-0.547812311290699,-0.7965620700012477,87.6738004294893,63.70001399999999,9.599984248585642,87.6908921357957,60.14788790282789,0.0,1,-4.973799150320701e-14,0.0,-0.547812311290699,-0.7965620700012477,87.6738004294893,-63.70001399999998,9.599984248585642,87.6908921357957,-60.14788790282789,0.0,1,-4.973799150320701e-14
3.9833333333333334,3983333,soften_front_stretch,-10.0,0.0,70.0354938271605,0.9945542245234739,0.0,0.10422041298378906,0.0,-10.0,0.0,70.0354938271605,29.477051932879846,6.4346911756703165,0,feet,0.0,-0.4045812058825904,-0.31784432832421716,-39.471030913757694,63.70001399999999,9.600002783746127,-39.477051932879846,60.71151150841919,0.0,1,3.019806626980426e-14,0.0,-0.4045812058825904,-0.31784436125814075,-39.471030913757694,-63.70001399999998,9.600002783746127,-39.477051932879846,-60.71151150841919,0.0,1,3.019806626980426e-14,0.0,-0.5473410932771952,-0.7961237297208008,87.65925278273066,63.70001399999999,9.599989436006616,87.67312823147472,60.14788790282789,0.0,1,-7.105427357601002e-14,0.0,-0.5473410932771952,-0.7961237297208008,87.65925278273066,-63.70001399999998,9.599989436006616,87.67312823147472,-60.14788790282789,0.0,1,-7.105427357601002e-14
3.9916666666666667,3991667,soften_front_stretch,-10.0,0.0,70.04591744598766,0.994563700634676,0.0,0.10412994468383478,0.0,-10.0,0.0,70.04591744598766,29.477051932879846,6.461346439319527,0,feet,0.0,-0.4044320867751887,-0.3176599259734316,-39.471278185585334,63.70001399999999,9.600002935647822,-39.477051932879846,60.71151150841919,0.0,1,2.842170943040401e-14,0.0,-0.4044320867751887,-0.31765995889050336,-39.471278185585334,-63.70001399999998,9.600002935647822,-39.477051932879846,-60.71151150841919,0.0,1,2.842170943040401e-14,0.0,-0.5467883586956344,-0.7956090702378251,87.64218095131014,63.70001399999999,9.599994150449248,87.6522809938204,60.14788790282789,0.0,1,3.197442310920451e-14,0.0,-0.5467883586956344,-0.7956090702378251,87.64218095131014,-63.70001399999998,9.599994150449248,87.6522809938204,-60.14788790282789,0.0,1,3.197442310920451e-14
4.0,4000000,soften_front_stretch,-10.0,0.0,70.05792,0.9945746019621811,0.0,0.10402577147884627,0.0,-10.0,0.0,70.05792,29.477051932879846,6.492041960592701,0,feet,0.0,-0.40426032331858286,-0.31744755605191166,-39.47156282687528,63.70001399999999,9.600003102620292,-39.477051932879846,60.71151150841919,0.0,1,-7.105427357601002e-15,0.0,-0.40426032331858286,-0.3174475889495736,-39.47156282687526,-63.70001399999998,9.60000310262032,-39.477051932879846,-60.71151150841919,0.0,1,2.1316282072803006e-14,0.0,-0.5461522645272527,-0.7950161372436808,87.62252432802283,63.70001399999999,9.599997740577905,87.6282758857957,60.14788790282789,0.0,1,-8.881784197001252e-15,0.0,-0.5461522645272527,-0.7950161372436808,87.62252432802283,-63.70001399999998,9.599997740577905,87.6282758857957,-60.14788790282789,0.0,1,-8.881784197001252e-15
4.008333333333334,4008333,soften_front_stretch,-10.0,0.0,70.07152116512346,0.9945869420411921,0.0,0.10390772214397857,0.0,-10.0,0.0,70.07152116512346,29.477051932879846,6.52682916667289,0,feet,0.0,-0.4040656100073008,-0.31720685554970807,-39.47188526742342,63.70001399999999,9.600003281570906,-39.477051932879846,60.71151150841919,0.0,1,0.0,0.0,-0.4040656100073008,-0.31720688842536715,-39.47188526742342,-63.70001399999998,9.600003281570935,-39.477051932879846,-60.71151150841919,0.0,1,2.842170943040401e-14,0.0,-0.5454319242145931,-0.7943438249133359,87.60025119306265,63.70001399999999,9.599999428293671,87.6010735555488,60.14788790282789,0.0,1,5.3290705182007514e-14,0.0,-0.5454319242145931,-0.7943438249133359,87.60025119306265,-63.70001399999998,9.599999428293671,87.6010735555488,-60.14788790282789,0.0,1,5.3290705182007514e-14
4.016666666666667,4016667,soften_front_stretch,-10.0,0.0,70.08672395061728,0.9946007186562144,0.0,0.103775770045526,0.0,-10.0,0.0,70.08672395061728,29.477051932879846,6.565717017131021,0,feet,0.0,-0.4038478764644866,-0.31693775423620885,-39.4722455365343,63.70001399999999,9.60000346870553,-39.477051932879846,60.71151150841919,0.0,1,-1.7763568394002505e-15,0.0,-0.4038478764644866,-0.31693778708726583,-39.4722455365343,-63.70001399999998,9.60000346870553,-39.477051932879846,-60.71151150841919,0.0,1,-1.7763568394002505e-15,0.0,-0.5446273566919699,-0.793591831824398,87.57535719048732,63.70001399999999,9.599998318274132,87.57066798456114,60.14788790282789,0.0,1,2.842170943040401e-14,0.0,-0.5446273566919699,-0.793591831824398,87.57535719048732,-63.70001399999998,9.599998318274132,87.57066798456114,-60.14788790282789,0.0,1,2.842170943040401e-14
4.025,4025000,soften_front_stretch,-10.0,0.0,70.103515625,0.9946159147605925,0.0,0.10363002511313896,0.0,-10.0,0.0,70.103515625,29.477051932879846,6.608674351564034,0,feet,0.0,-0.4036072746265562,-0.3166404585413476,-39.472643285633296,63.70001399999999,9.600003659605221,-39.477051932879846,60.71151150841919,0.0,1,3.552713678800501e-15,0.0,-0.4036072746265562,-0.3166404913652192,-39.47264328563329,-63.70001399999998,9.60000365960525,-39.477051932879846,-60.71151150841919,0.0,1,3.197442310920451e-14,0.0,-0.5437394345324527,-0.7927606176355004,87.54786380175418,63.70001399999999,9.599993411929916,87.53708463579571,60.14788790282789,0.0,1,-6.927791673660977e-14,0.0,-0.5437394345324527,-0.7927606176355004,87.54786380175418,-63.70001399999998,9.599993411929916,87.53708463579571,-60.14788790282789,0.0,1,-6.927791673660977e-14
4.033333333333333,4033333,soften_front_stretch,-10.0,0.0,70.12186864197531,0.9946324994184756,0.0,0.10347072581438677,0.0,-10.0,0.0,70.12186864197531,29.477051932879846,6.655632231499197,0,feet,0.0,-0.4033441660516659,-0.3163154355136206,-39.47307781106971,63.70001399999999,9.600003849320082,-39.477051932879846,60.71151150841919,0.0,1,2.3092638912203256e-14,0.0,-0.4033441660516659,-0.3163154683077667,-39.47307781106971,-63.70001399999998,9.600003849320082,-39.477051932879846,-60.71151150841919,0.0,1,2.3092638912203256e-14,0.0,-0.5427698312873881,-0.7918513604566013,87.51781681663726,63.70001399999999,9.599983625412342,87.50037860184509,60.14788790282789,0.0,1,1.2256862191861728e-13,0.0,-0.5427698312873881,-0.7918513604566013,87.51781681663726,-63.70001399999998,9.599983625412342,87.50037860184509,-60.14788790282789,0.0,1,1.2256862191861728e-13
4.041666666666667,4041667,soften_front_stretch,-10.0,0.0,70.14174156635802,0.9946504287663757,0.0,0.10329823113134602,0.0,-10.0,0.0,70.14174156635802,29.477051932879846,6.706486277306851,0,feet,0.0,-0.40305910933627276,-0.31596339684557107,-39.47354807708609,63.70001399999999,9.600004032478239,-39.477051932879846,60.71151150841919,0.0,1,-1.0658141036401503e-14,0.0,-0.40305910933627276,-0.31596342960751356,-39.47354807708609,-63.70001399999998,9.600004032478239,-39.477051932879846,-60.71151150841919,0.0,1,-1.0658141036401503e-14,0.0,-0.541720755329619,-0.7908662587320041,87.48528113113028,63.70001399999999,9.59999256020182,87.49937455990508,60.29318209508154,0.0,1,-1.7763568394002505e-15,0.0,-0.541720755329619,-0.7908662587320041,87.48528113113028,-63.70001399999998,9.59999256020182,87.49937455990508,-60.293182095081534,0.0,1,-1.7763568394002505e-15
4.05,4050000,soften_front_stretch,-10.0,0.0,70.16308,0.9946696469909821,0.0,0.10311301253883973,0.0,-10.0,0.0,70.16308,29.477051932879846,6.7610990009933545,0,feet,0.0,-0.4027528476212403,-0.3155852829556469,-39.47405273892794,63.70001399999999,9.600004203407423,-39.477051932879846,60.71151150841919,0.0,1,2.3092638912203256e-14,0.0,-0.4027528476212403,-0.31558531568299264,-39.47405273892794,-63.70001399999998,9.600004203407423,-39.477051932879846,-60.71151150841919,0.0,1,2.3092638912203256e-14,0.0,-0.5405954776797279,-0.7898075490189829,87.450349283527,63.70001399999999,9.600000806164928,87.45669769262113,60.29318209508154,0.0,1,1.5987211554602254e-14,0.0,-0.5405954776797279,-0.7898075490189829,87.450349283527,-63.70001399999998,9.600000806164928,87.45669769262113,-60.293182095081534,0.0,1,1.5987211554602254e-14
4.058333333333334,4058333,soften_front_stretch,-10.0,0.0,70.18581750771605,0.9946900873195198,0.0,0.10291564598391327,0.0,-10.0,0.0,70.18581750771605,29.477051932879846,6.819302135842889,0,feet,0.0,-0.40242629616689296,-0.3151822471140817,-39.47459016606203,63.70001399999999,9.600004356265089,-39.477051932879846,60.71151150841919,0.0,1,2.4868995751603507e-14,0.0,-0.40242629616689296,-0.31518227980454183,-39.47459016606203,-63.70001399999998,9.600004356265089,-39.477051932879846,-60.71151150841919,0.0,1,2.4868995751603507e-14,0.0,-0.5393977904748595,-0.788678252804834,87.41313146096732,63.70001399999999,9.600002715479249,87.41122267718903,60.29318209508154,0.0,1,-2.4868995751603507e-14,0.0,-0.5393977904748595,-0.788678252804834,87.41313146096732,-63.70001399999998,9.600002715479249,87.41122267718903,-60.293182095081534,0.0,1,-2.4868995751603507e-14
4.066666666666666,4066667,soften_front_stretch,-10.0,0.0,70.20987654320987,0.9947116730186737,0.0,0.10270680386610793,0.0,-10.0,0.0,70.20987654320987,29.477051932879846,6.880898963941213,0,feet,0.0,-0.402080529974969,-0.3147556395995186,-39.475158465470855,63.70001399999999,9.600004485175248,-39.477051932879846,60.71151150841919,0.0,1,-1.9539925233402755e-14,0.0,-0.402080529974969,-0.3147556722509255,-39.475158465470834,-63.70001399999998,9.600004485175269,-39.477051932879846,-60.71151150841919,0.0,1,1.7763568394002505e-15,0.0,-0.5381319969193807,-0.7874820628350001,87.37375476110456,63.70001399999999,9.600001171754442,87.36962160026083,60.29863901998888,0.0,1,3.907985046680551e-14,0.0,-0.5381319969193807,-0.7874820628350001,87.37375476110456,-63.70001399999998,9.600001171754442,87.36962160026083,-60.29863901998888,0.0,1,3.907985046680551e-14
4.075,4075000,soften_front_stretch,-10.0,0.0,70.235169375,0.9947343183979604,0.0,0.10248724701808026,0.0,-10.0,0.0,70.235169375,29.477051932879846,6.9456666426508065,0,feet,0.0,-0.4017167714346277,-0.31430699187254385,-39.475755504989,63.70001399999999,9.600004584367646,-39.477051932879846,60.71151150841919,0.0,1,5.3290705182007514e-14,0.0,-0.4017167714346277,-0.3143070244828685,-39.475755504989024,-63.70001399999998,9.600004584367625,-39.477051932879846,-60.71151150841919,0.0,1,3.197442310920451e-14,0.0,-0.5368029841745185,-0.7862230965319377,87.33236385939539,63.70001399999999,9.599992809746269,87.31903593668058,60.29863901998888,0.0,1,-2.842170943040401e-14,0.0,-0.5368029841745185,-0.7862230965319377,87.33236385939539,-63.70001399999998,9.599992809746269,87.31903593668058,-60.29863901998888,0.0,1,-2.842170943040401e-14
4.083333333333333,4083333,soften_front_stretch,-10.0,0.0,70.26159901234568,0.9947579298133736,0.0,0.10225781668611596,0.0,-10.0,0.0,70.26159901234568,29.477051932879846,7.013358531114491,0,feet,0.0,-0.4013363779694177,-0.3138380007520625,-39.4763789366473,63.70001399999999,9.600004648315569,-39.477051932879846,60.71151150841919,0.0,1,1.7763568394002505e-14,0.0,-0.4013363779694177,-0.31383803331942994,-39.47637893664731,-63.70001399999998,9.60000464831554,-39.477051932879846,-60.71151150841919,0.0,1,-8.881784197001252e-15,0.0,-0.5354160811117366,-0.7849059954880158,87.28911796997566,63.70001399999999,9.59997813149731,87.27027302322838,60.30112620289984,0.0,1,6.750155989720952e-14,0.0,-0.5354160811117366,-0.7849059954880158,87.28911796997566,-63.70001399999998,9.59997813149731,87.27027302322838,-60.30112620289984,0.0,1,6.750155989720952e-14
4.091666666666667,4091667,soften_front_stretch,-10.0,0.0,70.28906013117285,0.9947824066671821,0.0,0.10201942651009735,0.0,-10.0,0.0,70.28906013117285,29.477051932879846,7.083706517848803,0,feet,0.0,-0.40094082966240707,-0.3133505125805649,-39.47702621998836,63.70001399999999,9.600004671870899,-39.477051932879846,60.71151150841919,0.0,1,7.105427357601002e-15,0.0,-0.40094082966240707,-0.313350545103269,-39.47702621998832,-63.70001399999998,9.600004671870948,-39.477051932879846,-60.71151150841919,0.0,1,5.684341886080802e-14,0.0,-0.5339769178134794,-0.7835360205298376,87.24418786136376,63.70001399999999,9.599971287599033,87.26700000709522,60.91776820488418,0.0,1,1.0658141036401503e-14,0.0,-0.5339769178134794,-0.7835360205298376,87.24418786136376,-63.70001399999998,9.599971287599033,87.26700000709522,-60.91776820488418,0.0,1,1.0658141036401503e-14
4.1,4100000,soften_front_stretch,-10.0,0.0,70.31744,0.9948076423998914,0.0,0.10177305450250443,0.0,-10.0,0.0,70.31744,29.477051932879846,7.156423350449202,0,feet,0.0,-0.40053171683742983,-0.31284650736463293,-39.47769464532205,63.70001399999999,9.600004650390801,-39.477051932879846,60.71151150841919,0.0,1,8.881784197001252e-15,0.0,-0.40053171683742983,-0.3128465398411442,-39.477694645322075,-63.70001399999998,9.600004650390773,-39.477051932879846,-60.71151150841919,0.0,1,-1.9539925233402755e-14,0.0,-0.53249145321218,-0.7821188809901458,87.19775579334384,63.70001399999999,9.599990747244547,87.21185481602038,60.517480576825555,0.0,1,8.881784197001252e-14,0.0,-0.53249145321218,-0.7821188809901458,87.19775579334384,-63.70001399999998,9.599990747244547,87.21185481602038,-60.51748057682556,0.0,1,8.881784197001252e-14
4.108333333333333,4108333,soften_front_stretch,-10.0,0.0,70.3466194058642,0.9948335254705878,0.0,0.10151973502605917,0.0,-10.0,0.0,70.3466194058642,29.477051932879846,7.231204968369838,0,feet,0.0,-0.40011072757559596,-0.31232808287770686,-39.47838135688715,63.70001399999999,9.600004579854975,-39.477051932879846,60.71151150841919,0.0,1,3.019806626980426e-14,0.0,-0.40011072757559596,-0.31232811530669036,-39.478381356887155,-63.70001399999998,9.600004579854946,-39.477051932879846,-60.71151150841919,0.0,1,1.7763568394002505e-15,0.0,-0.530966433780617,-0.7806598725405416,87.15002257879883,63.70001399999999,9.600000472132066,87.15349600429198,60.517480576825555,0.0,1,4.973799150320701e-14,0.0,-0.530966433780617,-0.7806598725405416,87.15002257879883,-63.70001399999998,9.600000472132066,87.15349600429198,-60.51748057682556,0.0,1,4.973799150320701e-14
4.116666666666666,4116667,soften_front_stretch,-10.0,0.0,70.37647358024691,0.9948599403221668,0.0,0.1012605507696588,0.0,-10.0,0.0,70.37647358024691,29.477051932879846,7.307732839663444,0,feet,0.0,-0.39967963514779736,-0.3117974387129556,-39.47908337588968,63.70001399999999,9.600004456969991,-39.477051932879846,60.71151150841919,0.0,1,1.4210854715202004e-14,0.0,-0.39967963514779736,-0.3117974710932736,-39.4790833758897,-63.70001399999998,9.60000445696997,-39.477051932879846,-60.71151150841919,0.0,1,-5.329070518200751e-15,0.0,-0.5294085706463321,-0.7791650652461941,87.10119301332918,63.70001399999999,9.599998244286127,87.09378765552655,60.517480576825555,0.0,1,6.750155989720952e-14,0.0,-0.5294085706463321,-0.7791650652461941,87.10119301332918,-63.70001399999998,9.599998244286127,87.09378765552655,-60.51748057682556,0.0,1,6.750155989720952e-14
4.125,4125000,soften_front_stretch,-10.0,0.0,70.406873125,0.9948867683282884,0.0,0.100996624722288,0.0,-10.0,0.0,70.406873125,29.477051932879846,7.385676302474465,0,feet,0.0,-0.3992402853458481,-0.31125686027517085,-39.4797976233904,63.70001399999999,9.600004279258847,-39.477051932879846,60.71151150841919,0.0,1,2.4868995751603507e-14,0.0,-0.3992402853458481,-0.3112568926058965,-39.4797976233904,-63.70001399999998,9.600004279258847,-39.477051932879846,-60.71151150841919,0.0,1,2.4868995751603507e-14,0.0,-0.5278246905352235,-0.777640933068521,87.0514778432863,63.70001399999999,9.599992101715607,87.0628338476451,62.384296145958395,0.0,1,7.460698725481052e-14,0.0,-0.5278246905352235,-0.777640933068521,87.0514778432863,-63.70001399999998,9.599992101715607,87.0628338476451,-62.38429614595839,0.0,1,7.460698725481052e-14
4.133333333333334,4133333,soften_front_stretch,-10.0,0.0,70.4376849382716,0.9949138887192958,0.0,0.1007291121446467,0.0,-10.0,0.0,70.4376849382716,29.477051932879846,7.464694911972103,0,feet,0.0,-0.39879458369711696,-0.31070870270185,-39.48052094301715,63.70001399999999,9.60000404513314,-39.477051932879846,60.71151150841919,0.0,1,-5.329070518200751e-15,0.0,-0.39879458369711696,-0.3107087349822719,-39.48052094301715,-63.70001399999998,9.60000404513314,-39.477051932879846,-60.71151150841919,0.0,1,-5.329070518200751e-15,0.0,-0.5262214904121478,-0.776094616684706,87.00108908455641,63.70001399999999,9.600022223954781,87.02832478769088,62.45001575237097,0.0,1,4.618527782440651e-14,0.0,-0.5262214904121478,-0.776094616684706,87.00108908455641,-63.70001399999998,9.600022223954781,87.02832478769088,-62.45001575237097,0.0,1,4.618527782440651e-14
4.141666666666667,4141667,soften_front_stretch,-10.0,0.0,70.4687731404321,0.9949411794847755,0.0,0.10045919253828325,0.0,-10.0,0.0,70.4687731404321,29.477051932879846,7.544440793293852,0,feet,0.0,-0.39834448254995936,-0.3101553747050616,-39.481250123481104,63.70001399999999,9.60000375394722,-39.477051932879846,60.71151150841919,0.0,1,4.973799150320701e-14,0.0,-0.39834448254995936,-0.31015540693468635,-39.481250123481104,-63.70001399999998,9.60000375394722,-39.477051932879846,-60.71151150841919,0.0,1,4.973799150320701e-14,0.0,-0.5246064853219807,-0.7745322987707581,86.95025516662145,63.70001399999999,9.600047702465432,86.96614838336988,62.45001575237097,0.0,1,2.1316282072803006e-14,0.0,-0.5246064853219807,-0.7745322987707581,86.95025516662145,-63.70001399999998,9.600047702465432,86.96614838336988,-62.45001575237097,0.0,1,2.1316282072803006e-14
4.15,4150000,soften_front_stretch,-10.0,0.0,70.5,0.9949685182509117,0.0,0.10018806161207629,0.0,-10.0,0.0,70.5,29.477051932879846,7.624561000943842,0,feet,0.0,-0.3978919680198989,-0.3095993223272324,-39.48198192088029,63.70001399999999,9.600003406031817,-39.477051932879846,60.71151150841919,0.0,1,5.329070518200751e-15,0.0,-0.3978919680198989,-0.30959935450579223,-39.48198192088029,-63.70001399999998,9.600003406031817,-39.477051932879846,-60.71151150841919,0.0,1,5.329070518200751e-15,0.0,-0.5229869596780787,-0.7729607392234481,86.89920264379217,63.70001399999999,9.600059807402417,86.90369466423408,62.45001575237097,0.0,1,4.973799150320701e-14,0.0,-0.5229869596780787,-0.7729607392234481,86.89920264379217,-63.70001399999998,9.600059807402417,86.90369466423408,-62.45001575237097,0.0,1,4.973799150320701e-14
4.158333333333333,4158333,soften_front_stretch,-10.0,0.0,70.5312268595679,0.9949957831312954,0.0,0.09991692324596525,0.0,-10.0,0.0,70.5312268595679,29.477051932879846,7.704699884959794,0,feet,0.0,-0.3974390467893407,-0.30904301260570843,-39.482713080776726,63.70001399999999,9.600003002708334,-39.477051932879846,60.71151150841919,0.0,1,2.4868995751603507e-14,0.0,-0.3974390467893407,-0.3090430447331629,-39.482713080776705,-63.70001399999998,9.600003002708362,-39.477051932879846,-60.71151150841919,0.0,1,5.3290705182007514e-14,0.0,-0.5213701252763272,-0.7713869006476597,86.84815820811016,63.70001399999999,9.600058366250806,86.84124094509828,62.45001575237097,0.0,1,-1.7763568394002505e-14,0.0,-0.5213701252763272,-0.7713869006476597,86.84815820811016,-63.70001399999998,9.600058366250806,86.84124094509828,-62.45001575237097,0.0,1,-1.7763568394002505e-14
4.166666666666667,4166667,soften_front_stretch,-10.0,0.0,70.5623150617284,0.9950228535503732,0.0,0.09964698145188582,0.0,-10.0,0.0,70.5623150617284,29.477051932879846,7.784501464025595,0,feet,0.0,-0.3969877327564908,-0.3084889171426779,-39.48344036003974,63.70001399999999,9.60000254628104,-39.477051932879846,60.71151150841919,0.0,1,-3.552713678800501e-15,0.0,-0.3969877327564908,-0.30848894921921133,-39.48344036003975,-63.70001399999998,9.60000254628104,-39.477051932879846,-60.71151150841919,0.0,1,-3.552713678800501e-15,0.0,-0.5197631461573256,-0.7698177860702815,86.79734840817743,63.70001399999999,9.600043446992458,86.77906454077728,62.45001575237097,0.0,1,-5.329070518200751e-15,0.0,-0.5197631461573256,-0.7698177860702815,86.79734840817743,-63.70001399999998,9.600043446992458,86.77906454077728,-62.45001575237097,0.0,1,-5.329070518200751e-15
4.175,4175000,soften_front_stretch,-10.0,0.0,70.593126875,0.9950496110392612,0.0,0.09937943233192259,0.0,-10.0,0.0,70.593126875,29.477051932879846,7.863611805569853,0,feet,0.0,-0.39654003353212275,-0.30793949557892164,-39.48416054845099,63.70001399999999,9.600002040009628,-39.477051932879846,60.71151150841919,0.0,1,1.2434497875801753e-14,0.0,-0.39654003353212275,-0.3079395276049466,-39.48416054845099,-63.70001399999998,9.600002040009628,-39.477051932879846,-60.71151150841919,0.0,1,1.2434497875801753e-14,0.0,-0.5181730910101514,-0.7682603919025479,86.74699813927838,63.70001399999999,9.60001535698759,86.71744091423407,62.45001575237097,0.0,1,-7.105427357601002e-15,0.0,-0.5181730910101514,-0.7682603919025479,86.74699813927838,-63.70001399999998,9.60001535698759,86.71744091423407,-62.45001575237097,0.0,1,-7.105427357601002e-15
4.183333333333334,4183333,soften_front_stretch,-10.0,0.0,70.62352641975309,0.9950759400041901,0.0,0.09911545603374602,0.0,-10.0,0.0,70.62352641975309,29.477051932879846,7.941681412753034,0,feet,0.0,-0.3960979367858659,-0.30739717897171737,-39.484870490071984,63.70001399999999,9.600001488060691,-39.477051932879846,60.71151150841919,0.0,1,-1.7763568394002505e-15,0.0,-0.3960979367858659,-0.3073972109478702,-39.484870490071984,-63.70001399999998,9.600001488060691,-39.477051932879846,-60.71151150841919,0.0,1,-1.7763568394002505e-15,0.0,-0.5166068865788565,-0.7667216600584097,86.6973291363923,63.70001399999999,9.599974636769545,86.6566418247279,62.45001575237097,0.0,1,-5.3290705182007514e-14,0.0,-0.5166068865788565,-0.7667216600584097,86.6973291363923,-63.70001399999998,9.599974636769545,86.6566418247279,-62.45001575237097,0.0,1,-5.3290705182007514e-14
4.191666666666666,4191667,soften_front_stretch,-10.0,0.0,70.6533805941358,0.995101728468391,0.0,0.0988562087034533,0.0,-10.0,0.0,70.6533805941358,29.477051932879846,8.018367618110801,0,feet,0.0,-0.3956633964465963,-0.30686435307914595,-39.485567104379626,63.70001399999999,9.600000895440495,-39.477051932879846,60.71151150841919,0.0,1,-5.329070518200751e-15,0.0,-0.3956633964465963,-0.306864385006282,-39.485567104379626,-63.70001399999998,9.600000895440495,-39.477051932879846,-60.71151150841919,0.0,1,-5.329070518200751e-15,0.0,-0.5150710234948472,-0.765208813586129,86.64855440093534,63.70001399999999,9.599949492808875,86.67979161072653,61.523391460046824,0.0,1,-6.039613253960852e-14,0.0,-0.5150710234948472,-0.765208813586129,86.64855440093534,-63.70001399999998,9.599949492808875,86.67979161072653,-61.523391460046824,0.0,1,-6.039613253960852e-14
4.2,4200000,soften_front_stretch,-10.0,0.0,70.68256,0.9951268687887507,0.0,0.09860281443598184,0.0,-10.0,0.0,70.68256,29.477051932879846,8.093336983491099,0,feet,0.0,-0.39523831876443616,-0.3063433415548964,-39.486247407180514,63.70001399999999,9.600000267909174,-39.477051932879846,60.71151150841919,0.0,1,-1.2434497875801753e-14,0.0,-0.39523831876443616,-0.30634337343408724,-39.486247407180514,-63.70001399999998,9.600000267909174,-39.477051932879846,-60.71151150841919,0.0,1,-1.2434497875801753e-14,0.0,-0.5135716705433682,-0.7637290639509509,86.6008794475571,63.70001399999999,9.599978311824572,86.62143279899813,61.523391460046824,0.0,1,-2.4868995751603507e-14,0.0,-0.5135716705433682,-0.7637290639509509,86.6008794475571,-63.70001399999998,9.599978311824572,86.62143279899813,-61.523391460046824,0.0,1,-2.4868995751603507e-14
4.208333333333333,4208333,soften_front_stretch,-10.0,0.0,70.71093986882715,0.9951512583490816,0.0,0.09835635722331075,0.0,-10.0,0.0,70.71093986882715,29.477051932879846,8.166267705797395,0,feet,0.0,-0.394824548244626,-0.3058363890595506,-39.48690853131725,63.70001399999999,9.599999611878722,-39.477051932879846,60.71151150841919,0.0,1,1.5987211554602254e-14,0.0,-0.394824548244626,-0.3058364208920752,-39.48690853131723,-63.70001399999998,9.599999611878715,-39.477051932879846,-60.71151150841919,0.0,1,8.881784197001252e-15,0.0,-0.5121156653678964,-0.7622879518402645,86.55451743652849,63.70001399999999,9.599994942240492,86.56467306134381,61.523391460046824,0.0,1,1.7763568394002505e-14,0.0,-0.5121156653678964,-0.7622879518402645,86.55451743652849,-63.70001399999998,9.599994942240492,86.56467306134381,-61.523391460046824,0.0,1,1.7763568394002505e-14
4.216666666666667,4216667,soften_front_stretch,-10.0,0.0,70.73840098765432,0.9951748002323214,0.0,0.09811787290070638,0.0,-10.0,0.0,70.73840098765432,29.48805773940368,8.236852027935143,0,feet,0.0,-0.39442384855467383,-0.30534564893811345,-39.487547784652136,63.70001399999999,9.599999195871831,-39.48805773940367,66.27374638689588,0.0,1,1.4210854715202004e-14,0.0,-0.3944238485546725,-0.3053456807254493,-39.48754778465219,-63.70001399999998,9.599999195871838,-39.488057739403686,-66.27374638689588,0.0,1,2.1316282072803006e-14,0.0,-0.5107089234605287,-0.7608917011189442,86.50966248876874,63.70001399999999,9.600000313539347,86.50975082368949,61.523391460046824,0.0,1,2.842170943040401e-14,0.0,-0.5107089234605287,-0.7608917011189442,86.50966248876874,-63.70001399999998,9.600000313539347,86.50975082368949,-61.523391460046824,0.0,1,2.842170943040401e-14
4.225,4225000,soften_front_stretch,-10.0,0.0,70.764830625,0.9951974038744233,0.0,0.09788834109130562,0.0,-10.0,0.0,70.764830625,29.48805773940368,8.304798654252394,0,feet,0.0,-0.39403789465586003,-0.3048731601326966,-39.48816262156307,63.70001399999999,9.599999208843336,-39.48805773940367,66.27374638689588,0.0,1,-2.4868995751603507e-14,0.0,-0.39403789465586003,-0.3048731918765104,-39.48816262156307,-63.70001399999998,9.599999208843336,-39.488057739403686,-66.27374638689588,0.0,1,-2.4868995751603507e-14,0.0,-0.509356998757676,-0.7595462307330836,86.4664980610021,63.70001399999999,9.599995507430549,86.45689154899813,61.523391460046824,0.0,1,7.993605777301127e-14,0.0,-0.509356998757676,-0.7595462307330836,86.4664980610021,-63.70001399999998,9.599995507430549,86.45689154899813,-61.523391460046824,0.0,1,7.993605777301127e-14
4.233333333333333,4233333,soften_front_stretch,-10.0,0.0,70.79012345679013,0.9952189857030932,0.0,0.09766867714936213,0.0,-10.0,0.0,70.79012345679013,29.48805773940368,8.369835169670928,0,feet,0.0,-0.39366826924847187,-0.3044208198723761,-39.48875058057668,63.70001399999999,9.599999184414806,-39.48805773940367,66.27374638689588,0.0,1,2.3092638912203256e-14,0.0,-0.393668269248471,-0.30442085157451215,-39.488750580576735,-63.70001399999998,9.59999918441477,-39.488057739403686,-66.27374638689588,0.0,1,-1.4210854715202004e-14,0.0,-0.5080649132586816,-0.7582573000285806,86.42519338211952,63.70001399999999,9.599995775457835,86.43800841213994,59.933412290480405,0.0,1,5.5067062021407764e-14,0.0,-0.5080649132586816,-0.7582573000285806,86.42519338211952,-63.70001399999998,9.599995775457835,86.43800841213994,-59.933412290480405,0.0,1,5.5067062021407764e-14
4.241666666666666,4241667,soften_front_stretch,-10.0,0.0,70.81418249228395,0.9952394697648719,0.0,0.09745972410250607,0.0,-10.0,0.0,70.81418249228395,29.48805773940368,8.431710461624718,0,feet,0.0,-0.39331642718033066,-0.30399038654525423,-39.48930946598996,63.70001399999999,9.599999127811124,-39.48805773940367,66.27374638689588,0.0,1,2.1316282072803006e-14,0.0,-0.39331642718033066,-0.3039904182077202,-39.48930946598996,-63.70001399999998,9.599999127811124,-39.488057739403686,-66.27374638689588,0.0,1,2.1316282072803006e-14,0.0,-0.5068373627321012,-0.7570300777790222,86.38590596581813,63.70001399999999,9.600003502007482,86.38989034115228,59.933412290480405,0.0,1,5.861977570020827e-14,0.0,-0.5068373627321012,-0.7570300777790222,86.38590596581813,-63.70001399999998,9.600003502007482,86.38989034115228,-59.933412290480405,0.0,1,5.861977570020827e-14
4.25,4250000,soften_front_stretch,-10.0,0.0,70.83692,0.9952587883443461,0.0,0.09726224459338838,0.0,-10.0,0.0,70.83692,29.48805773940368,8.49019714385706,0,feet,0.0,-0.39298368982572107,-0.3035834541784719,-39.48983730040138,63.70001399999999,9.599999044476817,-39.48805773940367,66.27374638689588,0.0,1,-1.2434497875801753e-14,0.0,-0.3929836898257202,-0.3035834858034234,-39.489837300401405,-63.70001399999998,9.599999044476853,-39.488057739403686,-66.27374638689588,0.0,1,2.3092638912203256e-14,0.0,-0.505678203660838,-0.7558698112006623,86.34877251447134,63.70001399999999,9.600059566594538,86.41607128751902,62.45001576525732,0.0,1,-7.815970093361102e-14,0.0,-0.505678203660838,-0.7558698112006623,86.34877251447134,-63.70001399999998,9.600059566594538,86.41607128751902,-62.45001576525732,0.0,1,-7.815970093361102e-14
4.258333333333334,4258333,soften_front_stretch,-10.0,0.0,70.85825843364198,0.9952768825794789,0.0,0.0970769128210934,0.0,-10.0,0.0,70.85825843364198,29.48805773940368,8.5450939810803,0,feet,0.0,-0.3926712305944404,-0.30320143526260956,-39.4903323447081,63.70001399999999,9.599998939946019,-39.48805773940367,66.27374638689588,0.0,1,3.019806626980426e-14,0.0,-0.3926712305944404,-0.3032014668523346,-39.4903323447081,-63.70001399999998,9.599998939946019,-39.488057739403686,-66.27374638689588,0.0,1,3.019806626980426e-14,0.0,-0.504591625482468,-0.7547799187466935,86.31392686266685,63.70001399999999,9.600111271053855,86.37339442023507,62.45001576525732,0.0,1,-7.105427357601002e-15,0.0,-0.504591625482468,-0.7547799187466935,86.31392686266685,-63.70001399999998,9.600111271053855,86.37339442023507,-62.45001576525732,0.0,1,-7.105427357601002e-15
4.266666666666667,4266667,soften_front_stretch,-10.0,0.0,70.87813135802469,0.9952937030771897,0.0,0.09690430648270976,0.0,-10.0,0.0,70.87813135802469,29.48805773940368,8.596228313473901,0,feet,0.0,-0.3923800604428327,-0.3028455435748998,-39.49079311809949,63.70001399999999,9.5999988197133,-39.48805773940367,66.27374638689588,0.0,1,-1.7763568394002505e-15,0.0,-0.3923800604428327,-0.30284557513179955,-39.49079311809949,-63.70001399999998,9.5999988197133,-39.488057739403686,-66.27374638689588,0.0,1,-1.7763568394002505e-15,0.0,-0.5035808124530341,-0.7537639227782029,86.28147764048576,63.70001399999999,9.600153696737337,86.33364857146964,62.45001576525732,0.0,1,4.085620730620576e-14,0.0,-0.5035808124530341,-0.7537639227782029,86.28147764048576,-63.70001399999998,9.600153696737337,86.33364857146964,-62.45001576525732,0.0,1,4.085620730620576e-14
4.275,4275000,soften_front_stretch,-10.0,0.0,70.896484375,0.9953092105333586,0.0,0.09674489871544853,0.0,-10.0,0.0,70.896484375,29.48805773940368,8.643458479988396,0,feet,0.0,-0.39211101340962085,-0.3025167770162791,-39.491218418085005,63.70001399999999,9.599998689109484,-39.48805773940367,66.27374638689588,0.0,1,8.881784197001252e-15,0.0,-0.3921110134096204,-0.30251680854284935,-39.49121841808502,-63.70001399999998,9.599998689109484,-39.488057739403686,-66.27374638689588,0.0,1,8.881784197001252e-15,0.0,-0.5026482846052289,-0.7528248119423462,86.25151295310074,63.70001399999999,9.600187964820186,86.29694253751902,62.45001576525732,0.0,1,1.2434497875801753e-14,0.0,-0.5026482846052289,-0.7528248119423462,86.25151295310074,-63.70001399999998,9.600187964820186,86.29694253751902,-62.45001576525732,0.0,1,1.2434497875801753e-14
4.283333333333333,4283333,soften_front_stretch,-10.0,0.0,70.91327604938272,0.9953233763613863,0.0,0.09659905003968812,0.0,-10.0,0.0,70.91327604938272,29.48805773940368,8.686676239438349,0,feet,0.0,-0.391864732199136,-0.3022159004772109,-39.491607340593205,63.70001399999999,9.599998553183475,-39.48805773940367,66.27374638689588,0.0,1,1.7763568394002505e-15,0.0,-0.39186473219913553,-0.3022159319760189,-39.49160734059324,-63.70001399999998,9.599998553183454,-39.488057739403686,-66.27374638689588,0.0,1,-1.9539925233402755e-14,0.0,-0.5017959116965844,-0.751964904377389,86.22409977140533,63.70001399999999,9.600215180149249,86.26335918875358,62.45001576525732,0.0,1,3.552713678800501e-15,0.0,-0.5017959116965844,-0.751964904377389,86.22409977140533,-63.70001399999998,9.600215180149249,86.26335918875358,-62.45001576525732,0.0,1,3.552713678800501e-15
4.291666666666667,4291667,soften_front_stretch,-10.0,0.0,70.92847883487654,0.9953361833332904,0.0,0.09646700030330765,0.0,-10.0,0.0,70.92847883487654,29.48805773940368,8.725809188406643,0,feet,0.0,-0.3916416538336853,-0.30194342874673463,-39.491959300177456,63.70001399999999,9.59999841659453,-39.48805773940367,66.27374638689588,0.0,1,3.019806626980426e-14,0.0,-0.3916416538336849,-0.3019434602203961,-39.49195930017749,-63.70001399999998,9.599998416594502,-39.488057739403686,-66.27374638689588,0.0,1,1.7763568394002505e-15,0.0,-0.5010248713971892,-0.7511857959707506,86.19928243413295,63.70001399999999,9.600236406381491,86.23295361776593,62.45001576525732,0.0,1,6.927791673660977e-14,0.0,-0.5010248713971892,-0.7511857959707506,86.19928243413295,-63.70001399999998,9.600236406381491,86.23295361776593,-62.45001576525732,0.0,1,6.927791673660977e-14
4.3,4300000,soften_front_stretch,-10.0,0.0,70.94208,0.9953476262370624,0.0,0.09634886062764375,0.0,-10.0,0.0,70.94208,29.48805773940368,8.760823175048913,0,feet,0.0,-0.3914419953953616,-0.30169960947831065,-39.492274050362695,63.70001399999999,9.599998283516278,-39.48805773940367,66.27374638689588,0.0,1,1.0658141036401503e-14,0.0,-0.3914419953953612,-0.3016996409294661,-39.49227405036274,-63.70001399999998,9.599998283516257,-39.488057739403686,-66.27374638689588,0.0,1,-1.0658141036401503e-14,0.0,-0.5003356068847076,-0.75048830911672,86.17708114817883,63.70001399999999,9.600252644078111,86.20575128751902,62.45001576525732,0.0,1,0.0,0.0,-0.5003356068847076,-0.75048830911672,86.17708114817883,-63.70001399999998,9.600252644078111,86.20575128751902,-62.45001576525732,0.0,1,0.0
4.308333333333334,4308333,soften_front_stretch,-10.0,0.0,70.95408255401234,0.9953577125536273,0.0,0.0962446053553689,0.0,-10.0,0.0,70.95408255401234,29.48805773940368,8.79172470798126,0,feet,0.0,-0.3912657398755397,-0.3014844062247173,-39.49255170416302,63.70001399999999,9.599998157555802,-39.48805773940367,66.27374638689588,0.0,1,3.552713678800501e-14,0.0,-0.3912657398755397,-0.30148443765600597,-39.492551704163056,-63.70001399999998,9.599998157555746,-39.488057739403686,-66.27374638689588,0.0,1,-2.1316282072803006e-14,0.0,-0.4997277837204397,-0.7498724420777565,86.15749048684573,63.70001399999999,9.600264812409847,86.18174617949433,62.45001576525732,0.0,1,1.0480505352461478e-13,0.0,-0.4997277837204397,-0.7498724420777565,86.15749048684573,-63.70001399999998,9.600264812409847,86.18174617949433,-62.45001576525732,0.0,1,1.0480505352461478e-13
4.316666666666666,4316667,soften_front_stretch,-10.0,0.0,70.9645061728395,0.9953664631562487,0.0,0.09615406400054197,0.0,-10.0,0.0,70.9645061728395,29.48805773940368,8.818563359559725,0,feet,0.0,-0.39111262214753184,-0.30129748155241476,-39.492792754796454,63.70001399999999,9.599998041688472,-39.48805773940367,66.27374638689588,0.0,1,-5.329070518200751e-15,0.0,-0.3911126221475314,-0.30129751296644525,-39.49279275479648,-63.70001399999998,9.599998041688451,-39.488057739403686,-66.27374638689588,0.0,1,-2.6645352591003757e-14,0.0,-0.4992002458989191,-0.7493373190376484,86.1404778857796,63.70001399999999,9.600273735028964,86.16089894184,62.45001576525732,0.0,1,-4.973799150320701e-14,0.0,-0.4992002458989191,-0.7493373190376484,86.1404778857796,-63.70001399999998,9.600273735028964,86.16089894184,-62.45001576525732,0.0,1,-4.973799150320701e-14
4.325,4325000,soften_front_stretch,-10.0,0.0,70.973388125,0.9953739130345758,0.0,0.09607691320102231,0.0,-10.0,0.0,70.973388125,29.48805773940368,8.841434163017865,0,feet,0.0,-0.3909821150743653,-0.30113818024350936,-39.4929980966169,63.70001399999999,9.59999793821148,-39.48805773940367,66.27374638689588,0.0,1,3.552713678800501e-14,0.0,-0.3909821150743644,-0.30113821164283117,-39.492998096616944,-63.70001399999998,9.599997938211487,-39.488057739403686,-66.27374638689588,0.0,1,4.263256414560601e-14,0.0,-0.4987509709875413,-0.7488811409150715,86.12598213642414,63.70001399999999,9.600280130548441,86.14313503751902,62.45001576525732,0.0,1,3.375077994860476e-14,0.0,-0.4987509709875413,-0.7488811409150715,86.12598213642414,-63.70001399999998,9.600280130548441,86.14313503751902,-62.45001576525732,0.0,1,3.375077994860476e-14
4.333333333333333,4333333,soften_front_stretch,-10.0,0.0,70.98078419753087,0.9953801120447495,0.0,0.0960126686733676,0.0,-10.0,0.0,70.98078419753087,29.48805773940368,8.860480003121381,0,feet,0.0,-0.3908734157593834,-0.3010055125905913,-39.49316904627628,63.70001399999999,9.59999784871517,-39.48805773940367,66.27374638689588,0.0,1,2.3092638912203256e-14,0.0,-0.39087341575938295,-0.30100554397766066,-39.49316904627631,-63.70001399999998,9.599997848715148,-39.488057739403686,-66.27374638689588,0.0,1,1.7763568394002505e-15,0.0,-0.4983770243020418,-0.7485011369817136,86.11391187688912,63.70001399999999,9.600284607906666,86.12834289245728,62.45001576525732,0.0,1,7.460698725481052e-14,0.0,-0.4983770243020418,-0.7485011369817136,86.11391187688912,-63.70001399999998,9.600284607906666,86.12834289245728,-62.45001576525732,0.0,1,7.460698725481052e-14
4.341666666666667,4341667,soften_front_stretch,-10.0,0.0,70.98676962191358,0.9953851256860468,0.0,0.09596067717024925,0.0,-10.0,0.0,70.98676962191358,29.48805773940368,8.875894000229053,0,feet,0.0,-0.39078543194223236,-0.3008981377863442,-39.49330736412179,63.70001399999999,9.599997774074396,-39.48805773940367,66.27374638689588,0.0,1,-1.9539925233402755e-14,0.0,-0.3907854319422319,-0.3008981691634971,-39.493307364121804,-63.70001399999998,9.599997774074396,-39.488057739403686,-66.27374638689588,0.0,1,-1.9539925233402755e-14,0.0,-0.4980745120986927,-0.7481935173002343,86.10414408021431,63.70001399999999,9.60028766672788,86.11637204369185,62.45001576525732,0.0,1,-1.5987211554602254e-14,0.0,-0.4980745120986927,-0.7481935173002343,86.10414408021431,-63.70001399999998,9.60028766672788,86.11637204369185,-62.45001576525732,0.0,1,-1.5987211554602254e-14
4.35,4350000,soften_front_stretch,-10.0,0.0,70.99144,0.9953890359034487,0.0,0.09592010844032012,0.0,-10.0,0.0,70.99144,29.48805773940368,8.88792188791814,0,feet,0.0,-0.39071676853684556,-0.30081434740585244,-39.49341527582301,63.70001399999999,9.599997714457892,-39.48805773940367,66.27374638689588,0.0,1,-7.105427357601002e-15,0.0,-0.390716768536846,-0.3008143787752662,-39.49341527582298,-63.70001399999998,9.599997714457885,-39.488057739403686,-66.27374638689588,0.0,1,-1.4210854715202004e-14,0.0,-0.4978385338051332,-0.7479534259633294,86.09652254010824,63.70001399999999,9.600289702568666,86.10703128751902,62.45001576525732,0.0,1,-2.1316282072803006e-14,0.0,-0.4978385338051332,-0.7479534259633294,86.09652254010824,-63.70001399999998,9.600289702568666,86.10703128751902,-62.45001576525732,0.0,1,-2.1316282072803006e-14
4.358333333333333,4358333,soften_front_stretch,-10.0,0.0,70.99491222993827,0.9953919419142551,0.0,0.09588994719035113,0.0,-10.0,0.0,70.99491222993827,29.48805773940368,8.896864384644417,0,feet,0.0,-0.3906657143011074,-0.30075204897495933,-39.4934954942126,63.70001399999999,9.59999766935477,-39.48805773940367,66.27374638689588,0.0,1,5.3290705182007514e-14,0.0,-0.3906657143011074,-0.30075208033861855,-39.493495494212624,-63.70001399999998,9.599997669354742,-39.488057739403686,-66.27374638689588,0.0,1,2.3092638912203256e-14,0.0,-0.49766313335886236,-0.7477748950760454,86.09085635435606,63.70001399999999,9.600291016702599,86.10008682764247,62.45001576525732,0.0,1,-4.263256414560601e-14,0.0,-0.49766313335886236,-0.7477748950760454,86.09085635435606,-63.70001399999998,9.600291016702599,86.10008682764247,-62.45001576525732,0.0,1,-4.263256414560601e-14
4.366666666666666,4366667,soften_front_stretch,-10.0,0.0,70.99732543209876,0.9953939610554271,0.0,0.09586898504932115,0.0,-10.0,0.0,70.99732543209876,29.48805773940368,8.903079560261915,0,feet,0.0,-0.3906302286200187,-0.3007087496128782,-39.49355124131116,63.70001399999999,9.5999976376159,-39.48805773940367,66.27374638689588,0.0,1,3.552713678800501e-14,0.0,-0.3906302286200183,-0.30070878097253795,-39.4935512413112,-63.70001399999998,9.599997637615878,-39.488057739403686,-66.27374638689588,0.0,1,1.4210854715202004e-14,0.0,-0.4975412497760776,-0.7476507993789738,86.08691840622747,63.70001399999999,9.60029182982315,86.09526042332148,62.45001576525732,0.0,1,-1.0658141036401503e-14,0.0,-0.4975412497760776,-0.7476507993789738,86.08691840622747,-63.70001399999998,9.60029182982315,86.09526042332148,-62.45001576525732,0.0,1,-1.0658141036401503e-14
4.375,4375000,soften_front_stretch,-10.0,0.0,70.998841875,0.995395229646721,0.0,0.09585581253399018,0.0,-10.0,0.0,70.998841875,29.48805773940368,8.906985198630572,0,feet,0.0,-0.39060792837530034,-0.30068153973141376,-39.493586270492344,63.70001399999999,9.599997617506844,-39.48805773940367,66.27374638689588,0.0,1,-1.5987211554602254e-14,0.0,-0.39060792837530034,-0.30068157108856086,-39.49358627049233,-63.70001399999998,9.599997617506837,-39.488057739403686,-66.27374638689588,0.0,1,-2.3092638912203256e-14,0.0,-0.49746466713380366,-0.7475728113597264,86.08444384437084,63.70001399999999,9.600292298734509,86.09222753751901,62.45001576525732,0.0,1,8.348877145181177e-14,0.0,-0.49746466713380366,-0.7475728113597264,86.08444384437084,-63.70001399999998,9.600292298734509,86.09222753751901,-62.45001576525732,0.0,1,8.348877145181177e-14
4.383333333333334,4383333,soften_front_stretch,-10.0,0.0,70.99964790123457,0.9953959038628553,0.0,0.09584881101531466,0.0,-10.0,0.0,70.99964790123457,29.48805773940368,8.909061157990322,0,feet,0.0,-0.3905960748644275,-0.30066707676668525,-39.493604888728484,63.70001399999999,9.599997606766784,-39.48805773940367,66.27374638689588,0.0,1,1.0658141036401503e-14,0.0,-0.3905960748644275,-0.30066710812249653,-39.493604888728484,-63.70001399999998,9.599997606766784,-39.488057739403686,-66.27374638689588,0.0,1,1.0658141036401503e-14,0.0,-0.49742396421545987,-0.7475313566439996,86.08312856185772,63.70001399999999,9.600292534761572,86.09061548504987,62.45001576525732,0.0,1,-4.618527782440651e-14,0.0,-0.49742396421545987,-0.7475313566439996,86.08312856185772,-63.70001399999998,9.600292534761572,86.09061548504987,-62.45001576525732,0.0,1,-4.618527782440651e-14
4.391666666666667,4391667,soften_front_stretch,-10.0,0.0,70.99995485339507,0.9953961606059404,0.0,0.09584614468486904,0.0,-10.0,0.0,70.99995485339507,29.48805773940368,8.909851731283545,0,feet,0.0,-0.390591560721016,-0.30066156891206974,-39.49361197884012,63.70001399999999,9.59999760266728,-39.48805773940367,66.27374638689588,0.0,1,-7.105427357601002e-15,0.0,-0.39059156072101553,-0.30066160026737165,-39.49361197884013,-63.70001399999998,9.599997602667308,-39.488057739403686,-66.27374638689588,0.0,1,2.1316282072803006e-14,0.0,-0.4974084641444314,-0.7475155693953357,86.08262767524855,63.70001399999999,9.600292622234818,86.09000158072888,62.45001576525732,0.0,1,-1.0658141036401503e-14,0.0,-0.4974084641444314,-0.7475155693953357,86.08262767524855,-63.70001399999998,9.600292622234818,86.09000158072888,-62.45001576525732,0.0,1,-1.0658141036401503e-14
4.4,4400000,soften_front_stretch,-10.0,0.0,71.0,0.9953961983671789,0.0,0.09584575252022398,0.0,-10.0,0.0,71.0,29.48805773940368,8.909968009162895,0,feet,0.0,-0.39059089677630476,-0.3006607588132173,-39.493613021650305,63.70001399999999,9.599997602063873,-39.48805773940367,66.27374638689588,0.0,1,-2.3092638912203256e-14,0.0,-0.39059089677630476,-0.30066079016844505,-39.49361302165028,-63.70001399999998,9.599997602063901,-39.488057739403686,-66.27374638689588,0.0,1,7.105427357601002e-15,0.0,-0.49740618441210094,-0.7475132473840378,86.08255400477485,63.70001399999999,9.600292634988222,86.089911287519,62.45001576525732,0.0,1,-3.552713678800501e-15,0.0,-0.49740618441210094,-0.7475132473840378,86.08255400477485,-63.70001399999998,9.600292634988222,86.089911287519,-62.45001576525732,0.0,1,-3.552713678800501e-15
4.408333333333333,4408333,withdraw_front_reach,-9.999942850597977,0.0,71.000028574701,0.9953962509475178,0.0,0.09584520645095458,0.0,-9.999942850597977,0.0,71.000028574701,29.488114888805704,8.910095630595833,0,feet,0.0,-0.3905882305255073,-0.3006598120712787,-39.49361593307517,63.70001399999999,9.599997600378686,-39.48805773940367,66.27374638689588,0.0,1,0.0,0.0,-0.3905882305255064,-0.3006598434264185,-39.4936159330752,-63.70001399999998,9.599997600378693,-39.488057739403686,-66.27374638689588,0.0,1,7.105427357601002e-15,0.0,-0.4974020243141313,-0.7475103758936483,86.08247622843267,63.70001399999999,9.600292649818847,86.08981413353557,62.45001576525732,0.0,1,-7.638334409421077e-14,0.0,-0.4974020243141313,-0.7475103758936483,86.08247622843267,-63.70001399999998,9.600292649818847,86.08981413353557,-62.45001576525732,0.0,1,-7.638334409421077e-14
4.416666666666667,4416667,withdraw_front_reach,-9.999548533950609,0.0,71.00022573302469,0.9953966137306037,0.0,0.09584143870814638,0.0,-9.999548533950609,0.0,71.00022573302469,29.48850920545307,8.910976188750539,0,feet,0.0,-0.3905698340433439,-0.3006532797124213,-39.49363602069079,63.70001399999999,9.59999758872737,-39.48805773940367,66.27374638689588,0.0,1,0.0,0.0,-0.39056983404334433,-0.30065331106695714,-39.4936360206908,-63.70001399999998,9.59999758872734,-39.488057739403686,-66.27374638689588,0.0,1,-2.6645352591003757e-14,0.0,-0.4973733209122235,-0.7474905630319189,86.08193959266902,63.70001399999999,9.600292751082385,86.08914379523505,62.45001576525732,0.0,1,5.684341886080802e-14,0.0,-0.4973733209122235,-0.7474905630319189,86.08193959266902,-63.70001399999998,9.600292751082385,86.08914379523505,-62.45001576525732,0.0,1,5.684341886080802e-14
4.425,4425000,withdraw_front_reach,-9.998495507812494,0.0,71.00075224609375,0.9953975824761866,0.0,0.09583137691050503,0.0,-9.998495507812494,0.0,71.00075224609375,29.489562231591187,8.913327744628035,0,feet,0.0,-0.390520705941253,-0.3006358343461306,-39.49368966064165,63.70001399999999,9.59999755740889,-39.48805773940367,66.27374638689588,0.0,1,5.329070518200751e-15,0.0,-0.39052070594125254,-0.3006358656990553,-39.49368966064168,-63.70001399999998,9.599997557408898,-39.488057739403686,-66.27374638689588,0.0,1,1.2434497875801753e-14,0.0,-0.49729667026211377,-0.7474376500998892,86.08050651605897,63.70001399999999,9.600293012391035,86.08735365080025,62.45001576525732,0.0,1,-1.2434497875801753e-14,0.0,-0.49729667026211377,-0.7474376500998892,86.08050651605897,-63.70001399999998,9.600293012391035,86.08735365080025,-62.45001576525732,0.0,1,-1.2434497875801753e-14
4.433333333333334,4433333,withdraw_front_reach,-9.996479012345684,0.0,71.00176049382716,0.9953994372944922,0.0,0.09581210901451016,0.0,-9.996479012345684,0.0,71.00176049382716,29.491578727057995,8.917830934220731,0,feet,0.0,-0.3904266274041648,-0.3006024246778205,-39.49379236153783,63.70001399999999,9.599997496609205,-39.48805773940367,66.27374638689588,0.0,1,3.375077994860476e-14,0.0,-0.3904266274041648,-0.3006024560276588,-39.49379236153784,-63.70001399999998,9.599997496609177,-39.488057739403686,-66.27374638689588,0.0,1,5.329070518200751e-15,0.0,-0.49714989616911076,-0.7473363141438099,86.07776229869467,63.70001399999999,9.600293475755294,86.08392560850668,62.45001576525732,0.0,1,-5.5067062021407764e-14,0.0,-0.49714989616911076,-0.7473363141438099,86.07776229869467,-63.70001399999998,9.600293475755294,86.08392560850668,-62.45001576525732,0.0,1,-5.5067062021407764e-14
4.441666666666666,4441667,withdraw_front_reach,-9.993210780767743,0.0,71.00339460961612,0.995402442695982,0.0,0.09578088052879978,0.0,-9.993210780767743,0.0,71.00339460961612,29.494846958635936,8.925129668663729,0,feet,0.0,-0.39027414828264817,-0.3005482687219816,-39.49395876616664,63.70001399999999,9.599997395764035,-39.48805773940367,66.27374638689588,0.0,1,-1.4210854715202004e-14,0.0,-0.39027414828264817,-0.3005483000668181,-39.493958766166635,-63.70001399999998,9.599997395764063,-39.488057739403686,-66.27374638689588,0.0,1,1.4210854715202004e-14,0.0,-0.49691203545053053,-0.7471720456515145,86.07331477171158,63.70001399999999,9.600294123389055,86.07836961482417,62.45001576525732,0.0,1,-6.217248937900877e-14,0.0,-0.49691203545053053,-0.7471720456515145,86.07331477171158,-63.70001399999998,9.600294123389055,86.07836961482417,-62.45001576525732,0.0,1,-6.217248937900877e-14
4.45,4450000,withdraw_front_reach,-9.98841874999999,0.0,71.005790625,0.9954068475818368,0.0,0.09573509172288795,0.0,-9.98841874999999,0.0,71.005790625,29.49963898940369,8.935831849147291,0,feet,0.0,-0.3900505730722714,-0.30046884646800454,-39.494202649632,63.70001399999999,9.599997242753304,-39.48805773940367,66.27374638689588,0.0,1,-3.375077994860476e-14,0.0,-0.39005057307227053,-0.3004688778055038,-39.49420264963202,-63.70001399999998,9.59999724275334,-39.488057739403686,-66.27374638689588,0.0,1,3.552713678800501e-15,0.0,-0.49656332493509314,-0.7469311241218382,86.06679395857974,63.70001399999999,9.600294841700432,86.07022316251899,62.45001576525732,0.0,1,5.3290705182007514e-14,0.0,-0.49656332493509314,-0.7469311241218382,86.06679395857974,-63.70001399999998,9.600294841700432,86.07022316251899,-62.45001576525732,0.0,1,5.3290705182007514e-14
4.458333333333333,4458333,withdraw_front_reach,-9.981846771315585,0.0,71.0090766143422,0.9954128851896814,0.0,0.09567229483165017,0.0,-9.981846771315585,0.0,71.0090766143422,29.506210968088094,8.950510092938174,0,feet,0.0,-0.389743946806409,-0.3003598921306305,-39.49453691478999,63.70001399999999,9.599997022972445,-39.48805773940367,66.27374638689588,0.0,1,7.105427357601002e-15,0.0,-0.389743946806409,-0.30035992345806317,-39.494536914790004,-63.70001399999998,9.599997022972424,-39.488057739403686,-66.27374638689588,0.0,1,-1.5987211554602254e-14,0.0,-0.49608518978070215,-0.74660059202734,86.05785174513711,63.70001399999999,9.600295379272922,86.0590507987555,62.45001576525732,0.0,1,3.552713678800501e-15,0.0,-0.49608518978070215,-0.74660059202734,86.05785174513711,-63.70001399999998,9.600295379272922,86.0590507987555,-62.45001576525732,0.0,1,3.552713678800501e-15
4.466666666666667,4466667,withdraw_front_reach,-9.973254320987655,0.0,71.01337283950618,0.9954207730078105,0.0,0.09559019125691161,0.0,-9.973254320987655,0.0,71.01337283950618,29.514803418416022,8.969702467159692,0,feet,0.0,-0.38934304088593663,-0.3002173861047184,-39.49497358577092,63.70001399999999,9.599996718325592,-39.48805773940367,66.27374638689588,0.0,1,-1.4210854715202004e-14,0.0,-0.38934304088593574,-0.3002174174189842,-39.49497358577095,-63.70001399999998,9.599996718325599,-39.488057739403686,-66.27374638689588,0.0,1,-7.105427357601002e-15,0.0,-0.495460232731197,-0.7461682276451578,86.0461615555462,63.70001399999999,9.600295300445765,86.04444363319801,62.45001576525732,0.0,1,-1.4210854715202004e-14,0.0,-0.495460232731197,-0.7461682276451578,86.0461615555462,-63.70001399999998,9.600295300445765,86.04444363319801,-62.45001576525732,0.0,1,-1.4210854715202004e-14
4.475,4475000,withdraw_front_reach,-9.962416210937509,0.0,71.01879189453125,0.995430712669969,0.0,0.09548662876737087,0.0,-9.962416210937509,0.0,71.01879189453125,29.54478108533736,8.993913227269744,0,feet,0.0,-0.3888373236113898,-0.30003756120447855,-39.49552391678341,63.70001399999999,9.599997119562204,-39.50719729627487,59.93459691168532,0.0,1,1.2434497875801753e-14,0.0,-0.3888373236113898,-0.3000375925021279,-39.49552391678344,-63.70001399999998,9.599997119562175,-39.50719729627487,-59.93459691168532,0.0,1,-1.5987211554602254e-14,0.0,-0.4946722239701007,-0.745622517187273,86.03141803155556,63.70001399999999,9.600293935907139,86.02601884611276,62.45001576525732,0.0,1,1.4210854715202004e-14,0.0,-0.4946722239701007,-0.745622517187273,86.03141803155556,-63.70001399999998,9.600293935907139,86.02601884611276,-62.45001576525732,0.0,1,1.4210854715202004e-14
4.483333333333333,4483333,withdraw_front_reach,-9.949122299382724,0.0,71.02543885030863,0.9954428898415811,0.0,0.0953595986979909,0.0,-9.949122299382724,0.0,71.02543885030863,29.558074996892145,9.023613557455576,0,feet,0.0,-0.3882169817679233,-0.2998168603555236,-39.49619811040721,63.70001399999999,9.599997915692576,-39.50719729627487,59.93459691168532,0.0,1,2.1316282072803006e-14,0.0,-0.3882169817679233,-0.29981689163277636,-39.49619811040721,-63.70001399999998,9.599997915692576,-39.50719729627487,-59.93459691168532,0.0,1,2.1316282072803006e-14,0.0,-0.4937060912648974,-0.744952626619817,86.01333671263862,63.70001399999999,9.600290331541572,86.00341919646964,62.45001576525732,0.0,1,-5.1514348342607263e-14,0.0,-0.4937060912648974,-0.744952626619817,86.01333671263862,-63.70001399999998,9.600290331541572,86.00341919646964,-62.45001576525732,0.0,1,-5.1514348342607263e-14
4.491666666666666,4491667,withdraw_front_reach,-9.933177201485332,0.0,71.03341139925733,0.9954574741072274,0.0,0.0952072331498966,0.0,-9.933177201485332,0.0,71.03341139925733,29.574020094789535,9.059242310430655,0,feet,0.0,-0.38747288548174197,-0.2995519480921245,-39.49700546890833,63.70001399999999,9.599998806773165,-39.50719729627487,59.93459691168532,0.0,1,5.329070518200751e-15,0.0,-0.38747288548174197,-0.29955197934489153,-39.49700546890833,-63.70001399999998,9.599998806773165,-39.50719729627487,-59.93459691168532,0.0,1,5.329070518200751e-15,0.0,-0.4925479101290646,-0.7441483735213796,85.99165371477868,63.70001399999999,9.600283196607819,85.97631253004407,62.45001576525732,0.0,1,5.1514348342607263e-14,0.0,-0.4925479101290646,-0.7441483735213796,85.99165371477868,-63.70001399999998,9.600283196607819,85.97631253004407,-62.45001576525732,0.0,1,5.1514348342607263e-14
4.5,4500000,withdraw_front_reach,-9.914399999999997,0.0,71.0428,0.9954746188681113,0.0,0.0950278021917197,0.0,-9.914399999999997,0.0,71.0428,29.59279729627487,9.101206744377848,0,feet,0.0,-0.3865965690244395,-0.2992397070005435,-39.49795442442725,63.70001399999999,9.59999976732874,-39.50719729627487,59.93459691168532,0.0,1,3.907985046680551e-14,0.0,-0.3865965690244395,-0.29923973822444383,-39.49795442442729,-63.70001399999998,9.59999976732869,-39.50719729627487,-59.93459691168532,0.0,1,-1.2434497875801753e-14,0.0,-0.4911848937605927,-0.74320019929237,85.96612540585936,63.70001399999999,9.600270852174837,85.944391287519,62.45001576525732,0.0,1,-3.730349362740526e-14,0.0,-0.4911848937605927,-0.74320019929237,85.96612540585936,-63.70001399999998,9.600270852174837,85.944391287519,-62.45001576525732,0.0,1,-3.730349362740526e-14
4.508333333333334,4508333,withdraw_front_reach,-9.892623955922076,0.0,71.05368802203895,0.995494461257261,0.0,0.0948197110632361,0.0,-9.892623955922076,0.0,71.05368802203895,29.61457334035279,9.149883255032158,0,feet,0.0,-0.38558022191413555,-0.2988772245487077,-39.49905249165255,63.70001399999999,9.600000761747317,-39.50719729627487,59.93459691168532,0.0,1,1.4210854715202004e-14,0.0,-0.38558022191413555,-0.29887725573909085,-39.49905249165255,-63.70001399999998,9.600000761747317,-39.50719729627487,-59.93459691168532,0.0,1,1.4210854715202004e-14,0.0,-0.4896053825453035,-0.7420991419915253,85.93652807581783,63.70001399999999,9.600251180619914,85.90737201258653,62.45001576525732,0.0,1,-6.927791673660977e-14,0.0,-0.4896053825453035,-0.7420991419915253,85.93652807581783,-63.70001399999998,9.600251180619914,85.90737201258653,-62.45001576525732,0.0,1,-6.927791673660977e-14
4.516666666666667,4516667,withdraw_front_reach,-9.867696219135812,0.0,71.0661518904321,0.9955171220792586,0.0,0.09458149738204935,0.0,-9.867696219135812,0.0,71.0661518904321,29.639501077139055,9.205618101134633,0,feet,0.0,-0.3844166747207458,-0.29846178516213007,-39.50030626252224,63.70001399999999,9.600001743595953,-39.50719729627487,59.93459691168532,0.0,1,2.1316282072803006e-14,0.0,-0.3844166747207458,-0.29846181631408886,-39.50030626252224,-63.70001399999998,9.600001743595953,-39.50719729627487,-59.93459691168532,0.0,1,2.1316282072803006e-14,0.0,-0.4877988329408032,-0.7408368100413991,85.90265759991473,63.70001399999999,9.600221576872315,85.86499486004989,62.45001576525732,0.0,1,1.7763568394002505e-14,0.0,-0.4877988329408032,-0.7408368100413991,85.90265759991473,-63.70001399999998,9.600221576872315,85.86499486004989,-62.45001576525732,0.0,1,1.7763568394002505e-14
4.525,4525000,withdraw_front_reach,-9.8394775390625,0.0,71.08026123046875,0.995542705780385,0.0,0.09431182835397586,0.0,-9.8394775390625,0.0,71.08026123046875,29.667719757212367,9.268728121721352,0,feet,0.0,-0.3830993849073643,-0.29799086254605633,-39.50172140265064,63.70001399999999,9.600002655102777,-39.50719729627487,59.93459691168532,0.0,1,1.0658141036401503e-14,0.0,-0.3830993849073643,-0.29799089365444686,-39.50172140265062,-63.70001399999998,9.600002655102806,-39.50719729627487,-59.93459691168532,0.0,1,3.907985046680551e-14,0.0,-0.4857558055823996,-0.7394053570122785,85.86432909367714,63.70001399999999,9.600178901997197,85.81702310392525,62.45001576525732,0.0,1,0.0,0.0,-0.4857558055823996,-0.7394053570122785,85.86432909367714,-63.70001399999998,9.600178901997197,85.81702310392525,-62.45001576525732,0.0,1,0.0
4.533333333333333,4533333,withdraw_front_reach,-9.807841975308639,0.0,71.09607901234568,0.9955713004542175,0.0,0.09400949798769356,0.0,-9.807841975308639,0.0,71.09607901234568,29.699355320966227,9.339501443933173,0,feet,0.0,-0.38162242271525315,-0.29746211229638675,-39.503302649770944,63.70001399999999,9.600003426828522,-39.50719729627487,59.93459691168532,0.0,1,-1.9539925233402755e-14,0.0,-0.38162242271525315,-0.29746214335584265,-39.503302649770944,-63.70001399999998,9.600003426828522,-39.50719729627487,-59.93459691168532,0.0,1,-1.9539925233402755e-14,0.0,-0.48346695266822914,-0.7377989479774496,85.82136118332288,63.70001399999999,9.600225078531821,85.85929356570738,62.45001577169819,0.0,1,-1.9539925233402755e-14,0.0,-0.48346695266822914,-0.7377989479774496,85.82136118332288,-63.70001399999998,9.600225078531821,85.85929356570738,-62.45001577169819,0.0,1,-1.9539925233402755e-14
4.541666666666667,4541667,withdraw_front_reach,-9.77267660831404,0.0,71.11366169584298,0.9956029778869017,0.0,0.09367342431412273,0.0,-9.77267660831404,0.0,71.11366169584298,29.734520687960828,9.418198180245398,0,feet,0.0,-0.3799804570988874,-0.2968733648349571,-39.50505381443797,63.70001399999999,9.600003977544866,-39.50719729627487,59.93459691168532,0.0,1,2.6645352591003757e-14,0.0,-0.3799804570988874,-0.2968733958399068,-39.50505381443797,-63.70001399999998,9.600003977544866,-39.50719729627487,-59.93459691168532,0.0,1,2.6645352591003757e-14,0.0,-0.48092585910404484,-0.7360094786194331,85.77361974962842,63.70001399999999,9.600265100120744,85.79951244181656,62.45001577169819,0.0,1,5.329070518200751e-15,0.0,-0.48092585910404484,-0.7360094786194331,85.77361974962842,-63.70001399999998,9.600265100120744,85.79951244181656,-62.45001577169819,0.0,1,5.329070518200751e-15
4.55,4550000,withdraw_front_reach,-9.733881249999992,0.0,71.133059375,0.9956377936455599,0.0,0.09330264661091534,0.0,-9.733881249999992,0.0,71.133059375,29.773316046274875,9.505051114220862,0,feet,0.0,-0.37816874171666903,-0.2962226186984136,-39.50697778319051,63.70001399999999,9.600004214332664,-39.50719729627487,59.93459691168532,0.0,1,-1.2434497875801753e-14,0.0,-0.37816874171666903,-0.2962226496430924,-39.50697778319049,-63.70001399999998,9.600004214332692,-39.50719729627487,-59.93459691168532,0.0,1,1.5987211554602254e-14,0.0,-0.47812633695237583,-0.7340305692957618,85.72097583555421,63.70001399999999,9.600291769239988,85.73356033268269,62.45001577169819,0.0,1,0.0,0.0,-0.47812633695237583,-0.7340305692957618,85.72097583555421,-63.70001399999998,9.600291769239988,85.73356033268269,-62.45001577169819,0.0,1,0.0
4.558333333333334,4558333,withdraw_front_reach,-9.691368154417447,0.0,71.15431592279128,0.995675787212579,0.0,0.0928963226323369,0.0,-9.691368154417447,0.0,71.15431592279128,29.81582914185742,9.60026637408636,0,feet,0.0,-0.3761831009822041,-0.29550803420405636,-39.50907652433192,63.70001399999999,9.600004032910277,-39.50719729627487,59.93459691168532,0.0,1,3.019806626980426e-14,0.0,-0.3761831009822041,-0.2955080650825228,-39.509076524331896,-63.70001399999998,9.600004032910306,-39.50719729627487,-59.93459691168532,0.0,1,5.684341886080802e-14,0.0,-0.4750632199781353,-0.731856335341722,85.66331786687124,63.70001399999999,9.600299802820246,85.66128807019236,62.45001577169819,0.0,1,-1.7763568394002505e-15,0.0,-0.4750632199781353,-0.731856335341722,85.66331786687124,-63.70001399999998,9.600299802820246,85.66128807019236,-62.45001577169819,0.0,1,-1.7763568394002505e-15
4.566666666666666,4566667,withdraw_front_reach,-9.64506172839506,0.0,71.17746913580247,0.9957169821678381,0.0,0.09245372584473421,0.0,-9.64506172839506,0.0,71.17746913580247,29.862135567879807,9.704024093618848,0,feet,0.0,-0.3740199161804987,-0.2947279275106576,-39.51135109645061,63.70001399999999,9.600003318193984,-39.50719729627487,59.93459691168532,0.0,1,1.4210854715202004e-14,0.0,-0.3740199161804987,-0.294727958316805,-39.51135109645061,-63.70001399999998,9.600003318193984,-39.50719729627487,-59.93459691168532,0.0,1,1.4210854715202004e-14,0.0,-0.4717323711192485,-0.7294813322574076,85.60055163600853,63.70001399999999,9.600283171981047,85.5825671459543,62.45001577169819,0.0,1,-1.7763568394002505e-15,0.0,-0.4717323711192485,-0.7294813322574076,85.60055163600853,-63.70001399999998,9.600283171981047,85.5825671459543,-62.45001577169819,0.0,1,-1.7763568394002505e-15
4.575,4575000,withdraw_front_reach,-9.5948982421875,0.0,71.20255087890625,0.9957613864203125,0.0,0.09197424266770038,0.0,-9.5948982421875,0.0,71.20255087890625,29.912299054087367,9.816479060004312,0,feet,0.0,-0.37167611165300896,-0.2938807650874047,-39.51380165976501,63.70001399999999,9.600001945092188,-39.50719729627487,59.93459691168532,0.0,1,-1.2434497875801753e-14,0.0,-0.37167611165300896,-0.29388079581497495,-39.51380165976501,-63.70001399999998,9.600001945092188,-39.50719729627487,-59.93459691168532,0.0,1,-1.2434497875801753e-14,0.0,-0.4681301333805372,-0.726901317560467,85.53259190110371,63.70001399999999,9.600290131070459,85.54923795522285,62.45001577512771,0.0,1,5.861977570020827e-14,0.0,-0.4681301333805372,-0.726901317560467,85.53259190110371,-63.70001399999998,9.600290131070459,85.54923795522285,-62.45001577512771,0.0,1,5.861977570020827e-14
4.583333333333333,4583333,withdraw_front_reach,-9.540825540123457,0.0,71.22958722993828,0.9958089924898873,0.0,0.09145736972095565,0.0,-9.540825540123457,0.0,71.22958722993828,30.04920886896501,9.937761348501823,0,feet,0.0,-0.3691487686295565,-0.29296551233607415,-39.516430327762336,63.70001399999999,9.600019778286423,-39.59003440908847,63.70001591752033,0.0,1,7.105427357601002e-15,0.0,-0.3691487686295565,-0.29296554297870303,-39.516430327762336,-63.70001399999998,9.600019778286423,-39.59003440908847,-63.70001591752033,0.0,1,7.105427357601002e-15,0.0,-0.46425445254591846,-0.7241115590299074,85.45937940366616,63.70001399999999,9.600304340355521,85.45731436171398,62.45001577512771,0.0,1,9.769962616701378e-14,0.0,-0.46425445254591846,-0.7241115590299074,85.45937940366616,-63.70001399999998,9.600304340355521,85.45731436171398,-62.45001577512771,0.0,1,9.769962616701378e-14
4.591666666666667,4591667,withdraw_front_reach,-9.482802751253857,0.0,71.25859862437306,0.9958597778396671,0.0,0.09090271107689196,0.0,-9.482802751253857,0.0,71.25859862437306,30.10723165783461,10.067976943901343,0,feet,0.0,-0.36643615162652754,-0.2919806409907917,-39.51923326298689,63.70001399999999,9.600040859391655,-39.59003440908847,63.70001591752033,0.0,1,1.5987211554602254e-14,0.0,-0.36643615162652754,-0.2919806715419613,-39.5192332629869,-63.70001399999998,9.600040859391655,-39.59003440908847,-63.70001591752033,0.0,1,1.5987211554602254e-14,0.0,-0.46010453043730193,-0.7211073006270143,85.38087515927644,63.70001399999999,9.600278895549266,85.35867562063567,62.45001577512771,0.0,1,-4.973799150320701e-14,0.0,-0.46010453043730193,-0.7211073006270143,85.38087515927644,-63.70001399999998,9.600278895549266,85.35867562063567,-62.45001577512771,0.0,1,-4.973799150320701e-14
4.6,4600000,withdraw_front_reach,-9.420800000000002,0.0,71.2896,0.9959137052585538,0.0,0.09030997551864553,0.0,-9.420800000000002,0.0,71.2896,30.169234409088467,10.207208348913689,0,feet,0.0,-0.3635367825601552,-0.2909249914243808,-39.522207642883146,63.70001399999999,9.600062334905154,-39.59003440908847,63.70001591752033,0.0,1,1.0658141036401503e-14,0.0,-0.3635367825601552,-0.2909250218774533,-39.52220764288316,-63.70001399999998,9.600062334905132,-39.59003440908847,-63.70001591752033,0.0,1,-1.0658141036401503e-14,0.0,-0.45568008054314735,-0.7178848038951062,85.29704914765051,63.70001399999999,9.600210782233617,85.3326193294689,62.45001578028755,0.0,1,-2.6645352591003757e-14,0.0,-0.45568008054314735,-0.7178848038951062,85.29704914765051,-63.70001399999998,9.600210782233617,85.3326193294689,-62.45001578028754,0.0,1,-2.6645352591003757e-14
4.608333333333333,4608333,withdraw_front_reach,-9.354798116801703,0.0,71.32260094159915,0.995970723293387,0.0,0.0896789738034926,0.0,-9.354798116801703,0.0,71.32260094159915,30.235236292286764,10.35551517976807,0,feet,0.0,-0.36044962201627406,-0.2897975837714606,-39.525350200708175,63.70001399999999,9.600084023458578,-39.59003440908847,63.70001591752033,0.0,1,8.881784197001252e-15,0.0,-0.36044962201627406,-0.2897976141196925,-39.525350200708175,-63.70001399999998,9.600084023458578,-39.59003440908847,-63.70001591752033,0.0,1,8.881784197001252e-15,0.0,-0.45098006273537194,-0.7144431508038696,85.20786239677219,63.70001399999999,9.600268470463746,85.22041612803179,62.45001578028755,0.0,1,-4.440892098500626e-14,0.0,-0.45098006273537194,-0.7144431508038696,85.20786239677219,-63.70001399999998,9.600268470463746,85.22041612803179,-62.45001578028754,0.0,1,-4.440892098500626e-14
4.616666666666666,4616667,withdraw_front_reach,-9.284788348765431,0.0,71.35760582561728,0.9960307667295036,0.0,0.08900961593129732,0.0,-9.284788348765431,0.0,71.35760582561728,30.305246060323036,10.512934749421,0,feet,0.0,-0.357174105843447,-0.28859756698765615,-39.528656870287634,63.70001399999999,9.600105733897344,-39.59003440908847,63.70001591752033,0.0,1,-1.9539925233402755e-14,0.0,-0.357174105843447,-0.28859759722421074,-39.52865687028758,-63.70001399999998,9.600105733897422,-39.59003440908847,-63.70001591752033,0.0,1,6.039613253960852e-14,0.0,-0.44600774433351287,-0.7107768362517084,85.11334085727216,63.70001399999999,9.600269251727816,85.10139952237013,62.45001578028755,0.0,1,3.552713678800501e-15,0.0,-0.44600774433351287,-0.7107768362517084,85.11334085727216,-63.70001399999998,9.600269251727816,85.10139952237013,-62.45001578028754,0.0,1,3.552713678800501e-15
4.625,4625000,withdraw_front_reach,-9.210772070312501,0.0,71.39461396484376,0.996093757118172,0.0,0.08830190841767838,0.0,-9.210772070312501,0.0,71.39461396484376,30.379262338775966,10.679482638897383,0,feet,0.0,-0.353710131811773,-0.28732421582761747,-39.53212281450189,63.70001399999999,9.600127267463243,-39.59003440908847,63.70001591752033,0.0,1,2.842170943040401e-14,0.0,-0.353710131811773,-0.2873242459455705,-39.532122814501925,-63.70001399999998,9.600127267463222,-39.59003440908847,-63.70001591752033,0.0,1,8.881784197001252e-15,0.0,-0.44076481745036933,-0.7068842529220412,85.01348858786022,63.70001399999999,9.600279295007212,85.03303168094477,62.450015783973974,0.0,1,-4.618527782440651e-14,0.0,-0.44076481745036933,-0.7068842529220412,85.01348858786022,-63.70001399999998,9.600279295007212,85.03303168094477,-62.45001578397398,0.0,1,-4.618527782440651e-14
4.633333333333334,4633333,withdraw_front_reach,-9.132760493827165,0.0,71.43361975308642,0.9961596033489856,0.0,0.08755595157150516,0.0,-9.132760493827165,0.0,71.43361975308642,30.457273915261304,10.85515325739167,0,feet,0.0,-0.35005804636048765,-0.28597692822041276,-39.535742456427705,63.70001399999999,9.600148420110699,-39.59003440908847,63.70001591752033,0.0,1,-3.197442310920451e-14,0.0,-0.35005804636048765,-0.28597695821277114,-39.535742456427705,-63.70001399999998,9.600148420110699,-39.59003440908847,-63.70001591752033,0.0,1,-3.197442310920451e-14,0.0,-0.4352544882492775,-0.7027631950676931,84.908333684798,63.70001399999999,9.600295918436991,84.9004120009197,62.450015783973974,0.0,1,5.3290705182007514e-14,0.0,-0.4352544882492775,-0.7027631950676931,84.908333684798,-63.70001399999998,9.600295918436991,84.9004120009197,-62.45001578397398,0.0,1,5.3290705182007514e-14
4.641666666666667,4641667,withdraw_front_reach,-9.050774380304787,0.0,71.4746128098476,0.996228202264969,0.0,0.08677193677628706,0.0,-9.050774380304787,0.0,71.4746128098476,30.53926002878368,11.039920391853315,0,feet,0.0,-0.34621863143647236,-0.28455522302992886,-39.53950951302548,63.70001399999999,9.600168984927087,-39.59003440908847,63.70001591752033,0.0,1,-3.552713678800501e-15,0.0,-0.34621863143647236,-0.2845552528896329,-39.53950951302544,-63.70001399999998,9.600168984927137,-39.59003440908847,-63.70001591752033,0.0,1,4.440892098500626e-14,0.0,-0.4294816419861771,-0.6984105755144165,84.79792966654021,63.70001399999999,9.600228294320459,84.76103560793166,62.450015783973974,0.0,1,-3.552713678800501e-14,0.0,-0.4294816419861771,-0.6984105755144165,84.79792966654021,-63.70001399999998,9.600228294320459,84.76103560793166,-62.45001578397398,0.0,1,-3.552713678800501e-14
4.65,4650000,withdraw_front_reach,-8.96484375,0.0,71.517578125,0.9962994393178494,0.0,0.08595014377497513,0.0,-8.96484375,0.0,71.517578125,30.625190659088467,11.233737746865785,0,feet,0.0,-0.3421930914254778,-0.28305873818592575,-39.543417031251195,63.70001399999999,9.600188754621541,-39.59003440908847,63.70001591752033,0.0,1,3.552713678800501e-15,0.0,-0.3421930914254778,-0.28305876790586115,-39.54341703125121,-63.70001399999998,9.600188754621549,-39.59003440908847,-63.70001591752033,0.0,1,1.0658141036401503e-14,0.0,-0.4234511762416795,-0.6938247679305083,84.68233154272096,63.70001399999999,9.600062743487555,84.61495353641352,62.450015783973974,0.0,1,-3.197442310920451e-14,0.0,-0.4234511762416795,-0.6938247679305083,84.68233154272096,-63.70001399999998,9.600062743487555,84.61495353641352,-62.45001578397398,0.0,1,-3.197442310920451e-14
4.658333333333333,4658333,withdraw_front_reach,-8.875007593074844,0.0,71.56249620346257,0.9963731892606734,0.0,0.08509093795765997,0.0,-8.875007593074844,0.0,71.56249620346257,30.715026816013623,11.436539475704627,0,feet,0.0,-0.3379830401775239,-0.2814872291698145,-39.547457426453114,63.70001399999999,9.600207524050091,-39.59003440908847,63.70001591752033,0.0,1,3.552713678800501e-15,0.0,-0.3379830401775239,-0.2814872587428252,-39.54745742645308,-63.70001399999998,9.60020752405012,-39.59003440908847,-63.70001591752033,0.0,1,3.197442310920451e-14,0.0,-0.41716657460999196,-0.6890075231769162,84.56157634491883,63.70001399999999,9.599997426966851,84.5582553301472,61.92636466693596,0.0,1,3.907985046680551e-14,0.0,-0.4171665746099924,-0.6890075231769148,84.56157634491882,-63.70001399999998,9.599997426966794,84.5582553301472,-61.92636466693597,0.0,1,-1.7763568394002505e-14
4.666666666666667,4666667,withdraw_front_reach,-8.78131358024691,0.0,71.60934320987654,0.9964493168747167,0.0,0.08419476765162023,0.0,-8.78131358024691,0.0,71.60934320987654,30.808720828841558,11.648240703523733,0,feet,0.0,-0.33359048812749714,-0.2798405678376472,-39.55162252290605,63.70001399999999,9.600225092740203,-39.59003440908847,63.70001591752033,0.0,1,2.4868995751603507e-14,0.0,-0.33359048812749714,-0.27984059725653854,-39.55162252290605,-63.70001399999998,9.600225092740203,-39.59003440908847,-63.70001591752033,0.0,1,2.4868995751603507e-14,0.0,-0.41063432871442584,-0.6839577352520445,84.43574623036967,63.70001399999999,9.60000260604086,84.4400460873811,61.934188613576,0.0,1,-2.6645352591003757e-14,0.0,-0.41063432871442584,-0.6839577352520445,84.43574623036967,-63.70001399999998,9.60000260604086,84.4400460873811,-61.934188613576,0.0,1,-2.6645352591003757e-14
4.675,4675000,withdraw_front_reach,-8.683817773437498,0.0,71.65809111328124,0.9965276777274226,0.0,0.08326216141315533,0.0,-8.683817773437498,0.0,71.65809111328124,30.90621663565097,11.868738043673225,0,feet,0.0,-0.3290178295114985,-0.2781187415615105,-39.555903596323596,63.70001399999999,9.600241267379587,-39.59003440908847,63.70001591752033,0.0,1,-1.2434497875801753e-14,0.0,-0.3290178295114985,-0.27811877081906644,-39.55590359632358,-63.70001399999998,9.60024126737958,-39.59003440908847,-63.70001591752033,0.0,1,-1.9539925233402755e-14,0.0,-0.40386238474823344,-0.678673579421821,84.30494472219212,63.70001399999999,9.599972125279606,84.32931618756425,59.93302894898147,0.0,1,-7.105427357601002e-15,0.0,-0.40386238474823344,-0.678673579421821,84.30494472219212,-63.70001399999998,9.599972125279606,84.32931618756425,-59.93302894898147,0.0,1,-7.105427357601002e-15
4.683333333333334,4683333,withdraw_front_reach,-8.582584336419755,0.0,71.70870783179012,0.9966081189579254,0.0,0.08229372532061856,0.0,-8.582584336419755,0.0,71.70870783179012,31.00745007266871,12.09791010819702,0,feet,0.0,-0.3242678296789103,-0.2763218526693314,-39.56029141817912,63.70001399999999,9.600255864234562,-39.59003440908847,63.70001591752033,0.0,1,3.552713678800501e-15,0.0,-0.3242678296789103,-0.27632188175831596,-39.56029141817912,-63.70001399999998,9.600255864234562,-39.59003440908847,-63.70001591752033,0.0,1,3.552713678800501e-15,0.0,-0.3968573330916372,-0.6731563905665281,84.16925879754716,63.70001399999999,9.599995559920004,84.1743187393709,59.933408512398515,0.0,1,-2.1316282072803006e-14,0.0,-0.3968573330916372,-0.6731563905665281,84.16925879754716,-63.70001399999998,9.599995559920004,84.1743187393709,-59.933408512398515,0.0,1,-2.1316282072803006e-14
4.691666666666666,4691667,withdraw_front_reach,-8.477685245466821,0.0,71.76115737726658,0.9966904800865709,0.0,0.0812901402680602,0.0,-8.477685245466821,0.0,71.76115737726658,31.112349163621644,12.335618013590768,0,feet,0.0,-0.3193436124995541,-0.27445011816199605,-39.56477630166009,63.70001399999999,9.60026871146259,-39.59003440908847,63.70001591752033,0.0,1,1.0658141036401503e-14,0.0,-0.3193436124995541,-0.2744501470751701,-39.56477630166009,-63.70001399999998,9.60026871146259,-39.59003440908847,-63.70001591752033,0.0,1,1.0658141036401503e-14,0.0,-0.3896280211761387,-0.6674055854646381,84.02880806663015,63.70001399999999,9.600001127923008,84.02268962950826,60.91273285483509,0.0,1,1.9539925233402755e-14,0.0,-0.3896280211761387,-0.6674055854646381,84.02880806663015,-63.70001399999998,9.600001127923008,84.02268962950826,-60.9127328548351,0.0,1,1.9539925233402755e-14
4.7,4700000,withdraw_front_reach,-8.3692,0.0,71.8154,0.9967745938447098,0.0,0.08025215925888807,0.0,-8.3692,0.0,71.8154,31.220834409088468,12.581705882926094,0,feet,0.0,-0.31424864786459494,-0.27250386968578955,-39.56934814907166,63.70001399999999,9.600279651287472,-39.59003440908847,63.70001591752033,0.0,1,-2.6645352591003757e-14,0.0,-0.31424864786459494,-0.2725038984159158,-39.56934814907165,-63.70001399999998,9.6002796512875,-39.59003440908847,-63.70001591752033,0.0,1,3.552713678800501e-15,0.0,-0.382181192702034,-0.661424589293409,83.88368606724586,63.70001399999999,9.600171610000956,83.93325196508589,62.45001580426541,0.0,1,4.973799150320701e-14,0.0,-0.382181192702034,-0.661424589293409,83.88368606724586,-63.70001399999998,9.600171610000956,83.93325196508589,-62.450015804265405,0.0,1,4.973799150320701e-14
4.708333333333333,4708333,withdraw_front_reach,-8.257215333236884,0.0,71.87139233338156,0.9968602870209584,0.0,0.07918060469895707,0.0,-8.257215333236884,0.0,71.87139233338156,31.33281907585158,12.836001345460708,0,feet,0.0,-0.3089867392791148,-0.27048355373721567,-39.57399650050147,63.70001399999999,9.600288542005735,-39.59003440908847,63.70001591752033,0.0,1,8.881784197001252e-15,0.0,-0.3089867392791148,-0.27048358227706926,-39.573996500501465,-63.70001399999998,9.600288542005764,-39.59003440908847,-63.70001591752033,0.0,1,3.907985046680551e-14,0.0,-0.37452828180321296,-0.655211603120728,83.73405177937232,63.70001399999999,9.600295506752317,83.74287803158859,62.45001580426541,0.0,1,4.618527782440651e-14,0.0,-0.37452828180321296,-0.655211603120728,83.73405177937232,-63.70001399999998,9.600295506752317,83.74287803158859,-62.450015804265405,0.0,1,4.618527782440651e-14
4.716666666666667,4716667,withdraw_front_reach,-8.141824922839504,0.0,71.92908753858025,0.9969473813200342,0.0,0.07807636568851184,0.0,-8.141824922839504,0.0,71.92908753858025,31.448209486248963,13.098316034859494,0,feet,0.0,-0.3035620115434927,-0.26838973207652694,-39.57871058355119,63.70001399999999,9.60029525979558,-39.59003440908847,63.70001591752033,0.0,1,1.7763568394002505e-15,0.0,-0.3035620115434927,-0.26838976041890517,-39.57871058355116,-63.70001399999998,9.600295259795608,-39.59003440908847,-63.70001591752033,0.0,1,2.842170943040401e-14,0.0,-0.3666803919263182,-0.6487663499454719,83.5800600449165,63.70001399999999,9.60024165233638,83.54671433391304,62.45001580426541,0.0,1,3.019806626980426e-14,0.0,-0.3666803919263182,-0.6487663499454719,83.5800600449165,-63.70001399999998,9.60024165233638,83.54671433391304,-62.450015804265405,0.0,1,3.019806626980426e-14
4.725,4725000,withdraw_front_reach,-8.0231291015625,0.0,71.98843544921876,0.9970356942302356,0.0,0.07694039531242351,0.0,-8.0231291015625,0.0,71.98843544921876,31.566905307525968,13.3684460871482,0,feet,0.0,-0.2979788985198657,-0.26622308232551717,-39.5834793639375,63.70001399999999,9.600299700304198,-39.59003440908847,63.70001591752033,0.0,1,-2.3092638912203256e-14,0.0,-0.2979788985198657,-0.2662231104632511,-39.58347936393746,-63.70001399999998,9.600299700304248,-39.59003440908847,-63.70001591752033,0.0,1,2.6645352591003757e-14,0.0,-0.3586454220928563,-0.6420938006369066,83.42182586037593,63.70001399999999,9.600219084444198,83.46063434751017,62.450015810987374,0.0,1,-8.881784197001252e-15,0.0,-0.3586454220928563,-0.6420938006369066,83.42182586037593,-63.70001399999998,9.600219084444198,83.46063434751017,-62.45001581098737,0.0,1,-8.881784197001252e-15
4.733333333333333,4733333,withdraw_front_reach,-7.901234567901235,0.0,72.04938271604938,0.9971250398956062,0.0,0.07577370792818364,0.0,-7.901234567901235,0.0,72.04938271604938,31.688799841187233,13.646172639508848,0,feet,0.0,-0.292242130979099,-0.2639843987244528,-39.588291596761316,63.70001399999999,9.600301779990254,-39.59003440908847,63.70001591752033,0.0,1,2.842170943040401e-14,0.0,-0.292242130979099,-0.26398442665041344,-39.58829159676133,-63.70001399999998,9.600301779990225,-39.59003440908847,-63.70001591752033,0.0,1,1.7763568394002505e-15,0.0,-0.35043321574083164,-0.6351973343510471,83.25949449118686,63.70001399999999,9.600295599160049,83.25341364028601,62.450015810987374,0.0,1,-4.973799150320701e-14,0.0,-0.35043321574083164,-0.6351973343510471,83.25949449118686,-63.70001399999998,9.600295599160049,83.25341364028601,-62.45001581098737,0.0,1,-4.973799150320701e-14
4.741666666666666,4741667,withdraw_front_reach,-7.776254096739966,0.0,72.11187295163002,0.9972152299888243,0.0,0.0745773764511482,0.0,-7.776254096739966,0.0,72.11187295163002,31.813780312348502,13.931262331006529,0,feet,0.0,-0.2863567245227925,-0.2616745930223452,-39.59313587824243,63.70001399999999,9.600301437203292,-39.59003440908847,63.70001591752033,0.0,1,1.2434497875801753e-14,0.0,-0.2863567245227925,-0.26167462072945824,-39.59313587824244,-63.70001399999998,9.600301437203292,-39.59003440908847,-63.70001591752033,0.0,1,1.4210854715202004e-14,0.0,-0.342058157523093,-0.628075231043133,83.09326949649181,63.70001399999999,9.60015494185101,83.04094683931186,62.450015810987374,0.0,1,1.7763568394002505e-14,0.0,-0.342058157523093,-0.628075231043133,83.09326949649181,-63.70001399999998,9.60015494185101,83.04094683931186,-62.45001581098737,0.0,1,1.7763568394002505e-14
4.75,4750000,withdraw_front_reach,-7.648306250000002,0.0,72.175846875,0.9973060745808772,0.0,0.07335252963655679,0.0,-7.648306250000002,0.0,72.175846875,31.941728159088466,14.223467806308648,0,feet,0.0,-0.28032796757395584,-0.25929469547417616,-39.598000697713196,63.70001399999999,9.600298632986572,-39.59003440908847,63.70001591752033,0.0,1,1.7763568394002505e-15,0.0,-0.28032796757395584,-0.259294722955429,-39.598000697713196,-63.70001399999998,9.600298632986572,-39.59003440908847,-63.70001591752033,0.0,1,1.7763568394002505e-15,0.0,-0.33352926739266575,-0.6207336229668154,82.92328830267284,63.70001399999999,9.600001710698919,82.92223677589692,60.72766664966186,0.0,1,-4.796163466380676e-14,0.0,-0.33352926739266575,-0.6207336229668154,82.92328830267284,-63.70001399999998,9.600001710698919,82.92223677589692,-60.72766664966187,0.0,1,-4.796163466380676e-14
4.758333333333334,4758333,withdraw_front_reach,-7.51751508728781,0.0,72.24124245635609,0.9973973830036202,0.0,0.07210034935788902,0.0,-7.51751508728781,0.0,72.24124245635609,32.072519321800655,14.522528223424189,0,feet,0.0,-0.2741614094290945,-0.256845855918014,-39.60287448966547,63.70001399999999,9.600293351591354,-39.59003440908847,63.70001591752033,0.0,1,5.329070518200751e-15,0.0,-0.2741614094290945,-0.2568458831664677,-39.60287448966547,-63.70001399999998,9.600293351591354,-39.59003440908847,-63.70001591752033,0.0,1,5.329070518200751e-15,0.0,-0.3248562569574318,-0.6131785493458963,82.74970264306494,63.70001399999999,9.600003153759147,82.74777871294489,67.46348551523343,0.0,1,1.5987211554602254e-14,0.0,-0.3248562569574318,-0.6131785493458963,82.74970264306494,-63.70001399999998,9.600003153759147,82.74777871294489,-67.46348551523343,0.0,1,1.5987211554602254e-14
4.766666666666667,4766667,withdraw_front_reach,-7.38400987654321,0.0,72.30799506172839,0.9974889647013825,0.0,0.07082206788116396,0.0,-7.38400987654321,0.0,72.30799506172839,32.20602453254526,14.828169766447672,0,feet,0.0,-0.2678628483635528,-0.25432934490441017,-39.607745685644055,63.70001399999999,9.600285600697553,-39.59003440908847,63.70001591752033,0.0,1,-1.4210854715202004e-14,0.0,-0.2678628483635528,-0.25432937191321026,-39.60774568564407,-63.70001399999998,9.60028560069756,-39.59003440908847,-63.70001591752033,0.0,1,-5.329070518200751e-15,0.0,-0.3160526709376894,-0.6054118342492649,82.57271358658926,63.70001399999999,9.600003362267643,82.57219069431369,66.68099574143415,0.0,1,3.552713678800501e-14,0.0,-0.3160526709376894,-0.6054118342492649,82.57271358658926,-63.70001399999998,9.600003362267643,82.57219069431369,-66.68099574143415,0.0,1,3.552713678800501e-14
4.775,4775000,withdraw_front_reach,-7.2479248046875,0.0,72.37603759765625,0.9975806300678569,0.0,0.06951896513483015,0.0,-7.2479248046875,0.0,72.37603759765625,32.34210960440097,15.140106164246681,0,feet,0.0,-0.2614383197811323,-0.25174655484985786,-39.61260276577752,63.70001399999999,9.600275411338743,-39.59003440908847,63.70001591752033,0.0,1,3.375077994860476e-14,0.0,-0.2614383197811323,-0.25174658161224484,-39.612602765777524,-63.70001399999998,9.600275411338714,-39.59003440908847,-63.70001591752033,0.0,1,5.329070518200751e-15,0.0,-0.3071308028153159,-0.5974376383741391,82.39250923080036,63.70001399999999,9.599980135211574,82.37329333365696,66.65383891335583,0.0,1,5.861977570020827e-14,0.0,-0.3071308028153159,-0.5974376383741391,82.39250923080036,-63.70001399999998,9.599980135211574,82.37329333365696,-66.65383891335583,0.0,1,5.861977570020827e-14
4.783333333333333,4783333,withdraw_front_reach,-7.109398688271606,0.0,72.4453006558642,0.9976721912646154,0.0,0.0681923659749435,0.0,-7.109398688271606,0.0,72.4453006558642,32.48063572081686,15.458039215977848,0,feet,0.0,-0.2548940843981766,-0.249099001185483,-39.61743430974088,63.70001399999999,9.600262837533265,-39.59003440908847,63.70001591752033,0.0,1,-1.2434497875801753e-14,0.0,-0.2548940843981766,-0.24909902769480397,-39.61743430974091,-63.70001399999998,9.600262837533236,-39.59003440908847,-63.70001591752033,0.0,1,-4.085620730620576e-14,0.0,-0.2981005370713383,-0.5892637402355727,82.20925177272798,63.70001399999999,9.600133673946289,82.26606816850469,62.45001583058992,0.0,1,-2.4868995751603507e-14,0.0,-0.2981005370713383,-0.5892637402355727,82.20925177272798,-63.70001399999998,9.600133673946289,82.26606816850469,-62.45001583058992,0.0,1,-2.4868995751603507e-14
4.791666666666667,4791667,withdraw_front_reach,-6.968574684124224,0.0,72.51571265793788,0.9977634630176987,0.0,0.06684363744537963,0.0,-6.968574684124224,0.0,72.51571265793788,32.62145972496424,15.781659324259294,0,feet,0.0,-0.24823661645154083,-0.24638832347160866,-39.622229046943175,63.70001399999999,9.600247955629719,-39.59003440908847,63.70001591752033,0.0,1,4.618527782440651e-14,0.0,-0.24823661645154083,-0.24638834972132928,-39.62222904694319,-63.70001399999998,9.60024795562969,-39.59003440908847,-63.70001591752033,0.0,1,2.1316282072803006e-14,0.0,-0.2889761147330079,-0.580893151488961,82.02316004696159,63.70001399999999,9.600301159818514,82.02666736145414,62.45001583058992,0.0,1,3.375077994860476e-14,0.0,-0.2889761147330079,-0.580893151488961,82.02316004696159,-63.70001399999998,9.600301159818514,82.02666736145414,-62.45001583058992,0.0,1,3.375077994860476e-14
4.8,4800000,withdraw_front_reach,-6.8256000000000006,0.0,72.5872,0.9978542633888638,0.0,0.06547418603287862,0.0,-6.8256000000000006,0.0,72.5872,32.764434409088466,16.110646036764777,0,feet,0.0,-0.24147259191920867,-0.24361628644821876,-39.626975905734746,63.70001399999999,9.600230863375323,-39.59003440908847,63.70001591752033,0.0,1,1.5987211554602254e-14,0.0,-0.24147259191920867,-0.24361631243193482,-39.626975905734746,-63.70001399999998,9.600230863375323,-39.59003440908847,-63.70001591752033,0.0,1,1.5987211554602254e-14,0.0,-0.27977271979906515,-0.5723282488884034,81.83446320186624,63.70001399999999,9.600248120586485,81.8044946361596,62.45001583167165,0.0,1,2.3092638912203256e-14,0.0,-0.27977271979906515,-0.5723282488884034,81.83446320186624,-63.70001399999998,9.600248120586485,81.8044946361596,-62.45001583167165,0.0,1,2.3092638912203256e-14
4.808333333333334,4808333,withdraw_front_reach,-6.680625605227624,0.0,72.65968719738619,0.9979444145182187,0.0,0.06408545491677214,0.0,-6.680625605227624,0.0,72.65968719738619,32.90940880386084,16.444668596939962,0,feet,0.0,-0.23460887674163278,-0.24078478099083211,-39.63166406143143,63.70001399999999,9.600211678724818,-39.59003440908847,63.70001591752033,0.0,1,1.7763568394002505e-14,0.0,-0.23460887674163278,-0.24078480670228197,-39.63166406143142,-63.70001399999998,9.600211678724847,-39.59003440908847,-63.70001591752033,0.0,1,4.440892098500626e-14,0.0,-0.2705033858685124,-0.563574564707769,81.64336634867975,63.70001399999999,9.59993103673795,81.68115277970274,61.81332379076298,0.0,1,4.618527782440651e-14,0.0,-0.2705033858685124,-0.563574564707769,81.64336634867975,-63.70001399999998,9.59993103673795,81.68115277970274,-61.81332379076298,0.0,1,4.618527782440651e-14
4.816666666666666,4816667,withdraw_front_reach,-6.533805941358025,0.0,72.73309702932099,0.9980337433351325,0.0,0.06267892121329811,0.0,-6.533805941358025,0.0,72.73309702932099,33.05622846773044,16.78338650447114,0,feet,0.0,-0.2276525150313935,-0.23789582494073658,-39.636282982954796,63.70001399999999,9.600190538405649,-39.59003440908847,63.70001591752033,0.0,1,-1.2434497875801753e-14,0.0,-0.2276525150313935,-0.23789585037381267,-39.636282982954754,-63.70001399999998,9.600190538405698,-39.59003440908847,-63.70001591752033,0.0,1,3.552713678800501e-14,0.0,-0.26117178676401664,-0.5546495164621197,81.44997786686748,63.70001399999999,9.60009725828997,81.51217555854606,62.450015841895706,0.0,1,-5.329070518200751e-15,0.0,-0.26117178676401664,-0.5546495164621197,81.44997786686748,-63.70001399999998,9.60009725828997,81.51217555854606,-62.450015841895706,0.0,1,-5.329070518200751e-15
4.825,4825000,withdraw_front_reach,-6.385298632812497,0.0,72.80735068359375,0.9981220822344838,0.0,0.061256093214458074,0.0,-6.385298632812497,0.0,72.80735068359375,33.20473577627597,17.126450086066818,0,feet,0.0,-0.22061071725826809,-0.23495156377805548,-39.64082247789057,63.70001399999999,9.600167596263418,-39.59003440908847,63.70001591752033,0.0,1,2.6645352591003757e-14,0.0,-0.22061071725826809,-0.23495158892681633,-39.64082247789061,-63.70001399999998,9.600167596263361,-39.59003440908847,-63.70001591752033,0.0,1,-2.842170943040401e-14,0.0,-0.25179578177666784,-0.545553692548784,81.25456920129648,63.70001399999999,9.600297363177503,81.25971313401867,62.450015841895706,0.0,1,0.0,0.0,-0.25179578177666784,-0.545553692548784,81.25456920129648,-63.70001399999998,9.600297363177503,81.25971313401867,-62.450015841895706,0.0,1,0.0
4.833333333333333,4833333,withdraw_front_reach,-6.235264197530864,0.0,72.88236790123457,0.9982092697154966,0.0,0.059818507621427895,0.0,-6.235264197530864,0.0,72.88236790123457,33.35477021155761,17.473501077037852,0,feet,0.0,-0.21349084839649102,-0.2319542711056486,-39.6452727357711,63.70001399999999,9.600143021410865,-39.59003440908847,63.70001591752033,0.0,1,7.105427357601002e-15,0.0,-0.21349084839649102,-0.2319542959643366,-39.6452727357711,-63.70001399999998,9.600143021410865,-39.59003440908847,-63.70001591752033,0.0,1,7.105427357601002e-15,0.0,-0.242392429908735,-0.5362890910477742,81.05740054335077,63.70001399999999,9.6001538418042,81.00465459403989,62.450015841895706,0.0,1,-1.0658141036401503e-14,0.0,-0.242392429908735,-0.5362890910477742,81.05740054335077,-63.70001399999998,9.6001538418042,81.00465459403989,-62.450015841895706,0.0,1,-1.0658141036401503e-14
4.841666666666667,4841667,withdraw_front_reach,-6.0838657576195985,0.0,72.9580671211902,0.9982951509806112,0.0,0.05836772677258158,0.0,-6.0838657576195985,0.0,72.9580671211902,33.50616865146887,17.82417321408812,0,feet,0.0,-0.20630041602071403,-0.22890634891144712,-39.6496243693912,63.70001399999999,9.60011699620948,-39.59003440908847,63.70001591752033,0.0,1,3.730349362740526e-14,0.0,-0.20630041602071403,-0.2289063734744956,-39.6496243693912,-63.70001399999998,9.60011699620948,-39.59003440908847,-63.70001591752033,0.0,1,3.730349362740526e-14,0.0,-0.23297001780840976,-0.5268684269257098,80.85863884671161,63.70001399999999,9.600002178922892,80.86036622297169,66.8071668787559,0.0,1,6.039613253960852e-14,0.0,-0.23297001780840976,-0.5268684269257098,80.85863884671161,-63.70001399999998,9.600002178922892,80.86036622297169,-66.8071668787559,0.0,1,6.039613253960852e-14
4.85,4850000,withdraw_front_reach,-5.931268750000001,0.0,73.03436562499999,0.9983795784920435,0.0,0.0569053358662392,0.0,-5.931268750000001,0.0,73.03436562499999,33.658765659088466,18.178092839651576,0,feet,0.0,-0.19904705833705139,-0.22581032757648956,-39.653868453973175,63.70001399999999,9.600089714111633,-39.59003440908847,63.70001591752033,0.0,1,0.0,0.0,-0.19904705833705139,-0.2258103518385397,-39.65386845397319,-63.70001399999998,9.600089714111633,-39.59003440908847,-63.70001591752033,0.0,1,1.7763568394002505e-15,0.0,-0.22353885586565747,-0.5173023188384556,80.65848077679284,63.70001399999999,9.600001182991058,80.6639885492243,67.4669073296858,0.0,1,4.085620730620576e-14,0.0,-0.22353885586565791,-0.5173023188384556,80.6584807767929,-63.70001399999998,9.600001182991043,80.66398854922433,-67.4669073296858,0.0,1,2.6645352591003757e-14
4.858333333333333,4858333,withdraw_front_reach,-5.777640637056326,0.0,73.11117968147184,0.9984624124839099,0.0,0.0554329401782964,0.0,-5.777640637056326,0.0,73.11117968147184,33.81239377203214,18.534879518036277,0,feet,0.0,-0.19173853213557113,-0.22266886559568455,-39.65799656400067,63.70001399999999,9.600061377396415,-39.59003440908847,63.70001591752033,0.0,1,2.1316282072803006e-14,0.0,-0.19173853213557113,-0.22266888955159914,-39.65799656400068,-63.70001399999998,9.600061377396393,-39.59003440908847,-63.70001591752033,0.0,1,0.0,0.0,-0.21410988300281808,-0.5076007969782461,80.45713331602371,63.70001399999999,9.600240664006158,80.49002367986513,62.45001585419338,0.0,1,-4.263256414560601e-14,0.0,-0.21410988300281808,-0.5076007969782466,80.45713331602373,-63.70001399999998,9.600240664006215,80.49002367986516,-62.45001585419338,0.0,1,1.7763568394002505e-14
4.866666666666666,4866667,withdraw_front_reach,-5.623150617283949,0.0,73.18842469135802,0.9985435214280141,0.0,0.05395216227493841,0.0,-5.623150617283949,0.0,73.18842469135802,33.96688379180452,18.89414666356005,0,feet,0.0,-0.18438270065072349,-0.2194847489781604,-39.66200080754834,63.70001399999999,9.60003219482995,-39.59003440908847,63.70001591752033,0.0,1,3.019806626980426e-14,0.0,-0.18438270065072349,-0.21948477262303578,-39.6620008075483,-63.70001399999998,9.600032194829971,-39.59003440908847,-63.70001591752033,0.0,1,5.1514348342607263e-14,0.0,-0.20470041595584387,-0.49776678119178674,80.2548719014944,63.70001399999999,9.600293653672402,80.24185694325806,62.450015854839656,0.0,1,1.2434497875801753e-14,0.0,-0.20470041595584387,-0.49776678119178674,80.2548719014944,-63.70001399999998,9.600293653672402,80.24185694325806,-62.45001585483965,0.0,1,1.2434497875801753e-14
4.875,4875000,withdraw_front_reach,-5.4679693359375,0.0,73.26601533203124,0.998622782451634,0.0,0.052464639220683305,0.0,-5.4679693359375,0.0,73.26601533203124,34.122065073150964,19.255502180788582,0,feet,0.0,-0.17698752131636786,-0.2162608902940586,-39.665873857942046,63.70001399999999,9.600002379284916,-39.59003440908847,63.70001591752033,0.0,1,1.2434497875801753e-14,0.0,-0.17698752131636786,-0.2162609136232403,-39.665873857942046,-63.70001399999998,9.600002379284916,-39.59003440908847,-63.70001591752033,0.0,1,1.2434497875801753e-14,0.0,-0.19532404318266527,-0.48780768099463545,80.05193291828749,63.70001399999999,9.600018164449907,79.97804876496909,62.450015854839656,0.0,1,-2.842170943040401e-14,0.0,-0.19532404318266527,-0.48780768099463545,80.05193291828749,-63.70001399999998,9.600018164449907,79.97804876496909,-62.45001585483965,0.0,1,-2.842170943040401e-14
4.883333333333334,4883333,withdraw_front_reach,-5.312268595679013,0.0,73.3438657021605,0.9987000817058841,0.0,0.05097201978203783,0.0,-5.312268595679013,0.0,73.3438657021605,34.336365242905174,19.61854911691256,0,feet,0.0,-0.16956087501871409,-0.21300047828243507,-39.669610136130906,63.70001399999999,9.599981134492502,-39.648633838584175,60.014427080345826,0.0,1,-1.2434497875801753e-14,0.0,-0.16956087501871364,-0.21300050129154657,-39.66961013613089,-63.70001399999998,9.59998113449253,-39.648633838584196,-60.014427080345826,0.0,1,1.2434497875801753e-14,0.0,-0.18598490502443843,-0.47774165664433577,79.84846150893263,63.70001399999999,9.59998424909206,79.82955952680479,61.49525244739142,0.0,1,4.796163466380676e-14,0.0,-0.18598490502443843,-0.47774165664433577,79.84846150893263,-63.70001399999998,9.59998424909206,79.82955952680479,-61.49525244739142,0.0,1,4.796163466380676e-14
4.891666666666667,4891667,withdraw_front_reach,-5.15622106722608,0.0,73.42188946638696,0.9987753146834754,0.0,0.04947596162708385,0.0,-5.15622106722608,0.0,73.42188946638696,34.49241277135811,19.9828863262293,0,feet,0.0,-0.16211080165187441,-0.2097067392745866,-39.67320402881651,63.70001399999999,9.599972608993376,-39.648633838584175,60.014427080345826,0.0,1,8.881784197001252e-15,0.0,-0.16211080165187441,-0.20970676195953475,-39.67320402881651,-63.70001399999998,9.599972608993376,-39.648633838584196,-60.014427080345826,0.0,1,8.881784197001252e-15,0.0,-0.17669664798505424,-0.4675762078362973,79.64470422376405,63.70001399999999,9.600002221931902,79.65061065961649,67.44340880783868,0.0,1,3.375077994860476e-14,0.0,-0.17669664798505424,-0.4675762078362973,79.64470422376405,-63.70001399999998,9.600002221931902,79.65061065961649,-67.44340880783868,0.0,1,3.375077994860476e-14
4.9,4900000,withdraw_front_reach,-5.0,0.0,73.5,0.9988483864849507,0.0,0.04797812852134394,0.0,-5.0,0.0,73.5,34.64863383858419,20.348109146625575,0,feet,0.0,-0.15464571064089583,-0.20638272311764094,-39.676648282766116,63.70001399999999,9.599963175897535,-39.648633838584175,60.014427080345826,0.0,1,2.6645352591003757e-14,0.0,-0.15464571064089494,-0.20638274547460345,-39.67664828276613,-63.70001399999998,9.599963175897564,-39.648633838584196,-60.014427080345826,0.0,1,5.5067062021407764e-14,0.0,-0.16746866771742486,-0.45732361983197034,79.4408678364298,63.70001399999999,9.600186729092442,79.48810407602336,62.45001586773867,0.0,1,-1.9539925233402755e-14,0.0,-0.16746866771742486,-0.45732361983197034,79.4408678364298,-63.70001399999998,9.600186729092442,79.48810407602336,-62.45001586773867,0.0,1,-1.9539925233402755e-14
4.908333333333333,4908333,withdraw_front_reach,-4.84377893277392,0.0,73.57811053361304,0.9989192120327237,0.0,0.04648018752030152,0.0,-4.84377893277392,0.0,73.57811053361304,34.80485490581027,20.71381008789026,0,feet,0.0,-0.1471738116309833,-0.20303183049050677,-39.67993808690152,63.70001399999999,9.599953011953161,-39.648633838584175,60.014427080345826,0.0,1,1.5987211554602254e-14,0.0,-0.14717381163098286,-0.20303185251596467,-39.67993808690155,-63.70001399999998,9.599953011953161,-39.648633838584196,-60.014427080345826,0.0,1,1.5987211554602254e-14,0.0,-0.15831485705394366,-0.4469912572348851,79.23720611044759,63.70001399999999,9.600291717262117,79.22252826173903,62.45001586773867,0.0,1,1.5987211554602254e-14,0.0,-0.15831485705394366,-0.4469912572348851,79.23720611044759,-63.70001399999998,9.600291717262117,79.22252826173903,-62.45001586773867,0.0,1,1.5987211554602254e-14
4.916666666666667,4916667,withdraw_front_reach,-4.687731404320987,0.0,73.6561342978395,0.998987716232513,0.0,0.044983806158972545,0.0,-4.687731404320987,0.0,73.6561342978395,34.960902434263204,21.079579531622855,0,feet,0.0,-0.13970334515373084,-0.19965757749514834,-39.683069309096844,63.70001399999999,9.599942290766208,-39.648633838584175,60.014427080345826,0.0,1,0.0,0.0,-0.1397033451537304,-0.19965759918590553,-39.683069309096865,-63.70001399999998,9.599942290766208,-39.648633838584196,-60.014427080345826,0.0,1,0.0,0.0,-0.14924606296851994,-0.43658971116040934,79.03394169902212,63.70001399999999,9.60027322377644,79.05745148772243,62.4500158716601,0.0,1,-3.552713678800501e-15,0.0,-0.14924606296851994,-0.43658971116040934,79.03394169902212,-63.70001399999998,9.60027322377644,79.05745148772243,-62.4500158716601,0.0,1,-3.552713678800501e-15
4.925,4925000,withdraw_front_reach,-4.532030664062499,0.0,73.73398466796876,0.9990538340820192,0.0,0.04349064963894304,0.0,-4.532030664062499,0.0,73.73398466796876,35.11660317452169,21.445006442442832,0,feet,0.0,-0.13224256949816082,-0.1962635919055704,-39.68603850887194,63.70001399999999,9.599931180915377,-39.648633838584175,60.014427080345826,0.0,1,-1.7763568394002505e-14,0.0,-0.13224256949816082,-0.19626361325876474,-39.686038508871924,-63.70001399999998,9.599931180915405,-39.648633838584196,-60.014427080345826,0.0,1,1.0658141036401503e-14,0.0,-0.14027093774737098,-0.4261319748296515,78.83128127466824,63.70001399999999,9.600228477233102,78.86859420127595,62.450015874526294,0.0,1,6.217248937900877e-14,0.0,-0.14027093774737098,-0.4261319748296515,78.83128127466824,-63.70001399999998,9.600228477233102,78.86859420127595,-62.45001587452629,0.0,1,6.217248937900877e-14
4.933333333333334,4933333,withdraw_front_reach,-4.37684938271605,0.0,73.81157530864198,0.9991175107269554,0.0,0.04200237801329959,0.0,-4.37684938271605,0.0,73.81157530864198,35.271784455868136,21.809679090147654,0,feet,0.0,-0.12479974740003685,-0.1928536088449757,-39.68884294653791,63.70001399999999,9.599919844212707,-39.648633838584175,60.014427080345826,0.0,1,1.9539925233402755e-14,0.0,-0.12479974740003685,-0.1928536298580945,-39.68884294653791,-63.70001399999998,9.599919844212707,-39.648633838584196,-60.014427080345826,0.0,1,1.9539925233402755e-14,0.0,-0.1313975513598069,-0.415631570198141,78.62943029872159,63.70001399999999,9.600269357119174,78.60478602298699,62.450015874526294,0.0,1,-1.9539925233402755e-14,0.0,-0.1313975513598069,-0.415631570198141,78.62943029872159,-63.70001399999998,9.600269357119174,78.60478602298699,-62.45001587452629,0.0,1,-1.9539925233402755e-14
4.941666666666666,4941667,withdraw_front_reach,-4.222359362943672,0.0,73.88882031852816,0.9991787014648033,0.0,0.04052064336988713,0.0,-4.222359362943672,0.0,73.88882031852816,35.42627447564052,22.172860108010546,0,feet,0.0,-0.11738313254222366,-0.18943146586471293,-39.69148058872378,63.70001399999999,9.599908434129631,-39.648633838584175,60.014427080345826,0.0,1,-1.2434497875801753e-14,0.0,-0.11738313254222321,-0.18943148653560682,-39.69148058872379,-63.70001399999998,9.599908434129631,-39.648633838584196,-60.014427080345826,0.0,1,-1.2434497875801753e-14,0.0,-0.12264175032084346,-0.40509347184644984,78.42866368083432,63.70001399999999,9.599911195934652,78.34215298937394,62.450015874526294,0.0,1,1.0658141036401503e-14,0.0,-0.12264175032084346,-0.40509347184644984,78.42866368083432,-63.70001399999998,9.599911195934652,78.34215298937394,-62.45001587452629,0.0,1,1.0658141036401503e-14
4.95,4950000,withdraw_front_reach,-4.068731250000001,0.0,73.965634375,0.9992373716969223,0.0,0.039047087013331976,0.0,-4.068731250000001,0.0,73.965634375,35.57990258858419,22.53427000748532,0,feet,0.0,-0.11000095586007896,-0.18600109740067605,-39.69395011022955,63.70001399999999,9.59989709440653,-39.648633838584175,60.014427080345826,0.0,1,-1.2434497875801753e-14,0.0,-0.11000095586007896,-0.18600111772757089,-39.69395011022957,-63.70001399999998,9.5998970944065,-39.648633838584196,-60.014427080345826,0.0,1,-3.907985046680551e-14,0.0,-0.11400070034141763,-0.39454236750562055,78.22909024319962,63.70001399999999,9.599990644312783,78.21583290914594,66.24574647018272,0.0,1,-1.2434497875801753e-14,0.0,-0.11400070034141763,-0.39454236750562055,78.22909024319962,-63.70001399999998,9.599990644312783,78.21583290914594,-66.24574647018272,0.0,1,-1.2434497875801753e-14
4.958333333333333,4958333,withdraw_front_reach,-3.9161342423804006,0.0,74.0419328788098,0.9992934968299021,0.0,0.03758333664626539,0.0,-3.9161342423804006,0.0,74.0419328788098,35.73249959620379,22.89369715812885,0,feet,0.0,-0.10266141164717668,-0.18256652858514988,-39.696250892169964,63.70001399999999,9.599885957857992,-39.648633838584175,60.014427080345826,0.0,1,1.5987211554602254e-14,0.0,-0.10266141164717668,-0.18256654856666454,-39.69625089216995,-63.70001399999998,9.599885957857978,-39.648633838584196,-60.014427080345826,0.0,1,-1.7763568394002505e-15,0.0,-0.10548980308190581,-0.3839834243475493,78.03098667873248,63.70001399999999,9.60000189791596,78.03263749749317,67.45351777408806,0.0,1,1.7763568394002505e-14,0.0,-0.10548980308190581,-0.3839834243475493,78.03098667873248,-63.70001399999998,9.60000189791596,78.03263749749317,-67.45351777408806,0.0,1,1.7763568394002505e-14
4.966666666666667,4966667,withdraw_front_reach,-3.7647358024691355,0.0,74.11763209876543,0.9993470621272957,0.0,0.036131003550177565,0.0,-3.7647358024691355,0.0,74.11763209876543,35.883898036115056,23.250735046785252,0,feet,0.0,-0.0953726434580413,-0.17913186839477557,-39.698383016390316,63.70001399999999,9.599875145384857,-39.648633838584175,60.014427080345826,0.0,1,-3.552713678800501e-14,0.0,-0.09537264345804042,-0.1791318880299304,-39.69838301639032,-63.70001399999998,9.599875145384914,-39.648633838584196,-60.014427080345826,0.0,1,2.1316282072803006e-14,0.0,-0.09711626363123349,-0.37343025721321776,77.83455614984538,63.70001399999999,9.59999987695663,77.82501467640168,67.25214372180568,0.0,1,2.842170943040401e-14,0.0,-0.09711626363123393,-0.37343025721321776,77.83455614984541,-63.70001399999998,9.599999876956616,77.82501467640168,-67.25214372180568,0.0,1,1.4210854715202004e-14
4.975,4975000,withdraw_front_reach,-3.6147013671874992,0.0,74.19264931640625,0.9993980625131265,0.0,0.03469167976631985,0.0,-3.6147013671874992,0.0,74.19264931640625,36.03393247139669,23.604980217579985,0,feet,0.0,-0.08814272980599336,-0.17570130211834067,-39.70034725615745,63.70001399999999,9.599864765199243,-39.648633838584175,60.014427080345826,0.0,1,1.7763568394002505e-15,0.0,-0.08814272980599291,-0.17570132140656858,-39.70034725615748,-63.70001399999998,9.599864765199243,-39.648633838584196,-60.014427080345826,0.0,1,1.7763568394002505e-15,0.0,-0.08888770517672873,-0.3628957516864286,77.6400061858115,63.70001399999999,9.599978416633547,77.61931333856509,67.09890351956915,0.0,1,3.019806626980426e-14,0.0,-0.08888770517672873,-0.3628957516864286,77.6400061858115,-63.70001399999998,9.599978416633547,77.61931333856509,-67.09890351956915,0.0,1,3.019806626980426e-14
4.983333333333333,4983333,withdraw_front_reach,-3.4661940586419755,0.0,74.26690297067901,0.9994465023288,0.0,0.033266935277058984,0.0,-3.4661940586419755,0.0,74.26690297067901,36.32759170319845,23.956033048672694,0,feet,0.0,-0.08097954152463105,-0.1722792046211037,-39.702145968885034,63.70001399999999,9.599862291515521,-39.79378576184042,63.70001591568979,0.0,1,-7.105427357601002e-15,0.0,-0.0809795415246306,-0.17227922356228165,-39.70214596888504,-63.70001399999998,9.59986229151555,-39.79378576184044,-63.70001591568979,0.0,1,2.3092638912203256e-14,0.0,-0.08081010248855769,-0.352394169135005,77.44753032177444,63.70001399999999,9.600014398363541,77.47705903099852,63.700015888785835,0.0,1,5.861977570020827e-14,0.0,-0.08081010248855813,-0.352394169135005,77.44753032177447,-63.70001399999998,9.600014398363527,77.47705903099852,-63.70001588878583,0.0,1,4.440892098500626e-14
4.991666666666666,4991667,withdraw_front_reach,-3.3193743947723764,0.0,74.34031280261381,0.9994923950452939,0.0,0.03185831518806679,0.0,-3.3193743947723764,0.0,74.34031280261381,36.47441136706805,24.303498536244774,0,feet,0.0,-0.07389081060572433,-0.168870051672255,-39.703782484171604,63.70001399999999,9.599877774103348,-39.79378576184042,63.70001591568979,0.0,1,-5.329070518200751e-15,0.0,-0.07389081060572344,-0.16887007026671164,-39.70378248417163,-63.70001399999998,9.599877774103348,-39.79378576184044,-63.70001591568979,0.0,1,-5.329070518200751e-15,0.0,-0.07289152799410248,-0.3419373774390424,77.25734238423087,63.70001399999999,9.600013321415958,77.2274656024202,63.700015888785835,0.0,1,3.019806626980426e-14,0.0,-0.07289152799410248,-0.3419373774390424,77.25734238423087,-63.70001399999998,9.600013321415958,77.2274656024202,-63.70001588878583,0.0,1,3.019806626980426e-14
5.0,5000000,withdraw_front_reach,-3.1744000000000003,0.0,74.4128,0.999535762932727,0.0,0.030467336911706645,0.0,-3.1744000000000003,0.0,74.4128,36.61938576184043,24.646987085063103,0,feet,0.0,-0.06688467651872587,-0.1654778792024545,-39.70525711814805,63.70001399999999,9.59989148620761,-39.79378576184042,63.70001591568979,0.0,1,3.552713678800501e-14,0.0,-0.06688467651872587,-0.16547789745093366,-39.705257118148104,-63.70001399999998,9.599891486207554,-39.79378576184044,-63.70001591568979,0.0,1,-1.9539925233402755e-14,0.0,-0.06513782565564386,-0.33153907171790253,77.06963434988181,63.70001399999999,9.600000084372837,77.06596838787885,65.87399660422699,0.0,1,-1.7763568394002505e-15,0.0,-0.06513782565564386,-0.33153907171790253,77.06963434988181,-63.70001399999998,9.600000084372837,77.06596838787885,-65.87399660422699,0.0,1,-1.7763568394002505e-15
5.008333333333334,5008333,withdraw_front_reach,-3.0314253158757714,0.0,74.48428734206212,0.9995766366896299,0.0,0.02909548735195109,0.0,-3.0314253158757714,0.0,74.48428734206212,36.76236044596465,24.986115304943112,0,feet,0.0,-0.059968809476606655,-0.16210708951596464,-39.70657325223602,63.70001399999999,9.599903533155128,-39.79378576184042,63.70001591568979,0.0,1,5.861977570020827e-14,0.0,-0.059968809476606655,-0.16210710741966938,-39.70657325223604,-63.70001399999998,9.5999035331551,-39.79378576184044,-63.70001591568979,0.0,1,3.019806626980426e-14,0.0,-0.0575507470934431,-0.3212167699101074,76.88456674529387,63.70001399999999,9.600248968275253,76.91540899218005,63.700015894040135,0.0,1,3.197442310920451e-14,0.0,-0.0575507470934431,-0.3212167699101074,76.88456674529387,-63.70001399999998,9.600248968275253,76.91540899218005,-63.700015894040135,0.0,1,3.197442310920451e-14
5.016666666666667,5016667,withdraw_front_reach,-2.8906013117283957,0.0,74.5546993441358,0.999615055034454,0.0,0.027744220091135786,0.0,-2.8906013117283957,0.0,74.5546993441358,36.90318445011203,25.320506812419872,0,feet,0.0,-0.05315073996481923,-0.15876211318263822,-39.70773485949894,63.70001399999999,9.599914015756667,-39.79378576184042,63.70001591568979,0.0,1,2.1316282072803006e-14,0.0,-0.05315073996481878,-0.15876213074323653,-39.70773485949898,-63.70001399999998,9.599914015756667,-39.79378576184044,-63.70001591568979,0.0,1,2.1316282072803006e-14,0.0,-0.05014303134773801,-0.3109764824932073,76.70238868541387,63.70001399999999,9.600262265493967,76.6760081851295,63.700015894040135,0.0,1,1.0658141036401503e-14,0.0,-0.05014303134773801,-0.3109764824932073,76.70238868541387,-63.70001399999998,9.600262265493967,76.6760081851295,-63.700015894040135,0.0,1,1.0658141036401503e-14
5.025,5025000,withdraw_front_reach,-2.7520751953125,0.0,74.62396240234375,0.9996510642620546,0.0,0.026414952578822537,0.0,-2.7520751953125,0.0,74.62396240234375,37.041710566527925,25.649793036924947,0,feet,0.0,-0.046437843262652656,-0.15544739728525547,-39.708746474149066,63.70001399999999,9.59992303027812,-39.79378576184042,63.70001591568979,0.0,1,3.375077994860476e-14,0.0,-0.04643784326265221,-0.15544741450488653,-39.70874647414908,-63.70001399999998,9.59992303027812,-39.79378576184044,-63.70001591568979,0.0,1,3.375077994860476e-14,0.0,-0.04291609216575232,-0.3008351376290128,76.52325310386695,63.70001399999999,9.600275650070643,76.545337913669,63.700015896894804,0.0,1,2.4868995751603507e-14,0.0,-0.04291609216575232,-0.3008351376290128,76.52325310386695,-63.70001399999998,9.600275650070643,76.545337913669,-63.7000158968948,0.0,1,2.4868995751603507e-14
5.033333333333333,5033333,withdraw_front_reach,-2.6159901234567897,0.0,74.69200493827161,0.9996847177680777,0.0,0.025109063323010248,0.0,-2.6159901234567897,0.0,74.69200493827161,37.177795638383635,25.973614030760558,0,feet,0.0,-0.03983732378945426,-0.15216739298463056,-39.709613157953875,63.70001399999999,9.599930668524095,-39.79378576184042,63.70001591568979,0.0,1,-5.329070518200751e-15,0.0,-0.03983732378945426,-0.1521674098659136,-39.70961315795386,-63.70001399999998,9.599930668524124,-39.79378576184044,-63.70001591568979,0.0,1,2.1316282072803006e-14,0.0,-0.03587455080076829,-0.2908060386118958,76.3473399946754,63.70001399999999,9.60028245134231,76.36593779277183,63.70001589824611,0.0,1,-5.3290705182007514e-14,0.0,-0.03587455080076829,-0.2908060386118958,76.3473399946754,-63.70001399999998,9.60028245134231,76.36593779277183,-63.70001589824611,0.0,1,-5.3290705182007514e-14
5.041666666666667,5041667,withdraw_front_reach,-2.4824849127121915,0.0,74.75875754364391,0.9997160755443545,0.0,0.023827889083895878,0.0,-2.4824849127121915,0.0,74.75875754364391,37.31130084912823,26.29161928216002,0,feet,0.0,-0.03335619928582112,-0.14892654242205383,-39.710340463724464,63.70001399999999,9.599937018019304,-39.79378576184042,63.70001591568979,0.0,1,1.9539925233402755e-14,0.0,-0.033356199285820676,-0.14892655896808904,-39.71034046372448,-63.70001399999998,9.599937018019332,-39.79378576184044,-63.70001591568979,0.0,1,4.796163466380676e-14,0.0,-0.02902324941335177,-0.2809017699206282,76.17482866421248,63.70001399999999,9.600233529478658,76.13897893450601,63.70001589824611,0.0,1,7.105427357601002e-15,0.0,-0.02902324941335177,-0.2809017699206282,76.17482866421248,-63.70001399999998,9.600233529478658,76.13897893450601,-63.70001589824611,0.0,1,7.105427357601002e-15
5.05,5050000,withdraw_front_reach,-2.3516937499999995,0.0,74.824153125,0.999745203648577,0.0,0.022572722070350368,0.0,-2.3516937499999995,0.0,74.824153125,37.44209201184042,26.60346853072351,0,feet,0.0,-0.027001284841222883,-0.1457292649842108,-39.710934396091695,63.70001399999999,9.599942162268903,-39.79378576184042,63.70001591568979,0.0,1,-3.552713678800501e-15,0.0,-0.02700128484122244,-0.14572928119858597,-39.71093439609172,-63.70001399999998,9.599942162268874,-39.79378576184044,-63.70001591568979,0.0,1,-3.197442310920451e-14,0.0,-0.02236365150850217,-0.27113768003593197,76.00586845860347,63.70001399999999,9.600271590063926,75.99509074312574,63.70001590020452,0.0,1,-2.6645352591003757e-14,0.0,-0.02236365150850217,-0.27113768003593197,76.00586845860347,-63.70001399999998,9.600271590063926,75.99509074312574,-63.70001590020452,0.0,1,-2.6645352591003757e-14
5.058333333333334,5058333,withdraw_front_reach,-2.223745903260031,0.0,74.88812704836998,0.9997721736516719,0.0,0.021344807139236185,0.0,-2.223745903260031,0.0,74.88812704836998,37.570039858580394,26.908832584523246,0,feet,0.0,-0.020779176780813202,-0.14257994296155063,-39.711401369797194,63.70001399999999,9.599946181081563,-39.79378576184042,63.70001591568979,0.0,1,8.881784197001252e-15,0.0,-0.020779176780812758,-0.1425799588483394,-39.711401369797194,-63.70001399999998,9.599946181081592,-39.79378576184044,-63.70001591568979,0.0,1,3.552713678800501e-14,0.0,-0.015900466877724728,-0.26152539020569776,75.84063218565231,63.70001399999999,9.600301043375708,75.83593300211434,63.70001590160536,0.0,1,1.4210854715202004e-14,0.0,-0.015900466877724728,-0.26152539020569776,75.84063218565231,-63.70001399999998,9.600301043375708,75.83593300211434,-63.700015901605354,0.0,1,1.4210854715202004e-14
5.066666666666666,5066667,withdraw_front_reach,-2.0987654320987654,0.0,74.95061728395062,0.9997970620664324,0.0,0.0201453389976538,0.0,-2.0987654320987654,0.0,74.95061728395062,37.69502032974166,27.207394138178564,0,feet,0.0,-0.014696236425388864,-0.1394829066368306,-39.71174816574852,63.70001399999999,9.599949150935231,-39.79378576184042,63.70001591568979,0.0,1,-3.552713678800501e-15,0.0,-0.014696236425387976,-0.13948292220059066,-39.711748165748574,-63.70001399999998,9.599949150935217,-39.79378576184044,-63.70001591568979,0.0,1,-1.7763568394002505e-14,0.0,-0.00963937830807593,-0.25207500178098297,75.67929585326942,63.70001399999999,9.600139856049495,75.62346620114019,63.70001590160536,0.0,1,2.842170943040401e-14,0.0,-0.00963937830807593,-0.25207500178098297,75.67929585326942,-63.70001399999998,9.600139856049495,75.62346620114019,-63.700015901605354,0.0,1,2.842170943040401e-14
5.075,5075000,withdraw_front_reach,-1.9768708984375005,0.0,75.01156455078124,0.9998199497610802,0.0,0.018975459408166615,0.0,-1.9768708984375005,0.0,75.01156455078124,37.81691486340292,27.498848591212152,0,feet,0.0,-0.008758573739543696,-0.13644241884646346,-39.711981885107825,63.70001399999999,9.599951145368692,-39.79378576184042,63.70001591568979,0.0,1,-2.842170943040401e-14,0.0,-0.008758573739543252,-0.13644243409224188,-39.711981885107825,-63.70001399999998,9.59995114536872,-39.79378576184044,-63.70001591568979,0.0,1,0.0,0.0,-0.003579557494040042,-0.24280231213169623,75.52198084118348,63.70001399999999,9.59999867576731,75.52217676467767,65.47026813174442,0.0,1,-1.9539925233402755e-14,0.0,-0.003579557494040042,-0.24280231213169623,75.52198084118348,-63.70001399999998,9.59999867576731,75.52217676467767,-65.47026813174442,0.0,1,-1.9539925233402755e-14
5.083333333333333,5083333,withdraw_front_reach,-1.8581750771604935,0.0,75.07091246141975,0.9998409213615359,0.0,0.017836254397015035,0.0,-1.8581750771604935,0.0,75.07091246141975,37.93561068467993,27.782904866011428,0,feet,0.0,-0.0029720308840945897,-0.1334626590630381,-39.712109901701616,63.70001399999999,9.599952235380385,-39.79378576184042,63.70001591568979,0.0,1,-1.9539925233402755e-14,0.0,-0.0029720308840941456,-0.13346267399635803,-39.71210990170163,-63.70001399999998,9.599952235380414,-39.79378576184044,-63.70001591568979,0.0,1,8.881784197001252e-15,0.0,0.002278538488639903,-0.23372126981931407,75.36881709154548,63.70001399999999,9.599980902057652,75.35155582508895,65.4658392688918,0.0,1,-2.3092638912203256e-14,0.0,0.002278538488639903,-0.23372126981931407,75.36881709154548,-63.70001399999998,9.599980902057652,75.35155582508895,-65.4658392688918,0.0,1,-2.3092638912203256e-14
5.091666666666667,5091667,withdraw_front_reach,-1.7427846667631175,0.0,75.12860766661844,0.9998600646462545,0.0,0.016728751465293994,0.0,-1.7427846667631175,0.0,75.12860766661844,38.05100109507731,28.05928622473384,0,feet,0.0,0.0026578343103138558,-0.13054770705302365,-39.71213981305806,63.70001399999999,9.599952489817994,-39.79378576184042,63.70001591568979,0.0,1,3.197442310920451e-14,0.0,0.0026578343103138558,-0.13054772167988205,-39.71213981305807,-63.70001399999998,9.599952489817966,-39.79378576184044,-63.70001591568979,0.0,1,3.552713678800501e-15,0.0,0.007931810382121096,-0.22484252048656783,75.21994835387594,63.70001399999999,9.599994990881441,75.21040894477784,67.46700275270982,0.0,1,3.197442310920451e-14,0.0,0.007931810382121096,-0.22484252048656783,75.21994835387594,-63.70001399999998,9.599994990881441,75.21040894477784,-67.46700275270982,0.0,1,3.197442310920451e-14
5.1,5100000,withdraw_front_reach,-1.6308000000000002,0.0,75.1846,0.9998774699375538,0.0,0.015653916803032242,0.0,-1.6308000000000002,0.0,75.1846,38.162985761840424,28.327731084513182,0,feet,0.0,0.008125764930734913,-0.12770152616909325,-39.71207939039239,63.70001399999999,9.59995197574338,-39.79378576184042,63.70001591568979,0.0,1,-1.2434497875801753e-14,0.0,0.008125764930734913,-0.1277015404959556,-39.71207939039238,-63.70001399999998,9.599951975743409,-39.79378576184044,-63.70001591568979,0.0,1,1.7763568394002505e-14,0.0,0.013378331977259794,-0.21617713679435147,75.07550425790745,63.70001399999999,9.600002001599307,75.07459099880916,65.98633563954758,0.0,1,-1.5987211554602254e-14,0.0,0.013378331977259794,-0.21617713679435147,75.07550425790745,-63.70001399999998,9.600002001599307,75.07459099880916,-65.98633563954758,0.0,1,-1.5987211554602254e-14
5.108333333333333,5108333,withdraw_front_reach,-1.5223147545331794,0.0,75.23884262273342,0.9998932294933978,0.0,0.014612652506078863,0.0,-1.5223147545331794,0.0,75.23884262273342,38.27147100730725,28.587993830342853,0,feet,0.0,0.013426821612305684,-0.12492794634164017,-39.71193652787565,63.70001399999999,9.599950758759874,-39.79378576184042,63.70001591568979,0.0,1,1.2434497875801753e-14,0.0,0.013426821612305684,-0.1249279603754232,-39.711936527875665,-63.70001399999998,9.599950758759846,-39.79378576184044,-63.70001591568979,0.0,1,-1.5987211554602254e-14,0.0,0.01862072546290916,-0.2077398114659803,74.93557601904956,63.70001399999999,9.600225923745995,74.97232974479417,63.700015908487444,0.0,1,-1.0658141036401503e-14,0.0,0.01862072546290916,-0.2077398114659803,74.93557601904956,-63.70001399999998,9.600225923745995,74.97232974479417,-63.700015908487444,0.0,1,-1.0658141036401503e-14
5.116666666666666,5116667,withdraw_front_reach,-1.4174156635802468,0.0,75.29129216820988,0.9999074369036315,0.0,0.013605793795670734,0.0,-1.4174156635802468,0.0,75.29129216820988,38.37637009826018,28.839845625033853,0,feet,0.0,0.01855639919273555,-0.12223064683873908,-39.711719191533476,63.70001399999999,9.599948903288634,-39.79378576184042,63.70001591568979,0.0,1,-1.7763568394002505e-15,0.0,0.01855639919273644,-0.12223066058680532,-39.71171919153352,-63.70001399999998,9.599948903288634,-39.79378576184044,-63.70001591568979,0.0,1,-3.552713678800501e-15,0.0,0.023652436996300263,-0.1995356358909981,74.80031542695833,63.70001399999999,9.60029420148146,74.79400129017418,63.700015908487444,0.0,1,4.796163466380676e-14,0.0,0.023652436996300263,-0.1995356358909981,74.80031542695833,-63.70001399999998,9.60029420148146,74.79400129017418,-63.700015908487444,0.0,1,4.796163466380676e-14
5.125,5125000,withdraw_front_reach,-1.3161822265625003,0.0,75.34190888671876,0.9999201864946538,0.0,0.012634106240526823,0.0,-1.3161822265625003,0.0,75.34190888671876,38.47760353527792,29.08307521566811,0,feet,0.0,0.023510243371843043,-0.1196131388681212,-39.71143536812941,63.70001399999999,9.599946472786712,-39.79378576184042,63.70001591568979,0.0,1,-1.4210854715202004e-14,0.0,0.023510243371843043,-0.11961315233825953,-39.71143536812941,-63.70001399999998,9.599946472786712,-39.79378576184044,-63.70001591568979,0.0,1,-1.4210854715202004e-14,0.0,0.02847270070133945,-0.19157440249589408,74.6698240294495,63.70001399999999,9.600176682590913,74.621904447244,63.700015908487444,0.0,1,1.7763568394002505e-15,0.0,0.02847270070133945,-0.19157440249589408,74.6698240294495,-63.70001399999998,9.600176682590913,74.621904447244,-63.700015908487444,0.0,1,1.7763568394002505e-15
5.133333333333334,5133333,withdraw_front_reach,-1.2186864197530864,0.0,75.39065679012346,0.9999315727465004,0.0,0.011698282981289622,0.0,-1.2186864197530864,0.0,75.39065679012346,38.57509934208734,29.317489735992623,0,feet,0.0,0.028284467356921805,-0.11707874809836838,-39.71109301439543,63.70001399999999,9.599943529898212,-39.79378576184042,63.70001591568979,0.0,1,-7.105427357601002e-15,0.0,0.028284467356922693,-0.1170787612987767,-39.71109301439546,-63.70001399999998,9.59994352989824,-39.79378576184044,-63.70001591568979,0.0,1,2.1316282072803006e-14,0.0,0.03308771301403679,-0.18387165374228687,74.54414711239859,63.70001399999999,9.600251914629212,74.57393026416756,63.700015910542625,0.0,1,3.907985046680551e-14,0.0,0.03308771301403679,-0.18387165374228687,74.54414711239859,-63.70001399999998,9.600251914629212,74.57393026416756,-63.70001591054262,0.0,1,3.907985046680551e-14
5.141666666666667,5141667,withdraw_front_reach,-1.1249924069251545,0.0,75.43750379653743,0.9999416897262594,0.0,0.010798941957112578,0.0,-1.1249924069251545,0.0,75.43750379653743,38.66879335491527,29.542915504225817,0,feet,0.0,0.03287556847471196,-0.11463059717958712,-39.710700006974236,63.70001399999999,9.599940136534812,-39.79378576184042,63.70001591568979,0.0,1,-4.973799150320701e-14,0.0,0.032875568474712846,-0.11463061011885589,-39.71070000697424,-63.70001399999998,9.599940136534869,-39.79378576184044,-63.70001591568979,0.0,1,7.105427357601002e-15,0.0,0.03749421832477173,-0.1764330464149988,74.4233915162151,63.70001399999999,9.600294133728326,74.41465044236007,63.700015910542625,0.0,1,1.2434497875801753e-14,0.0,0.03749421832477173,-0.1764330464149988,74.4233915162151,-63.70001399999998,9.600294133728326,74.41465044236007,-63.70001591054262,0.0,1,1.2434497875801753e-14
5.15,5150000,withdraw_front_reach,-1.03515625,0.0,75.482421875,0.999950630541673,0.0,0.009936623134173811,0.0,-1.03515625,0.0,75.482421875,38.758629511840425,29.7591988157752,0,feet,0.0,0.037280444730920514,-0.11227158834612583,-39.710264093438774,63.70001399999999,9.599936353883905,-39.79378576184042,63.70001591568979,0.0,1,-1.4210854715202004e-14,0.0,0.03728044473092096,-0.11227160103321188,-39.7102640934388,-63.70001399999998,9.599936353883919,-39.79378576184044,-63.70001591568979,0.0,1,0.0,0.0,0.041691079509210915,-0.16926526447376533,74.30763934715229,63.70001399999999,9.600189290967194,74.26192897558731,63.700015910542625,0.0,1,-3.197442310920451e-14,0.0,0.041691079509210915,-0.16926526447376533,74.30763934715229,-63.70001399999998,9.600189290967194,74.26192897558731,-63.70001591054262,0.0,1,-3.197442310920451e-14
5.158333333333333,5158333,withdraw_front_reach,-0.9492256196952159,0.0,75.52538719015239,0.9999584868186796,0.0,0.009111785735882573,0.0,-0.9492256196952159,0.0,75.52538719015239,38.84456014214521,29.966206730394383,0,feet,0.0,0.04149641129856274,-0.1100043861853428,-39.709792844752855,63.70001399999999,9.599932242343911,-39.79378576184042,63.70001591568979,0.0,1,2.3092638912203256e-14,0.0,0.04149641129856363,-0.11000439862954892,-39.70979284475291,-63.70001399999998,9.599932242343883,-39.79378576184044,-63.70001591568979,0.0,1,-5.329070518200751e-15,0.0,0.045680391598217795,-0.16237704071460346,74.1969412105876,63.70001399999999,9.600001949364867,74.20107107544506,65.48333347776813,0.0,1,1.9539925233402755e-14,0.0,0.045680391598217795,-0.16237704071460346,74.1969412105876,-63.70001399999998,9.600001949364867,74.20107107544506,-65.48333347776813,0.0,1,1.9539925233402755e-14
5.166666666666667,5166667,withdraw_front_reach,-0.8672395061728395,0.0,75.56638024691358,0.9999653482065322,0.0,0.008324805474534349,0.0,-0.8672395061728395,0.0,75.56638024691358,38.92654625566759,30.163827853337622,0,feet,0.0,0.0455212169168826,-0.10783140065706132,-39.709293609528565,63.70001399999999,9.59992786139108,-39.79378576184042,63.70001591568979,0.0,1,1.7763568394002505e-14,0.0,0.045521216916883045,-0.10783141286800735,-39.70929360952859,-63.70001399999998,9.599927861391052,-39.79378576184044,-63.70001591568979,0.0,1,-1.0658141036401503e-14,0.0,0.049467795158991024,-0.1557794499865226,74.0913160652341,63.70001399999999,9.599993708587391,74.0778198245153,66.67061985496431,0.0,1,4.263256414560601e-14,0.0,0.049467795158991024,-0.1557794499865226,74.0913160652341,-63.70001399999998,9.599993708587391,74.0778198245153,-66.67061985496431,0.0,1,4.263256414560601e-14
5.175,5175000,withdraw_front_reach,-0.7892279296875002,0.0,75.60538603515624,0.9999713019139727,0.0,0.007575971784164581,0.0,-0.7892279296875002,0.0,75.60538603515624,39.004557832152926,30.351973110102314,0,feet,0.0,0.04935306018327257,-0.10575477044793713,-39.708773470428824,63.70001399999999,9.599923269382074,-39.79378576184042,63.70001591568979,0.0,1,-1.2434497875801753e-14,0.0,0.04935306018327257,-0.10575478243552983,-39.70877347042886,-63.70001399999998,9.599923269382046,-39.79378576184044,-63.70001591568979,0.0,1,-3.907985046680551e-14,0.0,0.05305051666548266,-0.14947449961752524,73.9908314320936,63.70001399999999,9.599894746247074,73.94520014449023,66.67061985496431,0.0,1,1.2434497875801753e-14,0.0,0.05305051666548222,-0.1494744996175248,73.99083143209357,-63.70001399999998,9.599894746247045,73.94520014449023,-66.67061985496431,0.0,1,-1.5987211554602254e-14
5.183333333333334,5183333,withdraw_front_reach,-0.715211651234568,0.0,75.64239417438272,0.9999764322797655,0.0,0.006865485054348921,0.0,-0.715211651234568,0.0,75.64239417438272,39.07857411060586,30.530576514383135,0,feet,0.0,0.052990605721431994,-0.10377634674357994,-39.70823920304907,63.70001399999999,9.599918523299735,-39.79378576184042,63.70001591568979,0.0,1,-1.2434497875801753e-14,0.0,0.05299060572143288,-0.10377635851798628,-39.7082392030491,-63.70001399999998,9.599918523299763,-39.79378576184044,-63.70001591568979,0.0,1,1.5987211554602254e-14,0.0,0.056431523927942706,-0.14346845562665456,73.89550455056386,63.70001399999999,9.599765156072749,73.96302201315699,66.08449162208595,0.0,1,2.1316282072803006e-14,0.0,0.056431523927942706,-0.14346845562665456,73.89550455056386,-63.70001399999998,9.599765156072749,73.96302201315699,-66.08449162208595,0.0,1,2.1316282072803006e-14
5.191666666666666,5191667,withdraw_front_reach,-0.6452018831983025,0.0,75.67739905840085,0.999980820380684,0.0,0.00619345386470014,0.0,-0.6452018831983025,0.0,75.67739905840085,39.14858387864212,30.699595928896763,0,feet,0.0,0.056433000210006856,-0.10189767749884604,-39.70769723759615,63.70001399999999,9.599913678450875,-39.79378576184042,63.70001591568979,0.0,1,7.105427357601002e-15,0.0,0.0564330002100073,-0.10189768907045238,-39.70769723759618,-63.70001399999998,9.599913678450847,-39.79378576184044,-63.70001591568979,0.0,1,-2.1316282072803006e-14,0.0,0.05961838693500576,-0.1377707816596998,73.80531320896701,63.70001399999999,9.599924612895492,73.84400540749533,66.08449162208595,0.0,1,2.842170943040401e-14,0.0,0.05961838693500576,-0.1377707816596998,73.80531320896701,-63.70001399999998,9.599924612895492,73.84400540749533,-66.08449162208595,0.0,1,2.842170943040401e-14
5.2,5200000,withdraw_front_reach,-0.5792000000000002,0.0,75.71039999999999,0.999984543679803,0.0,0.005559892219817899,0.0,-0.5792000000000002,0.0,75.71039999999999,39.214585761840425,30.85901381877401,0,feet,0.0,0.05967988825707993,-0.10011999228311375,-39.7071536236617,63.70001399999999,9.599908788126527,-39.79378576184042,63.70001591568979,0.0,1,-1.5987211554602254e-14,0.0,0.05967988825708037,-0.1001200036624974,-39.7071536236617,-63.70001399999998,9.599908788126555,-39.79378576184044,-63.70001591568979,0.0,1,1.2434497875801753e-14,0.0,0.06260741567453598,-0.13237909152431593,73.72030064287374,63.70001399999999,9.599995696538045,73.73180220605822,66.08449162208595,0.0,1,8.171241461241152e-14,0.0,0.06260741567453598,-0.13237909152431593,73.72030064287374,-63.70001399999998,9.599995696538045,73.73180220605822,-66.08449162208595,0.0,1,8.171241461241152e-14
5.208333333333333,5208333,withdraw_front_reach,-0.517197248746142,0.0,75.74140137562694,0.9999876757176811,0.0,0.004964716784457654,0.0,-0.517197248746142,0.0,75.74140137562694,39.27658851309428,31.00883799725534,0,feet,0.0,0.06273142810722687,-0.0984441877727491,-39.706613998363416,63.70001399999999,9.599903903236083,-39.79378576184042,63.70001591568979,0.0,1,2.1316282072803006e-14,0.0,0.06273142810722687,-0.09844419897063483,-39.70661399836343,-63.70001399999998,9.599903903236054,-39.79378576184044,-63.70001591568979,0.0,1,-7.105427357601002e-15,0.0,0.06540171629928437,-0.1272961100989387,73.64045241894593,63.70001399999999,9.599992297891177,73.62639752892666,66.08449162208595,0.0,1,1.5987211554602254e-14,0.0,0.06540171629928437,-0.1272961100989387,73.64045241894593,-63.70001399999998,9.599992297891177,73.62639752892666,-66.08449162208595,0.0,1,1.5987211554602254e-14
5.216666666666667,5216667,withdraw_front_reach,-0.45917445987654304,0.0,75.77041277006172,0.9999902858487096,0.0,0.004407744118698552,0.0,-0.45917445987654304,0.0,75.77041277006172,39.33461130196388,31.149102363468685,0,feet,0.0,0.06558830716931219,-0.09687081395710928,-39.70608355810087,63.70001399999999,9.599899071926416,-39.79378576184042,63.70001591568979,0.0,1,-1.0658141036401503e-14,0.0,0.06558830716931219,-0.09687082498433419,-39.706083558100836,-63.70001399999998,9.599899071926444,-39.79378576184044,-63.70001591568979,0.0,1,1.7763568394002505e-14,0.0,0.06800589185953809,-0.1225246365401329,73.5657327693217,63.70001399999999,9.599998554220875,73.64152955849717,63.70001591546515,0.0,1,3.197442310920451e-14,0.0,0.06800589185953809,-0.1225246365401329,73.5657327693217,-63.70001399999998,9.599998554220875,73.64152955849717,-63.700015915465144,0.0,1,3.197442310920451e-14
5.225,5225000,withdraw_front_reach,-0.4051017578124999,0.0,75.79744912109375,0.9999924390245738,0.0,0.0038886879129070738,0.0,-0.4051017578124999,0.0,75.79744912109375,39.38868400402792,31.279867632114033,0,feet,0.0,0.0682517573548318,-0.0954000611175796,-39.70556703413848,63.70001399999999,9.599894339199636,-39.79378576184042,63.70001591568979,0.0,1,-3.552713678800501e-15,0.0,0.06825175735483224,-0.09540007198504785,-39.70556703413846,-63.70001399999998,9.599894339199693,-39.79378576184044,-63.70001591568979,0.0,1,5.1514348342607263e-14,0.0,0.07042569788111708,-0.11806720801676862,73.49608761579151,63.70001399999999,9.600148602005632,73.5496059649883,63.70001591546515,0.0,1,-8.881784197001252e-15,0.0,0.07042569788111708,-0.11806720801676862,73.49608761579151,-63.70001399999998,9.600148602005632,73.5496059649883,-63.700015915465144,0.0,1,-8.881784197001252e-15
5.233333333333333,5233333,withdraw_front_reach,-0.35493827160493824,0.0,75.82253086419753,0.999994195626393,0.0,0.0034071562223130496,0.0,-0.35493827160493824,0.0,75.82253086419753,39.43884749023549,31.40122205492822,0,feet,0.0,0.07072357021841791,-0.09403174763105904,-39.70506867219693,63.70001399999999,9.599889746539787,-39.79378576184042,63.70001591568979,0.0,1,-5.329070518200751e-15,0.0,0.07072357021841791,-0.09403175834969968,-39.70506867219693,-63.70001399999998,9.599889746539787,-39.79378576184044,-63.70001591568979,0.0,1,-5.329070518200751e-15,0.0,0.0726615870826568,-0.11391997825865596,73.43148611385098,63.70001399999999,9.600241601245315,73.46432803843545,63.70001591546515,0.0,1,3.552713678800501e-15,0.0,0.0726615870826568,-0.11391997825865596,73.43148611385098,-63.70001399999998,9.600241601245315,73.46432803843545,-63.700015915465144,0.0,1,3.552713678800501e-15
5.241666666666666,5241667,withdraw_front_reach,-0.3086318455825617,0.0,75.84568407720872,0.999995611346707,0.0,0.002962648701037062,0.0,-0.3086318455825617,0.0,75.84568407720872,39.485153916257865,31.513282133856976,0,feet,0.0,0.07300611189404504,-0.0927653086402822,-39.704592216191706,63.70001399999999,9.599885331561467,-39.79378576184042,63.70001591568979,0.0,1,-1.4210854715202004e-14,0.0,0.07300611189404593,-0.09276531922100562,-39.704592216191735,-63.70001399999998,9.599885331561495,-39.79378576184044,-63.70001591568979,0.0,1,1.4210854715202004e-14,0.0,0.07471788748952646,-0.11008127228339504,73.37185899766916,63.70001399999999,9.600287932326992,73.38560711419741,63.70001591546515,0.0,1,-1.2434497875801753e-14,0.0,0.07471788748952646,-0.11008127228339504,73.37185899766916,-63.70001399999998,9.600287932326992,73.38560711419741,-63.700015915465144,0.0,1,-1.2434497875801753e-14
5.25,5250000,withdraw_front_reach,-0.26611875,0.0,75.866940625,0.9999967371220277,0.0,0.0025545538354326404,0.0,-0.26611875,0.0,75.866940625,39.52766701184043,31.616193325919284,0,feet,0.0,0.07510233782259101,-0.09159978562322646,-39.70414089621779,63.70001399999999,9.599881127690168,-39.79378576184042,63.70001591568979,0.0,1,-1.4210854715202004e-14,0.0,0.07510233782259101,-0.09159979607687863,-39.70414089621779,-63.70001399999998,9.599881127690168,-39.79378576184044,-63.70001591568979,0.0,1,-1.4210854715202004e-14,0.0,0.07659925239042087,-0.10654822581261092,73.31712235996682,63.70001399999999,9.600297029210736,73.31333485170705,63.70001591546515,0.0,1,-1.4210854715202004e-14,0.0,0.07659925239042087,-0.10654822581261092,73.31712235996682,-63.70001399999998,9.600297029210736,73.31333485170705,-63.700015915465144,0.0,1,-1.4210854715202004e-14
5.258333333333334,5258333,withdraw_front_reach,-0.22732339168595678,0.0,75.88633830415702,0.9999976191161976,0.0,0.0021821461766325457,0.0,-0.22732339168595678,0.0,75.88633830415702,39.56646237015447,31.710130739811873,0,feet,0.0,0.07701580726863755,-0.09053381688281181,-39.70371742083219,63.70001399999999,9.599877163884074,-39.79378576184042,63.70001591568979,0.0,1,1.2434497875801753e-14,0.0,0.07701580726863844,-0.09053382722012415,-39.703717420832234,-63.70001399999998,9.599877163884074,-39.79378576184044,-63.70001591568979,0.0,1,1.2434497875801753e-14,0.0,0.07831104963832702,-0.10331710622301316,73.2671747525859,63.70001399999999,9.600299614349765,73.26826214904531,63.70001591568979,0.0,1,3.552713678800501e-14,0.0,0.07831104963832702,-0.10331710622301316,73.2671747525859,-63.70001399999998,9.600299614349765,73.26826214904531,-63.70001591568979,0.0,1,3.552713678800501e-14
5.266666666666667,5266667,withdraw_front_reach,-0.19215802469135804,0.0,75.90392098765432,0.9999982987542755,0.0,0.0018445835722153332,0.0,-0.19215802469135804,0.0,75.90392098765432,39.601627737149066,31.795299824371604,0,feet,0.0,0.07875069762679976,-0.08956562896612796,-39.703323973637914,63.70001399999999,9.599873464405164,-39.79378576184042,63.70001591568979,0.0,1,2.842170943040401e-14,0.0,0.07875069762679976,-0.08956563919767069,-39.70332397363794,-63.70001399999998,9.599873464405135,-39.79378576184044,-63.70001591568979,0.0,1,0.0,0.0,0.07985840061507554,-0.1003823787134257,73.2219033197497,63.70001399999999,9.60029029299234,73.2084810251545,63.70001591568979,0.0,1,2.6645352591003757e-14,0.0,0.07985840061507554,-0.1003823787134257,73.2219033197497,-63.70001399999998,9.60029029299234,73.2084810251545,-63.70001591568979,0.0,1,2.6645352591003757e-14
5.275,5275000,withdraw_front_reach,-0.1605224609375,0.0,75.91973876953125,0.999998812806115,0.0,0.001540904396935465,0.0,-0.1605224609375,0.0,75.91973876953125,39.633263300902925,31.871937049088658,0,feet,0.0,0.08031181852038793,-0.0886930290096859,-39.70296221411871,63.70001399999999,9.599870048646181,-39.79378576184042,63.70001591568979,0.0,1,5.329070518200751e-15,0.0,0.08031181852038793,-0.08869303914582094,-39.7029622141187,-63.70001399999998,9.59987004864621,-39.79378576184044,-63.70001591568979,0.0,1,3.375077994860476e-14,0.0,0.08124679912239863,-0.09773724122116656,73.18117928980953,63.70001399999999,9.600263160192071,73.15470056677295,63.70001591568979,0.0,1,1.7763568394002505e-15,0.0,0.08124679912239863,-0.09773724122116656,73.18117928980953,-63.70001399999998,9.600263160192071,73.15470056677295,-63.70001591568979,0.0,1,1.7763568394002505e-15
5.283333333333333,5283333,withdraw_front_reach,-0.13230378086419753,0.0,75.9338481095679,0.9999991935182008,0.0,0.001270024782487123,0.0,-0.13230378086419753,0.0,75.9338481095679,39.66148198097623,31.940310576946736,0,feet,0.0,0.0817046256979026,-0.08791339799366638,-39.7026332826202,63.70001399999999,9.5998669310177,-39.79378576184042,63.70001591568979,0.0,1,2.842170943040401e-14,0.0,0.0817046256979026,-0.0879134080444901,-39.702633282620205,-63.70001399999998,9.599866931017672,-39.79378576184044,-63.70001591568979,0.0,1,-1.7763568394002505e-15,0.0,0.08248233504357971,-0.09537379597304341,73.14485626947744,63.70001399999999,9.600223964293662,73.10672881064833,63.70001591568979,0.0,1,2.1316282072803006e-14,0.0,0.08248233504357971,-0.09537379597304341,73.14485626947744,-63.70001399999998,9.600223964293662,73.10672881064833,-63.70001591568979,0.0,1,2.1316282072803006e-14
5.291666666666667,5291667,withdraw_front_reach,-0.10737604407793212,0.0,75.94631197796103,0.9999994687916665,0.0,0.0010307358462976982,0.0,-0.10737604407793212,0.0,75.94631197796103,39.686409717762494,32.00072092995748,0,feet,0.0,0.08293523473565312,-0.08722368487401067,-39.702337809312546,63.70001399999999,9.59986412089738,-39.79378576184042,63.70001591568979,0.0,1,-1.4210854715202004e-14,0.0,0.08293523473565312,-0.0872236948493117,-39.70233780931253,-63.70001399999998,9.599864120897408,-39.79378576184044,-63.70001591568979,0.0,1,1.4210854715202004e-14,0.0,0.08357150015244796,-0.09328283221783451,73.11277127822649,63.70001399999999,9.600177571696449,73.06435165811169,63.70001591568979,0.0,1,4.796163466380676e-14,0.0,0.08357150015244796,-0.09328283221783451,73.11277127822649,-63.70001399999998,9.600177571696449,73.06435165811169,-63.70001591568979,0.0,1,4.796163466380676e-14
5.3,5300000,withdraw_front_reach,-0.08560000000000004,0.0,75.9572,0.9999996624037426,0.0,0.0008217009193711998,0.0,-0.08560000000000004,0.0,75.9572,39.708185761840426,32.05350164785605,0,feet,0.0,0.08401043455774815,-0.08662040154652795,-39.702075926908485,63.70001399999999,9.599861622642877,-39.79378576184042,63.70001591568979,0.0,1,7.105427357601002e-15,0.0,0.08401043455774859,-0.08662041145572763,-39.70207592690853,-63.70001399999998,9.599861622642848,-39.79378576184044,-63.70001591568979,0.0,1,-2.3092638912203256e-14,0.0,0.08452120872754243,-0.09145381010881293,73.08474436012591,63.70001399999999,9.600128006053794,73.0273323831792,63.70001591568979,0.0,1,3.375077994860476e-14,0.0,0.08452120872754243,-0.09145381010881293,73.08474436012591,-63.70001399999998,9.600128006053794,73.0273323831792,-63.70001591568979,0.0,1,3.375077994860476e-14
5.308333333333334,5308333,withdraw_front_reach,-0.06682279851466048,0.0,75.96658860074267,0.9999997942691486,0.0,0.0006414527732238023,0.0,-0.06682279851466048,0.0,75.96658860074267,39.72696296332577,32.09901994053367,0,feet,0.0,0.08493770078778251,-0.08609961858199444,-39.7018472868463,63.70001399999999,9.599859435665223,-39.79378576184042,63.70001591568979,0.0,1,1.0658141036401503e-14,0.0,0.08493770078778295,-0.08609962843410424,-39.7018472868463,-63.70001399999998,9.599859435665252,-39.79378576184044,-63.70001591568979,0.0,1,4.085620730620576e-14,0.0,0.08533881969385426,-0.08987484718576733,73.06057819609829,63.70001399999999,9.600078495647821,72.99541114065413,63.70001591568979,0.0,1,1.7763568394002505e-14,0.0,0.08533881969385426,-0.08987484718576733,73.06057819609829,-63.70001399999998,9.600078495647821,72.99541114065413,-63.70001591568979,0.0,1,1.7763568394002505e-14
5.316666666666666,5316667,withdraw_front_reach,-0.050877700617283944,0.0,75.97456114969135,0.9999998807371837,0.0,0.0004883908459729323,0.0,-0.050877700617283944,0.0,75.97456114969135,39.59775613663793,32.13767733490224,0,feet,0.0,0.0857252106398203,-0.08565696322248462,-39.701651089701386,63.70001399999999,9.599857653039152,-39.64863383725521,60.014427080345826,0.0,1,1.5987211554602254e-14,0.0,0.08572521063982075,-0.08565697302604569,-39.70165108970141,-63.70001399999998,9.599857653039123,-39.648633837255225,-60.014427080345826,0.0,1,-1.2434497875801753e-14,0.0,0.08603216012957215,-0.08853270721880824,73.04005771659607,63.70001399999999,9.60003152806928,72.96830447422859,63.70001591568979,0.0,1,-1.0658141036401503e-14,0.0,0.08603216012957215,-0.08853270721880824,73.04005771659607,-63.70001399999998,9.60003152806928,72.96830447422859,-63.70001591568979,0.0,1,-1.0658141036401503e-14
5.325,5325000,withdraw_front_reach,-0.0375837890625,0.0,75.98120810546875,0.9999999349194465,0.0,0.00036077846765705747,0.0,-0.0375837890625,0.0,75.98120810546875,39.611050048192716,32.16991031701584,0,feet,0.0,0.08638189201171276,-0.08528764982423276,-39.70148634354086,63.70001399999999,9.599858561471066,-39.64863383725521,60.014427080345826,0.0,1,-5.1514348342607263e-14,0.0,0.0863818920117132,-0.08528765958727469,-39.70148634354082,-63.70001399999998,9.599858561471123,-39.648633837255225,-60.014427080345826,0.0,1,5.329070518200751e-15,0.0,0.0866095499447197,-0.08741279111825628,73.02294971469722,63.70001399999999,9.599988911174151,72.94570482458546,63.70001591568979,0.0,1,1.9539925233402755e-14,0.0,0.0866095499447197,-0.08741279111825628,73.02294971469722,-63.70001399999998,9.599988911174151,72.94570482458546,-63.70001591568979,0.0,1,1.9539925233402755e-14
5.333333333333333,5333333,withdraw_front_reach,-0.02674567901234568,0.0,75.98662716049382,0.9999999670422639,0.0,0.0002567400848753134,0.0,-0.02674567901234568,0.0,75.98662716049382,39.621888158242875,32.19619097041443,0,feet,0.0,0.08691731059043795,-0.08498636064503895,-39.701351061755545,63.70001399999999,9.599859305318617,-39.64863383725521,60.014427080345826,0.0,1,2.4868995751603507e-14,0.0,0.08691731059043839,-0.08498637037501267,-39.70135106175556,-63.70001399999998,9.599859305318617,-39.648633837255225,-60.014427080345826,0.0,1,2.4868995751603507e-14,0.0,0.08707982750636001,-0.0864991295571369,73.00900245963258,63.70001399999999,9.599951839120621,72.9272800375002,63.70001591568979,0.0,1,-5.329070518200751e-15,0.0,0.08707982750636001,-0.0864991295571369,73.00900245963258,-63.70001399999998,9.599951839120621,72.9272800375002,-63.70001591568979,0.0,1,-5.329070518200751e-15
5.341666666666667,5341667,withdraw_front_reach,-0.01815322868441358,0.0,75.9909233856578,0.9999999848169902,0.0,0.0001742584848438498,0.0,-0.01815322868441358,0.0,75.9909233856578,39.63048060857081,32.2170276118082,0,feet,0.0,0.08734182016654435,-0.08474737121096387,-39.701243191369606,63.70001399999999,9.599859897078218,-39.64863383725521,60.014427080345826,0.0,1,-1.7763568394002505e-15,0.0,0.08734182016654479,-0.08474738091470035,-39.70124319136963,-63.70001399999998,9.599859897078218,-39.648633837255225,-60.014427080345826,0.0,1,-1.7763568394002505e-15,0.0,0.08745237595117095,-0.08577437689592227,72.99794531077333,63.70001399999999,9.599920962116855,72.91267287194272,63.70001591568979,0.0,1,3.552713678800501e-15,0.0,0.08745237595117095,-0.08577437689592227,72.99794531077333,-63.70001399999998,9.599920962116855,72.91267287194272,-63.70001591568979,0.0,1,3.552713678800501e-15
5.35,5350000,withdraw_front_reach,-0.011581250000000003,0.0,75.994209375,0.9999999938203911,0.0,0.00011117201896912647,0.0,-0.011581250000000003,0.0,75.994209375,39.63705258725522,32.2329654253849,0,feet,0.0,0.08766652629090466,-0.08456450281010452,-39.70116031654702,63.70001399999999,9.599860350892826,-39.64863383725521,60.014427080345826,0.0,1,-5.329070518200751e-15,0.0,0.0876665262909051,-0.08456451249376329,-39.70116031654703,-63.70001399999998,9.599860350892826,-39.648633837255225,-60.014427080345826,0.0,1,-5.329070518200751e-15,0.0,0.08773714989062187,-0.08521980594322542,72.98948833213397,63.70001399999999,9.599896458324508,72.90150050817921,63.70001591568979,0.0,1,5.5067062021407764e-14,0.0,0.08773714989062187,-0.08521980594322542,72.98948833213397,-63.70001399999998,9.599896458324508,72.90150050817921,-63.70001591568979,0.0,1,5.5067062021407764e-14
5.358333333333333,5358333,withdraw_front_reach,-0.006789219232253086,0.0,75.99660539038388,0.9999999978763165,0.0,6.517182603726108e-05,0.0,-0.006789219232253086,0.0,75.99660539038388,39.641844618022965,32.24458709719952,0,feet,0.0,0.08790329909897432,-0.08443112067618452,-39.70109968544468,63.70001399999999,9.599860682449716,-39.64863383725521,60.014427080345826,0.0,1,-4.263256414560601e-14,0.0,0.08790329909897521,-0.084431130345195,-39.70109968544471,-63.70001399999998,9.599860682449744,-39.648633837255225,-60.014427080345826,0.0,1,-1.4210854715202004e-14,0.0,0.08794470217657624,-0.08481530303130702,72.98332190748114,63.70001399999999,9.599878106173676,72.89335405587404,63.70001591568979,0.0,1,4.085620730620576e-14,0.0,0.08794470217657624,-0.08481530303130702,72.98332190748114,-63.70001399999998,9.599878106173676,72.89335405587404,-63.70001591568979,0.0,1,4.085620730620576e-14
5.366666666666666,5366667,withdraw_front_reach,-0.0035209876543209873,0.0,75.99823950617284,0.9999999994288119,0.0,3.379905511305004e-05,0.0,-0.0035209876543209873,0.0,75.99823950617284,39.6451128496009,32.252513451294604,0,feet,0.0,0.08806478616414548,-0.08434013206607593,-39.701058236454216,63.70001399999999,9.599860908890278,-39.64863383725521,60.014427080345826,0.0,1,3.552713678800501e-15,0.0,0.08806478616414593,-0.08434014172509263,-39.70105823645425,-63.70001399999998,9.59986090889025,-39.648633837255225,-60.014427080345826,0.0,1,-2.4868995751603507e-14,0.0,0.08808621035607844,-0.08453936283139996,72.97911635618068,63.70001399999999,9.599865355144217,72.88779806219156,63.70001591568979,0.0,1,3.375077994860476e-14,0.0,0.08808621035607844,-0.08453936283139996,72.97911635618068,-63.70001399999998,9.599865355144217,72.88779806219156,-63.70001591568979,0.0,1,3.375077994860476e-14
5.375,5375000,withdraw_front_reach,-0.0015044921875000004,0.0,75.99924775390625,0.9999999998957131,0.0,1.4442088232821745e-05,0.0,-0.0015044921875000004,0.0,75.99924775390625,39.64712934506772,32.257404089400595,0,feet,0.0,0.08816442542403324,-0.084283984038938,-39.70103262292834,63.70001399999999,9.599861048730375,-39.64863383725521,60.014427080345826,0.0,1,-1.5987211554602254e-14,0.0,0.08816442542403369,-0.08428399369178852,-39.701032622928324,-63.70001399999998,9.599861048730432,-39.648633837255225,-60.014427080345826,0.0,1,4.085620730620576e-14,0.0,0.08817350846896632,-0.08436908788903041,72.97652150976744,63.70001399999999,9.59985774590659,73.02952194399671,60.014427080345826,0.0,1,1.4210854715202004e-14,0.0,0.08817350846896632,-0.08436908788903041,72.97652150976744,-63.70001399999998,9.59985774590659,73.02952194399671,-60.014427080345826,0.0,1,1.4210854715202004e-14
5.383333333333334,5383333,withdraw_front_reach,-0.00045146604938271605,0.0,75.99977426697531,0.9999999999906093,0.0,4.333762962471273e-06,0.0,-0.00045146604938271605,0.0,75.99977426697531,39.648182371205834,32.25995803627828,0,feet,0.0,0.08821645822785795,-0.08425466072699761,-39.70101923539563,63.70001399999999,9.599861121794078,-39.64863383725521,60.014427080345826,0.0,1,4.085620730620576e-14,0.0,0.08821645822785795,-0.08425467037662582,-39.70101923539567,-63.70001399999998,9.59986112179402,-39.648633837255225,-60.014427080345826,0.0,1,-1.5987211554602254e-14,0.0,0.0882192001360309,-0.08428026312964176,72.97516575089145,63.70001399999999,9.599860134303881,73.02773179956192,60.014427080345826,0.0,1,-6.572520305780927e-14,0.0,0.0882192001360309,-0.08428026312964176,72.97516575089145,-63.70001399999998,9.599860134303881,73.02773179956192,-60.014427080345826,0.0,1,-6.572520305780927e-14
5.391666666666667,5391667,withdraw_front_reach,-5.714940200617284e-05,0.0,75.999971425299,0.9999999999998496,0.0,5.485948768044353e-07,0.0,-5.714940200617284e-05,0.0,75.999971425299,39.648576687853215,32.26091439299005,0,feet,0.0,0.08823594255755562,-0.08424367986968617,-39.70101422017619,63.70001399999999,9.599861149160233,-39.64863383725521,60.014427080345826,0.0,1,0.0,0.0,0.08823594255755562,-0.08424368951810868,-39.70101422017619,-63.70001399999998,9.599861149160233,-39.648633837255225,-60.014427080345826,0.0,1,0.0,0.0,0.08823630887733769,-0.08424700039406652,72.97465807365806,63.70001399999999,9.599861023610686,73.02706146126138,60.014427080345826,0.0,1,4.796163466380676e-14,0.0,0.08823630887733769,-0.08424700039406652,72.97465807365806,-63.70001399999998,9.599861023610686,73.02706146126138,-60.014427080345826,0.0,1,4.796163466380676e-14
5.4,5400000,withdraw_front_reach,0.0,0.0,76.0,1.0,0.0,0.0,0.0,0.0,0.0,76.0,39.64863383725522,32.261053000620635,0,feet,0.0,0.08823876647995776,-0.08424208836393632,-39.70101349321082,63.70001399999999,9.599861153126795,-39.64863383725521,60.014427080345826,0.0,1,-3.552713678800501e-15,0.0,0.08823876647995776,-0.08424209801218518,-39.70101349321078,-63.70001399999998,9.599861153126852,-39.648633837255225,-60.014427080345826,0.0,1,5.5067062021407764e-14,0.0,0.08823878845016475,-0.08424217947162838,72.97458449463139,63.70001399999999,9.599861152271842,73.02696430727798,60.014427080345826,0.0,1,-1.7763568394002505e-15,0.0,0.08823878845016475,-0.08424217947162838,72.97458449463139,-63.70001399999998,9.599861152271842,73.02696430727798,-60.014427080345826,0.0,1,-1.7763568394002505e-15
5.408333333333333,5408333,return_to_standing,0.0,0.0,76.0000552099323,1.0,0.0,0.0,0.0,0.0,0.0,76.0000552099323,39.64863383725522,32.26110821055293,0,feet,0.0,0.08823781987963297,-0.08424121075186841,-39.70100728414793,63.70001399999999,9.599861187003256,-39.64863383725521,60.014427080345826,0.0,1,1.7763568394002505e-15,0.0,0.08823781987963342,-0.08424122040001913,-39.70100728414794,-63.70001399999998,9.599861187003285,-39.648633837255225,-60.014427080345826,0.0,1,3.019806626980426e-14,0.0,0.08823784184963568,-0.08424130185864653,72.97459070369587,63.70001399999999,9.599861186148416,73.02696430727798,60.014427080345826,0.0,1,1.7763568394002505e-15,0.0,0.08823784184963568,-0.08424130185864653,72.97459070369587,-63.70001399999998,9.599861186148416,73.02696430727798,-60.014427080345826,0.0,1,1.7763568394002505e-15
5.416666666666667,5416667,return_to_standing,0.0,0.0,76.00043475676594,1.0,0.0,0.0,0.0,0.0,0.0,76.00043475676594,39.64863383725522,32.261487757386575,0,feet,0.0,0.08823131234976467,-0.0842351774759793,-39.700964599104196,63.70001399999999,9.599861419782883,-39.64863383725521,60.014427080345826,0.0,1,2.6645352591003757e-14,0.0,0.08823131234976511,-0.08423518712346745,-39.70096459910424,-63.70001399999998,9.599861419782854,-39.648633837255225,-60.014427080345826,0.0,1,0.0,0.0,0.08823133431836183,-0.08423526857648422,72.97463338875065,63.70001399999999,9.59986141892881,73.02696430727798,60.014427080345826,0.0,1,4.085620730620576e-14,0.0,0.08823133431836183,-0.08423526857648422,72.97463338875065,-63.70001399999998,9.59986141892881,73.02696430727798,-60.014427080345826,0.0,1,4.085620730620576e-14
5.425,5425000,return_to_standing,0.0,0.0,76.00144413716355,1.0,0.0,0.0,0.0,0.0,0.0,76.00144413716355,39.64863383725522,32.26249713778418,0,feet,0.0,0.0882140058190033,-0.08421913207870713,-39.70085107970973,63.70001399999999,9.599862037928531,-39.64863383725521,60.014427080345826,0.0,1,-5.329070518200751e-15,0.0,0.08821400581900374,-0.08421914172443357,-39.70085107970975,-63.70001399999998,9.599862037928531,-39.648633837255225,-60.014427080345826,0.0,1,-5.329070518200751e-15,0.0,0.08821402778386078,-0.08421922316252628,72.97474690817455,63.70001399999999,9.599862037076505,73.02696430727798,60.014427080345826,0.0,1,4.263256414560601e-14,0.0,0.08821402778386078,-0.08421922316252628,72.97474690817455,-63.70001399999998,9.599862037076505,73.02696430727798,-60.014427080345826,0.0,1,4.263256414560601e-14
5.433333333333334,5433333,return_to_standing,0.0,0.0,76.00336869311361,1.0,0.0,0.0,0.0,0.0,0.0,76.00336869311361,39.64863383725522,32.26442169373425,0,feet,0.0,0.08818100726624012,-0.08418853763104783,-39.70063463051781,63.70001399999999,9.599863212836496,-39.64863383725521,60.014427080345826,0.0,1,2.1316282072803006e-14,0.0,0.08818100726624012,-0.08418854727341296,-39.700634630517825,-63.70001399999998,9.599863212836468,-39.648633837255225,-60.014427080345826,0.0,1,-7.105427357601002e-15,0.0,0.08818102922396731,-0.08418862868304666,72.97496335742244,63.70001399999999,9.59986321198825,73.02696430727798,60.014427080345826,0.0,1,1.4210854715202004e-14,0.0,0.08818102922396731,-0.08418862868304666,72.97496335742244,-63.70001399999998,9.59986321198825,73.02696430727798,-60.014427080345826,0.0,1,1.4210854715202004e-14
5.441666666666666,5441667,return_to_standing,0.0,0.0,76.00647405007572,1.0,0.0,0.0,0.0,0.0,0.0,76.00647405007572,39.64863383725522,32.26752705069636,0,feet,0.0,0.08812776069401318,-0.08413916891418971,-39.70028536597961,63.70001399999999,9.599865098388193,-39.64863383725521,60.014427080345826,0.0,1,1.5987211554602254e-14,0.0,0.08812776069401318,-0.08413917855113207,-39.700285365979624,-63.70001399999998,9.599865098388165,-39.648633837255225,-60.014427080345826,0.0,1,-1.2434497875801753e-14,0.0,0.08812778264023402,-0.08413925991484428,72.97531262205104,63.70001399999999,9.599865097546143,73.02696430727798,60.014427080345826,0.0,1,2.1316282072803006e-14,0.0,0.08812778264023402,-0.08413925991484428,72.97531262205104,-63.70001399999998,9.599865097546143,73.02696430727798,-60.014427080345826,0.0,1,2.1316282072803006e-14
5.45,5450000,return_to_standing,0.0,0.0,76.01100655512562,1.0,0.0,0.0,0.0,0.0,0.0,76.01100655512562,39.64863383725522,32.27205955574625,0,feet,0.0,0.0880500389785106,-0.08406710439646625,-39.699775556520095,63.70001399999999,9.599867827851682,-39.64863383725521,60.014427080345826,0.0,1,8.881784197001252e-15,0.0,0.08805003897851105,-0.08406711402549139,-39.69977555652011,-63.70001399999998,9.599867827851682,-39.648633837255225,-60.014427080345826,0.0,1,8.881784197001252e-15,0.0,0.08805006090793199,-0.08406719532216655,72.97582243164248,63.70001399999999,9.599867827018585,73.02696430727798,60.014427080345826,0.0,1,-4.973799150320701e-14,0.0,0.08805006090793199,-0.08406719532216655,72.97582243164248,-63.70001399999998,9.599867827018585,73.02696430727798,-60.014427080345826,0.0,1,-4.973799150320701e-14
5.458333333333333,5458333,return_to_standing,0.0,0.0,76.01719371510018,1.0,0.0,0.0,0.0,0.0,0.0,76.01719371510018,39.64863383725522,32.27824671572081,0,feet,0.0,0.08794393563812264,-0.08396871807533346,-39.69907957402336,63.70001399999999,9.599871510354347,-39.64863383725521,60.014427080345826,0.0,1,8.881784197001252e-15,0.0,0.08794393563812308,-0.08396872769354857,-39.699079574023386,-63.70001399999998,9.599871510354347,-39.648633837255225,-60.014427080345826,0.0,1,8.881784197001252e-15,0.0,0.08794395754460282,-0.08396880889869829,72.97651841431943,63.70001399999999,9.599871509533614,73.02696430727798,60.014427080345826,0.0,1,3.019806626980426e-14,0.0,0.08794395754460282,-0.08396880889869829,72.97651841431943,-63.70001399999998,9.599871509533614,73.02696430727798,-60.014427080345826,0.0,1,3.019806626980426e-14
5.466666666666667,5466667,return_to_standing,0.0,0.0,76.02524463474263,1.0,0.0,0.0,0.0,0.0,0.0,76.02524463474263,39.64863383725522,32.28629763536327,0,feet,0.0,0.08780585655749373,-0.08384067124586503,-39.69817383699872,63.70001399999999,9.599876227123772,-39.64863383725521,60.014427080345826,0.0,1,-1.2434497875801753e-14,0.0,0.08780585655749418,-0.0838406808500114,-39.698173836998706,-63.70001399999998,9.5998762271238,-39.648633837255225,-60.014427080345826,0.0,1,1.5987211554602254e-14,0.0,0.08780587843410759,-0.08384076193602796,72.97742415157853,63.70001399999999,9.599876226318983,73.02696430727798,60.014427080345826,0.0,1,7.105427357601002e-15,0.0,0.08780587843410759,-0.08384076193602796,72.97742415157853,-63.70001399999998,9.599876226318983,73.02696430727798,-60.014427080345826,0.0,1,7.105427357601002e-15
5.475,5475000,return_to_standing,0.0,0.0,76.03535045484763,1.0,0.0,0.0,0.0,0.0,0.0,76.03535045484763,39.64863383725522,32.296403455468266,0,feet,0.0,0.08763251169936526,-0.08367990424951222,-39.697036755665394,63.70001399999999,9.599882027668926,-39.64863383725521,60.014427080345826,0.0,1,2.4868995751603507e-14,0.0,0.0876325116993657,-0.08367991383599005,-39.69703675566542,-63.70001399999998,9.599882027668926,-39.648633837255225,-60.014427080345826,0.0,1,2.4868995751603507e-14,0.0,0.08763253353846467,-0.08367999477241561,72.97856123320628,63.70001399999999,9.59988202688406,73.02696430727798,60.014427080345826,0.0,1,1.0658141036401503e-14,0.0,0.08763253353846467,-0.08367999477241561,72.97856123320628,-63.70001399999998,9.59988202688406,73.02696430727798,-60.014427080345826,0.0,1,1.0658141036401503e-14
5.483333333333333,5483333,return_to_standing,0.0,0.0,76.04768479040627,1.0,0.0,0.0,0.0,0.0,0.0,76.04768479040627,39.64863383725522,32.3087377910269,0,feet,0.0,0.08742090683210568,-0.08348362824962141,-39.695648677162744,63.70001399999999,9.599888926050113,-39.64863383725521,60.014427080345826,0.0,1,7.105427357601002e-15,0.0,0.08742090683210568,-0.08348363781452584,-39.695648677162744,-63.70001399999998,9.599888926050113,-39.648633837255225,-60.014427080345826,0.0,1,7.105427357601002e-15,0.0,0.08742092862538309,-0.08348371856829306,72.97994931206833,63.70001399999999,9.59988892528952,73.02696430727798,60.014427080345826,0.0,1,-1.7763568394002505e-15,0.0,0.08742092862538309,-0.08348371856829306,72.97994931206833,-63.70001399999998,9.59988892528952,73.02696430727798,-60.014427080345826,0.0,1,-1.7763568394002505e-15
5.491666666666666,5491667,return_to_standing,0.0,0.0,76.0624041687512,1.0,0.0,0.0,0.0,0.0,0.0,76.0624041687512,39.64863383725522,32.323457169371835,0,feet,0.0,0.0871683352967918,-0.08324931707352112,-39.693991831061865,63.70001399999999,9.599896897366577,-39.64863383725521,60.014427080345826,0.0,1,-1.9539925233402755e-14,0.0,0.08716833529679224,-0.08324932661266615,-39.69399183106188,-63.70001399999998,9.599896897366605,-39.648633837255225,-60.014427080345826,0.0,1,8.881784197001252e-15,0.0,0.08716835703533388,-0.08324940714834028,72.98160615859837,63.70001399999999,9.59989689663486,73.02696430727798,60.014427080345826,0.0,1,1.4210854715202004e-14,0.0,0.08716835703533388,-0.08324940714834028,72.98160615859837,-63.70001399999998,9.59989689663486,73.02696430727798,-60.014427080345826,0.0,1,1.4210854715202004e-14
5.5,5500000,return_to_standing,0.0,0.0,76.07964846770177,1.0,0.0,0.0,0.0,0.0,0.0,76.07964846770177,39.64863383725522,32.34070146832241,0,feet,0.0,0.08687236983395774,-0.08297469915473643,-39.69205027532935,63.70001399999999,9.599905874568535,-39.64863383725521,60.014427080345826,0.0,1,-2.4868995751603507e-14,0.0,0.08687236983395819,-0.08297470866368384,-39.692050275329365,-63.70001399999998,9.599905874568563,-39.648633837255225,-60.014427080345826,0.0,1,3.552713678800501e-15,0.0,0.08687239150830317,-0.08297478894369359,72.98354771483383,63.70001399999999,9.599905873870412,73.02696430727798,60.014427080345826,0.0,1,5.329070518200751e-15,0.0,0.08687239150830317,-0.08297478894369359,72.98354771483383,-63.70001399999998,9.599905873870412,73.02696430727798,-60.014427080345826,0.0,1,5.329070518200751e-15
5.508333333333334,5508333,return_to_standing,0.0,0.0,76.09954135370907,1.0,0.0,0.0,0.0,0.0,0.0,76.09954135370907,39.64863383725522,32.360594354329706,0,feet,0.0,0.0865308544867136,-0.08265774960321481,-39.68980984286665,63.70001399999999,9.599915745684058,-39.64863383725521,60.014427080345826,0.0,1,-8.881784197001252e-15,0.0,0.08653085448671405,-0.08265775907729944,-39.68980984286667,-63.70001399999998,9.599915745684058,-39.648633837255225,-60.014427080345826,0.0,1,-8.881784197001252e-15,0.0,0.08653087608690502,-0.08265783906216351,72.98578814787703,63.70001399999999,9.599915745024447,73.02696430727798,60.014427080345826,0.0,1,1.5987211554602254e-14,0.0,0.08653087608690502,-0.08265783906216351,72.98578814787703,-63.70001399999998,9.599915745024447,73.02696430727798,-60.014427080345826,0.0,1,1.5987211554602254e-14
5.516666666666667,5516667,return_to_standing,0.0,0.0,76.12219072000099,1.0,0.0,0.0,0.0,0.0,0.0,76.12219072000099,39.64863383725522,32.38324372062162,0,feet,0.0,0.08614189659379967,-0.08229668242621502,-39.68725808872629,63.70001399999999,9.599926351533611,-39.64863383725521,60.014427080345826,0.0,1,7.105427357601002e-15,0.0,0.08614189659380012,-0.08229669186057142,-39.68725808872632,-63.70001399999998,9.599926351533611,-39.648633837255225,-60.014427080345826,0.0,1,7.105427357601002e-15,0.0,0.08614191810943561,-0.08229677150911296,72.98833990267872,63.70001399999999,9.599926350917485,73.02696430727798,60.014427080345826,0.0,1,-2.3092638912203256e-14,0.0,0.08614191810943561,-0.08229677150911296,72.98833990267872,-63.70001399999998,9.599926350917485,73.02696430727798,-60.014427080345826,0.0,1,-2.3092638912203256e-14
5.525,5525000,return_to_standing,0.0,0.0,76.14768912472736,1.0,0.0,0.0,0.0,0.0,0.0,76.14768912472736,39.64863383725522,32.408742125348,0,feet,0.0,0.08570385888330767,-0.08188994291773266,-39.68438423808499,63.70001399999999,9.599937483989734,-39.64863383725521,60.014427080345826,0.0,1,-1.7763568394002505e-14,0.0,0.08570385888330811,-0.0818899523073191,-39.684384238085,-63.70001399999998,9.599937483989763,-39.648633837255225,-60.014427080345826,0.0,1,1.0658141036401503e-14,0.0,0.08570388030358922,-0.08189003157687624,72.99121375406514,63.70001399999999,9.599937483422295,73.02696430727798,60.014427080345826,0.0,1,2.3092638912203256e-14,0.0,0.08570388030358922,-0.08189003157687624,72.99121375406514,-63.70001399999998,9.599937483422295,73.02696430727798,-60.014427080345826,0.0,1,2.3092638912203256e-14
5.533333333333333,5533333,return_to_standing,0.0,0.0,76.17611422910504,1.0,0.0,0.0,0.0,0.0,0.0,76.17611422910504,39.64863383725522,32.437167229725674,0,feet,0.0,0.08521535167521632,-0.08143620023002551,-39.68117913503285,63.70001399999999,9.599948884825565,-39.64863383725521,60.014427080345826,0.0,1,1.7763568394002505e-15,0.0,0.08521535167521632,-0.08143620956964792,-39.68117913503288,-63.70001399999998,9.599948884825537,-39.648633837255225,-60.014427080345826,0.0,1,-2.6645352591003757e-14,0.0,0.08521537298899684,-0.08143628841627315,72.99441885794855,63.70001399999999,9.599948884311786,73.02696430727798,60.014427080345826,0.0,1,8.881784197001252e-15,0.0,0.08521537298899684,-0.08143628841627315,72.99441885794855,-63.70001399999998,9.599948884311786,73.02696430727798,-60.014427080345826,0.0,1,8.881784197001252e-15
5.541666666666667,5541667,return_to_standing,0.0,0.0,76.20752923556294,1.0,0.0,0.0,0.0,0.0,0.0,76.20752923556294,39.64863383725522,32.46858223618358,0,feet,0.0,0.0846752251985774,-0.08093434013686052,-39.677635192222326,63.70001399999999,9.599960245182316,-39.64863383725521,60.014427080345826,0.0,1,-7.105427357601002e-15,0.0,0.0846752251985774,-0.0809343494211956,-39.677635192222326,-63.70001399999998,9.599960245182316,-39.648633837255225,-60.014427080345826,0.0,1,-7.105427357601002e-15,0.0,0.08467524639440516,-0.08093442779985383,72.9979628016786,63.70001399999999,9.599960244727257,73.02696430727798,60.014427080345826,0.0,1,-8.881784197001252e-15,0.0,0.08467524639440516,-0.08093442779985383,72.9979628016786,-63.70001399999998,9.599960244727257,73.02696430727798,-60.014427080345826,0.0,1,-8.881784197001252e-15
5.55,5550000,return_to_standing,0.0,0.0,76.2419833258872,1.0,0.0,0.0,0.0,0.0,0.0,76.2419833258872,39.64863383725522,32.50303632650784,0,feet,0.0,0.08408256202708264,-0.08038345799459679,-39.67374634140157,63.70001399999999,9.599971205675885,-39.64863383725521,60.014427080345826,0.0,1,-1.9539925233402755e-14,0.0,0.08408256202708264,-0.08038346721821332,-39.673746341401554,-63.70001399999998,9.599971205675914,-39.648633837255225,-60.014427080345826,0.0,1,8.881784197001252e-15,0.0,0.08408258309324657,-0.08038354508296974,73.00185165350877,63.70001399999999,9.599971205284518,73.02696430727798,60.014427080345826,0.0,1,1.2434497875801753e-14,0.0,0.08408258309324657,-0.08038354508296974,73.00185165350877,-63.70001399999998,9.599971205284518,73.02696430727798,-60.014427080345826,0.0,1,1.2434497875801753e-14
5.558333333333334,5558333,return_to_standing,0.0,0.0,76.27951209936623,1.0,0.0,0.0,0.0,0.0,0.0,76.27951209936623,39.64863383725522,32.540565099986864,0,feet,0.0,0.08343666963488117,-0.07978285190399648,-39.6695079848451,63.70001399999999,9.599981357150313,-39.64863383725521,60.014427080345826,0.0,1,7.105427357601002e-15,0.0,0.08343666963488117,-0.07978286106137755,-39.6695079848451,-63.70001399999998,9.599981357150313,-39.648633837255225,-60.014427080345826,0.0,1,7.105427357601002e-15,0.0,0.08343669055944991,-0.07978293836557615,73.00609001116592,63.70001399999999,9.599981356827357,73.02696430727798,60.014427080345826,0.0,1,0.0,0.0,0.08343669055944991,-0.07978293836557615,73.00609001116592,-63.70001399999998,9.599981356827357,73.02696430727798,-60.014427080345826,0.0,1,0.0
5.566666666666666,5566667,return_to_standing,0.0,0.0,76.32013801093576,1.0,0.0,0.0,0.0,0.0,0.0,76.32013801093576,39.59003440672778,32.5811910115564,0,feet,0.0,0.0827374112567063,-0.07913233083956417,-39.664919164923525,63.70001399999999,9.600009873810976,-39.590034406727774,63.70001591752033,0.0,1,0.0,0.0,0.0827374112567063,-0.07913233992516178,-39.664919164923525,-63.70001399999998,9.600009873810976,-39.59003440672778,-63.70001591752033,0.0,1,0.0,0.0,0.08273743201217476,-0.07913241660748893,73.01067883238102,63.70001399999999,9.600009872662568,73.08556373780529,63.70001591752033,0.0,1,4.796163466380676e-14,0.0,0.08273743201217476,-0.07913241660748893,73.01067883238102,-63.70001399999998,9.600009872662568,73.08556373780529,-63.70001591752033,0.0,1,4.796163466380676e-14
5.575,5575000,return_to_standing,0.0,0.0,76.36387080932403,1.0,0.0,0.0,0.0,0.0,0.0,76.36387080932403,39.59003440672778,32.62492380994466,0,feet,0.0,0.08198436582022106,-0.07843143382899465,-39.659977046318375,63.70001399999999,9.600047152563661,-39.590034406727774,63.70001591752033,0.0,1,1.5987211554602254e-14,0.0,0.08198436582022106,-0.07843144283720127,-39.659977046318375,-63.70001399999998,9.600047152563661,-39.59003440672778,-63.70001591752033,0.0,1,1.5987211554602254e-14,0.0,0.08198438640998607,-0.07843151886475841,73.01562095226978,63.70001399999999,9.600047151500377,73.08556373780529,63.70001591752033,0.0,1,3.730349362740526e-14,0.0,0.08198438640998607,-0.07843151886475841,73.01562095226978,-63.70001399999998,9.600047151500377,73.08556373780529,-63.70001591752033,0.0,1,3.730349362740526e-14
5.583333333333333,5583333,return_to_standing,0.0,0.0,76.41070797519676,1.0,0.0,0.0,0.0,0.0,0.0,76.41070797519676,39.59003440672778,32.67176097581739,0,feet,0.0,0.08117732808494083,-0.07767989449219126,-39.654680213170174,63.70001399999999,9.600084282129401,-39.590034406727774,63.70001591752033,0.0,1,1.5987211554602254e-14,0.0,0.08117732808494127,-0.07767990341735587,-39.65468021317019,-63.70001399999998,9.600084282129401,-39.59003440672778,-63.70001591752033,0.0,1,1.5987211554602254e-14,0.0,0.08117734849667269,-0.07767997874240651,73.02091778679463,63.70001399999999,9.600084281155901,73.08556373780529,63.70001591752033,0.0,1,2.1316282072803006e-14,0.0,0.08117734849667269,-0.07767997874240651,73.02091778679463,-63.70001399999998,9.600084281155901,73.08556373780529,-63.70001591752033,0.0,1,2.1316282072803006e-14
5.591666666666667,5591667,return_to_standing,0.0,0.0,76.46063515930231,1.0,0.0,0.0,0.0,0.0,0.0,76.46063515930231,39.59003440672778,32.72168815992295,0,feet,0.0,0.08031643307248393,-0.07687775771629202,-39.64902947910273,63.70001399999999,9.600120670372519,-39.590034406727774,63.70001591752033,0.0,1,-1.7763568394002505e-15,0.0,0.08031643307248393,-0.07687776655275913,-39.64902947910271,-63.70001399999998,9.600120670372519,-39.59003440672778,-63.70001591752033,0.0,1,-1.7763568394002505e-15,0.0,0.08031645329378767,-0.07687784112751572,73.02656852233167,63.70001399999999,9.600120669493123,73.08556373780529,63.70001591752033,0.0,1,-2.1316282072803006e-14,0.0,0.08031645329378767,-0.07687784112751572,73.02656852233167,-63.70001399999998,9.600120669493123,73.08556373780529,-63.70001591752033,0.0,1,-2.1316282072803006e-14
5.6,5600000,return_to_standing,0.0,0.0,76.51362662061679,1.0,0.0,0.0,0.0,0.0,0.0,76.51362662061679,39.59003440672778,32.774679621237425,0,feet,0.0,0.07940200512084328,-0.07602523976889008,-39.643026897439995,63.70001399999999,9.600155681040107,-39.590034406727774,63.70001591752033,0.0,1,1.4210854715202004e-14,0.0,0.07940200512084328,-0.076025248511014,-39.64302689743998,-63.70001399999998,9.600155681040135,-39.59003440672778,-63.70001591752033,0.0,1,4.085620730620576e-14,0.0,0.0794020251392964,-0.07602532228779468,73.0325711055566,63.70001399999999,9.600155680258823,73.08556373780529,63.70001591752033,0.0,1,5.329070518200751e-15,0.0,0.0794020251392964,-0.07602532228779468,73.0325711055566,-63.70001399999998,9.600155680258823,73.08556373780529,-63.70001591752033,0.0,1,5.329070518200751e-15
5.608333333333333,5608333,return_to_standing,0.0,0.0,76.56964566448907,1.0,0.0,0.0,0.0,0.0,0.0,76.56964566448907,39.59003440672778,32.83069866510971,0,feet,0.0,0.07843455112223596,-0.07512272258723973,-39.63667571765169,63.70001399999999,9.600188638375485,-39.590034406727774,63.70001591752033,0.0,1,8.881784197001252e-15,0.0,0.0784345511222364,-0.07512273122940138,-39.63667571765173,-63.70001399999998,9.600188638375485,-39.59003440672778,-63.70001591752033,0.0,1,1.0658141036401503e-14,0.0,0.07843457092542305,-0.07512280416077877,73.03892228699908,63.70001399999999,9.600188637695922,73.08556373780529,63.70001591752033,0.0,1,4.973799150320701e-14,0.0,0.07843457092542305,-0.07512280416077877,73.03892228699908,-63.70001399999998,9.600188637695922,73.08556373780529,-63.70001591752033,0.0,1,4.973799150320701e-14
5.616666666666666,5616667,return_to_standing,0.0,0.0,76.62864508078592,1.0,0.0,0.0,0.0,0.0,0.0,76.62864508078592,39.59003440672778,32.88969808140655,0,feet,0.0,0.0774147538558041,-0.0741707482232532,-39.62998034247471,63.70001399999999,9.600218832219198,-39.590034406727774,63.70001591752033,0.0,1,3.197442310920451e-14,0.0,0.0774147538558041,-0.07417075675988194,-39.62998034247474,-63.70001399999998,9.60021883221917,-39.59003440672778,-63.70001591752033,0.0,1,1.7763568394002505e-15,0.0,0.07741477343134928,-0.0741708287988243,73.04561766392132,63.70001399999999,9.600218831644426,73.08556373780529,63.70001591752033,0.0,1,3.907985046680551e-14,0.0,0.07741477343134928,-0.0741708287988243,73.04561766392132,-63.70001399999998,9.600218831644426,73.08556373780529,-63.70001591752033,0.0,1,3.907985046680551e-14
5.625,5625000,return_to_standing,0.0,0.0,76.69056758203709,1.0,0.0,0.0,0.0,0.0,0.0,76.69056758203709,39.59003440672778,32.951620582657725,0,feet,0.0,0.07634346540768666,-0.07317001343139662,-39.62294628564915,63.70001399999999,9.600245523553241,-39.590034406727774,63.70001591752033,0.0,1,-5.329070518200751e-15,0.0,0.07634346540768666,-0.07317002185698307,-39.62294628564918,-63.70001399999998,9.600245523553241,-39.59003440672778,-63.70001591752033,0.0,1,-5.329070518200751e-15,0.0,0.07634348474328956,-0.07317009295699606,73.05265172258203,63.70001399999999,9.600245523085988,73.08556373780529,63.70001591752033,0.0,1,1.7763568394002505e-14,0.0,0.07634348474328956,-0.07317009295699606,73.05265172258203,-63.70001399999998,9.600245523085988,73.08556373780529,-63.70001591752033,0.0,1,1.7763568394002505e-14
5.633333333333334,5633333,return_to_standing,0.0,0.0,76.7553462415804,1.0,0.0,0.0,0.0,0.0,0.0,76.7553462415804,39.59003440672778,33.01639924220103,0,feet,0.0,0.07522170067032663,-0.07212136438547834,-39.615580130201586,63.70001399999999,9.60026795044233,-39.590034406727774,63.70001591752033,0.0,1,-1.5987211554602254e-14,0.0,0.07522170067032663,-0.07212137269459085,-39.61558013020161,-63.70001399999998,9.60026795044233,-39.59003440672778,-63.70001591752033,0.0,1,-1.5987211554602254e-14,0.0,0.07522171975379566,-0.07212144280985466,73.06001787995308,63.70001399999999,9.600267950084756,73.08556373780529,63.70001591752033,0.0,1,-1.5987211554602254e-14,0.0,0.07522171975379566,-0.07212144280985466,73.06001787995308,-63.70001399999998,9.600267950084756,73.08556373780529,-63.70001591752033,0.0,1,-1.5987211554602254e-14
5.641666666666667,5641667,return_to_standing,0.0,0.0,76.8229049317068,1.0,0.0,0.0,0.0,0.0,0.0,76.8229049317068,39.59003440672778,33.083957932327436,0,feet,0.0,0.07405063091224484,-0.07102579150936661,-39.60788948720429,63.70001399999999,9.600285334321029,-39.590034406727774,63.70001591752033,0.0,1,0.0,0.0,0.07405063091224484,-0.07102579969666767,-39.60788948720429,-63.70001399999998,9.600285334321029,-39.59003440672778,-63.70001591752033,0.0,1,0.0,0.0,0.07405064973152742,-0.07102586878216899,73.06770852496064,63.70001399999999,9.600285334074869,73.08556373780529,63.70001591752033,0.0,1,2.4868995751603507e-14,0.0,0.07405064973152742,-0.07102586878216899,73.06770852496064,-63.70001399999998,9.600285334074869,73.08556373780529,-63.70001591752033,0.0,1,2.4868995751603507e-14
5.65,5650000,return_to_standing,0.0,0.0,76.89315876180552,1.0,0.0,0.0,0.0,0.0,0.0,76.89315876180552,39.59003440672778,33.15421176242616,0,feet,0.0,0.07283157740902091,-0.06988442440585096,-39.599882954935396,63.70001399999999,9.60029688657474,-39.590034406727774,63.70001591752033,0.0,1,8.881784197001252e-15,0.0,0.07283157740902091,-0.06988443246611098,-39.59988295493541,-63.70001399999998,9.60029688657471,-39.59003440672778,-63.70001591752033,0.0,1,-1.9539925233402755e-14,0.0,0.0728315959522372,-0.06988450047776817,73.07571505932444,63.70001399999999,9.6002968864411,73.08556373780529,63.70001591752033,0.0,1,1.2434497875801753e-14,0.0,0.0728315959522372,-0.06988450047776817,73.07571505932444,-63.70001399999998,9.6002968864411,73.08556373780529,-63.70001591752033,0.0,1,1.2434497875801753e-14
5.658333333333333,5658333,return_to_standing,0.0,0.0,76.96601451650909,1.0,0.0,0.0,0.0,0.0,0.0,76.96601451650909,39.59003440672778,33.227067517129726,0,feet,0.0,0.07156600512574096,-0.06869852686711253,-39.59157007836277,63.70001399999999,9.600301815359302,-39.590034406727774,63.70001591752033,0.0,1,1.2434497875801753e-14,0.0,0.0715660051257414,-0.0686985347952267,-39.59157007836281,-63.70001399999998,9.600301815359302,-39.59003440672778,-63.70001591752033,0.0,1,1.2434497875801753e-14,0.0,0.07156602338121631,-0.06869860169001551,73.08402793807443,63.70001399999999,9.60030181533881,73.08556373780529,63.70001591752033,0.0,1,1.0658141036401503e-14,0.0,0.07156602338121631,-0.06869860169001551,73.08402793807443,-63.70001399999998,9.60030181533881,73.08556373780529,-63.70001591752033,0.0,1,1.0658141036401503e-14
5.666666666666667,5666667,return_to_standing,0.0,0.0,77.04137109383846,1.0,0.0,0.0,0.0,0.0,0.0,77.04137109383846,39.59003440672778,33.3024240944591,0,feet,0.0,0.07025551644076389,-0.06746949194969654,-39.582961308870864,63.70001399999999,9.600299332602347,-39.590034406727774,63.70001591752033,0.0,1,5.329070518200751e-15,0.0,0.07025551644076433,-0.06746949974069905,-39.58296130887088,-63.70001399999998,9.600299332602347,-39.59003440672778,-63.70001591752033,0.0,1,5.329070518200751e-15,0.0,0.07025553439705767,-0.06746956547677208,73.09263670982378,63.70001399999999,9.600299332695059,73.08556373780529,63.70001591752033,0.0,1,5.329070518200751e-15,0.0,0.07025553439705767,-0.06746956547677208,73.09263670982378,-63.70001399999998,9.600299332695059,73.08556373780529,-63.70001591752033,0.0,1,5.329070518200751e-15
5.675,5675000,return_to_standing,0.0,0.0,77.1191199433481,1.0,0.0,0.0,0.0,0.0,0.0,77.1191199433481,39.59003440672778,33.38017294396873,0,feet,0.0,0.0689018449003167,-0.06619883709632823,-39.57406796414921,63.70001399999999,9.60028866112836,-39.590034406727774,63.70001591752033,0.0,1,5.329070518200751e-15,0.0,0.0689018449003167,-0.0661988447454025,-39.57406796414921,-63.70001399999998,9.60028866112836,-39.59003440672778,-63.70001591752033,0.0,1,5.329070518200751e-15,0.0,0.06890186254625652,-0.06619890928220684,73.1015300568802,63.70001399999999,9.600288661333764,73.08556373780529,63.70001591752033,0.0,1,8.881784197001252e-15,0.0,0.06890186254625652,-0.06619890928220684,73.1015300568802,-63.70001399999998,9.600288661333764,73.08556373780529,-63.70001591752033,0.0,1,8.881784197001252e-15
5.683333333333334,5683333,return_to_standing,0.0,0.0,77.19914550427104,1.0,0.0,0.0,0.0,0.0,0.0,77.19914550427104,39.59003440672778,33.46019850489168,0,feet,0.0,0.06750684899311477,-0.064888199286524,-39.564902188159174,63.70001399999999,9.600269041848165,-39.590034406727774,63.70001591752033,0.0,1,1.0658141036401503e-14,0.0,0.06750684899311521,-0.06488820678901996,-39.56490218815918,-63.70001399999998,9.600269041848193,-39.59003440672778,-63.70001591752033,0.0,1,3.907985046680551e-14,0.0,0.06750686631782621,-0.06488827008741271,73.11069583527944,63.70001399999999,9.60026904216518,73.08556373780529,63.70001591752033,0.0,1,1.7763568394002505e-14,0.0,0.06750686631782621,-0.06488827008741271,73.11069583527944,-63.70001399999998,9.60026904216518,73.08556373780529,-63.70001591752033,0.0,1,1.7763568394002505e-14
5.691666666666666,5691667,return_to_standing,0.0,0.0,77.28132564366402,1.0,0.0,0.0,0.0,0.0,0.0,77.28132564366402,39.59003440672778,33.54237864428465,0,feet,0.0,0.06607250593398328,-0.0635393301976257,-39.5554769110954,63.70001399999999,9.600239740953043,-39.590034406727774,63.70001591752033,0.0,1,1.4210854715202004e-14,0.0,0.06607250593398328,-0.0635393375490727,-39.5554769110954,-63.70001399999998,9.600239740953043,-39.59003440672778,-63.70001591752033,0.0,1,1.4210854715202004e-14,0.0,0.06607252292691923,-0.06353939957142618,73.12012111482377,63.70001399999999,9.600239741380022,73.08556373780529,63.70001591752033,0.0,1,2.6645352591003757e-14,0.0,0.06607252292691923,-0.06353939957142618,73.12012111482377,-63.70001399999998,9.600239741380022,73.08556373780529,-63.70001591752033,0.0,1,2.6645352591003757e-14
5.7,5700000,return_to_standing,0.0,0.0,77.36553209455253,1.0,0.0,0.0,0.0,0.0,0.0,77.36553209455253,39.59003440672778,33.62658509517317,0,feet,0.0,0.06460090544522323,-0.06215409135764194,-39.545805809257715,63.70001399999999,9.600200057053215,-39.590034406727774,63.70001591752033,0.0,1,2.3092638912203256e-14,0.0,0.06460090544522323,-0.06215409855376075,-39.545805809257715,-63.70001399999998,9.600200057053215,-39.59003440672778,-63.70001591752033,0.0,1,2.3092638912203256e-14,0.0,0.06460092209619628,-0.06215415926407175,73.12979221921003,63.70001399999999,9.600200057587884,73.08556373780529,63.70001591752033,0.0,1,-2.4868995751603507e-14,0.0,0.06460092209619628,-0.06215415926407175,73.12979221921003,-63.70001399999998,9.600200057587884,73.08556373780529,-63.70001591752033,0.0,1,-2.4868995751603507e-14
5.708333333333333,5708333,return_to_standing,0.0,0.0,77.45163089407596,1.0,0.0,0.0,0.0,0.0,0.0,77.45163089407596,39.59003440672778,33.712683894696596,0,feet,0.0,0.06309424352436155,-0.06073444927115501,-39.53590326474965,63.70001399999999,9.600149328200402,-39.590034406727774,63.70001591752033,0.0,1,1.2434497875801753e-14,0.0,0.06309424352436155,-0.06073445630786933,-39.53590326474965,-63.70001399999998,9.600149328200402,-39.59003440672778,-63.70001591752033,0.0,1,1.2434497875801753e-14,0.0,0.06309425982357242,-0.06073451567186572,73.13969476633133,63.70001399999999,9.600149328840118,73.08556373780529,63.70001591752033,0.0,1,1.9539925233402755e-14,0.0,0.06309425982357242,-0.06073451567186572,73.13969476633133,-63.70001399999998,9.600149328840118,73.08556373780529,-63.70001591752033,0.0,1,1.9539925233402755e-14
5.716666666666667,5716667,return_to_standing,0.0,0.0,77.53948282163257,1.0,0.0,0.0,0.0,0.0,0.0,77.53948282163257,39.59003440672778,33.80053582225321,0,feet,0.0,0.06155481618681202,-0.0592824704994821,-39.52578432492078,63.70001399999999,9.600086938734833,-39.590034406727774,63.70001591752033,0.0,1,5.684341886080802e-14,0.0,0.06155481618681202,-0.059282477372931464,-39.52578432492081,-63.70001399999998,9.600086938734805,-39.59003440672778,-63.70001591752033,0.0,1,2.6645352591003757e-14,0.0,0.06155483212488022,-0.05928253535816541,73.14981370883413,63.70001399999999,9.600086939476185,73.08556373780529,63.70001591752033,0.0,1,1.0658141036401503e-14,0.0,0.06155483212488022,-0.05928253535816541,73.14981370883413,-63.70001399999998,9.600086939476185,73.08556373780529,-63.70001591752033,0.0,1,1.0658141036401503e-14
5.725,5725000,return_to_standing,0.0,0.0,77.62894383702472,1.0,0.0,0.0,0.0,0.0,0.0,77.62894383702472,39.59003440672778,33.889996837645356,0,feet,0.0,0.05998501317194682,-0.057800316676336116,-39.51546466147098,63.70001399999999,9.60001232589677,-39.590034406727774,63.70001591752033,0.0,1,-3.552713678800501e-14,0.0,0.059985013171947266,-0.05780032338288876,-39.515464661470965,-63.70001399999998,9.600012325896827,-39.59003440672778,-63.70001591752033,0.0,1,2.1316282072803006e-14,0.0,0.059985028739939494,-0.05780037995883758,73.16013337501508,63.70001399999999,9.60001232673612,73.08556373780529,63.70001591752033,0.0,1,4.263256414560601e-14,0.0,0.059985028739939494,-0.05780037995883758,73.16013337501508,-63.70001399999998,9.60001232673612,73.08556373780529,-63.70001591752033,0.0,1,4.263256414560601e-14
5.733333333333333,5733333,return_to_standing,0.0,0.0,77.71986551860385,1.0,0.0,0.0,0.0,0.0,0.0,77.71986551860385,39.50719729469091,33.98091851922449,0,feet,0.0,0.05838869823594317,-0.056291551815658813,-39.50496961693847,63.70001399999999,9.60000395837642,-39.507197294690926,59.93459691168532,0.0,1,-1.7763568394002505e-15,0.0,0.058388698235942726,-0.05629155835206712,-39.50496961693844,-63.70001399999998,9.600003958376448,-39.5071972946909,-59.93459691168532,0.0,1,2.6645352591003757e-14,0.0,0.05838871340979379,-0.05629161347637002,73.1706284224332,63.70001399999999,9.600003958400833,73.16840084984197,59.93459691168532,0.0,1,8.881784197001252e-15,0.0,0.05838871340979379,-0.05629161347637002,73.1706284224332,-63.70001399999998,9.600003958400833,73.16840084984197,-59.93459691168532,0.0,1,8.881784197001252e-15
5.741666666666666,5741667,return_to_standing,0.0,0.0,77.81209550141564,1.0,0.0,0.0,0.0,0.0,0.0,77.81209550141564,39.48805774789526,34.073148502036275,0,feet,0.0,0.05676730432613075,-0.05475745311272373,-39.494308547761676,63.70001399999999,9.599997174389884,-39.48805774789529,66.27374638689588,0.0,1,-3.552713678800501e-14,0.0,0.05676730432612942,-0.05475745947587196,-39.49430854776158,-63.70001399999998,9.599997174389912,-39.48805774789523,-66.27374638689588,0.0,1,-5.329070518200751e-15,0.0,0.056767319110734515,-0.05475751313443178,73.1812894944598,63.70001399999999,9.599997174323292,73.18754039663739,66.27374638689588,0.0,1,-7.105427357601002e-15,0.0,0.056767319110734515,-0.05475751313443178,73.1812894944598,-63.70001399999998,9.599997174323292,73.18754039663739,-66.27374638689588,0.0,1,-7.105427357601002e-15
5.75,5750000,return_to_standing,0.0,0.0,77.90547791534502,1.0,0.0,0.0,0.0,0.0,0.0,77.90547791534502,39.477051944277115,34.16653091596565,0,feet,0.0,0.05512365656180185,-0.05320062098038392,-39.4834999864091,63.70001399999999,9.600002506424516,-39.47705194427714,60.71151150841919,0.0,1,1.2434497875801753e-14,0.0,0.055123656561800516,-0.05320062716743568,-39.48349998640906,-63.70001399999998,9.600002506424488,-39.477051944277086,-60.71151150841919,0.0,1,-1.5987211554602254e-14,0.0,0.05512367095153836,-0.05320067933805195,73.19209805869477,63.70001399999999,9.600002506357754,73.19854620025548,60.71151150841919,0.0,1,3.375077994860476e-14,0.0,0.05512367095153836,-0.05320067933805195,73.19209805869477,-63.70001399999998,9.600002506357754,73.19854620025548,-60.71151150841919,0.0,1,3.375077994860476e-14
5.758333333333334,5758333,return_to_standing,0.0,0.0,77.99985382326136,1.0,0.0,0.0,0.0,0.0,0.0,77.99985382326136,39.477051944277115,34.260906823881996,0,feet,0.0,0.05346017416514526,-0.051623280746837086,-39.47255981731879,63.70001399999999,9.600003620905596,-39.47705194427714,60.71151150841919,0.0,1,5.684341886080802e-14,0.0,0.053460174165143926,-0.05162328675519712,-39.472559817318746,-63.70001399999998,9.60000362090554,-39.477051944277086,-60.71151150841919,0.0,1,0.0,0.0,0.053460188155277866,-0.05162333741806213,73.20303823069347,63.70001399999999,9.600003620950702,73.19854620025548,60.71151150841919,0.0,1,-1.7763568394002505e-15,0.0,0.053460188155277866,-0.05162333741806213,73.20303823069347,-63.70001399999998,9.600003620950702,73.19854620025548,-60.71151150841919,0.0,1,-1.7763568394002505e-15
5.766666666666667,5766667,return_to_standing,0.0,0.0,78.09506165916346,1.0,0.0,0.0,0.0,0.0,0.0,78.09506165916346,39.45938236621291,34.3561146597841,0,feet,0.0,0.05177957507539377,-0.05002794995693538,-39.46150591502118,63.70001399999999,9.599997770480428,-39.45938236621295,60.73333348422281,0.0,1,0.0,0.0,0.05177957507539244,-0.05002795578428154,-39.46150591502111,-63.70001399999998,9.599997770480428,-39.459382366212864,-60.73333348422281,0.0,1,0.0,0.0,0.05177958865666055,-0.050028004917058055,73.21409213595456,63.70001399999999,9.599997770459765,73.21621577831957,60.73333348422281,0.0,1,3.197442310920451e-14,0.0,0.05177958865666055,-0.050028004917058055,73.21409213595456,-63.70001399999998,9.599997770459765,73.21621577831957,-60.73333348422281,0.0,1,3.197442310920451e-14
5.775,5775000,return_to_standing,0.0,0.0,78.19093766632469,1.0,0.0,0.0,0.0,0.0,0.0,78.19093766632469,39.45050768100776,34.45199066694532,0,feet,0.0,0.05008497378890597,-0.048417535025920166,-39.450358742458164,63.70001399999999,9.600001678185407,-39.4505076810078,60.7399748722095,0.0,1,1.2434497875801753e-14,0.0,0.05008497378890464,-0.048417540670249615,-39.45035874245809,-63.70001399999998,9.600001678185436,-39.450507681007714,-60.7399748722095,0.0,1,4.085620730620576e-14,0.0,0.05008498695742469,-0.04841758825774711,73.22523931149993,63.70001399999999,9.600001678186857,73.22509046352467,60.7399748722095,0.0,1,5.861977570020827e-14,0.0,0.05008498695742469,-0.04841758825774711,73.22523931149993,-63.70001399999998,9.600001678186857,73.22509046352467,-60.7399748722095,0.0,1,5.861977570020827e-14
5.783333333333333,5783333,return_to_standing,0.0,0.0,78.28731633543809,1.0,0.0,0.0,0.0,0.0,0.0,78.28731633543809,39.440267095123325,34.54836933605873,0,feet,0.0,0.04837893695328388,-0.04679443278290707,-39.4391351884544,63.70001399999999,9.59999841095042,-39.440267095123374,60.74619282880431,0.0,1,1.0658141036401503e-14,0.0,0.0483789369532821,-0.046794438242481196,-39.43913518845427,-63.70001399999998,9.599998410950448,-39.440267095123275,-60.74619282880431,0.0,1,3.730349362740526e-14,0.0,0.04837894970396128,-0.04679448427004207,73.23646286851232,63.70001399999999,9.599998410960708,73.23533104940903,60.74619282880431,0.0,1,-2.4868995751603507e-14,0.0,0.04837894970396128,-0.04679448427004207,73.23646286851232,-63.70001399999998,9.599998410960708,73.23533104940903,-60.74619282880431,0.0,1,-2.4868995751603507e-14
5.791666666666667,5791667,return_to_standing,0.0,0.0,78.3840308427614,1.0,0.0,0.0,0.0,0.0,0.0,78.3840308427614,39.440267095123325,34.64508384338204,0,feet,0.0,0.046664412878231865,-0.04516141471358903,-39.427854652267925,63.70001399999999,9.599990453262222,-39.440267095123374,60.74619282880431,0.0,1,1.9539925233402755e-14,0.0,0.04666441287823053,-0.045161419986976536,-39.42785465226787,-63.70001399999998,9.599990453262194,-39.440267095123275,-60.74619282880431,0.0,1,-8.881784197001252e-15,0.0,0.04666442520848113,-0.04516146444429214,73.2477434077168,63.70001399999999,9.599990453371532,73.23533104940903,60.74619282880431,0.0,1,1.2434497875801753e-14,0.0,0.04666442520848113,-0.04516146444429214,73.2477434077168,-63.70001399999998,9.599990453371532,73.23533104940903,-60.74619282880431,0.0,1,1.2434497875801753e-14
5.8,5800000,return_to_standing,0.0,0.0,78.48091348826223,1.0,0.0,0.0,0.0,0.0,0.0,78.48091348826223,39.440267095123325,34.741966488882866,0,feet,0.0,0.044944184400860454,-0.04352110636465145,-39.41653546642195,63.70001399999999,9.599969144807844,-39.440267095123374,60.74619282880431,0.0,1,1.9539925233402755e-14,0.0,0.04494418440085868,-0.043521111450716354,-39.41653546642186,-63.70001399999998,9.599969144807872,-39.440267095123275,-60.74619282880431,0.0,1,4.796163466380676e-14,0.0,0.04494419630703339,-0.043521154328317824,73.25906259659652,63.70001399999999,9.599969145009354,73.23533104940903,60.74619282880431,0.0,1,2.3092638912203256e-14,0.0,0.04494419630703339,-0.043521154328317824,73.25906259659652,-63.70001399999998,9.599969145009354,73.23533104940903,-60.74619282880431,0.0,1,2.3092638912203256e-14
5.808333333333334,5808333,return_to_standing,0.0,0.0,78.57779613376306,1.0,0.0,0.0,0.0,0.0,0.0,78.57779613376306,39.326713184981614,34.83884913438369,0,feet,0.0,0.043222104573532594,-0.04187716680863618,-39.40520303010226,63.70001399999999,9.59998462522887,-39.32671318498165,63.700015918920016,0.0,1,1.4210854715202004e-14,0.0,0.043222104573531706,-0.041877171706653726,-39.405203030102214,-63.70001399999998,9.59998462522887,-39.326713184981585,-63.700015918920016,0.0,1,1.4210854715202004e-14,0.0,0.043222116036431224,-0.04187721298278513,73.27039503606667,63.70001399999999,9.599984624588217,73.34888495955002,63.700015918920016,0.0,1,5.861977570020827e-14,0.0,0.043222116036431224,-0.04187721298278513,73.27039503606667,-63.70001399999998,9.599984624588217,73.34888495955002,-63.700015918920016,0.0,1,5.861977570020827e-14
5.816666666666666,5816667,return_to_standing,0.0,0.0,78.67451064108637,1.0,0.0,0.0,0.0,0.0,0.0,78.67451064108637,39.326713184981614,34.935563641707006,0,feet,0.0,0.04150175112634402,-0.040233014362642816,-39.39388078327442,63.70001399999999,9.600070519228339,-39.32671318498165,63.700015918920016,0.0,1,-1.7763568394002505e-15,0.0,0.041501751126343134,-0.04023301907227994,-39.393880783274376,-63.70001399999998,9.600070519228339,-39.326713184981585,-63.700015918920016,0.0,1,0.0,0.0,0.04150176216123702,-0.0402330587605495,73.28171728593517,63.70001399999999,9.600070518701315,73.34888495955002,63.700015918920016,0.0,1,-2.6645352591003757e-14,0.0,0.04150176216123702,-0.0402330587605495,73.28171728593517,-63.70001399999998,9.600070518701315,73.34888495955002,-63.700015918920016,0.0,1,-2.6645352591003757e-14
5.825,5825000,return_to_standing,0.0,0.0,78.77088931019978,1.0,0.0,0.0,0.0,0.0,0.0,78.77088931019978,39.326713184981614,35.03194231082041,0,feet,0.0,0.039784621493354155,-0.03859008597980873,-39.38257862317082,63.70001399999999,9.600142942333378,-39.32671318498165,63.700015918920016,0.0,1,-3.552713678800501e-15,0.0,0.03978462149335327,-0.038590090500894014,-39.38257862317076,-63.70001399999998,9.600142942333406,-39.326713184981585,-63.700015918920016,0.0,1,2.6645352591003757e-14,0.0,0.039784632098775585,-0.03859012859996236,73.29301944907971,63.70001399999999,9.600142941912793,73.34888495955002,63.700015918920016,0.0,1,3.375077994860476e-14,0.0,0.039784632098775585,-0.03859012859996236,73.29301944907971,-63.70001399999998,9.600142941912793,73.34888495955002,-63.700015918920016,0.0,1,3.375077994860476e-14
5.833333333333333,5833333,return_to_standing,0.0,0.0,78.866765317361,1.0,0.0,0.0,0.0,0.0,0.0,78.866765317361,39.326713184981614,35.127818317981635,0,feet,0.0,0.038073704898336835,-0.03695125480656891,-39.3713162709097,63.70001399999999,9.600201874186979,-39.32671318498165,63.700015918920016,0.0,1,0.0,0.0,0.0380737048983355,-0.03695125913926178,-39.37131627090963,-63.70001399999998,9.600201874186979,-39.326713184981585,-63.700015918920016,0.0,1,0.0,0.0,0.0380737150735766,-0.0369512956505611,73.30428180437684,63.70001399999999,9.600201873865274,73.34888495955002,63.700015918920016,0.0,1,1.0658141036401503e-14,0.0,0.0380737150735766,-0.0369512956505611,73.30428180437684,-63.70001399999998,9.600201873865274,73.34888495955002,-63.700015918920016,0.0,1,1.0658141036401503e-14
5.841666666666667,5841667,return_to_standing,0.0,0.0,78.9619731532631,1.0,0.0,0.0,0.0,0.0,0.0,78.9619731532631,39.326713184981614,35.22302615388374,0,feet,0.0,0.036371986324386096,-0.03531940277320622,-39.36011342636523,63.70001399999999,9.60024738661943,-39.32671318498165,63.700015918920016,0.0,1,8.881784197001252e-15,0.0,0.03637198632438521,-0.035319406917999174,-39.36011342636519,-63.70001399999998,9.60024738661943,-39.326713184981585,-63.700015918920016,0.0,1,1.0658141036401503e-14,0.0,0.03637199606950947,-0.03531944184576208,73.31548465194697,63.70001399999999,9.600247386389071,73.34888495955002,63.700015918920016,0.0,1,3.552713678800501e-14,0.0,0.03637199606950947,-0.03531944184576208,73.31548465194697,-63.70001399999998,9.600247386389071,73.34888495955002,-63.700015918920016,0.0,1,3.552713678800501e-14
5.85,5850000,return_to_standing,0.0,0.0,79.05634906117945,1.0,0.0,0.0,0.0,0.0,0.0,79.05634906117945,39.326713184981614,35.31740206180008,0,feet,0.0,0.034682438508697455,-0.03369741277552096,-39.34898971474344,63.70001399999999,9.600279642627044,-39.32671318498165,63.700015918920016,0.0,1,0.0,0.0,0.03468243850869612,-0.033697416733242225,-39.34898971474336,-63.70001399999998,9.600279642627044,-39.326713184981585,-63.700015918920016,0.0,1,0.0,0.0,0.034682447824554874,-0.033697450084519076,73.32660836657877,63.70001399999999,9.600279642480416,73.34888495955002,63.700015918920016,0.0,1,4.263256414560601e-14,0.0,0.034682447824554874,-0.033697450084519076,73.32660836657877,-63.70001399999998,9.600279642480416,73.34888495955002,-63.700015918920016,0.0,1,4.263256414560601e-14
5.858333333333333,5858333,return_to_standing,0.0,0.0,79.14973147510882,1.0,0.0,0.0,0.0,0.0,0.0,79.14973147510882,39.326713184981614,35.41078447572946,0,feet,0.0,0.03300801377354512,-0.0320881605919463,-39.33796463204517,63.70001399999999,9.600298894584299,-39.32671318498165,63.700015918920016,0.0,1,1.7763568394002505e-15,0.0,0.03300801377354423,-0.032088164363761607,-39.33796463204513,-63.70001399999998,9.600298894584299,-39.326713184981585,-63.700015918920016,0.0,1,3.552713678800501e-15,0.0,0.03300802266178282,-0.032088196148431614,73.33763345226598,63.70001399999999,9.600298894513728,73.34888495955002,63.700015918920016,0.0,1,8.881784197001252e-15,0.0,0.03300802266178282,-0.032088196148431614,73.33763345226598,-63.70001399999998,9.600298894513728,73.34888495955002,-63.700015918920016,0.0,1,8.881784197001252e-15
5.866666666666666,5866667,return_to_standing,0.0,0.0,79.24196145792061,1.0,0.0,0.0,0.0,0.0,0.0,79.24196145792061,39.326713184981614,35.503014458541244,0,feet,0.0,0.031351635693365854,-0.030494506536284494,-39.32705748942759,63.70001399999999,9.600305481695443,-39.32671318498165,63.700015918920016,0.0,1,-1.9539925233402755e-14,0.0,0.031351635693364965,-0.030494510123697083,-39.32705748942752,-63.70001399999998,9.600305481695472,-39.326713184981585,-63.700015918920016,0.0,1,8.881784197001252e-15,0.0,0.031351644156433434,-0.03049454035447452,73.34854059784627,63.70001399999999,9.600305481693425,73.34888495955002,63.700015918920016,0.0,1,1.7763568394002505e-14,0.0,0.031351644156433434,-0.03049454035447452,73.34854059784627,-63.70001399999998,9.600305481693425,73.34888495955002,-63.700015918920016,0.0,1,1.7763568394002505e-14
5.875,5875000,return_to_standing,0.0,0.0,79.33288313949974,1.0,0.0,0.0,0.0,0.0,0.0,79.33288313949974,39.326713184981614,35.59393614012038,0,feet,0.0,0.02971619059927333,-0.028919286848532177,-39.31628735648265,63.70001399999999,9.600299826699072,-39.32671318498165,63.700015918920016,0.0,1,3.197442310920451e-14,0.0,0.02971619059927244,-0.02891929025337836,-39.316287356482626,-63.70001399999998,9.600299826699043,-39.326713184981585,-63.700015918920016,0.0,1,3.552713678800501e-15,0.0,0.029716198640429514,-0.028919318945807237,73.35931073372222,63.70001399999999,9.600299826758075,73.34888495955002,63.700015918920016,0.0,1,3.730349362740526e-14,0.0,0.029716198640429514,-0.028919318945807237,73.35931073372222,-63.70001399999998,9.600299826758075,73.34888495955002,-63.700015918920016,0.0,1,3.730349362740526e-14
5.883333333333334,5883333,return_to_standing,0.0,0.0,79.42234415489189,1.0,0.0,0.0,0.0,0.0,0.0,79.42234415489189,39.31224494887885,35.68339715551252,0,feet,0.0,0.028104714041066625,-0.027365493154499987,-39.3056742860455,63.70001399999999,9.60029325999865,-39.31224494887888,63.70001591896379,0.0,1,8.881784197001252e-15,0.0,0.028104714041065737,-0.027365496378979337,-39.30567428604544,-63.70001399999998,9.60029325999865,-39.31224494887882,-63.7000159189638,0.0,1,8.881784197001252e-15,0.0,0.02810472166303768,-0.027365523550245463,73.36992380706226,63.70001399999999,9.600293260033837,73.36335319565272,63.70001591896379,0.0,1,-1.7763568394002505e-15,0.0,0.02810472166303768,-0.027365523550245463,73.36992380706226,-63.70001399999998,9.600293260033837,73.36335319565272,-63.7000159189638,0.0,1,-1.7763568394002505e-15
5.891666666666667,5891667,return_to_standing,0.0,0.0,79.5101960824485,1.0,0.0,0.0,0.0,0.0,0.0,79.5101960824485,39.31224494887885,35.77124908306914,0,feet,0.0,0.026519885497435336,-0.025835785103142772,-39.29523597949378,63.70001399999999,9.600280441036404,-39.31224494887888,63.70001591896379,0.0,1,1.4210854715202004e-14,0.0,0.026519885497434448,-0.02583578814976928,-39.29523597949374,-63.70001399999998,9.600280441036404,-39.31224494887882,-63.7000159189638,0.0,1,1.4210854715202004e-14,0.0,0.02651989270659927,-0.02583581382252209,73.38036211646485,63.70001399999999,9.600280441122422,73.36335319565272,63.70001591896379,0.0,1,-2.6645352591003757e-14,0.0,0.02651989270659927,-0.02583581382252209,73.38036211646485,-63.70001399999998,9.600280441122422,73.36335319565272,-63.7000159189638,0.0,1,-2.6645352591003757e-14
5.9,5900000,return_to_standing,0.0,0.0,79.59629488197193,1.0,0.0,0.0,0.0,0.0,0.0,79.59629488197193,39.31224494887885,35.85734788259256,0,feet,0.0,0.02496433347368887,-0.024332782316573542,-39.284989815694146,63.70001399999999,9.60025681996585,-39.31224494887888,63.70001591896379,0.0,1,1.5987211554602254e-14,0.0,0.024964333473687983,-0.024332785188181827,-39.284989815694104,-63.70001399999998,9.60025681996585,-39.31224494887882,-63.7000159189638,0.0,1,1.5987211554602254e-14,0.0,0.02496434027573402,-0.024332809386317322,73.3906082830681,63.70001399999999,9.600256820095765,73.36335319565272,63.70001591896379,0.0,1,-7.105427357601002e-15,0.0,0.02496434027573402,-0.024332809386317322,73.3906082830681,-63.70001399999998,9.600256820095765,73.36335319565272,-63.7000159189638,0.0,1,-7.105427357601002e-15
5.908333333333333,5908333,return_to_standing,0.0,0.0,79.68050133286044,1.0,0.0,0.0,0.0,0.0,0.0,79.68050133286044,39.31224494887885,35.94155433348108,0,feet,0.0,0.0234407067501734,-0.02285913308235843,-39.274953307823694,63.70001399999999,9.60022307996499,-39.31224494887888,63.70001591896379,0.0,1,-1.7763568394002505e-14,0.0,0.023440706750172957,-0.022859135782105522,-39.27495330782363,-63.70001399999998,9.600223079965048,-39.31224494887882,-63.7000159189638,0.0,1,3.907985046680551e-14,0.0,0.023440713151586134,-0.022859158532227752,73.40064479368993,63.70001399999999,9.600223080132125,73.36335319565272,63.70001591896379,0.0,1,1.4210854715202004e-14,0.0,0.023440713151586134,-0.022859158532227752,73.40064479368993,-63.70001399999998,9.600223080132125,73.36335319565272,-63.7000159189638,0.0,1,1.4210854715202004e-14
5.916666666666667,5916667,return_to_standing,0.0,0.0,79.76268147225342,1.0,0.0,0.0,0.0,0.0,0.0,79.76268147225342,39.31224494887885,36.023734472874054,0,feet,0.0,0.021951572112975715,-0.02141741490051574,-39.26514342916627,63.70001399999999,9.600179961772923,-39.31224494887888,63.70001591896379,0.0,1,1.0658141036401503e-14,0.0,0.021951572112974826,-0.0214174174318722,-39.265143429166244,-63.70001399999998,9.600179961772909,-39.31224494887882,-63.7000159189638,0.0,1,-3.552713678800501e-15,0.0,0.02195157812103332,-0.021417438763239982,73.41045467504145,63.70001399999999,9.600179961970738,73.36335319565272,63.70001591896379,0.0,1,-1.5987211554602254e-14,0.0,0.02195157812103332,-0.021417438763239982,73.41045467504145,-63.70001399999998,9.600179961970738,73.36335319565272,-63.7000159189638,0.0,1,-1.5987211554602254e-14
5.925,5925000,return_to_standing,0.0,0.0,79.84270703317637,1.0,0.0,0.0,0.0,0.0,0.0,79.84270703317637,39.31224494887885,36.103760033797,0,feet,0.0,0.020499404999613446,-0.020010124494258985,-39.2555765508601,63.70001399999999,9.600128256656333,-39.31224494887888,63.70001591896379,0.0,1,-1.7763568394002505e-15,0.0,0.020499404999612114,-0.020010126861006228,-39.25557655086003,-63.70001399999998,9.600128256656333,-39.31224494887882,-63.7000159189638,0.0,1,-1.7763568394002505e-15,0.0,0.02049941062236904,-0.020010146805469642,73.42002155597976,63.70001399999999,9.600128256878833,73.36335319565272,63.70001591896379,0.0,1,7.105427357601002e-15,0.0,0.02049941062236904,-0.020010146805469642,73.42002155597976,-63.70001399999998,9.600128256878833,73.36335319565272,-63.7000159189638,0.0,1,7.105427357601002e-15
5.933333333333334,5933333,return_to_standing,0.0,0.0,79.920455882686,1.0,0.0,0.0,0.0,0.0,0.0,79.920455882686,39.31224494887885,36.181508883306634,0,feet,0.0,0.019086580035218237,-0.018639667645418356,-39.24626837897175,63.70001399999999,9.600068798910158,-39.31224494887888,63.70001591896379,0.0,1,-1.9539925233402755e-14,0.0,0.01908658003521735,-0.018639669851635787,-39.24626837897168,-63.70001399999998,9.6000687989102,-39.31224494887882,-63.7000159189638,0.0,1,2.3092638912203256e-14,0.0,0.019086585281482105,-0.018639688443552682,73.42932973043358,63.70001399999999,9.600068799151572,73.36335319565272,63.70001591896379,0.0,1,-1.2434497875801753e-14,0.0,0.019086585281482105,-0.018639688443552682,73.42932973043358,-63.70001399999998,9.600068799151572,73.36335319565272,-63.7000159189638,0.0,1,-1.2434497875801753e-14
5.941666666666666,5941667,return_to_standing,0.0,0.0,79.99581246001537,1.0,0.0,0.0,0.0,0.0,0.0,79.99581246001537,39.31224494887885,36.25686546063601,0,feet,0.0,0.017715361472995017,-0.017308348876750035,-39.2372338909926,63.70001399999999,9.600002457956975,-39.31224494887888,63.70001591896379,0.0,1,-1.2434497875801753e-14,0.0,0.017715361472993685,-0.01730835092680305,-39.23723389099254,-63.70001399999998,9.600002457956975,-39.31224494887882,-63.7000159189638,0.0,1,-1.2434497875801753e-14,0.0,0.017715366352314632,-0.017308368202959556,73.43836422090706,63.70001399999999,9.60000245821199,73.36335319565272,63.70001591896379,0.0,1,2.6645352591003757e-14,0.0,0.017715366352314632,-0.017308368202959556,73.43836422090706,-63.70001399999998,9.60000245821199,73.36335319565272,-63.7000159189638,0.0,1,2.6645352591003757e-14
5.95,5950000,return_to_standing,0.0,0.0,80.06866821471894,1.0,0.0,0.0,0.0,0.0,0.0,80.06866821471894,39.196041815472,36.329721215339575,0,feet,0.0,0.01638811568433196,-0.016018575857026818,-39.2284887650707,63.70001399999999,9.599942290073926,-39.19604181547202,65.90477742429005,0.0,1,0.0,0.0,0.016388115684331517,-0.016018577755585017,-39.22848876507067,-63.70001399999998,9.59994229007394,-39.19604181547197,-65.90477742429005,0.0,1,1.4210854715202004e-14,0.0,0.016388120200372835,-0.01601859374882153,73.44710934929105,63.70001399999999,9.599942289972006,73.47955632905933,65.90477742429005,0.0,1,4.973799150320701e-14,0.0,0.016388120200372835,-0.01601859374882153,73.44710934929105,-63.70001399999998,9.599942289972006,73.47955632905933,-65.90477742429005,0.0,1,4.973799150320701e-14
5.958333333333333,5958333,return_to_standing,0.0,0.0,80.13892204481766,1.0,0.0,0.0,0.0,0.0,0.0,80.13892204481766,39.196041815472,36.399975045438296,0,feet,0.0,0.015108275739262211,-0.014773803812335284,-39.22005557324049,63.70001399999999,9.599967089356426,-39.19604181547202,65.90477742429005,0.0,1,2.842170943040401e-14,0.0,0.015108275739261323,-0.01477380556449237,-39.22005557324046,-63.70001399999998,9.599967089356397,-39.19604181547197,-65.90477742429005,0.0,1,0.0,0.0,0.015108279910572175,-0.014773820324669895,73.45554254345365,63.70001399999999,9.599967089286821,73.47955632905933,65.90477742429005,0.0,1,5.684341886080802e-14,0.0,0.015108279910572175,-0.014773820324669895,73.45554254345365,-63.70001399999998,9.599967089286821,73.47955632905933,-65.90477742429005,0.0,1,5.684341886080802e-14
5.966666666666667,5966667,return_to_standing,0.0,0.0,80.20648073494407,1.0,0.0,0.0,0.0,0.0,0.0,80.20648073494407,39.196041815472,36.4675337355647,0,feet,0.0,0.013876009811183643,-0.013574311841665576,-39.211935483393134,63.70001399999999,9.599983967101608,-39.19604181547202,65.90477742429005,0.0,1,-1.0658141036401503e-14,0.0,0.013876009811182755,-0.013574313452568987,-39.211935483393056,-63.70001399999998,9.59998396710165,-39.19604181547197,-65.90477742429005,0.0,1,3.197442310920451e-14,0.0,0.01387601364931701,-0.013574327023017752,73.46366263555046,63.70001399999999,9.599983967059273,73.47955632905933,65.90477742429005,0.0,1,1.7763568394002505e-14,0.0,0.01387601364931701,-0.013574327023017752,73.46366263555046,-63.70001399999998,9.599983967059273,73.47955632905933,-65.90477742429005,0.0,1,1.7763568394002505e-14
5.975,5975000,return_to_standing,0.0,0.0,80.27125939448737,1.0,0.0,0.0,0.0,0.0,0.0,80.27125939448737,39.196041815472,36.53231239510801,0,feet,0.0,0.012693040873036576,-0.012421890701515004,-39.20413990496267,63.70001399999999,9.599993708239325,-39.19604181547202,65.90477742429005,0.0,1,-3.552713678800501e-15,0.0,0.012693040873036132,-0.012421892176541327,-39.204139904962645,-63.70001399999998,9.599993708239325,-39.19604181547197,-65.90477742429005,0.0,1,-3.552713678800501e-15,0.0,0.012693044390157393,-0.012421904602532674,73.47145821614376,63.70001399999999,9.599993708219557,73.47955632905933,65.90477742429005,0.0,1,-1.0658141036401503e-14,0.0,0.012693044390157393,-0.012421904602532674,73.47145821614376,-63.70001399999998,9.599993708219557,73.47955632905933,-65.90477742429005,0.0,1,-1.0658141036401503e-14
5.983333333333333,5983333,return_to_standing,0.0,0.0,80.33318189573855,1.0,0.0,0.0,0.0,0.0,0.0,80.33318189573855,39.196041815472,36.59423489635918,0,feet,0.0,0.011560933090493997,-0.011318177143151864,-39.196679197997085,63.70001399999999,9.599997102657483,-39.19604181547202,65.90477742429005,0.0,1,2.3092638912203256e-14,0.0,0.011560933090492664,-0.011318178487891295,-39.196679197997035,-63.70001399999998,9.599997102657454,-39.19604181547197,-65.90477742429005,0.0,1,-5.329070518200751e-15,0.0,0.011560936299331193,-0.011318189816488022,73.47891892518243,63.70001399999999,9.599997102656033,73.47955632905933,65.90477742429005,0.0,1,-7.105427357601002e-15,0.0,0.011560936299331193,-0.011318189816488022,73.47891892518243,-63.70001399999998,9.599997102656033,73.47955632905933,-65.90477742429005,0.0,1,-7.105427357601002e-15
5.991666666666666,5991667,return_to_standing,0.0,0.0,80.39218131203539,1.0,0.0,0.0,0.0,0.0,0.0,80.39218131203539,39.196041815472,36.653234312656025,0,feet,0.0,0.01048108206439613,-0.010264643277289931,-39.18956260862046,63.70001399999999,9.599994937351127,-39.19604181547202,65.90477742429005,0.0,1,3.197442310920451e-14,0.0,0.010481082064395242,-0.010264644497527176,-39.189562608620435,-63.70001399999998,9.599994937351099,-39.19604181547197,-65.90477742429005,0.0,1,3.552713678800501e-15,0.0,0.010481084978200883,-0.010264654777423665,73.48603551653929,63.70001399999999,9.599994937364215,73.47955632905933,65.90477742429005,0.0,1,4.618527782440651e-14,0.0,0.010481084978200883,-0.010264654777423665,73.48603551653929,-63.70001399999998,9.599994937364215,73.47955632905933,-65.90477742429005,0.0,1,4.618527782440651e-14
6.0,6000000,return_to_standing,0.0,0.0,80.44820035590767,1.0,0.0,0.0,0.0,0.0,0.0,80.44820035590767,39.196041815472,36.70925335652831,0,feet,0.0,0.009454705104873451,-0.009262585990780003,-39.18279820475904,63.70001399999999,9.59998798874578,-39.19604181547202,65.90477742429005,0.0,1,-5.329070518200751e-15,0.0,0.009454705104872563,-0.009262587092472074,-39.18279820475898,-63.70001399999998,9.59998798874581,-39.19604181547197,-65.90477742429005,0.0,1,2.3092638912203256e-14,0.0,0.009454707737365897,-0.0092625963738171,73.49279992228563,63.70001399999999,9.599987988769968,73.47955632905933,65.90477742429005,0.0,1,5.684341886080802e-14,0.0,0.009454707737365897,-0.0092625963738171,73.49279992228563,-63.70001399999998,9.599987988769968,73.47955632905933,-65.90477742429005,0.0,1,5.684341886080802e-14
6.008333333333334,6008333,return_to_standing,0.0,0.0,80.50119181722215,1.0,0.0,0.0,0.0,0.0,0.0,80.50119181722215,39.196041815472,36.762244817842785,0,feet,0.0,0.008482831557404591,-0.008313116447937752,-39.176392812260275,63.70001399999999,9.59997701528296,-39.19604181547202,65.90477742429005,0.0,1,1.2434497875801753e-14,0.0,0.008482831557403703,-0.008313117437190432,-39.17639281226025,-63.70001399999998,9.599977015282946,-39.19604181547197,-65.90477742429005,0.0,1,-1.7763568394002505e-15,0.0,0.008482833922723199,-0.008313125771400642,73.49920531657148,63.70001399999999,9.599977015315062,73.47955632905933,65.90477742429005,0.0,1,-1.9539925233402755e-14,0.0,0.008482833922723199,-0.008313125771400642,73.49920531657148,-63.70001399999998,9.599977015315062,73.47955632905933,-65.90477742429005,0.0,1,-1.9539925233402755e-14
6.016666666666667,6016667,return_to_standing,0.0,0.0,80.5511190013277,1.0,0.0,0.0,0.0,0.0,0.0,80.5511190013277,39.196041815472,36.81217200194834,0,feet,0.0,0.00756629320085489,-0.007417149708778936,-39.17035195153474,63.70001399999999,9.599962750353725,-39.19604181547202,65.90477742429005,0.0,1,3.552713678800501e-15,0.0,0.007566293200854446,-0.007417150591826349,-39.1703519515347,-63.70001399999998,9.599962750353754,-39.19604181547197,-65.90477742429005,0.0,1,3.197442310920451e-14,0.0,0.007566295313496507,-0.007417158031390869,73.50524617898455,63.70001399999999,9.599962750391214,73.47955632905933,65.90477742429005,0.0,1,-5.329070518200751e-15,0.0,0.007566295313496507,-0.007417158031390869,73.50524617898455,-63.70001399999998,9.599962750391214,73.47955632905933,-65.90477742429005,0.0,1,-5.329070518200751e-15
6.025,6025000,return_to_standing,0.0,0.0,80.59795616720044,1.0,0.0,0.0,0.0,0.0,0.0,80.59795616720044,39.13629722968143,36.85900916782107,0,feet,0.0,0.0067060034574937255,-0.006575676947089715,-39.16468167877026,63.70001399999999,9.599961607683966,-39.13629722968146,59.9925097393973,0.0,1,-1.7763568394002505e-15,0.0,0.006706003457492393,-0.006575677730300988,-39.16468167877018,-63.70001399999998,9.59996160768398,-39.136297229681404,-59.99250973939729,0.0,1,1.2434497875801753e-14,0.0,0.006706005330912479,-0.006575684327460252,73.5109164533443,63.70001399999999,9.599961607647273,73.53930091484985,59.9925097393973,0.0,1,1.9539925233402755e-14,0.0,0.006706005330912479,-0.006575684327460252,73.5109164533443,-63.70001399999998,9.599961607647273,73.53930091484985,-59.99250973939729,0.0,1,1.9539925233402755e-14
6.033333333333333,6033333,return_to_standing,0.0,0.0,80.64168896558868,1.0,0.0,0.0,0.0,0.0,0.0,80.64168896558868,39.13629722968143,36.90274196620932,0,feet,0.0,0.005902399457192065,-0.005789219833320924,-39.15938489075508,63.70001399999999,9.599975807566508,-39.13629722968146,59.9925097393973,0.0,1,-5.329070518200751e-15,0.0,0.005902399457191176,-0.005789220523142458,-39.159384890755035,-63.70001399999998,9.599975807566508,-39.136297229681404,-59.99250973939729,0.0,1,-5.329070518200751e-15,0.0,0.005902401108091926,-0.005789226333747344,73.51621324284133,63.70001399999999,9.599975807540204,73.53930091484985,59.9925097393973,0.0,1,-1.4210854715202004e-14,0.0,0.005902401108091926,-0.005789226333747344,73.51621324284133,-63.70001399999998,9.599975807540204,73.53930091484985,-59.99250973939729,0.0,1,-1.4210854715202004e-14
6.041666666666667,6041667,return_to_standing,0.0,0.0,80.68231487715823,1.0,0.0,0.0,0.0,0.0,0.0,80.68231487715823,39.13629722968143,36.94336787777887,0,feet,0.0,0.00515530401513109,-0.00505769251850019,-39.154460450974156,63.70001399999999,9.59998638766477,-39.13629722968146,59.9925097393973,0.0,1,2.1316282072803006e-14,0.0,0.005155304015130202,-0.005057693121387263,-39.15446045097413,-63.70001399999998,9.599986387664757,-39.136297229681404,-59.99250973939729,0.0,1,7.105427357601002e-15,0.0,0.00515530545867815,-0.005057698199774308,73.52113768400136,63.70001399999999,9.599986387646666,73.53930091484985,59.9925097393973,0.0,1,-5.329070518200751e-15,0.0,0.00515530545867815,-0.005057698199774308,73.52113768400136,-63.70001399999998,9.599986387646666,73.53930091484985,-59.99250973939729,0.0,1,-5.329070518200751e-15
6.05,6050000,return_to_standing,0.0,0.0,80.71984365063726,1.0,0.0,0.0,0.0,0.0,0.0,80.71984365063726,39.13629722968143,36.98089665125789,0,feet,0.0,0.004464664637270577,-0.004381124919335733,-39.149908041378986,63.70001399999999,9.599993921443996,-39.13629722968146,59.9925097393973,0.0,1,2.6645352591003757e-14,0.0,0.0044646646372696885,-0.0043811254417591705,-39.14990804137898,-63.70001399999998,9.599993921443954,-39.136297229681404,-59.99250973939729,0.0,1,-1.5987211554602254e-14,0.0,0.004464665888719299,-0.004381129842427445,73.52569009487277,63.70001399999999,9.599993921432244,73.53930091484985,59.9925097393973,0.0,1,1.4210854715202004e-14,0.0,0.004464665888719299,-0.004381129842427445,73.52569009487277,-63.70001399999998,9.599993921432244,73.53930091484985,-59.99250973939729,0.0,1,1.4210854715202004e-14
6.058333333333334,6058333,return_to_standing,0.0,0.0,80.75429774096152,1.0,0.0,0.0,0.0,0.0,0.0,80.75429774096152,39.13629722968143,37.015350741582154,0,feet,0.0,0.003830185173488765,-0.003759301944025406,-39.145725734676176,63.70001399999999,9.599998940065063,-39.13629722968146,59.9925097393973,0.0,1,3.019806626980426e-14,0.0,0.0038301851734874326,-0.0037593023924475943,-39.145725734676134,-63.70001399999998,9.599998940065035,-39.136297229681404,-59.99250973939729,0.0,1,1.7763568394002505e-15,0.0,0.0038301862481096016,-0.003759306169794474,73.52987240274908,63.70001399999999,9.599998940058086,73.53930091484985,59.9925097393973,0.0,1,3.019806626980426e-14,0.0,0.0038301862481096016,-0.003759306169794474,73.52987240274908,-63.70001399999998,9.599998940058086,73.53930091484985,-59.99250973939729,0.0,1,3.019806626980426e-14
6.066666666666666,6066667,return_to_standing,0.0,0.0,80.78571274741942,1.0,0.0,0.0,0.0,0.0,0.0,80.78571274741942,39.13629722968143,37.04676574804006,0,feet,0.0,0.003251317024330014,-0.003191754416076442,-39.14190993647256,63.70001399999999,9.600001929347641,-39.13629722968146,59.9925097393973,0.0,1,-1.2434497875801753e-14,0.0,0.0032513170243295697,-0.0031917547969135818,-39.141909936472516,-63.70001399999998,9.60000192934767,-39.136297229681404,-59.99250973939729,0.0,1,1.5987211554602254e-14,0.0,0.0032513179373294676,-0.003191758004979839,73.53368820202422,63.70001399999999,9.60000192934416,73.53930091484985,59.9925097393973,0.0,1,3.375077994860476e-14,0.0,0.0032513179373294676,-0.003191758004979839,73.53368820202422,-63.70001399999998,9.60000192934416,73.53930091484985,-59.99250973939729,0.0,1,3.375077994860476e-14
6.075,6075000,return_to_standing,0.0,0.0,80.8141378517971,1.0,0.0,0.0,0.0,0.0,0.0,80.8141378517971,39.13629722968143,37.075190852417734,0,feet,0.0,0.0027272505269411162,-0.002677750287839231,-39.138455328620566,63.70001399999999,9.600003327528839,-39.13629722968146,59.9925097393973,0.0,1,-2.1316282072803006e-14,0.0,0.002727250526940228,-0.002677750607432028,-39.138455328620495,-63.70001399999998,9.600003327528853,-39.136297229681404,-59.99250973939729,0.0,1,-7.105427357601002e-15,0.0,0.00272725129337692,-0.002677753299620722,73.53714281084706,63.70001399999999,9.60000332752773,73.53930091484985,59.9925097393973,0.0,1,8.881784197001252e-15,0.0,0.00272725129337692,-0.002677753299620722,73.53714281084706,-63.70001399999998,9.60000332752773,73.53930091484985,-59.99250973939729,0.0,1,8.881784197001252e-15
6.083333333333333,6083333,return_to_standing,0.0,0.0,80.83963625652348,1.0,0.0,0.0,0.0,0.0,0.0,80.83963625652348,39.13629722968143,37.10068925714411,0,feet,0.0,0.0022569065268638333,-0.0022162861545353962,-39.13535481380522,63.70001399999999,9.600003523843554,-39.13629722968146,59.9925097393973,0.0,1,5.329070518200751e-15,0.0,0.002256906526862945,-0.002216286419115754,-39.13535481380518,-63.70001399999998,9.600003523843554,-39.136297229681404,-59.99250973939729,0.0,1,5.329070518200751e-15,0.0,0.002256907161565014,-0.002216288647913345,73.54024332653432,63.70001399999999,9.60000352384398,73.53930091484985,59.9925097393973,0.0,1,2.1316282072803006e-14,0.0,0.002256907161565014,-0.002216288647913345,73.54024332653432,-63.70001399999998,9.60000352384398,73.53930091484985,-59.99250973939729,0.0,1,2.1316282072803006e-14
6.091666666666667,6091667,return_to_standing,0.0,0.0,80.86228562281539,1.0,0.0,0.0,0.0,0.0,0.0,80.86228562281539,39.13629722968143,37.12333862343603,0,feet,0.0,0.0018389281392328094,-0.0018060790744862665,-39.13259946139267,63.70001399999999,9.600002857940481,-39.13629722968146,59.9925097393973,0.0,1,-2.4868995751603507e-14,0.0,0.0018389281392314771,-0.0018060792901430922,-39.1325994613926,-63.70001399999998,9.600002857940495,-39.136297229681404,-59.99250973939729,0.0,1,-1.0658141036401503e-14,0.0,0.0018389286567104257,-0.0018060811068245641,73.54299867972219,63.70001399999999,9.600002857941817,73.53930091484985,59.9925097393973,0.0,1,-3.552713678800501e-15,0.0,0.0018389286567104257,-0.0018060811068245641,73.54299867972219,-63.70001399999998,9.600002857941817,73.53930091484985,-59.99250973939729,0.0,1,-3.552713678800501e-15
6.1,6100000,return_to_standing,0.0,0.0,80.88217850882269,1.0,0.0,0.0,0.0,0.0,0.0,80.88217850882269,39.13629722968143,37.143231509443325,0,feet,0.0,0.001471672699435711,-0.0014455586956745314,-39.13017845453737,63.70001399999999,9.600001620132531,-39.13629722968146,59.9925097393973,0.0,1,1.2434497875801753e-14,0.0,0.0014716726994348228,-0.001445558868315544,-39.13017845453734,-63.70001399999998,9.600001620132517,-39.136297229681404,-59.99250973939729,0.0,1,-1.7763568394002505e-15,0.0,0.0014716731137944805,-0.001445560322646422,73.54541968725906,63.70001399999999,9.600001620134279,73.53930091484985,59.9925097393973,0.0,1,1.7763568394002505e-14,0.0,0.0014716731137944805,-0.001445560322646422,73.54541968725906,-63.70001399999998,9.600001620134279,73.53930091484985,-59.99250973939729,0.0,1,1.7763568394002505e-14
6.108333333333333,6108333,return_to_standing,0.0,0.0,80.89942280777326,1.0,0.0,0.0,0.0,0.0,0.0,80.89942280777326,39.1284980773924,37.1604758083939,0,feet,0.0,0.0011532307704773537,-0.001132886073450745,-39.128079215557065,63.70001399999999,9.600001507498305,-39.128498077392415,59.980312244891614,0.0,1,-1.0658141036401503e-14,0.0,0.0011532307704764655,-0.0011328862087722769,-39.12807921555702,-63.70001399999998,9.600001507498305,-39.12849807739238,-59.98031224489162,0.0,1,-1.0658141036401503e-14,0.0,0.0011532310952988567,-0.00113288734869732,73.54751892683089,63.70001399999999,9.600001507498433,73.54710006713886,59.980312244891614,0.0,1,2.4868995751603507e-14,0.0,0.0011532310952988567,-0.00113288734869732,73.54751892683089,-63.70001399999998,9.600001507498433,73.54710006713886,-59.98031224489162,0.0,1,2.4868995751603507e-14
6.116666666666666,6116667,return_to_standing,0.0,0.0,80.9141421861182,1.0,0.0,0.0,0.0,0.0,0.0,80.9141421861182,39.1284980773924,37.17519518673883,0,feet,0.0,0.0008813378784009451,-0.0008658672638222065,-39.126286824353116,63.70001399999999,9.600001261967378,-39.128498077392415,59.980312244891614,0.0,1,3.552713678800501e-15,0.0,0.000881337878400501,-0.0008658673672625739,-39.12628682435312,-63.70001399999998,9.60000126196735,-39.12849807739238,-59.98031224489162,0.0,1,-2.4868995751603507e-14,0.0,0.0008813381267409603,-0.0008658682386366578,73.54931131853982,63.70001399999999,9.600001261967734,73.54710006713886,59.980312244891614,0.0,1,-1.7763568394002505e-14,0.0,0.0008813381267409603,-0.0008658682386366578,73.54931131853982,-63.70001399999998,9.600001261967734,73.54710006713886,-59.98031224489162,0.0,1,-1.7763568394002505e-14
6.125,6125000,return_to_standing,0.0,0.0,80.92647652167683,1.0,0.0,0.0,0.0,0.0,0.0,80.92647652167683,39.1284980773924,37.18752952229747,0,feet,0.0,0.0006534431593050449,-0.0006420210700412987,-39.12478447136354,63.70001399999999,9.600000798361734,-39.128498077392415,59.980312244891614,0.0,1,2.4868995751603507e-14,0.0,0.0006534431593041568,-0.000642021146749272,-39.124784471363505,-63.70001399999998,9.600000798361705,-39.12849807739238,-59.98031224489162,0.0,1,-3.552713678800501e-15,0.0,0.000653443343492377,-0.0006420217929328231,73.55081367195282,63.70001399999999,9.600000798362174,73.54710006713886,59.980312244891614,0.0,1,-5.329070518200751e-15,0.0,0.000653443343492377,-0.0006420217929328231,73.55081367195282,-63.70001399999998,9.600000798362174,73.54710006713886,-59.98031224489162,0.0,1,-5.329070518200751e-15
6.133333333333334,6133333,return_to_standing,0.0,0.0,80.93658234178183,1.0,0.0,0.0,0.0,0.0,0.0,80.93658234178183,39.1284980773924,37.197635342402464,0,feet,0.0,0.00046668419037798614,-0.0004585548119373506,-39.12355329159146,63.70001399999999,9.60000024315147,-39.128498077392415,59.980312244891614,0.0,1,-1.4210854715202004e-14,0.0,0.00046668419037709796,-0.00045855486673129775,-39.123553291591406,-63.70001399999998,9.600000243151499,-39.12849807739238,-59.98031224489162,0.0,1,1.4210854715202004e-14,0.0,0.00046668432195984266,-0.0004585553283047439,73.55204485207207,63.70001399999999,9.600000243151953,73.54710006713886,59.980312244891614,0.0,1,2.3092638912203256e-14,0.0,0.00046668432195984266,-0.0004585553283047439,73.55204485207207,-63.70001399999998,9.600000243151953,73.54710006713886,-59.98031224489162,0.0,1,2.3092638912203256e-14
6.141666666666667,6141667,return_to_standing,0.0,0.0,80.94463326142429,1.0,0.0,0.0,0.0,0.0,0.0,80.94463326142429,39.1284980773924,37.20568626204492,0,feet,0.0,0.0003178751231374122,-0.0003123532176481092,-39.122572286572705,63.70001399999999,9.599999687730104,-39.128498077392415,59.980312244891614,0.0,1,-1.2434497875801753e-14,0.0,0.0003178751231360799,-0.00031235325497558364,-39.12257228657261,-63.70001399999998,9.599999687730133,-39.12849807739238,-59.98031224489162,0.0,1,1.5987211554602254e-14,0.0,0.00031787521278170416,-0.00031235356940984005,73.55302585736746,63.70001399999999,9.59999968773046,73.54710006713886,59.980312244891614,0.0,1,-2.3092638912203256e-14,0.0,0.00031787521278170416,-0.00031235356940984005,73.55302585736746,-63.70001399999998,9.59999968773046,73.54710006713886,-59.98031224489162,0.0,1,-2.3092638912203256e-14
6.15,6150000,return_to_standing,0.0,0.0,80.95082042139884,1.0,0.0,0.0,0.0,0.0,0.0,80.95082042139884,39.1284980773924,37.21187342201948,0,feet,0.0,0.00020349954506304613,-0.00019997202247790113,-39.12181827751368,63.70001399999999,9.599999192692096,-39.128498077392415,59.980312244891614,0.0,1,7.105427357601002e-15,0.0,0.00020349954506260204,-0.00019997204637567378,-39.121818277513654,-63.70001399999998,9.59999919269211,-39.12849807739238,-59.98031224489162,0.0,1,2.1316282072803006e-14,0.0,0.00020349960246246468,-0.00019997224769285893,73.5537798666391,63.70001399999999,9.599999192692366,73.54710006713886,59.980312244891614,0.0,1,1.2434497875801753e-14,0.0,0.00020349960246246468,-0.00019997224769285893,73.5537798666391,-63.70001399999998,9.599999192692366,73.54710006713886,-59.98031224489162,0.0,1,1.2434497875801753e-14
6.158333333333333,6158333,return_to_standing,0.0,0.0,80.95535292644873,1.0,0.0,0.0,0.0,0.0,0.0,80.95535292644873,39.1284980773924,37.21640592706936,0,feet,0.0,0.00011970341207145907,-0.000117631682231778,-39.12126585889433,63.70001399999999,9.59999879241819,-39.128498077392415,59.980312244891614,0.0,1,-3.552713678800501e-15,0.0,0.00011970341207057089,-0.0001176316962907542,-39.121265858894304,-63.70001399999998,9.599998792418177,-39.12849807739238,-59.98031224489162,0.0,1,-1.7763568394002505e-14,0.0,0.00011970344583911441,-0.00011763181471913242,73.55433228541429,63.70001399999999,9.599998792418361,73.54710006713886,59.980312244891614,0.0,1,1.7763568394002505e-15,0.0,0.00011970344583911441,-0.00011763181471913242,73.55433228541429,-63.70001399999998,9.599998792418361,73.54710006713886,-59.98031224489162,0.0,1,1.7763568394002505e-15
6.166666666666667,6166667,return_to_standing,0.0,0.0,80.95845828341085,1.0,0.0,0.0,0.0,0.0,0.0,80.95845828341085,39.1284980773924,37.21951128403148,0,feet,0.0,6.228801504848391e-05,-6.121114156298901e-05,-39.12088735228954,63.70001399999999,9.599998499806077,-39.128498077392415,59.980312244891614,0.0,1,1.7763568394002505e-14,0.0,6.228801504759574e-05,-6.121114887891466e-05,-39.120887352289515,-63.70001399999998,9.599998499806048,-39.12849807739238,-59.98031224489162,0.0,1,-1.0658141036401503e-14,0.0,6.228803262064986e-05,-6.121121050606249e-05,73.55471079212586,63.70001399999999,9.599998499806134,73.54710006713886,59.980312244891614,0.0,1,-1.7763568394002505e-14,0.0,6.228803262064986e-05,-6.121121050606249e-05,73.55471079212586,-63.70001399999998,9.599998499806134,73.54710006713886,-59.98031224489162,0.0,1,-1.7763568394002505e-14
6.175,6175000,return_to_standing,0.0,0.0,80.96038283936092,1.0,0.0,0.0,0.0,0.0,0.0,80.96038283936092,39.1284980773924,37.22143583998155,0,feet,0.0,2.6702938105138685e-05,-2.6241588753528333e-05,-39.120652760127506,63.70001399999999,9.599998310958824,-39.128498077392415,59.980312244891614,0.0,1,3.552713678800501e-15,0.0,2.6702938104694596e-05,-2.624159189057451e-05,-39.12065276012748,-63.70001399999998,9.599998310958838,-39.12849807739238,-59.98031224489162,0.0,1,1.7763568394002505e-14,0.0,2.670294563866804e-05,-2.6241618311217962e-05,73.55494538435408,63.70001399999999,9.599998310958881,73.54710006713886,59.980312244891614,0.0,1,2.1316282072803006e-14,0.0,2.670294563866804e-05,-2.6241618311217962e-05,73.55494538435408,-63.70001399999998,9.599998310958881,73.54710006713886,-59.98031224489162,0.0,1,2.1316282072803006e-14
6.183333333333334,6183333,return_to_standing,0.0,0.0,80.96139221975852,1.0,0.0,0.0,0.0,0.0,0.0,80.96139221975852,39.1284980773924,37.22244522037916,0,feet,0.0,8.038960353839997e-06,-7.900118976333914e-06,-39.120529719060926,63.70001399999999,9.599998209618647,-39.128498077392415,59.980312244891614,0.0,1,2.842170943040401e-14,0.0,8.038960352951818e-06,-7.900119920023485e-06,-39.12052971906091,-63.70001399999998,9.599998209618605,-39.12849807739238,-59.98031224489162,0.0,1,-1.4210854715202004e-14,0.0,8.038962621359502e-06,-7.900127874993501e-06,73.5550684254554,63.70001399999999,9.599998209618647,73.54710006713886,59.980312244891614,0.0,1,1.5987211554602254e-14,0.0,8.038962621359502e-06,-7.900127874993501e-06,73.5550684254554,-63.70001399999998,9.599998209618647,73.54710006713886,-59.98031224489162,0.0,1,1.5987211554602254e-14
6.191666666666666,6191667,return_to_standing,0.0,0.0,80.96177176659216,1.0,0.0,0.0,0.0,0.0,0.0,80.96177176659216,39.11558723449706,37.2228247672128,0,feet,0.0,1.0207110276994058e-06,-1.003084581174818e-06,-39.12048345169157,63.70001399999999,9.599998163753853,-39.11558723449707,59.96905316591212,0.0,1,-7.349621355956515e-09,0.0,1.0207110272553166e-06,-1.003084701967083e-06,-39.12048345169151,-63.70001399999998,9.599998163753881,-39.11558723449705,-59.96905316591213,0.0,1,-7.3495929342470845e-09,0.0,1.020711315913303e-06,-1.0030857118259462e-06,73.55511469283783,63.70001399999999,9.599998163753924,73.56001091003418,59.96905316591212,0.0,1,-7.349552078039778e-09,0.0,1.020711315913303e-06,-1.0030857118259462e-06,73.55511469283783,-63.70001399999998,9.599998163753924,73.56001091003418,-59.96905316591213,0.0,1,-7.349552078039778e-09
6.2,6200000,return_to_standing,0.0,0.0,80.96182697652446,1.0,0.0,0.0,0.0,0.0,0.0,80.96182697652446,39.11558723449706,37.2228799771451,0,feet,0.0,0.0,0.0,-39.120476722717285,63.70001399999999,9.599998167183458,-39.11558723449707,59.96905316591212,0.0,1,0.0,0.0,0.0,0.0,-39.12047672271727,-63.70001399999998,9.599998167183486,-39.11558723449705,-59.96905316591213,0.0,1,2.842170943040401e-14,0.0,0.0,0.0,73.55512142181396,63.70001399999999,9.599998167183458,73.56001091003418,59.96905316591212,0.0,1,0.0,0.0,0.0,0.0,73.55512142181396,-63.70001399999998,9.599998167183458,73.56001091003418,-59.96905316591213,0.0,1,0.0
6.208333333333333,6208333,hold_standing,0.0,0.0,80.96182697652446,1.0,0.0,0.0,0.0,0.0,0.0,80.96182697652446,39.11558723449706,37.2228799771451,0,feet,0.0,0.0,0.0,-39.120476722717285,63.70001399999999,9.599998167183458,-39.11558723449707,59.96905316591212,0.0,1,0.0,0.0,0.0,0.0,-39.12047672271727,-63.70001399999998,9.599998167183486,-39.11558723449705,-59.96905316591213,0.0,1,2.842170943040401e-14,0.0,0.0,0.0,73.55512142181396,63.70001399999999,9.599998167183458,73.56001091003418,59.96905316591212,0.0,1,0.0,0.0,0.0,0.0,73.55512142181396,-63.70001399999998,9.599998167183458,73.56001091003418,-59.96905316591213,0.0,1,0.0
6.216666666666667,6216667,hold_standing,0.0,0.0,80.96182697652446,1.0,0.0,0.0,0.0,0.0,0.0,80.96182697652446,39.11558723449706,37.2228799771451,0,feet,0.0,0.0,0.0,-39.120476722717285,63.70001399999999,9.599998167183458,-39.11558723449707,59.96905316591212,0.0,1,0.0,0.0,0.0,0.0,-39.12047672271727,-63.70001399999998,9.599998167183486,-39.11558723449705,-59.96905316591213,0.0,1,2.842170943040401e-14,0.0,0.0,0.0,73.55512142181396,63.70001399999999,9.599998167183458,73.56001091003418,59.96905316591212,0.0,1,0.0,0.0,0.0,0.0,73.55512142181396,-63.70001399999998,9.599998167183458,73.56001091003418,-59.96905316591213,0.0,1,0.0
6.225,6225000,hold_standing,0.0,0.0,80.96182697652446,1.0,0.0,0.0,0.0,0.0,0.0,80.96182697652446,39.11558723449706,37.2228799771451,0,feet,0.0,0.0,0.0,-39.120476722717285,63.70001399999999,9.599998167183458,-39.11558723449707,59.96905316591212,0.0,1,0.0,0.0,0.0,0.0,-39.12047672271727,-63.70001399999998,9.599998167183486,-39.11558723449705,-59.96905316591213,0.0,1,2.842170943040401e-14,0.0,0.0,0.0,73.55512142181396,63.70001399999999,9.599998167183458,73.56001091003418,59.96905316591212,0.0,1,0.0,0.0,0.0,0.0,73.55512142181396,-63.70001399999998,9.599998167183458,73.56001091003418,-59.96905316591213,0.0,1,0.0
6.233333333333333,6233333,hold_standing,0.0,0.0,80.96182697652446,1.0,0.0,0.0,0.0,0.0,0.0,80.96182697652446,39.11558723449706,37.2228799771451,0,feet,0.0,0.0,0.0,-39.120476722717285,63.70001399999999,9.599998167183458,-39.11558723449707,59.96905316591212,0.0,1,0.0,0.0,0.0,0.0,-39.12047672271727,-63.70001399999998,9.599998167183486,-39.11558723449705,-59.96905316591213,0.0,1,2.842170943040401e-14,0.0,0.0,0.0,73.55512142181396,63.70001399999999,9.599998167183458,73.56001091003418,59.96905316591212,0.0,1,0.0,0.0,0.0,0.0,73.55512142181396,-63.70001399999998,9.599998167183458,73.56001091003418,-59.96905316591213,0.0,1,0.0
6.241666666666666,6241667,hold_standing,0.0,0.0,80.96182697652446,1.0,0.0,0.0,0.0,0.0,0.0,80.96182697652446,39.11558723449706,37.2228799771451,0,feet,0.0,0.0,0.0,-39.120476722717285,63.70001399999999,9.599998167183458,-39.11558723449707,59.96905316591212,0.0,1,0.0,0.0,0.0,0.0,-39.12047672271727,-63.70001399999998,9.599998167183486,-39.11558723449705,-59.96905316591213,0.0,1,2.842170943040401e-14,0.0,0.0,0.0,73.55512142181396,63.70001399999999,9.599998167183458,73.56001091003418,59.96905316591212,0.0,1,0.0,0.0,0.0,0.0,73.55512142181396,-63.70001399999998,9.599998167183458,73.56001091003418,-59.96905316591213,0.0,1,0.0
6.25,6250000,hold_standing,0.0,0.0,80.96182697652446,1.0,0.0,0.0,0.0,0.0,0.0,80.96182697652446,39.11558723449706,37.2228799771451,0,feet,0.0,0.0,0.0,-39.120476722717285,63.70001399999999,9.599998167183458,-39.11558723449707,59.96905316591212,0.0,1,0.0,0.0,0.0,0.0,-39.12047672271727,-63.70001399999998,9.599998167183486,-39.11558723449705,-59.96905316591213,0.0,1,2.842170943040401e-14,0.0,0.0,0.0,73.55512142181396,63.70001399999999,9.599998167183458,73.56001091003418,59.96905316591212,0.0,1,0.0,0.0,0.0,0.0,73.55512142181396,-63.70001399999998,9.599998167183458,73.56001091003418,-59.96905316591213,0.0,1,0.0
6.258333333333334,6258333,hold_standing,0.0,0.0,80.96182697652446,1.0,0.0,0.0,0.0,0.0,0.0,80.96182697652446,39.11558723449706,37.2228799771451,0,feet,0.0,0.0,0.0,-39.120476722717285,63.70001399999999,9.599998167183458,-39.11558723449707,59.96905316591212,0.0,1,0.0,0.0,0.0,0.0,-39.12047672271727,-63.70001399999998,9.599998167183486,-39.11558723449705,-59.96905316591213,0.0,1,2.842170943040401e-14,0.0,0.0,0.0,73.55512142181396,63.70001399999999,9.599998167183458,73.56001091003418,59.96905316591212,0.0,1,0.0,0.0,0.0,0.0,73.55512142181396,-63.70001399999998,9.599998167183458,73.56001091003418,-59.96905316591213,0.0,1,0.0
6.266666666666667,6266667,hold_standing,0.0,0.0,80.96182697652446,1.0,0.0,0.0,0.0,0.0,0.0,80.96182697652446,39.11558723449706,37.2228799771451,0,feet,0.0,0.0,0.0,-39.120476722717285,63.70001399999999,9.599998167183458,-39.11558723449707,59.96905316591212,0.0,1,0.0,0.0,0.0,0.0,-39.12047672271727,-63.70001399999998,9.599998167183486,-39.11558723449705,-59.96905316591213,0.0,1,2.842170943040401e-14,0.0,0.0,0.0,73.55512142181396,63.70001399999999,9.599998167183458,73.56001091003418,59.96905316591212,0.0,1,0.0,0.0,0.0,0.0,73.55512142181396,-63.70001399999998,9.599998167183458,73.56001091003418,-59.96905316591213,0.0,1,0.0
6.275,6275000,hold_standing,0.0,0.0,80.96182697652446,1.0,0.0,0.0,0.0,0.0,0.0,80.96182697652446,39.11558723449706,37.2228799771451,0,feet,0.0,0.0,0.0,-39.120476722717285,63.70001399999999,9.599998167183458,-39.11558723449707,59.96905316591212,0.0,1,0.0,0.0,0.0,0.0,-39.12047672271727,-63.70001399999998,9.599998167183486,-39.11558723449705,-59.96905316591213,0.0,1,2.842170943040401e-14,0.0,0.0,0.0,73.55512142181396,63.70001399999999,9.599998167183458,73.56001091003418,59.96905316591212,0.0,1,0.0,0.0,0.0,0.0,73.55512142181396,-63.70001399999998,9.599998167183458,73.56001091003418,-59.96905316591213,0.0,1,0.0
6.283333333333333,6283333,hold_standing,0.0,0.0,80.96182697652446,1.0,0.0,0.0,0.0,0.0,0.0,80.96182697652446,39.11558723449706,37.2228799771451,0,feet,0.0,0.0,0.0,-39.120476722717285,63.70001399999999,9.599998167183458,-39.11558723449707,59.96905316591212,0.0,1,0.0,0.0,0.0,0.0,-39.12047672271727,-63.70001399999998,9.599998167183486,-39.11558723449705,-59.96905316591213,0.0,1,2.842170943040401e-14,0.0,0.0,0.0,73.55512142181396,63.70001399999999,9.599998167183458,73.56001091003418,59.96905316591212,0.0,1,0.0,0.0,0.0,0.0,73.55512142181396,-63.70001399999998,9.599998167183458,73.56001091003418,-59.96905316591213,0.0,1,0.0
6.291666666666667,6291667,hold_standing,0.0,0.0,80.96182697652446,1.0,0.0,0.0,0.0,0.0,0.0,80.96182697652446,39.11558723449706,37.2228799771451,0,feet,0.0,0.0,0.0,-39.120476722717285,63.70001399999999,9.599998167183458,-39.11558723449707,59.96905316591212,0.0,1,0.0,0.0,0.0,0.0,-39.12047672271727,-63.70001399999998,9.599998167183486,-39.11558723449705,-59.96905316591213,0.0,1,2.842170943040401e-14,0.0,0.0,0.0,73.55512142181396,63.70001399999999,9.599998167183458,73.56001091003418,59.96905316591212,0.0,1,0.0,0.0,0.0,0.0,73.55512142181396,-63.70001399999998,9.599998167183458,73.56001091003418,-59.96905316591213,0.0,1,0.0
6.3,6300000,hold_standing,0.0,0.0,80.96182697652446,1.0,0.0,0.0,0.0,0.0,0.0,80.96182697652446,39.11558723449706,37.2228799771451,0,feet,0.0,0.0,0.0,-39.120476722717285,63.70001399999999,9.599998167183458,-39.11558723449707,59.96905316591212,0.0,1,0.0,0.0,0.0,0.0,-39.12047672271727,-63.70001399999998,9.599998167183486,-39.11558723449705,-59.96905316591213,0.0,1,2.842170943040401e-14,0.0,0.0,0.0,73.55512142181396,63.70001399999999,9.599998167183458,73.56001091003418,59.96905316591212,0.0,1,0.0,0.0,0.0,0.0,73.55512142181396,-63.70001399999998,9.599998167183458,73.56001091003418,-59.96905316591213,0.0,1,0.0
6.308333333333334,6308333,hold_standing,0.0,0.0,80.96182697652446,1.0,0.0,0.0,0.0,0.0,0.0,80.96182697652446,39.11558723449706,37.2228799771451,0,feet,0.0,0.0,0.0,-39.120476722717285,63.70001399999999,9.599998167183458,-39.11558723449707,59.96905316591212,0.0,1,0.0,0.0,0.0,0.0,-39.12047672271727,-63.70001399999998,9.599998167183486,-39.11558723449705,-59.96905316591213,0.0,1,2.842170943040401e-14,0.0,0.0,0.0,73.55512142181396,63.70001399999999,9.599998167183458,73.56001091003418,59.96905316591212,0.0,1,0.0,0.0,0.0,0.0,73.55512142181396,-63.70001399999998,9.599998167183458,73.56001091003418,-59.96905316591213,0.0,1,0.0
6.316666666666666,6316667,hold_standing,0.0,0.0,80.96182697652446,1.0,0.0,0.0,0.0,0.0,0.0,80.96182697652446,39.11558723449706,37.2228799771451,0,feet,0.0,0.0,0.0,-39.120476722717285,63.70001399999999,9.599998167183458,-39.11558723449707,59.96905316591212,0.0,1,0.0,0.0,0.0,0.0,-39.12047672271727,-63.70001399999998,9.599998167183486,-39.11558723449705,-59.96905316591213,0.0,1,2.842170943040401e-14,0.0,0.0,0.0,73.55512142181396,63.70001399999999,9.599998167183458,73.56001091003418,59.96905316591212,0.0,1,0.0,0.0,0.0,0.0,73.55512142181396,-63.70001399999998,9.599998167183458,73.56001091003418,-59.96905316591213,0.0,1,0.0
6.325,6325000,hold_standing,0.0,0.0,80.96182697652446,1.0,0.0,0.0,0.0,0.0,0.0,80.96182697652446,39.11558723449706,37.2228799771451,0,feet,0.0,0.0,0.0,-39.120476722717285,63.70001399999999,9.599998167183458,-39.11558723449707,59.96905316591212,0.0,1,0.0,0.0,0.0,0.0,-39.12047672271727,-63.70001399999998,9.599998167183486,-39.11558723449705,-59.96905316591213,0.0,1,2.842170943040401e-14,0.0,0.0,0.0,73.55512142181396,63.70001399999999,9.599998167183458,73.56001091003418,59.96905316591212,0.0,1,0.0,0.0,0.0,0.0,73.55512142181396,-63.70001399999998,9.599998167183458,73.56001091003418,-59.96905316591213,0.0,1,0.0
6.333333333333333,6333333,hold_standing,0.0,0.0,80.96182697652446,1.0,0.0,0.0,0.0,0.0,0.0,80.96182697652446,39.11558723449706,37.2228799771451,0,feet,0.0,0.0,0.0,-39.120476722717285,63.70001399999999,9.599998167183458,-39.11558723449707,59.96905316591212,0.0,1,0.0,0.0,0.0,0.0,-39.12047672271727,-63.70001399999998,9.599998167183486,-39.11558723449705,-59.96905316591213,0.0,1,2.842170943040401e-14,0.0,0.0,0.0,73.55512142181396,63.70001399999999,9.599998167183458,73.56001091003418,59.96905316591212,0.0,1,0.0,0.0,0.0,0.0,73.55512142181396,-63.70001399999998,9.599998167183458,73.56001091003418,-59.96905316591213,0.0,1,0.0
6.341666666666667,6341667,hold_standing,0.0,0.0,80.96182697652446,1.0,0.0,0.0,0.0,0.0,0.0,80.96182697652446,39.11558723449706,37.2228799771451,0,feet,0.0,0.0,0.0,-39.120476722717285,63.70001399999999,9.599998167183458,-39.11558723449707,59.96905316591212,0.0,1,0.0,0.0,0.0,0.0,-39.12047672271727,-63.70001399999998,9.599998167183486,-39.11558723449705,-59.96905316591213,0.0,1,2.842170943040401e-14,0.0,0.0,0.0,73.55512142181396,63.70001399999999,9.599998167183458,73.56001091003418,59.96905316591212,0.0,1,0.0,0.0,0.0,0.0,73.55512142181396,-63.70001399999998,9.599998167183458,73.56001091003418,-59.96905316591213,0.0,1,0.0
6.35,6350000,hold_standing,0.0,0.0,80.96182697652446,1.0,0.0,0.0,0.0,0.0,0.0,80.96182697652446,39.11558723449706,37.2228799771451,0,feet,0.0,0.0,0.0,-39.120476722717285,63.70001399999999,9.599998167183458,-39.11558723449707,59.96905316591212,0.0,1,0.0,0.0,0.0,0.0,-39.12047672271727,-63.70001399999998,9.599998167183486,-39.11558723449705,-59.96905316591213,0.0,1,2.842170943040401e-14,0.0,0.0,0.0,73.55512142181396,63.70001399999999,9.599998167183458,73.56001091003418,59.96905316591212,0.0,1,0.0,0.0,0.0,0.0,73.55512142181396,-63.70001399999998,9.599998167183458,73.56001091003418,-59.96905316591213,0.0,1,0.0
6.358333333333333,6358333,hold_standing,0.0,0.0,80.96182697652446,1.0,0.0,0.0,0.0,0.0,0.0,80.96182697652446,39.11558723449706,37.2228799771451,0,feet,0.0,0.0,0.0,-39.120476722717285,63.70001399999999,9.599998167183458,-39.11558723449707,59.96905316591212,0.0,1,0.0,0.0,0.0,0.0,-39.12047672271727,-63.70001399999998,9.599998167183486,-39.11558723449705,-59.96905316591213,0.0,1,2.842170943040401e-14,0.0,0.0,0.0,73.55512142181396,63.70001399999999,9.599998167183458,73.56001091003418,59.96905316591212,0.0,1,0.0,0.0,0.0,0.0,73.55512142181396,-63.70001399999998,9.599998167183458,73.56001091003418,-59.96905316591213,0.0,1,0.0
6.366666666666666,6366667,hold_standing,0.0,0.0,80.96182697652446,1.0,0.0,0.0,0.0,0.0,0.0,80.96182697652446,39.11558723449706,37.2228799771451,0,feet,0.0,0.0,0.0,-39.120476722717285,63.70001399999999,9.599998167183458,-39.11558723449707,59.96905316591212,0.0,1,0.0,0.0,0.0,0.0,-39.12047672271727,-63.70001399999998,9.599998167183486,-39.11558723449705,-59.96905316591213,0.0,1,2.842170943040401e-14,0.0,0.0,0.0,73.55512142181396,63.70001399999999,9.599998167183458,73.56001091003418,59.96905316591212,0.0,1,0.0,0.0,0.0,0.0,73.55512142181396,-63.70001399999998,9.599998167183458,73.56001091003418,-59.96905316591213,0.0,1,0.0
6.375,6375000,hold_standing,0.0,0.0,80.96182697652446,1.0,0.0,0.0,0.0,0.0,0.0,80.96182697652446,39.11558723449706,37.2228799771451,0,feet,0.0,0.0,0.0,-39.120476722717285,63.70001399999999,9.599998167183458,-39.11558723449707,59.96905316591212,0.0,1,0.0,0.0,0.0,0.0,-39.12047672271727,-63.70001399999998,9.599998167183486,-39.11558723449705,-59.96905316591213,0.0,1,2.842170943040401e-14,0.0,0.0,0.0,73.55512142181396,63.70001399999999,9.599998167183458,73.56001091003418,59.96905316591212,0.0,1,0.0,0.0,0.0,0.0,73.55512142181396,-63.70001399999998,9.599998167183458,73.56001091003418,-59.96905316591213,0.0,1,0.0
6.383333333333334,6383333,hold_standing,0.0,0.0,80.96182697652446,1.0,0.0,0.0,0.0,0.0,0.0,80.96182697652446,39.11558723449706,37.2228799771451,0,feet,0.0,0.0,0.0,-39.120476722717285,63.70001399999999,9.599998167183458,-39.11558723449707,59.96905316591212,0.0,1,0.0,0.0,0.0,0.0,-39.12047672271727,-63.70001399999998,9.599998167183486,-39.11558723449705,-59.96905316591213,0.0,1,2.842170943040401e-14,0.0,0.0,0.0,73.55512142181396,63.70001399999999,9.599998167183458,73.56001091003418,59.96905316591212,0.0,1,0.0,0.0,0.0,0.0,73.55512142181396,-63.70001399999998,9.599998167183458,73.56001091003418,-59.96905316591213,0.0,1,0.0
6.391666666666667,6391667,hold_standing,0.0,0.0,80.96182697652446,1.0,0.0,0.0,0.0,0.0,0.0,80.96182697652446,39.11558723449706,37.2228799771451,0,feet,0.0,0.0,0.0,-39.120476722717285,63.70001399999999,9.599998167183458,-39.11558723449707,59.96905316591212,0.0,1,0.0,0.0,0.0,0.0,-39.12047672271727,-63.70001399999998,9.599998167183486,-39.11558723449705,-59.96905316591213,0.0,1,2.842170943040401e-14,0.0,0.0,0.0,73.55512142181396,63.70001399999999,9.599998167183458,73.56001091003418,59.96905316591212,0.0,1,0.0,0.0,0.0,0.0,73.55512142181396,-63.70001399999998,9.599998167183458,73.56001091003418,-59.96905316591213,0.0,1,0.0
6.4,6400000,hold_standing,0.0,0.0,80.96182697652446,1.0,0.0,0.0,0.0,0.0,0.0,80.96182697652446,39.11558723449706,37.2228799771451,0,feet,0.0,0.0,0.0,-39.120476722717285,63.70001399999999,9.599998167183458,-39.11558723449707,59.96905316591212,0.0,1,0.0,0.0,0.0,0.0,-39.12047672271727,-63.70001399999998,9.599998167183486,-39.11558723449705,-59.96905316591213,0.0,1,2.842170943040401e-14,0.0,0.0,0.0,73.55512142181396,63.70001399999999,9.599998167183458,73.56001091003418,59.96905316591212,0.0,1,0.0,0.0,0.0,0.0,73.55512142181396,-63.70001399999998,9.599998167183458,73.56001091003418,-59.96905316591213,0.0,1,0.0
6.408333333333333,6408333,hold_standing,0.0,0.0,80.96182697652446,1.0,0.0,0.0,0.0,0.0,0.0,80.96182697652446,39.11558723449706,37.2228799771451,0,feet,0.0,0.0,0.0,-39.120476722717285,63.70001399999999,9.599998167183458,-39.11558723449707,59.96905316591212,0.0,1,0.0,0.0,0.0,0.0,-39.12047672271727,-63.70001399999998,9.599998167183486,-39.11558723449705,-59.96905316591213,0.0,1,2.842170943040401e-14,0.0,0.0,0.0,73.55512142181396,63.70001399999999,9.599998167183458,73.56001091003418,59.96905316591212,0.0,1,0.0,0.0,0.0,0.0,73.55512142181396,-63.70001399999998,9.599998167183458,73.56001091003418,-59.96905316591213,0.0,1,0.0
6.416666666666667,6416667,hold_standing,0.0,0.0,80.96182697652446,1.0,0.0,0.0,0.0,0.0,0.0,80.96182697652446,39.11558723449706,37.2228799771451,0,feet,0.0,0.0,0.0,-39.120476722717285,63.70001399999999,9.599998167183458,-39.11558723449707,59.96905316591212,0.0,1,0.0,0.0,0.0,0.0,-39.12047672271727,-63.70001399999998,9.599998167183486,-39.11558723449705,-59.96905316591213,0.0,1,2.842170943040401e-14,0.0,0.0,0.0,73.55512142181396,63.70001399999999,9.599998167183458,73.56001091003418,59.96905316591212,0.0,1,0.0,0.0,0.0,0.0,73.55512142181396,-63.70001399999998,9.599998167183458,73.56001091003418,-59.96905316591213,0.0,1,0.0
6.425,6425000,hold_standing,0.0,0.0,80.96182697652446,1.0,0.0,0.0,0.0,0.0,0.0,80.96182697652446,39.11558723449706,37.2228799771451,0,feet,0.0,0.0,0.0,-39.120476722717285,63.70001399999999,9.599998167183458,-39.11558723449707,59.96905316591212,0.0,1,0.0,0.0,0.0,0.0,-39.12047672271727,-63.70001399999998,9.599998167183486,-39.11558723449705,-59.96905316591213,0.0,1,2.842170943040401e-14,0.0,0.0,0.0,73.55512142181396,63.70001399999999,9.599998167183458,73.56001091003418,59.96905316591212,0.0,1,0.0,0.0,0.0,0.0,73.55512142181396,-63.70001399999998,9.599998167183458,73.56001091003418,-59.96905316591213,0.0,1,0.0
6.433333333333334,6433333,hold_standing,0.0,0.0,80.96182697652446,1.0,0.0,0.0,0.0,0.0,0.0,80.96182697652446,39.11558723449706,37.2228799771451,0,feet,0.0,0.0,0.0,-39.120476722717285,63.70001399999999,9.599998167183458,-39.11558723449707,59.96905316591212,0.0,1,0.0,0.0,0.0,0.0,-39.12047672271727,-63.70001399999998,9.599998167183486,-39.11558723449705,-59.96905316591213,0.0,1,2.842170943040401e-14,0.0,0.0,0.0,73.55512142181396,63.70001399999999,9.599998167183458,73.56001091003418,59.96905316591212,0.0,1,0.0,0.0,0.0,0.0,73.55512142181396,-63.70001399999998,9.599998167183458,73.56001091003418,-59.96905316591213,0.0,1,0.0
6.441666666666666,6441667,hold_standing,0.0,0.0,80.96182697652446,1.0,0.0,0.0,0.0,0.0,0.0,80.96182697652446,39.11558723449706,37.2228799771451,0,feet,0.0,0.0,0.0,-39.120476722717285,63.70001399999999,9.599998167183458,-39.11558723449707,59.96905316591212,0.0,1,0.0,0.0,0.0,0.0,-39.12047672271727,-63.70001399999998,9.599998167183486,-39.11558723449705,-59.96905316591213,0.0,1,2.842170943040401e-14,0.0,0.0,0.0,73.55512142181396,63.70001399999999,9.599998167183458,73.56001091003418,59.96905316591212,0.0,1,0.0,0.0,0.0,0.0,73.55512142181396,-63.70001399999998,9.599998167183458,73.56001091003418,-59.96905316591213,0.0,1,0.0
6.45,6450000,hold_standing,0.0,0.0,80.96182697652446,1.0,0.0,0.0,0.0,0.0,0.0,80.96182697652446,39.11558723449706,37.2228799771451,0,feet,0.0,0.0,0.0,-39.120476722717285,63.70001399999999,9.599998167183458,-39.11558723449707,59.96905316591212,0.0,1,0.0,0.0,0.0,0.0,-39.12047672271727,-63.70001399999998,9.599998167183486,-39.11558723449705,-59.96905316591213,0.0,1,2.842170943040401e-14,0.0,0.0,0.0,73.55512142181396,63.70001399999999,9.599998167183458,73.56001091003418,59.96905316591212,0.0,1,0.0,0.0,0.0,0.0,73.55512142181396,-63.70001399999998,9.599998167183458,73.56001091003418,-59.96905316591213,0.0,1,0.0
6.458333333333333,6458333,hold_standing,0.0,0.0,80.96182697652446,1.0,0.0,0.0,0.0,0.0,0.0,80.96182697652446,39.11558723449706,37.2228799771451,0,feet,0.0,0.0,0.0,-39.120476722717285,63.70001399999999,9.599998167183458,-39.11558723449707,59.96905316591212,0.0,1,0.0,0.0,0.0,0.0,-39.12047672271727,-63.70001399999998,9.599998167183486,-39.11558723449705,-59.96905316591213,0.0,1,2.842170943040401e-14,0.0,0.0,0.0,73.55512142181396,63.70001399999999,9.599998167183458,73.56001091003418,59.96905316591212,0.0,1,0.0,0.0,0.0,0.0,73.55512142181396,-63.70001399999998,9.599998167183458,73.56001091003418,-59.96905316591213,0.0,1,0.0
6.466666666666667,6466667,hold_standing,0.0,0.0,80.96182697652446,1.0,0.0,0.0,0.0,0.0,0.0,80.96182697652446,39.11558723449706,37.2228799771451,0,feet,0.0,0.0,0.0,-39.120476722717285,63.70001399999999,9.599998167183458,-39.11558723449707,59.96905316591212,0.0,1,0.0,0.0,0.0,0.0,-39.12047672271727,-63.70001399999998,9.599998167183486,-39.11558723449705,-59.96905316591213,0.0,1,2.842170943040401e-14,0.0,0.0,0.0,73.55512142181396,63.70001399999999,9.599998167183458,73.56001091003418,59.96905316591212,0.0,1,0.0,0.0,0.0,0.0,73.55512142181396,-63.70001399999998,9.599998167183458,73.56001091003418,-59.96905316591213,0.0,1,0.0
6.475,6475000,hold_standing,0.0,0.0,80.96182697652446,1.0,0.0,0.0,0.0,0.0,0.0,80.96182697652446,39.11558723449706,37.2228799771451,0,feet,0.0,0.0,0.0,-39.120476722717285,63.70001399999999,9.599998167183458,-39.11558723449707,59.96905316591212,0.0,1,0.0,0.0,0.0,0.0,-39.12047672271727,-63.70001399999998,9.599998167183486,-39.11558723449705,-59.96905316591213,0.0,1,2.842170943040401e-14,0.0,0.0,0.0,73.55512142181396,63.70001399999999,9.599998167183458,73.56001091003418,59.96905316591212,0.0,1,0.0,0.0,0.0,0.0,73.55512142181396,-63.70001399999998,9.599998167183458,73.56001091003418,-59.96905316591213,0.0,1,0.0
6.483333333333333,6483333,hold_standing,0.0,0.0,80.96182697652446,1.0,0.0,0.0,0.0,0.0,0.0,80.96182697652446,39.11558723449706,37.2228799771451,0,feet,0.0,0.0,0.0,-39.120476722717285,63.70001399999999,9.599998167183458,-39.11558723449707,59.96905316591212,0.0,1,0.0,0.0,0.0,0.0,-39.12047672271727,-63.70001399999998,9.599998167183486,-39.11558723449705,-59.96905316591213,0.0,1,2.842170943040401e-14,0.0,0.0,0.0,73.55512142181396,63.70001399999999,9.599998167183458,73.56001091003418,59.96905316591212,0.0,1,0.0,0.0,0.0,0.0,73.55512142181396,-63.70001399999998,9.599998167183458,73.56001091003418,-59.96905316591213,0.0,1,0.0
6.491666666666666,6491667,hold_standing,0.0,0.0,80.96182697652446,1.0,0.0,0.0,0.0,0.0,0.0,80.96182697652446,39.11558723449706,37.2228799771451,0,feet,0.0,0.0,0.0,-39.120476722717285,63.70001399999999,9.599998167183458,-39.11558723449707,59.96905316591212,0.0,1,0.0,0.0,0.0,0.0,-39.12047672271727,-63.70001399999998,9.599998167183486,-39.11558723449705,-59.96905316591213,0.0,1,2.842170943040401e-14,0.0,0.0,0.0,73.55512142181396,63.70001399999999,9.599998167183458,73.56001091003418,59.96905316591212,0.0,1,0.0,0.0,0.0,0.0,73.55512142181396,-63.70001399999998,9.599998167183458,73.56001091003418,-59.96905316591213,0.0,1,0.0
6.5,6500000,hold_standing,0.0,0.0,80.96182697652446,1.0,0.0,0.0,0.0,0.0,0.0,80.96182697652446,39.11558723449706,37.2228799771451,0,feet,0.0,0.0,0.0,-39.120476722717285,63.70001399999999,9.599998167183458,-39.11558723449707,59.96905316591212,0.0,1,0.0,0.0,0.0,0.0,-39.12047672271727,-63.70001399999998,9.599998167183486,-39.11558723449705,-59.96905316591213,0.0,1,2.842170943040401e-14,0.0,0.0,0.0,73.55512142181396,63.70001399999999,9.599998167183458,73.56001091003418,59.96905316591212,0.0,1,0.0,0.0,0.0,0.0,73.55512142181396,-63.70001399999998,9.599998167183458,73.56001091003418,-59.96905316591213,0.0,1,0.0
6.508333333333334,6508333,hold_standing,0.0,0.0,80.96182697652446,1.0,0.0,0.0,0.0,0.0,0.0,80.96182697652446,39.11558723449706,37.2228799771451,0,feet,0.0,0.0,0.0,-39.120476722717285,63.70001399999999,9.599998167183458,-39.11558723449707,59.96905316591212,0.0,1,0.0,0.0,0.0,0.0,-39.12047672271727,-63.70001399999998,9.599998167183486,-39.11558723449705,-59.96905316591213,0.0,1,2.842170943040401e-14,0.0,0.0,0.0,73.55512142181396,63.70001399999999,9.599998167183458,73.56001091003418,59.96905316591212,0.0,1,0.0,0.0,0.0,0.0,73.55512142181396,-63.70001399999998,9.599998167183458,73.56001091003418,-59.96905316591213,0.0,1,0.0
6.516666666666667,6516667,hold_standing,0.0,0.0,80.96182697652446,1.0,0.0,0.0,0.0,0.0,0.0,80.96182697652446,39.11558723449706,37.2228799771451,0,feet,0.0,0.0,0.0,-39.120476722717285,63.70001399999999,9.599998167183458,-39.11558723449707,59.96905316591212,0.0,1,0.0,0.0,0.0,0.0,-39.12047672271727,-63.70001399999998,9.599998167183486,-39.11558723449705,-59.96905316591213,0.0,1,2.842170943040401e-14,0.0,0.0,0.0,73.55512142181396,63.70001399999999,9.599998167183458,73.56001091003418,59.96905316591212,0.0,1,0.0,0.0,0.0,0.0,73.55512142181396,-63.70001399999998,9.599998167183458,73.56001091003418,-59.96905316591213,0.0,1,0.0
6.525,6525000,hold_standing,0.0,0.0,80.96182697652446,1.0,0.0,0.0,0.0,0.0,0.0,80.96182697652446,39.11558723449706,37.2228799771451,0,feet,0.0,0.0,0.0,-39.120476722717285,63.70001399999999,9.599998167183458,-39.11558723449707,59.96905316591212,0.0,1,0.0,0.0,0.0,0.0,-39.12047672271727,-63.70001399999998,9.599998167183486,-39.11558723449705,-59.96905316591213,0.0,1,2.842170943040401e-14,0.0,0.0,0.0,73.55512142181396,63.70001399999999,9.599998167183458,73.56001091003418,59.96905316591212,0.0,1,0.0,0.0,0.0,0.0,73.55512142181396,-63.70001399999998,9.599998167183458,73.56001091003418,-59.96905316591213,0.0,1,0.0
6.533333333333333,6533333,hold_standing,0.0,0.0,80.96182697652446,1.0,0.0,0.0,0.0,0.0,0.0,80.96182697652446,39.11558723449706,37.2228799771451,0,feet,0.0,0.0,0.0,-39.120476722717285,63.70001399999999,9.599998167183458,-39.11558723449707,59.96905316591212,0.0,1,0.0,0.0,0.0,0.0,-39.12047672271727,-63.70001399999998,9.599998167183486,-39.11558723449705,-59.96905316591213,0.0,1,2.842170943040401e-14,0.0,0.0,0.0,73.55512142181396,63.70001399999999,9.599998167183458,73.56001091003418,59.96905316591212,0.0,1,0.0,0.0,0.0,0.0,73.55512142181396,-63.70001399999998,9.599998167183458,73.56001091003418,-59.96905316591213,0.0,1,0.0
6.541666666666667,6541667,hold_standing,0.0,0.0,80.96182697652446,1.0,0.0,0.0,0.0,0.0,0.0,80.96182697652446,39.11558723449706,37.2228799771451,0,feet,0.0,0.0,0.0,-39.120476722717285,63.70001399999999,9.599998167183458,-39.11558723449707,59.96905316591212,0.0,1,0.0,0.0,0.0,0.0,-39.12047672271727,-63.70001399999998,9.599998167183486,-39.11558723449705,-59.96905316591213,0.0,1,2.842170943040401e-14,0.0,0.0,0.0,73.55512142181396,63.70001399999999,9.599998167183458,73.56001091003418,59.96905316591212,0.0,1,0.0,0.0,0.0,0.0,73.55512142181396,-63.70001399999998,9.599998167183458,73.56001091003418,-59.96905316591213,0.0,1,0.0
6.55,6550000,hold_standing,0.0,0.0,80.96182697652446,1.0,0.0,0.0,0.0,0.0,0.0,80.96182697652446,39.11558723449706,37.2228799771451,0,feet,0.0,0.0,0.0,-39.120476722717285,63.70001399999999,9.599998167183458,-39.11558723449707,59.96905316591212,0.0,1,0.0,0.0,0.0,0.0,-39.12047672271727,-63.70001399999998,9.599998167183486,-39.11558723449705,-59.96905316591213,0.0,1,2.842170943040401e-14,0.0,0.0,0.0,73.55512142181396,63.70001399999999,9.599998167183458,73.56001091003418,59.96905316591212,0.0,1,0.0,0.0,0.0,0.0,73.55512142181396,-63.70001399999998,9.599998167183458,73.56001091003418,-59.96905316591213,0.0,1,0.0
6.558333333333334,6558333,hold_standing,0.0,0.0,80.96182697652446,1.0,0.0,0.0,0.0,0.0,0.0,80.96182697652446,39.11558723449706,37.2228799771451,0,feet,0.0,0.0,0.0,-39.120476722717285,63.70001399999999,9.599998167183458,-39.11558723449707,59.96905316591212,0.0,1,0.0,0.0,0.0,0.0,-39.12047672271727,-63.70001399999998,9.599998167183486,-39.11558723449705,-59.96905316591213,0.0,1,2.842170943040401e-14,0.0,0.0,0.0,73.55512142181396,63.70001399999999,9.599998167183458,73.56001091003418,59.96905316591212,0.0,1,0.0,0.0,0.0,0.0,73.55512142181396,-63.70001399999998,9.599998167183458,73.56001091003418,-59.96905316591213,0.0,1,0.0
6.566666666666666,6566667,hold_standing,0.0,0.0,80.96182697652446,1.0,0.0,0.0,0.0,0.0,0.0,80.96182697652446,39.11558723449706,37.2228799771451,0,feet,0.0,0.0,0.0,-39.120476722717285,63.70001399999999,9.599998167183458,-39.11558723449707,59.96905316591212,0.0,1,0.0,0.0,0.0,0.0,-39.12047672271727,-63.70001399999998,9.599998167183486,-39.11558723449705,-59.96905316591213,0.0,1,2.842170943040401e-14,0.0,0.0,0.0,73.55512142181396,63.70001399999999,9.599998167183458,73.56001091003418,59.96905316591212,0.0,1,0.0,0.0,0.0,0.0,73.55512142181396,-63.70001399999998,9.599998167183458,73.56001091003418,-59.96905316591213,0.0,1,0.0
6.575,6575000,hold_standing,0.0,0.0,80.96182697652446,1.0,0.0,0.0,0.0,0.0,0.0,80.96182697652446,39.11558723449706,37.2228799771451,0,feet,0.0,0.0,0.0,-39.120476722717285,63.70001399999999,9.599998167183458,-39.11558723449707,59.96905316591212,0.0,1,0.0,0.0,0.0,0.0,-39.12047672271727,-63.70001399999998,9.599998167183486,-39.11558723449705,-59.96905316591213,0.0,1,2.842170943040401e-14,0.0,0.0,0.0,73.55512142181396,63.70001399999999,9.599998167183458,73.56001091003418,59.96905316591212,0.0,1,0.0,0.0,0.0,0.0,73.55512142181396,-63.70001399999998,9.599998167183458,73.56001091003418,-59.96905316591213,0.0,1,0.0
6.583333333333333,6583333,hold_standing,0.0,0.0,80.96182697652446,1.0,0.0,0.0,0.0,0.0,0.0,80.96182697652446,39.11558723449706,37.2228799771451,0,feet,0.0,0.0,0.0,-39.120476722717285,63.70001399999999,9.599998167183458,-39.11558723449707,59.96905316591212,0.0,1,0.0,0.0,0.0,0.0,-39.12047672271727,-63.70001399999998,9.599998167183486,-39.11558723449705,-59.96905316591213,0.0,1,2.842170943040401e-14,0.0,0.0,0.0,73.55512142181396,63.70001399999999,9.599998167183458,73.56001091003418,59.96905316591212,0.0,1,0.0,0.0,0.0,0.0,73.55512142181396,-63.70001399999998,9.599998167183458,73.56001091003418,-59.96905316591213,0.0,1,0.0
6.591666666666667,6591667,hold_standing,0.0,0.0,80.96182697652446,1.0,0.0,0.0,0.0,0.0,0.0,80.96182697652446,39.11558723449706,37.2228799771451,0,feet,0.0,0.0,0.0,-39.120476722717285,63.70001399999999,9.599998167183458,-39.11558723449707,59.96905316591212,0.0,1,0.0,0.0,0.0,0.0,-39.12047672271727,-63.70001399999998,9.599998167183486,-39.11558723449705,-59.96905316591213,0.0,1,2.842170943040401e-14,0.0,0.0,0.0,73.55512142181396,63.70001399999999,9.599998167183458,73.56001091003418,59.96905316591212,0.0,1,0.0,0.0,0.0,0.0,73.55512142181396,-63.70001399999998,9.599998167183458,73.56001091003418,-59.96905316591213,0.0,1,0.0
6.6,6600000,hold_standing,0.0,0.0,80.96182697652446,1.0,0.0,0.0,0.0,0.0,0.0,80.96182697652446,39.11558723449706,37.2228799771451,0,feet,0.0,0.0,0.0,-39.120476722717285,63.70001399999999,9.599998167183458,-39.11558723449707,59.96905316591212,0.0,1,0.0,0.0,0.0,0.0,-39.12047672271727,-63.70001399999998,9.599998167183486,-39.11558723449705,-59.96905316591213,0.0,1,2.842170943040401e-14,0.0,0.0,0.0,73.55512142181396,63.70001399999999,9.599998167183458,73.56001091003418,59.96905316591212,0.0,1,0.0,0.0,0.0,0.0,73.55512142181396,-63.70001399999998,9.599998167183458,73.56001091003418,-59.96905316591213,0.0,1,0.0
6.608333333333333,6608333,hold_standing,0.0,0.0,80.96182697652446,1.0,0.0,0.0,0.0,0.0,0.0,80.96182697652446,39.11558723449706,37.2228799771451,0,feet,0.0,0.0,0.0,-39.120476722717285,63.70001399999999,9.599998167183458,-39.11558723449707,59.96905316591212,0.0,1,0.0,0.0,0.0,0.0,-39.12047672271727,-63.70001399999998,9.599998167183486,-39.11558723449705,-59.96905316591213,0.0,1,2.842170943040401e-14,0.0,0.0,0.0,73.55512142181396,63.70001399999999,9.599998167183458,73.56001091003418,59.96905316591212,0.0,1,0.0,0.0,0.0,0.0,73.55512142181396,-63.70001399999998,9.599998167183458,73.56001091003418,-59.96905316591213,0.0,1,0.0
6.616666666666666,6616667,hold_standing,0.0,0.0,80.96182697652446,1.0,0.0,0.0,0.0,0.0,0.0,80.96182697652446,39.11558723449706,37.2228799771451,0,feet,0.0,0.0,0.0,-39.120476722717285,63.70001399999999,9.599998167183458,-39.11558723449707,59.96905316591212,0.0,1,0.0,0.0,0.0,0.0,-39.12047672271727,-63.70001399999998,9.599998167183486,-39.11558723449705,-59.96905316591213,0.0,1,2.842170943040401e-14,0.0,0.0,0.0,73.55512142181396,63.70001399999999,9.599998167183458,73.56001091003418,59.96905316591212,0.0,1,0.0,0.0,0.0,0.0,73.55512142181396,-63.70001399999998,9.599998167183458,73.56001091003418,-59.96905316591213,0.0,1,0.0
6.625,6625000,hold_standing,0.0,0.0,80.96182697652446,1.0,0.0,0.0,0.0,0.0,0.0,80.96182697652446,39.11558723449706,37.2228799771451,0,feet,0.0,0.0,0.0,-39.120476722717285,63.70001399999999,9.599998167183458,-39.11558723449707,59.96905316591212,0.0,1,0.0,0.0,0.0,0.0,-39.12047672271727,-63.70001399999998,9.599998167183486,-39.11558723449705,-59.96905316591213,0.0,1,2.842170943040401e-14,0.0,0.0,0.0,73.55512142181396,63.70001399999999,9.599998167183458,73.56001091003418,59.96905316591212,0.0,1,0.0,0.0,0.0,0.0,73.55512142181396,-63.70001399999998,9.599998167183458,73.56001091003418,-59.96905316591213,0.0,1,0.0
6.633333333333334,6633333,hold_standing,0.0,0.0,80.96182697652446,1.0,0.0,0.0,0.0,0.0,0.0,80.96182697652446,39.11558723449706,37.2228799771451,0,feet,0.0,0.0,0.0,-39.120476722717285,63.70001399999999,9.599998167183458,-39.11558723449707,59.96905316591212,0.0,1,0.0,0.0,0.0,0.0,-39.12047672271727,-63.70001399999998,9.599998167183486,-39.11558723449705,-59.96905316591213,0.0,1,2.842170943040401e-14,0.0,0.0,0.0,73.55512142181396,63.70001399999999,9.599998167183458,73.56001091003418,59.96905316591212,0.0,1,0.0,0.0,0.0,0.0,73.55512142181396,-63.70001399999998,9.599998167183458,73.56001091003418,-59.96905316591213,0.0,1,0.0
6.641666666666667,6641667,hold_standing,0.0,0.0,80.96182697652446,1.0,0.0,0.0,0.0,0.0,0.0,80.96182697652446,39.11558723449706,37.2228799771451,0,feet,0.0,0.0,0.0,-39.120476722717285,63.70001399999999,9.599998167183458,-39.11558723449707,59.96905316591212,0.0,1,0.0,0.0,0.0,0.0,-39.12047672271727,-63.70001399999998,9.599998167183486,-39.11558723449705,-59.96905316591213,0.0,1,2.842170943040401e-14,0.0,0.0,0.0,73.55512142181396,63.70001399999999,9.599998167183458,73.56001091003418,59.96905316591212,0.0,1,0.0,0.0,0.0,0.0,73.55512142181396,-63.70001399999998,9.599998167183458,73.56001091003418,-59.96905316591213,0.0,1,0.0
6.65,6650000,hold_standing,0.0,0.0,80.96182697652446,1.0,0.0,0.0,0.0,0.0,0.0,80.96182697652446,39.11558723449706,37.2228799771451,0,feet,0.0,0.0,0.0,-39.120476722717285,63.70001399999999,9.599998167183458,-39.11558723449707,59.96905316591212,0.0,1,0.0,0.0,0.0,0.0,-39.12047672271727,-63.70001399999998,9.599998167183486,-39.11558723449705,-59.96905316591213,0.0,1,2.842170943040401e-14,0.0,0.0,0.0,73.55512142181396,63.70001399999999,9.599998167183458,73.56001091003418,59.96905316591212,0.0,1,0.0,0.0,0.0,0.0,73.55512142181396,-63.70001399999998,9.599998167183458,73.56001091003418,-59.96905316591213,0.0,1,0.0
6.658333333333333,6658333,hold_standing,0.0,0.0,80.96182697652446,1.0,0.0,0.0,0.0,0.0,0.0,80.96182697652446,39.11558723449706,37.2228799771451,0,feet,0.0,0.0,0.0,-39.120476722717285,63.70001399999999,9.599998167183458,-39.11558723449707,59.96905316591212,0.0,1,0.0,0.0,0.0,0.0,-39.12047672271727,-63.70001399999998,9.599998167183486,-39.11558723449705,-59.96905316591213,0.0,1,2.842170943040401e-14,0.0,0.0,0.0,73.55512142181396,63.70001399999999,9.599998167183458,73.56001091003418,59.96905316591212,0.0,1,0.0,0.0,0.0,0.0,73.55512142181396,-63.70001399999998,9.599998167183458,73.56001091003418,-59.96905316591213,0.0,1,0.0
6.666666666666667,6666667,hold_standing,0.0,0.0,80.96182697652446,1.0,0.0,0.0,0.0,0.0,0.0,80.96182697652446,39.11558723449706,37.2228799771451,0,feet,0.0,0.0,0.0,-39.120476722717285,63.70001399999999,9.599998167183458,-39.11558723449707,59.96905316591212,0.0,1,0.0,0.0,0.0,0.0,-39.12047672271727,-63.70001399999998,9.599998167183486,-39.11558723449705,-59.96905316591213,0.0,1,2.842170943040401e-14,0.0,0.0,0.0,73.55512142181396,63.70001399999999,9.599998167183458,73.56001091003418,59.96905316591212,0.0,1,0.0,0.0,0.0,0.0,73.55512142181396,-63.70001399999998,9.599998167183458,73.56001091003418,-59.96905316591213,0.0,1,0.0
6.675,6675000,hold_standing,0.0,0.0,80.96182697652446,1.0,0.0,0.0,0.0,0.0,0.0,80.96182697652446,39.11558723449706,37.2228799771451,0,feet,0.0,0.0,0.0,-39.120476722717285,63.70001399999999,9.599998167183458,-39.11558723449707,59.96905316591212,0.0,1,0.0,0.0,0.0,0.0,-39.12047672271727,-63.70001399999998,9.599998167183486,-39.11558723449705,-59.96905316591213,0.0,1,2.842170943040401e-14,0.0,0.0,0.0,73.55512142181396,63.70001399999999,9.599998167183458,73.56001091003418,59.96905316591212,0.0,1,0.0,0.0,0.0,0.0,73.55512142181396,-63.70001399999998,9.599998167183458,73.56001091003418,-59.96905316591213,0.0,1,0.0
6.683333333333334,6683333,hold_standing,0.0,0.0,80.96182697652446,1.0,0.0,0.0,0.0,0.0,0.0,80.96182697652446,39.11558723449706,37.2228799771451,0,feet,0.0,0.0,0.0,-39.120476722717285,63.70001399999999,9.599998167183458,-39.11558723449707,59.96905316591212,0.0,1,0.0,0.0,0.0,0.0,-39.12047672271727,-63.70001399999998,9.599998167183486,-39.11558723449705,-59.96905316591213,0.0,1,2.842170943040401e-14,0.0,0.0,0.0,73.55512142181396,63.70001399999999,9.599998167183458,73.56001091003418,59.96905316591212,0.0,1,0.0,0.0,0.0,0.0,73.55512142181396,-63.70001399999998,9.599998167183458,73.56001091003418,-59.96905316591213,0.0,1,0.0
6.691666666666666,6691667,hold_standing,0.0,0.0,80.96182697652446,1.0,0.0,0.0,0.0,0.0,0.0,80.96182697652446,39.11558723449706,37.2228799771451,0,feet,0.0,0.0,0.0,-39.120476722717285,63.70001399999999,9.599998167183458,-39.11558723449707,59.96905316591212,0.0,1,0.0,0.0,0.0,0.0,-39.12047672271727,-63.70001399999998,9.599998167183486,-39.11558723449705,-59.96905316591213,0.0,1,2.842170943040401e-14,0.0,0.0,0.0,73.55512142181396,63.70001399999999,9.599998167183458,73.56001091003418,59.96905316591212,0.0,1,0.0,0.0,0.0,0.0,73.55512142181396,-63.70001399999998,9.599998167183458,73.56001091003418,-59.96905316591213,0.0,1,0.0
6.7,6700000,hold_standing,0.0,0.0,80.96182697652446,1.0,0.0,0.0,0.0,0.0,0.0,80.96182697652446,39.11558723449706,37.2228799771451,0,feet,0.0,0.0,0.0,-39.120476722717285,63.70001399999999,9.599998167183458,-39.11558723449707,59.96905316591212,0.0,1,0.0,0.0,0.0,0.0,-39.12047672271727,-63.70001399999998,9.599998167183486,-39.11558723449705,-59.96905316591213,0.0,1,2.842170943040401e-14,0.0,0.0,0.0,73.55512142181396,63.70001399999999,9.599998167183458,73.56001091003418,59.96905316591212,0.0,1,0.0,0.0,0.0,0.0,73.55512142181396,-63.70001399999998,9.599998167183458,73.56001091003418,-59.96905316591213,0.0,1,0.0
