time_s,time_us,phase,body_x_mm,body_y_mm,body_z_mm,body_qw,body_qx,body_qy,body_qz,assumed_com_x_mm,assumed_com_y_mm,assumed_com_z_mm,support_margin_mm,body_ground_clearance_mm,body_contact_active,support_source,FL_h002_rad,FL_alpha006_rad,FL_theta005_rad,FL_foot_bolt_x_mm,FL_foot_bolt_y_mm,FL_foot_bolt_z_mm,FL_sole_contact_x_mm,FL_sole_contact_y_mm,FL_sole_contact_z_mm,FL_contact_active,FL_sole_clearance_mm,FR_h002_rad,FR_alpha006_rad,FR_theta005_rad,FR_foot_bolt_x_mm,FR_foot_bolt_y_mm,FR_foot_bolt_z_mm,FR_sole_contact_x_mm,FR_sole_contact_y_mm,FR_sole_contact_z_mm,FR_contact_active,FR_sole_clearance_mm,RL_h002_rad,RL_alpha006_rad,RL_theta005_rad,RL_foot_bolt_x_mm,RL_foot_bolt_y_mm,RL_foot_bolt_z_mm,RL_sole_contact_x_mm,RL_sole_contact_y_mm,RL_sole_contact_z_mm,RL_contact_active,RL_sole_clearance_mm,RR_h002_rad,RR_alpha006_rad,RR_theta005_rad,RR_foot_bolt_x_mm,RR_foot_bolt_y_mm,RR_foot_bolt_z_mm,RR_sole_contact_x_mm,RR_sole_contact_y_mm,RR_sole_contact_z_mm,RR_contact_active,RR_sole_clearance_mm
0.0,0,prepare_shake,0.0,0.0,80.96182697652446,1.0,0.0,0.0,0.0,0.0,0.0,80.96182697652446,39.11558723449706,37.2228799771451,0,feet,0.0,0.0,0.0,-39.120476722717285,63.70001399999999,9.599998167183458,-39.11558723449707,59.96905316591212,0.0,1,0.0,0.0,0.0,0.0,-39.12047672271727,-63.70001399999998,9.599998167183486,-39.11558723449705,-59.96905316591213,0.0,1,2.842170943040401e-14,0.0,0.0,0.0,73.55512142181396,63.70001399999999,9.599998167183458,73.56001091003418,59.96905316591212,0.0,1,0.0,0.0,0.0,0.0,73.55512142181396,-63.70001399999998,9.599998167183458,73.56001091003418,-59.96905316591213,0.0,1,0.0
0.008333333333333333,8333,prepare_shake,0.0,0.0,80.96178297533928,0.9999999999999672,0.0,2.559885187537414e-07,0.0,0.0,0.0,80.96178297533928,39.11558723449706,37.222784631750464,0,feet,0.0,-2.8864569801001494e-07,-9.483433975887579e-07,-39.120478169493516,63.70001399999999,9.599998166446468,-39.11558723449707,59.96905316591212,0.0,1,-2.4567725631641224e-10,0.0,-2.8864569801001494e-07,-9.483435112755956e-07,-39.120478169493516,-63.70001399999998,9.599998166446468,-39.11558723449705,-59.96905316591213,0.0,1,-2.4567725631641224e-10,0.0,7.778664903312915e-07,-1.9964396709148957e-06,73.55511294411934,63.70001399999999,9.599998162861823,73.56001091003418,59.96905316591212,0.0,1,-9.701423664409958e-09,0.0,7.778664903312915e-07,-1.9964396709148957e-06,73.55511294411934,-63.70001399999998,9.599998162861823,73.56001091003418,-59.96905316591213,0.0,1,-9.701423664409958e-09
0.016666666666666666,16667,prepare_shake,0.0,0.0,80.9614784941541,0.9999999999979449,0.0,2.0273882493710435e-06,0.0,0.0,0.0,80.9614784941541,39.11558723449706,37.22212485713733,0,feet,0.0,-2.2860212829378668e-06,-7.510705692492792e-06,-39.12048818090775,63.70001399999999,9.59999816134075,-39.11558723449707,59.96905316591212,0.0,1,-1.3709779977943981e-08,0.0,-2.286021283381956e-06,-7.510706589552996e-06,-39.12048818090777,-63.70001399999998,9.599998161340693,-39.11558723449705,-59.96905316591213,0.0,1,-1.3709836821362842e-08,0.0,6.162164361001032e-06,-1.581298124753161e-05,73.55505426930692,63.70001399999999,9.599998221358305,73.54710006713898,59.980312244891614,0.0,1,-1.4210854715202004e-14,0.0,6.162164361001032e-06,-1.581298124753161e-05,73.55505426930692,-63.70001399999998,9.599998221358305,73.54710006713898,-59.98031224489162,0.0,1,-1.4210854715202004e-14
0.025,25000,prepare_shake,0.0,0.0,80.96066268852447,0.9999999999770595,0.0,6.773553013768119e-06,0.0,0.0,0.0,80.96066268852447,39.12849807739247,37.220357105808354,0,feet,0.0,-7.636672412214551e-06,-2.509414929541265e-05,-39.120515010460984,63.70001399999999,9.599998197398662,-39.12849807739248,59.980312244891614,0.0,1,0.0,0.0,-7.63667241265864e-06,-2.5094152294791172e-05,-39.12051501046094,-63.70001399999998,9.599998197398662,-39.128498077392464,-59.98031224489162,0.0,1,0.0,0.0,2.0587543740013814e-05,-5.2830616308341405e-05,73.55489706571345,63.70001399999999,9.599998350324228,73.54710006713898,59.980312244891614,0.0,1,-2.842170943040401e-14,0.0,2.0587543740013814e-05,-5.2830616308341405e-05,73.55489706571345,-63.70001399999998,9.599998350324228,73.54710006713898,-59.98031224489162,0.0,1,-2.842170943040401e-14
0.03333333333333333,33333,prepare_shake,0.0,0.0,80.95909509622817,0.9999999998736994,0.0,1.5893435312907095e-05,0.0,0.0,0.0,80.95909509622817,39.12849807739247,37.21696033549998,0,feet,0.0,-1.7918345480705256e-05,-5.8879923933830014e-05,-39.1205665593177,63.70001399999999,9.599998240126752,-39.12849807739248,59.980312244891614,0.0,1,2.842170943040401e-14,0.0,-1.7918345481149345e-05,-5.8879930970423544e-05,-39.12056655931771,-63.70001399999998,9.599998240126723,-39.128498077392464,-59.98031224489162,0.0,1,0.0,0.0,4.8304448521552246e-05,-0.00012395702756728966,73.55459500476358,63.70001399999999,9.599998590902288,73.54710006713898,59.980312244891614,0.0,1,4.263256414560601e-14,0.0,4.8304448521552246e-05,-0.00012395702756728966,73.55459500476358,-63.70001399999998,9.599998590902288,73.54710006713898,-59.98031224489162,0.0,1,4.263256414560601e-14
0.041666666666666664,41667,prepare_shake,0.0,0.0,80.95654549504299,0.9999999995279437,0.0,3.072641374015172e-05,0.0,0.0,0.0,80.95654549504299,39.12849807739247,37.21143570967767,0,feet,0.0,-3.464025685540051e-05,-0.00011382834072426462,-39.120650396056355,63.70001399999999,9.599998309026574,-39.12849807739248,59.980312244891614,0.0,1,1.4210854715202004e-14,0.0,-3.464025685540051e-05,-0.00011382835432849348,-39.12065039605634,-63.70001399999998,9.599998309026589,-39.128498077392464,-59.98031224489162,0.0,1,2.842170943040401e-14,0.0,9.337925588015494e-05,-0.0002396290256081457,73.55410374747957,63.70001399999999,9.599998961868536,73.54710006713898,59.980312244891614,0.0,1,0.0,0.0,9.337925588015494e-05,-0.0002396290256081457,73.55410374747957,-63.70001399999998,9.599998961868536,73.54710006713898,-59.98031224489162,0.0,1,0.0
0.05,50000,prepare_shake,0.0,0.0,80.95279376052446,0.9999999986190847,0.0,5.255312039042023e-05,0.0,0.0,0.0,80.95279376052446,39.12849807739247,37.203306300642986,0,feet,0.0,-5.924505097665289e-05,-0.00019467977806408854,-39.120773751353404,63.70001399999999,9.599998409072924,-39.12849807739248,59.980312244891614,0.0,1,1.4210854715202004e-14,0.0,-5.924505097665289e-05,-0.00019467980132992224,-39.12077375135338,-63.70001399999998,9.599998409072938,-39.128498077392464,-59.98031224489162,0.0,1,2.842170943040401e-14,0.0,0.00015969509012858651,-0.0004098151456108923,73.55338092602504,63.70001399999999,9.599999461990976,73.54710006713898,59.980312244891614,0.0,1,1.4210854715202004e-14,0.0,0.00015969509012858651,-0.0004098151456108923,73.55338092602504,-63.70001399999998,9.599999461990976,73.54710006713898,-59.98031224489162,0.0,1,1.4210854715202004e-14
0.058333333333333334,58333,prepare_shake,0.0,0.0,80.94762972378372,0.9999999965889282,0.0,8.259626826065767e-05,0.0,0.0,0.0,80.94762972378372,39.12849807739247,37.19211679478557,0,feet,0.0,-9.310919680549645e-05,-0.00030595702337476993,-39.120943522348526,63.70001399999999,9.599998544172436,-39.12849807739248,59.980312244891614,0.0,1,-1.4210854715202004e-14,0.0,-9.310919680549645e-05,-0.00030595705993796685,-39.1209435223485,-63.70001399999998,9.599998544172479,-39.128498077392464,-59.98031224489162,0.0,1,2.842170943040401e-14,0.0,0.00025095210456527184,-0.0006440173137463034,73.55238612832866,63.70001399999999,9.60000006130069,73.54710006713898,59.980312244891614,0.0,1,5.684341886080802e-14,0.0,0.00025095210456527184,-0.0006440173137463034,73.55238612832866,-63.70001399999998,9.60000006130069,73.54710006713898,-59.98031224489162,0.0,1,5.684341886080802e-14
0.06666666666666667,66667,prepare_shake,0.0,0.0,80.9408530292652,0.9999999925553793,0.0,0.00012202147863510375,0.0,0.0,0.0,80.9408530292652,39.12849807739247,37.177433199547124,0,feet,0.0,-0.0001375436017201359,-0.0004519672436900102,-39.12116627508774,63.70001399999999,9.599998716879611,-39.12849807739248,59.980312244891614,0.0,1,0.0,0.0,-0.00013754360172058,-0.00045196729769658717,-39.1211662750877,-63.70001399999998,9.599998716879611,-39.128498077392464,-59.98031224489162,0.0,1,0.0,0.0,0.00037066748715375297,-0.0009512719256319357,73.55108088419328,63.70001399999999,9.600000691276577,73.54710006713898,59.980312244891614,0.0,1,0.0,0.0,0.00037066748715375297,-0.0009512719256319357,73.55108088419328,-63.70001399999998,9.600000691276577,73.54710006713898,-59.98031224489162,0.0,1,0.0
0.075,75000,prepare_shake,0.0,0.0,80.93227299252446,0.9999999852186433,0.0,0.00017193810844674844,0.0,0.0,0.0,80.93227299252446,39.12849807739247,37.15884255169654,0,feet,0.0,-0.0001937941978233937,-0.0006368038645376828,-39.12144824677584,63.70001399999999,9.599998928088667,-39.12849807739248,59.980312244891614,0.0,1,0.0,0.0,-0.00019379419782383778,-0.0006368039406225989,-39.12144824677583,-63.70001399999998,9.599998928088652,-39.128498077392464,-59.98031224489162,0.0,1,-1.4210854715202004e-14,0.0,0.0005221752623927323,-0.0013401504947503362,73.54942865249964,63.70001399999999,9.600001234224194,73.54710006713898,59.980312244891614,0.0,1,2.842170943040401e-14,0.0,0.0005221752623927323,-0.0013401504947503362,73.54942865249964,-63.70001399999998,9.600001234224194,73.54710006713898,-59.98031224489162,0.0,1,2.842170943040401e-14
0.08333333333333333,83333,prepare_shake,0.0,0.0,80.92170845800594,0.9999999727622015,0.0,0.00023340007760438717,0.0,0.0,0.0,80.92170845800594,39.12849807739247,37.135952626546676,0,feet,0.0,-0.00026304250844200183,-0.0008643483855008682,-39.12179534789434,63.70001399999999,9.599999176710014,-39.12849807739248,59.980312244891614,0.0,1,2.842170943040401e-14,0.0,-0.0002630425084424459,-0.0008643484887596031,-39.121795347894356,-63.70001399999998,9.599999176709986,-39.128498077392464,-59.98031224489162,0.0,1,0.0,0.0,0.0007086259577637755,-0.001818760020707355,73.54739480913197,63.70001399999999,9.600001512111476,73.54710006713898,59.980312244891614,0.0,1,1.4210854715202004e-14,0.0,0.0007086259577637755,-0.001818760020707355,73.54739480913197,-63.70001399999998,9.600001512111476,73.54710006713898,-59.98031224489162,0.0,1,1.4210854715202004e-14
0.09166666666666666,91667,prepare_shake,0.0,0.0,80.90898765682076,0.9999999527505604,0.0,0.00030740669627291663,0.0,0.0,0.0,80.90898765682076,39.12849807739247,37.10839164777322,0,feet,0.0,-0.00034640620199466454,-0.0011382721589003886,-39.12221316423654,63.70001399999999,9.599999459337567,-39.12849807739248,59.980312244891614,0.0,1,-1.4210854715202004e-14,0.0,-0.00034640620199466454,-0.0011382722948640733,-39.12221316423654,-63.70001399999998,9.599999459337567,-39.128498077392464,-59.98031224489162,0.0,1,-1.4210854715202004e-14,0.0,0.0009329979213639206,-0.0023947547208358344,73.54494655800417,63.70001399999999,9.600001910034749,73.53930091487179,59.9925097393973,0.0,1,5.684341886080802e-14,0.0,0.0009329979213639206,-0.0023947547208358344,73.54494655800417,-63.70001399999998,9.600001910034749,73.53930091487179,-59.99250973939729,0.0,1,5.684341886080802e-14
0.1,100000,prepare_shake,0.0,0.0,80.89394806452447,0.9999999220256129,0.0,0.00039490349209304356,0.0,0.0,0.0,80.89394806452447,39.12849807739247,37.075807997525004,0,feet,0.0,-0.0004449396397778749,-0.0014620381561636364,-39.1227069589074,63.70001399999999,9.59999976991466,-39.12849807739248,59.980312244891614,0.0,1,-1.4210854715202004e-14,0.0,-0.00044493963977876305,-0.001462038330770632,-39.12270695890737,-63.70001399999998,9.599999769914646,-39.128498077392464,-59.98031224489162,0.0,1,-2.842170943040401e-14,0.0,0.0011980934034538926,-0.00307533277787142,73.54205294206703,63.70001399999999,9.600003175640254,73.53930091487179,59.9925097393973,0.0,1,1.4210854715202004e-14,0.0,0.0011980934034538926,-0.00307533277787142,73.54205294206703,-63.70001399999998,9.600003175640254,73.53930091487179,-59.99250973939729,0.0,1,1.4210854715202004e-14
0.10833333333333334,108333,prepare_shake,0.0,0.0,80.87643625889483,0.9999998766032993,0.0,0.0004967830373254714,0.0,0.0,0.0,80.87643625889483,39.12849807739247,37.037869926542335,0,feet,0.0,-0.0005596344236642459,-0.0018389027445859796,-39.123281674332425,63.70001399999999,9.600000099403857,-39.12849807739248,59.980312244891614,0.0,1,-1.4210854715202004e-14,0.0,-0.0005596344236642459,-0.0018389029641578958,-39.12328167433241,-63.70001399999998,9.600000099403871,-39.128498077392464,-59.98031224489162,0.0,1,0.0,0.0,0.0015064854403381567,-0.0038671849728579843,73.538685179629,63.70001399999999,9.60000355035487,73.53930091487179,59.9925097393973,0.0,1,-1.4210854715202004e-14,0.0,0.0015064854403381567,-0.0038671849728579843,73.538685179629,-63.70001399999998,9.60000355035487,73.53930091487179,-59.99250973939729,0.0,1,-1.4210854715202004e-14
0.11666666666666667,116667,prepare_shake,0.0,0.0,80.85630777770965,0.9999998115721093,0.0,0.0006138857759039355,0.0,0.0,0.0,80.85630777770965,39.12849807739247,36.994265264026446,0,feet,0.0,-0.0006914199491316886,-0.00227191749541511,-39.12394193431542,63.70001399999999,9.600000435467436,-39.12849807739248,59.980312244891614,0.0,1,-2.842170943040401e-14,0.0,-0.0006914199491316886,-0.002271917766628828,-39.123941934315404,-63.70001399999998,9.600000435467464,-39.128498077392464,-59.98031224489162,0.0,1,0.0,0.0,0.001860587088794663,-0.004776563471585504,73.53481619361726,63.70001399999999,9.60000252256377,73.53930091487179,59.9925097393973,0.0,1,-4.263256414560601e-14,0.0,0.001860587088794663,-0.004776563471585504,73.53481619361726,-63.70001399999998,9.60000252256377,73.53930091487179,-59.99250973939729,0.0,1,-4.263256414560601e-14
0.125,125000,prepare_shake,0.0,0.0,80.83342697652446,0.9999997209948258,0.0,0.0007470008503811981,0.0,0.0,0.0,80.83342697652446,39.12849807739247,36.9447011270274,0,feet,0.0,-0.0008411639685528272,-0.002763931042379042,-39.12469204618106,63.70001399999999,9.600000762163589,-39.12849807739248,59.980312244891614,0.0,1,0.0,0.0,-0.0008411639685532712,-0.0027639313722418457,-39.124692046181046,-63.70001399999998,9.600000762163575,-39.128498077392464,-59.98031224489162,0.0,1,-1.4210854715202004e-14,0.0,0.0022626262927674112,-0.005809258203243406,73.53042076308776,63.70001399999999,9.599999462961492,73.53930091487179,59.9925097393973,0.0,1,2.842170943040401e-14,0.0,0.0022626262927674112,-0.005809258203243406,73.53042076308776,-63.70001399999998,9.599999462961492,73.53930091487179,-59.99250973939729,0.0,1,2.842170943040401e-14
0.13333333333333333,133333,prepare_shake,0.0,0.0,80.80766688645039,0.9999995978147752,0.0,0.0008968669287523123,0.0,0.0,0.0,80.80766688645039,39.12849807739247,36.88890362914213,0,feet,0.0,-0.001009673169144687,-0.00331759100802298,-39.1255360030362,63.70001399999999,9.600001059663015,-39.12849807739248,59.980312244891614,0.0,1,1.4210854715202004e-14,0.0,-0.001009673169144687,-0.003317591403847242,-39.12553600303622,-63.70001399999998,9.600001059662986,-39.128498077392464,-59.98031224489162,0.0,1,-1.4210854715202004e-14,0.0,0.00271464594881321,-0.006970598232127312,73.52547550889797,63.70001399999999,9.599993614795025,73.53930091487179,59.9925097393973,0.0,1,-2.842170943040401e-14,0.0,0.00271464594881321,-0.006970598232127312,73.52547550889797,-63.70001399999998,9.599993614795025,73.53930091487179,-59.99250973939729,0.0,1,-2.842170943040401e-14
0.14166666666666666,141667,prepare_shake,0.0,0.0,80.77890907193188,0.9999994337677196,0.0,0.0010641730311401125,0.0,0.0,0.0,80.77890907193188,39.12849807739247,36.8266175883355,0,feet,0.0,-0.0011976937695439283,-0.0039353460135092,-39.126477486178274,63.70001399999999,9.600001303990865,-39.12849807739248,59.980312244891614,0.0,1,0.0,0.0,-0.0011976937695439283,-0.003935346482886626,-39.12647748617826,-63.70001399999998,9.60000130399088,-39.128498077392464,-59.98031224489162,0.0,1,1.4210854715202004e-14,0.0,0.003218504201113692,-0.008265453660541322,73.51995887811586,63.70001399999999,9.599984084964447,73.53930091487179,59.9925097393973,0.0,1,1.4210854715202004e-14,0.0,0.003218504201113692,-0.008265453660541322,73.51995887811586,-63.70001399999998,9.599984084964447,73.53930091487179,-59.99250973939729,0.0,1,1.4210854715202004e-14
0.15,150000,prepare_shake,0.0,0.0,80.74704348852447,0.9999992193004028,0.0,0.00124955935632898,0.0,0.0,0.0,80.74704348852447,39.12849807739247,36.757606233719066,0,feet,0.0,-0.0014059121385061601,-0.004619447785807029,-39.12751986767791,63.70001399999999,9.600001466797877,-39.12849807739248,59.980312244891614,0.0,1,2.842170943040401e-14,0.0,-0.0014059121385061601,-0.004619448336580234,-39.12751986767791,-63.70001399999998,9.600001466797877,-39.128498077392464,-59.98031224489162,0.0,1,2.842170943040401e-14,0.0,0.0037758750008936026,-0.009698238140513293,73.51385112697403,63.70001399999999,9.599969836111583,73.53930091487179,59.9925097393973,0.0,1,0.0,0.0,0.0037758750008936026,-0.009698238140513293,73.51385112697403,-63.70001399999998,9.599969836111583,73.53930091487179,-59.99250973939729,0.0,1,0.0
0.15833333333333333,158333,prepare_shake,0.0,0.0,80.71196834067261,0.9999989434966398,0.0,0.0014536181081344325,0.0,0.0,0.0,80.71196834067261,39.12849807739247,36.6816509111412,0,feet,0.0,-0.001634955438830854,-0.005371953374532001,-39.128666213158695,63.70001399999999,9.60000151516374,-39.12849807739248,59.980312244891614,0.0,1,2.842170943040401e-14,0.0,-0.001634955438830854,-0.005371954014773639,-39.128666213158695,-63.70001399999998,9.60000151516374,-39.128498077392464,-59.98031224489162,0.0,1,2.842170943040401e-14,0.0,0.004388392846880418,-0.011273052412879903,73.50713335384462,63.70001399999999,9.59995751474169,73.4795563263901,65.90477742429005,0.0,1,2.842170943040401e-14,0.0,0.004388392846880418,-0.011273052412879903,73.50713335384462,-63.70001399999998,9.59995751474169,73.4795563263901,-65.90477742429005,0.0,1,2.842170943040401e-14
0.16666666666666666,166667,prepare_shake,0.0,0.0,80.67358993948743,0.9999985940117287,0.0,0.001676894321598021,0.0,0.0,0.0,80.67358993948743,39.13629722968542,36.59855078746109,0,feet,0.0,-0.001885391560408678,-0.006194728212161049,-39.12991928966408,63.70001399999999,9.60000145144977,-39.136297229685404,59.9925097393973,0.0,1,1.4210854715202004e-14,0.0,-0.0018853915604082339,-0.006194728950144057,-39.12991928966411,-63.70001399999998,9.600001451449756,-39.136297229685425,-59.99250973939729,0.0,1,0.0,0.0,0.005057917164636105,-0.01299394318058944,73.49978572547728,63.70001399999999,9.599975809797698,73.4795563263901,65.90477742429005,0.0,1,1.4210854715202004e-14,0.0,0.005057917164636105,-0.01299394318058944,73.49978572547728,-63.70001399999998,9.599975809797698,73.4795563263901,-65.90477742429005,0.0,1,1.4210854715202004e-14
0.175,175000,prepare_shake,0.0,0.0,80.63182256052447,0.9999981570158524,0.0,0.0019198866889992385,0.0,0.0,0.0,80.63182256052447,39.13629722968542,36.508122553396284,0,feet,0.0,-0.002157712344317275,-0.007089465672588169,-39.13128168417074,63.70001399999999,9.600002259909076,-39.136297229685404,59.9925097393973,0.0,1,0.0,0.0,-0.002157712344316831,-0.007089466516767118,-39.13128168417075,-63.70001399999998,9.600002259909076,-39.136297229685425,-59.99250973939729,0.0,1,0.0,0.0,0.005784952555116352,-0.014863367308502351,73.49179789962513,63.70001399999999,9.599989318805129,73.4795563263901,65.90477742429005,0.0,1,-1.4210854715202004e-14,0.0,0.005784952555116352,-0.014863367308502351,73.49179789962513,-63.70001399999998,9.599989318805129,73.4795563263901,-65.90477742429005,0.0,1,-1.4210854715202004e-14
0.18333333333333332,183333,prepare_shake,0.0,0.0,80.5865883015615,0.999997617147034,0.0,0.0021830483856787454,0.0,0.0,0.0,80.5865883015615,39.13629722968542,36.410200124849304,0,feet,0.0,-0.002452389520520626,-0.008057635654294959,-39.13275544311258,63.70001399999999,9.600002916754974,-39.136297229685404,59.9925097393973,0.0,1,0.0,0.0,-0.0024523895205201818,-0.008057636613272301,-39.13275544311259,-63.70001399999998,9.600002916754988,-39.136297229685425,-59.99250973939729,0.0,1,1.4210854715202004e-14,0.0,0.006570449146150015,-0.016883952312237938,73.48315714911804,63.70001399999999,9.599996448507866,73.4795563263901,65.90477742429005,0.0,1,0.0,0.0,0.006570449146150015,-0.016883952312237938,73.48315714911804,-63.70001399999998,9.599996448507866,73.4795563263901,-65.90477742429005,0.0,1,0.0
0.19166666666666668,191667,prepare_shake,0.0,0.0,80.53781694037632,0.9999969574741104,0.0,0.0024667878956700627,0.0,0.0,0.0,80.53781694037632,39.13629722968542,36.30463434263465,0,feet,0.0,-0.002769820432480863,-0.009100541214689617,-39.13434243891569,63.70001399999999,9.600003371080078,-39.136297229685404,59.9925097393973,0.0,1,-1.4210854715202004e-14,0.0,-0.0027698204324804188,-0.00910054229719881,-39.1343424389157,-63.70001399999998,9.600003371080092,-39.136297229685425,-59.99250973939729,0.0,1,0.0,0.0,0.007415180303137703,-0.019057892604538385,73.47385244466443,63.70001399999999,9.599995429322917,73.4795563263901,65.90477742429005,0.0,1,-2.842170943040401e-14,0.0,0.007415180303137703,-0.019057892604538385,73.47385244466443,-63.70001399999998,9.599995429322917,73.4795563263901,-65.90477742429005,0.0,1,-2.842170943040401e-14
0.2,200000,prepare_shake,0.0,0.0,80.48544579252446,0.9999961594700961,0.0,0.002771469837139931,0.0,0.0,0.0,80.48544579252446,39.13629722968542,36.191292670540605,0,feet,0.0,-0.003110346902652328,-0.010219303772909694,-39.13604425499431,63.70001399999999,9.60000356676808,-39.136297229685404,59.9925097393973,0.0,1,-1.4210854715202004e-14,0.0,-0.003110346902652328,-0.01021930498778545,-39.13604425499431,-63.70001399999998,9.60000356676808,-39.136297229685425,-59.99250973939729,0.0,1,-1.4210854715202004e-14,0.0,0.008319745248891675,-0.02138695668361068,73.46387442646977,63.70001399999999,9.59998431536755,73.4795563263901,65.90477742429005,0.0,1,0.0,0.0,0.008319745248891675,-0.02138695668361068,73.46387442646977,-63.70001399999998,9.59998431536755,73.4795563263901,-65.90477742429005,0.0,1,0.0
0.20833333333333334,208333,prepare_shake,0.0,0.0,80.42941956911706,0.9999952029962136,0.0,0.003097415787640778,0.0,0.0,0.0,80.42941956911706,39.13629722968542,36.07005889167425,0,feet,0.0,-0.0034742560725793403,-0.011414866151953973,-39.137862190039876,63.70001399999999,9.600003442543937,-39.136297229685404,59.9925097393973,0.0,1,0.0,0.0,-0.0034742560725788962,-0.011414867508112714,-39.137862190039904,-63.70001399999998,9.600003442543922,-39.136297229685425,-59.99250973939729,0.0,1,-1.4210854715202004e-14,0.0,0.009284572061253105,-0.02387249516718093,73.45321537378159,63.70001399999999,9.599960985936548,73.4795563263901,65.90477742429005,0.0,1,0.0,0.0,0.009284572061253105,-0.02387249516718093,73.45321537378159,-63.70001399999998,9.599960985936548,73.4795563263901,-65.90477742429005,0.0,1,0.0
0.21666666666666667,216667,prepare_shake,0.0,0.0,80.36969023459854,0.99999406629679,0.0,0.003444905109182112,0.0,0.0,0.0,80.36969023459854,39.13629722968542,35.94083280304968,0,feet,0.0,-0.003861781280269927,-0.01268799577208668,-39.1397972625928,63.70001399999999,9.600002932068605,-39.136297229685404,59.9925097393973,0.0,1,0.0,0.0,-0.0038617812802690388,-0.01268799727850256,-39.13979726259279,-63.70001399999998,9.600002932068648,-39.136297229685425,-59.99250973939729,0.0,1,4.263256414560601e-14,0.0,0.010310855328137691,-0.026516351864160015,73.44186301653406,63.70001399999999,9.59997448200005,73.36335316662442,63.70001591896379,0.0,1,-1.4210854715202004e-14,0.0,0.010310855328137691,-0.026516351864160015,73.44186301653406,-63.70001399999998,9.59997448200005,73.36335316662442,-63.7000159189638,0.0,1,-1.4210854715202004e-14
0.225,225000,prepare_shake,0.0,0.0,80.30621686452446,0.9999927260051303,0.0,0.0038141757731310184,0.0,0.0,0.0,80.30621686452446,39.13629722968542,35.80352990839123,0,feet,0.0,-0.004273102975477894,-0.014039287995654792,-39.14185021589854,63.70001399999999,9.600001964077904,-39.136297229685404,59.9925097393973,0.0,1,-4.263256414560601e-14,0.0,-0.004273102975477006,-0.01403928966133483,-39.14185021589853,-63.70001399999998,9.600001964077961,-39.136297229685425,-59.99250973939729,0.0,1,1.4210854715202004e-14,0.0,0.01139947373486816,-0.02931981360056124,73.42980753447739,63.70001399999999,9.600065503348304,73.36335316662442,63.70001591896379,0.0,1,-2.842170943040401e-14,0.0,0.01139947373486816,-0.02931981360056124,73.42980753447739,-63.70001399999998,9.600065503348304,73.36335316662442,-63.7000159189638,0.0,1,-2.842170943040401e-14
0.23333333333333334,233333,prepare_shake,0.0,0.0,80.23896550333927,0.999991157160409,0.0,0.004205425184955441,0.0,0.0,0.0,80.23896550333927,39.13629722968542,35.65808110913371,0,feet,0.0,-0.004708349673251622,-0.015469169622213563,-39.14402152304914,63.70001399999999,9.600000462565006,-39.136297229685404,59.9925097393973,0.0,1,0.0,0.0,-0.004708349673251178,-0.015469171456177211,-39.144021523049155,-63.70001399999998,9.60000046256502,-39.136297229685425,-59.99250973939729,0.0,1,1.4210854715202004e-14,0.0,0.012548793206545561,-0.0322815115708619,73.41705622768804,63.70001399999999,9.60014530269298,73.36335316662442,63.70001591896379,0.0,1,1.4210854715202004e-14,0.0,0.012548793206545561,-0.0322815115708619,73.41705622768804,-63.70001399999998,9.60014530269298,73.36335316662442,-63.7000159189638,0.0,1,1.4210854715202004e-14
0.24166666666666667,241667,prepare_shake,0.0,0.0,80.16790902215409,0.9999893332355424,0.0,0.004618811008827249,0.0,0.0,0.0,80.16790902215409,39.13629722968542,35.50443239361166,0,feet,0.0,-0.0051675989459303295,-0.016977902531622124,-39.146311392408975,63.70001399999999,9.59999834700514,-39.136297229685404,59.9925097393973,0.0,1,1.4210854715202004e-14,0.0,-0.005167598945929441,-0.016977904542879063,-39.146311392409025,-63.70001399999998,9.59999834700514,-39.136297229685425,-59.99250973939729,0.0,1,1.4210854715202004e-14,0.0,0.013758593922018392,-0.03540121830730314,73.40360756500239,63.70001399999999,9.600211114084757,73.36335316662442,63.70001591896379,0.0,1,0.0,0.0,0.013758593922018392,-0.03540121830730314,73.40360756500239,-63.70001399999998,9.600211114084757,73.36335316662442,-63.7000159189638,0.0,1,0.0
0.25,250000,prepare_shake,0.0,0.0,80.09302697652447,0.9999872261759445,0.0,0.005054451992105466,0.0,0.0,0.0,80.09302697652447,39.13629722968542,35.342544524439106,0,feet,0.0,-0.005650878453547392,-0.018565587471643052,-39.14871977332095,63.70001399999999,9.599995532622174,-39.136297229685404,59.9925097393973,0.0,1,-1.4210854715202004e-14,0.0,-0.005650878453547392,-0.01856558966917543,-39.148719773320934,-63.70001399999998,9.599995532622202,-39.136297229685425,-59.99250973939729,0.0,1,1.4210854715202004e-14,0.0,0.015028505006136061,-0.03867834018694216,73.38946147307122,63.70001399999999,9.600260007308137,73.36335316662442,63.70001591896379,0.0,1,1.4210854715202004e-14,0.0,0.015028505006136061,-0.03867834018694216,73.38946147307122,-63.70001399999998,9.600260007308137,73.36335316662442,-63.7000159189638,0.0,1,1.4210854715202004e-14
0.25833333333333336,258333,prepare_shake,0.0,0.0,80.01430546422817,0.9999848064489971,0.0,0.005512428789723111,0.0,0.0,0.0,80.01430546422817,39.13629722968542,35.17239272408928,0,feet,0.0,-0.006158167012445315,-0.020232167985536176,-39.15124636208885,63.70001399999999,9.59999193069433,-39.136297229685404,59.9925097393973,0.0,1,-1.4210854715202004e-14,0.0,-0.006158167012444871,-0.02023217037827063,-39.151246362088834,-63.70001399999998,9.599991930694387,-39.136297229685425,-59.99250973939729,0.0,1,4.263256414560601e-14,0.0,0.016358009629894088,-0.04211193003805436,73.37461929444926,63.70001399999999,9.60028889804623,73.36335316662442,63.70001591896379,0.0,1,2.842170943040401e-14,0.0,0.016358009629894088,-0.04211193003805436,73.37461929444926,-63.70001399999998,9.60028889804623,73.36335316662442,-63.7000159189638,0.0,1,2.842170943040401e-14
0.26666666666666666,266667,prepare_shake,0.0,0.0,79.93173698304298,0.9999820431040143,0.0,0.005992784788504238,0.0,0.0,0.0,79.93173698304298,39.13629722968542,34.99396635869231,0,feet,0.0,-0.006689395701692913,-0.021977434474102164,-39.15389060822958,63.70001399999999,9.59998744889738,-39.136297229685404,59.9925097393973,0.0,1,-1.4210854715202004e-14,0.0,-0.006689395701692913,-0.0219774370708965,-39.15389060822957,-63.70001399999998,9.599987448897394,-39.136297229685425,-59.99250973939729,0.0,1,0.0,0.0,0.017746549605631046,-0.045700794939181666,73.35908309075734,63.70001399999999,9.600300071245059,73.34888493064832,63.700015918920016,0.0,1,0.0,0.0,0.017746549605631046,-0.045700794939181666,73.35908309075734,-63.70001399999998,9.600300071245059,73.34888493064832,-63.700015918920016,0.0,1,0.0
0.275,275000,prepare_shake,0.0,0.0,79.84532028852446,0.9999789038424175,0.0,0.006495526931440332,0.0,0.0,0.0,79.84532028852446,39.13629722968542,34.807268620075995,0,feet,0.0,-0.007244449006779785,-0.023801028385802336,-39.15665172098693,63.70001399999999,9.599981991683123,-39.136297229685404,59.9925097393973,0.0,1,1.4210854715202004e-14,0.0,-0.007244449006779341,-0.02380103119542376,-39.15665172098694,-63.70001399999998,9.599981991683137,-39.136297229685425,-59.99250973939729,0.0,1,2.842170943040401e-14,0.0,0.019193573623480287,-0.049443548414956684,73.3428552938147,63.70001399999999,9.600303594360824,73.34888493064832,63.700015918920016,0.0,1,1.4210854715202004e-14,0.0,0.019193573623480287,-0.049443548414956684,73.3428552938147,-63.70001399999998,9.600303594360824,73.34888493064832,-63.700015918920016,0.0,1,1.4210854715202004e-14
0.2833333333333333,283333,prepare_shake,0.0,0.0,79.75506025178372,0.9999753550977936,0.0,0.007020626541957937,0.0,0.0,0.0,79.75506025178372,39.13629722968542,34.612316206081985,0,feet,0.0,-0.0078231659998651,-0.025702446527705813,-39.15952867609834,63.70001399999999,9.599975460690189,-39.136297229685404,59.9925097393973,0.0,1,0.0,0.0,-0.007823165999864656,-0.025702449558815843,-39.159528676098375,-63.70001399999998,9.599975460690175,-39.136297229685425,-59.99250973939729,0.0,1,-1.4210854715202004e-14,0.0,0.020697837240576167,-0.053337954429582,73.32594334351485,63.70001399999999,9.60027807638913,73.34888493064832,63.700015918920016,0.0,1,2.842170943040401e-14,0.0,0.020697837240576167,-0.053337954429582,73.32594334351485,-63.70001399999998,9.60027807638913,73.34888493064832,-63.700015918920016,0.0,1,2.842170943040401e-14
0.2916666666666667,291667,prepare_shake,0.0,0.0,79.66096771726521,0.9999713621254542,0.0,0.007568020148211438,0.0,0.0,0.0,79.66096771726521,39.13629722968542,34.40913899919638,0,feet,0.0,-0.008425341555754695,-0.02768104548933481,-39.16252022280342,63.70001399999999,9.599967755184807,-39.136297229685404,59.9925097393973,0.0,1,-1.4210854715202004e-14,0.0,-0.008425341555754251,-0.02768104875046662,-39.16252022280342,-63.70001399999998,9.599967755184835,-39.136297229685425,-59.99250973939729,0.0,1,1.4210854715202004e-14,0.0,0.022258295824145513,-0.05738178789810133,73.30835379589314,63.70001399999999,9.600219929123114,73.34888493064832,63.700015918920016,0.0,1,-1.4210854715202004e-14,0.0,0.022258295824145513,-0.05738178789810133,73.30835379589314,-63.70001399999998,9.600219929123114,73.34888493064832,-63.700015918920016,0.0,1,-1.4210854715202004e-14
0.3,300000,prepare_shake,0.0,0.0,79.56305936052446,0.9999668891010763,0.0,0.008137610307436895,0.0,0.0,0.0,79.56305936052446,39.13629722968542,34.19777974353943,0,feet,0.0,-0.009050727602611719,-0.02973604617079495,-39.16562489108361,63.70001399999999,9.599958772527799,-39.136297229685404,59.9925097393973,0.0,1,1.4210854715202004e-14,0.0,-0.009050727602611719,-0.029736049670337827,-39.16562489108364,-63.70001399999998,9.599958772527785,-39.136297229685425,-59.99250973939729,0.0,1,0.0,0.0,0.023873788017614306,-0.061572540782648844,73.29009439299313,63.70001399999999,9.600125474862267,73.34888493064832,63.700015918920016,0.0,1,-1.4210854715202004e-14,0.0,0.023873788017614306,-0.061572540782648844,73.29009439299313,-63.70001399999998,9.600125474862267,73.34888493064832,-63.700015918920016,0.0,1,-1.4210854715202004e-14
0.30833333333333335,308333,prepare_shake,0.0,0.0,79.46135754600594,0.9999618992279591,0.0,0.0087292664304044,0.0,0.0,0.0,79.46135754600594,39.196041817813295,33.97829372026571,0,feet,0.0,-0.009698847425097856,-0.03186671836266619,-39.16884223116831,63.70001399999999,9.59995859156561,-39.196041817813274,65.90477742429005,0.0,1,0.0,0.0,-0.009698847425096968,-0.03186672210887442,-39.16884223116834,-63.70001399999998,9.599958591565624,-39.196041817813324,-65.90477742429005,0.0,1,1.4210854715202004e-14,0.0,0.025543042149604123,-0.06590743725500792,73.27117401386685,63.70001399999999,9.599990962174488,73.34888493064832,63.700015918920016,0.0,1,7.105427357601002e-14,0.0,0.025543042149604123,-0.06590743725500792,73.27117401386685,-63.70001399999998,9.599990962174488,73.34888493064832,-63.700015918920016,0.0,1,7.105427357601002e-14
0.31666666666666665,316667,prepare_shake,0.0,0.0,79.35589018482077,0.9999563548523984,0.0,0.00934282560600747,0.0,0.0,0.0,79.35589018482077,39.196041817813295,33.750748421430735,0,feet,0.0,-0.010369364897440558,-0.03407203036175099,-39.1721704024356,63.70001399999999,9.599967444362278,-39.196041817813274,65.90477742429005,0.0,1,-1.4210854715202004e-14,0.0,-0.01036936489743967,-0.03407203436270523,-39.172170402435626,-63.70001399999998,9.599967444362306,-39.196041817813324,-65.90477742429005,0.0,1,1.4210854715202004e-14,0.0,0.02726773790979653,-0.0703863152625619,73.25158252030815,63.70001399999999,9.599984722042691,73.23533112004866,60.74619282880431,0.0,1,1.4210854715202004e-14,0.0,0.02726773790979653,-0.0703863152625619,73.25158252030815,-63.70001399999998,9.599984722042691,73.23533112004866,-60.74619282880431,0.0,1,1.4210854715202004e-14
0.325,325000,prepare_shake,0.0,0.0,79.24669059252446,0.9999502175866464,0.0,0.009978093426028907,0.0,0.0,0.0,79.24669059252446,39.196041817813295,33.51522322238595,0,feet,0.0,-0.011062091966165699,-0.03635064948460842,-39.175606130258295,63.70001399999999,9.599975372883137,-39.196041817813274,65.90477742429005,0.0,1,2.842170943040401e-14,0.0,-0.011062091966164811,-0.03635065374817925,-39.17560613025834,-63.70001399999998,9.599975372883137,-39.196041817813324,-65.90477742429005,0.0,1,2.842170943040401e-14,0.0,0.029044562083437864,-0.07500414393705013,73.2313425482524,63.70001399999999,9.599999643522054,73.22509053082776,60.7399748722095,0.0,1,1.4210854715202004e-14,0.0,0.029044562083437864,-0.07500414393705013,73.2313425482524,-63.70001399999998,9.599999643522054,73.22509053082776,-60.7399748722095,0.0,1,1.4210854715202004e-14
0.3333333333333333,333333,prepare_shake,0.0,0.0,79.13379734689484,0.9999434484388928,0.0,0.010634844810122874,0.0,0.0,0.0,79.13379734689484,39.196041817813295,33.271809052768646,0,feet,0.0,-0.011776622218389932,-0.03870130051546683,-39.17914714276893,63.70001399999999,9.599982257652513,-39.196041817813274,65.90477742429005,0.0,1,-1.4210854715202004e-14,0.0,-0.011776622218389043,-0.038701305049324564,-39.17914714276896,-63.70001399999998,9.599982257652542,-39.196041817813324,-65.90477742429005,0.0,1,1.4210854715202004e-14,0.0,0.030871330018250376,-0.07975684686744566,73.21047021388262,63.70001399999999,9.599997266666236,73.19854626304047,60.71151150841919,0.0,1,-7.105427357601002e-14,0.0,0.030871330018250376,-0.07975684686744566,73.21047021388262,-63.70001399999998,9.599997266666236,73.19854626304047,-60.71151150841919,0.0,1,-7.105427357601002e-14
0.3416666666666667,341667,prepare_shake,0.0,0.0,79.01725414570964,0.9999360079496797,0.0,0.011312824831052825,0.0,0.0,0.0,79.01725414570964,39.196041817813295,33.02060806615798,0,feet,0.0,-0.012512513046732732,-0.04112259640055527,-39.18279098789032,63.70001399999999,9.599987978783872,-39.196041817813274,65.90477742429005,0.0,1,2.842170943040401e-14,0.0,-0.012512513046731844,-0.041122601212154386,-39.18279098789035,-63.70001399999998,9.5999879787839,-39.196041817813324,-65.90477742429005,0.0,1,5.684341886080802e-14,0.0,0.03274685305378977,-0.08464114650217303,73.18897531399533,63.70001399999999,9.599999900913417,73.19854626304047,60.71151150841919,0.0,1,-4.263256414560601e-14,0.0,0.03274685305378977,-0.08464114650217303,73.18897531399533,-63.70001399999998,9.599999900913417,73.19854626304047,-60.71151150841919,0.0,1,-4.263256414560601e-14
0.35,350000,prepare_shake,0.0,0.0,78.89710966452446,0.9999278563341372,0.0,0.012011749540224648,0.0,0.0,0.0,78.89710966452446,39.196041817813295,32.76173330847328,0,feet,0.0,-0.013269287080017289,-0.04361304319848802,-39.18653504167135,63.70001399999999,9.599992416585337,-39.196041817813274,65.90477742429005,0.0,1,2.842170943040401e-14,0.0,-0.013269287080016401,-0.043613048295057855,-39.18653504167139,-63.70001399999998,9.599992416585337,-39.196041817813324,-65.90477742429005,0.0,1,2.842170943040401e-14,0.0,0.03466940693053511,-0.08965314524699464,73.16687158171,63.70001399999999,9.600004095021788,73.16840094620053,59.93459691168532,0.0,1,-1.4210854715202004e-14,0.0,0.03466940693053511,-0.08965314524699464,73.16687158171,-63.70001399999998,9.600004095021788,73.16840094620053,-59.93459691168532,0.0,1,-1.4210854715202004e-14
0.35833333333333334,358333,prepare_shake,0.0,0.0,78.77341741445039,0.9999189536294071,0.0,0.012731306793553275,0.0,0.0,0.0,78.77341741445039,39.196041817813295,32.49530838519426,0,feet,0.0,-0.014046433638555289,-0.04617104506423164,-39.190376516749566,63.70001399999999,9.59999545216833,-39.196041817813274,65.90477742429005,0.0,1,2.842170943040401e-14,0.0,-0.0140464336385544,-0.04617105045276437,-39.19037651674963,-63.70001399999998,9.5999954521683,-39.196041817813324,-65.90477742429005,0.0,1,0.0,0.0,0.03663924265234497,-0.09479065366712947,73.14416001178307,63.70001399999999,9.600123114206937,73.08556396798554,63.70001591752033,0.0,1,4.263256414560601e-14,0.0,0.03663924265234497,-0.09479065366712947,73.14416001178307,-63.70001399999998,9.600123114206937,73.08556396798554,-63.70001591752033,0.0,1,4.263256414560601e-14
0.36666666666666664,366667,prepare_shake,0.0,0.0,78.64623559993187,0.9999092598466063,0.0,0.013471157077699985,0.0,0.0,0.0,78.64623559993187,39.196041817813295,32.22146712748785,0,feet,0.0,-0.014843410212194375,-0.04879490925598562,-39.19431247092397,63.70001399999999,9.599996968054072,-39.196041817813274,65.90477742429005,0.0,1,0.0,0.0,-0.014843410212193486,-0.04879491494322652,-39.19431247092402,-63.70001399999998,9.599996968054072,-39.196041817813324,-65.90477742429005,0.0,1,0.0,0.0,0.038652457984700295,-0.10004752209001433,73.12086898366218,63.70001399999999,9.600237021039987,73.08556396798554,63.70001591752033,0.0,1,1.4210854715202004e-14,0.0,0.038652457984700295,-0.10004752209001433,73.12086898366218,-63.70001399999998,9.600237021039987,73.08556396798554,-63.70001591752033,0.0,1,1.4210854715202004e-14
0.375,375000,prepare_shake,0.0,0.0,78.51562697652446,0.9998987351266647,0.0,0.014230934336715614,0.0,0.0,0.0,78.51562697652446,39.196041817813295,31.9403532573294,0,feet,0.0,-0.01565964395917918,-0.051482851154458054,-39.19833981582071,63.70001399999999,9.599996848775177,-39.196041817813274,65.90477742429005,0.0,1,0.0,0.0,-0.01565964395917785,-0.051482857146893934,-39.1983398158208,-63.70001399999998,9.599996848775149,-39.196041817813324,-65.90477742429005,0.0,1,-2.842170943040401e-14,0.0,0.04070630855224344,-0.10541861366953542,73.09702013607287,63.70001399999999,9.600295102781558,73.08556396798554,63.70001591752033,0.0,1,2.842170943040401e-14,0.0,0.04070630855224344,-0.10541861366953542,73.09702013607287,-63.70001399999998,9.600295102781558,73.08556396798554,-63.70001591752033,0.0,1,2.842170943040401e-14
0.38333333333333336,383333,prepare_shake,0.0,0.0,78.38165870867262,0.9998873398993656,0.0,0.015010246799123115,0.0,0.0,0.0,78.38165870867262,39.196041817813295,31.652120051710206,0,feet,0.0,-0.016494533223825325,-0.05423299928413616,-39.20245532563454,63.70001399999999,9.59999498146776,-39.196041817813274,65.90477742429005,0.0,1,2.842170943040401e-14,0.0,-0.01649453322382488,-0.054233005587990935,-39.20245532563459,-63.70001399999998,9.59999498146773,-39.196041817813324,-65.90477742429005,0.0,1,0.0,0.0,0.042798817886676055,-0.11089941521339952,73.07263031687535,63.70001399999999,9.600293225987798,73.08556396798554,63.70001591752033,0.0,1,0.0,0.0,0.042798817886676055,-0.11089941521339952,73.07263031687535,-63.70001399999998,9.600293225987798,73.08556396798554,-63.70001591752033,0.0,1,0.0
0.39166666666666666,391667,prepare_shake,0.0,0.0,78.24440222748743,0.9998750350449014,0.0,0.015808677805470215,0.0,0.0,0.0,78.24440222748743,39.196041817813295,31.356930006026587,0,feet,0.0,-0.017347449070912457,-0.05704340032640953,-39.20665564592783,63.70001399999999,9.599991256451275,-39.196041817813274,65.90477742429005,0.0,1,0.0,0.0,-0.017347449070912013,-0.057043406947634434,-39.20665564592786,-63.70001399999998,9.599991256451275,-39.196041817813324,-65.90477742429005,0.0,1,0.0,0.0,0.04492796473353433,-0.1164852960887659,73.04771701745902,63.70001399999999,9.600227336506876,73.08556396798554,63.70001591752033,0.0,1,-1.4210854715202004e-14,0.0,0.04492796473353433,-0.1164852960887659,73.04771701745902,-63.70001399999998,9.600227336506876,73.08556396798554,-63.70001591752033,0.0,1,-1.4210854715202004e-14
0.4,400000,prepare_shake,0.0,0.0,78.10393308852446,0.999861782057261,0.0,0.0166257866363801,0.0,0.0,0.0,78.10393308852446,39.196041817813295,31.054954496749424,0,feet,0.0,-0.018217736834634124,-0.059912024114645135,-39.21093730247039,63.70001399999999,9.599985567792544,-39.196041817813274,65.90477742429005,0.0,1,1.4210854715202004e-14,0.0,-0.01821773683463368,-0.059912031058911186,-39.210937302470406,-63.70001399999998,9.599985567792544,-39.196041817813324,-65.90477742429005,0.0,1,1.4210854715202004e-14,0.0,0.047091689220969624,-0.12217152185543823,73.02229832585428,63.70001399999999,9.600093476774262,73.08556396798554,63.70001591752033,0.0,1,-1.4210854715202004e-14,0.0,0.047091689220969624,-0.12217152185543823,73.02229832585428,-63.70001399999998,9.600093476774262,73.08556396798554,-63.70001591752033,0.0,1,-1.4210854715202004e-14
0.4083333333333333,408333,prepare_shake,0.0,0.0,77.9603308295615,0.999847543208752,0.0,0.017461109341124992,0.0,0.0,0.0,77.9603308295615,39.196041817813295,30.746373443475612,0,feet,0.0,-0.01910471767987909,-0.06283676860165865,-39.21529671010224,63.70001399999999,9.59997781384996,-39.196041817813274,65.90477742429005,0.0,1,2.842170943040401e-14,0.0,-0.019104717679878203,-0.06283677587435221,-39.215296710102294,-63.70001399999998,9.599977813849932,-39.196041817813324,-65.90477742429005,0.0,1,0.0,0.0,0.0492890607074572,-0.12795431698181448,72.99638525321228,63.70001399999999,9.599955348474296,73.0269645758176,60.014427080345826,0.0,1,1.4210854715202004e-14,0.0,0.0492890607074572,-0.12795431698181448,72.99638525321228,-63.70001399999998,9.599955348474296,73.0269645758176,-60.014427080345826,0.0,1,1.4210854715202004e-14
0.4166666666666667,416667,prepare_shake,0.0,0.0,77.81367882837631,0.9998322817149704,0.0,0.018314159566743867,0.0,0.0,0.0,77.81367882837631,39.196041817813295,30.431374970466464,0,feet,0.0,-0.020007690173556636,-0.06581546479040279,-39.21973018160156,63.70001399999999,9.599967897795793,-39.196041817813274,65.90477742429005,0.0,1,2.842170943040401e-14,0.0,-0.020007690173555748,-0.06581547239662022,-39.21973018160162,-63.70001399999998,9.599967897795793,-39.196041817813324,-65.90477742429005,0.0,1,2.842170943040401e-14,0.0,0.051519422911079804,-0.13383007103121258,72.9699870285499,63.70001399999999,9.599894746769777,72.88181266347326,63.70001591568979,0.0,1,0.0,0.0,0.051519422911079804,-0.13383007103121258,72.9699870285499,-63.70001399999998,9.599894746769777,72.88181266347326,-63.70001591568979,0.0,1,0.0
0.425,425000,prepare_shake,0.0,0.0,77.66406416052446,0.9998159618995226,0.0,0.019184429387721788,0.0,0.0,0.0,77.66406416052446,39.196041817813295,30.110155067780482,0,feet,0.0,-0.020925931863613023,-0.06884588161908445,-39.22423393654121,63.70001399999999,9.599955728113017,-39.196041817813274,65.90477742429005,0.0,1,1.4210854715202004e-14,0.0,-0.020925931863612135,-0.0688458895636268,-39.22423393654125,-63.70001399999998,9.599955728113017,-39.196041817813324,-65.90477742429005,0.0,1,1.4210854715202004e-14,0.0,0.0537839748698814,-0.13979675788118007,72.94310074337034,63.70001399999999,9.60010404313293,72.88181266347326,63.70001591568979,0.0,1,0.0,0.0,0.0537839748698814,-0.13979675788118007,72.94310074337034,-63.70001399999998,9.60010404313293,72.88181266347326,-63.70001591568979,0.0,1,0.0
0.43333333333333335,433333,prepare_shake,0.0,0.0,77.51157745711706,0.9997985493578188,0.0,0.020071390136244312,0.0,0.0,0.0,77.51157745711706,39.196041817813295,29.782917252110536,0,feet,0.0,-0.02185870086334374,-0.07192573079238906,-39.22880411011621,63.70001399999999,9.599941219064405,-39.196041817813274,65.90477742429005,0.0,1,2.842170943040401e-14,0.0,-0.02185870086334285,-0.07192573907975897,-39.22880411011624,-63.70001399999998,9.599941219064405,-39.196041817813324,-65.90477742429005,0.0,1,2.842170943040401e-14,0.0,0.05607471459200353,-0.14584405861595728,72.91578444512933,63.70001399999999,9.600239569186101,72.88181266347326,63.70001591568979,0.0,1,4.263256414560601e-14,0.0,0.05607471459200353,-0.14584405861595728,72.91578444512933,-63.70001399999998,9.600239569186101,72.88181266347326,-63.70001591568979,0.0,1,4.263256414560601e-14
0.44166666666666665,441667,prepare_shake,0.0,0.0,77.35631276259853,0.9997800111192549,0.0,0.020974493233036212,0.0,0.0,0.0,77.35631276259853,39.31224497908608,29.44987222743775,0,feet,0.0,-0.02280436787813711,-0.07505348484684538,-39.23344248326418,63.70001399999999,9.599972084242637,-39.31224497908607,63.70001591896379,0.0,1,1.4210854715202004e-14,0.0,-0.022804367878136222,-0.07505349348133494,-39.233442483264206,-63.70001399999998,9.599972084242665,-39.312244979086095,-63.7000159189638,0.0,1,4.263256414560601e-14,0.0,0.05838946781067644,-0.15196689693167942,72.88805853862584,63.70001399999999,9.600297644175342,72.88181266347326,63.70001591568979,0.0,1,2.842170943040401e-14,0.0,0.05838946781067644,-0.15196689693167942,72.88805853862584,-63.70001399999998,9.600297644175342,72.88181266347326,-63.70001591568979,0.0,1,2.842170943040401e-14
0.45,450000,prepare_shake,0.0,0.0,77.19836739252446,0.9997603158071149,0.0,0.021893171018789015,0.0,0.0,0.0,77.19836739252446,39.31224497908608,29.111237545616646,0,feet,0.0,-0.023762862595658962,-0.07822609040244943,-39.238140433523874,63.70001399999999,9.600009498324098,-39.31224497908607,63.70001591896379,0.0,1,2.842170943040401e-14,0.0,-0.023762862595658518,-0.07822609938797198,-39.23814043352391,-63.70001399999998,9.60000949832407,-39.312244979086095,-63.7000159189638,0.0,1,0.0,0.0,0.06072644358121515,-0.1581605090552376,72.85994122169886,63.70001399999999,9.600297725078121,72.8609332658415,63.70001591546515,0.0,1,1.4210854715202004e-14,0.0,0.06072644358121515,-0.1581605090552376,72.85994122169886,-63.70001399999998,9.600297725078121,72.8609332658415,-63.700015915465144,0.0,1,1.4210854715202004e-14
0.4583333333333333,458333,prepare_shake,0.0,0.0,77.03784179133928,0.9997394337955336,0.0,0.022826837586177633,0.0,0.0,0.0,77.03784179133928,39.31224497908608,28.76723726700751,0,feet,0.0,-0.024733547264717437,-0.08144097258069571,-39.24289288209357,63.70001399999999,9.600045007093925,-39.31224497908607,63.70001591896379,0.0,1,4.263256414560601e-14,0.0,-0.024733547264716993,-0.08144098192084348,-39.2428928820936,-63.70001399999998,9.600045007093897,-39.312244979086095,-63.7000159189638,0.0,1,1.4210854715202004e-14,0.0,0.06308373096043374,-0.1644199940518818,72.83145165512839,63.70001399999999,9.600252508602125,72.8609332658415,63.70001591546515,0.0,1,0.0,0.0,0.06308373096043374,-0.1644199940518818,72.83145165512839,-63.70001399999998,9.600252508602125,72.8609332658415,-63.700015915465144,0.0,1,0.0
0.4666666666666667,466667,prepare_shake,0.0,0.0,76.8748393901541,0.9997173373628744,0.0,0.023774889612461256,0.0,0.0,0.0,76.8748393901541,39.31224497908608,28.418101621273976,0,feet,0.0,-0.0257156190600627,-0.08469566009122831,-39.24769570810547,63.70001399999999,9.60007850192909,-39.31224497908607,63.70001591896379,0.0,1,-1.4210854715202004e-14,0.0,-0.025715619060061812,-0.08469566978928889,-39.24769570810547,-63.70001399999998,9.600078501929119,-39.312244979086095,-63.7000159189638,0.0,1,1.4210854715202004e-14,0.0,0.06545850426344568,-0.17073963196829656,72.80261538864019,63.70001399999999,9.600120646090389,72.8609332658415,63.70001591546515,0.0,1,2.842170943040401e-14,0.0,0.06545850426344568,-0.17073963196829656,72.80261538864019,-63.70001399999998,9.600120646090389,72.8609332658415,-63.700015915465144,0.0,1,2.842170943040401e-14
0.475,475000,prepare_shake,0.0,0.0,76.70946646452447,0.9996940008408897,0.0,0.02473670719265893,0.0,0.0,0.0,76.70946646452447,39.31224497908608,28.06406666846471,0,feet,0.0,-0.026708263641711305,-0.08798764751077703,-39.252544749330795,63.70001399999999,9.600109881358293,-39.31224497908607,63.70001591896379,0.0,1,2.842170943040401e-14,0.0,-0.02670826364171086,-0.08798765756972804,-39.25254474933083,-63.70001399999998,9.600109881358279,-39.312244979086095,-63.7000159189638,0.0,1,1.4210854715202004e-14,0.0,0.06784972499713415,-0.17711526584545423,72.77344656550048,63.70001399999999,9.599966603994346,72.74716231741724,66.08449162208595,0.0,1,5.684341886080802e-14,0.0,0.06784972499713415,-0.17711526584545423,72.77344656550048,-63.70001399999998,9.599966603994346,72.74716231741724,-66.08449162208595,0.0,1,5.684341886080802e-14
0.48333333333333334,483333,prepare_shake,0.0,0.0,76.54183199222817,0.9996694007590518,0.0,0.02571165467328556,0.0,0.0,0.0,76.54183199222817,39.31224497908608,27.70537396049906,0,feet,0.0,-0.027710656716669835,-0.09131439964634636,-39.25743581050648,63.70001399999999,9.60013905142138,-39.31224497908607,63.70001591896379,0.0,1,4.263256414560601e-14,0.0,-0.02771065671666939,-0.09131441006886298,-39.257435810506514,-63.70001399999998,9.600139051421351,-39.312244979086095,-63.7000159189638,0.0,1,1.4210854715202004e-14,0.0,0.07025882361312208,-0.1835448454642834,72.74394287645794,63.70001399999999,9.60000204659886,72.74716231741724,66.08449162208595,0.0,1,-2.842170943040401e-14,0.0,0.07025882361312208,-0.1835448454642834,72.74394287645794,-63.70001399999998,9.60000204659886,72.74716231741724,-66.08449162208595,0.0,1,-2.842170943040401e-14
0.49166666666666664,491667,prepare_shake,0.0,0.0,76.37204751104298,0.9996435159834581,0.0,0.02669908148662891,0.0,0.0,0.0,76.37204751104298,39.31224497908608,27.342270203177435,0,feet,0.0,-0.02872196558832929,-0.09467335580036629,-39.26236467152343,63.70001399999999,9.600165925988108,-39.31224497908607,63.70001591896379,0.0,1,1.4210854715202004e-14,0.0,-0.028721965588328846,-0.09467336658881553,-39.26236467152345,-63.70001399999998,9.600165925988108,-39.312244979086095,-63.7000159189638,0.0,1,1.4210854715202004e-14,0.0,0.07267897738873641,-0.19001912129441,72.7141566232911,63.70001399999999,9.599945847954473,72.74716231741724,66.08449162208595,0.0,1,0.0,0.0,0.07267897738873641,-0.19001912129441,72.7141566232911,-63.70001399999998,9.599945847954473,72.74716231741724,-66.08449162208595,0.0,1,0.0
0.5,500000,prepare_shake,0.0,0.0,76.20022697652446,0.9996163278497349,0.0,0.027698322985543356,0.0,0.0,0.0,76.20022697652446,39.31224497908608,26.975006918837074,0,feet,0.0,-0.029741350690966506,-0.09806193393365614,-39.26732709546371,63.70001399999999,9.600190427034093,-39.31224497908607,63.70001591896379,0.0,1,4.263256414560601e-14,0.0,-0.029741350690966062,-0.09806194509010169,-39.26732709546377,-63.70001399999998,9.60019042703405,-39.312244979086095,-63.7000159189638,0.0,1,0.0,0.0,0.07510806185323249,-0.19653298314813883,72.68410984821261,63.70001399999999,9.59979552103222,72.74716231741724,66.08449162208595,0.0,1,0.0,0.0,0.07510806185323249,-0.19653298314813883,72.68410984821261,-63.70001399999998,9.59979552103222,72.74716231741724,-66.08449162208595,0.0,1,0.0
0.5083333333333333,508333,prepare_shake,0.0,0.0,76.02648661978373,0.9995878202893873,0.0,0.02870870127873161,0.0,0.0,0.0,76.02648661978373,39.31224497908608,26.60384010977414,0,feet,0.0,-0.03076796710680174,-0.10147753472261334,-39.27231883647339,63.70001399999999,9.600212484873538,-39.31224497908607,63.70001591896379,0.0,1,1.4210854715202004e-14,0.0,-0.030767967106801297,-0.10147754624881822,-39.27231883647342,-63.70001399999998,9.600212484873538,-39.312244979086095,-63.7000159189638,0.0,1,1.4210854715202004e-14,0.0,0.07754931985198565,-0.20308594338412744,72.65378976370374,63.70001399999999,9.599871538751444,72.60351260288206,66.67061985496431,0.0,1,0.0,0.0,0.07754931985198565,-0.20308594338412744,72.65378976370374,-63.70001399999998,9.599871538751444,72.60351260288206,-66.67061985496431,0.0,1,0.0
0.5166666666666667,516667,prepare_shake,0.0,0.0,75.8509448052652,0.9995579799490685,0.0,0.02972952606648067,0.0,0.0,0.0,75.8509448052652,39.31224497908608,26.229029922552215,0,feet,0.0,-0.03180096606309313,-0.10491754550758037,-39.27733564745771,63.70001399999999,9.600232038349404,-39.31224497908607,63.70001591896379,0.0,1,-1.4210854715202004e-14,0.0,-0.03180096606309224,-0.10491755740500608,-39.27733564745774,-63.70001399999998,9.600232038349432,-39.312244979086095,-63.7000159189638,0.0,1,1.4210854715202004e-14,0.0,0.07999753904442075,-0.2096701584904963,72.62323777072304,63.70001399999999,9.599982930775596,72.60351260288206,66.67061985496431,0.0,1,-5.684341886080802e-14,0.0,0.07999753904442075,-0.2096701584904963,72.62323777072304,-63.70001399999998,9.599982930775596,72.60351260288206,-66.67061985496431,0.0,1,-5.684341886080802e-14
0.525,525000,prepare_shake,0.0,0.0,75.67372188852447,0.9995267963022588,0.0,0.030760095476813822,0.0,0.0,0.0,75.67372188852447,39.31224497908608,25.85084031331725,0,feet,0.0,-0.03283949640675754,-0.10837934412983863,-39.282373287587994,63.70001399999999,9.60024903497991,-39.31224497908607,63.70001591896379,0.0,1,1.4210854715202004e-14,0.0,-0.032839496406757096,-0.10837935639964735,-39.282373287588044,-63.70001399999998,9.600249034979882,-39.312244979086095,-63.7000159189638,0.0,1,-1.4210854715202004e-14,0.0,0.08244856709312653,-0.2162788093651682,72.59249013380659,63.70001399999999,9.600001481572818,72.58738744893391,65.48333347776813,0.0,1,2.842170943040401e-14,0.0,0.08244856709312653,-0.2162788093651682,72.59249013380659,-63.70001399999998,9.600001481572818,72.58738744893391,-65.48333347776813,0.0,1,2.842170943040401e-14
0.5333333333333333,533333,prepare_shake,0.0,0.0,75.49494007400594,0.9994942617528827,0.0,0.03179969690201625,0.0,0.0,0.0,75.49494007400594,39.31224497908608,25.469538714236478,0,feet,0.0,-0.03388270605406918,-0.11186030265519697,-39.287427529608166,63.70001399999999,9.600263431062032,-39.31224497908607,63.70001591896379,0.0,1,0.0,0.0,-0.03388270605406918,-0.1118603152982609,-39.287427529608166,-63.70001399999998,9.600263431062032,-39.312244979086095,-63.7000159189638,0.0,1,0.0,0.0,0.08490348812593096,-0.22290955905418075,72.56154883024647,63.70001399999999,9.600114435861798,72.50216298320484,63.700015910542625,0.0,1,2.842170943040401e-14,0.0,0.08490348812593096,-0.22290955905418075,72.56154883024647,-63.70001399999998,9.600114435861798,72.50216298320484,-63.70001591054262,0.0,1,2.842170943040401e-14
0.5416666666666666,541667,prepare_shake,0.0,0.0,75.31472327282076,0.9994603717304084,0.0,0.0328476078354875,0.0,0.0,0.0,75.31472327282076,39.31224497908608,25.08539570117882,0,feet,0.0,-0.034929743413024905,-0.11535779098265397,-39.292494166930396,63.70001399999999,9.600275191733033,-39.31224497908607,63.70001591896379,0.0,1,1.4210854715202004e-14,0.0,-0.03492974341302446,-0.11535780399955176,-39.29249416693041,-63.70001399999998,9.600275191733033,-39.312244979086095,-63.7000159189638,0.0,1,1.4210854715202004e-14,0.0,0.08735926454222875,-0.22955653883810756,72.5304422998966,63.70001399999999,9.600256462236729,72.50216298320484,63.700015910542625,0.0,1,1.4210854715202004e-14,0.0,0.08735926454222875,-0.22955653883810756,72.5304422998966,-63.70001399999998,9.600256462236729,72.50216298320484,-63.70001591054262,0.0,1,1.4210854715202004e-14
0.55,550000,prepare_shake,0.0,0.0,75.13319696052446,0.9994251247760129,0.0,0.033903096708870706,0.0,0.0,0.0,75.13319696052446,39.31224497908608,24.69868466275051,0,feet,0.0,-0.03597975877602044,-0.1188691803370383,-39.2975690205106,63.70001399999999,9.600284290989805,-39.31224497908607,63.70001591896379,0.0,1,1.4210854715202004e-14,0.0,-0.035979758776019555,-0.1188691937280626,-39.29756902051062,-63.70001399999998,9.600284290989833,-39.312244979086095,-63.7000159189638,0.0,1,4.263256414560601e-14,0.0,0.08981183329851783,-0.2362130875553694,72.49920665716243,63.70001399999999,9.600297657917025,72.50216298320484,63.700015910542625,0.0,1,2.842170943040401e-14,0.0,0.08981183329851783,-0.2362130875553694,72.49920665716243,-63.70001399999998,9.600297657917025,72.50216298320484,-63.70001591054262,0.0,1,2.842170943040401e-14
0.5583333333333333,558333,prepare_shake,0.0,0.0,74.95048803489483,0.9993885226194181,0.0,0.03496542372940384,0.0,0.0,0.0,74.95048803489483,39.31224497908608,24.3096814707988,0,feet,0.0,-0.03703190568055925,-0.12239184664502867,-39.302647945493945,63.70001399999999,9.60029071166764,-39.31224497908607,63.70001591896379,0.0,1,1.4210854715202004e-14,0.0,-0.03703190568055881,-0.12239186041019012,-39.30264794549394,-63.70001399999998,9.600290711667668,-39.312244979086095,-63.7000159189638,0.0,1,4.263256414560601e-14,0.0,0.09225928478174295,-0.24287440575894603,72.46786413889743,63.70001399999999,9.600236843419566,72.50216298320484,63.700015910542625,0.0,1,4.263256414560601e-14,0.0,0.09225928478174295,-0.24287440575894603,72.46786413889743,-63.70001399999998,9.600236843419566,72.50216298320484,-63.70001591054262,0.0,1,4.263256414560601e-14
0.5666666666666667,566667,prepare_shake,0.0,0.0,74.76672467370965,0.9993505702460387,0.0,0.03603384171743635,0.0,0.0,0.0,74.76672467370965,39.31224497908608,23.91866415249227,0,feet,0.0,-0.03808534223578386,-0.12592317379437246,-39.30772683762197,63.70001399999999,9.600294445379447,-39.31224497908607,63.70001591896379,0.0,1,1.4210854715202004e-14,0.0,-0.038085342235783415,-0.1259231879334033,-39.307726837621985,-63.70001399999998,9.600294445379447,-39.312244979086095,-63.7000159189638,0.0,1,1.4210854715202004e-14,0.0,0.09470108152726953,-0.2495368681926915,72.43642824158962,63.70001399999999,9.60015526368801,72.38439424879857,63.700015908487444,0.0,1,7.105427357601002e-14,0.0,0.09470108152726953,-0.2495368681926915,72.43642824158962,-63.70001399999998,9.60015526368801,72.38439424879857,-63.700015908487444,0.0,1,7.105427357601002e-14
0.575,575000,prepare_shake,0.0,0.0,74.58203619252447,0.9993112759541133,0.0,0.03710759694405068,0.0,0.0,0.0,74.58203619252447,39.31224497908608,23.525912564083924,0,feet,0.0,-0.03913923241270423,-0.12946055677652657,-39.312801639394024,63.70001399999999,9.600295492416663,-39.31224497908607,63.70001591896379,0.0,1,5.684341886080802e-14,0.0,-0.03913923241270423,-0.12946057128888588,-39.31280163939405,-63.70001399999998,9.600295492416606,-39.312244979086095,-63.7000159189638,0.0,1,0.0,0.0,0.09713899079370991,-0.25619874925914,72.40489696439757,63.70001399999999,9.600274384723278,72.38439424879857,63.700015908487444,0.0,1,0.0,0.0,0.09713899079370991,-0.25619874925914,72.40489696439757,-63.70001399999998,9.600274384723278,72.38439424879857,-63.700015908487444,0.0,1,0.0
0.5833333333333334,583333,prepare_shake,0.0,0.0,74.3965529024504,0.9992706514015227,0.0,0.03818592996872573,0.0,0.0,0.0,74.3965529024504,39.32671321414108,23.13170806645865,0,feet,0.0,-0.04019261151973419,-0.1330015268077669,-39.31786923607959,63.70001399999999,9.600301414250993,-39.326713214141066,63.700015918920016,0.0,1,0.0,0.0,-0.0401926115197333,-0.13300154169265932,-39.31786923607958,-63.70001399999998,9.60030141425105,-39.32671321414109,-63.700015918920016,0.0,1,5.684341886080802e-14,0.0,0.09956629943333661,-0.2628513136036772,72.3733241413184,63.70001399999999,9.600289895416793,72.38439424879857,63.700015908487444,0.0,1,1.4210854715202004e-14,0.0,0.09956629943333661,-0.2628513136036772,72.3733241413184,-63.70001399999998,9.600289895416793,72.38439424879857,-63.700015908487444,0.0,1,1.4210854715202004e-14
0.5916666666666667,591667,prepare_shake,0.0,0.0,74.21040596793188,0.9992287116420335,0.0,0.03926807647697786,0.0,0.0,0.0,74.21040596793188,39.32671321414108,22.736333202563046,0,feet,0.0,-0.041244793664796386,-0.1365433881610305,-39.322924802357726,63.70001399999999,9.600304740389944,-39.326713214141066,63.700015918920016,0.0,1,0.0,0.0,-0.04124479366479594,-0.1365434034173827,-39.32292480235774,-63.70001399999998,9.600304740389944,-39.32671321414109,-63.700015918920016,0.0,1,0.0,0.0,0.10198126942440977,-0.26949003828144935,72.34173163299711,63.70001399999999,9.600201483538513,72.38439424879857,63.700015908487444,0.0,1,5.684341886080802e-14,0.0,0.10198126942440977,-0.26949003828144935,72.34173163299711,-63.70001399999998,9.600201483538513,72.38439424879857,-63.700015908487444,0.0,1,5.684341886080802e-14
0.6,600000,prepare_shake,0.0,0.0,74.02372726452447,0.9991854751507369,0.0,0.04035326811791252,0.0,0.0,0.0,74.02372726452447,39.32671321414108,22.34007137680991,0,feet,0.0,-0.04229496940348243,-0.14008358541354715,-39.3279644429608,63.70001399999999,9.600305406331813,-39.326713214141066,63.700015918920016,0.0,1,0.0,0.0,-0.04229496940348154,-0.1400836010400286,-39.327964442960834,-63.70001399999998,9.600305406331842,-39.32671321414109,-63.700015918920016,0.0,1,2.842170943040401e-14,0.0,0.10438221007727178,-0.2761104775726322,72.31014115473296,63.70001399999999,9.600009119857276,72.38439424879857,63.700015908487444,0.0,1,1.4210854715202004e-14,0.0,0.10438221007727178,-0.2761104775726322,72.31014115473296,-63.70001399999998,9.600009119857276,72.38439424879857,-63.700015908487444,0.0,1,1.4210854715202004e-14
0.6083333333333333,608333,prepare_shake,0.0,0.0,73.83664923667261,0.999140963838491,0.0,0.04144073334161867,0.0,0.0,0.0,73.83664923667261,39.32671321414108,21.94320653654553,0,feet,0.0,-0.043342338362994504,-0.14361958701233313,-39.332984343154216,63.70001399999999,9.600303439650162,-39.326713214141066,63.700015918920016,0.0,1,1.4210854715202004e-14,0.0,-0.04334233836299406,-0.14361960300736198,-39.332984343154244,-63.70001399999998,9.600303439650162,-39.32671321414109,-63.700015918920016,0.0,1,1.4210854715202004e-14,0.0,0.10677206730119826,-0.2827120065392523,72.27854445293657,63.70001399999999,9.600000458380265,72.28170969869619,67.46548831858426,0.0,1,-2.842170943040401e-14,0.0,0.10677206730119826,-0.2827120065392523,72.27854445293657,-63.70001399999998,9.600000458380265,72.28170969869619,-67.46548831858426,0.0,1,-2.842170943040401e-14
0.6166666666666667,616667,prepare_shake,0.0,0.0,73.64930475548742,0.9990952030552074,0.0,0.04252969823633744,0.0,0.0,0.0,73.64930475548742,39.32671321414108,21.545639606488507,0,feet,0.0,-0.04438611186945929,-0.14714888651099578,-39.33798076186335,63.70001399999999,9.600298875701014,-39.326713214141066,63.700015918920016,0.0,1,1.4210854715202004e-14,0.0,-0.044386111869458844,-0.14714890287274507,-39.33798076186336,-63.70001399999998,9.600298875701014,-39.32671321414109,-63.700015918920016,0.0,1,1.4210854715202004e-14,0.0,0.10914643127644297,-0.2892879612930841,72.24698009206935,63.70001399999999,9.599999705337368,72.2476749281578,67.46700275270982,0.0,1,2.842170943040401e-14,0.0,0.10914643127644297,-0.2892879612930841,72.24698009206935,-63.70001399999998,9.599999705337368,72.2476749281578,-67.46700275270982,0.0,1,2.842170943040401e-14
0.625,625000,prepare_shake,0.0,0.0,73.46182697652446,0.9990482215818578,0.0,0.043619387365336,0.0,0.0,0.0,73.46182697652446,39.32671321414108,21.148036635611156,0,feet,0.0,-0.04542551398158334,-0.15066900503813407,-39.342950036237184,63.70001399999999,9.600291757338738,-39.326713214141066,63.700015918920016,0.0,1,2.1316282072803006e-14,0.0,-0.0454255139815829,-0.150669021764533,-39.34295003623721,-63.70001399999998,9.600291757338738,-39.32671321414109,-63.700015918920016,0.0,1,2.1316282072803006e-14,0.0,0.11150313629435393,-0.2958336191356108,72.21547332957641,63.70001399999999,9.599969309114627,72.19265808797219,65.4658392688918,0.0,1,2.842170943040401e-14,0.0,0.11150313629435393,-0.2958336191356108,72.21547332957641,-63.70001399999998,9.599969309114627,72.19265808797219,-65.4658392688918,0.0,1,2.842170943040401e-14
0.6333333333333333,633333,prepare_shake,0.0,0.0,73.2743491975615,0.9990000516111153,0.0,0.04470902460341775,0.0,0.0,0.0,73.2743491975615,39.32671321414108,20.750682600805533,0,feet,0.0,-0.04645978247629756,-0.15417749366045586,-39.34788858593209,63.70001399999999,9.600282134606616,-39.326713214141066,63.700015918920016,0.0,1,0.0,0.0,-0.04645978247629712,-0.15417751074920316,-39.34788858593211,-63.70001399999998,9.600282134606623,-39.32671321414109,-63.700015918920016,0.0,1,7.105427357601002e-15,0.0,0.11384216111042056,-0.30234602628888485,72.18403535741493,63.70001399999999,9.600003344028515,72.18213068733735,65.46633517931168,0.0,1,2.1316282072803006e-14,0.0,0.11384216111042056,-0.30234602628888485,72.18403535741493,-63.70001399999998,9.600003344028515,72.18213068733735,-65.46633517931168,0.0,1,2.1316282072803006e-14
0.6416666666666667,641667,prepare_shake,0.0,0.0,73.08700471637631,0.9989507287165776,0.0,0.045797833973000426,0.0,0.0,0.0,73.08700471637631,39.32671321414108,20.353860755042056,0,feet,0.0,-0.047488169785258716,-0.15767193564338156,-39.352792917113646,63.70001399999999,9.60027006440496,-39.326713214141066,63.700015918920016,0.0,1,-2.1316282072803006e-14,0.0,-0.04748816978525827,-0.15767195309194548,-39.35279291711366,-63.70001399999998,9.60027006440496,-39.32671321414109,-63.700015918920016,0.0,1,-2.1316282072803006e-14,0.0,0.11616036477154301,-0.30881975597330547,72.15269776082152,63.70001399999999,9.599996322810895,72.14209220253879,65.47797763449199,0.0,1,0.0,0.0,0.11616036477154301,-0.30881975597330547,72.15269776082152,-63.70001399999998,9.599996322810895,72.14209220253879,-65.47797763449199,0.0,1,0.0
0.65,650000,prepare_shake,0.0,0.0,72.89992668852446,0.9989002918105577,0.0,0.0468850404796951,0.0,0.0,0.0,72.89992668852446,39.32671321414108,19.9578533348312,0,feet,0.0,-0.0485099438812453,-0.16114994861207643,-39.3576596261755,63.70001399999999,9.600255610138689,-39.326713214141066,63.700015918920016,0.0,1,-1.4210854715202004e-14,0.0,-0.0485099438812453,-0.16114996641770318,-39.35765962617547,-63.70001399999998,9.600255610138717,-39.32671321414109,-63.700015918920016,0.0,1,1.4210854715202004e-14,0.0,0.11845834597070848,-0.315252434399814,72.12146794712345,63.70001399999999,9.60007598620031,72.05556449541467,63.70001590160536,0.0,1,3.552713678800501e-14,0.0,0.11845834597070848,-0.315252434399814,72.12146794712345,-63.70001399999998,9.60007598620031,72.05556449541467,-63.700015901605354,0.0,1,3.552713678800501e-14
0.6583333333333333,658333,prepare_shake,0.0,0.0,72.71324798511705,0.9988487830904623,0.0,0.04796987094732045,0.0,0.0,0.0,72.71324798511705,39.32671321414108,19.562941255254813,0,feet,0.0,-0.04952438911363677,-0.16460918661607904,-39.362485403175285,63.70001399999999,9.6002388413471,-39.326713214141066,63.700015918920016,0.0,1,2.1316282072803006e-14,0.0,-0.049524389113636325,-0.16460920477580032,-39.3624854031753,-63.70001399999998,9.600238841347128,-39.32671321414109,-63.700015918920016,0.0,1,4.973799150320701e-14,0.0,0.12073468440171942,-0.3216400905187262,72.0903661407906,63.70001399999999,9.600239114274515,72.05556449541467,63.70001590160536,0.0,1,4.263256414560601e-14,0.0,0.12073468440171942,-0.3216400905187262,72.0903661407906,-63.70001399999998,9.600239114274515,72.05556449541467,-63.700015901605354,0.0,1,4.263256414560601e-14
0.6666666666666666,666667,prepare_shake,0.0,0.0,72.52710105059853,0.9987962479738162,0.0,0.04905155485228865,0.0,0.0,0.0,72.52710105059853,39.32671321414108,19.16940380749152,0,feet,0.0,-0.050530806992351796,-0.168047342100889,-39.3672670349878,63.70001399999999,9.60021983331795,-39.326713214141066,63.700015918920016,0.0,1,-4.263256414560601e-14,0.0,-0.050530806992351796,-0.1680473606115256,-39.36726703498778,-63.70001399999998,9.60021983331798,-39.32671321414109,-63.700015918920016,0.0,1,-1.4210854715202004e-14,0.0,0.12298516024371953,-0.3279766104976658,72.0594313096614,63.70001399999999,9.600301414722026,72.05556449541467,63.70001590160536,0.0,1,-1.4210854715202004e-14,0.0,0.12298516024371953,-0.3279766104976658,72.0594313096614,-63.70001399999998,9.600301414722026,72.05556449541467,-63.700015901605354,0.0,1,-1.4210854715202004e-14
0.675,675000,prepare_shake,0.0,0.0,72.34161776052446,0.9987427350220244,0.0,0.05012932515730198,0.0,0.0,0.0,72.34161776052446,39.32671321414108,18.777518358866793,0,feet,0.0,-0.05152851691978855,-0.17146214779001134,-39.372001408176196,63.70001399999999,9.60019866668911,-39.326713214141066,63.700015918920016,0.0,1,4.263256414560601e-14,0.0,-0.05152851691978855,-0.17146216664818148,-39.372001408176224,-63.70001399999998,9.600198666689082,-39.32671321414109,-63.700015918920016,0.0,1,1.4210854715202004e-14,0.0,0.12520853546289645,-0.3342583232005212,72.0286832791148,63.70001399999999,9.600264559165957,72.05556449541467,63.70001590160536,0.0,1,7.105427357601002e-14,0.0,0.12520853546289645,-0.3342583232005212,72.0286832791148,-63.70001399999998,9.600264559165957,72.05556449541467,-63.700015901605354,0.0,1,7.105427357601002e-14
0.6833333333333333,683333,prepare_shake,0.0,0.0,72.15692927933928,0.998688295853001,0.0,0.05120241914430198,0.0,0.0,0.0,72.15692927933928,39.32671321414108,18.387560055450145,0,feet,0.0,-0.052516856870492123,-0.1748513784811241,-39.37668551158492,63.70001399999999,9.600175427038074,-39.326713214141066,63.700015918920016,0.0,1,0.0,0.0,-0.05251685687049168,-0.17485139768324887,-39.376685511584945,-63.70001399999998,9.600175427038081,-39.32671321414109,-63.700015918920016,0.0,1,7.105427357601002e-15,0.0,0.12740591760724307,-0.34048344810590203,71.99812677733922,63.70001399999999,9.60027759617001,71.99721101728635,63.70001590020452,0.0,1,1.4210854715202004e-14,0.0,0.12740591760724307,-0.34048344810590203,71.99812677733922,-63.70001399999998,9.60027759617001,71.99721101728635,-63.70001590020452,0.0,1,1.4210854715202004e-14
0.6916666666666667,691667,prepare_shake,0.0,0.0,71.9731659181541,0.9986329850428296,0.0,0.05227007924661676,0.0,0.0,0.0,71.9731659181541,39.32671321414108,17.999801527212234,0,feet,0.0,-0.053495184018466535,-0.17821285276019028,-39.381316438654494,63.70001399999999,9.600150204465074,-39.326713214141066,63.700015918920016,0.0,1,2.842170943040401e-14,0.0,-0.05349518401846565,-0.17821287230250205,-39.381316438654565,-63.70001399999998,9.600150204465052,-39.32671321414109,-63.700015918920016,0.0,1,7.105427357601002e-15,0.0,0.12957446128164252,-0.3466471172772949,71.96779156238068,63.70001399999999,9.60023256269421,71.99721101728635,63.70001590020452,0.0,1,6.394884621840902e-14,0.0,0.12957446128164252,-0.3466471172772949,71.96779156238068,-63.70001399999998,9.60023256269421,71.99721101728635,-63.70001590020452,0.0,1,6.394884621840902e-14
0.7,700000,prepare_shake,0.0,0.0,71.79045699252447,0.9985768600166526,0.0,0.05333155388025565,0.0,0.0,0.0,71.79045699252447,39.32671321414108,17.614512595745964,0,feet,0.0,-0.05446287531222449,-0.1815444346374111,-39.38589138946492,63.70001399999999,9.600123093168264,-39.326713214141066,63.700015918920016,0.0,1,-1.4210854715202004e-14,0.0,-0.0544628753122236,-0.18154445451595702,-39.38589138946495,-63.70001399999998,9.600123093168293,-39.32671321414109,-63.700015918920016,0.0,1,1.4210854715202004e-14,0.0,0.1317154052875238,-0.3527477422779626,71.9376817612848,63.70001399999999,9.600281807335136,71.91875444251042,63.70001589824611,0.0,1,-7.105427357601002e-15,0.0,0.1317154052875238,-0.3527477422779626,71.9376817612848,-63.70001399999998,9.600281807335136,71.91875444251042,-63.70001589824611,0.0,1,-7.105427357601002e-15
0.7083333333333334,708333,prepare_shake,0.0,0.0,71.60893068022817,0.9985199809290236,0.0,0.05438609827430474,0.0,0.0,0.0,71.60893068022817,39.32671321414108,17.231959984545526,0,feet,0.0,-0.05541932799788141,-0.18484403510907566,-39.39040767250902,63.70001399999999,9.600094191016609,-39.326713214141066,63.700015918920016,0.0,1,7.105427357601002e-15,0.0,-0.05541932799788096,-0.18484405531972437,-39.39040767250905,-63.70001399999998,9.600094191016609,-39.32671321414109,-63.700015918920016,0.0,1,7.105427357601002e-15,0.0,0.1338256544950358,-0.3587803688311748,71.90782864115201,63.70001399999999,9.600294248121315,71.91875444251042,63.70001589824611,0.0,1,2.1316282072803006e-14,0.0,0.1338256544950358,-0.3587803688311748,71.90782864115201,-63.70001399999998,9.600294248121315,71.91875444251042,-63.70001589824611,0.0,1,2.1316282072803006e-14
0.7166666666666667,716667,prepare_shake,0.0,0.0,71.42871387904297,0.9984624105339907,0.0,0.055432975300381694,0.0,0.0,0.0,71.42871387904297,39.32671321414108,16.852407031828378,0,feet,0.0,-0.05636396009076483,-0.18810961364942047,-39.39486270620361,63.70001399999999,9.600063599120055,-39.326713214141066,63.700015918920016,0.0,1,4.263256414560601e-14,0.0,-0.05636396009076439,-0.18810963418787185,-39.39486270620364,-63.70001399999998,9.600063599120027,-39.32671321414109,-63.700015918920016,0.0,1,1.4210854715202004e-14,0.0,0.1359045580873861,-0.3647420443466216,71.87824859529707,63.70001399999999,9.600294237147068,71.8668093486861,63.700015896894804,0.0,1,-2.842170943040401e-14,0.0,0.1359045580873861,-0.3647420443466216,71.87824859529707,-63.70001399999998,9.600294237147068,71.8668093486861,-63.7000158968948,0.0,1,-2.842170943040401e-14
0.725,725000,prepare_shake,0.0,0.0,71.24993206452446,0.998404214045209,0.0,0.056471456301112784,0.0,0.0,0.0,71.24993206452446,39.32671321414108,16.47611340587465,0,feet,0.0,-0.05729621079623781,-0.19133917963672875,-39.39925402014238,63.70001399999999,9.6000314214008,-39.326713214141066,63.700015918920016,0.0,1,2.842170943040401e-14,0.0,-0.05729621079623781,-0.19133920049851572,-39.39925402014239,-63.70001399999998,9.600031421400779,-39.32671321414109,-63.700015918920016,0.0,1,7.105427357601002e-15,0.0,0.13795119188061777,-0.37062963800251136,71.84895925332148,63.70001399999999,9.600284457778237,71.8668093486861,63.700015896894804,0.0,1,7.105427357601002e-15,0.0,0.13795119188061777,-0.37062963800251136,71.84895925332148,-63.70001399999998,9.600284457778237,71.8668093486861,-63.7000158968948,0.0,1,7.105427357601002e-15
0.7333333333333333,733333,prepare_shake,0.0,0.0,71.07270914778373,0.9983454589864174,0.0,0.05750082191760148,0.0,0.0,0.0,71.07270914778373,39.32671321414108,16.10333482284868,0,feet,0.0,-0.05821554088060665,-0.19453079371794857,-39.40357925609849,63.70001399999999,9.599997764166986,-39.326713214141066,63.700015918920016,0.0,1,-7.105427357601002e-15,0.0,-0.05821554088060621,-0.1945308148984486,-39.40357925609849,-63.70001399999998,9.599997764167014,-39.32671321414109,-63.700015918920016,0.0,1,2.1316282072803006e-14,0.0,0.1399650982872278,-0.37644044736831983,71.81997559625223,63.70001399999999,9.600295404471439,71.81948626989885,63.70001589562644,0.0,1,0.0,0.0,0.1399650982872287,-0.37644044736831983,71.8199755962522,-63.70001399999998,9.600295404471453,71.81948626989882,-63.70001589562645,0.0,1,1.4210854715202004e-14
0.7416666666666667,741667,prepare_shake,0.0,0.0,70.8971673332652,0.9982862150326407,0.0,0.05852036291586207,0.0,0.0,0.0,70.8971673332652,39.32671321414108,15.734322767057826,0,feet,0.0,-0.05912143299318773,-0.1976825691162052,-39.40783616878399,63.70001399999999,9.599962735690596,-39.326713214141066,63.700015918920016,0.0,1,2.842170943040401e-14,0.0,-0.059121432993187284,-0.19768259061064075,-39.407836168784,-63.70001399999998,9.599962735690596,-39.32671321414109,-63.700015918920016,0.0,1,2.842170943040401e-14,0.0,0.1419442898459473,-0.38217064113376553,71.7913220136436,63.70001399999999,9.600254104305016,71.81948626989885,63.70001589562644,0.0,1,-7.105427357601002e-15,0.0,0.1419442898459473,-0.38217064113376553,71.7913220136436,-63.70001399999998,9.600254104305016,71.81948626989882,-63.70001589562645,0.0,1,-7.105427357601002e-15
0.75,750000,prepare_shake,0.0,0.0,70.72342697652446,0.9982265538425155,0.0,0.059529381012199206,0.0,0.0,0.0,70.72342697652446,39.44026715107389,15.369324213592996,0,feet,0.0,-0.06001285099947129,-0.20079313644007613,-39.4120261461657,63.70001399999999,9.59995693829434,-39.44026715107388,60.74619282880431,0.0,1,4.263256414560601e-14,0.0,-0.06001285099947129,-0.20079315824357158,-39.41202614616574,-63.70001399999998,9.59995693829432,-39.4402671510739,-60.74619282880431,0.0,1,2.1316282072803006e-14,0.0,0.1438900501995346,-0.38781896413564976,71.76300229992428,63.70001399999999,9.600298456916192,71.7619848551036,63.700015894040135,0.0,1,-5.684341886080802e-14,0.0,0.1438900501995346,-0.38781896413564976,71.76300229992428,-63.70001399999998,9.600298456916192,71.7619848551036,-63.700015894040135,0.0,1,-5.684341886080802e-14
0.7583333333333333,758333,prepare_shake,0.0,0.0,70.55160644200595,0.9981665488821595,0.0,0.060527189697519614,0.0,0.0,0.0,70.55160644200595,39.44026715107389,15.008581353285507,0,feet,0.0,-0.06088954085329945,-0.2038605269719267,-39.416145761459745,63.70001399999999,9.59996817338613,-39.44026715107388,60.74619282880431,0.0,1,2.842170943040401e-14,0.0,-0.06088954085329901,-0.20386054907944873,-39.41614576145976,-63.70001399999998,9.59996817338613,-39.4402671510739,-60.74619282880431,0.0,1,2.842170943040401e-14,0.0,0.14579904584250647,-0.3933806794768899,71.73504923529322,63.70001399999999,9.60026072403491,71.7619848551036,63.700015894040135,0.0,1,-2.842170943040401e-14,0.0,0.14579904584250647,-0.3933806794768899,71.73504923529322,-63.70001399999998,9.60026072403491,71.7619848551036,-63.700015894040135,0.0,1,-2.842170943040401e-14
0.7666666666666667,766667,prepare_shake,0.0,0.0,70.38182196082076,0.9981062752410412,0.0,0.06151311506056857,0.0,0.0,0.0,70.38182196082076,39.44026715107389,14.652331319905436,0,feet,0.0,-0.061751390784215765,-0.20688272855882062,-39.42019090437957,63.70001399999999,9.59997748517057,-39.44026715107388,60.74619282880431,0.0,1,0.0,0.0,-0.06175139078421488,-0.2068827509651734,-39.420190904379595,-63.70001399999998,9.599977485170598,-39.4402671510739,-60.74619282880431,0.0,1,2.842170943040401e-14,0.0,0.14767059155092221,-0.39885316664804904,71.70747923155096,63.70001399999999,9.60014378194743,71.7619848551036,63.700015894040135,0.0,1,2.1316282072803006e-14,0.0,0.14767059155092221,-0.39885316664804904,71.70747923155096,-63.70001399999998,9.60014378194743,71.7619848551036,-63.700015894040135,0.0,1,2.1316282072803006e-14
0.775,775000,prepare_shake,0.0,0.0,70.21418748852446,0.9980458094403268,0.0,0.062486496610090966,0.0,0.0,0.0,70.21418748852446,39.44026715107389,14.300805919515838,0,feet,0.0,-0.06259797360089081,-0.20985807672815993,-39.42415978145028,63.70001399999999,9.599984964785477,-39.44026715107388,60.74619282880431,0.0,1,1.4210854715202004e-14,0.0,-0.06259797360089081,-0.20985809942802058,-39.42415978145029,-63.70001399999998,9.599984964785456,-39.4402671510739,-60.74619282880431,0.0,1,-7.105427357601002e-15,0.0,0.14950474518601098,-0.4042344179018871,71.68030364653818,63.70001399999999,9.599995937190869,71.69063182053384,67.46700273887998,0.0,1,0.0,0.0,0.14950474518601098,-0.4042344179018871,71.68030364653818,-63.70001399999998,9.599995937190869,71.69063182053384,-67.46700273887998,0.0,1,0.0
0.7833333333333333,783333,prepare_shake,0.0,0.0,70.04881456289483,0.9979852292342101,0.0,0.06344668809592206,0.0,0.0,0.0,70.04881456289483,39.44026715107389,13.954231361888404,0,feet,0.0,-0.06342888490005238,-0.21278496544404302,-39.42805071276976,63.70001399999999,9.599990704688132,-39.44026715107388,60.74619282880431,0.0,1,1.4210854715202004e-14,0.0,-0.06342888490005238,-0.21278498843196925,-39.42805071276977,-63.70001399999998,9.599990704688103,-39.4402671510739,-60.74619282880431,0.0,1,-1.4210854715202004e-14,0.0,0.15130346598941324,-0.40952389197041317,71.65352124176671,63.70001399999999,9.599987507489146,71.66948730852499,65.87399660422699,0.0,1,-2.842170943040401e-14,0.0,0.15130346598941324,-0.40952389197041317,71.65352124176671,-63.70001399999998,9.599987507489146,71.66948730852499,-65.87399660422699,0.0,1,-2.842170943040401e-14
0.7916666666666666,791667,prepare_shake,0.0,0.0,69.88581216170965,0.9979246134047578,0.0,0.06439305832902144,0.0,0.0,0.0,69.88581216170965,39.44026715107389,13.612827993876039,0,feet,0.0,-0.06424374312914427,-0.21566184816535028,-39.43186213151274,63.70001399999999,9.59999479828555,-39.44026715107388,60.74619282880431,0.0,1,2.1316282072803006e-14,0.0,-0.06424374312914427,-0.21566187143578475,-39.43186213151276,-63.70001399999998,9.599994798285529,-39.4402671510739,-60.74619282880431,0.0,1,-7.105427357601002e-15,0.0,0.15306383781124433,-0.4147174512214167,71.62716194731941,63.70001399999999,9.599965142203352,71.58452790064845,63.700015888785835,0.0,1,2.1316282072803006e-14,0.0,0.15306383781124433,-0.4147174512214167,71.62716194731941,-63.70001399999998,9.599965142203352,71.58452790064845,-63.70001588878583,0.0,1,2.1316282072803006e-14
0.8,800000,prepare_shake,0.0,0.0,69.72528656052447,0.997864041550821,0.0,0.06532499200046891,0.0,0.0,0.0,69.72528656052447,39.44026715107389,13.276810034628973,0,feet,0.0,-0.06504218961304131,-0.21848723887840338,-39.4355925832655,63.70001399999999,9.59999733957666,-39.44026715107388,60.74619282880431,0.0,1,0.0,0.0,-0.06504218961304131,-0.21848726242568173,-39.4355925832655,-63.70001399999998,9.59999733957666,-39.4402671510739,-60.74619282880431,0.0,1,0.0,0.0,0.15478708732799218,-0.41981412802607654,71.60122899248627,63.70001399999999,9.600045284631982,71.58452790064845,63.700015888785835,0.0,1,-6.394884621840902e-14,0.0,0.15478708732799218,-0.41981412802607654,71.60122899248627,-63.70001399999998,9.600045284631982,71.58452790064845,-63.70001588878583,0.0,1,-6.394884621840902e-14
0.8083333333333333,808333,prepare_shake,0.0,0.0,69.56734119045039,0.997803593871589,0.0,0.0662418904994487,0.0,0.0,0.0,69.56734119045039,39.44026715107389,12.946385312531959,0,feet,0.0,-0.0658238885473339,-0.22125971310884163,-39.439240725205224,63.70001399999999,9.59999842280785,-39.44026715107388,60.74619282880431,0.0,1,7.105427357601002e-15,0.0,-0.06582388854733301,-0.22125973692719647,-39.439240725205266,-63.70001399999998,9.599998422807857,-39.4402671510739,-60.74619282880431,0.0,1,1.4210854715202004e-14,0.0,0.1564701142518179,-0.42480980870040286,71.57575334557534,63.70001399999999,9.600055801954397,71.58452790064845,63.700015888785835,0.0,1,2.1316282072803006e-14,0.0,0.1564701142518179,-0.42480980870040286,71.57575334557534,-63.70001399999998,9.600055801954397,71.58452790064845,-63.70001588878583,0.0,1,2.1316282072803006e-14
0.8166666666666667,816667,prepare_shake,0.0,0.0,69.41207649593187,0.9977433509453798,0.0,0.0671431727302543,0.0,0.0,0.0,69.41207649593187,39.45050774047924,12.621755003731323,0,feet,0.0,-0.06658851906003571,-0.22397791557221192,-39.44280537636732,63.70001399999999,9.599998589423478,-39.45050774047925,60.7399748722095,0.0,1,2.842170943040401e-14,0.0,-0.06658851906003616,-0.2239779396557826,-39.44280537636729,-63.70001399999998,9.599998589423478,-39.450507740479225,-60.7399748722095,0.0,1,2.842170943040401e-14,0.0,0.15811252763878825,-0.42970247954188645,71.5507485399286,63.70001399999999,9.60000038272105,71.58452790064845,63.700015888785835,0.0,1,1.4210854715202004e-14,0.0,0.15811252763878825,-0.42970247954188645,71.5507485399286,-63.70001399999998,9.60000038272105,71.58452790064845,-63.70001588878583,0.0,1,1.4210854715202004e-14
0.825,825000,prepare_shake,0.0,0.0,69.25958979252445,0.9976833935042799,0.0,0.0680282759283533,0.0,0.0,0.0,69.25958979252445,39.45050774047924,12.303113372113117,0,feet,0.0,-0.06733574119518293,-0.22664058960864564,-39.44628573714904,63.70001399999999,9.600000750939202,-39.45050774047925,60.7399748722095,0.0,1,1.4210854715202004e-14,0.0,-0.06733574119518382,-0.22664061395148405,-39.44628573714901,-63.70001399999998,9.600000750939174,-39.450507740479225,-60.7399748722095,0.0,1,-1.4210854715202004e-14,0.0,0.15971575415724315,-0.43449153366784543,71.52621628457389,63.70001399999999,9.60000063023869,71.5259662564796,66.4822615229347,0.0,1,2.842170943040401e-14,0.0,0.15971575415724315,-0.43449153366784543,71.52621628457389,-63.70001399999998,9.60000063023869,71.5259662564796,-66.4822615229347,0.0,1,2.842170943040401e-14
0.8333333333333334,833333,prepare_shake,0.0,0.0,69.10997512467262,0.9976238022052647,0.0,0.0688966564755576,0.0,0.0,0.0,69.10997512467262,39.45050774047924,11.990647510585148,0,feet,0.0,-0.06806534673810649,-0.22924645123836518,-39.449680408865525,63.70001399999999,9.600001643690874,-39.45050774047925,60.7399748722095,0.0,1,0.0,0.0,-0.06806534673810694,-0.2292464758344357,-39.449680408865525,-63.70001399999998,9.600001643690874,-39.450507740479225,-60.7399748722095,0.0,1,0.0,0.0,0.1612781546038593,-0.43917415769016355,71.50217731613687,63.70001399999999,9.599971158780328,71.5259662564796,66.4822615229347,0.0,1,7.105427357601002e-15,0.0,0.1612781546038593,-0.43917415769016355,71.50217731613687,-63.70001399999998,9.599971158780328,71.5259662564796,-66.4822615229347,0.0,1,7.105427357601002e-15
0.8416666666666667,841667,prepare_shake,0.0,0.0,68.96332312348743,0.99756465739844,0.0,0.06974779071435104,0.0,0.0,0.0,68.96332312348743,39.45050774047924,11.684537083508744,0,feet,0.0,-0.06877709074318483,-0.23179433201535415,-39.45298848410199,63.70001399999999,9.600001358815327,-39.45050774047925,60.7399748722095,0.0,1,0.0,0.0,-0.06877709074318483,-0.2317943568585461,-39.45298848410196,-63.70001399999998,9.600001358815348,-39.450507740479225,-60.7399748722095,0.0,1,2.1316282072803006e-14,0.0,0.16280072500172027,-0.4437495682637276,71.47863573697134,63.70001399999999,9.599999747989123,71.47431921460294,67.09890351956915,0.0,1,7.105427357601002e-15,0.0,0.16280072500172027,-0.4437495682637276,71.47863573697134,-63.70001399999998,9.599999747989123,71.47431921460294,-67.09890351956915,0.0,1,7.105427357601002e-15
0.85,850000,prepare_shake,0.0,0.0,68.81972086452446,0.9975060388930655,0.0,0.07058117576143126,0.0,0.0,0.0,68.81972086452446,39.45050774047924,11.384954070120017,0,feet,0.0,-0.06947075069842557,-0.23428312994384237,-39.45620916113266,63.70001399999999,9.599999986309811,-39.45050774047925,60.7399748722095,0.0,1,4.263256414560601e-14,0.0,-0.06947075069842601,-0.2342831550279696,-39.456209161132655,-63.70001399999998,9.599999986309783,-39.450507740479225,-60.7399748722095,0.0,1,1.4210854715202004e-14,0.0,0.16428191113180457,-0.4482151727387538,71.45561127343633,63.70001399999999,9.600000714857586,71.45851826394065,67.1158484043081,0.0,1,-2.842170943040401e-14,0.0,0.16428191113180457,-0.4482151727387538,71.45561127343633,-63.70001399999998,9.600000714857586,71.45851826394063,-67.1158484043081,0.0,1,-2.842170943040401e-14
0.8583333333333333,858333,prepare_shake,0.0,0.0,68.6792517255615,0.9974480257220232,0.0,0.07139633032052907,0.0,0.0,0.0,68.6792517255615,39.45938242599789,11.09206250877341,0,feet,0.0,-0.07014611949815075,-0.23671181620319004,-39.45934178701217,63.70001399999999,9.599998005262108,-39.459382425997894,60.73333348422281,0.0,1,-4.263256414560601e-14,0.0,-0.07014611949815164,-0.23671184152200642,-39.45934178701211,-63.70001399999998,9.599998005262123,-39.45938242599787,-60.73333348422281,0.0,1,-2.842170943040401e-14,0.0,0.16572188449551684,-0.45256973570655035,71.43311270328662,63.70001399999999,9.600001158454049,71.42496193878469,67.25214372180568,0.0,1,-6.394884621840902e-14,0.0,0.1657218844955204,-0.452569735706549,71.43311270328653,-63.70001399999998,9.60000115845412,71.42496193878456,-67.25214372180568,0.0,1,7.105427357601002e-15
0.8666666666666667,866667,prepare_shake,0.0,0.0,68.54199524437631,0.9973906959054103,0.0,0.0721927954945743,0.0,0.0,0.0,68.54199524437631,39.45938242599789,10.806018241835261,0,feet,0.0,-0.07080298323661083,-0.23907945443626977,-39.46238599905196,63.70001399999999,9.599997535480789,-39.459382425997894,60.73333348422281,0.0,1,-2.1316282072803006e-14,0.0,-0.07080298323661127,-0.2390794799834688,-39.462385999051946,-63.70001399999998,9.599997535480789,-39.45938242599787,-60.73333348422281,0.0,1,-2.1316282072803006e-14,0.0,0.16712036049890555,-0.45681176191344575,71.41115125606916,63.70001399999999,9.599994684494618,71.42496193878469,67.25214372180568,0.0,1,-1.4210854715202004e-14,0.0,0.16712036049890777,-0.4568117619134444,71.41115125606909,-63.70001399999998,9.599994684494611,71.42496193878456,-67.25214372180568,0.0,1,-2.1316282072803006e-14
0.875,875000,prepare_shake,0.0,0.0,68.40802697652447,0.9973341262139357,0.0,0.07297013559728052,0.0,0.0,0.0,68.40802697652447,39.47705201008731,10.526968661051036,0,feet,0.0,-0.07144120578631874,-0.24138513113378934,-39.465341174412096,63.70001399999999,9.599997529006544,-39.47705201008732,60.71151150841919,0.0,1,-7.105427357601002e-15,0.0,-0.07144120578631874,-0.24138515690301388,-39.46534117441208,-63.70001399999998,9.599997529006558,-39.477052010087306,-60.71151150841919,0.0,1,7.105427357601002e-15,0.0,0.1684775184741265,-0.46094017874250115,71.38973499614117,63.70001399999999,9.60000345432497,71.38739974914083,67.44011674300748,0.0,1,7.105427357601002e-14,0.0,0.1684775184741274,-0.4609401787425007,71.38973499614114,-63.70001399999998,9.600003454324963,71.38739974914076,-67.44011674300748,0.0,1,6.394884621840902e-14
0.8833333333333333,883333,prepare_shake,0.0,0.0,68.27741835311706,0.997278391932808,0.0,0.07372793896422628,0.0,0.0,0.0,68.27741835311706,39.47705201008731,10.255052453204712,0,feet,0.0,-0.07206060831321404,-0.24362805688414513,-39.46820720771952,63.70001399999999,9.600000597399735,-39.47705201008732,60.71151150841919,0.0,1,7.105427357601002e-15,0.0,-0.07206060831321404,-0.24362808286899185,-39.46820720771952,-63.70001399999998,9.600000597399735,-39.477052010087306,-60.71151150841919,0.0,1,7.105427357601002e-15,0.0,0.16979287258043607,-0.4649535098156057,71.36887571572416,63.70001399999999,9.600002011915464,71.3693183729838,67.46091065718838,0.0,1,7.105427357601002e-15,0.0,0.16979287258043696,-0.46495350981560435,71.36887571572413,-63.70001399999998,9.600002011915443,71.36931837298374,-67.46091065718838,0.0,1,-1.4210854715202004e-14
0.8916666666666667,891667,prepare_shake,0.0,0.0,68.15023653859853,0.9972235666268018,0.0,0.07446581876351499,0.0,0.0,0.0,68.15023653859853,39.47705201008731,9.990399345886814,0,feet,0.0,-0.07266114975571103,-0.2458074173733098,-39.47098334045051,63.70001399999999,9.600002753741975,-39.47705201008732,60.71151150841919,0.0,1,2.842170943040401e-14,0.0,-0.07266114975571147,-0.24580744356733097,-39.470983340450495,-63.70001399999998,9.600002753741954,-39.477052010087306,-60.71151150841919,0.0,1,7.105427357601002e-15,0.0,0.17106647821333842,-0.46885076307344864,71.34858154083383,63.70001399999999,9.599998776074088,71.35815341371688,65.4947660950395,0.0,1,-3.552713678800501e-14,0.0,0.1710664782133402,-0.4688507630734473,71.34858154083376,-63.70001399999998,9.599998776074074,71.3581534137168,-65.4947660950395,0.0,1,-4.973799150320701e-14
0.9,900000,prepare_shake,0.0,0.0,68.02654428852446,0.9971697219071892,0.0,0.07518341380609761,0.0,0.0,0.0,68.02654428852446,39.47705201008731,9.733129853184217,0,feet,0.0,-0.07324273886630417,-0.24792253056916547,-39.47366937388298,63.70001399999999,9.600004075956235,-39.47705201008732,60.71151150841919,0.0,1,0.0,0.0,-0.07324273886630417,-0.24792255696587917,-39.47366937388298,-63.70001399999998,9.600004075956235,-39.477052010087306,-60.71151150841919,0.0,1,0.0,0.0,0.17229778781833494,-0.47263060120523415,71.32886400812868,63.70001399999999,9.599958867208578,71.35815341371688,65.4947660950395,0.0,1,5.684341886080802e-14,0.0,0.17229778781833582,-0.47263060120523415,71.32886400812865,-63.70001399999998,9.5999588672086,71.3581534137168,-65.4947660950395,0.0,1,7.815970093361102e-14
0.9083333333333333,908333,prepare_shake,0.0,0.0,67.90639980733928,0.997116927201221,0.0,0.07588038935584708,0.0,0.0,0.0,67.90639980733928,39.47705201008731,9.483355021103925,0,feet,0.0,-0.07380530568849641,-0.24997278817766144,-39.476265204706365,63.70001399999999,9.600004639662494,-39.47705201008732,60.71151150841919,0.0,1,0.0,0.0,-0.0738053056884973,-0.24997281477055688,-39.47626520470632,-63.70001399999998,9.600004639662487,-39.477052010087306,-60.71151150841919,0.0,1,-7.105427357601002e-15,0.0,0.1734884645114132,-0.47629336346417706,71.30972023979936,63.70001399999999,9.599993798771848,71.29898751684452,66.24574647018272,0.0,1,2.842170943040401e-14,0.0,0.17348846451141497,-0.4762933634641757,71.3097202397993,-63.70001399999998,9.599993798771862,71.29898751684442,-66.24574647018272,0.0,1,4.263256414560601e-14
0.9166666666666666,916667,prepare_shake,0.0,0.0,67.7898566061541,0.997065249524834,0.0,0.07655643793947338,0.0,0.0,0.0,67.7898566061541,39.47705201008731,9.241176172542339,0,feet,0.0,-0.07434880140562683,-0.2519576567997932,-39.478770823668505,63.70001399999999,9.600004518034567,-39.47705201008732,60.71151150841919,0.0,1,7.105427357601002e-15,0.0,-0.07434880140562727,-0.2519576835823374,-39.47877082366851,-63.70001399999998,9.600004518034545,-39.477052010087306,-60.71151150841919,0.0,1,-1.4210854715202004e-14,0.0,0.17463697400373634,-0.4798371822778198,71.29116699886607,63.70001399999999,9.59999661287953,71.29898751684452,66.24574647018272,0.0,1,2.1316282072803006e-14,0.0,0.17463697400373812,-0.47983718227781846,71.29116699886602,-63.70001399999998,9.599996612879508,71.29898751684442,-66.24574647018272,0.0,1,0.0
0.925,925000,prepare_shake,0.0,0.0,67.67696336052447,0.9970147532592555,0.0,0.07721128015637245,0.0,0.0,0.0,67.67696336052447,39.47705201008731,9.006684651611522,0,feet,0.0,-0.07487319820363236,-0.2538766791304168,-39.48118631430934,63.70001399999999,9.600003781672832,-39.47705201008732,60.71151150841919,0.0,1,0.0,0.0,-0.07487319820363236,-0.2538767060960625,-39.48118631430937,-63.70001399999998,9.600003781672825,-39.477052010087306,-60.71151150841919,0.0,1,-7.105427357601002e-15,0.0,0.17574336906617072,-0.4832614389437886,71.27321081878299,63.70001399999999,9.599965192105472,71.29898751684452,66.24574647018272,0.0,1,1.4210854715202004e-14,0.0,0.1757433690661725,-0.48326143894378726,71.27321081878291,-63.70001399999998,9.599965192105458,71.29898751684442,-66.24574647018272,0.0,1,0.0
0.9333333333333333,933333,prepare_shake,0.0,0.0,67.56776376822816,0.9969654999321608,0.0,0.07784466548850119,0.0,0.0,0.0,67.56776376822816,39.47705201008731,8.779961567135544,0,feet,0.0,-0.07537848915143597,-0.25572947520292155,-39.48351185179973,63.70001399999999,9.600002498491797,-39.47705201008732,60.71151150841919,0.0,1,-2.1316282072803006e-14,0.0,-0.07537848915143597,-0.2557295023451127,-39.4835118517997,-63.70001399999998,9.600002498491818,-39.477052010087306,-60.71151150841919,0.0,1,0.0,0.0,0.17680782408951456,-0.4865656966008354,71.25585689286657,63.70001399999999,9.599902909773363,71.29898751684452,66.24574647018272,0.0,1,2.1316282072803006e-14,0.0,0.17680782408951634,-0.4865656966008336,71.25585689286649,-63.70001399999998,9.599902909773334,71.29898751684442,-66.24574647018272,0.0,1,-7.105427357601002e-15
0.9416666666666667,941667,prepare_shake,0.0,0.0,67.46229640704298,0.9969175480040293,0.0,0.07845637311037255,0.0,0.0,0.0,67.46229640704298,39.47705201008731,8.561077535132156,0,feet,0.0,-0.0758646881025844,-0.2575157436836579,-39.485747701903804,63.70001399999999,9.600000733622288,-39.47705201008732,60.71151150841919,0.0,1,2.842170943040401e-14,0.0,-0.0758646881025844,-0.25751577099583445,-39.48574770190382,-63.70001399999998,9.600000733622267,-39.477052010087306,-60.71151150841919,0.0,1,7.105427357601002e-15,0.0,0.17783343400668405,-0.4897516858762492,71.23909136986248,63.70001399999999,9.600008403802391,71.16413994230712,62.450015874526294,0.0,1,4.263256414560601e-14,0.0,0.17783343400668672,-0.48975168587624784,71.23909136986241,-63.70001399999998,9.600008403802413,71.164139942307,-62.45001587452629,0.0,1,7.105427357601002e-14
0.95,950000,prepare_shake,0.0,0.0,67.36059459252446,0.9968709526603244,0.0,0.07904621269926407,0.0,0.0,0.0,67.36059459252446,39.488057816601554,8.350092420098022,0,feet,0.0,-0.07633181805832523,-0.259235272698783,-39.48789429457746,63.70001399999999,9.599999208023618,-39.488057816601554,66.27374638689588,0.0,1,7.105427357601002e-15,0.0,-0.07633181805832523,-0.25923530017439145,-39.48789429457747,-63.70001399999998,9.59999920802359,-39.488057816601554,-66.27374638689588,0.0,1,-1.4210854715202004e-14,0.0,0.17881803082534153,-0.49281749216233095,71.22293289821849,63.70001399999999,9.600120960587113,71.16413994230712,62.450015874526294,0.0,1,2.842170943040401e-14,0.0,0.1788180308253442,-0.4928174921623292,71.22293289821836,-63.70001399999998,9.600120960587091,71.164139942307,-62.45001587452629,0.0,1,7.105427357601002e-15
0.9583333333333334,958333,prepare_shake,0.0,0.0,67.26268623578372,0.996825765610105,0.0,0.0796140252457317,0.0,0.0,0.0,67.26268623578372,39.488057816601554,8.1470550749208,0,feet,0.0,-0.07677991597363176,-0.26088793719567693,-39.48995219217588,63.70001399999999,9.599999022506935,-39.488057816601554,66.27374638689588,0.0,1,-2.1316282072803006e-14,0.0,-0.07677991597363176,-0.26088796482817544,-39.48995219217588,-63.70001399999998,9.599999022506935,-39.488057816601554,-66.27374638689588,0.0,1,-2.1316282072803006e-14,0.0,0.17976130124121292,-0.495762650280696,71.20738829664842,63.70001399999999,9.600203573331946,71.16413994230712,62.450015874526294,0.0,1,2.1316282072803006e-14,0.0,0.17976130124121514,-0.4957626502806942,71.20738829664835,-63.70001399999998,9.600203573331939,71.164139942307,-62.45001587452629,0.0,1,1.4210854715202004e-14
0.9666666666666667,966667,prepare_shake,0.0,0.0,67.1685937012652,0.9967820348916507,0.0,0.08015968386452077,0.0,0.0,0.0,67.1685937012652,39.488057816601554,7.952003079245806,0,feet,0.0,-0.07720908936273085,-0.26247365410437773,-39.49192172374953,63.70001399999999,9.599998431823593,-39.488057816601554,66.27374638689588,0.0,1,2.842170943040401e-14,0.0,-0.07720908936273085,-0.2624736818872391,-39.491921723749556,-63.70001399999998,9.599998431823543,-39.488057816601554,-66.27374638689588,0.0,1,-2.1316282072803006e-14,0.0,0.18066356308796072,-0.4985872480459772,71.19245969829943,63.70001399999999,9.600259218426793,71.16413994230712,62.450015874526294,0.0,1,-7.105427357601002e-15,0.0,0.18066356308796339,-0.4985872480459759,71.19245969829932,-63.70001399999998,9.600259218426778,71.164139942307,-62.45001587452629,0.0,1,-2.1316282072803006e-14
0.975,975000,prepare_shake,0.0,0.0,67.07833366452446,0.9967398046856588,0.0,0.08068309460596196,0.0,0.0,0.0,67.07833366452446,39.488057816601554,7.7649624761321405,0,feet,0.0,-0.07761943476706756,-0.2639924507159974,-39.49380351023081,63.70001399999999,9.599997489989185,-39.488057816601554,66.27374638689588,0.0,1,2.842170943040401e-14,0.0,-0.07761943476706756,-0.26399247864272013,-39.49380351023083,-63.70001399999998,9.599997489989157,-39.488057816601554,-66.27374638689588,0.0,1,0.0,0.0,0.18152516994312373,-0.5012915110741987,71.1781484079948,63.70001399999999,9.600290768120367,71.16413994230712,62.450015874526294,0.0,1,-7.105427357601002e-15,0.0,0.1815251699431264,-0.5012915110741969,71.17814840799473,-63.70001399999998,9.600290768120402,71.164139942307,-62.45001587452629,0.0,1,2.842170943040401e-14
0.9833333333333333,983333,prepare_shake,0.0,0.0,66.99191697000595,0.9966991151365393,0.0,0.08118419726793825,0.0,0.0,0.0,66.99191697000595,39.50719737345069,7.5859475068403555,0,feet,0.0,-0.07801105259474328,-0.2654444540574348,-39.49559836895104,63.70001399999999,9.599997209712384,-39.507197373450694,59.93459691168532,0.0,1,-1.4210854715202004e-14,0.0,-0.07801105259474417,-0.26544448212155025,-39.495598368951,-63.70001399999998,9.599997209712377,-39.50719737345068,-59.93459691168532,0.0,1,-2.1316282072803006e-14,0.0,0.18234651117146772,-0.503875805926083,71.16445488027571,63.70001399999999,9.600300983322434,71.16413994230712,62.450015874526294,0.0,1,-3.552713678800501e-14,0.0,0.18234651117147038,-0.5038758059260813,71.1644548802756,-63.70001399999998,9.600300983322462,71.164139942307,-62.45001587452629,0.0,1,-7.105427357601002e-15
0.9916666666666667,991667,prepare_shake,0.0,0.0,66.90934848882077,0.9966600021823032,0.0,0.08166296620850506,0.0,0.0,0.0,66.90934848882077,39.50719737345069,7.414960343602672,0,feet,0.0,-0.0783840549462953,-0.26682988617498093,-39.49730726423377,63.70001399999999,9.59999912235051,-39.507197373450694,59.93459691168532,0.0,1,-1.4210854715202004e-14,0.0,-0.0783840549462953,-0.26682991437005965,-39.49730726423377,-63.70001399999998,9.59999912235051,-39.50719737345068,-59.93459691168532,0.0,1,-1.4210854715202004e-14,0.0,0.1831280120717227,-0.5063406433967939,71.15137869714883,63.70001399999999,9.600292507012028,71.16413994230712,62.450015874526294,0.0,1,5.684341886080802e-14,0.0,0.18312801207172535,-0.5063406433967921,71.15137869714871,-63.70001399999998,9.600292507012021,71.164139942307,-62.45001587452629,0.0,1,4.973799150320701e-14
1.0,1000000,prepare_shake,0.0,0.0,66.83062697652446,0.9966224973935014,0.0,0.08211941115924017,0.0,0.0,0.0,66.83062697652446,39.50719737345069,7.25199082023633,0,feet,0.0,-0.07873864676876297,-0.26814899992622143,-39.49893078602323,63.70001399999999,9.600000657652245,-39.507197373450694,59.93459691168532,0.0,1,7.105427357601002e-15,0.0,-0.07873864676876297,-0.2681490282458774,-39.498930786023195,-63.70001399999998,9.60000065765228,-39.50719737345068,-59.93459691168532,0.0,1,4.263256414560601e-14,0.0,0.18387013413266518,-0.5086866819534142,71.1389185455553,63.70001399999999,9.600267858279473,71.16413994230712,62.450015874526294,0.0,1,-7.105427357601002e-15,0.0,0.18387013413266784,-0.5086866819534124,71.13891854555521,-63.70001399999998,9.600267858279473,71.164139942307,-62.45001587452629,0.0,1,-7.105427357601002e-15
1.0083333333333333,1008333,prepare_shake,0.0,0.0,66.75574493089483,0.9965866278216325,0.0,0.08255357803939767,0.0,0.0,0.0,66.75574493089483,39.50719737345069,7.097016160471711,0,feet,0.0,-0.07907500826775005,-0.269402176861409,-39.5004699084189,63.70001399999999,9.600001859614707,-39.507197373450694,59.93459691168532,0.0,1,2.1316282072803006e-14,0.0,-0.07907500826775049,-0.26940220529930947,-39.500469908418886,-63.70001399999998,9.600001859614693,-39.50719737345068,-59.93459691168532,0.0,1,7.105427357601002e-15,0.0,0.18457337540417695,-0.5109147313212632,71.12707219457644,63.70001399999999,9.600229427031728,71.16413994230712,62.450015874526294,0.0,1,-2.1316282072803006e-14,0.0,0.18457337540417873,-0.5109147313212627,71.12707219457639,-63.70001399999998,9.600229427031763,71.164139942307,-62.45001587452629,0.0,1,1.4210854715202004e-14
1.0166666666666666,1016667,prepare_shake,0.0,0.0,66.68468844970965,0.9965524158573934,0.0,0.08296554977093146,0.0,0.0,0.0,66.68468844970965,39.50719737345069,6.950000703878672,0,feet,0.0,-0.07939334104832829,-0.270589891624597,-39.50192569519774,63.70001399999999,9.600002769416214,-39.507197373450694,59.93459691168532,0.0,1,-2.842170943040401e-14,0.0,-0.07939334104832874,-0.2705899201744719,-39.50192569519772,-63.70001399999998,9.600002769416221,-39.50719737345068,-59.93459691168532,0.0,1,-2.1316282072803006e-14,0.0,0.18523948876108998,-0.513026603915709,71.11582876868493,63.70001399999999,9.600262553376083,71.08830446000992,62.4500158716601,0.0,1,-2.842170943040401e-14,0.0,0.18523948876109353,-0.5130266039157076,71.11582876868479,-63.70001399999998,9.600262553376112,71.08830446000977,-62.4500158716601,0.0,1,0.0
1.025,1025000,prepare_shake,0.0,0.0,66.61743708852447,0.9965198790990998,0.0,0.08335544709444948,0.0,0.0,0.0,66.61743708852447,39.50719737345069,6.810895629288268,0,feet,0.0,-0.07969386840338322,-0.27171271392470997,-39.50329930091064,63.70001399999999,9.600003425438011,-39.507197373450694,59.93459691168532,0.0,1,-7.105427357601002e-15,0.0,-0.07969386840338322,-0.2717127425803567,-39.50329930091064,-63.70001399999998,9.600003425438011,-39.50719737345068,-59.93459691168532,0.0,1,-7.105427357601002e-15,0.0,0.18586784379683197,-0.5150225792623906,71.10519164664402,63.70001399999999,9.600287157384983,71.08830446000992,62.4500158716601,0.0,1,-1.4210854715202004e-14,0.0,0.18586784379683507,-0.5150225792623897,71.1051916466439,-63.70001399999998,9.60028715738504,71.08830446000977,-62.4500158716601,0.0,1,4.263256414560601e-14
1.0333333333333334,1033333,prepare_shake,0.0,0.0,66.55396371845038,0.9964890302315536,0.0,0.08372342938615131,0.0,0.0,0.0,66.55396371845038,39.50719737345069,6.679638675620794,0,feet,0.0,-0.07997683565400227,-0.27277131058724713,-39.50459197226182,63.70001399999999,9.60000386329488,-39.507197373450694,59.93459691168532,0.0,1,4.263256414560601e-14,0.0,-0.07997683565400271,-0.2727713393425404,-39.5045919722618,-63.70001399999998,9.600003863294866,-39.50719737345068,-59.93459691168532,0.0,1,2.842170943040401e-14,0.0,0.18645896770727877,-0.5169038875615084,71.09515628014694,63.70001399999999,9.600299564799272,71.08830446000992,62.4500158716601,0.0,1,2.842170943040401e-14,0.0,0.18645896770728232,-0.5169038875615053,71.09515628014682,-63.70001399999998,9.600299564799244,71.08830446000977,-62.4500158716601,0.0,1,0.0
1.0416666666666667,1041667,prepare_shake,0.0,0.0,66.49423438393187,0.9964598769155769,0.0,0.08406969547579678,0.0,0.0,0.0,66.49423438393187,39.50719737345069,6.556153860046784,0,feet,0.0,-0.08024251054333797,-0.2737664476877777,-39.50580504977806,63.70001399999999,9.600004115875464,-39.507197373450694,59.93459691168532,0.0,1,0.0,0.0,-0.08024251054333797,-0.2737664765366792,-39.50580504977805,-63.70001399999998,9.600004115875485,-39.50719737345068,-59.93459691168532,0.0,1,2.1316282072803006e-14,0.0,0.18701351164085134,-0.5186719837222782,71.08571653998226,63.70001399999999,9.600301661093482,71.08830446000992,62.4500158716601,0.0,1,3.552713678800501e-14,0.0,0.1870135116408549,-0.5186719837222764,71.08571653998212,-63.70001399999998,9.600301661093496,71.08830446000977,-62.4500158716601,0.0,1,4.973799150320701e-14
1.05,1050000,prepare_shake,0.0,0.0,66.43820816052447,0.9964324216883761,0.0,0.08439448446574181,0.0,0.0,0.0,66.43820816052447,39.50719737345069,6.440351193424007,0,feet,0.0,-0.08049118368500618,-0.27469899276802634,-39.506939969773676,63.70001399999999,9.600004213391486,-39.507197373450694,59.93459691168532,0.0,1,-1.4210854715202004e-14,0.0,-0.08049118368500618,-0.27469902170458926,-39.506939969773676,-63.70001399999998,9.600004213391486,-39.50719737345068,-59.93459691168532,0.0,1,-1.4210854715202004e-14,0.0,0.18753216717013244,-0.520328494112908,71.07686526010615,63.70001399999999,9.600295194733889,71.08830446000992,62.4500158716601,0.0,1,7.105427357601002e-14,0.0,0.18753216717013643,-0.5203284941129049,71.07686526010595,-63.70001399999998,9.600295194733853,71.08830446000977,-62.4500158716601,0.0,1,3.552713678800501e-14
1.0583333333333333,1058333,prepare_shake,0.0,0.0,66.38583701267261,0.9964066618748336,0.0,0.08469807655107102,0.0,0.0,0.0,66.38583701267261,39.50719737345069,6.332126392971652,0,feet,0.0,-0.08072316906679111,-0.27556991713487156,-39.50799826661535,63.70001399999999,9.600004183434585,-39.507197373450694,59.93459691168532,0.0,1,1.4210854715202004e-14,0.0,-0.08072316906679111,-0.27556994615325436,-39.50799826661535,-63.70001399999998,9.600004183434585,-39.50719737345068,-59.93459691168532,0.0,1,1.4210854715202004e-14,0.0,0.18801566744710696,-0.5218752210477593,71.06859421353931,63.70001399999999,9.6002817764641,71.08830446000992,62.4500158716601,0.0,1,4.973799150320701e-14,0.0,0.1880156674471105,-0.5218752210477562,71.06859421353913,-63.70001399999998,9.600281776463987,71.08830446000977,-62.4500158716601,0.0,1,-6.394884621840902e-14
1.0666666666666667,1066667,prepare_shake,0.0,0.0,66.33706565148742,0.9963825895097623,0.0,0.08498079384084714,0.0,0.0,0.0,66.33706565148742,39.50719737345069,6.231360592161181,0,feet,0.0,-0.08093880461000813,-0.2763802982422141,-39.508981575288175,63.70001399999999,9.600004051041594,-39.507197373450694,59.93459691168532,0.0,1,0.0,0.0,-0.08093880461000813,-0.27638032733668494,-39.508981575288175,-63.70001399999998,9.600004051041594,-39.50719737345068,-59.93459691168532,0.0,1,0.0,0.0,0.18846478849716908,-0.5233141474217105,71.0608940880991,63.70001399999999,9.600262879360997,71.08830446000992,62.4500158716601,0.0,1,7.105427357601002e-14,0.0,0.18846478849717352,-0.5233141474217073,71.0608940880989,-63.70001399999998,9.600262879360926,71.08830446000977,-62.4500158716601,0.0,1,0.0
1.075,1075000,prepare_shake,0.0,0.0,66.29183139252447,0.9963601912710801,0.0,0.08524300118048793,0.0,0.0,0.0,66.29183139252447,39.50719737345069,6.13792004782313,0,feet,0.0,-0.08113845278450471,-0.2771313221551308,-39.509891634263205,63.70001399999999,9.60000383876747,-39.507197373450694,59.93459691168532,0.0,1,2.1316282072803006e-14,0.0,-0.08113845278450516,-0.27713135132007993,-39.50989163426317,-63.70001399999998,9.600003838767464,-39.50719737345068,-59.93459691168532,0.0,1,1.4210854715202004e-14,0.0,0.18888035065219055,-0.5246474414894817,71.05375446197588,63.70001399999999,9.600239839658165,71.08830446000992,62.4500158716601,0.0,1,1.4210854715202004e-14,0.0,0.1888803506521941,-0.52464744148948,71.05375446197573,-63.70001399999998,9.600239839658187,71.08830446000977,-62.4500158716601,0.0,1,3.552713678800501e-14
1.0833333333333333,1083333,prepare_shake,0.0,0.0,66.25006401356151,0.9963394484237923,0.0,0.08548510697526995,0.0,0.0,0.0,66.25006401356151,39.50719737345069,6.051655844490682,0,feet,0.0,-0.08132250127887675,-0.27782428609522913,-39.51073028866331,63.70001399999999,9.600003566765025,-39.507197373450694,59.93459691168532,0.0,1,0.0,0.0,-0.08132250127887675,-0.2778243153251756,-39.510730288663304,-63.70001399999998,9.600003566765054,-39.50719737345068,-59.93459691168532,0.0,1,2.842170943040401e-14,0.0,0.18926322012186114,-0.5258774617870823,71.04716377916677,63.70001399999999,9.600213858331685,71.08830446000992,62.4500158716601,0.0,1,1.4210854715202004e-14,0.0,0.1892632201218638,-0.5258774617870805,71.04716377916665,-63.70001399999998,9.600213858331685,71.08830446000977,-62.4500158716601,0.0,1,1.4210854715202004e-14
1.0916666666666666,1091667,prepare_shake,0.0,0.0,66.21168561237631,0.9963203367745854,0.0,0.08570756401494946,0.0,0.0,0.0,66.21168561237631,39.50719737345069,5.9724035960224455,0,feet,0.0,-0.08149136372500676,-0.2784606010655568,-39.511499493724074,63.70001399999999,9.600003252871957,-39.507197373450694,59.93459691168532,0.0,1,-7.105427357601002e-15,0.0,-0.08149136372500676,-0.27846063035515956,-39.51149949372409,-63.70001399999998,9.600003252871936,-39.50719737345068,-59.93459691168532,0.0,1,-2.842170943040401e-14,0.0,0.18961431070148516,-0.5270067621916845,71.04110932477487,63.70001399999999,9.600186003434203,71.08830446000992,62.4500158716601,0.0,1,7.105427357601002e-15,0.0,0.18961431070148782,-0.5270067621916827,71.04110932477478,-63.70001399999998,9.600186003434217,71.08830446000977,-62.4500158716601,0.0,1,2.1316282072803006e-14
1.1,1100000,prepare_shake,0.0,0.0,66.17661046452446,0.9963028266367541,0.0,0.08591087029947908,0.0,0.0,0.0,66.17661046452446,39.50719737345069,5.899983144569916,0,feet,0.0,-0.0816454804756277,-0.2790417945528456,-39.51220131854045,63.70001399999999,9.600002912703985,-39.507197373450694,59.93459691168532,0.0,1,1.4210854715202004e-14,0.0,-0.08164548047562814,-0.279041823896915,-39.512201318540434,-63.70001399999998,9.600002912703971,-39.50719737345068,-59.93459691168532,0.0,1,0.0,0.0,0.1899349990874235,-0.5280383819041385,71.03557458989458,63.70001399999999,9.60018555216044,70.98809975587952,62.45001586773867,0.0,1,4.263256414560601e-14,0.0,0.1899349990874275,-0.5280383819041354,71.0355745898944,-63.70001399999998,9.600185552160383,70.98809975587932,-62.45001586773867,0.0,1,-1.4210854715202004e-14
1.1083333333333334,1108333,prepare_shake,0.0,0.0,66.14474488111705,0.9962868828050909,0.0,0.08609556986578923,0.0,0.0,0.0,66.14474488111705,39.50719737345069,5.83419825697905,0,feet,0.0,-0.08178531943307776,-0.27956951330418933,-39.512837950091566,63.70001399999999,9.600002559754124,-39.507197373450694,59.93459691168532,0.0,1,-2.842170943040401e-14,0.0,-0.08178531943307776,-0.2795695426976956,-39.51283795009155,-63.70001399999998,9.600002559754152,-39.50719737345068,-59.93459691168532,0.0,1,0.0,0.0,0.1902262388080831,-0.5289752377210717,71.0305448331755,63.70001399999999,9.6002091076803,70.98809975587952,62.45001586773867,0.0,1,2.1316282072803006e-14,0.0,0.19022623880808887,-0.5289752377210686,71.03054483317527,-63.70001399999998,9.600209107680342,70.98809975587932,-62.45001586773867,0.0,1,7.105427357601002e-14
1.1166666666666667,1116667,prepare_shake,0.0,0.0,66.11598706659854,0.9962724645402782,0.0,0.08626225361558928,0.0,0.0,0.0,66.11598706659854,39.50719737345069,5.774836318741208,0,feet,0.0,-0.08191137692696282,-0.2800455261746193,-39.513411697529435,63.70001399999999,9.60000220549805,-39.507197373450694,59.93459691168532,0.0,1,7.105427357601002e-15,0.0,-0.08191137692696326,-0.2800455556127033,-39.51341169752942,-63.70001399999998,9.600002205498043,-39.50719737345068,-59.93459691168532,0.0,1,0.0,0.0,0.19048867088187205,-0.52982020726914,71.02600641557996,63.70001399999999,9.60022810046327,70.98809975587952,62.45001586773867,0.0,1,1.4210854715202004e-14,0.0,0.1904886708818756,-0.5298202072691383,71.02600641557986,-63.70001399999998,9.60022810046327,70.98809975587932,-62.45001586773867,0.0,1,1.4210854715202004e-14
1.125,1125000,prepare_shake,0.0,0.0,66.09022697652446,0.9962595255622184,0.0,0.08641156014413519,0.0,0.0,0.0,66.09022697652446,39.50719737345069,5.721668025633662,0,feet,0.0,-0.08202417863790457,-0.280471727041272,-39.513924996717535,63.70001399999999,9.600001859503784,-39.507197373450694,59.93459691168532,0.0,1,-7.105427357601002e-15,0.0,-0.08202417863790501,-0.2804717565192574,-39.51392499671751,-63.70001399999998,9.600001859503777,-39.50719737345068,-59.93459691168532,0.0,1,-1.4210854715202004e-14,0.0,0.1907234217736513,-0.5305766811909547,71.02194172528779,63.70001399999999,9.600243289463059,70.98809975587952,62.45001586773867,0.0,1,-7.105427357601002e-15,0.0,0.19072342177365575,-0.5305766811909516,71.02194172528762,-63.70001399999998,9.600243289463059,70.98809975587932,-62.45001586773867,0.0,1,0.0
1.1333333333333333,1133333,prepare_shake,0.0,0.0,66.06734617533927,0.996248014051641,0.0,0.08654417656989599,0.0,0.0,0.0,66.06734617533927,39.59003448627551,5.674447073218218,0,feet,0.0,-0.08212424007913155,-0.2808501703963522,-39.51438067458268,63.70001399999999,9.600003844012534,-39.59003448627553,63.70001591752033,0.0,1,4.263256414560601e-14,0.0,-0.08212424007913244,-0.2808501999097577,-39.51438067458266,-63.70001399999998,9.600003844012512,-39.5900344862755,-63.70001591752033,0.0,1,2.1316282072803006e-14,0.0,0.19093167616863038,-0.5312482727280825,71.01833186441641,63.70001399999999,9.600255335947438,70.98809975587952,62.45001586773867,0.0,1,-7.105427357601002e-15,0.0,0.19093167616863527,-0.5312482727280798,71.01833186441625,-63.70001399999998,9.600255335947509,70.98809975587932,-62.45001586773867,0.0,1,6.394884621840902e-14
1.1416666666666666,1141667,prepare_shake,0.0,0.0,66.04721769415409,0.996237872659209,0.0,0.08666083936504154,0.0,0.0,0.0,66.04721769415409,39.59003448627551,5.632909844393268,0,feet,0.0,-0.08221216907946483,-0.28118299259502066,-39.514781303519186,63.70001399999999,9.600006992849707,-39.59003448627553,63.70001591752033,0.0,1,0.0,0.0,-0.08221216907946527,-0.28118302213956925,-39.514781303519136,-63.70001399999998,9.600006992849742,-39.5900344862755,-63.70001591752033,0.0,1,3.552713678800501e-14,0.0,0.19111467939351945,-0.531838823484347,71.01515662375458,63.70001399999999,9.6002648099766,70.98809975587952,62.45001586773867,0.0,1,1.4210854715202004e-14,0.0,0.19111467939352433,-0.5318388234843439,71.01515662375436,-63.70001399999998,9.600264809976544,70.98809975587932,-62.45001586773867,0.0,1,-4.263256414560601e-14
1.15,1150000,prepare_shake,0.0,0.0,66.02970588852446,0.9962290385212416,0.0,0.08676233518666152,0.0,0.0,0.0,66.02970588852446,39.59003448627551,5.596775095224636,0,feet,0.0,-0.08228861320799075,-0.28147245818953914,-39.51512955010625,63.70001399999999,9.600009716391746,-39.59003448627553,63.70001591752033,0.0,1,7.105427357601002e-15,0.0,-0.08228861320799163,-0.2814724877611683,-39.51512955010621,-63.70001399999998,9.60000971639176,-39.5900344862755,-63.70001591752033,0.0,1,2.1316282072803006e-14,0.0,0.19127373992436114,-0.5323524092710503,71.01239445744153,63.70001399999999,9.600272197351998,70.98809975587952,62.45001586773867,0.0,1,-1.4210854715202004e-14,0.0,0.19127373992436514,-0.5323524092710485,71.01239445744143,-63.70001399999998,9.600272197352005,70.98809975587932,-62.45001586773867,0.0,1,-7.105427357601002e-15
1.1583333333333334,1158333,prepare_shake,0.0,0.0,66.01466629622819,0.9962214432810437,0.0,0.0868495017086131,0.0,0.0,0.0,66.01466629622819,39.59003448627551,5.565743639310028,0,feet,0.0,-0.08235422512545476,-0.2817209917994341,-39.51542840961207,63.70001399999999,9.600012043617618,-39.59003448627553,63.70001591752033,0.0,1,7.105427357601002e-15,0.0,-0.0823542251254552,-0.2817210213943091,-39.51542840961205,-63.70001399999998,9.600012043617625,-39.5900344862755,-63.70001591752033,0.0,1,1.4210854715202004e-14,0.0,0.1914102319677875,-0.5327933460199215,71.01002245760955,63.70001399999999,9.600277906963058,70.98809975587952,62.45001586773867,0.0,1,7.105427357601002e-15,0.0,0.1914102319677924,-0.5327933460199188,71.01002245760934,-63.70001399999998,9.600277906963036,70.98809975587932,-62.45001586773867,0.0,1,-1.4210854715202004e-14
1.1666666666666667,1166667,prepare_shake,0.0,0.0,66.00194549504297,0.996215013114716,0.0,0.08692322845388392,0.0,0.0,0.0,66.00194549504297,39.59003448627551,5.5394980309627755,0,feet,0.0,-0.082409691993242,-0.281931158445361,-39.51568102985078,63.70001399999999,9.600014003520862,-39.59003448627553,63.70001591752033,0.0,1,3.552713678800501e-14,0.0,-0.08240969199324244,-0.2819311880598909,-39.51568102985078,-63.70001399999998,9.600014003520833,-39.5900344862755,-63.70001591752033,0.0,1,7.105427357601002e-15,0.0,0.19152559810078884,-0.5331661957475542,71.00801632900482,63.70001399999999,9.600282278448368,70.98809975587952,62.45001586773867,0.0,1,4.973799150320701e-14,0.0,0.19152559810079373,-0.5331661957475511,71.00801632900465,-63.70001399999998,9.600282278448375,70.98809975587932,-62.45001586773867,0.0,1,5.684341886080802e-14
1.175,1175000,prepare_shake,0.0,0.0,65.99138096052445,0.9962096687601847,0.0,0.08698445762734354,0.0,0.0,0.0,65.99138096052445,39.59003448627551,5.517702247533137,0,feet,0.0,-0.0824557365818861,-0.2821056667269213,-39.51589071672843,63.70001399999999,9.600015625284954,-39.59003448627553,63.70001591752033,0.0,1,-1.4210854715202004e-14,0.0,-0.08245573658188698,-0.2821056963577706,-39.51589071672835,-63.70001399999998,9.600015625285003,-39.5900344862755,-63.70001591752033,0.0,1,3.552713678800501e-14,0.0,0.19162135195216345,-0.5334757725529684,71.00635036361066,63.70001399999999,9.600285590079729,70.98809975587952,62.45001586773867,0.0,1,5.684341886080802e-14,0.0,0.19162135195216878,-0.5334757725529649,71.00635036361042,-63.70001399999998,9.600285590079665,70.98809975587932,-62.45001586773867,0.0,1,-7.105427357601002e-15
1.1833333333333333,1183333,prepare_shake,0.0,0.0,65.98280092378373,0.9962053255480555,0.0,0.08703418494874712,0.0,0.0,0.0,65.98280092378373,39.59003448627551,5.500001371216797,0,feet,0.0,-0.08249311838967577,-0.2822473720125389,-39.51606093984158,63.70001399999999,9.600016938459333,-39.59003448627553,63.70001591752033,0.0,1,-7.105427357601002e-15,0.0,-0.08249311838967621,-0.28224740165663764,-39.516060939841516,-63.70001399999998,9.600016938459376,-39.5900344862755,-63.70001591752033,0.0,1,3.552713678800501e-14,0.0,0.19169908090702537,-0.5337271486275537,71.00499741529391,63.70001399999999,9.6002880667656,70.98809975587952,62.45001586773867,0.0,1,8.526512829121202e-14,0.0,0.19169908090702892,-0.5337271486275506,71.00499741529376,-63.70001399999998,9.600288066765486,70.98809975587932,-62.45001586773867,0.0,1,-2.842170943040401e-14
1.1916666666666667,1191667,prepare_shake,0.0,0.0,65.97602422926519,0.9962018934327623,0.0,0.0870734604858403,0.0,0.0,0.0,65.97602422926519,39.59003448627551,5.486021270735847,0,feet,0.0,-0.08252263476365806,-0.2823592796294476,-39.51619533808815,63.70001399999999,9.600017973132822,-39.59003448627553,63.70001591752033,0.0,1,0.0,0.0,-0.08252263476365806,-0.2823593092840082,-39.51619533808815,-63.70001399999998,9.600017973132822,-39.5900344862755,-63.70001591752033,0.0,1,0.0,0.0,0.1917604488136897,-0.5339256602541225,71.00392887450485,63.70001399999999,9.600289888059564,70.98809975587952,62.45001586773867,0.0,1,6.394884621840902e-14,0.0,0.19176044881369458,-0.5339256602541194,71.00392887450461,-63.70001399999998,9.600289888059557,70.98809975587932,-62.45001586773867,0.0,1,5.684341886080802e-14
1.2,1200000,prepare_shake,0.0,0.0,65.97086019252447,0.9961992770223265,0.0,0.08710338948740236,0.0,0.0,0.0,65.97086019252447,39.59003448627551,5.47536828331161,0,feet,0.0,-0.08254512201464514,-0.28244454804063857,-39.51629772524232,63.70001399999999,9.600018760104128,-39.59003448627553,63.70001591752033,0.0,1,3.552713678800501e-14,0.0,-0.08254512201464514,-0.2824445777031701,-39.51629772524232,-63.70001399999998,9.600018760104128,-39.5900344862755,-63.70001591752033,0.0,1,3.552713678800501e-14,0.0,0.19180719867028673,-0.5340769137690815,71.00311464306105,63.70001399999999,9.600291196049056,70.98809975587952,62.45001586773867,0.0,1,7.105427357601002e-15,0.0,0.19180719867029206,-0.5340769137690784,71.0031146430609,-63.70001399999998,9.60029119604907,70.98809975587932,-62.45001586773867,0.0,1,2.1316282072803006e-14
1.2083333333333333,1208333,prepare_shake,0.0,0.0,65.96710845800594,0.9961973756048971,0.0,0.0871251332160565,0.0,0.0,0.0,65.96710845800594,39.59003448627551,5.467628897383669,0,feet,0.0,-0.08256145651709845,-0.2825064919943552,-39.51637209544439,63.70001399999999,9.600019331045914,-39.59003448627553,63.70001591752033,0.0,1,0.0,0.0,-0.08256145651709934,-0.28250652166267765,-39.51637209544434,-63.70001399999998,9.600019331045921,-39.5900344862755,-63.70001591752033,0.0,1,7.105427357601002e-15,0.0,0.19184115526626977,-0.5341867914588962,71.00252310905461,63.70001399999999,9.600292102986081,70.98809975587952,62.45001586773867,0.0,1,-1.4210854715202004e-14,0.0,0.1918411552662742,-0.5341867914588927,71.00252310905441,-63.70001399999998,9.600292102986053,70.98809975587932,-62.45001586773867,0.0,1,-4.263256414560601e-14
1.2166666666666666,1216667,prepare_shake,0.0,0.0,65.96455885682076,0.996196083170085,0.0,0.08713990978065712,0.0,0.0,0.0,65.96455885682076,39.59003448627551,5.462369436568949,0,feet,0.0,-0.0825725557840129,-0.2825485856303924,-39.51642262855087,63.70001399999999,9.600019718661024,-39.59003448627553,63.70001591752033,0.0,1,-7.105427357601002e-15,0.0,-0.08257255578401379,-0.2825486153026495,-39.516422628550835,-63.70001399999998,9.600019718661002,-39.5900344862755,-63.70001591752033,0.0,1,-2.842170943040401e-14,0.0,0.19186422775181633,-0.5342614573588684,71.00212112192287,63.70001399999999,9.600292698510245,70.98809975587952,62.45001586773867,0.0,1,4.263256414560601e-14,0.0,0.19186422775182121,-0.5342614573588653,71.00212112192266,-63.70001399999998,9.600292698510202,70.98809975587932,-62.45001586773867,0.0,1,0.0
1.225,1225000,prepare_shake,0.0,0.0,65.96299126452449,0.9961952884229363,0.0,0.08714899496805907,0.0,0.0,0.0,65.96299126452449,39.59003448627551,5.4591357453900144,0,feet,0.0,-0.08257937950615579,-0.28257446552609045,-39.516453695286316,63.70001399999999,9.600019956826984,-39.59003448627553,63.70001591752033,0.0,1,3.552713678800501e-14,0.0,-0.08257937950615668,-0.2825744952007674,-39.516453695286295,-63.70001399999998,9.600019956826948,-39.5900344862755,-63.70001591752033,0.0,1,0.0,0.0,0.19187841210584766,-0.5343073629191473,71.00187396773256,63.70001399999999,9.600293056301027,70.98809975587952,62.45001586773867,0.0,1,-7.105427357601002e-15,0.0,0.1918784121058521,-0.534307362919145,71.00187396773244,-63.70001399999998,9.600293056301055,70.98809975587932,-62.45001586773867,0.0,1,2.1316282072803006e-14
1.2333333333333334,1233333,prepare_shake,0.0,0.0,65.96217545889485,0.9961948747882269,0.0,0.08715372307405399,0.0,0.0,0.0,65.96217545889485,39.59003448627551,5.457452877343911,0,feet,0.0,-0.08258293054421229,-0.28258793366349577,-39.516469862132965,63.70001399999999,9.600020080726537,-39.59003448627553,63.70001591752033,0.0,1,-1.4210854715202004e-14,0.0,-0.08258293054421317,-0.28258796333943126,-39.5164698621329,-63.70001399999998,9.600020080726544,-39.5900344862755,-63.70001591752033,0.0,1,-7.105427357601002e-15,0.0,0.1918857934709881,-0.5343312524994528,71.0017453447317,63.70001399999999,9.600293239983785,70.98809975587952,62.45001586773867,0.0,1,-2.842170943040401e-14,0.0,0.19188579347099255,-0.5343312524994497,71.0017453447315,-63.70001399999998,9.600293239983785,70.98809975587932,-62.45001586773867,0.0,1,-2.842170943040401e-14
1.2416666666666667,1241667,prepare_shake,0.0,0.0,65.96187097770962,0.9961947204025824,0.0,0.08715548773325027,0.0,0.0,0.0,65.96187097770962,39.59003448627551,5.456824785922535,0,feet,0.0,-0.08258425586156415,-0.28259296029765624,-39.51647589589051,63.70001399999999,9.600020126961162,-39.59003448627553,63.70001591752033,0.0,1,3.552713678800501e-14,0.0,-0.08258425586156459,-0.2825929899740607,-39.516475895890494,-63.70001399999998,9.600020126961127,-39.5900344862755,-63.70001591752033,0.0,1,-7.105427357601002e-15,0.0,0.19188854832138924,-0.5343401686505409,71.00169733922812,63.70001399999999,9.600293308097555,70.98809975587952,62.45001586773867,0.0,1,8.526512829121202e-14,0.0,0.19188854832139368,-0.5343401686505365,71.00169733922786,-63.70001399999998,9.600293308097427,70.98809975587932,-62.45001586773867,0.0,1,-4.263256414560601e-14
1.25,1250000,prepare_shake,0.0,0.0,65.96182697652446,0.9961946980917455,0.0,0.08715574274765817,0.0,0.0,0.0,65.96182697652446,39.59003448627551,5.456734019237587,0,feet,0.0,-0.08258444738456339,-0.28259368670452023,-39.51647676783386,63.70001399999999,9.60002013364224,-39.59003448627553,63.70001591752033,0.0,1,2.1316282072803006e-14,0.0,-0.08258444738456383,-0.28259371638099307,-39.51647676783385,-63.70001399999998,9.600020133642225,-39.5900344862755,-63.70001591752033,0.0,1,7.105427357601002e-15,0.0,0.1918889464267859,-0.5343414571368812,71.00169040186354,63.70001399999999,9.600293317920915,70.98809975587952,62.45001586773867,0.0,1,6.394884621840902e-14,0.0,0.19188894642679122,-0.5343414571368768,71.0016904018633,-63.70001399999998,9.60029331792083,70.98809975587932,-62.45001586773867,0.0,1,-1.4210854715202004e-14
1.2583333333333333,1258333,rear_pair_shake_1,0.0,0.0,65.96244031862123,0.9961943448808908,0.0,0.08715977987198482,0.0,0.0,0.0,65.96244031862123,39.59003448627551,5.45660702028799,0,feet,0.0,-0.08261040607347292,-0.2825867413623304,-39.51634362869818,63.70001399999999,9.600019112574088,-39.59003448627553,63.70001591752033,0.0,1,0.0,0.0,-0.08261040607347336,-0.282586771038154,-39.516343628698166,-63.70001399999998,9.600019112574088,-39.5900344862755,-63.70001591752033,0.0,1,0.0,0.0,0.19187617011168934,-0.5343487727545435,71.00170091825161,63.70001399999999,9.60029330302757,70.98809975587952,62.45001586773867,0.0,1,-7.105427357601002e-15,0.0,0.19187617011169378,-0.5343487727545417,71.00170091825144,-63.70001399999998,9.60029330302762,70.98809975587932,-62.45001586773867,0.0,1,4.263256414560601e-14
1.2666666666666666,1266667,rear_pair_shake_1,0.0,0.0,65.96657942998704,0.996191960825683,0.0,0.0871870241852597,0.0,0.0,0.0,65.96657942998704,39.59003448627551,5.4557500775509595,0,feet,0.0,-0.082785593921892,-0.2825398627560505,-39.5154450855228,63.70001399999999,9.600012173199218,-39.59003448627553,63.70001591752033,0.0,1,-2.1316282072803006e-14,0.0,-0.08278559392189244,-0.2825398924274931,-39.51544508552275,-63.70001399999998,9.600012173199268,-39.5900344862755,-63.70001591752033,0.0,1,2.842170943040401e-14,0.0,0.19178994776197866,-0.5343981417612245,71.00177188127836,63.70001399999999,9.60029320222882,70.98809975587952,62.45001586773867,0.0,1,-7.105427357601002e-15,0.0,0.1917899477619831,-0.5343981417612218,71.00177188127822,-63.70001399999998,9.600293202228848,70.98809975587932,-62.45001586773867,0.0,1,2.1316282072803006e-14
1.275,1275000,rear_pair_shake_1,0.0,0.0,65.97735470174419,0.9961857509644396,0.0,0.08725794849419433,0.0,0.0,0.0,65.97735470174419,39.50719737387419,5.453520063551068,0,feet,0.0,-0.08324156088860013,-0.2824178791811396,-39.51310641068942,63.70001399999999,9.600002398264031,-39.50719737387419,59.93459691168532,0.0,1,7.105427357601002e-15,0.0,-0.08324156088860013,-0.28241790884117757,-39.51310641068943,-63.70001399999998,9.60000239826401,-39.507197373874185,-59.93459691168532,0.0,1,-1.4210854715202004e-14,0.0,0.19156547066002094,-0.5345266622963196,71.00195656621585,63.70001399999999,9.600292937435775,70.98809975587952,62.45001586773867,0.0,1,-1.0658141036401503e-13,0.0,0.19156547066002583,-0.5345266622963178,71.00195656621572,-63.70001399999998,9.600292937435881,70.98809975587932,-62.45001586773867,0.0,1,0.0
1.2833333333333334,1283333,rear_pair_shake_1,0.0,0.0,65.99744136695656,0.9961741614047841,0.0,0.08739016048431954,0.0,0.0,0.0,65.99744136695656,39.50719737387419,5.449366271038038,0,feet,0.0,-0.08409138896780943,-0.2821905253931649,-39.508747294519424,63.70001399999999,9.600004091725054,-39.50719737387419,59.93459691168532,0.0,1,3.552713678800501e-14,0.0,-0.08409138896781032,-0.2821905550319479,-39.50874729451941,-63.70001399999998,9.600004091725033,-39.507197373874185,-59.93459691168532,0.0,1,1.4210854715202004e-14,0.0,0.19114695092378797,-0.5347662397385671,71.0023006460281,63.70001399999999,9.60029243463417,70.98809975587952,62.45001586773867,0.0,1,5.684341886080802e-14,0.0,0.1911469509237924,-0.5347662397385644,71.00230064602795,-63.70001399999998,9.60029243463417,70.98809975587932,-62.45001586773867,0.0,1,5.684341886080802e-14
1.2916666666666667,1291667,rear_pair_shake_1,0.0,0.0,66.02909928054133,0.9961558598711913,0.0,0.08759853220395639,0.0,0.0,0.0,66.02909928054133,39.50719737387419,5.442828280030319,0,feet,0.0,-0.08543134297968713,-0.2818315114878702,-39.5018720351754,63.70001399999999,9.60000273979955,-39.50719737387419,59.93459691168532,0.0,1,0.0,0.0,-0.08543134297968713,-0.28183154109308184,-39.5018720351754,-63.70001399999998,9.60000273979955,-39.507197373874185,-59.93459691168532,0.0,1,0.0,0.0,0.19048717244349245,-0.5351438204996537,71.00284241181755,63.70001399999999,9.600291617959819,70.98809975587952,62.45001586773867,0.0,1,-2.1316282072803006e-14,0.0,0.1904871724434969,-0.5351438204996524,71.00284241181741,-63.70001399999998,9.60029161795989,70.98809975587932,-62.45001586773867,0.0,1,4.973799150320701e-14
1.3,1300000,rear_pair_shake_1,0.0,0.0,66.07419269918071,0.9961297159755558,0.0,0.0878953295144772,0.0,0.0,0.0,66.07419269918071,39.48805781796537,5.433533899244793,0,feet,0.0,-0.08734106927608698,-0.2813187585551118,-39.4920690308012,63.70001399999999,9.599998371404311,-39.48805781796538,66.27374638689588,0.0,1,2.842170943040401e-14,0.0,-0.08734106927608698,-0.2813187881123618,-39.4920690308012,-63.70001399999998,9.599998371404311,-39.48805781796536,-66.27374638689588,0.0,1,2.842170943040401e-14,0.0,0.18954704057041605,-0.5356816255776122,71.00361299059301,63.70001399999999,9.600290403697286,70.98809975587952,62.45001586773867,0.0,1,-2.842170943040401e-14,0.0,0.18954704057042138,-0.5356816255776091,71.00361299059281,-63.70001399999998,9.600290403697322,70.98809975587932,-62.45001586773867,0.0,1,7.105427357601002e-15
1.3083333333333333,1308333,rear_pair_shake_1,0.0,0.0,66.13421006123373,0.9960947824273236,0.0,0.08829034160689798,0.0,0.0,0.0,66.13421006123373,39.477052015560105,5.42119689114007,0,feet,0.0,-0.08988456300571235,-0.28063402325337305,-39.47900537600092,63.70001399999999,9.600004473175382,-39.477052015560105,60.71151150841919,0.0,1,1.4210854715202004e-14,0.0,-0.08988456300571235,-0.2806340527465494,-39.47900537600092,-63.70001399999998,9.600004473175382,-39.477052015560105,-60.71151150841919,0.0,1,1.4210854715202004e-14,0.0,0.18829513616550964,-0.5363973840616789,71.00463657936001,63.70001399999999,9.60028869509889,70.98809975587952,62.45001586773867,0.0,1,2.1316282072803006e-14,0.0,0.18829513616551408,-0.5363973840616758,71.00463657935983,-63.70001399999998,9.600288695098897,70.98809975587932,-62.45001586773867,0.0,1,2.842170943040401e-14
1.3166666666666667,1316667,rear_pair_shake_1,0.0,0.0,66.21028376664792,0.9960502780616632,0.0,0.08879101065582838,0.0,0.0,0.0,66.21028376664792,39.45938243187273,5.405614271501207,0,feet,0.0,-0.09311198423852396,-0.27976185024200895,-39.4624161176723,63.70001399999999,9.599997526012132,-39.45938243187271,60.73333348422281,0.0,1,-7.105427357601002e-15,0.0,-0.09311198423852396,-0.27976187965352795,-39.46241611767233,-63.70001399999998,9.599997526012096,-39.459382431872754,-60.73333348422281,0.0,1,-4.263256414560601e-14,0.0,0.1867072780595671,-0.5373045667057998,71.00593070944608,63.70001399999999,9.600286378690392,70.98809975587952,62.45001586773867,0.0,1,-3.552713678800501e-14,0.0,0.186707278059572,-0.5373045667057972,71.00593070944592,-63.70001399999998,9.600286378690441,70.98809975587932,-62.45001586773867,0.0,1,1.4210854715202004e-14
1.325,1325000,rear_pair_shake_1,0.0,0.0,66.30320995687114,0.9959955732677542,0.0,0.08940256165814095,0.0,0.0,0.0,66.30320995687114,39.440267170544374,5.386663044790126,0,feet,0.0,-0.09705913544944478,-0.27869042379138564,-39.44210862622213,63.70001399999999,9.599998301067771,-39.44026717054437,60.74619282880431,0.0,1,0.0,0.0,-0.09705913544944478,-0.2786904531025285,-39.44210862622213,-63.70001399999998,9.599998301067771,-39.44026717054439,-60.74619282880431,0.0,1,0.0,0.0,0.1847660966076945,-0.5384126196546073,71.00750655023924,63.70001399999999,9.60028332249135,70.98809975587952,62.45001586773867,0.0,1,-5.684341886080802e-14,0.0,0.18476609660769938,-0.5384126196546042,71.00750655023904,-63.70001399999998,9.600283322491393,70.98809975587932,-62.45001586773867,0.0,1,-1.4210854715202004e-14
1.3333333333333333,1333333,rear_pair_shake_1,0.0,0.0,66.41346829476328,0.9959301781424209,0.0,0.09012813248484525,0.0,0.0,0.0,66.41346829476328,39.440267170544374,5.364296296178637,0,feet,0.0,-0.1017500862372569,-0.2774099038107414,-39.41794684718931,63.70001399999999,9.599972529889278,-39.44026717054437,60.74619282880431,0.0,1,2.1316282072803006e-14,0.0,-0.1017500862372569,-0.27740993300182293,-39.41794684718931,-63.70001399999998,9.599972529889278,-39.44026717054439,-60.74619282880431,0.0,1,2.1316282072803006e-14,0.0,0.18246061982984507,-0.5397271984064154,71.00936925717569,63.70001399999999,9.600279376356163,70.98809975587952,62.45001586773867,0.0,1,4.973799150320701e-14,0.0,0.18246061982984996,-0.5397271984064123,71.00936925717549,-63.70001399999998,9.600279376356184,70.98809975587932,-62.45001586773867,0.0,1,7.105427357601002e-14
1.3416666666666666,1341667,rear_pair_shake_1,0.0,0.0,66.54124174450799,0.9958537334749349,0.0,0.09096890415979218,0.0,0.0,0.0,66.54124174450799,39.326713466059246,5.338538611224465,0,feet,0.0,-0.10719329317881732,-0.27591602219538514,-39.38987758772274,63.70001399999999,9.600097695031657,-39.32671346605923,63.700015918920016,0.0,1,7.105427357601002e-15,0.0,-0.10719329317881643,-0.27591605124626906,-39.38987758772278,-63.70001399999998,9.600097695031664,-39.32671346605926,-63.700015918920016,0.0,1,1.4210854715202004e-14,0.0,0.1797858726086221,-0.5412504021209981,71.01151836491172,63.70001399999999,9.600274374439785,70.98809975587952,62.45001586773867,0.0,1,7.105427357601002e-15,0.0,0.17978587260862566,-0.5412504021209954,71.01151836491154,-63.70001399999998,9.600274374439763,70.98809975587932,-62.45001586773867,0.0,1,-7.105427357601002e-15
1.35,1350000,rear_pair_shake_1,0.0,0.0,66.68643635152446,0.9957660044847679,0.0,0.09192423136714856,0.0,0.0,0.0,66.68643635152446,39.326713466059246,5.309480835553302,0,feet,0.0,-0.11339141964816069,-0.27420268071031373,-39.35786780393677,63.70001399999999,9.600254937638312,-39.32671346605923,63.700015918920016,0.0,1,-7.105427357601002e-15,0.0,-0.11339141964815935,-0.2742027096002295,-39.35786780393681,-63.70001399999998,9.600254937638361,-39.32671346605926,-63.700015918920016,0.0,1,4.263256414560601e-14,0.0,0.1767424885577875,-0.5429810084131228,71.01394822322263,63.70001399999999,9.600268139615125,70.98809975587952,62.45001586773867,0.0,1,-4.263256414560601e-14,0.0,0.17674248855779195,-0.5429810084131197,71.01394822322249,-63.70001399999998,9.600268139615146,70.98809975587932,-62.45001586773867,0.0,1,-1.4210854715202004e-14
1.3583333333333334,1358333,rear_pair_shake_1,0.0,0.0,66.8487010223792,0.9956668770832903,0.0,0.09299177318025585,0.0,0.0,0.0,66.8487010223792,39.326713466059246,5.277274220657546,0,feet,0.0,-0.12033724154828951,-0.27226568209636337,-39.3219343575276,63.70001399999999,9.600304298330272,-39.32671346605923,63.700015918920016,0.0,1,-2.1316282072803006e-14,0.0,-0.12033724154828906,-0.2722657108040698,-39.32193435752763,-63.70001399999998,9.600304298330258,-39.32671346605926,-63.700015918920016,0.0,1,-3.552713678800501e-14,0.0,0.17333633347235144,-0.5449147088038568,71.01664847034804,63.70001399999999,9.60026048952195,70.98809975587952,62.45001586773867,0.0,1,7.105427357601002e-15,0.0,0.17333633347235589,-0.5449147088038542,71.01664847034789,-63.70001399999998,9.600260489522,70.98809975587932,-62.45001586773867,0.0,1,5.684341886080802e-14
1.3666666666666667,1366667,rear_pair_shake_1,0.0,0.0,67.02744730469769,0.9955563563107793,0.0,0.09416762399681014,0.0,0.0,0.0,67.02744730469769,39.31224530303281,5.24212402892438,0,feet,0.0,-0.12801149509678256,-0.2701050230219364,-39.28215830807426,63.70001399999999,9.60024836263728,-39.31224530303281,63.70001591896379,0.0,1,0.0,0.0,-0.12801149509678256,-0.27010505152611053,-39.28215830807426,-63.70001399999998,9.60024836263728,-39.31224530303282,-63.7000159189638,0.0,1,0.0,0.0,0.16957813871556615,-0.5470443450204758,71.01960453630097,63.70001399999999,9.600251243826143,70.98809975587952,62.45001586773867,0.0,1,4.263256414560601e-14,0.0,0.1695781387155706,-0.5470443450204723,71.01960453630082,-63.70001399999998,9.600251243826108,70.98809975587932,-62.45001586773867,0.0,1,7.105427357601002e-15
1.375,1375000,rear_pair_shake_1,0.0,0.0,67.22186916707622,0.9954345665095287,0.0,0.09544644465870253,0.0,0.0,0.0,67.22186916707622,39.31224530303281,5.204282692062847,0,feet,0.0,-0.13638749409600281,-0.26772168824373566,-39.23865680628187,63.70001399999999,9.600013467945338,-39.31224530303281,63.70001591896379,0.0,1,2.842170943040401e-14,0.0,-0.13638749409600237,-0.2677217165230483,-39.23865680628188,-63.70001399999998,9.600013467945338,-39.31224530303282,-63.7000159189638,0.0,1,2.842170943040401e-14,0.0,0.165483142481071,-0.5493601463349052,71.0227981670962,63.70001399999999,9.600240232204285,70.98809975587952,62.45001586773867,0.0,1,4.263256414560601e-14,0.0,0.16548314248107543,-0.549360146334902,71.02279816709601,-63.70001399999998,9.6002402322043,70.98809975587932,-62.45001586773867,0.0,1,5.684341886080802e-14
1.3833333333333333,1383333,rear_pair_shake_1,0.0,0.0,67.4309627789936,0.9953017527301895,0.0,0.09682159372894368,0.0,0.0,0.0,67.4309627789936,39.196043037650426,5.164042632880324,0,feet,0.0,-0.14542190695851476,-0.26512565750037353,-39.19164444349033,63.70001399999999,9.599996116127251,-39.19604303765043,65.90477742429005,0.0,1,4.263256414560601e-14,0.0,-0.1454219069585152,-0.26512568553433535,-39.19164444349032,-63.70001399999998,9.599996116127244,-39.19604303765042,-65.90477742429005,0.0,1,3.552713678800501e-14,0.0,0.16107073658025284,-0.5518499681058224,71.02620795993974,63.70001399999999,9.600227302546458,70.98809975587952,62.45001586773867,0.0,1,5.684341886080802e-14,0.0,0.16107073658025728,-0.5518499681058184,71.02620795993953,-63.70001399999998,9.600227302546351,70.98809975587932,-62.45001586773867,0.0,1,-4.973799150320701e-14
1.3916666666666666,1391667,rear_pair_shake_1,0.0,0.0,67.6535462907229,0.9951582828296252,0.0,0.09828525889263237,0.0,0.0,0.0,67.6535462907229,39.1362986664566,5.121728871409729,0,feet,0.0,-0.15507463881065853,-0.26232041735692535,-39.14130382317957,63.70001399999999,9.600002265331113,-39.1362986664566,59.9925097393973,0.0,1,7.105427357601002e-15,0.0,-0.15507463881065853,-0.2623204451252641,-39.14130382317957,-63.70001399999998,9.600002265331113,-39.1362986664566,-59.99250973939729,0.0,1,7.105427357601002e-15,0.0,0.15636411623559576,-0.5544995316399421,71.02980989913164,63.70001399999999,9.600212328887494,70.98809975587952,62.45001586773867,0.0,1,-2.1316282072803006e-14,0.0,0.15636411623559932,-0.5544995316399404,71.02980989913151,-63.70001399999998,9.600212328887508,70.98809975587932,-62.45001586773867,0.0,1,-7.105427357601002e-15
1.4,1400000,rear_pair_shake_1,0.0,0.0,67.88827961324321,0.9950046497023557,0.0,0.09982858844385387,0.0,0.0,0.0,67.88827961324321,39.08636250461428,5.077691543124331,0,feet,0.0,-0.1652957186993662,-0.25931396184296185,-39.08787640403779,63.70001399999999,9.600005264711427,-39.08636250461427,59.94669713257886,0.0,1,7.105427357601002e-15,0.0,-0.1652957186993662,-0.25931398932604477,-39.08787640403779,-63.70001399999998,9.600005264711427,-39.086362504614286,-59.94669713257886,0.0,1,7.105427357601002e-15,0.0,0.1513899302996502,-0.5572926654156065,71.03357788271953,63.70001399999999,9.600195218627285,70.98809975587952,62.45001586773867,0.0,1,5.684341886080802e-14,0.0,0.15138993029965464,-0.5572926654156034,71.03357788271937,-63.70001399999998,9.600195218627292,70.98809975587932,-62.45001586773867,0.0,1,6.394884621840902e-14
1.4083333333333334,1408333,rear_pair_shake_1,0.0,0.0,68.1336841981514,0.9948414730919752,0.0,0.10144182281578269,0.0,0.0,0.0,68.1336841981514,39.00664531212462,5.03229845971498,0,feet,0.0,-0.1760236473202288,-0.2561207816658162,-39.0316719273928,63.70001399999999,9.600266044142884,-39.00664531212462,63.700015919151575,0.0,1,-1.4210854715202004e-14,0.0,-0.1760236473202288,-0.25612080884526334,-39.03167192739279,-63.70001399999998,9.600266044142913,-39.00664531212462,-63.70001591915158,0.0,1,1.4210854715202004e-14,0.0,0.14617792935499319,-0.5602115476212912,71.03748423073638,63.70001399999999,9.600175918670303,70.98809975587952,62.45001586773867,0.0,1,7.105427357601002e-15,0.0,0.14617792935499674,-0.5602115476212881,71.03748423073627,-63.70001399999998,9.60017591867026,70.98809975587932,-62.45001586773867,0.0,1,-3.552713678800501e-14
1.4166666666666667,1416667,rear_pair_shake_1,0.0,0.0,68.38816281757384,0.9946695004515623,0.0,0.10311442610730799,0.0,0.0,0.0,68.38816281757384,38.95415336597854,4.985927841875217,0,feet,0.0,-0.18720546484242728,-0.25274604885134977,-38.97293959047196,63.70001399999999,9.600283250434522,-38.95415336597854,63.700015919036375,0.0,1,7.105427357601002e-15,0.0,-0.18720546484242728,-0.2527460757091484,-38.97293959047196,-63.70001399999998,9.600283250434522,-38.95415336597854,-63.700015919036375,0.0,1,7.105427357601002e-15,0.0,0.14076109523668956,-0.5632372844097389,71.04149703849167,63.70001399999999,9.600187901638378,71.0883044584149,62.4500158716601,0.0,1,0.0,0.0,0.140761095236694,-0.5632372844097358,71.0414970384915,-63.70001399999998,9.600187901638364,71.08830445841471,-62.4500158716601,0.0,1,-1.4210854715202004e-14
1.425,1425000,rear_pair_shake_1,0.0,0.0,68.65001934407817,0.9944896063609158,0.0,0.10483521755646191,0.0,0.0,0.0,68.65001934407817,38.906437467335884,4.938961348920834,0,feet,0.0,-0.19876939053374798,-0.2492083158451046,-38.91204983823289,63.70001399999999,9.600299158372913,-38.90643746733589,63.70001591889352,0.0,1,3.552713678800501e-14,0.0,-0.19876939053374798,-0.24920834236488432,-38.9120498382329,-63.70001399999998,9.600299158372891,-38.906437467335884,-63.70001591889351,0.0,1,1.4210854715202004e-14,0.0,0.13517395333303428,-0.5663492437679563,71.04558915334007,63.70001399999999,9.600206981312269,71.0883044584149,62.4500158716601,0.0,1,4.263256414560601e-14,0.0,0.13517395333303783,-0.5663492437679536,71.04558915333996,-63.70001399999998,9.600206981312262,71.08830445841471,-62.4500158716601,0.0,1,3.552713678800501e-14
1.4333333333333333,1433333,rear_pair_shake_1,0.0,0.0,68.91747853058503,0.9943027900612411,0.0,0.10659250290912355,0.0,0.0,0.0,68.91747853058503,38.8305943634513,4.891777522012845,0,feet,0.0,-0.21064432203512728,-0.24552425088458607,-38.84936585460717,63.70001399999999,9.600281499775285,-38.8305943634513,63.70001591859285,0.0,1,2.842170943040401e-14,0.0,-0.21064432203512728,-0.24552427705144764,-38.84936585460721,-63.70001399999998,9.600281499775264,-38.8305943634513,-63.70001591859284,0.0,1,7.105427357601002e-15,0.0,0.1294532650809228,-0.5695260312988979,71.04973172585832,63.70001399999999,9.600224519542593,71.0883044584149,62.4500158716601,0.0,1,0.0,0.0,0.12945326508092725,-0.5695260312988952,71.0497317258582,-63.70001399999998,9.600224519542628,71.08830445841471,-62.4500158716601,0.0,1,3.552713678800501e-14
1.4416666666666667,1441667,rear_pair_shake_1,0.0,0.0,69.18870579027983,0.9941101707325026,0.0,0.10837420563120381,0.0,0.0,0.0,69.18870579027983,38.8305943634513,4.844745746409259,0,feet,0.0,-0.22275544891735333,-0.24171267721654477,-38.78527378430655,63.70001399999999,9.600192877693303,-38.8305943634513,63.70001591859285,0.0,1,0.0,0.0,-0.22275544891735333,-0.24171270301727876,-38.78527378430655,-63.70001399999998,9.600192877693303,-38.8305943634513,-63.70001591859284,0.0,1,0.0,0.0,0.12363754180351583,-0.5727456652624201,71.05389526225946,63.70001399999999,9.600240345352987,71.0883044584149,62.4500158716601,0.0,1,-2.1316282072803006e-14,0.0,0.12363754180351982,-0.5727456652624183,71.05389526225932,-63.70001399999998,9.60024034535303,71.08830445841471,-62.4500158716601,0.0,1,2.1316282072803006e-14
1.45,1450000,rear_pair_shake_1,0.0,0.0,69.46182697652446,0.9939129802128576,0.0,0.11016799791407572,0.0,0.0,0.0,69.46182697652446,38.788489321948894,4.798220823723071,0,feet,0.0,-0.23502934237780293,-0.23779078137663445,-38.72015359176646,63.70001399999999,9.599757101260117,-38.788489321948894,61.16236294898136,0.0,1,1.4210854715202004e-14,0.0,-0.23502934237780293,-0.23779080679957687,-38.72015359176646,-63.70001399999998,9.599757101260117,-38.788489321948894,-61.162362948981354,0.0,1,1.4210854715202004e-14,0.0,0.11776652858212833,-0.575985737339864,71.05805073513476,63.70001399999999,9.600254340044941,71.0883044584149,62.4500158716601,0.0,1,1.4210854715202004e-14,0.0,0.11776652858213277,-0.5759857373398609,71.05805073513457,-63.70001399999998,9.600254340044877,71.08830445841471,-62.4500158716601,0.0,1,-4.973799150320701e-14
1.4583333333333333,1458333,rear_pair_shake_1,0.0,0.0,69.7349481627691,0.993712552941193,0.0,0.1119614314266158,0.0,0.0,0.0,69.7349481627691,38.62809827516551,4.752538227846443,0,feet,0.0,-0.24736538559597143,-0.23379825947699384,-38.65456021159619,63.70001399999999,9.59996676050924,-38.628098275165506,60.000671282292835,0.0,1,2.1316282072803006e-14,0.0,-0.247365385595971,-0.2337982845142168,-38.654560211596205,-63.70001399999998,9.599966760509247,-38.62809827516552,-60.00067128229284,0.0,1,2.842170943040401e-14,0.0,0.11188079754600944,-0.5792236566251021,71.06216987368796,63.70001399999999,9.600266437177915,71.0883044584149,62.4500158716601,0.0,1,-7.105427357601002e-15,0.0,0.11188079754601388,-0.5792236566251003,71.06216987368784,-63.70001399999998,9.600266437177993,71.08830445841471,-62.4500158716601,0.0,1,7.105427357601002e-14
1.4666666666666666,1466667,rear_pair_shake_1,0.0,0.0,70.0061754224639,0.9935103129906213,0.0,0.11374206777300006,0.0,0.0,0.0,70.0061754224639,38.595339628814166,4.708010098317189,0,feet,0.0,-0.2596961895479386,-0.2297481141147344,-38.58883090994415,63.70001399999999,9.600004419874239,-38.59533962881415,59.93915928862313,0.0,1,2.1316282072803006e-14,0.0,-0.25969618954793816,-0.22974813875949973,-38.588830909944164,-63.70001399999998,9.600004419874239,-38.59533962881418,-59.93915928862313,0.0,1,2.842170943040401e-14,0.0,0.10602132794488206,-0.5824368921291176,71.06622541648284,63.70001399999999,9.600276620870396,71.0883044584149,62.4500158716601,0.0,1,-2.1316282072803006e-14,0.0,0.10602132794488695,-0.582436892129115,71.06622541648265,-63.70001399999998,9.600276620870432,71.08830445841471,-62.4500158716601,0.0,1,1.4210854715202004e-14
1.475,1475000,rear_pair_shake_1,0.0,0.0,70.27363460897075,0.9933077581506566,0.0,0.11549760862336786,0.0,0.0,0.0,70.27363460897075,38.51140737958346,4.664922002844577,0,feet,0.0,-0.27193479016655786,-0.2256701595689572,-38.52344043437029,63.70001399999999,9.599995182890545,-38.51140737958343,60.43318737930498,0.0,1,-7.105427357601002e-15,0.0,-0.27193479016655697,-0.22567018381736315,-38.523440434370336,-63.70001399999998,9.599995182890552,-38.51140737958348,-60.43318737930498,0.0,1,0.0,0.0,0.10022907286391947,-0.5856032132803186,71.07019133062566,63.70001399999999,9.6002849226429,71.0883044584149,62.4500158716601,0.0,1,-4.263256414560601e-14,0.0,0.10022907286392346,-0.585603213280316,71.07019133062552,-63.70001399999998,9.600284922642913,71.08830445841471,-62.4500158716601,0.0,1,-2.842170943040401e-14
1.4833333333333334,1483333,rear_pair_shake_1,0.0,0.0,70.53549113547508,0.9931064411065247,0.0,0.11721602549452365,0.0,0.0,0.0,70.53549113547508,38.46260664123572,4.623530476961449,0,feet,0.0,-0.2839950869544121,-0.22159501200210752,-38.45885743826547,63.70001399999999,9.600000080237265,-38.46260664123571,61.53205098050341,0.0,1,0.0,0.0,-0.28399508695441167,-0.22159503585320683,-38.45885743826552,-63.70001399999998,9.600000080237244,-38.462606641235745,-61.53205098050341,0.0,1,-2.1316282072803006e-14,0.0,0.09454451284563348,-0.5887009279683255,71.07404300237584,63.70001399999999,9.60029141704534,71.0883044584149,62.4500158716601,0.0,1,-4.973799150320701e-14,0.0,0.09454451284563836,-0.5887009279683229,71.07404300237567,-63.70001399999998,9.600291417045383,71.08830445841471,-62.4500158716601,0.0,1,-7.105427357601002e-15
1.4916666666666667,1491667,rear_pair_shake_1,0.0,0.0,70.78996975489753,0.9929079478534923,0.0,0.11888568916975062,0.0,0.0,0.0,70.78996975489753,38.41959726546888,4.584061323905345,0,feet,0.0,-0.2957936241586374,-0.2175528560357498,-38.395539035719125,63.70001399999999,9.599967841425148,-38.41959726546886,60.73948086590802,0.0,1,3.552713678800501e-14,0.0,-0.2957936241586374,-0.21755287949153912,-38.39553903571917,-63.70001399999998,9.599967841425098,-38.4195972654689,-60.73948086590802,0.0,1,-1.4210854715202004e-14,0.0,0.08900719707911664,-0.5917091177776017,71.07775740492214,63.70001399999999,9.60029621631471,71.0883044584149,62.4500158716601,0.0,1,1.4210854715202004e-14,0.0,0.08900719707912019,-0.5917091177775999,71.07775740492197,-63.70001399999998,9.600296216314646,71.08830445841471,-62.4500158716601,0.0,1,-4.973799150320701e-14
1.5,1500000,rear_pair_shake_1,0.0,0.0,71.03537433980571,0.9927138735700902,0.0,0.12049549876018975,0.0,0.0,0.0,71.03537433980571,38.3501791123996,4.5467086325304535,0,feet,0.0,-0.3072454668905955,-0.21357733268383994,-38.33395616816197,63.70001399999999,9.599988318402858,-38.35017911239958,59.93398274193727,0.0,1,7.105427357601002e-15,0.0,-0.3072454668905946,-0.2135773557496381,-38.33395616816201,-63.70001399999998,9.599988318402865,-38.350179112399616,-59.93398274193727,0.0,1,7.105427357601002e-15,0.0,0.08365527319556776,-0.5946078701847539,71.08131324946561,63.70001399999999,9.600299464304285,71.0883044584149,62.4500158716601,0.0,1,0.0,0.0,0.0836552731955722,-0.5946078701847521,71.08131324946544,-63.70001399999998,9.600299464304342,71.08830445841471,-62.4500158716601,0.0,1,5.684341886080802e-14
1.5083333333333333,1508333,rear_pair_shake_1,0.0,0.0,71.27010766232603,0.9925257962545202,0.0,0.12203501042459379,0.0,0.0,0.0,71.27010766232603,38.3501791123996,4.5116344460684985,0,feet,0.0,-0.3182773065051192,-0.20969501893088927,-38.27450970055139,63.70001399999999,9.599703799467015,-38.35017911239958,59.93398274193727,0.0,1,-7.105427357601002e-15,0.0,-0.3182773065051192,-0.20969504161468322,-38.27450970055136,-63.70001399999998,9.599703799467008,-38.350179112399616,-59.93398274193727,0.0,1,-1.4210854715202004e-14,0.0,0.07852500706159571,-0.5973785076432003,71.08469112582638,63.70001399999999,9.600301329914188,71.0883044584149,62.4500158716601,0.0,1,4.263256414560601e-14,0.0,0.0785250070615997,-0.5973785076431977,71.08469112582618,-63.70001399999998,9.600301329914146,71.08830445841471,-62.4500158716601,0.0,1,0.0
1.5166666666666666,1516667,rear_pair_shake_1,0.0,0.0,71.49269117405532,0.9923452485012751,0.0,0.12349456577899526,0.0,0.0,0.0,71.49269117405532,38.193110074496275,4.4789689907247805,0,feet,0.0,-0.32879416845268583,-0.20595353496148983,-38.217747919038615,63.70001399999999,9.599970223064162,-38.19311007449625,61.154281506932776,0.0,1,-7.105427357601002e-15,0.0,-0.3287941684526854,-0.20595355727604092,-38.21774791903863,-63.70001399999998,9.599970223064169,-38.193110074496296,-61.154281506932776,0.0,1,0.0,0.0,0.07365029427988157,-0.6000038136431094,71.0878736385725,63.70001399999999,9.60030200023511,71.0883044584149,62.4500158716601,0.0,1,1.4210854715202004e-14,0.0,0.07365029427988512,-0.6000038136431072,71.08787363857238,-63.70001399999998,9.600302000235125,71.08830445841471,-62.4500158716601,0.0,1,2.842170943040401e-14
1.525,1525000,rear_pair_shake_1,0.0,0.0,71.7017847859727,0.9921736878579662,0.0,0.12486542004223217,0.0,0.0,0.0,71.7017847859727,38.13673231496155,4.4488113513002645,0,feet,0.0,-0.3387407348789693,-0.2023709328167942,-38.16396481027772,63.70001399999999,9.599965584124945,-38.13673231496151,61.901740917708295,0.0,1,1.4210854715202004e-14,0.0,-0.3387407348789684,-0.20237095477676537,-38.163964810277776,-63.70001399999998,9.59996558412493,-38.136732314961584,-61.901740917708295,0.0,1,0.0,0.0,0.06906216538199361,-0.6024682560035353,71.0908455441998,63.70001399999999,9.600301673604136,71.0883044584149,62.4500158716601,0.0,1,-2.1316282072803006e-14,0.0,0.06906216538199716,-0.6024682560035326,71.09084554419967,-63.70001399999998,9.60030167360415,71.08830445841471,-62.4500158716601,0.0,1,0.0
1.5333333333333334,1533333,rear_pair_shake_1,0.0,0.0,71.89620664835124,0.9920124662534671,0.0,0.12613986997660162,0.0,0.0,0.0,71.89620664835124,38.1137169399299,4.421230462194558,0,feet,0.0,-0.3480439498753789,-0.19898365732678203,-38.11358229675932,63.70001399999999,9.600005934166028,-38.11371693992986,59.97422398009301,0.0,1,0.0,0.0,-0.34804394987537757,-0.1989836789505839,-38.11358229675939,-63.70001399999998,9.600005934166035,-38.11371693992994,-59.974223980093,0.0,1,7.105427357601002e-15,0.0,0.06478828692158389,-0.6047582078172962,71.09359389423497,63.70001399999999,9.600300552753112,71.0883044584149,62.4500158716601,0.0,1,-3.552713678800501e-14,0.0,0.06478828692158789,-0.6047582078172944,71.0935938942348,-63.70001399999998,9.60030055275314,71.08830445841471,-62.4500158716601,0.0,1,-7.105427357601002e-15
1.5416666666666667,1541667,rear_pair_shake_1,0.0,0.0,72.07495293066972,0.9918627990256866,0.0,0.12731138169437328,0.0,0.0,0.0,72.07495293066972,38.0671424172509,4.396266267203075,0,feet,0.0,-0.3566466537345008,-0.19581905511346953,-38.06692590094339,63.70001399999999,9.600004018031015,-38.06714241725086,60.147888072357176,0.0,1,-2.1316282072803006e-14,0.0,-0.35664665373449855,-0.19581907642238328,-38.06692590094346,-63.70001399999998,9.600004018031065,-38.06714241725094,-60.147888072357176,0.0,1,2.842170943040401e-14,0.0,0.06085246083903595,-0.6068621666166636,71.09610818835787,63.70001399999999,9.600298838219743,71.0883044584149,62.4500158716601,0.0,1,3.552713678800501e-14,0.0,0.060852460839039946,-0.6068621666166605,71.0961081883577,-63.70001399999998,9.600298838219736,71.08830445841471,-62.4500158716601,0.0,1,2.842170943040401e-14
1.55,1550000,rear_pair_shake_1,0.0,0.0,72.23721760152446,0.9917257340985088,0.0,0.1283747184097151,0.0,0.0,0.0,72.23721760152446,38.01778033223511,4.373930891400036,0,feet,0.0,-0.3644978094809086,-0.1929038655069646,-38.024290243467746,63.70001399999999,9.600001908520213,-38.01778033223508,60.30112636803076,0.0,1,-7.105427357601002e-15,0.0,-0.36449780948090726,-0.19290388652510204,-38.0242902434678,-63.70001399999998,9.600001908520227,-38.017780332235155,-60.301126368030765,0.0,1,7.105427357601002e-15,0.0,0.057274124561636164,-0.6087709724490793,71.09838054080882,63.70001399999999,9.60029672217938,71.0883044584149,62.4500158716601,0.0,1,4.263256414560601e-14,0.0,0.05727412456164016,-0.6087709724490766,71.09838054080868,-63.70001399999998,9.600296722179337,71.08830445841471,-62.4500158716601,0.0,1,0.0
1.5583333333333333,1558333,rear_pair_shake_1,0.0,0.0,72.38241220854094,0.9916021218606237,0.0,0.12932606822102324,0.0,0.0,0.0,72.38241220854094,37.966132429531505,4.3542096639877315,0,feet,0.0,-0.37155811563942276,-0.190259860440134,-37.985904358923506,63.70001399999999,9.599975725579228,-37.96613242953148,60.91776836540593,0.0,1,1.4210854715202004e-14,0.0,-0.3715581156394214,-0.19025988119395576,-37.98590435892357,-63.70001399999998,9.599975725579228,-37.96613242953153,-60.91776836540592,0.0,1,7.105427357601002e-15,0.0,0.05406785431700856,-0.6104780256372457,71.1004058625282,63.70001399999999,9.600294382847963,71.0883044584149,62.4500158716601,0.0,1,0.0,0.0,0.05406785431701211,-0.6104780256372444,71.10040586252806,-63.70001399999998,9.600294382847999,71.08830445841471,-62.4500158716601,0.0,1,3.552713678800501e-14
1.5666666666666667,1566667,rear_pair_shake_1,0.0,0.0,72.51018565828565,0.9914925862820565,0.0,0.1301631720100531,0.0,0.0,0.0,72.51018565828565,37.96451706589195,4.337061833125105,0,feet,0.0,-0.3777981315297758,-0.1879057987275492,-37.951944509679976,63.70001399999999,9.59999110992728,-37.964517065891904,60.5174807372033,0.0,1,0.0,0.0,-0.3777981315297736,-0.18790581924556582,-37.951944509680104,-63.70001399999998,9.599991109927295,-37.96451706589199,-60.5174807372033,0.0,1,1.4210854715202004e-14,0.0,0.051242874062206845,-0.6119795050389651,71.10218206072182,63.70001399999999,9.600291979595085,71.0883044584149,62.4500158716601,0.0,1,-1.4210854715202004e-14,0.0,0.05124287406221084,-0.611979505038962,71.10218206072163,-63.70001399999998,9.60029197959507,71.08830445841471,-62.4500158716601,0.0,1,-2.842170943040401e-14
1.575,1575000,rear_pair_shake_1,0.0,0.0,72.62044399617778,0.9913974977650946,0.0,0.13088545154106837,0.0,0.0,0.0,72.62044399617778,37.907559637169165,4.322420823180238,0,feet,0.0,-0.38320311415533137,-0.18585372919030574,-37.922504181617256,63.70001399999999,9.60004708127768,-37.907559637169115,62.45001590766261,0.0,1,4.973799150320701e-14,0.0,-0.3832031141553296,-0.1858537495024004,-37.92250418161738,-63.70001399999998,9.600047081277658,-37.907559637169214,-62.45001590766262,0.0,1,2.842170943040401e-14,0.0,0.04880257225662854,-0.613274587612767,71.10371025688394,63.70001399999999,9.600289648895881,71.0883044584149,62.4500158716601,0.0,1,7.105427357601002e-15,0.0,0.04880257225663209,-0.6132745876127652,71.1037102568838,-63.70001399999998,9.60028964889591,71.08830445841471,-62.4500158716601,0.0,1,4.263256414560601e-14
1.5833333333333333,1583333,rear_pair_shake_1,0.0,0.0,72.71337018640101,0.9913169481629043,0.0,0.1314941378350599,0.0,0.0,0.0,72.71337018640101,37.907559637169165,4.310193902242986,0,feet,0.0,-0.38777496361250163,-0.184107746134198,-37.89758220517355,63.70001399999999,9.600053528653206,-37.907559637169115,62.45001590766261,0.0,1,7.105427357601002e-15,0.0,-0.3877749636124994,-0.1841077662708166,-37.89758220517366,-63.70001399999998,9.600053528653234,-37.907559637169214,-62.45001590766262,0.0,1,3.552713678800501e-14,0.0,0.046744028423741035,-0.6143656700316877,71.10499502375569,63.70001399999999,9.600287501234135,71.0883044584149,62.4500158716601,0.0,1,0.0,0.0,0.04674402842374592,-0.6143656700316846,71.10499502375549,-63.70001399999998,9.60028750123417,71.08830445841471,-62.4500158716601,0.0,1,3.552713678800501e-14
1.5916666666666666,1591667,rear_pair_shake_1,0.0,0.0,72.78944389181521,0.99125072830931,0.0,0.13199239988068417,0.0,0.0,0.0,72.78944389181521,37.907559637169165,4.300261153637152,0,feet,0.0,-0.39152957100578467,-0.18266661385632643,-37.87710158874516,63.70001399999999,9.600010396319476,-37.907559637169115,62.45001590766261,0.0,1,-7.105427357601002e-15,0.0,-0.39152957100578334,-0.18266663384791837,-37.87710158874526,-63.70001399999998,9.600010396319476,-37.907559637169214,-62.45001590766262,0.0,1,-7.105427357601002e-15,0.0,0.04505755104442777,-0.6152585929681451,71.10604464122375,63.70001399999999,9.600285619044797,71.0883044584149,62.4500158716601,0.0,1,4.263256414560601e-14,0.0,0.045057551044431765,-0.6152585929681433,71.10604464122356,-63.70001399999998,9.600285619044776,71.08830445841471,-62.4500158716601,0.0,1,2.1316282072803006e-14
1.6,1600000,rear_pair_shake_1,0.0,0.0,72.84946125386821,0.9911983082847965,0.0,0.13238547372486706,0.0,0.0,0.0,72.84946125386821,37.907559637169165,4.292473680025978,0,feet,0.0,-0.39449937328580376,-0.18152206078008737,-37.86089336519753,63.70001399999999,9.599945289490819,-37.907559637169115,62.45001590766261,0.0,1,4.263256414560601e-14,0.0,-0.3944993732858024,-0.18152208065637643,-37.860893365197626,-63.70001399999998,9.599945289490805,-37.907559637169214,-62.45001590766262,0.0,1,2.842170943040401e-14,0.0,0.04372622779336455,-0.6159628684993184,71.10687137073145,63.70001399999999,9.60028405575018,71.0883044584149,62.4500158716601,0.0,1,2.1316282072803006e-14,0.0,0.0437262277933681,-0.6159628684993157,71.10687137073126,-63.70001399999998,9.600284055750159,71.08830445841471,-62.4500158716601,0.0,1,0.0
1.6083333333333334,1608333,rear_pair_shake_1,0.0,0.0,72.8945546725076,0.9911588204946326,0.0,0.13268079196209487,0.0,0.0,0.0,72.8945546725076,37.82261585742711,4.286651012841332,0,feet,0.0,-0.39673318841622685,-0.18065936230906,-37.84869880190004,63.70001399999999,9.59996816019406,-37.822615857427024,61.526035193091204,0.0,1,3.552713678800501e-14,0.0,-0.3967331884162233,-0.18065938209836885,-37.84869880190027,-63.70001399999998,9.599968160194031,-37.8226158574272,-61.526035193091204,0.0,1,7.105427357601002e-15,0.0,0.042725488459199656,-0.616491910858564,71.10749174729027,63.70001399999999,9.600282835899606,71.0883044584149,62.4500158716601,0.0,1,-3.552713678800501e-14,0.0,0.04272548845920321,-0.6164919108585623,71.10749174729015,-63.70001399999998,9.600282835899648,71.08830445841471,-62.4500158716601,0.0,1,0.0
1.6166666666666667,1616667,rear_pair_shake_1,0.0,0.0,72.92621258609238,0.9911310454528746,0.0,0.1328881136125119,0.0,0.0,0.0,72.92621258609238,37.82261585742711,4.282577753420469,0,feet,0.0,-0.3983034752214287,-0.18005165137438883,-37.84012413391086,63.70001399999999,9.599987627960068,-37.822615857427024,61.526035193091204,0.0,1,2.1316282072803006e-14,0.0,-0.3983034752214265,-0.18005167110238984,-37.84012413391102,-63.70001399999998,9.599987627960033,-37.8226158574272,-61.526035193091204,0.0,1,-1.4210854715202004e-14,0.0,0.04202268006904264,-0.6168632704909465,71.10792688755512,63.70001399999999,9.600281956359296,71.0883044584149,62.4500158716601,0.0,1,-2.842170943040401e-14,0.0,0.042022680069047524,-0.6168632704909434,71.10792688755497,-63.70001399999998,9.60028195635934,71.08830445841471,-62.4500158716601,0.0,1,1.4210854715202004e-14
1.625,1625000,rear_pair_shake_1,0.0,0.0,72.94629925130474,0.9911133999486796,0.0,0.13301965434539556,0.0,0.0,0.0,72.94629925130474,37.82261585742711,4.279999535574717,0,feet,0.0,-0.3993008038953465,-0.17966507871328696,-37.83467704513794,63.70001399999999,9.599996016899283,-37.822615857427024,61.526035193091204,0.0,1,-1.4210854715202004e-14,0.0,-0.3993008038953434,-0.1796650984022734,-37.83467704513811,-63.70001399999998,9.599996016899318,-37.8226158574272,-61.526035193091204,0.0,1,2.1316282072803006e-14,0.0,0.04157665275792999,-0.6170988710675585,71.10820281152304,63.70001399999999,9.600281388421216,71.0883044584149,62.4500158716601,0.0,1,-2.842170943040401e-14,0.0,0.04157665275793354,-0.6170988710675558,71.1082028115229,-63.70001399999998,9.600281388421237,71.08830445841471,-62.4500158716601,0.0,1,0.0
1.6333333333333333,1633333,rear_pair_shake_1,0.0,0.0,72.95707452306189,0.9911039270166088,0.0,0.13309021696675058,0.0,0.0,0.0,72.95707452306189,37.82261585742711,4.278618472493349,0,feet,0.0,-0.39983612974369453,-0.17945738956782487,-37.831752915756056,63.70001399999999,9.599999245359157,-37.822615857427024,61.526035193091204,0.0,1,0.0,0.0,-0.399836129743691,-0.1794574092358463,-37.831752915756226,-63.70001399999998,9.599999245359172,-37.8226158574272,-61.526035193091204,0.0,1,7.105427357601002e-15,0.0,0.041337353774165475,-0.6172252487828276,71.10835077411794,63.70001399999999,9.600281080601327,71.0883044584149,62.4500158716601,0.0,1,7.105427357601002e-14,0.0,0.04133735377416903,-0.6172252487828249,71.10835077411774,-63.70001399999998,9.60028108060122,71.08830445841471,-62.4500158716601,0.0,1,-3.552713678800501e-14
1.6416666666666666,1641667,rear_pair_shake_1,0.0,0.0,72.9612136344277,0.9911002868382114,0.0,0.13311732204794016,0.0,0.0,0.0,72.9612136344277,37.82261585742711,4.278088334100815,0,feet,0.0,-0.4000418242662347,-0.17937755094544583,-37.830629278077225,63.70001399999999,9.600000249053153,-37.822615857427024,61.526035193091204,0.0,1,-1.4210854715202004e-14,0.0,-0.40004182426623114,-0.1793775706054066,-37.830629278077396,-63.70001399999998,9.600000249053203,-37.8226158574272,-61.526035193091204,0.0,1,3.552713678800501e-14,0.0,0.0412454256817778,-0.6172737929083638,71.10840760110536,63.70001399999999,9.600280961772867,71.0883044584149,62.4500158716601,0.0,1,4.263256414560601e-14,0.0,0.0412454256817818,-0.6172737929083607,71.10840760110516,-63.70001399999998,9.600280961772768,71.08830445841471,-62.4500158716601,0.0,1,-4.973799150320701e-14
1.65,1650000,rear_pair_shake_1,0.0,0.0,72.96182697652446,0.9910997473659748,0.0,0.13312133852655234,0.0,0.0,0.0,72.96182697652446,37.82261585742711,4.278009794575638,0,feet,0.0,-0.4000723073186747,-0.17936571751064134,-37.83046275668116,63.70001399999999,9.60000038660953,-37.822615857427024,61.526035193091204,0.0,1,-2.1316282072803006e-14,0.0,-0.40007230731867116,-0.17936573716940662,-37.83046275668131,-63.70001399999998,9.600000386609587,-37.8226158574272,-61.526035193091204,0.0,1,3.552713678800501e-14,0.0,0.04123180330162768,-0.6172809862103992,71.10841602137569,63.70001399999999,9.60028094413697,71.0883044584149,62.4500158716601,0.0,1,2.1316282072803006e-14,0.0,0.041231803301631675,-0.6172809862103965,71.10841602137553,-63.70001399999998,9.600280944136912,71.08830445841471,-62.4500158716601,0.0,1,-3.552713678800501e-14
1.6583333333333334,1658333,rear_pair_shake_1_return,0.0,0.0,72.9612136344277,0.9911002868382114,0.0,0.13311732204794016,0.0,0.0,0.0,72.9612136344277,37.82261585742711,4.278088334100815,0,feet,0.0,-0.4000418242662347,-0.17937755094544583,-37.830629278077225,63.70001399999999,9.600000249053153,-37.822615857427024,61.526035193091204,0.0,1,-1.4210854715202004e-14,0.0,-0.40004182426623114,-0.1793775706054066,-37.830629278077396,-63.70001399999998,9.600000249053203,-37.8226158574272,-61.526035193091204,0.0,1,3.552713678800501e-14,0.0,0.0412454256817778,-0.6172737929083638,71.10840760110536,63.70001399999999,9.600280961772867,71.0883044584149,62.4500158716601,0.0,1,4.263256414560601e-14,0.0,0.0412454256817818,-0.6172737929083607,71.10840760110516,-63.70001399999998,9.600280961772768,71.08830445841471,-62.4500158716601,0.0,1,-4.973799150320701e-14
1.6666666666666667,1666667,rear_pair_shake_1_return,0.0,0.0,72.95707452306189,0.9911039270166088,0.0,0.13309021696675058,0.0,0.0,0.0,72.95707452306189,37.82261585742711,4.278618472493349,0,feet,0.0,-0.39983612974369453,-0.17945738956782487,-37.831752915756056,63.70001399999999,9.599999245359157,-37.822615857427024,61.526035193091204,0.0,1,0.0,0.0,-0.399836129743691,-0.1794574092358463,-37.831752915756226,-63.70001399999998,9.599999245359172,-37.8226158574272,-61.526035193091204,0.0,1,7.105427357601002e-15,0.0,0.041337353774165475,-0.6172252487828276,71.10835077411794,63.70001399999999,9.600281080601327,71.0883044584149,62.4500158716601,0.0,1,7.105427357601002e-14,0.0,0.04133735377416903,-0.6172252487828249,71.10835077411774,-63.70001399999998,9.60028108060122,71.08830445841471,-62.4500158716601,0.0,1,-3.552713678800501e-14
1.675,1675000,rear_pair_shake_1_return,0.0,0.0,72.94629925130474,0.9911133999486796,0.0,0.13301965434539556,0.0,0.0,0.0,72.94629925130474,37.82261585742711,4.279999535574717,0,feet,0.0,-0.3993008038953465,-0.17966507871328696,-37.83467704513794,63.70001399999999,9.599996016899283,-37.822615857427024,61.526035193091204,0.0,1,-1.4210854715202004e-14,0.0,-0.3993008038953434,-0.1796650984022734,-37.83467704513811,-63.70001399999998,9.599996016899318,-37.8226158574272,-61.526035193091204,0.0,1,2.1316282072803006e-14,0.0,0.04157665275792999,-0.6170988710675585,71.10820281152304,63.70001399999999,9.600281388421216,71.0883044584149,62.4500158716601,0.0,1,-2.842170943040401e-14,0.0,0.04157665275793354,-0.6170988710675558,71.1082028115229,-63.70001399999998,9.600281388421237,71.08830445841471,-62.4500158716601,0.0,1,0.0
1.6833333333333333,1683333,rear_pair_shake_1_return,0.0,0.0,72.92621258609238,0.9911310454528746,0.0,0.1328881136125119,0.0,0.0,0.0,72.92621258609238,37.82261585742711,4.282577753420469,0,feet,0.0,-0.3983034752214287,-0.18005165137438883,-37.84012413391086,63.70001399999999,9.599987627960068,-37.822615857427024,61.526035193091204,0.0,1,2.1316282072803006e-14,0.0,-0.3983034752214265,-0.18005167110238984,-37.84012413391102,-63.70001399999998,9.599987627960033,-37.8226158574272,-61.526035193091204,0.0,1,-1.4210854715202004e-14,0.0,0.04202268006904264,-0.6168632704909465,71.10792688755512,63.70001399999999,9.600281956359296,71.0883044584149,62.4500158716601,0.0,1,-2.842170943040401e-14,0.0,0.042022680069047524,-0.6168632704909434,71.10792688755497,-63.70001399999998,9.60028195635934,71.08830445841471,-62.4500158716601,0.0,1,1.4210854715202004e-14
1.6916666666666667,1691667,rear_pair_shake_1_return,0.0,0.0,72.8945546725076,0.9911588204946326,0.0,0.13268079196209487,0.0,0.0,0.0,72.8945546725076,37.82261585742711,4.286651012841332,0,feet,0.0,-0.39673318841622685,-0.18065936230906,-37.84869880190004,63.70001399999999,9.59996816019406,-37.822615857427024,61.526035193091204,0.0,1,3.552713678800501e-14,0.0,-0.3967331884162233,-0.18065938209836885,-37.84869880190027,-63.70001399999998,9.599968160194031,-37.8226158574272,-61.526035193091204,0.0,1,7.105427357601002e-15,0.0,0.042725488459199656,-0.616491910858564,71.10749174729027,63.70001399999999,9.600282835899606,71.0883044584149,62.4500158716601,0.0,1,-3.552713678800501e-14,0.0,0.04272548845920321,-0.6164919108585623,71.10749174729015,-63.70001399999998,9.600282835899648,71.08830445841471,-62.4500158716601,0.0,1,0.0
1.7,1700000,rear_pair_shake_1_return,0.0,0.0,72.84946125386821,0.9911983082847965,0.0,0.13238547372486706,0.0,0.0,0.0,72.84946125386821,37.907559637169165,4.292473680025978,0,feet,0.0,-0.39449937328580376,-0.18152206078008737,-37.86089336519753,63.70001399999999,9.599945289490819,-37.907559637169115,62.45001590766261,0.0,1,4.263256414560601e-14,0.0,-0.3944993732858024,-0.18152208065637643,-37.860893365197626,-63.70001399999998,9.599945289490805,-37.907559637169214,-62.45001590766262,0.0,1,2.842170943040401e-14,0.0,0.04372622779336455,-0.6159628684993184,71.10687137073145,63.70001399999999,9.60028405575018,71.0883044584149,62.4500158716601,0.0,1,2.1316282072803006e-14,0.0,0.0437262277933681,-0.6159628684993157,71.10687137073126,-63.70001399999998,9.600284055750159,71.08830445841471,-62.4500158716601,0.0,1,0.0
1.7083333333333333,1708333,rear_pair_shake_1_return,0.0,0.0,72.78944389181521,0.99125072830931,0.0,0.13199239988068417,0.0,0.0,0.0,72.78944389181521,37.907559637169165,4.300261153637152,0,feet,0.0,-0.39152957100578467,-0.18266661385632643,-37.87710158874516,63.70001399999999,9.600010396319476,-37.907559637169115,62.45001590766261,0.0,1,-7.105427357601002e-15,0.0,-0.39152957100578334,-0.18266663384791837,-37.87710158874526,-63.70001399999998,9.600010396319476,-37.907559637169214,-62.45001590766262,0.0,1,-7.105427357601002e-15,0.0,0.04505755104442777,-0.6152585929681451,71.10604464122375,63.70001399999999,9.600285619044797,71.0883044584149,62.4500158716601,0.0,1,4.263256414560601e-14,0.0,0.045057551044431765,-0.6152585929681433,71.10604464122356,-63.70001399999998,9.600285619044776,71.08830445841471,-62.4500158716601,0.0,1,2.1316282072803006e-14
1.7166666666666666,1716667,rear_pair_shake_1_return,0.0,0.0,72.71337018640101,0.9913169481629043,0.0,0.1314941378350599,0.0,0.0,0.0,72.71337018640101,37.907559637169165,4.310193902242986,0,feet,0.0,-0.38777496361250163,-0.184107746134198,-37.89758220517355,63.70001399999999,9.600053528653206,-37.907559637169115,62.45001590766261,0.0,1,7.105427357601002e-15,0.0,-0.3877749636124994,-0.1841077662708166,-37.89758220517366,-63.70001399999998,9.600053528653234,-37.907559637169214,-62.45001590766262,0.0,1,3.552713678800501e-14,0.0,0.046744028423741035,-0.6143656700316877,71.10499502375569,63.70001399999999,9.600287501234135,71.0883044584149,62.4500158716601,0.0,1,0.0,0.0,0.04674402842374592,-0.6143656700316846,71.10499502375549,-63.70001399999998,9.60028750123417,71.08830445841471,-62.4500158716601,0.0,1,3.552713678800501e-14
1.725,1725000,rear_pair_shake_1_return,0.0,0.0,72.62044399617778,0.9913974977650946,0.0,0.13088545154106837,0.0,0.0,0.0,72.62044399617778,37.907559637169165,4.322420823180238,0,feet,0.0,-0.38320311415533137,-0.18585372919030574,-37.922504181617256,63.70001399999999,9.60004708127768,-37.907559637169115,62.45001590766261,0.0,1,4.973799150320701e-14,0.0,-0.3832031141553296,-0.1858537495024004,-37.92250418161738,-63.70001399999998,9.600047081277658,-37.907559637169214,-62.45001590766262,0.0,1,2.842170943040401e-14,0.0,0.04880257225662854,-0.613274587612767,71.10371025688394,63.70001399999999,9.600289648895881,71.0883044584149,62.4500158716601,0.0,1,7.105427357601002e-15,0.0,0.04880257225663209,-0.6132745876127652,71.1037102568838,-63.70001399999998,9.60028964889591,71.08830445841471,-62.4500158716601,0.0,1,4.263256414560601e-14
1.7333333333333334,1733333,rear_pair_shake_1_return,0.0,0.0,72.51018565828565,0.9914925862820565,0.0,0.1301631720100531,0.0,0.0,0.0,72.51018565828565,37.96451706589195,4.337061833125105,0,feet,0.0,-0.3777981315297758,-0.1879057987275492,-37.951944509679976,63.70001399999999,9.59999110992728,-37.964517065891904,60.5174807372033,0.0,1,0.0,0.0,-0.3777981315297736,-0.18790581924556582,-37.951944509680104,-63.70001399999998,9.599991109927295,-37.96451706589199,-60.5174807372033,0.0,1,1.4210854715202004e-14,0.0,0.051242874062206845,-0.6119795050389651,71.10218206072182,63.70001399999999,9.600291979595085,71.0883044584149,62.4500158716601,0.0,1,-1.4210854715202004e-14,0.0,0.05124287406221084,-0.611979505038962,71.10218206072163,-63.70001399999998,9.60029197959507,71.08830445841471,-62.4500158716601,0.0,1,-2.842170943040401e-14
1.7416666666666667,1741667,rear_pair_shake_1_return,0.0,0.0,72.38241220854094,0.9916021218606237,0.0,0.12932606822102324,0.0,0.0,0.0,72.38241220854094,37.966132429531505,4.3542096639877315,0,feet,0.0,-0.37155811563942276,-0.190259860440134,-37.985904358923506,63.70001399999999,9.599975725579228,-37.96613242953148,60.91776836540593,0.0,1,1.4210854715202004e-14,0.0,-0.3715581156394214,-0.19025988119395576,-37.98590435892357,-63.70001399999998,9.599975725579228,-37.96613242953153,-60.91776836540592,0.0,1,7.105427357601002e-15,0.0,0.05406785431700856,-0.6104780256372457,71.1004058625282,63.70001399999999,9.600294382847963,71.0883044584149,62.4500158716601,0.0,1,0.0,0.0,0.05406785431701211,-0.6104780256372444,71.10040586252806,-63.70001399999998,9.600294382847999,71.08830445841471,-62.4500158716601,0.0,1,3.552713678800501e-14
1.75,1750000,rear_pair_shake_1_return,0.0,0.0,72.23721760152446,0.9917257340985088,0.0,0.1283747184097151,0.0,0.0,0.0,72.23721760152446,38.01778033223511,4.373930891400036,0,feet,0.0,-0.3644978094809086,-0.1929038655069646,-38.024290243467746,63.70001399999999,9.600001908520213,-38.01778033223508,60.30112636803076,0.0,1,-7.105427357601002e-15,0.0,-0.36449780948090726,-0.19290388652510204,-38.0242902434678,-63.70001399999998,9.600001908520227,-38.017780332235155,-60.301126368030765,0.0,1,7.105427357601002e-15,0.0,0.057274124561636164,-0.6087709724490793,71.09838054080882,63.70001399999999,9.60029672217938,71.0883044584149,62.4500158716601,0.0,1,4.263256414560601e-14,0.0,0.05727412456164016,-0.6087709724490766,71.09838054080868,-63.70001399999998,9.600296722179337,71.08830445841471,-62.4500158716601,0.0,1,0.0
1.7583333333333333,1758333,rear_pair_shake_1_return,0.0,0.0,72.07495293066972,0.9918627990256866,0.0,0.12731138169437328,0.0,0.0,0.0,72.07495293066972,38.0671424172509,4.396266267203075,0,feet,0.0,-0.3566466537345008,-0.19581905511346953,-38.06692590094339,63.70001399999999,9.600004018031015,-38.06714241725086,60.147888072357176,0.0,1,-2.1316282072803006e-14,0.0,-0.35664665373449855,-0.19581907642238328,-38.06692590094346,-63.70001399999998,9.600004018031065,-38.06714241725094,-60.147888072357176,0.0,1,2.842170943040401e-14,0.0,0.06085246083903595,-0.6068621666166636,71.09610818835787,63.70001399999999,9.600298838219743,71.0883044584149,62.4500158716601,0.0,1,3.552713678800501e-14,0.0,0.060852460839039946,-0.6068621666166605,71.0961081883577,-63.70001399999998,9.600298838219736,71.08830445841471,-62.4500158716601,0.0,1,2.842170943040401e-14
1.7666666666666666,1766667,rear_pair_shake_1_return,0.0,0.0,71.89620664835124,0.9920124662534671,0.0,0.12613986997660162,0.0,0.0,0.0,71.89620664835124,38.1137169399299,4.421230462194558,0,feet,0.0,-0.3480439498753789,-0.19898365732678203,-38.11358229675932,63.70001399999999,9.600005934166028,-38.11371693992986,59.97422398009301,0.0,1,0.0,0.0,-0.34804394987537757,-0.1989836789505839,-38.11358229675939,-63.70001399999998,9.600005934166035,-38.11371693992994,-59.974223980093,0.0,1,7.105427357601002e-15,0.0,0.06478828692158389,-0.6047582078172962,71.09359389423497,63.70001399999999,9.600300552753112,71.0883044584149,62.4500158716601,0.0,1,-3.552713678800501e-14,0.0,0.06478828692158789,-0.6047582078172944,71.0935938942348,-63.70001399999998,9.60030055275314,71.08830445841471,-62.4500158716601,0.0,1,-7.105427357601002e-15
1.775,1775000,rear_pair_shake_1_return,0.0,0.0,71.7017847859727,0.9921736878579662,0.0,0.12486542004223217,0.0,0.0,0.0,71.7017847859727,38.13673231496155,4.4488113513002645,0,feet,0.0,-0.3387407348789693,-0.2023709328167942,-38.16396481027772,63.70001399999999,9.599965584124945,-38.13673231496151,61.901740917708295,0.0,1,1.4210854715202004e-14,0.0,-0.3387407348789684,-0.20237095477676537,-38.163964810277776,-63.70001399999998,9.59996558412493,-38.136732314961584,-61.901740917708295,0.0,1,0.0,0.0,0.06906216538199361,-0.6024682560035353,71.0908455441998,63.70001399999999,9.600301673604136,71.0883044584149,62.4500158716601,0.0,1,-2.1316282072803006e-14,0.0,0.06906216538199716,-0.6024682560035326,71.09084554419967,-63.70001399999998,9.60030167360415,71.08830445841471,-62.4500158716601,0.0,1,0.0
1.7833333333333334,1783333,rear_pair_shake_1_return,0.0,0.0,71.49269117405532,0.9923452485012751,0.0,0.12349456577899526,0.0,0.0,0.0,71.49269117405532,38.193110074496275,4.4789689907247805,0,feet,0.0,-0.32879416845268583,-0.20595353496148983,-38.217747919038615,63.70001399999999,9.599970223064162,-38.19311007449625,61.154281506932776,0.0,1,-7.105427357601002e-15,0.0,-0.3287941684526854,-0.20595355727604092,-38.21774791903863,-63.70001399999998,9.599970223064169,-38.193110074496296,-61.154281506932776,0.0,1,0.0,0.0,0.07365029427988157,-0.6000038136431094,71.0878736385725,63.70001399999999,9.60030200023511,71.0883044584149,62.4500158716601,0.0,1,1.4210854715202004e-14,0.0,0.07365029427988512,-0.6000038136431072,71.08787363857238,-63.70001399999998,9.600302000235125,71.08830445841471,-62.4500158716601,0.0,1,2.842170943040401e-14
1.7916666666666667,1791667,rear_pair_shake_1_return,0.0,0.0,71.27010766232603,0.9925257962545202,0.0,0.12203501042459379,0.0,0.0,0.0,71.27010766232603,38.3501791123996,4.5116344460684985,0,feet,0.0,-0.3182773065051192,-0.20969501893088927,-38.27450970055139,63.70001399999999,9.599703799467015,-38.35017911239958,59.93398274193727,0.0,1,-7.105427357601002e-15,0.0,-0.3182773065051192,-0.20969504161468322,-38.27450970055136,-63.70001399999998,9.599703799467008,-38.350179112399616,-59.93398274193727,0.0,1,-1.4210854715202004e-14,0.0,0.07852500706159571,-0.5973785076432003,71.08469112582638,63.70001399999999,9.600301329914188,71.0883044584149,62.4500158716601,0.0,1,4.263256414560601e-14,0.0,0.0785250070615997,-0.5973785076431977,71.08469112582618,-63.70001399999998,9.600301329914146,71.08830445841471,-62.4500158716601,0.0,1,0.0
1.8,1800000,rear_pair_shake_1_return,0.0,0.0,71.03537433980571,0.9927138735700902,0.0,0.12049549876018975,0.0,0.0,0.0,71.03537433980571,38.3501791123996,4.5467086325304535,0,feet,0.0,-0.3072454668905955,-0.21357733268383994,-38.33395616816197,63.70001399999999,9.599988318402858,-38.35017911239958,59.93398274193727,0.0,1,7.105427357601002e-15,0.0,-0.3072454668905946,-0.2135773557496381,-38.33395616816201,-63.70001399999998,9.599988318402865,-38.350179112399616,-59.93398274193727,0.0,1,7.105427357601002e-15,0.0,0.08365527319556776,-0.5946078701847539,71.08131324946561,63.70001399999999,9.600299464304285,71.0883044584149,62.4500158716601,0.0,1,0.0,0.0,0.0836552731955722,-0.5946078701847521,71.08131324946544,-63.70001399999998,9.600299464304342,71.08830445841471,-62.4500158716601,0.0,1,5.684341886080802e-14
1.8083333333333333,1808333,rear_pair_shake_1_return,0.0,0.0,70.78996975489753,0.9929079478534923,0.0,0.11888568916975062,0.0,0.0,0.0,70.78996975489753,38.41959726546888,4.584061323905345,0,feet,0.0,-0.2957936241586374,-0.2175528560357498,-38.395539035719125,63.70001399999999,9.599967841425148,-38.41959726546886,60.73948086590802,0.0,1,3.552713678800501e-14,0.0,-0.2957936241586374,-0.21755287949153912,-38.39553903571917,-63.70001399999998,9.599967841425098,-38.4195972654689,-60.73948086590802,0.0,1,-1.4210854715202004e-14,0.0,0.08900719707911664,-0.5917091177776017,71.07775740492214,63.70001399999999,9.60029621631471,71.0883044584149,62.4500158716601,0.0,1,1.4210854715202004e-14,0.0,0.08900719707912019,-0.5917091177775999,71.07775740492197,-63.70001399999998,9.600296216314646,71.08830445841471,-62.4500158716601,0.0,1,-4.973799150320701e-14
1.8166666666666667,1816667,rear_pair_shake_1_return,0.0,0.0,70.53549113547508,0.9931064411065247,0.0,0.11721602549452365,0.0,0.0,0.0,70.53549113547508,38.46260664123572,4.623530476961449,0,feet,0.0,-0.2839950869544121,-0.22159501200210752,-38.45885743826547,63.70001399999999,9.600000080237265,-38.46260664123571,61.53205098050341,0.0,1,0.0,0.0,-0.28399508695441167,-0.22159503585320683,-38.45885743826552,-63.70001399999998,9.600000080237244,-38.462606641235745,-61.53205098050341,0.0,1,-2.1316282072803006e-14,0.0,0.09454451284563348,-0.5887009279683255,71.07404300237584,63.70001399999999,9.60029141704534,71.0883044584149,62.4500158716601,0.0,1,-4.973799150320701e-14,0.0,0.09454451284563836,-0.5887009279683229,71.07404300237567,-63.70001399999998,9.600291417045383,71.08830445841471,-62.4500158716601,0.0,1,-7.105427357601002e-15
1.825,1825000,rear_pair_shake_1_return,0.0,0.0,70.27363460897075,0.9933077581506566,0.0,0.11549760862336786,0.0,0.0,0.0,70.27363460897075,38.51140737958346,4.664922002844577,0,feet,0.0,-0.27193479016655786,-0.2256701595689572,-38.52344043437029,63.70001399999999,9.599995182890545,-38.51140737958343,60.43318737930498,0.0,1,-7.105427357601002e-15,0.0,-0.27193479016655697,-0.22567018381736315,-38.523440434370336,-63.70001399999998,9.599995182890552,-38.51140737958348,-60.43318737930498,0.0,1,0.0,0.0,0.10022907286391947,-0.5856032132803186,71.07019133062566,63.70001399999999,9.6002849226429,71.0883044584149,62.4500158716601,0.0,1,-4.263256414560601e-14,0.0,0.10022907286392346,-0.585603213280316,71.07019133062552,-63.70001399999998,9.600284922642913,71.08830445841471,-62.4500158716601,0.0,1,-2.842170943040401e-14
1.8333333333333333,1833333,rear_pair_shake_1_return,0.0,0.0,70.0061754224639,0.9935103129906213,0.0,0.11374206777300006,0.0,0.0,0.0,70.0061754224639,38.595339628814166,4.708010098317189,0,feet,0.0,-0.2596961895479386,-0.2297481141147344,-38.58883090994415,63.70001399999999,9.600004419874239,-38.59533962881415,59.93915928862313,0.0,1,2.1316282072803006e-14,0.0,-0.25969618954793816,-0.22974813875949973,-38.588830909944164,-63.70001399999998,9.600004419874239,-38.59533962881418,-59.93915928862313,0.0,1,2.842170943040401e-14,0.0,0.10602132794488206,-0.5824368921291176,71.06622541648284,63.70001399999999,9.600276620870396,71.0883044584149,62.4500158716601,0.0,1,-2.1316282072803006e-14,0.0,0.10602132794488695,-0.582436892129115,71.06622541648265,-63.70001399999998,9.600276620870432,71.08830445841471,-62.4500158716601,0.0,1,1.4210854715202004e-14
1.8416666666666666,1841667,rear_pair_shake_1_return,0.0,0.0,69.7349481627691,0.993712552941193,0.0,0.1119614314266158,0.0,0.0,0.0,69.7349481627691,38.62809827516551,4.752538227846443,0,feet,0.0,-0.24736538559597143,-0.23379825947699384,-38.65456021159619,63.70001399999999,9.59996676050924,-38.628098275165506,60.000671282292835,0.0,1,2.1316282072803006e-14,0.0,-0.247365385595971,-0.2337982845142168,-38.654560211596205,-63.70001399999998,9.599966760509247,-38.62809827516552,-60.00067128229284,0.0,1,2.842170943040401e-14,0.0,0.11188079754600944,-0.5792236566251021,71.06216987368796,63.70001399999999,9.600266437177915,71.0883044584149,62.4500158716601,0.0,1,-7.105427357601002e-15,0.0,0.11188079754601388,-0.5792236566251003,71.06216987368784,-63.70001399999998,9.600266437177993,71.08830445841471,-62.4500158716601,0.0,1,7.105427357601002e-14
1.85,1850000,rear_pair_shake_1_return,0.0,0.0,69.46182697652446,0.9939129802128576,0.0,0.11016799791407572,0.0,0.0,0.0,69.46182697652446,38.788489321948894,4.798220823723071,0,feet,0.0,-0.23502934237780293,-0.23779078137663445,-38.72015359176646,63.70001399999999,9.599757101260117,-38.788489321948894,61.16236294898136,0.0,1,1.4210854715202004e-14,0.0,-0.23502934237780293,-0.23779080679957687,-38.72015359176646,-63.70001399999998,9.599757101260117,-38.788489321948894,-61.162362948981354,0.0,1,1.4210854715202004e-14,0.0,0.11776652858212833,-0.575985737339864,71.05805073513476,63.70001399999999,9.600254340044941,71.0883044584149,62.4500158716601,0.0,1,1.4210854715202004e-14,0.0,0.11776652858213277,-0.5759857373398609,71.05805073513457,-63.70001399999998,9.600254340044877,71.08830445841471,-62.4500158716601,0.0,1,-4.973799150320701e-14
1.8583333333333334,1858333,rear_pair_shake_1_return,0.0,0.0,69.18870579027983,0.9941101707325026,0.0,0.10837420563120381,0.0,0.0,0.0,69.18870579027983,38.8305943634513,4.844745746409259,0,feet,0.0,-0.22275544891735333,-0.24171267721654477,-38.78527378430655,63.70001399999999,9.600192877693303,-38.8305943634513,63.70001591859285,0.0,1,0.0,0.0,-0.22275544891735333,-0.24171270301727876,-38.78527378430655,-63.70001399999998,9.600192877693303,-38.8305943634513,-63.70001591859284,0.0,1,0.0,0.0,0.12363754180351583,-0.5727456652624201,71.05389526225946,63.70001399999999,9.600240345352987,71.0883044584149,62.4500158716601,0.0,1,-2.1316282072803006e-14,0.0,0.12363754180351982,-0.5727456652624183,71.05389526225932,-63.70001399999998,9.60024034535303,71.08830445841471,-62.4500158716601,0.0,1,2.1316282072803006e-14
1.8666666666666667,1866667,rear_pair_shake_1_return,0.0,0.0,68.91747853058503,0.9943027900612411,0.0,0.10659250290912355,0.0,0.0,0.0,68.91747853058503,38.8305943634513,4.891777522012845,0,feet,0.0,-0.21064432203512728,-0.24552425088458607,-38.84936585460717,63.70001399999999,9.600281499775285,-38.8305943634513,63.70001591859285,0.0,1,2.842170943040401e-14,0.0,-0.21064432203512728,-0.24552427705144764,-38.84936585460721,-63.70001399999998,9.600281499775264,-38.8305943634513,-63.70001591859284,0.0,1,7.105427357601002e-15,0.0,0.1294532650809228,-0.5695260312988979,71.04973172585832,63.70001399999999,9.600224519542593,71.0883044584149,62.4500158716601,0.0,1,0.0,0.0,0.12945326508092725,-0.5695260312988952,71.0497317258582,-63.70001399999998,9.600224519542628,71.08830445841471,-62.4500158716601,0.0,1,3.552713678800501e-14
1.875,1875000,rear_pair_shake_1_return,0.0,0.0,68.65001934407817,0.9944896063609158,0.0,0.10483521755646191,0.0,0.0,0.0,68.65001934407817,38.906437467335884,4.938961348920834,0,feet,0.0,-0.19876939053374798,-0.2492083158451046,-38.91204983823289,63.70001399999999,9.600299158372913,-38.90643746733589,63.70001591889352,0.0,1,3.552713678800501e-14,0.0,-0.19876939053374798,-0.24920834236488432,-38.9120498382329,-63.70001399999998,9.600299158372891,-38.906437467335884,-63.70001591889351,0.0,1,1.4210854715202004e-14,0.0,0.13517395333303428,-0.5663492437679563,71.04558915334007,63.70001399999999,9.600206981312269,71.0883044584149,62.4500158716601,0.0,1,4.263256414560601e-14,0.0,0.13517395333303783,-0.5663492437679536,71.04558915333996,-63.70001399999998,9.600206981312262,71.08830445841471,-62.4500158716601,0.0,1,3.552713678800501e-14
1.8833333333333333,1883333,rear_pair_shake_1_return,0.0,0.0,68.38816281757384,0.9946695004515623,0.0,0.10311442610730799,0.0,0.0,0.0,68.38816281757384,38.95415336597854,4.985927841875217,0,feet,0.0,-0.18720546484242728,-0.25274604885134977,-38.97293959047196,63.70001399999999,9.600283250434522,-38.95415336597854,63.700015919036375,0.0,1,7.105427357601002e-15,0.0,-0.18720546484242728,-0.2527460757091484,-38.97293959047196,-63.70001399999998,9.600283250434522,-38.95415336597854,-63.700015919036375,0.0,1,7.105427357601002e-15,0.0,0.14076109523668956,-0.5632372844097389,71.04149703849167,63.70001399999999,9.600187901638378,71.0883044584149,62.4500158716601,0.0,1,0.0,0.0,0.140761095236694,-0.5632372844097358,71.0414970384915,-63.70001399999998,9.600187901638364,71.08830445841471,-62.4500158716601,0.0,1,-1.4210854715202004e-14
1.8916666666666666,1891667,rear_pair_shake_1_return,0.0,0.0,68.1336841981514,0.9948414730919752,0.0,0.10144182281578269,0.0,0.0,0.0,68.1336841981514,39.00664531212462,5.03229845971498,0,feet,0.0,-0.1760236473202288,-0.2561207816658162,-39.0316719273928,63.70001399999999,9.600266044142884,-39.00664531212462,63.700015919151575,0.0,1,-1.4210854715202004e-14,0.0,-0.1760236473202288,-0.25612080884526334,-39.03167192739279,-63.70001399999998,9.600266044142913,-39.00664531212462,-63.70001591915158,0.0,1,1.4210854715202004e-14,0.0,0.14617792935499319,-0.5602115476212912,71.03748423073638,63.70001399999999,9.600175918670303,70.98809975587952,62.45001586773867,0.0,1,7.105427357601002e-15,0.0,0.14617792935499674,-0.5602115476212881,71.03748423073627,-63.70001399999998,9.60017591867026,70.98809975587932,-62.45001586773867,0.0,1,-3.552713678800501e-14
1.9,1900000,rear_pair_shake_1_return,0.0,0.0,67.88827961324321,0.9950046497023557,0.0,0.09982858844385387,0.0,0.0,0.0,67.88827961324321,39.08636250461428,5.077691543124331,0,feet,0.0,-0.1652957186993662,-0.25931396184296185,-39.08787640403779,63.70001399999999,9.600005264711427,-39.08636250461427,59.94669713257886,0.0,1,7.105427357601002e-15,0.0,-0.1652957186993662,-0.25931398932604477,-39.08787640403779,-63.70001399999998,9.600005264711427,-39.086362504614286,-59.94669713257886,0.0,1,7.105427357601002e-15,0.0,0.1513899302996502,-0.5572926654156065,71.03357788271953,63.70001399999999,9.600195218627285,70.98809975587952,62.45001586773867,0.0,1,5.684341886080802e-14,0.0,0.15138993029965464,-0.5572926654156034,71.03357788271937,-63.70001399999998,9.600195218627292,70.98809975587932,-62.45001586773867,0.0,1,6.394884621840902e-14
1.9083333333333334,1908333,rear_pair_shake_1_return,0.0,0.0,67.6535462907229,0.9951582828296252,0.0,0.09828525889263237,0.0,0.0,0.0,67.6535462907229,39.1362986664566,5.121728871409729,0,feet,0.0,-0.15507463881065853,-0.26232041735692535,-39.14130382317957,63.70001399999999,9.600002265331113,-39.1362986664566,59.9925097393973,0.0,1,7.105427357601002e-15,0.0,-0.15507463881065853,-0.2623204451252641,-39.14130382317957,-63.70001399999998,9.600002265331113,-39.1362986664566,-59.99250973939729,0.0,1,7.105427357601002e-15,0.0,0.15636411623559576,-0.5544995316399421,71.02980989913164,63.70001399999999,9.600212328887494,70.98809975587952,62.45001586773867,0.0,1,-2.1316282072803006e-14,0.0,0.15636411623559932,-0.5544995316399404,71.02980989913151,-63.70001399999998,9.600212328887508,70.98809975587932,-62.45001586773867,0.0,1,-7.105427357601002e-15
1.9166666666666667,1916667,rear_pair_shake_1_return,0.0,0.0,67.4309627789936,0.9953017527301895,0.0,0.09682159372894368,0.0,0.0,0.0,67.4309627789936,39.196043037650426,5.164042632880324,0,feet,0.0,-0.14542190695851476,-0.26512565750037353,-39.19164444349033,63.70001399999999,9.599996116127251,-39.19604303765043,65.90477742429005,0.0,1,4.263256414560601e-14,0.0,-0.1454219069585152,-0.26512568553433535,-39.19164444349032,-63.70001399999998,9.599996116127244,-39.19604303765042,-65.90477742429005,0.0,1,3.552713678800501e-14,0.0,0.16107073658025284,-0.5518499681058224,71.02620795993974,63.70001399999999,9.600227302546458,70.98809975587952,62.45001586773867,0.0,1,5.684341886080802e-14,0.0,0.16107073658025728,-0.5518499681058184,71.02620795993953,-63.70001399999998,9.600227302546351,70.98809975587932,-62.45001586773867,0.0,1,-4.973799150320701e-14
1.925,1925000,rear_pair_shake_1_return,0.0,0.0,67.22186916707622,0.9954345665095287,0.0,0.09544644465870253,0.0,0.0,0.0,67.22186916707622,39.31224530303281,5.204282692062847,0,feet,0.0,-0.13638749409600281,-0.26772168824373566,-39.23865680628187,63.70001399999999,9.600013467945338,-39.31224530303281,63.70001591896379,0.0,1,2.842170943040401e-14,0.0,-0.13638749409600237,-0.2677217165230483,-39.23865680628188,-63.70001399999998,9.600013467945338,-39.31224530303282,-63.7000159189638,0.0,1,2.842170943040401e-14,0.0,0.165483142481071,-0.5493601463349052,71.0227981670962,63.70001399999999,9.600240232204285,70.98809975587952,62.45001586773867,0.0,1,4.263256414560601e-14,0.0,0.16548314248107543,-0.549360146334902,71.02279816709601,-63.70001399999998,9.6002402322043,70.98809975587932,-62.45001586773867,0.0,1,5.684341886080802e-14
1.9333333333333333,1933333,rear_pair_shake_1_return,0.0,0.0,67.02744730469769,0.9955563563107793,0.0,0.09416762399681014,0.0,0.0,0.0,67.02744730469769,39.31224530303281,5.24212402892438,0,feet,0.0,-0.12801149509678256,-0.2701050230219364,-39.28215830807426,63.70001399999999,9.60024836263728,-39.31224530303281,63.70001591896379,0.0,1,0.0,0.0,-0.12801149509678256,-0.27010505152611053,-39.28215830807426,-63.70001399999998,9.60024836263728,-39.31224530303282,-63.7000159189638,0.0,1,0.0,0.0,0.16957813871556615,-0.5470443450204758,71.01960453630097,63.70001399999999,9.600251243826143,70.98809975587952,62.45001586773867,0.0,1,4.263256414560601e-14,0.0,0.1695781387155706,-0.5470443450204723,71.01960453630082,-63.70001399999998,9.600251243826108,70.98809975587932,-62.45001586773867,0.0,1,7.105427357601002e-15
1.9416666666666667,1941667,rear_pair_shake_1_return,0.0,0.0,66.8487010223792,0.9956668770832903,0.0,0.09299177318025585,0.0,0.0,0.0,66.8487010223792,39.326713466059246,5.277274220657546,0,feet,0.0,-0.12033724154828951,-0.27226568209636337,-39.3219343575276,63.70001399999999,9.600304298330272,-39.32671346605923,63.700015918920016,0.0,1,-2.1316282072803006e-14,0.0,-0.12033724154828906,-0.2722657108040698,-39.32193435752763,-63.70001399999998,9.600304298330258,-39.32671346605926,-63.700015918920016,0.0,1,-3.552713678800501e-14,0.0,0.17333633347235144,-0.5449147088038568,71.01664847034804,63.70001399999999,9.60026048952195,70.98809975587952,62.45001586773867,0.0,1,7.105427357601002e-15,0.0,0.17333633347235589,-0.5449147088038542,71.01664847034789,-63.70001399999998,9.600260489522,70.98809975587932,-62.45001586773867,0.0,1,5.684341886080802e-14
1.95,1950000,rear_pair_shake_1_return,0.0,0.0,66.68643635152446,0.9957660044847679,0.0,0.09192423136714856,0.0,0.0,0.0,66.68643635152446,39.326713466059246,5.309480835553302,0,feet,0.0,-0.11339141964816069,-0.27420268071031373,-39.35786780393677,63.70001399999999,9.600254937638312,-39.32671346605923,63.700015918920016,0.0,1,-7.105427357601002e-15,0.0,-0.11339141964815935,-0.2742027096002295,-39.35786780393681,-63.70001399999998,9.600254937638361,-39.32671346605926,-63.700015918920016,0.0,1,4.263256414560601e-14,0.0,0.1767424885577875,-0.5429810084131228,71.01394822322263,63.70001399999999,9.600268139615125,70.98809975587952,62.45001586773867,0.0,1,-4.263256414560601e-14,0.0,0.17674248855779195,-0.5429810084131197,71.01394822322249,-63.70001399999998,9.600268139615146,70.98809975587932,-62.45001586773867,0.0,1,-1.4210854715202004e-14
1.9583333333333333,1958333,rear_pair_shake_1_return,0.0,0.0,66.54124174450799,0.9958537334749349,0.0,0.09096890415979218,0.0,0.0,0.0,66.54124174450799,39.326713466059246,5.338538611224465,0,feet,0.0,-0.10719329317881732,-0.27591602219538514,-39.38987758772274,63.70001399999999,9.600097695031657,-39.32671346605923,63.700015918920016,0.0,1,7.105427357601002e-15,0.0,-0.10719329317881643,-0.27591605124626906,-39.38987758772278,-63.70001399999998,9.600097695031664,-39.32671346605926,-63.700015918920016,0.0,1,1.4210854715202004e-14,0.0,0.1797858726086221,-0.5412504021209981,71.01151836491172,63.70001399999999,9.600274374439785,70.98809975587952,62.45001586773867,0.0,1,7.105427357601002e-15,0.0,0.17978587260862566,-0.5412504021209954,71.01151836491154,-63.70001399999998,9.600274374439763,70.98809975587932,-62.45001586773867,0.0,1,-7.105427357601002e-15
1.9666666666666666,1966667,rear_pair_shake_1_return,0.0,0.0,66.41346829476328,0.9959301781424209,0.0,0.09012813248484525,0.0,0.0,0.0,66.41346829476328,39.440267170544374,5.364296296178637,0,feet,0.0,-0.1017500862372569,-0.2774099038107414,-39.41794684718931,63.70001399999999,9.599972529889278,-39.44026717054437,60.74619282880431,0.0,1,2.1316282072803006e-14,0.0,-0.1017500862372569,-0.27740993300182293,-39.41794684718931,-63.70001399999998,9.599972529889278,-39.44026717054439,-60.74619282880431,0.0,1,2.1316282072803006e-14,0.0,0.18246061982984507,-0.5397271984064154,71.00936925717569,63.70001399999999,9.600279376356163,70.98809975587952,62.45001586773867,0.0,1,4.973799150320701e-14,0.0,0.18246061982984996,-0.5397271984064123,71.00936925717549,-63.70001399999998,9.600279376356184,70.98809975587932,-62.45001586773867,0.0,1,7.105427357601002e-14
1.975,1975000,rear_pair_shake_1_return,0.0,0.0,66.30320995687114,0.9959955732677542,0.0,0.08940256165814095,0.0,0.0,0.0,66.30320995687114,39.440267170544374,5.386663044790126,0,feet,0.0,-0.09705913544944478,-0.27869042379138564,-39.44210862622213,63.70001399999999,9.599998301067771,-39.44026717054437,60.74619282880431,0.0,1,0.0,0.0,-0.09705913544944478,-0.2786904531025285,-39.44210862622213,-63.70001399999998,9.599998301067771,-39.44026717054439,-60.74619282880431,0.0,1,0.0,0.0,0.1847660966076945,-0.5384126196546073,71.00750655023924,63.70001399999999,9.60028332249135,70.98809975587952,62.45001586773867,0.0,1,-5.684341886080802e-14,0.0,0.18476609660769938,-0.5384126196546042,71.00750655023904,-63.70001399999998,9.600283322491393,70.98809975587932,-62.45001586773867,0.0,1,-1.4210854715202004e-14
1.9833333333333334,1983333,rear_pair_shake_1_return,0.0,0.0,66.21028376664792,0.9960502780616632,0.0,0.08879101065582838,0.0,0.0,0.0,66.21028376664792,39.45938243187273,5.405614271501207,0,feet,0.0,-0.09311198423852396,-0.27976185024200895,-39.4624161176723,63.70001399999999,9.599997526012132,-39.45938243187271,60.73333348422281,0.0,1,-7.105427357601002e-15,0.0,-0.09311198423852396,-0.27976187965352795,-39.46241611767233,-63.70001399999998,9.599997526012096,-39.459382431872754,-60.73333348422281,0.0,1,-4.263256414560601e-14,0.0,0.1867072780595671,-0.5373045667057998,71.00593070944608,63.70001399999999,9.600286378690392,70.98809975587952,62.45001586773867,0.0,1,-3.552713678800501e-14,0.0,0.186707278059572,-0.5373045667057972,71.00593070944592,-63.70001399999998,9.600286378690441,70.98809975587932,-62.45001586773867,0.0,1,1.4210854715202004e-14
1.9916666666666667,1991667,rear_pair_shake_1_return,0.0,0.0,66.13421006123373,0.9960947824273236,0.0,0.08829034160689798,0.0,0.0,0.0,66.13421006123373,39.477052015560105,5.42119689114007,0,feet,0.0,-0.08988456300571235,-0.28063402325337305,-39.47900537600092,63.70001399999999,9.600004473175382,-39.477052015560105,60.71151150841919,0.0,1,1.4210854715202004e-14,0.0,-0.08988456300571235,-0.2806340527465494,-39.47900537600092,-63.70001399999998,9.600004473175382,-39.477052015560105,-60.71151150841919,0.0,1,1.4210854715202004e-14,0.0,0.18829513616550964,-0.5363973840616789,71.00463657936001,63.70001399999999,9.60028869509889,70.98809975587952,62.45001586773867,0.0,1,2.1316282072803006e-14,0.0,0.18829513616551408,-0.5363973840616758,71.00463657935983,-63.70001399999998,9.600288695098897,70.98809975587932,-62.45001586773867,0.0,1,2.842170943040401e-14
2.0,2000000,rear_pair_shake_1_return,0.0,0.0,66.07419269918071,0.9961297159755558,0.0,0.0878953295144772,0.0,0.0,0.0,66.07419269918071,39.48805781796537,5.433533899244793,0,feet,0.0,-0.08734106927608698,-0.2813187585551118,-39.4920690308012,63.70001399999999,9.599998371404311,-39.48805781796538,66.27374638689588,0.0,1,2.842170943040401e-14,0.0,-0.08734106927608698,-0.2813187881123618,-39.4920690308012,-63.70001399999998,9.599998371404311,-39.48805781796536,-66.27374638689588,0.0,1,2.842170943040401e-14,0.0,0.18954704057041605,-0.5356816255776122,71.00361299059301,63.70001399999999,9.600290403697286,70.98809975587952,62.45001586773867,0.0,1,-2.842170943040401e-14,0.0,0.18954704057042138,-0.5356816255776091,71.00361299059281,-63.70001399999998,9.600290403697322,70.98809975587932,-62.45001586773867,0.0,1,7.105427357601002e-15
2.0083333333333333,2008333,rear_pair_shake_1_return,0.0,0.0,66.02909928054133,0.9961558598711913,0.0,0.08759853220395639,0.0,0.0,0.0,66.02909928054133,39.50719737387419,5.442828280030319,0,feet,0.0,-0.08543134297968713,-0.2818315114878702,-39.5018720351754,63.70001399999999,9.60000273979955,-39.50719737387419,59.93459691168532,0.0,1,0.0,0.0,-0.08543134297968713,-0.28183154109308184,-39.5018720351754,-63.70001399999998,9.60000273979955,-39.507197373874185,-59.93459691168532,0.0,1,0.0,0.0,0.19048717244349245,-0.5351438204996537,71.00284241181755,63.70001399999999,9.600291617959819,70.98809975587952,62.45001586773867,0.0,1,-2.1316282072803006e-14,0.0,0.1904871724434969,-0.5351438204996524,71.00284241181741,-63.70001399999998,9.60029161795989,70.98809975587932,-62.45001586773867,0.0,1,4.973799150320701e-14
2.0166666666666666,2016667,rear_pair_shake_1_return,0.0,0.0,65.99744136695656,0.9961741614047841,0.0,0.08739016048431954,0.0,0.0,0.0,65.99744136695656,39.50719737387419,5.449366271038038,0,feet,0.0,-0.08409138896780943,-0.2821905253931649,-39.508747294519424,63.70001399999999,9.600004091725054,-39.50719737387419,59.93459691168532,0.0,1,3.552713678800501e-14,0.0,-0.08409138896781032,-0.2821905550319479,-39.50874729451941,-63.70001399999998,9.600004091725033,-39.507197373874185,-59.93459691168532,0.0,1,1.4210854715202004e-14,0.0,0.19114695092378797,-0.5347662397385671,71.0023006460281,63.70001399999999,9.60029243463417,70.98809975587952,62.45001586773867,0.0,1,5.684341886080802e-14,0.0,0.1911469509237924,-0.5347662397385644,71.00230064602795,-63.70001399999998,9.60029243463417,70.98809975587932,-62.45001586773867,0.0,1,5.684341886080802e-14
2.025,2025000,rear_pair_shake_1_return,0.0,0.0,65.97735470174419,0.9961857509644396,0.0,0.08725794849419433,0.0,0.0,0.0,65.97735470174419,39.50719737387419,5.453520063551068,0,feet,0.0,-0.08324156088860013,-0.2824178791811396,-39.51310641068942,63.70001399999999,9.600002398264031,-39.50719737387419,59.93459691168532,0.0,1,7.105427357601002e-15,0.0,-0.08324156088860013,-0.28241790884117757,-39.51310641068943,-63.70001399999998,9.60000239826401,-39.507197373874185,-59.93459691168532,0.0,1,-1.4210854715202004e-14,0.0,0.19156547066002094,-0.5345266622963196,71.00195656621585,63.70001399999999,9.600292937435775,70.98809975587952,62.45001586773867,0.0,1,-1.0658141036401503e-13,0.0,0.19156547066002583,-0.5345266622963178,71.00195656621572,-63.70001399999998,9.600292937435881,70.98809975587932,-62.45001586773867,0.0,1,0.0
2.033333333333333,2033333,rear_pair_shake_1_return,0.0,0.0,65.96657942998704,0.996191960825683,0.0,0.0871870241852597,0.0,0.0,0.0,65.96657942998704,39.59003448627551,5.4557500775509595,0,feet,0.0,-0.082785593921892,-0.2825398627560505,-39.5154450855228,63.70001399999999,9.600012173199218,-39.59003448627553,63.70001591752033,0.0,1,-2.1316282072803006e-14,0.0,-0.08278559392189244,-0.2825398924274931,-39.51544508552275,-63.70001399999998,9.600012173199268,-39.5900344862755,-63.70001591752033,0.0,1,2.842170943040401e-14,0.0,0.19178994776197866,-0.5343981417612245,71.00177188127836,63.70001399999999,9.60029320222882,70.98809975587952,62.45001586773867,0.0,1,-7.105427357601002e-15,0.0,0.1917899477619831,-0.5343981417612218,71.00177188127822,-63.70001399999998,9.600293202228848,70.98809975587932,-62.45001586773867,0.0,1,2.1316282072803006e-14
2.0416666666666665,2041667,rear_pair_shake_1_return,0.0,0.0,65.96244031862123,0.9961943448808908,0.0,0.08715977987198482,0.0,0.0,0.0,65.96244031862123,39.59003448627551,5.45660702028799,0,feet,0.0,-0.08261040607347292,-0.2825867413623304,-39.51634362869818,63.70001399999999,9.600019112574088,-39.59003448627553,63.70001591752033,0.0,1,0.0,0.0,-0.08261040607347336,-0.282586771038154,-39.516343628698166,-63.70001399999998,9.600019112574088,-39.5900344862755,-63.70001591752033,0.0,1,0.0,0.0,0.19187617011168934,-0.5343487727545435,71.00170091825161,63.70001399999999,9.60029330302757,70.98809975587952,62.45001586773867,0.0,1,-7.105427357601002e-15,0.0,0.19187617011169378,-0.5343487727545417,71.00170091825144,-63.70001399999998,9.60029330302762,70.98809975587932,-62.45001586773867,0.0,1,4.263256414560601e-14
2.05,2050000,rear_pair_shake_1_return,0.0,0.0,65.96182697652446,0.9961946980917455,0.0,0.08715574274765817,0.0,0.0,0.0,65.96182697652446,39.59003448627551,5.456734019237587,0,feet,0.0,-0.08258444738456339,-0.28259368670452023,-39.51647676783386,63.70001399999999,9.60002013364224,-39.59003448627553,63.70001591752033,0.0,1,2.1316282072803006e-14,0.0,-0.08258444738456383,-0.28259371638099307,-39.51647676783385,-63.70001399999998,9.600020133642225,-39.5900344862755,-63.70001591752033,0.0,1,7.105427357601002e-15,0.0,0.1918889464267859,-0.5343414571368812,71.00169040186354,63.70001399999999,9.600293317920915,70.98809975587952,62.45001586773867,0.0,1,6.394884621840902e-14,0.0,0.19188894642679122,-0.5343414571368768,71.0016904018633,-63.70001399999998,9.60029331792083,70.98809975587932,-62.45001586773867,0.0,1,-1.4210854715202004e-14
2.058333333333333,2058333,rear_pair_shake_2,0.0,0.0,65.96244031862123,0.9961943448808908,0.0,0.08715977987198482,0.0,0.0,0.0,65.96244031862123,39.59003448627551,5.45660702028799,0,feet,0.0,-0.08261040607347292,-0.2825867413623304,-39.51634362869818,63.70001399999999,9.600019112574088,-39.59003448627553,63.70001591752033,0.0,1,0.0,0.0,-0.08261040607347336,-0.282586771038154,-39.516343628698166,-63.70001399999998,9.600019112574088,-39.5900344862755,-63.70001591752033,0.0,1,0.0,0.0,0.19187617011168934,-0.5343487727545435,71.00170091825161,63.70001399999999,9.60029330302757,70.98809975587952,62.45001586773867,0.0,1,-7.105427357601002e-15,0.0,0.19187617011169378,-0.5343487727545417,71.00170091825144,-63.70001399999998,9.60029330302762,70.98809975587932,-62.45001586773867,0.0,1,4.263256414560601e-14
2.066666666666667,2066667,rear_pair_shake_2,0.0,0.0,65.96657942998704,0.996191960825683,0.0,0.0871870241852597,0.0,0.0,0.0,65.96657942998704,39.59003448627551,5.4557500775509595,0,feet,0.0,-0.082785593921892,-0.2825398627560505,-39.5154450855228,63.70001399999999,9.600012173199218,-39.59003448627553,63.70001591752033,0.0,1,-2.1316282072803006e-14,0.0,-0.08278559392189244,-0.2825398924274931,-39.51544508552275,-63.70001399999998,9.600012173199268,-39.5900344862755,-63.70001591752033,0.0,1,2.842170943040401e-14,0.0,0.19178994776197866,-0.5343981417612245,71.00177188127836,63.70001399999999,9.60029320222882,70.98809975587952,62.45001586773867,0.0,1,-7.105427357601002e-15,0.0,0.1917899477619831,-0.5343981417612218,71.00177188127822,-63.70001399999998,9.600293202228848,70.98809975587932,-62.45001586773867,0.0,1,2.1316282072803006e-14
2.075,2075000,rear_pair_shake_2,0.0,0.0,65.97735470174419,0.9961857509644396,0.0,0.08725794849419433,0.0,0.0,0.0,65.97735470174419,39.50719737387419,5.453520063551068,0,feet,0.0,-0.08324156088860013,-0.2824178791811396,-39.51310641068942,63.70001399999999,9.600002398264031,-39.50719737387419,59.93459691168532,0.0,1,7.105427357601002e-15,0.0,-0.08324156088860013,-0.28241790884117757,-39.51310641068943,-63.70001399999998,9.60000239826401,-39.507197373874185,-59.93459691168532,0.0,1,-1.4210854715202004e-14,0.0,0.19156547066002094,-0.5345266622963196,71.00195656621585,63.70001399999999,9.600292937435775,70.98809975587952,62.45001586773867,0.0,1,-1.0658141036401503e-13,0.0,0.19156547066002583,-0.5345266622963178,71.00195656621572,-63.70001399999998,9.600292937435881,70.98809975587932,-62.45001586773867,0.0,1,0.0
2.0833333333333335,2083333,rear_pair_shake_2,0.0,0.0,65.99744136695656,0.9961741614047841,0.0,0.08739016048431954,0.0,0.0,0.0,65.99744136695656,39.50719737387419,5.449366271038038,0,feet,0.0,-0.08409138896780943,-0.2821905253931649,-39.508747294519424,63.70001399999999,9.600004091725054,-39.50719737387419,59.93459691168532,0.0,1,3.552713678800501e-14,0.0,-0.08409138896781032,-0.2821905550319479,-39.50874729451941,-63.70001399999998,9.600004091725033,-39.507197373874185,-59.93459691168532,0.0,1,1.4210854715202004e-14,0.0,0.19114695092378797,-0.5347662397385671,71.0023006460281,63.70001399999999,9.60029243463417,70.98809975587952,62.45001586773867,0.0,1,5.684341886080802e-14,0.0,0.1911469509237924,-0.5347662397385644,71.00230064602795,-63.70001399999998,9.60029243463417,70.98809975587932,-62.45001586773867,0.0,1,5.684341886080802e-14
2.091666666666667,2091667,rear_pair_shake_2,0.0,0.0,66.02909928054133,0.9961558598711913,0.0,0.08759853220395639,0.0,0.0,0.0,66.02909928054133,39.50719737387419,5.442828280030319,0,feet,0.0,-0.08543134297968713,-0.2818315114878702,-39.5018720351754,63.70001399999999,9.60000273979955,-39.50719737387419,59.93459691168532,0.0,1,0.0,0.0,-0.08543134297968713,-0.28183154109308184,-39.5018720351754,-63.70001399999998,9.60000273979955,-39.507197373874185,-59.93459691168532,0.0,1,0.0,0.0,0.19048717244349245,-0.5351438204996537,71.00284241181755,63.70001399999999,9.600291617959819,70.98809975587952,62.45001586773867,0.0,1,-2.1316282072803006e-14,0.0,0.1904871724434969,-0.5351438204996524,71.00284241181741,-63.70001399999998,9.60029161795989,70.98809975587932,-62.45001586773867,0.0,1,4.973799150320701e-14
2.1,2100000,rear_pair_shake_2,0.0,0.0,66.07419269918071,0.9961297159755558,0.0,0.0878953295144772,0.0,0.0,0.0,66.07419269918071,39.48805781796537,5.433533899244793,0,feet,0.0,-0.08734106927608698,-0.2813187585551118,-39.4920690308012,63.70001399999999,9.599998371404311,-39.48805781796538,66.27374638689588,0.0,1,2.842170943040401e-14,0.0,-0.08734106927608698,-0.2813187881123618,-39.4920690308012,-63.70001399999998,9.599998371404311,-39.48805781796536,-66.27374638689588,0.0,1,2.842170943040401e-14,0.0,0.18954704057041605,-0.5356816255776122,71.00361299059301,63.70001399999999,9.600290403697286,70.98809975587952,62.45001586773867,0.0,1,-2.842170943040401e-14,0.0,0.18954704057042138,-0.5356816255776091,71.00361299059281,-63.70001399999998,9.600290403697322,70.98809975587932,-62.45001586773867,0.0,1,7.105427357601002e-15
2.1083333333333334,2108333,rear_pair_shake_2,0.0,0.0,66.13421006123373,0.9960947824273236,0.0,0.08829034160689798,0.0,0.0,0.0,66.13421006123373,39.477052015560105,5.42119689114007,0,feet,0.0,-0.08988456300571235,-0.28063402325337305,-39.47900537600092,63.70001399999999,9.600004473175382,-39.477052015560105,60.71151150841919,0.0,1,1.4210854715202004e-14,0.0,-0.08988456300571235,-0.2806340527465494,-39.47900537600092,-63.70001399999998,9.600004473175382,-39.477052015560105,-60.71151150841919,0.0,1,1.4210854715202004e-14,0.0,0.18829513616550964,-0.5363973840616789,71.00463657936001,63.70001399999999,9.60028869509889,70.98809975587952,62.45001586773867,0.0,1,2.1316282072803006e-14,0.0,0.18829513616551408,-0.5363973840616758,71.00463657935983,-63.70001399999998,9.600288695098897,70.98809975587932,-62.45001586773867,0.0,1,2.842170943040401e-14
2.1166666666666667,2116667,rear_pair_shake_2,0.0,0.0,66.21028376664792,0.9960502780616632,0.0,0.08879101065582838,0.0,0.0,0.0,66.21028376664792,39.45938243187273,5.405614271501207,0,feet,0.0,-0.09311198423852396,-0.27976185024200895,-39.4624161176723,63.70001399999999,9.599997526012132,-39.45938243187271,60.73333348422281,0.0,1,-7.105427357601002e-15,0.0,-0.09311198423852396,-0.27976187965352795,-39.46241611767233,-63.70001399999998,9.599997526012096,-39.459382431872754,-60.73333348422281,0.0,1,-4.263256414560601e-14,0.0,0.1867072780595671,-0.5373045667057998,71.00593070944608,63.70001399999999,9.600286378690392,70.98809975587952,62.45001586773867,0.0,1,-3.552713678800501e-14,0.0,0.186707278059572,-0.5373045667057972,71.00593070944592,-63.70001399999998,9.600286378690441,70.98809975587932,-62.45001586773867,0.0,1,1.4210854715202004e-14
2.125,2125000,rear_pair_shake_2,0.0,0.0,66.30320995687114,0.9959955732677542,0.0,0.08940256165814095,0.0,0.0,0.0,66.30320995687114,39.440267170544374,5.386663044790126,0,feet,0.0,-0.09705913544944478,-0.27869042379138564,-39.44210862622213,63.70001399999999,9.599998301067771,-39.44026717054437,60.74619282880431,0.0,1,0.0,0.0,-0.09705913544944478,-0.2786904531025285,-39.44210862622213,-63.70001399999998,9.599998301067771,-39.44026717054439,-60.74619282880431,0.0,1,0.0,0.0,0.1847660966076945,-0.5384126196546073,71.00750655023924,63.70001399999999,9.60028332249135,70.98809975587952,62.45001586773867,0.0,1,-5.684341886080802e-14,0.0,0.18476609660769938,-0.5384126196546042,71.00750655023904,-63.70001399999998,9.600283322491393,70.98809975587932,-62.45001586773867,0.0,1,-1.4210854715202004e-14
2.1333333333333333,2133333,rear_pair_shake_2,0.0,0.0,66.41346829476328,0.9959301781424209,0.0,0.09012813248484525,0.0,0.0,0.0,66.41346829476328,39.440267170544374,5.364296296178637,0,feet,0.0,-0.1017500862372569,-0.2774099038107414,-39.41794684718931,63.70001399999999,9.599972529889278,-39.44026717054437,60.74619282880431,0.0,1,2.1316282072803006e-14,0.0,-0.1017500862372569,-0.27740993300182293,-39.41794684718931,-63.70001399999998,9.599972529889278,-39.44026717054439,-60.74619282880431,0.0,1,2.1316282072803006e-14,0.0,0.18246061982984507,-0.5397271984064154,71.00936925717569,63.70001399999999,9.600279376356163,70.98809975587952,62.45001586773867,0.0,1,4.973799150320701e-14,0.0,0.18246061982984996,-0.5397271984064123,71.00936925717549,-63.70001399999998,9.600279376356184,70.98809975587932,-62.45001586773867,0.0,1,7.105427357601002e-14
2.1416666666666666,2141667,rear_pair_shake_2,0.0,0.0,66.54124174450799,0.9958537334749349,0.0,0.09096890415979218,0.0,0.0,0.0,66.54124174450799,39.326713466059246,5.338538611224465,0,feet,0.0,-0.10719329317881732,-0.27591602219538514,-39.38987758772274,63.70001399999999,9.600097695031657,-39.32671346605923,63.700015918920016,0.0,1,7.105427357601002e-15,0.0,-0.10719329317881643,-0.27591605124626906,-39.38987758772278,-63.70001399999998,9.600097695031664,-39.32671346605926,-63.700015918920016,0.0,1,1.4210854715202004e-14,0.0,0.1797858726086221,-0.5412504021209981,71.01151836491172,63.70001399999999,9.600274374439785,70.98809975587952,62.45001586773867,0.0,1,7.105427357601002e-15,0.0,0.17978587260862566,-0.5412504021209954,71.01151836491154,-63.70001399999998,9.600274374439763,70.98809975587932,-62.45001586773867,0.0,1,-7.105427357601002e-15
2.15,2150000,rear_pair_shake_2,0.0,0.0,66.68643635152446,0.9957660044847679,0.0,0.09192423136714856,0.0,0.0,0.0,66.68643635152446,39.326713466059246,5.309480835553302,0,feet,0.0,-0.11339141964816069,-0.27420268071031373,-39.35786780393677,63.70001399999999,9.600254937638312,-39.32671346605923,63.700015918920016,0.0,1,-7.105427357601002e-15,0.0,-0.11339141964815935,-0.2742027096002295,-39.35786780393681,-63.70001399999998,9.600254937638361,-39.32671346605926,-63.700015918920016,0.0,1,4.263256414560601e-14,0.0,0.1767424885577875,-0.5429810084131228,71.01394822322263,63.70001399999999,9.600268139615125,70.98809975587952,62.45001586773867,0.0,1,-4.263256414560601e-14,0.0,0.17674248855779195,-0.5429810084131197,71.01394822322249,-63.70001399999998,9.600268139615146,70.98809975587932,-62.45001586773867,0.0,1,-1.4210854715202004e-14
2.158333333333333,2158333,rear_pair_shake_2,0.0,0.0,66.8487010223792,0.9956668770832903,0.0,0.09299177318025585,0.0,0.0,0.0,66.8487010223792,39.326713466059246,5.277274220657546,0,feet,0.0,-0.12033724154828951,-0.27226568209636337,-39.3219343575276,63.70001399999999,9.600304298330272,-39.32671346605923,63.700015918920016,0.0,1,-2.1316282072803006e-14,0.0,-0.12033724154828906,-0.2722657108040698,-39.32193435752763,-63.70001399999998,9.600304298330258,-39.32671346605926,-63.700015918920016,0.0,1,-3.552713678800501e-14,0.0,0.17333633347235144,-0.5449147088038568,71.01664847034804,63.70001399999999,9.60026048952195,70.98809975587952,62.45001586773867,0.0,1,7.105427357601002e-15,0.0,0.17333633347235589,-0.5449147088038542,71.01664847034789,-63.70001399999998,9.600260489522,70.98809975587932,-62.45001586773867,0.0,1,5.684341886080802e-14
2.1666666666666665,2166667,rear_pair_shake_2,0.0,0.0,67.02744730469769,0.9955563563107793,0.0,0.09416762399681014,0.0,0.0,0.0,67.02744730469769,39.31224530303281,5.24212402892438,0,feet,0.0,-0.12801149509678256,-0.2701050230219364,-39.28215830807426,63.70001399999999,9.60024836263728,-39.31224530303281,63.70001591896379,0.0,1,0.0,0.0,-0.12801149509678256,-0.27010505152611053,-39.28215830807426,-63.70001399999998,9.60024836263728,-39.31224530303282,-63.7000159189638,0.0,1,0.0,0.0,0.16957813871556615,-0.5470443450204758,71.01960453630097,63.70001399999999,9.600251243826143,70.98809975587952,62.45001586773867,0.0,1,4.263256414560601e-14,0.0,0.1695781387155706,-0.5470443450204723,71.01960453630082,-63.70001399999998,9.600251243826108,70.98809975587932,-62.45001586773867,0.0,1,7.105427357601002e-15
2.175,2175000,rear_pair_shake_2,0.0,0.0,67.22186916707622,0.9954345665095287,0.0,0.09544644465870253,0.0,0.0,0.0,67.22186916707622,39.31224530303281,5.204282692062847,0,feet,0.0,-0.13638749409600281,-0.26772168824373566,-39.23865680628187,63.70001399999999,9.600013467945338,-39.31224530303281,63.70001591896379,0.0,1,2.842170943040401e-14,0.0,-0.13638749409600237,-0.2677217165230483,-39.23865680628188,-63.70001399999998,9.600013467945338,-39.31224530303282,-63.7000159189638,0.0,1,2.842170943040401e-14,0.0,0.165483142481071,-0.5493601463349052,71.0227981670962,63.70001399999999,9.600240232204285,70.98809975587952,62.45001586773867,0.0,1,4.263256414560601e-14,0.0,0.16548314248107543,-0.549360146334902,71.02279816709601,-63.70001399999998,9.6002402322043,70.98809975587932,-62.45001586773867,0.0,1,5.684341886080802e-14
2.183333333333333,2183333,rear_pair_shake_2,0.0,0.0,67.4309627789936,0.9953017527301895,0.0,0.09682159372894368,0.0,0.0,0.0,67.4309627789936,39.196043037650426,5.164042632880324,0,feet,0.0,-0.14542190695851476,-0.26512565750037353,-39.19164444349033,63.70001399999999,9.599996116127251,-39.19604303765043,65.90477742429005,0.0,1,4.263256414560601e-14,0.0,-0.1454219069585152,-0.26512568553433535,-39.19164444349032,-63.70001399999998,9.599996116127244,-39.19604303765042,-65.90477742429005,0.0,1,3.552713678800501e-14,0.0,0.16107073658025284,-0.5518499681058224,71.02620795993974,63.70001399999999,9.600227302546458,70.98809975587952,62.45001586773867,0.0,1,5.684341886080802e-14,0.0,0.16107073658025728,-0.5518499681058184,71.02620795993953,-63.70001399999998,9.600227302546351,70.98809975587932,-62.45001586773867,0.0,1,-4.973799150320701e-14
2.191666666666667,2191667,rear_pair_shake_2,0.0,0.0,67.6535462907229,0.9951582828296252,0.0,0.09828525889263237,0.0,0.0,0.0,67.6535462907229,39.1362986664566,5.121728871409729,0,feet,0.0,-0.15507463881065853,-0.26232041735692535,-39.14130382317957,63.70001399999999,9.600002265331113,-39.1362986664566,59.9925097393973,0.0,1,7.105427357601002e-15,0.0,-0.15507463881065853,-0.2623204451252641,-39.14130382317957,-63.70001399999998,9.600002265331113,-39.1362986664566,-59.99250973939729,0.0,1,7.105427357601002e-15,0.0,0.15636411623559576,-0.5544995316399421,71.02980989913164,63.70001399999999,9.600212328887494,70.98809975587952,62.45001586773867,0.0,1,-2.1316282072803006e-14,0.0,0.15636411623559932,-0.5544995316399404,71.02980989913151,-63.70001399999998,9.600212328887508,70.98809975587932,-62.45001586773867,0.0,1,-7.105427357601002e-15
2.2,2200000,rear_pair_shake_2,0.0,0.0,67.88827961324321,0.9950046497023557,0.0,0.09982858844385387,0.0,0.0,0.0,67.88827961324321,39.08636250461428,5.077691543124331,0,feet,0.0,-0.1652957186993662,-0.25931396184296185,-39.08787640403779,63.70001399999999,9.600005264711427,-39.08636250461427,59.94669713257886,0.0,1,7.105427357601002e-15,0.0,-0.1652957186993662,-0.25931398932604477,-39.08787640403779,-63.70001399999998,9.600005264711427,-39.086362504614286,-59.94669713257886,0.0,1,7.105427357601002e-15,0.0,0.1513899302996502,-0.5572926654156065,71.03357788271953,63.70001399999999,9.600195218627285,70.98809975587952,62.45001586773867,0.0,1,5.684341886080802e-14,0.0,0.15138993029965464,-0.5572926654156034,71.03357788271937,-63.70001399999998,9.600195218627292,70.98809975587932,-62.45001586773867,0.0,1,6.394884621840902e-14
2.2083333333333335,2208333,rear_pair_shake_2,0.0,0.0,68.1336841981514,0.9948414730919752,0.0,0.10144182281578269,0.0,0.0,0.0,68.1336841981514,39.00664531212462,5.03229845971498,0,feet,0.0,-0.1760236473202288,-0.2561207816658162,-39.0316719273928,63.70001399999999,9.600266044142884,-39.00664531212462,63.700015919151575,0.0,1,-1.4210854715202004e-14,0.0,-0.1760236473202288,-0.25612080884526334,-39.03167192739279,-63.70001399999998,9.600266044142913,-39.00664531212462,-63.70001591915158,0.0,1,1.4210854715202004e-14,0.0,0.14617792935499319,-0.5602115476212912,71.03748423073638,63.70001399999999,9.600175918670303,70.98809975587952,62.45001586773867,0.0,1,7.105427357601002e-15,0.0,0.14617792935499674,-0.5602115476212881,71.03748423073627,-63.70001399999998,9.60017591867026,70.98809975587932,-62.45001586773867,0.0,1,-3.552713678800501e-14
2.216666666666667,2216667,rear_pair_shake_2,0.0,0.0,68.38816281757384,0.9946695004515623,0.0,0.10311442610730799,0.0,0.0,0.0,68.38816281757384,38.95415336597854,4.985927841875217,0,feet,0.0,-0.18720546484242728,-0.25274604885134977,-38.97293959047196,63.70001399999999,9.600283250434522,-38.95415336597854,63.700015919036375,0.0,1,7.105427357601002e-15,0.0,-0.18720546484242728,-0.2527460757091484,-38.97293959047196,-63.70001399999998,9.600283250434522,-38.95415336597854,-63.700015919036375,0.0,1,7.105427357601002e-15,0.0,0.14076109523668956,-0.5632372844097389,71.04149703849167,63.70001399999999,9.600187901638378,71.0883044584149,62.4500158716601,0.0,1,0.0,0.0,0.140761095236694,-0.5632372844097358,71.0414970384915,-63.70001399999998,9.600187901638364,71.08830445841471,-62.4500158716601,0.0,1,-1.4210854715202004e-14
2.225,2225000,rear_pair_shake_2,0.0,0.0,68.65001934407817,0.9944896063609158,0.0,0.10483521755646191,0.0,0.0,0.0,68.65001934407817,38.906437467335884,4.938961348920834,0,feet,0.0,-0.19876939053374798,-0.2492083158451046,-38.91204983823289,63.70001399999999,9.600299158372913,-38.90643746733589,63.70001591889352,0.0,1,3.552713678800501e-14,0.0,-0.19876939053374798,-0.24920834236488432,-38.9120498382329,-63.70001399999998,9.600299158372891,-38.906437467335884,-63.70001591889351,0.0,1,1.4210854715202004e-14,0.0,0.13517395333303428,-0.5663492437679563,71.04558915334007,63.70001399999999,9.600206981312269,71.0883044584149,62.4500158716601,0.0,1,4.263256414560601e-14,0.0,0.13517395333303783,-0.5663492437679536,71.04558915333996,-63.70001399999998,9.600206981312262,71.08830445841471,-62.4500158716601,0.0,1,3.552713678800501e-14
2.2333333333333334,2233333,rear_pair_shake_2,0.0,0.0,68.91747853058503,0.9943027900612411,0.0,0.10659250290912355,0.0,0.0,0.0,68.91747853058503,38.8305943634513,4.891777522012845,0,feet,0.0,-0.21064432203512728,-0.24552425088458607,-38.84936585460717,63.70001399999999,9.600281499775285,-38.8305943634513,63.70001591859285,0.0,1,2.842170943040401e-14,0.0,-0.21064432203512728,-0.24552427705144764,-38.84936585460721,-63.70001399999998,9.600281499775264,-38.8305943634513,-63.70001591859284,0.0,1,7.105427357601002e-15,0.0,0.1294532650809228,-0.5695260312988979,71.04973172585832,63.70001399999999,9.600224519542593,71.0883044584149,62.4500158716601,0.0,1,0.0,0.0,0.12945326508092725,-0.5695260312988952,71.0497317258582,-63.70001399999998,9.600224519542628,71.08830445841471,-62.4500158716601,0.0,1,3.552713678800501e-14
2.2416666666666667,2241667,rear_pair_shake_2,0.0,0.0,69.18870579027983,0.9941101707325026,0.0,0.10837420563120381,0.0,0.0,0.0,69.18870579027983,38.8305943634513,4.844745746409259,0,feet,0.0,-0.22275544891735333,-0.24171267721654477,-38.78527378430655,63.70001399999999,9.600192877693303,-38.8305943634513,63.70001591859285,0.0,1,0.0,0.0,-0.22275544891735333,-0.24171270301727876,-38.78527378430655,-63.70001399999998,9.600192877693303,-38.8305943634513,-63.70001591859284,0.0,1,0.0,0.0,0.12363754180351583,-0.5727456652624201,71.05389526225946,63.70001399999999,9.600240345352987,71.0883044584149,62.4500158716601,0.0,1,-2.1316282072803006e-14,0.0,0.12363754180351982,-0.5727456652624183,71.05389526225932,-63.70001399999998,9.60024034535303,71.08830445841471,-62.4500158716601,0.0,1,2.1316282072803006e-14
2.25,2250000,rear_pair_shake_2,0.0,0.0,69.46182697652446,0.9939129802128576,0.0,0.11016799791407572,0.0,0.0,0.0,69.46182697652446,38.788489321948894,4.798220823723071,0,feet,0.0,-0.23502934237780293,-0.23779078137663445,-38.72015359176646,63.70001399999999,9.599757101260117,-38.788489321948894,61.16236294898136,0.0,1,1.4210854715202004e-14,0.0,-0.23502934237780293,-0.23779080679957687,-38.72015359176646,-63.70001399999998,9.599757101260117,-38.788489321948894,-61.162362948981354,0.0,1,1.4210854715202004e-14,0.0,0.11776652858212833,-0.575985737339864,71.05805073513476,63.70001399999999,9.600254340044941,71.0883044584149,62.4500158716601,0.0,1,1.4210854715202004e-14,0.0,0.11776652858213277,-0.5759857373398609,71.05805073513457,-63.70001399999998,9.600254340044877,71.08830445841471,-62.4500158716601,0.0,1,-4.973799150320701e-14
2.2583333333333333,2258333,rear_pair_shake_2,0.0,0.0,69.7349481627691,0.993712552941193,0.0,0.1119614314266158,0.0,0.0,0.0,69.7349481627691,38.62809827516551,4.752538227846443,0,feet,0.0,-0.24736538559597143,-0.23379825947699384,-38.65456021159619,63.70001399999999,9.59996676050924,-38.628098275165506,60.000671282292835,0.0,1,2.1316282072803006e-14,0.0,-0.247365385595971,-0.2337982845142168,-38.654560211596205,-63.70001399999998,9.599966760509247,-38.62809827516552,-60.00067128229284,0.0,1,2.842170943040401e-14,0.0,0.11188079754600944,-0.5792236566251021,71.06216987368796,63.70001399999999,9.600266437177915,71.0883044584149,62.4500158716601,0.0,1,-7.105427357601002e-15,0.0,0.11188079754601388,-0.5792236566251003,71.06216987368784,-63.70001399999998,9.600266437177993,71.08830445841471,-62.4500158716601,0.0,1,7.105427357601002e-14
2.2666666666666666,2266667,rear_pair_shake_2,0.0,0.0,70.0061754224639,0.9935103129906213,0.0,0.11374206777300006,0.0,0.0,0.0,70.0061754224639,38.595339628814166,4.708010098317189,0,feet,0.0,-0.2596961895479386,-0.2297481141147344,-38.58883090994415,63.70001399999999,9.600004419874239,-38.59533962881415,59.93915928862313,0.0,1,2.1316282072803006e-14,0.0,-0.25969618954793816,-0.22974813875949973,-38.588830909944164,-63.70001399999998,9.600004419874239,-38.59533962881418,-59.93915928862313,0.0,1,2.842170943040401e-14,0.0,0.10602132794488206,-0.5824368921291176,71.06622541648284,63.70001399999999,9.600276620870396,71.0883044584149,62.4500158716601,0.0,1,-2.1316282072803006e-14,0.0,0.10602132794488695,-0.582436892129115,71.06622541648265,-63.70001399999998,9.600276620870432,71.08830445841471,-62.4500158716601,0.0,1,1.4210854715202004e-14
2.275,2275000,rear_pair_shake_2,0.0,0.0,70.27363460897075,0.9933077581506566,0.0,0.11549760862336786,0.0,0.0,0.0,70.27363460897075,38.51140737958346,4.664922002844577,0,feet,0.0,-0.27193479016655786,-0.2256701595689572,-38.52344043437029,63.70001399999999,9.599995182890545,-38.51140737958343,60.43318737930498,0.0,1,-7.105427357601002e-15,0.0,-0.27193479016655697,-0.22567018381736315,-38.523440434370336,-63.70001399999998,9.599995182890552,-38.51140737958348,-60.43318737930498,0.0,1,0.0,0.0,0.10022907286391947,-0.5856032132803186,71.07019133062566,63.70001399999999,9.6002849226429,71.0883044584149,62.4500158716601,0.0,1,-4.263256414560601e-14,0.0,0.10022907286392346,-0.585603213280316,71.07019133062552,-63.70001399999998,9.600284922642913,71.08830445841471,-62.4500158716601,0.0,1,-2.842170943040401e-14
2.283333333333333,2283333,rear_pair_shake_2,0.0,0.0,70.53549113547508,0.9931064411065247,0.0,0.11721602549452365,0.0,0.0,0.0,70.53549113547508,38.46260664123572,4.623530476961449,0,feet,0.0,-0.2839950869544121,-0.22159501200210752,-38.45885743826547,63.70001399999999,9.600000080237265,-38.46260664123571,61.53205098050341,0.0,1,0.0,0.0,-0.28399508695441167,-0.22159503585320683,-38.45885743826552,-63.70001399999998,9.600000080237244,-38.462606641235745,-61.53205098050341,0.0,1,-2.1316282072803006e-14,0.0,0.09454451284563348,-0.5887009279683255,71.07404300237584,63.70001399999999,9.60029141704534,71.0883044584149,62.4500158716601,0.0,1,-4.973799150320701e-14,0.0,0.09454451284563836,-0.5887009279683229,71.07404300237567,-63.70001399999998,9.600291417045383,71.08830445841471,-62.4500158716601,0.0,1,-7.105427357601002e-15
2.2916666666666665,2291667,rear_pair_shake_2,0.0,0.0,70.78996975489753,0.9929079478534923,0.0,0.11888568916975062,0.0,0.0,0.0,70.78996975489753,38.41959726546888,4.584061323905345,0,feet,0.0,-0.2957936241586374,-0.2175528560357498,-38.395539035719125,63.70001399999999,9.599967841425148,-38.41959726546886,60.73948086590802,0.0,1,3.552713678800501e-14,0.0,-0.2957936241586374,-0.21755287949153912,-38.39553903571917,-63.70001399999998,9.599967841425098,-38.4195972654689,-60.73948086590802,0.0,1,-1.4210854715202004e-14,0.0,0.08900719707911664,-0.5917091177776017,71.07775740492214,63.70001399999999,9.60029621631471,71.0883044584149,62.4500158716601,0.0,1,1.4210854715202004e-14,0.0,0.08900719707912019,-0.5917091177775999,71.07775740492197,-63.70001399999998,9.600296216314646,71.08830445841471,-62.4500158716601,0.0,1,-4.973799150320701e-14
2.3,2300000,rear_pair_shake_2,0.0,0.0,71.03537433980571,0.9927138735700902,0.0,0.12049549876018975,0.0,0.0,0.0,71.03537433980571,38.3501791123996,4.5467086325304535,0,feet,0.0,-0.3072454668905955,-0.21357733268383994,-38.33395616816197,63.70001399999999,9.599988318402858,-38.35017911239958,59.93398274193727,0.0,1,7.105427357601002e-15,0.0,-0.3072454668905946,-0.2135773557496381,-38.33395616816201,-63.70001399999998,9.599988318402865,-38.350179112399616,-59.93398274193727,0.0,1,7.105427357601002e-15,0.0,0.08365527319556776,-0.5946078701847539,71.08131324946561,63.70001399999999,9.600299464304285,71.0883044584149,62.4500158716601,0.0,1,0.0,0.0,0.0836552731955722,-0.5946078701847521,71.08131324946544,-63.70001399999998,9.600299464304342,71.08830445841471,-62.4500158716601,0.0,1,5.684341886080802e-14
2.308333333333333,2308333,rear_pair_shake_2,0.0,0.0,71.27010766232603,0.9925257962545202,0.0,0.12203501042459379,0.0,0.0,0.0,71.27010766232603,38.3501791123996,4.5116344460684985,0,feet,0.0,-0.3182773065051192,-0.20969501893088927,-38.27450970055139,63.70001399999999,9.599703799467015,-38.35017911239958,59.93398274193727,0.0,1,-7.105427357601002e-15,0.0,-0.3182773065051192,-0.20969504161468322,-38.27450970055136,-63.70001399999998,9.599703799467008,-38.350179112399616,-59.93398274193727,0.0,1,-1.4210854715202004e-14,0.0,0.07852500706159571,-0.5973785076432003,71.08469112582638,63.70001399999999,9.600301329914188,71.0883044584149,62.4500158716601,0.0,1,4.263256414560601e-14,0.0,0.0785250070615997,-0.5973785076431977,71.08469112582618,-63.70001399999998,9.600301329914146,71.08830445841471,-62.4500158716601,0.0,1,0.0
2.316666666666667,2316667,rear_pair_shake_2,0.0,0.0,71.49269117405532,0.9923452485012751,0.0,0.12349456577899526,0.0,0.0,0.0,71.49269117405532,38.193110074496275,4.4789689907247805,0,feet,0.0,-0.32879416845268583,-0.20595353496148983,-38.217747919038615,63.70001399999999,9.599970223064162,-38.19311007449625,61.154281506932776,0.0,1,-7.105427357601002e-15,0.0,-0.3287941684526854,-0.20595355727604092,-38.21774791903863,-63.70001399999998,9.599970223064169,-38.193110074496296,-61.154281506932776,0.0,1,0.0,0.0,0.07365029427988157,-0.6000038136431094,71.0878736385725,63.70001399999999,9.60030200023511,71.0883044584149,62.4500158716601,0.0,1,1.4210854715202004e-14,0.0,0.07365029427988512,-0.6000038136431072,71.08787363857238,-63.70001399999998,9.600302000235125,71.08830445841471,-62.4500158716601,0.0,1,2.842170943040401e-14
2.325,2325000,rear_pair_shake_2,0.0,0.0,71.7017847859727,0.9921736878579662,0.0,0.12486542004223217,0.0,0.0,0.0,71.7017847859727,38.13673231496155,4.4488113513002645,0,feet,0.0,-0.3387407348789693,-0.2023709328167942,-38.16396481027772,63.70001399999999,9.599965584124945,-38.13673231496151,61.901740917708295,0.0,1,1.4210854715202004e-14,0.0,-0.3387407348789684,-0.20237095477676537,-38.163964810277776,-63.70001399999998,9.59996558412493,-38.136732314961584,-61.901740917708295,0.0,1,0.0,0.0,0.06906216538199361,-0.6024682560035353,71.0908455441998,63.70001399999999,9.600301673604136,71.0883044584149,62.4500158716601,0.0,1,-2.1316282072803006e-14,0.0,0.06906216538199716,-0.6024682560035326,71.09084554419967,-63.70001399999998,9.60030167360415,71.08830445841471,-62.4500158716601,0.0,1,0.0
2.3333333333333335,2333333,rear_pair_shake_2,0.0,0.0,71.89620664835124,0.9920124662534671,0.0,0.12613986997660162,0.0,0.0,0.0,71.89620664835124,38.1137169399299,4.421230462194558,0,feet,0.0,-0.3480439498753789,-0.19898365732678203,-38.11358229675932,63.70001399999999,9.600005934166028,-38.11371693992986,59.97422398009301,0.0,1,0.0,0.0,-0.34804394987537757,-0.1989836789505839,-38.11358229675939,-63.70001399999998,9.600005934166035,-38.11371693992994,-59.974223980093,0.0,1,7.105427357601002e-15,0.0,0.06478828692158389,-0.6047582078172962,71.09359389423497,63.70001399999999,9.600300552753112,71.0883044584149,62.4500158716601,0.0,1,-3.552713678800501e-14,0.0,0.06478828692158789,-0.6047582078172944,71.0935938942348,-63.70001399999998,9.60030055275314,71.08830445841471,-62.4500158716601,0.0,1,-7.105427357601002e-15
2.341666666666667,2341667,rear_pair_shake_2,0.0,0.0,72.07495293066972,0.9918627990256866,0.0,0.12731138169437328,0.0,0.0,0.0,72.07495293066972,38.0671424172509,4.396266267203075,0,feet,0.0,-0.3566466537345008,-0.19581905511346953,-38.06692590094339,63.70001399999999,9.600004018031015,-38.06714241725086,60.147888072357176,0.0,1,-2.1316282072803006e-14,0.0,-0.35664665373449855,-0.19581907642238328,-38.06692590094346,-63.70001399999998,9.600004018031065,-38.06714241725094,-60.147888072357176,0.0,1,2.842170943040401e-14,0.0,0.06085246083903595,-0.6068621666166636,71.09610818835787,63.70001399999999,9.600298838219743,71.0883044584149,62.4500158716601,0.0,1,3.552713678800501e-14,0.0,0.060852460839039946,-0.6068621666166605,71.0961081883577,-63.70001399999998,9.600298838219736,71.08830445841471,-62.4500158716601,0.0,1,2.842170943040401e-14
2.35,2350000,rear_pair_shake_2,0.0,0.0,72.23721760152446,0.9917257340985088,0.0,0.1283747184097151,0.0,0.0,0.0,72.23721760152446,38.01778033223511,4.373930891400036,0,feet,0.0,-0.3644978094809086,-0.1929038655069646,-38.024290243467746,63.70001399999999,9.600001908520213,-38.01778033223508,60.30112636803076,0.0,1,-7.105427357601002e-15,0.0,-0.36449780948090726,-0.19290388652510204,-38.0242902434678,-63.70001399999998,9.600001908520227,-38.017780332235155,-60.301126368030765,0.0,1,7.105427357601002e-15,0.0,0.057274124561636164,-0.6087709724490793,71.09838054080882,63.70001399999999,9.60029672217938,71.0883044584149,62.4500158716601,0.0,1,4.263256414560601e-14,0.0,0.05727412456164016,-0.6087709724490766,71.09838054080868,-63.70001399999998,9.600296722179337,71.08830445841471,-62.4500158716601,0.0,1,0.0
2.3583333333333334,2358333,rear_pair_shake_2,0.0,0.0,72.38241220854094,0.9916021218606237,0.0,0.12932606822102324,0.0,0.0,0.0,72.38241220854094,37.966132429531505,4.3542096639877315,0,feet,0.0,-0.37155811563942276,-0.190259860440134,-37.985904358923506,63.70001399999999,9.599975725579228,-37.96613242953148,60.91776836540593,0.0,1,1.4210854715202004e-14,0.0,-0.3715581156394214,-0.19025988119395576,-37.98590435892357,-63.70001399999998,9.599975725579228,-37.96613242953153,-60.91776836540592,0.0,1,7.105427357601002e-15,0.0,0.05406785431700856,-0.6104780256372457,71.1004058625282,63.70001399999999,9.600294382847963,71.0883044584149,62.4500158716601,0.0,1,0.0,0.0,0.05406785431701211,-0.6104780256372444,71.10040586252806,-63.70001399999998,9.600294382847999,71.08830445841471,-62.4500158716601,0.0,1,3.552713678800501e-14
2.3666666666666667,2366667,rear_pair_shake_2,0.0,0.0,72.51018565828565,0.9914925862820565,0.0,0.1301631720100531,0.0,0.0,0.0,72.51018565828565,37.96451706589195,4.337061833125105,0,feet,0.0,-0.3777981315297758,-0.1879057987275492,-37.951944509679976,63.70001399999999,9.59999110992728,-37.964517065891904,60.5174807372033,0.0,1,0.0,0.0,-0.3777981315297736,-0.18790581924556582,-37.951944509680104,-63.70001399999998,9.599991109927295,-37.96451706589199,-60.5174807372033,0.0,1,1.4210854715202004e-14,0.0,0.051242874062206845,-0.6119795050389651,71.10218206072182,63.70001399999999,9.600291979595085,71.0883044584149,62.4500158716601,0.0,1,-1.4210854715202004e-14,0.0,0.05124287406221084,-0.611979505038962,71.10218206072163,-63.70001399999998,9.60029197959507,71.08830445841471,-62.4500158716601,0.0,1,-2.842170943040401e-14
2.375,2375000,rear_pair_shake_2,0.0,0.0,72.62044399617778,0.9913974977650946,0.0,0.13088545154106837,0.0,0.0,0.0,72.62044399617778,37.907559637169165,4.322420823180238,0,feet,0.0,-0.38320311415533137,-0.18585372919030574,-37.922504181617256,63.70001399999999,9.60004708127768,-37.907559637169115,62.45001590766261,0.0,1,4.973799150320701e-14,0.0,-0.3832031141553296,-0.1858537495024004,-37.92250418161738,-63.70001399999998,9.600047081277658,-37.907559637169214,-62.45001590766262,0.0,1,2.842170943040401e-14,0.0,0.04880257225662854,-0.613274587612767,71.10371025688394,63.70001399999999,9.600289648895881,71.0883044584149,62.4500158716601,0.0,1,7.105427357601002e-15,0.0,0.04880257225663209,-0.6132745876127652,71.1037102568838,-63.70001399999998,9.60028964889591,71.08830445841471,-62.4500158716601,0.0,1,4.263256414560601e-14
2.3833333333333333,2383333,rear_pair_shake_2,0.0,0.0,72.71337018640101,0.9913169481629043,0.0,0.1314941378350599,0.0,0.0,0.0,72.71337018640101,37.907559637169165,4.310193902242986,0,feet,0.0,-0.38777496361250163,-0.184107746134198,-37.89758220517355,63.70001399999999,9.600053528653206,-37.907559637169115,62.45001590766261,0.0,1,7.105427357601002e-15,0.0,-0.3877749636124994,-0.1841077662708166,-37.89758220517366,-63.70001399999998,9.600053528653234,-37.907559637169214,-62.45001590766262,0.0,1,3.552713678800501e-14,0.0,0.046744028423741035,-0.6143656700316877,71.10499502375569,63.70001399999999,9.600287501234135,71.0883044584149,62.4500158716601,0.0,1,0.0,0.0,0.04674402842374592,-0.6143656700316846,71.10499502375549,-63.70001399999998,9.60028750123417,71.08830445841471,-62.4500158716601,0.0,1,3.552713678800501e-14
2.3916666666666666,2391667,rear_pair_shake_2,0.0,0.0,72.78944389181521,0.99125072830931,0.0,0.13199239988068417,0.0,0.0,0.0,72.78944389181521,37.907559637169165,4.300261153637152,0,feet,0.0,-0.39152957100578467,-0.18266661385632643,-37.87710158874516,63.70001399999999,9.600010396319476,-37.907559637169115,62.45001590766261,0.0,1,-7.105427357601002e-15,0.0,-0.39152957100578334,-0.18266663384791837,-37.87710158874526,-63.70001399999998,9.600010396319476,-37.907559637169214,-62.45001590766262,0.0,1,-7.105427357601002e-15,0.0,0.04505755104442777,-0.6152585929681451,71.10604464122375,63.70001399999999,9.600285619044797,71.0883044584149,62.4500158716601,0.0,1,4.263256414560601e-14,0.0,0.045057551044431765,-0.6152585929681433,71.10604464122356,-63.70001399999998,9.600285619044776,71.08830445841471,-62.4500158716601,0.0,1,2.1316282072803006e-14
2.4,2400000,rear_pair_shake_2,0.0,0.0,72.84946125386821,0.9911983082847965,0.0,0.13238547372486706,0.0,0.0,0.0,72.84946125386821,37.907559637169165,4.292473680025978,0,feet,0.0,-0.39449937328580376,-0.18152206078008737,-37.86089336519753,63.70001399999999,9.599945289490819,-37.907559637169115,62.45001590766261,0.0,1,4.263256414560601e-14,0.0,-0.3944993732858024,-0.18152208065637643,-37.860893365197626,-63.70001399999998,9.599945289490805,-37.907559637169214,-62.45001590766262,0.0,1,2.842170943040401e-14,0.0,0.04372622779336455,-0.6159628684993184,71.10687137073145,63.70001399999999,9.60028405575018,71.0883044584149,62.4500158716601,0.0,1,2.1316282072803006e-14,0.0,0.0437262277933681,-0.6159628684993157,71.10687137073126,-63.70001399999998,9.600284055750159,71.08830445841471,-62.4500158716601,0.0,1,0.0
2.408333333333333,2408333,rear_pair_shake_2,0.0,0.0,72.8945546725076,0.9911588204946326,0.0,0.13268079196209487,0.0,0.0,0.0,72.8945546725076,37.82261585742711,4.286651012841332,0,feet,0.0,-0.39673318841622685,-0.18065936230906,-37.84869880190004,63.70001399999999,9.59996816019406,-37.822615857427024,61.526035193091204,0.0,1,3.552713678800501e-14,0.0,-0.3967331884162233,-0.18065938209836885,-37.84869880190027,-63.70001399999998,9.599968160194031,-37.8226158574272,-61.526035193091204,0.0,1,7.105427357601002e-15,0.0,0.042725488459199656,-0.616491910858564,71.10749174729027,63.70001399999999,9.600282835899606,71.0883044584149,62.4500158716601,0.0,1,-3.552713678800501e-14,0.0,0.04272548845920321,-0.6164919108585623,71.10749174729015,-63.70001399999998,9.600282835899648,71.08830445841471,-62.4500158716601,0.0,1,0.0
2.4166666666666665,2416667,rear_pair_shake_2,0.0,0.0,72.92621258609238,0.9911310454528746,0.0,0.1328881136125119,0.0,0.0,0.0,72.92621258609238,37.82261585742711,4.282577753420469,0,feet,0.0,-0.3983034752214287,-0.18005165137438883,-37.84012413391086,63.70001399999999,9.599987627960068,-37.822615857427024,61.526035193091204,0.0,1,2.1316282072803006e-14,0.0,-0.3983034752214265,-0.18005167110238984,-37.84012413391102,-63.70001399999998,9.599987627960033,-37.8226158574272,-61.526035193091204,0.0,1,-1.4210854715202004e-14,0.0,0.04202268006904264,-0.6168632704909465,71.10792688755512,63.70001399999999,9.600281956359296,71.0883044584149,62.4500158716601,0.0,1,-2.842170943040401e-14,0.0,0.042022680069047524,-0.6168632704909434,71.10792688755497,-63.70001399999998,9.60028195635934,71.08830445841471,-62.4500158716601,0.0,1,1.4210854715202004e-14
2.425,2425000,rear_pair_shake_2,0.0,0.0,72.94629925130474,0.9911133999486796,0.0,0.13301965434539556,0.0,0.0,0.0,72.94629925130474,37.82261585742711,4.279999535574717,0,feet,0.0,-0.3993008038953465,-0.17966507871328696,-37.83467704513794,63.70001399999999,9.599996016899283,-37.822615857427024,61.526035193091204,0.0,1,-1.4210854715202004e-14,0.0,-0.3993008038953434,-0.1796650984022734,-37.83467704513811,-63.70001399999998,9.599996016899318,-37.8226158574272,-61.526035193091204,0.0,1,2.1316282072803006e-14,0.0,0.04157665275792999,-0.6170988710675585,71.10820281152304,63.70001399999999,9.600281388421216,71.0883044584149,62.4500158716601,0.0,1,-2.842170943040401e-14,0.0,0.04157665275793354,-0.6170988710675558,71.1082028115229,-63.70001399999998,9.600281388421237,71.08830445841471,-62.4500158716601,0.0,1,0.0
2.433333333333333,2433333,rear_pair_shake_2,0.0,0.0,72.95707452306189,0.9911039270166088,0.0,0.13309021696675058,0.0,0.0,0.0,72.95707452306189,37.82261585742711,4.278618472493349,0,feet,0.0,-0.39983612974369453,-0.17945738956782487,-37.831752915756056,63.70001399999999,9.599999245359157,-37.822615857427024,61.526035193091204,0.0,1,0.0,0.0,-0.399836129743691,-0.1794574092358463,-37.831752915756226,-63.70001399999998,9.599999245359172,-37.8226158574272,-61.526035193091204,0.0,1,7.105427357601002e-15,0.0,0.041337353774165475,-0.6172252487828276,71.10835077411794,63.70001399999999,9.600281080601327,71.0883044584149,62.4500158716601,0.0,1,7.105427357601002e-14,0.0,0.04133735377416903,-0.6172252487828249,71.10835077411774,-63.70001399999998,9.60028108060122,71.08830445841471,-62.4500158716601,0.0,1,-3.552713678800501e-14
2.441666666666667,2441667,rear_pair_shake_2,0.0,0.0,72.9612136344277,0.9911002868382114,0.0,0.13311732204794016,0.0,0.0,0.0,72.9612136344277,37.82261585742711,4.278088334100815,0,feet,0.0,-0.4000418242662347,-0.17937755094544583,-37.830629278077225,63.70001399999999,9.600000249053153,-37.822615857427024,61.526035193091204,0.0,1,-1.4210854715202004e-14,0.0,-0.40004182426623114,-0.1793775706054066,-37.830629278077396,-63.70001399999998,9.600000249053203,-37.8226158574272,-61.526035193091204,0.0,1,3.552713678800501e-14,0.0,0.0412454256817778,-0.6172737929083638,71.10840760110536,63.70001399999999,9.600280961772867,71.0883044584149,62.4500158716601,0.0,1,4.263256414560601e-14,0.0,0.0412454256817818,-0.6172737929083607,71.10840760110516,-63.70001399999998,9.600280961772768,71.08830445841471,-62.4500158716601,0.0,1,-4.973799150320701e-14
2.45,2450000,rear_pair_shake_2,0.0,0.0,72.96182697652446,0.9910997473659748,0.0,0.13312133852655234,0.0,0.0,0.0,72.96182697652446,37.82261585742711,4.278009794575638,0,feet,0.0,-0.4000723073186747,-0.17936571751064134,-37.83046275668116,63.70001399999999,9.60000038660953,-37.822615857427024,61.526035193091204,0.0,1,-2.1316282072803006e-14,0.0,-0.40007230731867116,-0.17936573716940662,-37.83046275668131,-63.70001399999998,9.600000386609587,-37.8226158574272,-61.526035193091204,0.0,1,3.552713678800501e-14,0.0,0.04123180330162768,-0.6172809862103992,71.10841602137569,63.70001399999999,9.60028094413697,71.0883044584149,62.4500158716601,0.0,1,2.1316282072803006e-14,0.0,0.041231803301631675,-0.6172809862103965,71.10841602137553,-63.70001399999998,9.600280944136912,71.08830445841471,-62.4500158716601,0.0,1,-3.552713678800501e-14
2.4583333333333335,2458333,rear_pair_shake_2_return,0.0,0.0,72.9612136344277,0.9911002868382114,0.0,0.13311732204794016,0.0,0.0,0.0,72.9612136344277,37.82261585742711,4.278088334100815,0,feet,0.0,-0.4000418242662347,-0.17937755094544583,-37.830629278077225,63.70001399999999,9.600000249053153,-37.822615857427024,61.526035193091204,0.0,1,-1.4210854715202004e-14,0.0,-0.40004182426623114,-0.1793775706054066,-37.830629278077396,-63.70001399999998,9.600000249053203,-37.8226158574272,-61.526035193091204,0.0,1,3.552713678800501e-14,0.0,0.0412454256817778,-0.6172737929083638,71.10840760110536,63.70001399999999,9.600280961772867,71.0883044584149,62.4500158716601,0.0,1,4.263256414560601e-14,0.0,0.0412454256817818,-0.6172737929083607,71.10840760110516,-63.70001399999998,9.600280961772768,71.08830445841471,-62.4500158716601,0.0,1,-4.973799150320701e-14
2.466666666666667,2466667,rear_pair_shake_2_return,0.0,0.0,72.95707452306189,0.9911039270166088,0.0,0.13309021696675058,0.0,0.0,0.0,72.95707452306189,37.82261585742711,4.278618472493349,0,feet,0.0,-0.39983612974369453,-0.17945738956782487,-37.831752915756056,63.70001399999999,9.599999245359157,-37.822615857427024,61.526035193091204,0.0,1,0.0,0.0,-0.399836129743691,-0.1794574092358463,-37.831752915756226,-63.70001399999998,9.599999245359172,-37.8226158574272,-61.526035193091204,0.0,1,7.105427357601002e-15,0.0,0.041337353774165475,-0.6172252487828276,71.10835077411794,63.70001399999999,9.600281080601327,71.0883044584149,62.4500158716601,0.0,1,7.105427357601002e-14,0.0,0.04133735377416903,-0.6172252487828249,71.10835077411774,-63.70001399999998,9.60028108060122,71.08830445841471,-62.4500158716601,0.0,1,-3.552713678800501e-14
2.475,2475000,rear_pair_shake_2_return,0.0,0.0,72.94629925130474,0.9911133999486796,0.0,0.13301965434539556,0.0,0.0,0.0,72.94629925130474,37.82261585742711,4.279999535574717,0,feet,0.0,-0.3993008038953465,-0.17966507871328696,-37.83467704513794,63.70001399999999,9.599996016899283,-37.822615857427024,61.526035193091204,0.0,1,-1.4210854715202004e-14,0.0,-0.3993008038953434,-0.1796650984022734,-37.83467704513811,-63.70001399999998,9.599996016899318,-37.8226158574272,-61.526035193091204,0.0,1,2.1316282072803006e-14,0.0,0.04157665275792999,-0.6170988710675585,71.10820281152304,63.70001399999999,9.600281388421216,71.0883044584149,62.4500158716601,0.0,1,-2.842170943040401e-14,0.0,0.04157665275793354,-0.6170988710675558,71.1082028115229,-63.70001399999998,9.600281388421237,71.08830445841471,-62.4500158716601,0.0,1,0.0
2.4833333333333334,2483333,rear_pair_shake_2_return,0.0,0.0,72.92621258609238,0.9911310454528746,0.0,0.1328881136125119,0.0,0.0,0.0,72.92621258609238,37.82261585742711,4.282577753420469,0,feet,0.0,-0.3983034752214287,-0.18005165137438883,-37.84012413391086,63.70001399999999,9.599987627960068,-37.822615857427024,61.526035193091204,0.0,1,2.1316282072803006e-14,0.0,-0.3983034752214265,-0.18005167110238984,-37.84012413391102,-63.70001399999998,9.599987627960033,-37.8226158574272,-61.526035193091204,0.0,1,-1.4210854715202004e-14,0.0,0.04202268006904264,-0.6168632704909465,71.10792688755512,63.70001399999999,9.600281956359296,71.0883044584149,62.4500158716601,0.0,1,-2.842170943040401e-14,0.0,0.042022680069047524,-0.6168632704909434,71.10792688755497,-63.70001399999998,9.60028195635934,71.08830445841471,-62.4500158716601,0.0,1,1.4210854715202004e-14
2.4916666666666667,2491667,rear_pair_shake_2_return,0.0,0.0,72.8945546725076,0.9911588204946326,0.0,0.13268079196209487,0.0,0.0,0.0,72.8945546725076,37.82261585742711,4.286651012841332,0,feet,0.0,-0.39673318841622685,-0.18065936230906,-37.84869880190004,63.70001399999999,9.59996816019406,-37.822615857427024,61.526035193091204,0.0,1,3.552713678800501e-14,0.0,-0.3967331884162233,-0.18065938209836885,-37.84869880190027,-63.70001399999998,9.599968160194031,-37.8226158574272,-61.526035193091204,0.0,1,7.105427357601002e-15,0.0,0.042725488459199656,-0.616491910858564,71.10749174729027,63.70001399999999,9.600282835899606,71.0883044584149,62.4500158716601,0.0,1,-3.552713678800501e-14,0.0,0.04272548845920321,-0.6164919108585623,71.10749174729015,-63.70001399999998,9.600282835899648,71.08830445841471,-62.4500158716601,0.0,1,0.0
2.5,2500000,rear_pair_shake_2_return,0.0,0.0,72.84946125386821,0.9911983082847965,0.0,0.13238547372486706,0.0,0.0,0.0,72.84946125386821,37.907559637169165,4.292473680025978,0,feet,0.0,-0.39449937328580376,-0.18152206078008737,-37.86089336519753,63.70001399999999,9.599945289490819,-37.907559637169115,62.45001590766261,0.0,1,4.263256414560601e-14,0.0,-0.3944993732858024,-0.18152208065637643,-37.860893365197626,-63.70001399999998,9.599945289490805,-37.907559637169214,-62.45001590766262,0.0,1,2.842170943040401e-14,0.0,0.04372622779336455,-0.6159628684993184,71.10687137073145,63.70001399999999,9.60028405575018,71.0883044584149,62.4500158716601,0.0,1,2.1316282072803006e-14,0.0,0.0437262277933681,-0.6159628684993157,71.10687137073126,-63.70001399999998,9.600284055750159,71.08830445841471,-62.4500158716601,0.0,1,0.0
2.5083333333333333,2508333,rear_pair_shake_2_return,0.0,0.0,72.78944389181521,0.99125072830931,0.0,0.13199239988068417,0.0,0.0,0.0,72.78944389181521,37.907559637169165,4.300261153637152,0,feet,0.0,-0.39152957100578467,-0.18266661385632643,-37.87710158874516,63.70001399999999,9.600010396319476,-37.907559637169115,62.45001590766261,0.0,1,-7.105427357601002e-15,0.0,-0.39152957100578334,-0.18266663384791837,-37.87710158874526,-63.70001399999998,9.600010396319476,-37.907559637169214,-62.45001590766262,0.0,1,-7.105427357601002e-15,0.0,0.04505755104442777,-0.6152585929681451,71.10604464122375,63.70001399999999,9.600285619044797,71.0883044584149,62.4500158716601,0.0,1,4.263256414560601e-14,0.0,0.045057551044431765,-0.6152585929681433,71.10604464122356,-63.70001399999998,9.600285619044776,71.08830445841471,-62.4500158716601,0.0,1,2.1316282072803006e-14
2.5166666666666666,2516667,rear_pair_shake_2_return,0.0,0.0,72.71337018640101,0.9913169481629043,0.0,0.1314941378350599,0.0,0.0,0.0,72.71337018640101,37.907559637169165,4.310193902242986,0,feet,0.0,-0.38777496361250163,-0.184107746134198,-37.89758220517355,63.70001399999999,9.600053528653206,-37.907559637169115,62.45001590766261,0.0,1,7.105427357601002e-15,0.0,-0.3877749636124994,-0.1841077662708166,-37.89758220517366,-63.70001399999998,9.600053528653234,-37.907559637169214,-62.45001590766262,0.0,1,3.552713678800501e-14,0.0,0.046744028423741035,-0.6143656700316877,71.10499502375569,63.70001399999999,9.600287501234135,71.0883044584149,62.4500158716601,0.0,1,0.0,0.0,0.04674402842374592,-0.6143656700316846,71.10499502375549,-63.70001399999998,9.60028750123417,71.08830445841471,-62.4500158716601,0.0,1,3.552713678800501e-14
2.525,2525000,rear_pair_shake_2_return,0.0,0.0,72.62044399617778,0.9913974977650946,0.0,0.13088545154106837,0.0,0.0,0.0,72.62044399617778,37.907559637169165,4.322420823180238,0,feet,0.0,-0.38320311415533137,-0.18585372919030574,-37.922504181617256,63.70001399999999,9.60004708127768,-37.907559637169115,62.45001590766261,0.0,1,4.973799150320701e-14,0.0,-0.3832031141553296,-0.1858537495024004,-37.92250418161738,-63.70001399999998,9.600047081277658,-37.907559637169214,-62.45001590766262,0.0,1,2.842170943040401e-14,0.0,0.04880257225662854,-0.613274587612767,71.10371025688394,63.70001399999999,9.600289648895881,71.0883044584149,62.4500158716601,0.0,1,7.105427357601002e-15,0.0,0.04880257225663209,-0.6132745876127652,71.1037102568838,-63.70001399999998,9.60028964889591,71.08830445841471,-62.4500158716601,0.0,1,4.263256414560601e-14
2.533333333333333,2533333,rear_pair_shake_2_return,0.0,0.0,72.51018565828565,0.9914925862820565,0.0,0.1301631720100531,0.0,0.0,0.0,72.51018565828565,37.96451706589195,4.337061833125105,0,feet,0.0,-0.3777981315297758,-0.1879057987275492,-37.951944509679976,63.70001399999999,9.59999110992728,-37.964517065891904,60.5174807372033,0.0,1,0.0,0.0,-0.3777981315297736,-0.18790581924556582,-37.951944509680104,-63.70001399999998,9.599991109927295,-37.96451706589199,-60.5174807372033,0.0,1,1.4210854715202004e-14,0.0,0.051242874062206845,-0.6119795050389651,71.10218206072182,63.70001399999999,9.600291979595085,71.0883044584149,62.4500158716601,0.0,1,-1.4210854715202004e-14,0.0,0.05124287406221084,-0.611979505038962,71.10218206072163,-63.70001399999998,9.60029197959507,71.08830445841471,-62.4500158716601,0.0,1,-2.842170943040401e-14
2.5416666666666665,2541667,rear_pair_shake_2_return,0.0,0.0,72.38241220854094,0.9916021218606237,0.0,0.12932606822102324,0.0,0.0,0.0,72.38241220854094,37.966132429531505,4.3542096639877315,0,feet,0.0,-0.37155811563942276,-0.190259860440134,-37.985904358923506,63.70001399999999,9.599975725579228,-37.96613242953148,60.91776836540593,0.0,1,1.4210854715202004e-14,0.0,-0.3715581156394214,-0.19025988119395576,-37.98590435892357,-63.70001399999998,9.599975725579228,-37.96613242953153,-60.91776836540592,0.0,1,7.105427357601002e-15,0.0,0.05406785431700856,-0.6104780256372457,71.1004058625282,63.70001399999999,9.600294382847963,71.0883044584149,62.4500158716601,0.0,1,0.0,0.0,0.05406785431701211,-0.6104780256372444,71.10040586252806,-63.70001399999998,9.600294382847999,71.08830445841471,-62.4500158716601,0.0,1,3.552713678800501e-14
2.55,2550000,rear_pair_shake_2_return,0.0,0.0,72.23721760152446,0.9917257340985088,0.0,0.1283747184097151,0.0,0.0,0.0,72.23721760152446,38.01778033223511,4.373930891400036,0,feet,0.0,-0.3644978094809086,-0.1929038655069646,-38.024290243467746,63.70001399999999,9.600001908520213,-38.01778033223508,60.30112636803076,0.0,1,-7.105427357601002e-15,0.0,-0.36449780948090726,-0.19290388652510204,-38.0242902434678,-63.70001399999998,9.600001908520227,-38.017780332235155,-60.301126368030765,0.0,1,7.105427357601002e-15,0.0,0.057274124561636164,-0.6087709724490793,71.09838054080882,63.70001399999999,9.60029672217938,71.0883044584149,62.4500158716601,0.0,1,4.263256414560601e-14,0.0,0.05727412456164016,-0.6087709724490766,71.09838054080868,-63.70001399999998,9.600296722179337,71.08830445841471,-62.4500158716601,0.0,1,0.0
2.558333333333333,2558333,rear_pair_shake_2_return,0.0,0.0,72.07495293066972,0.9918627990256866,0.0,0.12731138169437328,0.0,0.0,0.0,72.07495293066972,38.0671424172509,4.396266267203075,0,feet,0.0,-0.3566466537345008,-0.19581905511346953,-38.06692590094339,63.70001399999999,9.600004018031015,-38.06714241725086,60.147888072357176,0.0,1,-2.1316282072803006e-14,0.0,-0.35664665373449855,-0.19581907642238328,-38.06692590094346,-63.70001399999998,9.600004018031065,-38.06714241725094,-60.147888072357176,0.0,1,2.842170943040401e-14,0.0,0.06085246083903595,-0.6068621666166636,71.09610818835787,63.70001399999999,9.600298838219743,71.0883044584149,62.4500158716601,0.0,1,3.552713678800501e-14,0.0,0.060852460839039946,-0.6068621666166605,71.0961081883577,-63.70001399999998,9.600298838219736,71.08830445841471,-62.4500158716601,0.0,1,2.842170943040401e-14
2.566666666666667,2566667,rear_pair_shake_2_return,0.0,0.0,71.89620664835124,0.9920124662534671,0.0,0.12613986997660162,0.0,0.0,0.0,71.89620664835124,38.1137169399299,4.421230462194558,0,feet,0.0,-0.3480439498753789,-0.19898365732678203,-38.11358229675932,63.70001399999999,9.600005934166028,-38.11371693992986,59.97422398009301,0.0,1,0.0,0.0,-0.34804394987537757,-0.1989836789505839,-38.11358229675939,-63.70001399999998,9.600005934166035,-38.11371693992994,-59.974223980093,0.0,1,7.105427357601002e-15,0.0,0.06478828692158389,-0.6047582078172962,71.09359389423497,63.70001399999999,9.600300552753112,71.0883044584149,62.4500158716601,0.0,1,-3.552713678800501e-14,0.0,0.06478828692158789,-0.6047582078172944,71.0935938942348,-63.70001399999998,9.60030055275314,71.08830445841471,-62.4500158716601,0.0,1,-7.105427357601002e-15
2.575,2575000,rear_pair_shake_2_return,0.0,0.0,71.7017847859727,0.9921736878579662,0.0,0.12486542004223217,0.0,0.0,0.0,71.7017847859727,38.13673231496155,4.4488113513002645,0,feet,0.0,-0.3387407348789693,-0.2023709328167942,-38.16396481027772,63.70001399999999,9.599965584124945,-38.13673231496151,61.901740917708295,0.0,1,1.4210854715202004e-14,0.0,-0.3387407348789684,-0.20237095477676537,-38.163964810277776,-63.70001399999998,9.59996558412493,-38.136732314961584,-61.901740917708295,0.0,1,0.0,0.0,0.06906216538199361,-0.6024682560035353,71.0908455441998,63.70001399999999,9.600301673604136,71.0883044584149,62.4500158716601,0.0,1,-2.1316282072803006e-14,0.0,0.06906216538199716,-0.6024682560035326,71.09084554419967,-63.70001399999998,9.60030167360415,71.08830445841471,-62.4500158716601,0.0,1,0.0
2.5833333333333335,2583333,rear_pair_shake_2_return,0.0,0.0,71.49269117405532,0.9923452485012751,0.0,0.12349456577899526,0.0,0.0,0.0,71.49269117405532,38.193110074496275,4.4789689907247805,0,feet,0.0,-0.32879416845268583,-0.20595353496148983,-38.217747919038615,63.70001399999999,9.599970223064162,-38.19311007449625,61.154281506932776,0.0,1,-7.105427357601002e-15,0.0,-0.3287941684526854,-0.20595355727604092,-38.21774791903863,-63.70001399999998,9.599970223064169,-38.193110074496296,-61.154281506932776,0.0,1,0.0,0.0,0.07365029427988157,-0.6000038136431094,71.0878736385725,63.70001399999999,9.60030200023511,71.0883044584149,62.4500158716601,0.0,1,1.4210854715202004e-14,0.0,0.07365029427988512,-0.6000038136431072,71.08787363857238,-63.70001399999998,9.600302000235125,71.08830445841471,-62.4500158716601,0.0,1,2.842170943040401e-14
2.591666666666667,2591667,rear_pair_shake_2_return,0.0,0.0,71.27010766232603,0.9925257962545202,0.0,0.12203501042459379,0.0,0.0,0.0,71.27010766232603,38.3501791123996,4.5116344460684985,0,feet,0.0,-0.3182773065051192,-0.20969501893088927,-38.27450970055139,63.70001399999999,9.599703799467015,-38.35017911239958,59.93398274193727,0.0,1,-7.105427357601002e-15,0.0,-0.3182773065051192,-0.20969504161468322,-38.27450970055136,-63.70001399999998,9.599703799467008,-38.350179112399616,-59.93398274193727,0.0,1,-1.4210854715202004e-14,0.0,0.07852500706159571,-0.5973785076432003,71.08469112582638,63.70001399999999,9.600301329914188,71.0883044584149,62.4500158716601,0.0,1,4.263256414560601e-14,0.0,0.0785250070615997,-0.5973785076431977,71.08469112582618,-63.70001399999998,9.600301329914146,71.08830445841471,-62.4500158716601,0.0,1,0.0
2.6,2600000,rear_pair_shake_2_return,0.0,0.0,71.03537433980571,0.9927138735700902,0.0,0.12049549876018975,0.0,0.0,0.0,71.03537433980571,38.3501791123996,4.5467086325304535,0,feet,0.0,-0.3072454668905955,-0.21357733268383994,-38.33395616816197,63.70001399999999,9.599988318402858,-38.35017911239958,59.93398274193727,0.0,1,7.105427357601002e-15,0.0,-0.3072454668905946,-0.2135773557496381,-38.33395616816201,-63.70001399999998,9.599988318402865,-38.350179112399616,-59.93398274193727,0.0,1,7.105427357601002e-15,0.0,0.08365527319556776,-0.5946078701847539,71.08131324946561,63.70001399999999,9.600299464304285,71.0883044584149,62.4500158716601,0.0,1,0.0,0.0,0.0836552731955722,-0.5946078701847521,71.08131324946544,-63.70001399999998,9.600299464304342,71.08830445841471,-62.4500158716601,0.0,1,5.684341886080802e-14
2.6083333333333334,2608333,rear_pair_shake_2_return,0.0,0.0,70.78996975489753,0.9929079478534923,0.0,0.11888568916975062,0.0,0.0,0.0,70.78996975489753,38.41959726546888,4.584061323905345,0,feet,0.0,-0.2957936241586374,-0.2175528560357498,-38.395539035719125,63.70001399999999,9.599967841425148,-38.41959726546886,60.73948086590802,0.0,1,3.552713678800501e-14,0.0,-0.2957936241586374,-0.21755287949153912,-38.39553903571917,-63.70001399999998,9.599967841425098,-38.4195972654689,-60.73948086590802,0.0,1,-1.4210854715202004e-14,0.0,0.08900719707911664,-0.5917091177776017,71.07775740492214,63.70001399999999,9.60029621631471,71.0883044584149,62.4500158716601,0.0,1,1.4210854715202004e-14,0.0,0.08900719707912019,-0.5917091177775999,71.07775740492197,-63.70001399999998,9.600296216314646,71.08830445841471,-62.4500158716601,0.0,1,-4.973799150320701e-14
2.6166666666666667,2616667,rear_pair_shake_2_return,0.0,0.0,70.53549113547508,0.9931064411065247,0.0,0.11721602549452365,0.0,0.0,0.0,70.53549113547508,38.46260664123572,4.623530476961449,0,feet,0.0,-0.2839950869544121,-0.22159501200210752,-38.45885743826547,63.70001399999999,9.600000080237265,-38.46260664123571,61.53205098050341,0.0,1,0.0,0.0,-0.28399508695441167,-0.22159503585320683,-38.45885743826552,-63.70001399999998,9.600000080237244,-38.462606641235745,-61.53205098050341,0.0,1,-2.1316282072803006e-14,0.0,0.09454451284563348,-0.5887009279683255,71.07404300237584,63.70001399999999,9.60029141704534,71.0883044584149,62.4500158716601,0.0,1,-4.973799150320701e-14,0.0,0.09454451284563836,-0.5887009279683229,71.07404300237567,-63.70001399999998,9.600291417045383,71.08830445841471,-62.4500158716601,0.0,1,-7.105427357601002e-15
2.625,2625000,rear_pair_shake_2_return,0.0,0.0,70.27363460897075,0.9933077581506566,0.0,0.11549760862336786,0.0,0.0,0.0,70.27363460897075,38.51140737958346,4.664922002844577,0,feet,0.0,-0.27193479016655786,-0.2256701595689572,-38.52344043437029,63.70001399999999,9.599995182890545,-38.51140737958343,60.43318737930498,0.0,1,-7.105427357601002e-15,0.0,-0.27193479016655697,-0.22567018381736315,-38.523440434370336,-63.70001399999998,9.599995182890552,-38.51140737958348,-60.43318737930498,0.0,1,0.0,0.0,0.10022907286391947,-0.5856032132803186,71.07019133062566,63.70001399999999,9.6002849226429,71.0883044584149,62.4500158716601,0.0,1,-4.263256414560601e-14,0.0,0.10022907286392346,-0.585603213280316,71.07019133062552,-63.70001399999998,9.600284922642913,71.08830445841471,-62.4500158716601,0.0,1,-2.842170943040401e-14
2.6333333333333333,2633333,rear_pair_shake_2_return,0.0,0.0,70.0061754224639,0.9935103129906213,0.0,0.11374206777300006,0.0,0.0,0.0,70.0061754224639,38.595339628814166,4.708010098317189,0,feet,0.0,-0.2596961895479386,-0.2297481141147344,-38.58883090994415,63.70001399999999,9.600004419874239,-38.59533962881415,59.93915928862313,0.0,1,2.1316282072803006e-14,0.0,-0.25969618954793816,-0.22974813875949973,-38.588830909944164,-63.70001399999998,9.600004419874239,-38.59533962881418,-59.93915928862313,0.0,1,2.842170943040401e-14,0.0,0.10602132794488206,-0.5824368921291176,71.06622541648284,63.70001399999999,9.600276620870396,71.0883044584149,62.4500158716601,0.0,1,-2.1316282072803006e-14,0.0,0.10602132794488695,-0.582436892129115,71.06622541648265,-63.70001399999998,9.600276620870432,71.08830445841471,-62.4500158716601,0.0,1,1.4210854715202004e-14
2.6416666666666666,2641667,rear_pair_shake_2_return,0.0,0.0,69.7349481627691,0.993712552941193,0.0,0.1119614314266158,0.0,0.0,0.0,69.7349481627691,38.62809827516551,4.752538227846443,0,feet,0.0,-0.24736538559597143,-0.23379825947699384,-38.65456021159619,63.70001399999999,9.59996676050924,-38.628098275165506,60.000671282292835,0.0,1,2.1316282072803006e-14,0.0,-0.247365385595971,-0.2337982845142168,-38.654560211596205,-63.70001399999998,9.599966760509247,-38.62809827516552,-60.00067128229284,0.0,1,2.842170943040401e-14,0.0,0.11188079754600944,-0.5792236566251021,71.06216987368796,63.70001399999999,9.600266437177915,71.0883044584149,62.4500158716601,0.0,1,-7.105427357601002e-15,0.0,0.11188079754601388,-0.5792236566251003,71.06216987368784,-63.70001399999998,9.600266437177993,71.08830445841471,-62.4500158716601,0.0,1,7.105427357601002e-14
2.65,2650000,rear_pair_shake_2_return,0.0,0.0,69.46182697652446,0.9939129802128576,0.0,0.11016799791407572,0.0,0.0,0.0,69.46182697652446,38.788489321948894,4.798220823723071,0,feet,0.0,-0.23502934237780293,-0.23779078137663445,-38.72015359176646,63.70001399999999,9.599757101260117,-38.788489321948894,61.16236294898136,0.0,1,1.4210854715202004e-14,0.0,-0.23502934237780293,-0.23779080679957687,-38.72015359176646,-63.70001399999998,9.599757101260117,-38.788489321948894,-61.162362948981354,0.0,1,1.4210854715202004e-14,0.0,0.11776652858212833,-0.575985737339864,71.05805073513476,63.70001399999999,9.600254340044941,71.0883044584149,62.4500158716601,0.0,1,1.4210854715202004e-14,0.0,0.11776652858213277,-0.5759857373398609,71.05805073513457,-63.70001399999998,9.600254340044877,71.08830445841471,-62.4500158716601,0.0,1,-4.973799150320701e-14
2.658333333333333,2658333,rear_pair_shake_2_return,0.0,0.0,69.18870579027983,0.9941101707325026,0.0,0.10837420563120381,0.0,0.0,0.0,69.18870579027983,38.8305943634513,4.844745746409259,0,feet,0.0,-0.22275544891735333,-0.24171267721654477,-38.78527378430655,63.70001399999999,9.600192877693303,-38.8305943634513,63.70001591859285,0.0,1,0.0,0.0,-0.22275544891735333,-0.24171270301727876,-38.78527378430655,-63.70001399999998,9.600192877693303,-38.8305943634513,-63.70001591859284,0.0,1,0.0,0.0,0.12363754180351583,-0.5727456652624201,71.05389526225946,63.70001399999999,9.600240345352987,71.0883044584149,62.4500158716601,0.0,1,-2.1316282072803006e-14,0.0,0.12363754180351982,-0.5727456652624183,71.05389526225932,-63.70001399999998,9.60024034535303,71.08830445841471,-62.4500158716601,0.0,1,2.1316282072803006e-14
2.6666666666666665,2666667,rear_pair_shake_2_return,0.0,0.0,68.91747853058503,0.9943027900612411,0.0,0.10659250290912355,0.0,0.0,0.0,68.91747853058503,38.8305943634513,4.891777522012845,0,feet,0.0,-0.21064432203512728,-0.24552425088458607,-38.84936585460717,63.70001399999999,9.600281499775285,-38.8305943634513,63.70001591859285,0.0,1,2.842170943040401e-14,0.0,-0.21064432203512728,-0.24552427705144764,-38.84936585460721,-63.70001399999998,9.600281499775264,-38.8305943634513,-63.70001591859284,0.0,1,7.105427357601002e-15,0.0,0.1294532650809228,-0.5695260312988979,71.04973172585832,63.70001399999999,9.600224519542593,71.0883044584149,62.4500158716601,0.0,1,0.0,0.0,0.12945326508092725,-0.5695260312988952,71.0497317258582,-63.70001399999998,9.600224519542628,71.08830445841471,-62.4500158716601,0.0,1,3.552713678800501e-14
2.675,2675000,rear_pair_shake_2_return,0.0,0.0,68.65001934407817,0.9944896063609158,0.0,0.10483521755646191,0.0,0.0,0.0,68.65001934407817,38.906437467335884,4.938961348920834,0,feet,0.0,-0.19876939053374798,-0.2492083158451046,-38.91204983823289,63.70001399999999,9.600299158372913,-38.90643746733589,63.70001591889352,0.0,1,3.552713678800501e-14,0.0,-0.19876939053374798,-0.24920834236488432,-38.9120498382329,-63.70001399999998,9.600299158372891,-38.906437467335884,-63.70001591889351,0.0,1,1.4210854715202004e-14,0.0,0.13517395333303428,-0.5663492437679563,71.04558915334007,63.70001399999999,9.600206981312269,71.0883044584149,62.4500158716601,0.0,1,4.263256414560601e-14,0.0,0.13517395333303783,-0.5663492437679536,71.04558915333996,-63.70001399999998,9.600206981312262,71.08830445841471,-62.4500158716601,0.0,1,3.552713678800501e-14
2.683333333333333,2683333,rear_pair_shake_2_return,0.0,0.0,68.38816281757384,0.9946695004515623,0.0,0.10311442610730799,0.0,0.0,0.0,68.38816281757384,38.95415336597854,4.985927841875217,0,feet,0.0,-0.18720546484242728,-0.25274604885134977,-38.97293959047196,63.70001399999999,9.600283250434522,-38.95415336597854,63.700015919036375,0.0,1,7.105427357601002e-15,0.0,-0.18720546484242728,-0.2527460757091484,-38.97293959047196,-63.70001399999998,9.600283250434522,-38.95415336597854,-63.700015919036375,0.0,1,7.105427357601002e-15,0.0,0.14076109523668956,-0.5632372844097389,71.04149703849167,63.70001399999999,9.600187901638378,71.0883044584149,62.4500158716601,0.0,1,0.0,0.0,0.140761095236694,-0.5632372844097358,71.0414970384915,-63.70001399999998,9.600187901638364,71.08830445841471,-62.4500158716601,0.0,1,-1.4210854715202004e-14
2.691666666666667,2691667,rear_pair_shake_2_return,0.0,0.0,68.1336841981514,0.9948414730919752,0.0,0.10144182281578269,0.0,0.0,0.0,68.1336841981514,39.00664531212462,5.03229845971498,0,feet,0.0,-0.1760236473202288,-0.2561207816658162,-39.0316719273928,63.70001399999999,9.600266044142884,-39.00664531212462,63.700015919151575,0.0,1,-1.4210854715202004e-14,0.0,-0.1760236473202288,-0.25612080884526334,-39.03167192739279,-63.70001399999998,9.600266044142913,-39.00664531212462,-63.70001591915158,0.0,1,1.4210854715202004e-14,0.0,0.14617792935499319,-0.5602115476212912,71.03748423073638,63.70001399999999,9.600175918670303,70.98809975587952,62.45001586773867,0.0,1,7.105427357601002e-15,0.0,0.14617792935499674,-0.5602115476212881,71.03748423073627,-63.70001399999998,9.60017591867026,70.98809975587932,-62.45001586773867,0.0,1,-3.552713678800501e-14
2.7,2700000,rear_pair_shake_2_return,0.0,0.0,67.88827961324321,0.9950046497023557,0.0,0.09982858844385387,0.0,0.0,0.0,67.88827961324321,39.08636250461428,5.077691543124331,0,feet,0.0,-0.1652957186993662,-0.25931396184296185,-39.08787640403779,63.70001399999999,9.600005264711427,-39.08636250461427,59.94669713257886,0.0,1,7.105427357601002e-15,0.0,-0.1652957186993662,-0.25931398932604477,-39.08787640403779,-63.70001399999998,9.600005264711427,-39.086362504614286,-59.94669713257886,0.0,1,7.105427357601002e-15,0.0,0.1513899302996502,-0.5572926654156065,71.03357788271953,63.70001399999999,9.600195218627285,70.98809975587952,62.45001586773867,0.0,1,5.684341886080802e-14,0.0,0.15138993029965464,-0.5572926654156034,71.03357788271937,-63.70001399999998,9.600195218627292,70.98809975587932,-62.45001586773867,0.0,1,6.394884621840902e-14
2.7083333333333335,2708333,rear_pair_shake_2_return,0.0,0.0,67.6535462907229,0.9951582828296252,0.0,0.09828525889263237,0.0,0.0,0.0,67.6535462907229,39.1362986664566,5.121728871409729,0,feet,0.0,-0.15507463881065853,-0.26232041735692535,-39.14130382317957,63.70001399999999,9.600002265331113,-39.1362986664566,59.9925097393973,0.0,1,7.105427357601002e-15,0.0,-0.15507463881065853,-0.2623204451252641,-39.14130382317957,-63.70001399999998,9.600002265331113,-39.1362986664566,-59.99250973939729,0.0,1,7.105427357601002e-15,0.0,0.15636411623559576,-0.5544995316399421,71.02980989913164,63.70001399999999,9.600212328887494,70.98809975587952,62.45001586773867,0.0,1,-2.1316282072803006e-14,0.0,0.15636411623559932,-0.5544995316399404,71.02980989913151,-63.70001399999998,9.600212328887508,70.98809975587932,-62.45001586773867,0.0,1,-7.105427357601002e-15
2.716666666666667,2716667,rear_pair_shake_2_return,0.0,0.0,67.4309627789936,0.9953017527301895,0.0,0.09682159372894368,0.0,0.0,0.0,67.4309627789936,39.196043037650426,5.164042632880324,0,feet,0.0,-0.14542190695851476,-0.26512565750037353,-39.19164444349033,63.70001399999999,9.599996116127251,-39.19604303765043,65.90477742429005,0.0,1,4.263256414560601e-14,0.0,-0.1454219069585152,-0.26512568553433535,-39.19164444349032,-63.70001399999998,9.599996116127244,-39.19604303765042,-65.90477742429005,0.0,1,3.552713678800501e-14,0.0,0.16107073658025284,-0.5518499681058224,71.02620795993974,63.70001399999999,9.600227302546458,70.98809975587952,62.45001586773867,0.0,1,5.684341886080802e-14,0.0,0.16107073658025728,-0.5518499681058184,71.02620795993953,-63.70001399999998,9.600227302546351,70.98809975587932,-62.45001586773867,0.0,1,-4.973799150320701e-14
2.725,2725000,rear_pair_shake_2_return,0.0,0.0,67.22186916707622,0.9954345665095287,0.0,0.09544644465870253,0.0,0.0,0.0,67.22186916707622,39.31224530303281,5.204282692062847,0,feet,0.0,-0.13638749409600281,-0.26772168824373566,-39.23865680628187,63.70001399999999,9.600013467945338,-39.31224530303281,63.70001591896379,0.0,1,2.842170943040401e-14,0.0,-0.13638749409600237,-0.2677217165230483,-39.23865680628188,-63.70001399999998,9.600013467945338,-39.31224530303282,-63.7000159189638,0.0,1,2.842170943040401e-14,0.0,0.165483142481071,-0.5493601463349052,71.0227981670962,63.70001399999999,9.600240232204285,70.98809975587952,62.45001586773867,0.0,1,4.263256414560601e-14,0.0,0.16548314248107543,-0.549360146334902,71.02279816709601,-63.70001399999998,9.6002402322043,70.98809975587932,-62.45001586773867,0.0,1,5.684341886080802e-14
2.7333333333333334,2733333,rear_pair_shake_2_return,0.0,0.0,67.02744730469769,0.9955563563107793,0.0,0.09416762399681014,0.0,0.0,0.0,67.02744730469769,39.31224530303281,5.24212402892438,0,feet,0.0,-0.12801149509678256,-0.2701050230219364,-39.28215830807426,63.70001399999999,9.60024836263728,-39.31224530303281,63.70001591896379,0.0,1,0.0,0.0,-0.12801149509678256,-0.27010505152611053,-39.28215830807426,-63.70001399999998,9.60024836263728,-39.31224530303282,-63.7000159189638,0.0,1,0.0,0.0,0.16957813871556615,-0.5470443450204758,71.01960453630097,63.70001399999999,9.600251243826143,70.98809975587952,62.45001586773867,0.0,1,4.263256414560601e-14,0.0,0.1695781387155706,-0.5470443450204723,71.01960453630082,-63.70001399999998,9.600251243826108,70.98809975587932,-62.45001586773867,0.0,1,7.105427357601002e-15
2.7416666666666667,2741667,rear_pair_shake_2_return,0.0,0.0,66.8487010223792,0.9956668770832903,0.0,0.09299177318025585,0.0,0.0,0.0,66.8487010223792,39.326713466059246,5.277274220657546,0,feet,0.0,-0.12033724154828951,-0.27226568209636337,-39.3219343575276,63.70001399999999,9.600304298330272,-39.32671346605923,63.700015918920016,0.0,1,-2.1316282072803006e-14,0.0,-0.12033724154828906,-0.2722657108040698,-39.32193435752763,-63.70001399999998,9.600304298330258,-39.32671346605926,-63.700015918920016,0.0,1,-3.552713678800501e-14,0.0,0.17333633347235144,-0.5449147088038568,71.01664847034804,63.70001399999999,9.60026048952195,70.98809975587952,62.45001586773867,0.0,1,7.105427357601002e-15,0.0,0.17333633347235589,-0.5449147088038542,71.01664847034789,-63.70001399999998,9.600260489522,70.98809975587932,-62.45001586773867,0.0,1,5.684341886080802e-14
2.75,2750000,rear_pair_shake_2_return,0.0,0.0,66.68643635152446,0.9957660044847679,0.0,0.09192423136714856,0.0,0.0,0.0,66.68643635152446,39.326713466059246,5.309480835553302,0,feet,0.0,-0.11339141964816069,-0.27420268071031373,-39.35786780393677,63.70001399999999,9.600254937638312,-39.32671346605923,63.700015918920016,0.0,1,-7.105427357601002e-15,0.0,-0.11339141964815935,-0.2742027096002295,-39.35786780393681,-63.70001399999998,9.600254937638361,-39.32671346605926,-63.700015918920016,0.0,1,4.263256414560601e-14,0.0,0.1767424885577875,-0.5429810084131228,71.01394822322263,63.70001399999999,9.600268139615125,70.98809975587952,62.45001586773867,0.0,1,-4.263256414560601e-14,0.0,0.17674248855779195,-0.5429810084131197,71.01394822322249,-63.70001399999998,9.600268139615146,70.98809975587932,-62.45001586773867,0.0,1,-1.4210854715202004e-14
2.7583333333333333,2758333,rear_pair_shake_2_return,0.0,0.0,66.54124174450799,0.9958537334749349,0.0,0.09096890415979218,0.0,0.0,0.0,66.54124174450799,39.326713466059246,5.338538611224465,0,feet,0.0,-0.10719329317881732,-0.27591602219538514,-39.38987758772274,63.70001399999999,9.600097695031657,-39.32671346605923,63.700015918920016,0.0,1,7.105427357601002e-15,0.0,-0.10719329317881643,-0.27591605124626906,-39.38987758772278,-63.70001399999998,9.600097695031664,-39.32671346605926,-63.700015918920016,0.0,1,1.4210854715202004e-14,0.0,0.1797858726086221,-0.5412504021209981,71.01151836491172,63.70001399999999,9.600274374439785,70.98809975587952,62.45001586773867,0.0,1,7.105427357601002e-15,0.0,0.17978587260862566,-0.5412504021209954,71.01151836491154,-63.70001399999998,9.600274374439763,70.98809975587932,-62.45001586773867,0.0,1,-7.105427357601002e-15
2.7666666666666666,2766667,rear_pair_shake_2_return,0.0,0.0,66.41346829476328,0.9959301781424209,0.0,0.09012813248484525,0.0,0.0,0.0,66.41346829476328,39.440267170544374,5.364296296178637,0,feet,0.0,-0.1017500862372569,-0.2774099038107414,-39.41794684718931,63.70001399999999,9.599972529889278,-39.44026717054437,60.74619282880431,0.0,1,2.1316282072803006e-14,0.0,-0.1017500862372569,-0.27740993300182293,-39.41794684718931,-63.70001399999998,9.599972529889278,-39.44026717054439,-60.74619282880431,0.0,1,2.1316282072803006e-14,0.0,0.18246061982984507,-0.5397271984064154,71.00936925717569,63.70001399999999,9.600279376356163,70.98809975587952,62.45001586773867,0.0,1,4.973799150320701e-14,0.0,0.18246061982984996,-0.5397271984064123,71.00936925717549,-63.70001399999998,9.600279376356184,70.98809975587932,-62.45001586773867,0.0,1,7.105427357601002e-14
2.775,2775000,rear_pair_shake_2_return,0.0,0.0,66.30320995687114,0.9959955732677542,0.0,0.08940256165814095,0.0,0.0,0.0,66.30320995687114,39.440267170544374,5.386663044790126,0,feet,0.0,-0.09705913544944478,-0.27869042379138564,-39.44210862622213,63.70001399999999,9.599998301067771,-39.44026717054437,60.74619282880431,0.0,1,0.0,0.0,-0.09705913544944478,-0.2786904531025285,-39.44210862622213,-63.70001399999998,9.599998301067771,-39.44026717054439,-60.74619282880431,0.0,1,0.0,0.0,0.1847660966076945,-0.5384126196546073,71.00750655023924,63.70001399999999,9.60028332249135,70.98809975587952,62.45001586773867,0.0,1,-5.684341886080802e-14,0.0,0.18476609660769938,-0.5384126196546042,71.00750655023904,-63.70001399999998,9.600283322491393,70.98809975587932,-62.45001586773867,0.0,1,-1.4210854715202004e-14
2.783333333333333,2783333,rear_pair_shake_2_return,0.0,0.0,66.21028376664792,0.9960502780616632,0.0,0.08879101065582838,0.0,0.0,0.0,66.21028376664792,39.45938243187273,5.405614271501207,0,feet,0.0,-0.09311198423852396,-0.27976185024200895,-39.4624161176723,63.70001399999999,9.599997526012132,-39.45938243187271,60.73333348422281,0.0,1,-7.105427357601002e-15,0.0,-0.09311198423852396,-0.27976187965352795,-39.46241611767233,-63.70001399999998,9.599997526012096,-39.459382431872754,-60.73333348422281,0.0,1,-4.263256414560601e-14,0.0,0.1867072780595671,-0.5373045667057998,71.00593070944608,63.70001399999999,9.600286378690392,70.98809975587952,62.45001586773867,0.0,1,-3.552713678800501e-14,0.0,0.186707278059572,-0.5373045667057972,71.00593070944592,-63.70001399999998,9.600286378690441,70.98809975587932,-62.45001586773867,0.0,1,1.4210854715202004e-14
2.7916666666666665,2791667,rear_pair_shake_2_return,0.0,0.0,66.13421006123373,0.9960947824273236,0.0,0.08829034160689798,0.0,0.0,0.0,66.13421006123373,39.477052015560105,5.42119689114007,0,feet,0.0,-0.08988456300571235,-0.28063402325337305,-39.47900537600092,63.70001399999999,9.600004473175382,-39.477052015560105,60.71151150841919,0.0,1,1.4210854715202004e-14,0.0,-0.08988456300571235,-0.2806340527465494,-39.47900537600092,-63.70001399999998,9.600004473175382,-39.477052015560105,-60.71151150841919,0.0,1,1.4210854715202004e-14,0.0,0.18829513616550964,-0.5363973840616789,71.00463657936001,63.70001399999999,9.60028869509889,70.98809975587952,62.45001586773867,0.0,1,2.1316282072803006e-14,0.0,0.18829513616551408,-0.5363973840616758,71.00463657935983,-63.70001399999998,9.600288695098897,70.98809975587932,-62.45001586773867,0.0,1,2.842170943040401e-14
2.8,2800000,rear_pair_shake_2_return,0.0,0.0,66.07419269918071,0.9961297159755558,0.0,0.0878953295144772,0.0,0.0,0.0,66.07419269918071,39.48805781796537,5.433533899244793,0,feet,0.0,-0.08734106927608698,-0.2813187585551118,-39.4920690308012,63.70001399999999,9.599998371404311,-39.48805781796538,66.27374638689588,0.0,1,2.842170943040401e-14,0.0,-0.08734106927608698,-0.2813187881123618,-39.4920690308012,-63.70001399999998,9.599998371404311,-39.48805781796536,-66.27374638689588,0.0,1,2.842170943040401e-14,0.0,0.18954704057041605,-0.5356816255776122,71.00361299059301,63.70001399999999,9.600290403697286,70.98809975587952,62.45001586773867,0.0,1,-2.842170943040401e-14,0.0,0.18954704057042138,-0.5356816255776091,71.00361299059281,-63.70001399999998,9.600290403697322,70.98809975587932,-62.45001586773867,0.0,1,7.105427357601002e-15
2.808333333333333,2808333,rear_pair_shake_2_return,0.0,0.0,66.02909928054133,0.9961558598711913,0.0,0.08759853220395639,0.0,0.0,0.0,66.02909928054133,39.50719737387419,5.442828280030319,0,feet,0.0,-0.08543134297968713,-0.2818315114878702,-39.5018720351754,63.70001399999999,9.60000273979955,-39.50719737387419,59.93459691168532,0.0,1,0.0,0.0,-0.08543134297968713,-0.28183154109308184,-39.5018720351754,-63.70001399999998,9.60000273979955,-39.507197373874185,-59.93459691168532,0.0,1,0.0,0.0,0.19048717244349245,-0.5351438204996537,71.00284241181755,63.70001399999999,9.600291617959819,70.98809975587952,62.45001586773867,0.0,1,-2.1316282072803006e-14,0.0,0.1904871724434969,-0.5351438204996524,71.00284241181741,-63.70001399999998,9.60029161795989,70.98809975587932,-62.45001586773867,0.0,1,4.973799150320701e-14
2.816666666666667,2816667,rear_pair_shake_2_return,0.0,0.0,65.99744136695656,0.9961741614047841,0.0,0.08739016048431954,0.0,0.0,0.0,65.99744136695656,39.50719737387419,5.449366271038038,0,feet,0.0,-0.08409138896780943,-0.2821905253931649,-39.508747294519424,63.70001399999999,9.600004091725054,-39.50719737387419,59.93459691168532,0.0,1,3.552713678800501e-14,0.0,-0.08409138896781032,-0.2821905550319479,-39.50874729451941,-63.70001399999998,9.600004091725033,-39.507197373874185,-59.93459691168532,0.0,1,1.4210854715202004e-14,0.0,0.19114695092378797,-0.5347662397385671,71.0023006460281,63.70001399999999,9.60029243463417,70.98809975587952,62.45001586773867,0.0,1,5.684341886080802e-14,0.0,0.1911469509237924,-0.5347662397385644,71.00230064602795,-63.70001399999998,9.60029243463417,70.98809975587932,-62.45001586773867,0.0,1,5.684341886080802e-14
2.825,2825000,rear_pair_shake_2_return,0.0,0.0,65.97735470174419,0.9961857509644396,0.0,0.08725794849419433,0.0,0.0,0.0,65.97735470174419,39.50719737387419,5.453520063551068,0,feet,0.0,-0.08324156088860013,-0.2824178791811396,-39.51310641068942,63.70001399999999,9.600002398264031,-39.50719737387419,59.93459691168532,0.0,1,7.105427357601002e-15,0.0,-0.08324156088860013,-0.28241790884117757,-39.51310641068943,-63.70001399999998,9.60000239826401,-39.507197373874185,-59.93459691168532,0.0,1,-1.4210854715202004e-14,0.0,0.19156547066002094,-0.5345266622963196,71.00195656621585,63.70001399999999,9.600292937435775,70.98809975587952,62.45001586773867,0.0,1,-1.0658141036401503e-13,0.0,0.19156547066002583,-0.5345266622963178,71.00195656621572,-63.70001399999998,9.600292937435881,70.98809975587932,-62.45001586773867,0.0,1,0.0
2.8333333333333335,2833333,rear_pair_shake_2_return,0.0,0.0,65.96657942998704,0.996191960825683,0.0,0.0871870241852597,0.0,0.0,0.0,65.96657942998704,39.59003448627551,5.4557500775509595,0,feet,0.0,-0.082785593921892,-0.2825398627560505,-39.5154450855228,63.70001399999999,9.600012173199218,-39.59003448627553,63.70001591752033,0.0,1,-2.1316282072803006e-14,0.0,-0.08278559392189244,-0.2825398924274931,-39.51544508552275,-63.70001399999998,9.600012173199268,-39.5900344862755,-63.70001591752033,0.0,1,2.842170943040401e-14,0.0,0.19178994776197866,-0.5343981417612245,71.00177188127836,63.70001399999999,9.60029320222882,70.98809975587952,62.45001586773867,0.0,1,-7.105427357601002e-15,0.0,0.1917899477619831,-0.5343981417612218,71.00177188127822,-63.70001399999998,9.600293202228848,70.98809975587932,-62.45001586773867,0.0,1,2.1316282072803006e-14
2.841666666666667,2841667,rear_pair_shake_2_return,0.0,0.0,65.96244031862123,0.9961943448808908,0.0,0.08715977987198482,0.0,0.0,0.0,65.96244031862123,39.59003448627551,5.45660702028799,0,feet,0.0,-0.08261040607347292,-0.2825867413623304,-39.51634362869818,63.70001399999999,9.600019112574088,-39.59003448627553,63.70001591752033,0.0,1,0.0,0.0,-0.08261040607347336,-0.282586771038154,-39.516343628698166,-63.70001399999998,9.600019112574088,-39.5900344862755,-63.70001591752033,0.0,1,0.0,0.0,0.19187617011168934,-0.5343487727545435,71.00170091825161,63.70001399999999,9.60029330302757,70.98809975587952,62.45001586773867,0.0,1,-7.105427357601002e-15,0.0,0.19187617011169378,-0.5343487727545417,71.00170091825144,-63.70001399999998,9.60029330302762,70.98809975587932,-62.45001586773867,0.0,1,4.263256414560601e-14
2.85,2850000,rear_pair_shake_2_return,0.0,0.0,65.96182697652446,0.9961946980917455,0.0,0.08715574274765817,0.0,0.0,0.0,65.96182697652446,39.59003448627551,5.456734019237587,0,feet,0.0,-0.08258444738456339,-0.28259368670452023,-39.51647676783386,63.70001399999999,9.60002013364224,-39.59003448627553,63.70001591752033,0.0,1,2.1316282072803006e-14,0.0,-0.08258444738456383,-0.28259371638099307,-39.51647676783385,-63.70001399999998,9.600020133642225,-39.5900344862755,-63.70001591752033,0.0,1,7.105427357601002e-15,0.0,0.1918889464267859,-0.5343414571368812,71.00169040186354,63.70001399999999,9.600293317920915,70.98809975587952,62.45001586773867,0.0,1,6.394884621840902e-14,0.0,0.19188894642679122,-0.5343414571368768,71.0016904018633,-63.70001399999998,9.60029331792083,70.98809975587932,-62.45001586773867,0.0,1,-1.4210854715202004e-14
2.8583333333333334,2858333,rear_pair_shake_3,0.0,0.0,65.96244031862123,0.9961943448808908,0.0,0.08715977987198482,0.0,0.0,0.0,65.96244031862123,39.59003448627551,5.45660702028799,0,feet,0.0,-0.08261040607347292,-0.2825867413623304,-39.51634362869818,63.70001399999999,9.600019112574088,-39.59003448627553,63.70001591752033,0.0,1,0.0,0.0,-0.08261040607347336,-0.282586771038154,-39.516343628698166,-63.70001399999998,9.600019112574088,-39.5900344862755,-63.70001591752033,0.0,1,0.0,0.0,0.19187617011168934,-0.5343487727545435,71.00170091825161,63.70001399999999,9.60029330302757,70.98809975587952,62.45001586773867,0.0,1,-7.105427357601002e-15,0.0,0.19187617011169378,-0.5343487727545417,71.00170091825144,-63.70001399999998,9.60029330302762,70.98809975587932,-62.45001586773867,0.0,1,4.263256414560601e-14
2.8666666666666667,2866667,rear_pair_shake_3,0.0,0.0,65.96657942998704,0.996191960825683,0.0,0.0871870241852597,0.0,0.0,0.0,65.96657942998704,39.59003448627551,5.4557500775509595,0,feet,0.0,-0.082785593921892,-0.2825398627560505,-39.5154450855228,63.70001399999999,9.600012173199218,-39.59003448627553,63.70001591752033,0.0,1,-2.1316282072803006e-14,0.0,-0.08278559392189244,-0.2825398924274931,-39.51544508552275,-63.70001399999998,9.600012173199268,-39.5900344862755,-63.70001591752033,0.0,1,2.842170943040401e-14,0.0,0.19178994776197866,-0.5343981417612245,71.00177188127836,63.70001399999999,9.60029320222882,70.98809975587952,62.45001586773867,0.0,1,-7.105427357601002e-15,0.0,0.1917899477619831,-0.5343981417612218,71.00177188127822,-63.70001399999998,9.600293202228848,70.98809975587932,-62.45001586773867,0.0,1,2.1316282072803006e-14
2.875,2875000,rear_pair_shake_3,0.0,0.0,65.97735470174419,0.9961857509644396,0.0,0.08725794849419433,0.0,0.0,0.0,65.97735470174419,39.50719737387419,5.453520063551068,0,feet,0.0,-0.08324156088860013,-0.2824178791811396,-39.51310641068942,63.70001399999999,9.600002398264031,-39.50719737387419,59.93459691168532,0.0,1,7.105427357601002e-15,0.0,-0.08324156088860013,-0.28241790884117757,-39.51310641068943,-63.70001399999998,9.60000239826401,-39.507197373874185,-59.93459691168532,0.0,1,-1.4210854715202004e-14,0.0,0.19156547066002094,-0.5345266622963196,71.00195656621585,63.70001399999999,9.600292937435775,70.98809975587952,62.45001586773867,0.0,1,-1.0658141036401503e-13,0.0,0.19156547066002583,-0.5345266622963178,71.00195656621572,-63.70001399999998,9.600292937435881,70.98809975587932,-62.45001586773867,0.0,1,0.0
2.8833333333333333,2883333,rear_pair_shake_3,0.0,0.0,65.99744136695656,0.9961741614047841,0.0,0.08739016048431954,0.0,0.0,0.0,65.99744136695656,39.50719737387419,5.449366271038038,0,feet,0.0,-0.08409138896780943,-0.2821905253931649,-39.508747294519424,63.70001399999999,9.600004091725054,-39.50719737387419,59.93459691168532,0.0,1,3.552713678800501e-14,0.0,-0.08409138896781032,-0.2821905550319479,-39.50874729451941,-63.70001399999998,9.600004091725033,-39.507197373874185,-59.93459691168532,0.0,1,1.4210854715202004e-14,0.0,0.19114695092378797,-0.5347662397385671,71.0023006460281,63.70001399999999,9.60029243463417,70.98809975587952,62.45001586773867,0.0,1,5.684341886080802e-14,0.0,0.1911469509237924,-0.5347662397385644,71.00230064602795,-63.70001399999998,9.60029243463417,70.98809975587932,-62.45001586773867,0.0,1,5.684341886080802e-14
2.8916666666666666,2891667,rear_pair_shake_3,0.0,0.0,66.02909928054133,0.9961558598711913,0.0,0.08759853220395639,0.0,0.0,0.0,66.02909928054133,39.50719737387419,5.442828280030319,0,feet,0.0,-0.08543134297968713,-0.2818315114878702,-39.5018720351754,63.70001399999999,9.60000273979955,-39.50719737387419,59.93459691168532,0.0,1,0.0,0.0,-0.08543134297968713,-0.28183154109308184,-39.5018720351754,-63.70001399999998,9.60000273979955,-39.507197373874185,-59.93459691168532,0.0,1,0.0,0.0,0.19048717244349245,-0.5351438204996537,71.00284241181755,63.70001399999999,9.600291617959819,70.98809975587952,62.45001586773867,0.0,1,-2.1316282072803006e-14,0.0,0.1904871724434969,-0.5351438204996524,71.00284241181741,-63.70001399999998,9.60029161795989,70.98809975587932,-62.45001586773867,0.0,1,4.973799150320701e-14
2.9,2900000,rear_pair_shake_3,0.0,0.0,66.07419269918071,0.9961297159755558,0.0,0.0878953295144772,0.0,0.0,0.0,66.07419269918071,39.48805781796537,5.433533899244793,0,feet,0.0,-0.08734106927608698,-0.2813187585551118,-39.4920690308012,63.70001399999999,9.599998371404311,-39.48805781796538,66.27374638689588,0.0,1,2.842170943040401e-14,0.0,-0.08734106927608698,-0.2813187881123618,-39.4920690308012,-63.70001399999998,9.599998371404311,-39.48805781796536,-66.27374638689588,0.0,1,2.842170943040401e-14,0.0,0.18954704057041605,-0.5356816255776122,71.00361299059301,63.70001399999999,9.600290403697286,70.98809975587952,62.45001586773867,0.0,1,-2.842170943040401e-14,0.0,0.18954704057042138,-0.5356816255776091,71.00361299059281,-63.70001399999998,9.600290403697322,70.98809975587932,-62.45001586773867,0.0,1,7.105427357601002e-15
2.908333333333333,2908333,rear_pair_shake_3,0.0,0.0,66.13421006123373,0.9960947824273236,0.0,0.08829034160689798,0.0,0.0,0.0,66.13421006123373,39.477052015560105,5.42119689114007,0,feet,0.0,-0.08988456300571235,-0.28063402325337305,-39.47900537600092,63.70001399999999,9.600004473175382,-39.477052015560105,60.71151150841919,0.0,1,1.4210854715202004e-14,0.0,-0.08988456300571235,-0.2806340527465494,-39.47900537600092,-63.70001399999998,9.600004473175382,-39.477052015560105,-60.71151150841919,0.0,1,1.4210854715202004e-14,0.0,0.18829513616550964,-0.5363973840616789,71.00463657936001,63.70001399999999,9.60028869509889,70.98809975587952,62.45001586773867,0.0,1,2.1316282072803006e-14,0.0,0.18829513616551408,-0.5363973840616758,71.00463657935983,-63.70001399999998,9.600288695098897,70.98809975587932,-62.45001586773867,0.0,1,2.842170943040401e-14
2.9166666666666665,2916667,rear_pair_shake_3,0.0,0.0,66.21028376664792,0.9960502780616632,0.0,0.08879101065582838,0.0,0.0,0.0,66.21028376664792,39.45938243187273,5.405614271501207,0,feet,0.0,-0.09311198423852396,-0.27976185024200895,-39.4624161176723,63.70001399999999,9.599997526012132,-39.45938243187271,60.73333348422281,0.0,1,-7.105427357601002e-15,0.0,-0.09311198423852396,-0.27976187965352795,-39.46241611767233,-63.70001399999998,9.599997526012096,-39.459382431872754,-60.73333348422281,0.0,1,-4.263256414560601e-14,0.0,0.1867072780595671,-0.5373045667057998,71.00593070944608,63.70001399999999,9.600286378690392,70.98809975587952,62.45001586773867,0.0,1,-3.552713678800501e-14,0.0,0.186707278059572,-0.5373045667057972,71.00593070944592,-63.70001399999998,9.600286378690441,70.98809975587932,-62.45001586773867,0.0,1,1.4210854715202004e-14
2.925,2925000,rear_pair_shake_3,0.0,0.0,66.30320995687114,0.9959955732677542,0.0,0.08940256165814095,0.0,0.0,0.0,66.30320995687114,39.440267170544374,5.386663044790126,0,feet,0.0,-0.09705913544944478,-0.27869042379138564,-39.44210862622213,63.70001399999999,9.599998301067771,-39.44026717054437,60.74619282880431,0.0,1,0.0,0.0,-0.09705913544944478,-0.2786904531025285,-39.44210862622213,-63.70001399999998,9.599998301067771,-39.44026717054439,-60.74619282880431,0.0,1,0.0,0.0,0.1847660966076945,-0.5384126196546073,71.00750655023924,63.70001399999999,9.60028332249135,70.98809975587952,62.45001586773867,0.0,1,-5.684341886080802e-14,0.0,0.18476609660769938,-0.5384126196546042,71.00750655023904,-63.70001399999998,9.600283322491393,70.98809975587932,-62.45001586773867,0.0,1,-1.4210854715202004e-14
2.933333333333333,2933333,rear_pair_shake_3,0.0,0.0,66.41346829476328,0.9959301781424209,0.0,0.09012813248484525,0.0,0.0,0.0,66.41346829476328,39.440267170544374,5.364296296178637,0,feet,0.0,-0.1017500862372569,-0.2774099038107414,-39.41794684718931,63.70001399999999,9.599972529889278,-39.44026717054437,60.74619282880431,0.0,1,2.1316282072803006e-14,0.0,-0.1017500862372569,-0.27740993300182293,-39.41794684718931,-63.70001399999998,9.599972529889278,-39.44026717054439,-60.74619282880431,0.0,1,2.1316282072803006e-14,0.0,0.18246061982984507,-0.5397271984064154,71.00936925717569,63.70001399999999,9.600279376356163,70.98809975587952,62.45001586773867,0.0,1,4.973799150320701e-14,0.0,0.18246061982984996,-0.5397271984064123,71.00936925717549,-63.70001399999998,9.600279376356184,70.98809975587932,-62.45001586773867,0.0,1,7.105427357601002e-14
2.941666666666667,2941667,rear_pair_shake_3,0.0,0.0,66.54124174450799,0.9958537334749349,0.0,0.09096890415979218,0.0,0.0,0.0,66.54124174450799,39.326713466059246,5.338538611224465,0,feet,0.0,-0.10719329317881732,-0.27591602219538514,-39.38987758772274,63.70001399999999,9.600097695031657,-39.32671346605923,63.700015918920016,0.0,1,7.105427357601002e-15,0.0,-0.10719329317881643,-0.27591605124626906,-39.38987758772278,-63.70001399999998,9.600097695031664,-39.32671346605926,-63.700015918920016,0.0,1,1.4210854715202004e-14,0.0,0.1797858726086221,-0.5412504021209981,71.01151836491172,63.70001399999999,9.600274374439785,70.98809975587952,62.45001586773867,0.0,1,7.105427357601002e-15,0.0,0.17978587260862566,-0.5412504021209954,71.01151836491154,-63.70001399999998,9.600274374439763,70.98809975587932,-62.45001586773867,0.0,1,-7.105427357601002e-15
2.95,2950000,rear_pair_shake_3,0.0,0.0,66.68643635152446,0.9957660044847679,0.0,0.09192423136714856,0.0,0.0,0.0,66.68643635152446,39.326713466059246,5.309480835553302,0,feet,0.0,-0.11339141964816069,-0.27420268071031373,-39.35786780393677,63.70001399999999,9.600254937638312,-39.32671346605923,63.700015918920016,0.0,1,-7.105427357601002e-15,0.0,-0.11339141964815935,-0.2742027096002295,-39.35786780393681,-63.70001399999998,9.600254937638361,-39.32671346605926,-63.700015918920016,0.0,1,4.263256414560601e-14,0.0,0.1767424885577875,-0.5429810084131228,71.01394822322263,63.70001399999999,9.600268139615125,70.98809975587952,62.45001586773867,0.0,1,-4.263256414560601e-14,0.0,0.17674248855779195,-0.5429810084131197,71.01394822322249,-63.70001399999998,9.600268139615146,70.98809975587932,-62.45001586773867,0.0,1,-1.4210854715202004e-14
2.9583333333333335,2958333,rear_pair_shake_3,0.0,0.0,66.8487010223792,0.9956668770832903,0.0,0.09299177318025585,0.0,0.0,0.0,66.8487010223792,39.326713466059246,5.277274220657546,0,feet,0.0,-0.12033724154828951,-0.27226568209636337,-39.3219343575276,63.70001399999999,9.600304298330272,-39.32671346605923,63.700015918920016,0.0,1,-2.1316282072803006e-14,0.0,-0.12033724154828906,-0.2722657108040698,-39.32193435752763,-63.70001399999998,9.600304298330258,-39.32671346605926,-63.700015918920016,0.0,1,-3.552713678800501e-14,0.0,0.17333633347235144,-0.5449147088038568,71.01664847034804,63.70001399999999,9.60026048952195,70.98809975587952,62.45001586773867,0.0,1,7.105427357601002e-15,0.0,0.17333633347235589,-0.5449147088038542,71.01664847034789,-63.70001399999998,9.600260489522,70.98809975587932,-62.45001586773867,0.0,1,5.684341886080802e-14
2.966666666666667,2966667,rear_pair_shake_3,0.0,0.0,67.02744730469769,0.9955563563107793,0.0,0.09416762399681014,0.0,0.0,0.0,67.02744730469769,39.31224530303281,5.24212402892438,0,feet,0.0,-0.12801149509678256,-0.2701050230219364,-39.28215830807426,63.70001399999999,9.60024836263728,-39.31224530303281,63.70001591896379,0.0,1,0.0,0.0,-0.12801149509678256,-0.27010505152611053,-39.28215830807426,-63.70001399999998,9.60024836263728,-39.31224530303282,-63.7000159189638,0.0,1,0.0,0.0,0.16957813871556615,-0.5470443450204758,71.01960453630097,63.70001399999999,9.600251243826143,70.98809975587952,62.45001586773867,0.0,1,4.263256414560601e-14,0.0,0.1695781387155706,-0.5470443450204723,71.01960453630082,-63.70001399999998,9.600251243826108,70.98809975587932,-62.45001586773867,0.0,1,7.105427357601002e-15
2.975,2975000,rear_pair_shake_3,0.0,0.0,67.22186916707622,0.9954345665095287,0.0,0.09544644465870253,0.0,0.0,0.0,67.22186916707622,39.31224530303281,5.204282692062847,0,feet,0.0,-0.13638749409600281,-0.26772168824373566,-39.23865680628187,63.70001399999999,9.600013467945338,-39.31224530303281,63.70001591896379,0.0,1,2.842170943040401e-14,0.0,-0.13638749409600237,-0.2677217165230483,-39.23865680628188,-63.70001399999998,9.600013467945338,-39.31224530303282,-63.7000159189638,0.0,1,2.842170943040401e-14,0.0,0.165483142481071,-0.5493601463349052,71.0227981670962,63.70001399999999,9.600240232204285,70.98809975587952,62.45001586773867,0.0,1,4.263256414560601e-14,0.0,0.16548314248107543,-0.549360146334902,71.02279816709601,-63.70001399999998,9.6002402322043,70.98809975587932,-62.45001586773867,0.0,1,5.684341886080802e-14
2.9833333333333334,2983333,rear_pair_shake_3,0.0,0.0,67.4309627789936,0.9953017527301895,0.0,0.09682159372894368,0.0,0.0,0.0,67.4309627789936,39.196043037650426,5.164042632880324,0,feet,0.0,-0.14542190695851476,-0.26512565750037353,-39.19164444349033,63.70001399999999,9.599996116127251,-39.19604303765043,65.90477742429005,0.0,1,4.263256414560601e-14,0.0,-0.1454219069585152,-0.26512568553433535,-39.19164444349032,-63.70001399999998,9.599996116127244,-39.19604303765042,-65.90477742429005,0.0,1,3.552713678800501e-14,0.0,0.16107073658025284,-0.5518499681058224,71.02620795993974,63.70001399999999,9.600227302546458,70.98809975587952,62.45001586773867,0.0,1,5.684341886080802e-14,0.0,0.16107073658025728,-0.5518499681058184,71.02620795993953,-63.70001399999998,9.600227302546351,70.98809975587932,-62.45001586773867,0.0,1,-4.973799150320701e-14
2.9916666666666667,2991667,rear_pair_shake_3,0.0,0.0,67.6535462907229,0.9951582828296252,0.0,0.09828525889263237,0.0,0.0,0.0,67.6535462907229,39.1362986664566,5.121728871409729,0,feet,0.0,-0.15507463881065853,-0.26232041735692535,-39.14130382317957,63.70001399999999,9.600002265331113,-39.1362986664566,59.9925097393973,0.0,1,7.105427357601002e-15,0.0,-0.15507463881065853,-0.2623204451252641,-39.14130382317957,-63.70001399999998,9.600002265331113,-39.1362986664566,-59.99250973939729,0.0,1,7.105427357601002e-15,0.0,0.15636411623559576,-0.5544995316399421,71.02980989913164,63.70001399999999,9.600212328887494,70.98809975587952,62.45001586773867,0.0,1,-2.1316282072803006e-14,0.0,0.15636411623559932,-0.5544995316399404,71.02980989913151,-63.70001399999998,9.600212328887508,70.98809975587932,-62.45001586773867,0.0,1,-7.105427357601002e-15
3.0,3000000,rear_pair_shake_3,0.0,0.0,67.88827961324321,0.9950046497023557,0.0,0.09982858844385387,0.0,0.0,0.0,67.88827961324321,39.08636250461428,5.077691543124331,0,feet,0.0,-0.1652957186993662,-0.25931396184296185,-39.08787640403779,63.70001399999999,9.600005264711427,-39.08636250461427,59.94669713257886,0.0,1,7.105427357601002e-15,0.0,-0.1652957186993662,-0.25931398932604477,-39.08787640403779,-63.70001399999998,9.600005264711427,-39.086362504614286,-59.94669713257886,0.0,1,7.105427357601002e-15,0.0,0.1513899302996502,-0.5572926654156065,71.03357788271953,63.70001399999999,9.600195218627285,70.98809975587952,62.45001586773867,0.0,1,5.684341886080802e-14,0.0,0.15138993029965464,-0.5572926654156034,71.03357788271937,-63.70001399999998,9.600195218627292,70.98809975587932,-62.45001586773867,0.0,1,6.394884621840902e-14
3.0083333333333333,3008333,rear_pair_shake_3,0.0,0.0,68.1336841981514,0.9948414730919752,0.0,0.10144182281578269,0.0,0.0,0.0,68.1336841981514,39.00664531212462,5.03229845971498,0,feet,0.0,-0.1760236473202288,-0.2561207816658162,-39.0316719273928,63.70001399999999,9.600266044142884,-39.00664531212462,63.700015919151575,0.0,1,-1.4210854715202004e-14,0.0,-0.1760236473202288,-0.25612080884526334,-39.03167192739279,-63.70001399999998,9.600266044142913,-39.00664531212462,-63.70001591915158,0.0,1,1.4210854715202004e-14,0.0,0.14617792935499319,-0.5602115476212912,71.03748423073638,63.70001399999999,9.600175918670303,70.98809975587952,62.45001586773867,0.0,1,7.105427357601002e-15,0.0,0.14617792935499674,-0.5602115476212881,71.03748423073627,-63.70001399999998,9.60017591867026,70.98809975587932,-62.45001586773867,0.0,1,-3.552713678800501e-14
3.0166666666666666,3016667,rear_pair_shake_3,0.0,0.0,68.38816281757384,0.9946695004515623,0.0,0.10311442610730799,0.0,0.0,0.0,68.38816281757384,38.95415336597854,4.985927841875217,0,feet,0.0,-0.18720546484242728,-0.25274604885134977,-38.97293959047196,63.70001399999999,9.600283250434522,-38.95415336597854,63.700015919036375,0.0,1,7.105427357601002e-15,0.0,-0.18720546484242728,-0.2527460757091484,-38.97293959047196,-63.70001399999998,9.600283250434522,-38.95415336597854,-63.700015919036375,0.0,1,7.105427357601002e-15,0.0,0.14076109523668956,-0.5632372844097389,71.04149703849167,63.70001399999999,9.600187901638378,71.0883044584149,62.4500158716601,0.0,1,0.0,0.0,0.140761095236694,-0.5632372844097358,71.0414970384915,-63.70001399999998,9.600187901638364,71.08830445841471,-62.4500158716601,0.0,1,-1.4210854715202004e-14
3.025,3025000,rear_pair_shake_3,0.0,0.0,68.65001934407817,0.9944896063609158,0.0,0.10483521755646191,0.0,0.0,0.0,68.65001934407817,38.906437467335884,4.938961348920834,0,feet,0.0,-0.19876939053374798,-0.2492083158451046,-38.91204983823289,63.70001399999999,9.600299158372913,-38.90643746733589,63.70001591889352,0.0,1,3.552713678800501e-14,0.0,-0.19876939053374798,-0.24920834236488432,-38.9120498382329,-63.70001399999998,9.600299158372891,-38.906437467335884,-63.70001591889351,0.0,1,1.4210854715202004e-14,0.0,0.13517395333303428,-0.5663492437679563,71.04558915334007,63.70001399999999,9.600206981312269,71.0883044584149,62.4500158716601,0.0,1,4.263256414560601e-14,0.0,0.13517395333303783,-0.5663492437679536,71.04558915333996,-63.70001399999998,9.600206981312262,71.08830445841471,-62.4500158716601,0.0,1,3.552713678800501e-14
3.033333333333333,3033333,rear_pair_shake_3,0.0,0.0,68.91747853058503,0.9943027900612411,0.0,0.10659250290912355,0.0,0.0,0.0,68.91747853058503,38.8305943634513,4.891777522012845,0,feet,0.0,-0.21064432203512728,-0.24552425088458607,-38.84936585460717,63.70001399999999,9.600281499775285,-38.8305943634513,63.70001591859285,0.0,1,2.842170943040401e-14,0.0,-0.21064432203512728,-0.24552427705144764,-38.84936585460721,-63.70001399999998,9.600281499775264,-38.8305943634513,-63.70001591859284,0.0,1,7.105427357601002e-15,0.0,0.1294532650809228,-0.5695260312988979,71.04973172585832,63.70001399999999,9.600224519542593,71.0883044584149,62.4500158716601,0.0,1,0.0,0.0,0.12945326508092725,-0.5695260312988952,71.0497317258582,-63.70001399999998,9.600224519542628,71.08830445841471,-62.4500158716601,0.0,1,3.552713678800501e-14
3.0416666666666665,3041667,rear_pair_shake_3,0.0,0.0,69.18870579027983,0.9941101707325026,0.0,0.10837420563120381,0.0,0.0,0.0,69.18870579027983,38.8305943634513,4.844745746409259,0,feet,0.0,-0.22275544891735333,-0.24171267721654477,-38.78527378430655,63.70001399999999,9.600192877693303,-38.8305943634513,63.70001591859285,0.0,1,0.0,0.0,-0.22275544891735333,-0.24171270301727876,-38.78527378430655,-63.70001399999998,9.600192877693303,-38.8305943634513,-63.70001591859284,0.0,1,0.0,0.0,0.12363754180351583,-0.5727456652624201,71.05389526225946,63.70001399999999,9.600240345352987,71.0883044584149,62.4500158716601,0.0,1,-2.1316282072803006e-14,0.0,0.12363754180351982,-0.5727456652624183,71.05389526225932,-63.70001399999998,9.60024034535303,71.08830445841471,-62.4500158716601,0.0,1,2.1316282072803006e-14
3.05,3050000,rear_pair_shake_3,0.0,0.0,69.46182697652446,0.9939129802128576,0.0,0.11016799791407572,0.0,0.0,0.0,69.46182697652446,38.788489321948894,4.798220823723071,0,feet,0.0,-0.23502934237780293,-0.23779078137663445,-38.72015359176646,63.70001399999999,9.599757101260117,-38.788489321948894,61.16236294898136,0.0,1,1.4210854715202004e-14,0.0,-0.23502934237780293,-0.23779080679957687,-38.72015359176646,-63.70001399999998,9.599757101260117,-38.788489321948894,-61.162362948981354,0.0,1,1.4210854715202004e-14,0.0,0.11776652858212833,-0.575985737339864,71.05805073513476,63.70001399999999,9.600254340044941,71.0883044584149,62.4500158716601,0.0,1,1.4210854715202004e-14,0.0,0.11776652858213277,-0.5759857373398609,71.05805073513457,-63.70001399999998,9.600254340044877,71.08830445841471,-62.4500158716601,0.0,1,-4.973799150320701e-14
3.058333333333333,3058333,rear_pair_shake_3,0.0,0.0,69.7349481627691,0.993712552941193,0.0,0.1119614314266158,0.0,0.0,0.0,69.7349481627691,38.62809827516551,4.752538227846443,0,feet,0.0,-0.24736538559597143,-0.23379825947699384,-38.65456021159619,63.70001399999999,9.59996676050924,-38.628098275165506,60.000671282292835,0.0,1,2.1316282072803006e-14,0.0,-0.247365385595971,-0.2337982845142168,-38.654560211596205,-63.70001399999998,9.599966760509247,-38.62809827516552,-60.00067128229284,0.0,1,2.842170943040401e-14,0.0,0.11188079754600944,-0.5792236566251021,71.06216987368796,63.70001399999999,9.600266437177915,71.0883044584149,62.4500158716601,0.0,1,-7.105427357601002e-15,0.0,0.11188079754601388,-0.5792236566251003,71.06216987368784,-63.70001399999998,9.600266437177993,71.08830445841471,-62.4500158716601,0.0,1,7.105427357601002e-14
3.066666666666667,3066667,rear_pair_shake_3,0.0,0.0,70.0061754224639,0.9935103129906213,0.0,0.11374206777300006,0.0,0.0,0.0,70.0061754224639,38.595339628814166,4.708010098317189,0,feet,0.0,-0.2596961895479386,-0.2297481141147344,-38.58883090994415,63.70001399999999,9.600004419874239,-38.59533962881415,59.93915928862313,0.0,1,2.1316282072803006e-14,0.0,-0.25969618954793816,-0.22974813875949973,-38.588830909944164,-63.70001399999998,9.600004419874239,-38.59533962881418,-59.93915928862313,0.0,1,2.842170943040401e-14,0.0,0.10602132794488206,-0.5824368921291176,71.06622541648284,63.70001399999999,9.600276620870396,71.0883044584149,62.4500158716601,0.0,1,-2.1316282072803006e-14,0.0,0.10602132794488695,-0.582436892129115,71.06622541648265,-63.70001399999998,9.600276620870432,71.08830445841471,-62.4500158716601,0.0,1,1.4210854715202004e-14
3.075,3075000,rear_pair_shake_3,0.0,0.0,70.27363460897075,0.9933077581506566,0.0,0.11549760862336786,0.0,0.0,0.0,70.27363460897075,38.51140737958346,4.664922002844577,0,feet,0.0,-0.27193479016655786,-0.2256701595689572,-38.52344043437029,63.70001399999999,9.599995182890545,-38.51140737958343,60.43318737930498,0.0,1,-7.105427357601002e-15,0.0,-0.27193479016655697,-0.22567018381736315,-38.523440434370336,-63.70001399999998,9.599995182890552,-38.51140737958348,-60.43318737930498,0.0,1,0.0,0.0,0.10022907286391947,-0.5856032132803186,71.07019133062566,63.70001399999999,9.6002849226429,71.0883044584149,62.4500158716601,0.0,1,-4.263256414560601e-14,0.0,0.10022907286392346,-0.585603213280316,71.07019133062552,-63.70001399999998,9.600284922642913,71.08830445841471,-62.4500158716601,0.0,1,-2.842170943040401e-14
3.0833333333333335,3083333,rear_pair_shake_3,0.0,0.0,70.53549113547508,0.9931064411065247,0.0,0.11721602549452365,0.0,0.0,0.0,70.53549113547508,38.46260664123572,4.623530476961449,0,feet,0.0,-0.2839950869544121,-0.22159501200210752,-38.45885743826547,63.70001399999999,9.600000080237265,-38.46260664123571,61.53205098050341,0.0,1,0.0,0.0,-0.28399508695441167,-0.22159503585320683,-38.45885743826552,-63.70001399999998,9.600000080237244,-38.462606641235745,-61.53205098050341,0.0,1,-2.1316282072803006e-14,0.0,0.09454451284563348,-0.5887009279683255,71.07404300237584,63.70001399999999,9.60029141704534,71.0883044584149,62.4500158716601,0.0,1,-4.973799150320701e-14,0.0,0.09454451284563836,-0.5887009279683229,71.07404300237567,-63.70001399999998,9.600291417045383,71.08830445841471,-62.4500158716601,0.0,1,-7.105427357601002e-15
3.091666666666667,3091667,rear_pair_shake_3,0.0,0.0,70.78996975489753,0.9929079478534923,0.0,0.11888568916975062,0.0,0.0,0.0,70.78996975489753,38.41959726546888,4.584061323905345,0,feet,0.0,-0.2957936241586374,-0.2175528560357498,-38.395539035719125,63.70001399999999,9.599967841425148,-38.41959726546886,60.73948086590802,0.0,1,3.552713678800501e-14,0.0,-0.2957936241586374,-0.21755287949153912,-38.39553903571917,-63.70001399999998,9.599967841425098,-38.4195972654689,-60.73948086590802,0.0,1,-1.4210854715202004e-14,0.0,0.08900719707911664,-0.5917091177776017,71.07775740492214,63.70001399999999,9.60029621631471,71.0883044584149,62.4500158716601,0.0,1,1.4210854715202004e-14,0.0,0.08900719707912019,-0.5917091177775999,71.07775740492197,-63.70001399999998,9.600296216314646,71.08830445841471,-62.4500158716601,0.0,1,-4.973799150320701e-14
3.1,3100000,rear_pair_shake_3,0.0,0.0,71.03537433980571,0.9927138735700902,0.0,0.12049549876018975,0.0,0.0,0.0,71.03537433980571,38.3501791123996,4.5467086325304535,0,feet,0.0,-0.3072454668905955,-0.21357733268383994,-38.33395616816197,63.70001399999999,9.599988318402858,-38.35017911239958,59.93398274193727,0.0,1,7.105427357601002e-15,0.0,-0.3072454668905946,-0.2135773557496381,-38.33395616816201,-63.70001399999998,9.599988318402865,-38.350179112399616,-59.93398274193727,0.0,1,7.105427357601002e-15,0.0,0.08365527319556776,-0.5946078701847539,71.08131324946561,63.70001399999999,9.600299464304285,71.0883044584149,62.4500158716601,0.0,1,0.0,0.0,0.0836552731955722,-0.5946078701847521,71.08131324946544,-63.70001399999998,9.600299464304342,71.08830445841471,-62.4500158716601,0.0,1,5.684341886080802e-14
3.1083333333333334,3108333,rear_pair_shake_3,0.0,0.0,71.27010766232603,0.9925257962545202,0.0,0.12203501042459379,0.0,0.0,0.0,71.27010766232603,38.3501791123996,4.5116344460684985,0,feet,0.0,-0.3182773065051192,-0.20969501893088927,-38.27450970055139,63.70001399999999,9.599703799467015,-38.35017911239958,59.93398274193727,0.0,1,-7.105427357601002e-15,0.0,-0.3182773065051192,-0.20969504161468322,-38.27450970055136,-63.70001399999998,9.599703799467008,-38.350179112399616,-59.93398274193727,0.0,1,-1.4210854715202004e-14,0.0,0.07852500706159571,-0.5973785076432003,71.08469112582638,63.70001399999999,9.600301329914188,71.0883044584149,62.4500158716601,0.0,1,4.263256414560601e-14,0.0,0.0785250070615997,-0.5973785076431977,71.08469112582618,-63.70001399999998,9.600301329914146,71.08830445841471,-62.4500158716601,0.0,1,0.0
3.1166666666666667,3116667,rear_pair_shake_3,0.0,0.0,71.49269117405532,0.9923452485012751,0.0,0.12349456577899526,0.0,0.0,0.0,71.49269117405532,38.193110074496275,4.4789689907247805,0,feet,0.0,-0.32879416845268583,-0.20595353496148983,-38.217747919038615,63.70001399999999,9.599970223064162,-38.19311007449625,61.154281506932776,0.0,1,-7.105427357601002e-15,0.0,-0.3287941684526854,-0.20595355727604092,-38.21774791903863,-63.70001399999998,9.599970223064169,-38.193110074496296,-61.154281506932776,0.0,1,0.0,0.0,0.07365029427988157,-0.6000038136431094,71.0878736385725,63.70001399999999,9.60030200023511,71.0883044584149,62.4500158716601,0.0,1,1.4210854715202004e-14,0.0,0.07365029427988512,-0.6000038136431072,71.08787363857238,-63.70001399999998,9.600302000235125,71.08830445841471,-62.4500158716601,0.0,1,2.842170943040401e-14
3.125,3125000,rear_pair_shake_3,0.0,0.0,71.7017847859727,0.9921736878579662,0.0,0.12486542004223217,0.0,0.0,0.0,71.7017847859727,38.13673231496155,4.4488113513002645,0,feet,0.0,-0.3387407348789693,-0.2023709328167942,-38.16396481027772,63.70001399999999,9.599965584124945,-38.13673231496151,61.901740917708295,0.0,1,1.4210854715202004e-14,0.0,-0.3387407348789684,-0.20237095477676537,-38.163964810277776,-63.70001399999998,9.59996558412493,-38.136732314961584,-61.901740917708295,0.0,1,0.0,0.0,0.06906216538199361,-0.6024682560035353,71.0908455441998,63.70001399999999,9.600301673604136,71.0883044584149,62.4500158716601,0.0,1,-2.1316282072803006e-14,0.0,0.06906216538199716,-0.6024682560035326,71.09084554419967,-63.70001399999998,9.60030167360415,71.08830445841471,-62.4500158716601,0.0,1,0.0
3.1333333333333333,3133333,rear_pair_shake_3,0.0,0.0,71.89620664835124,0.9920124662534671,0.0,0.12613986997660162,0.0,0.0,0.0,71.89620664835124,38.1137169399299,4.421230462194558,0,feet,0.0,-0.3480439498753789,-0.19898365732678203,-38.11358229675932,63.70001399999999,9.600005934166028,-38.11371693992986,59.97422398009301,0.0,1,0.0,0.0,-0.34804394987537757,-0.1989836789505839,-38.11358229675939,-63.70001399999998,9.600005934166035,-38.11371693992994,-59.974223980093,0.0,1,7.105427357601002e-15,0.0,0.06478828692158389,-0.6047582078172962,71.09359389423497,63.70001399999999,9.600300552753112,71.0883044584149,62.4500158716601,0.0,1,-3.552713678800501e-14,0.0,0.06478828692158789,-0.6047582078172944,71.0935938942348,-63.70001399999998,9.60030055275314,71.08830445841471,-62.4500158716601,0.0,1,-7.105427357601002e-15
3.1416666666666666,3141667,rear_pair_shake_3,0.0,0.0,72.07495293066972,0.9918627990256866,0.0,0.12731138169437328,0.0,0.0,0.0,72.07495293066972,38.0671424172509,4.396266267203075,0,feet,0.0,-0.3566466537345008,-0.19581905511346953,-38.06692590094339,63.70001399999999,9.600004018031015,-38.06714241725086,60.147888072357176,0.0,1,-2.1316282072803006e-14,0.0,-0.35664665373449855,-0.19581907642238328,-38.06692590094346,-63.70001399999998,9.600004018031065,-38.06714241725094,-60.147888072357176,0.0,1,2.842170943040401e-14,0.0,0.06085246083903595,-0.6068621666166636,71.09610818835787,63.70001399999999,9.600298838219743,71.0883044584149,62.4500158716601,0.0,1,3.552713678800501e-14,0.0,0.060852460839039946,-0.6068621666166605,71.0961081883577,-63.70001399999998,9.600298838219736,71.08830445841471,-62.4500158716601,0.0,1,2.842170943040401e-14
3.15,3150000,rear_pair_shake_3,0.0,0.0,72.23721760152446,0.9917257340985088,0.0,0.1283747184097151,0.0,0.0,0.0,72.23721760152446,38.01778033223511,4.373930891400036,0,feet,0.0,-0.3644978094809086,-0.1929038655069646,-38.024290243467746,63.70001399999999,9.600001908520213,-38.01778033223508,60.30112636803076,0.0,1,-7.105427357601002e-15,0.0,-0.36449780948090726,-0.19290388652510204,-38.0242902434678,-63.70001399999998,9.600001908520227,-38.017780332235155,-60.301126368030765,0.0,1,7.105427357601002e-15,0.0,0.057274124561636164,-0.6087709724490793,71.09838054080882,63.70001399999999,9.60029672217938,71.0883044584149,62.4500158716601,0.0,1,4.263256414560601e-14,0.0,0.05727412456164016,-0.6087709724490766,71.09838054080868,-63.70001399999998,9.600296722179337,71.08830445841471,-62.4500158716601,0.0,1,0.0
3.158333333333333,3158333,rear_pair_shake_3,0.0,0.0,72.38241220854094,0.9916021218606237,0.0,0.12932606822102324,0.0,0.0,0.0,72.38241220854094,37.966132429531505,4.3542096639877315,0,feet,0.0,-0.37155811563942276,-0.190259860440134,-37.985904358923506,63.70001399999999,9.599975725579228,-37.96613242953148,60.91776836540593,0.0,1,1.4210854715202004e-14,0.0,-0.3715581156394214,-0.19025988119395576,-37.98590435892357,-63.70001399999998,9.599975725579228,-37.96613242953153,-60.91776836540592,0.0,1,7.105427357601002e-15,0.0,0.05406785431700856,-0.6104780256372457,71.1004058625282,63.70001399999999,9.600294382847963,71.0883044584149,62.4500158716601,0.0,1,0.0,0.0,0.05406785431701211,-0.6104780256372444,71.10040586252806,-63.70001399999998,9.600294382847999,71.08830445841471,-62.4500158716601,0.0,1,3.552713678800501e-14
3.1666666666666665,3166667,rear_pair_shake_3,0.0,0.0,72.51018565828565,0.9914925862820565,0.0,0.1301631720100531,0.0,0.0,0.0,72.51018565828565,37.96451706589195,4.337061833125105,0,feet,0.0,-0.3777981315297758,-0.1879057987275492,-37.951944509679976,63.70001399999999,9.59999110992728,-37.964517065891904,60.5174807372033,0.0,1,0.0,0.0,-0.3777981315297736,-0.18790581924556582,-37.951944509680104,-63.70001399999998,9.599991109927295,-37.96451706589199,-60.5174807372033,0.0,1,1.4210854715202004e-14,0.0,0.051242874062206845,-0.6119795050389651,71.10218206072182,63.70001399999999,9.600291979595085,71.0883044584149,62.4500158716601,0.0,1,-1.4210854715202004e-14,0.0,0.05124287406221084,-0.611979505038962,71.10218206072163,-63.70001399999998,9.60029197959507,71.08830445841471,-62.4500158716601,0.0,1,-2.842170943040401e-14
3.175,3175000,rear_pair_shake_3,0.0,0.0,72.62044399617778,0.9913974977650946,0.0,0.13088545154106837,0.0,0.0,0.0,72.62044399617778,37.907559637169165,4.322420823180238,0,feet,0.0,-0.38320311415533137,-0.18585372919030574,-37.922504181617256,63.70001399999999,9.60004708127768,-37.907559637169115,62.45001590766261,0.0,1,4.973799150320701e-14,0.0,-0.3832031141553296,-0.1858537495024004,-37.92250418161738,-63.70001399999998,9.600047081277658,-37.907559637169214,-62.45001590766262,0.0,1,2.842170943040401e-14,0.0,0.04880257225662854,-0.613274587612767,71.10371025688394,63.70001399999999,9.600289648895881,71.0883044584149,62.4500158716601,0.0,1,7.105427357601002e-15,0.0,0.04880257225663209,-0.6132745876127652,71.1037102568838,-63.70001399999998,9.60028964889591,71.08830445841471,-62.4500158716601,0.0,1,4.263256414560601e-14
3.183333333333333,3183333,rear_pair_shake_3,0.0,0.0,72.71337018640101,0.9913169481629043,0.0,0.1314941378350599,0.0,0.0,0.0,72.71337018640101,37.907559637169165,4.310193902242986,0,feet,0.0,-0.38777496361250163,-0.184107746134198,-37.89758220517355,63.70001399999999,9.600053528653206,-37.907559637169115,62.45001590766261,0.0,1,7.105427357601002e-15,0.0,-0.3877749636124994,-0.1841077662708166,-37.89758220517366,-63.70001399999998,9.600053528653234,-37.907559637169214,-62.45001590766262,0.0,1,3.552713678800501e-14,0.0,0.046744028423741035,-0.6143656700316877,71.10499502375569,63.70001399999999,9.600287501234135,71.0883044584149,62.4500158716601,0.0,1,0.0,0.0,0.04674402842374592,-0.6143656700316846,71.10499502375549,-63.70001399999998,9.60028750123417,71.08830445841471,-62.4500158716601,0.0,1,3.552713678800501e-14
3.191666666666667,3191667,rear_pair_shake_3,0.0,0.0,72.78944389181521,0.99125072830931,0.0,0.13199239988068417,0.0,0.0,0.0,72.78944389181521,37.907559637169165,4.300261153637152,0,feet,0.0,-0.39152957100578467,-0.18266661385632643,-37.87710158874516,63.70001399999999,9.600010396319476,-37.907559637169115,62.45001590766261,0.0,1,-7.105427357601002e-15,0.0,-0.39152957100578334,-0.18266663384791837,-37.87710158874526,-63.70001399999998,9.600010396319476,-37.907559637169214,-62.45001590766262,0.0,1,-7.105427357601002e-15,0.0,0.04505755104442777,-0.6152585929681451,71.10604464122375,63.70001399999999,9.600285619044797,71.0883044584149,62.4500158716601,0.0,1,4.263256414560601e-14,0.0,0.045057551044431765,-0.6152585929681433,71.10604464122356,-63.70001399999998,9.600285619044776,71.08830445841471,-62.4500158716601,0.0,1,2.1316282072803006e-14
3.2,3200000,rear_pair_shake_3,0.0,0.0,72.84946125386821,0.9911983082847965,0.0,0.13238547372486706,0.0,0.0,0.0,72.84946125386821,37.907559637169165,4.292473680025978,0,feet,0.0,-0.39449937328580376,-0.18152206078008737,-37.86089336519753,63.70001399999999,9.599945289490819,-37.907559637169115,62.45001590766261,0.0,1,4.263256414560601e-14,0.0,-0.3944993732858024,-0.18152208065637643,-37.860893365197626,-63.70001399999998,9.599945289490805,-37.907559637169214,-62.45001590766262,0.0,1,2.842170943040401e-14,0.0,0.04372622779336455,-0.6159628684993184,71.10687137073145,63.70001399999999,9.60028405575018,71.0883044584149,62.4500158716601,0.0,1,2.1316282072803006e-14,0.0,0.0437262277933681,-0.6159628684993157,71.10687137073126,-63.70001399999998,9.600284055750159,71.08830445841471,-62.4500158716601,0.0,1,0.0
3.2083333333333335,3208333,rear_pair_shake_3,0.0,0.0,72.8945546725076,0.9911588204946326,0.0,0.13268079196209487,0.0,0.0,0.0,72.8945546725076,37.82261585742711,4.286651012841332,0,feet,0.0,-0.39673318841622685,-0.18065936230906,-37.84869880190004,63.70001399999999,9.59996816019406,-37.822615857427024,61.526035193091204,0.0,1,3.552713678800501e-14,0.0,-0.3967331884162233,-0.18065938209836885,-37.84869880190027,-63.70001399999998,9.599968160194031,-37.8226158574272,-61.526035193091204,0.0,1,7.105427357601002e-15,0.0,0.042725488459199656,-0.616491910858564,71.10749174729027,63.70001399999999,9.600282835899606,71.0883044584149,62.4500158716601,0.0,1,-3.552713678800501e-14,0.0,0.04272548845920321,-0.6164919108585623,71.10749174729015,-63.70001399999998,9.600282835899648,71.08830445841471,-62.4500158716601,0.0,1,0.0
3.216666666666667,3216667,rear_pair_shake_3,0.0,0.0,72.92621258609238,0.9911310454528746,0.0,0.1328881136125119,0.0,0.0,0.0,72.92621258609238,37.82261585742711,4.282577753420469,0,feet,0.0,-0.3983034752214287,-0.18005165137438883,-37.84012413391086,63.70001399999999,9.599987627960068,-37.822615857427024,61.526035193091204,0.0,1,2.1316282072803006e-14,0.0,-0.3983034752214265,-0.18005167110238984,-37.84012413391102,-63.70001399999998,9.599987627960033,-37.8226158574272,-61.526035193091204,0.0,1,-1.4210854715202004e-14,0.0,0.04202268006904264,-0.6168632704909465,71.10792688755512,63.70001399999999,9.600281956359296,71.0883044584149,62.4500158716601,0.0,1,-2.842170943040401e-14,0.0,0.042022680069047524,-0.6168632704909434,71.10792688755497,-63.70001399999998,9.60028195635934,71.08830445841471,-62.4500158716601,0.0,1,1.4210854715202004e-14
3.225,3225000,rear_pair_shake_3,0.0,0.0,72.94629925130474,0.9911133999486796,0.0,0.13301965434539556,0.0,0.0,0.0,72.94629925130474,37.82261585742711,4.279999535574717,0,feet,0.0,-0.3993008038953465,-0.17966507871328696,-37.83467704513794,63.70001399999999,9.599996016899283,-37.822615857427024,61.526035193091204,0.0,1,-1.4210854715202004e-14,0.0,-0.3993008038953434,-0.1796650984022734,-37.83467704513811,-63.70001399999998,9.599996016899318,-37.8226158574272,-61.526035193091204,0.0,1,2.1316282072803006e-14,0.0,0.04157665275792999,-0.6170988710675585,71.10820281152304,63.70001399999999,9.600281388421216,71.0883044584149,62.4500158716601,0.0,1,-2.842170943040401e-14,0.0,0.04157665275793354,-0.6170988710675558,71.1082028115229,-63.70001399999998,9.600281388421237,71.08830445841471,-62.4500158716601,0.0,1,0.0
3.2333333333333334,3233333,rear_pair_shake_3,0.0,0.0,72.95707452306189,0.9911039270166088,0.0,0.13309021696675058,0.0,0.0,0.0,72.95707452306189,37.82261585742711,4.278618472493349,0,feet,0.0,-0.39983612974369453,-0.17945738956782487,-37.831752915756056,63.70001399999999,9.599999245359157,-37.822615857427024,61.526035193091204,0.0,1,0.0,0.0,-0.399836129743691,-0.1794574092358463,-37.831752915756226,-63.70001399999998,9.599999245359172,-37.8226158574272,-61.526035193091204,0.0,1,7.105427357601002e-15,0.0,0.041337353774165475,-0.6172252487828276,71.10835077411794,63.70001399999999,9.600281080601327,71.0883044584149,62.4500158716601,0.0,1,7.105427357601002e-14,0.0,0.04133735377416903,-0.6172252487828249,71.10835077411774,-63.70001399999998,9.60028108060122,71.08830445841471,-62.4500158716601,0.0,1,-3.552713678800501e-14
3.2416666666666667,3241667,rear_pair_shake_3,0.0,0.0,72.9612136344277,0.9911002868382114,0.0,0.13311732204794016,0.0,0.0,0.0,72.9612136344277,37.82261585742711,4.278088334100815,0,feet,0.0,-0.4000418242662347,-0.17937755094544583,-37.830629278077225,63.70001399999999,9.600000249053153,-37.822615857427024,61.526035193091204,0.0,1,-1.4210854715202004e-14,0.0,-0.40004182426623114,-0.1793775706054066,-37.830629278077396,-63.70001399999998,9.600000249053203,-37.8226158574272,-61.526035193091204,0.0,1,3.552713678800501e-14,0.0,0.0412454256817778,-0.6172737929083638,71.10840760110536,63.70001399999999,9.600280961772867,71.0883044584149,62.4500158716601,0.0,1,4.263256414560601e-14,0.0,0.0412454256817818,-0.6172737929083607,71.10840760110516,-63.70001399999998,9.600280961772768,71.08830445841471,-62.4500158716601,0.0,1,-4.973799150320701e-14
3.25,3250000,rear_pair_shake_3,0.0,0.0,72.96182697652446,0.9910997473659748,0.0,0.13312133852655234,0.0,0.0,0.0,72.96182697652446,37.82261585742711,4.278009794575638,0,feet,0.0,-0.4000723073186747,-0.17936571751064134,-37.83046275668116,63.70001399999999,9.60000038660953,-37.822615857427024,61.526035193091204,0.0,1,-2.1316282072803006e-14,0.0,-0.40007230731867116,-0.17936573716940662,-37.83046275668131,-63.70001399999998,9.600000386609587,-37.8226158574272,-61.526035193091204,0.0,1,3.552713678800501e-14,0.0,0.04123180330162768,-0.6172809862103992,71.10841602137569,63.70001399999999,9.60028094413697,71.0883044584149,62.4500158716601,0.0,1,2.1316282072803006e-14,0.0,0.041231803301631675,-0.6172809862103965,71.10841602137553,-63.70001399999998,9.600280944136912,71.08830445841471,-62.4500158716601,0.0,1,-3.552713678800501e-14
3.2583333333333333,3258333,rear_pair_shake_3_return,0.0,0.0,72.9612136344277,0.9911002868382114,0.0,0.13311732204794016,0.0,0.0,0.0,72.9612136344277,37.82261585742711,4.278088334100815,0,feet,0.0,-0.4000418242662347,-0.17937755094544583,-37.830629278077225,63.70001399999999,9.600000249053153,-37.822615857427024,61.526035193091204,0.0,1,-1.4210854715202004e-14,0.0,-0.40004182426623114,-0.1793775706054066,-37.830629278077396,-63.70001399999998,9.600000249053203,-37.8226158574272,-61.526035193091204,0.0,1,3.552713678800501e-14,0.0,0.0412454256817778,-0.6172737929083638,71.10840760110536,63.70001399999999,9.600280961772867,71.0883044584149,62.4500158716601,0.0,1,4.263256414560601e-14,0.0,0.0412454256817818,-0.6172737929083607,71.10840760110516,-63.70001399999998,9.600280961772768,71.08830445841471,-62.4500158716601,0.0,1,-4.973799150320701e-14
3.2666666666666666,3266667,rear_pair_shake_3_return,0.0,0.0,72.95707452306189,0.9911039270166088,0.0,0.13309021696675058,0.0,0.0,0.0,72.95707452306189,37.82261585742711,4.278618472493349,0,feet,0.0,-0.39983612974369453,-0.17945738956782487,-37.831752915756056,63.70001399999999,9.599999245359157,-37.822615857427024,61.526035193091204,0.0,1,0.0,0.0,-0.399836129743691,-0.1794574092358463,-37.831752915756226,-63.70001399999998,9.599999245359172,-37.8226158574272,-61.526035193091204,0.0,1,7.105427357601002e-15,0.0,0.041337353774165475,-0.6172252487828276,71.10835077411794,63.70001399999999,9.600281080601327,71.0883044584149,62.4500158716601,0.0,1,7.105427357601002e-14,0.0,0.04133735377416903,-0.6172252487828249,71.10835077411774,-63.70001399999998,9.60028108060122,71.08830445841471,-62.4500158716601,0.0,1,-3.552713678800501e-14
3.275,3275000,rear_pair_shake_3_return,0.0,0.0,72.94629925130474,0.9911133999486796,0.0,0.13301965434539556,0.0,0.0,0.0,72.94629925130474,37.82261585742711,4.279999535574717,0,feet,0.0,-0.3993008038953465,-0.17966507871328696,-37.83467704513794,63.70001399999999,9.599996016899283,-37.822615857427024,61.526035193091204,0.0,1,-1.4210854715202004e-14,0.0,-0.3993008038953434,-0.1796650984022734,-37.83467704513811,-63.70001399999998,9.599996016899318,-37.8226158574272,-61.526035193091204,0.0,1,2.1316282072803006e-14,0.0,0.04157665275792999,-0.6170988710675585,71.10820281152304,63.70001399999999,9.600281388421216,71.0883044584149,62.4500158716601,0.0,1,-2.842170943040401e-14,0.0,0.04157665275793354,-0.6170988710675558,71.1082028115229,-63.70001399999998,9.600281388421237,71.08830445841471,-62.4500158716601,0.0,1,0.0
3.283333333333333,3283333,rear_pair_shake_3_return,0.0,0.0,72.92621258609238,0.9911310454528746,0.0,0.1328881136125119,0.0,0.0,0.0,72.92621258609238,37.82261585742711,4.282577753420469,0,feet,0.0,-0.3983034752214287,-0.18005165137438883,-37.84012413391086,63.70001399999999,9.599987627960068,-37.822615857427024,61.526035193091204,0.0,1,2.1316282072803006e-14,0.0,-0.3983034752214265,-0.18005167110238984,-37.84012413391102,-63.70001399999998,9.599987627960033,-37.8226158574272,-61.526035193091204,0.0,1,-1.4210854715202004e-14,0.0,0.04202268006904264,-0.6168632704909465,71.10792688755512,63.70001399999999,9.600281956359296,71.0883044584149,62.4500158716601,0.0,1,-2.842170943040401e-14,0.0,0.042022680069047524,-0.6168632704909434,71.10792688755497,-63.70001399999998,9.60028195635934,71.08830445841471,-62.4500158716601,0.0,1,1.4210854715202004e-14
3.2916666666666665,3291667,rear_pair_shake_3_return,0.0,0.0,72.8945546725076,0.9911588204946326,0.0,0.13268079196209487,0.0,0.0,0.0,72.8945546725076,37.82261585742711,4.286651012841332,0,feet,0.0,-0.39673318841622685,-0.18065936230906,-37.84869880190004,63.70001399999999,9.59996816019406,-37.822615857427024,61.526035193091204,0.0,1,3.552713678800501e-14,0.0,-0.3967331884162233,-0.18065938209836885,-37.84869880190027,-63.70001399999998,9.599968160194031,-37.8226158574272,-61.526035193091204,0.0,1,7.105427357601002e-15,0.0,0.042725488459199656,-0.616491910858564,71.10749174729027,63.70001399999999,9.600282835899606,71.0883044584149,62.4500158716601,0.0,1,-3.552713678800501e-14,0.0,0.04272548845920321,-0.6164919108585623,71.10749174729015,-63.70001399999998,9.600282835899648,71.08830445841471,-62.4500158716601,0.0,1,0.0
3.3,3300000,rear_pair_shake_3_return,0.0,0.0,72.84946125386821,0.9911983082847965,0.0,0.13238547372486706,0.0,0.0,0.0,72.84946125386821,37.907559637169165,4.292473680025978,0,feet,0.0,-0.39449937328580376,-0.18152206078008737,-37.86089336519753,63.70001399999999,9.599945289490819,-37.907559637169115,62.45001590766261,0.0,1,4.263256414560601e-14,0.0,-0.3944993732858024,-0.18152208065637643,-37.860893365197626,-63.70001399999998,9.599945289490805,-37.907559637169214,-62.45001590766262,0.0,1,2.842170943040401e-14,0.0,0.04372622779336455,-0.6159628684993184,71.10687137073145,63.70001399999999,9.60028405575018,71.0883044584149,62.4500158716601,0.0,1,2.1316282072803006e-14,0.0,0.0437262277933681,-0.6159628684993157,71.10687137073126,-63.70001399999998,9.600284055750159,71.08830445841471,-62.4500158716601,0.0,1,0.0
3.308333333333333,3308333,rear_pair_shake_3_return,0.0,0.0,72.78944389181521,0.99125072830931,0.0,0.13199239988068417,0.0,0.0,0.0,72.78944389181521,37.907559637169165,4.300261153637152,0,feet,0.0,-0.39152957100578467,-0.18266661385632643,-37.87710158874516,63.70001399999999,9.600010396319476,-37.907559637169115,62.45001590766261,0.0,1,-7.105427357601002e-15,0.0,-0.39152957100578334,-0.18266663384791837,-37.87710158874526,-63.70001399999998,9.600010396319476,-37.907559637169214,-62.45001590766262,0.0,1,-7.105427357601002e-15,0.0,0.04505755104442777,-0.6152585929681451,71.10604464122375,63.70001399999999,9.600285619044797,71.0883044584149,62.4500158716601,0.0,1,4.263256414560601e-14,0.0,0.045057551044431765,-0.6152585929681433,71.10604464122356,-63.70001399999998,9.600285619044776,71.08830445841471,-62.4500158716601,0.0,1,2.1316282072803006e-14
3.316666666666667,3316667,rear_pair_shake_3_return,0.0,0.0,72.71337018640101,0.9913169481629043,0.0,0.1314941378350599,0.0,0.0,0.0,72.71337018640101,37.907559637169165,4.310193902242986,0,feet,0.0,-0.38777496361250163,-0.184107746134198,-37.89758220517355,63.70001399999999,9.600053528653206,-37.907559637169115,62.45001590766261,0.0,1,7.105427357601002e-15,0.0,-0.3877749636124994,-0.1841077662708166,-37.89758220517366,-63.70001399999998,9.600053528653234,-37.907559637169214,-62.45001590766262,0.0,1,3.552713678800501e-14,0.0,0.046744028423741035,-0.6143656700316877,71.10499502375569,63.70001399999999,9.600287501234135,71.0883044584149,62.4500158716601,0.0,1,0.0,0.0,0.04674402842374592,-0.6143656700316846,71.10499502375549,-63.70001399999998,9.60028750123417,71.08830445841471,-62.4500158716601,0.0,1,3.552713678800501e-14
3.325,3325000,rear_pair_shake_3_return,0.0,0.0,72.62044399617778,0.9913974977650946,0.0,0.13088545154106837,0.0,0.0,0.0,72.62044399617778,37.907559637169165,4.322420823180238,0,feet,0.0,-0.38320311415533137,-0.18585372919030574,-37.922504181617256,63.70001399999999,9.60004708127768,-37.907559637169115,62.45001590766261,0.0,1,4.973799150320701e-14,0.0,-0.3832031141553296,-0.1858537495024004,-37.92250418161738,-63.70001399999998,9.600047081277658,-37.907559637169214,-62.45001590766262,0.0,1,2.842170943040401e-14,0.0,0.04880257225662854,-0.613274587612767,71.10371025688394,63.70001399999999,9.600289648895881,71.0883044584149,62.4500158716601,0.0,1,7.105427357601002e-15,0.0,0.04880257225663209,-0.6132745876127652,71.1037102568838,-63.70001399999998,9.60028964889591,71.08830445841471,-62.4500158716601,0.0,1,4.263256414560601e-14
3.3333333333333335,3333333,rear_pair_shake_3_return,0.0,0.0,72.51018565828565,0.9914925862820565,0.0,0.1301631720100531,0.0,0.0,0.0,72.51018565828565,37.96451706589195,4.337061833125105,0,feet,0.0,-0.3777981315297758,-0.1879057987275492,-37.951944509679976,63.70001399999999,9.59999110992728,-37.964517065891904,60.5174807372033,0.0,1,0.0,0.0,-0.3777981315297736,-0.18790581924556582,-37.951944509680104,-63.70001399999998,9.599991109927295,-37.96451706589199,-60.5174807372033,0.0,1,1.4210854715202004e-14,0.0,0.051242874062206845,-0.6119795050389651,71.10218206072182,63.70001399999999,9.600291979595085,71.0883044584149,62.4500158716601,0.0,1,-1.4210854715202004e-14,0.0,0.05124287406221084,-0.611979505038962,71.10218206072163,-63.70001399999998,9.60029197959507,71.08830445841471,-62.4500158716601,0.0,1,-2.842170943040401e-14
3.341666666666667,3341667,rear_pair_shake_3_return,0.0,0.0,72.38241220854094,0.9916021218606237,0.0,0.12932606822102324,0.0,0.0,0.0,72.38241220854094,37.966132429531505,4.3542096639877315,0,feet,0.0,-0.37155811563942276,-0.190259860440134,-37.985904358923506,63.70001399999999,9.599975725579228,-37.96613242953148,60.91776836540593,0.0,1,1.4210854715202004e-14,0.0,-0.3715581156394214,-0.19025988119395576,-37.98590435892357,-63.70001399999998,9.599975725579228,-37.96613242953153,-60.91776836540592,0.0,1,7.105427357601002e-15,0.0,0.05406785431700856,-0.6104780256372457,71.1004058625282,63.70001399999999,9.600294382847963,71.0883044584149,62.4500158716601,0.0,1,0.0,0.0,0.05406785431701211,-0.6104780256372444,71.10040586252806,-63.70001399999998,9.600294382847999,71.08830445841471,-62.4500158716601,0.0,1,3.552713678800501e-14
3.35,3350000,rear_pair_shake_3_return,0.0,0.0,72.23721760152446,0.9917257340985088,0.0,0.1283747184097151,0.0,0.0,0.0,72.23721760152446,38.01778033223511,4.373930891400036,0,feet,0.0,-0.3644978094809086,-0.1929038655069646,-38.024290243467746,63.70001399999999,9.600001908520213,-38.01778033223508,60.30112636803076,0.0,1,-7.105427357601002e-15,0.0,-0.36449780948090726,-0.19290388652510204,-38.0242902434678,-63.70001399999998,9.600001908520227,-38.017780332235155,-60.301126368030765,0.0,1,7.105427357601002e-15,0.0,0.057274124561636164,-0.6087709724490793,71.09838054080882,63.70001399999999,9.60029672217938,71.0883044584149,62.4500158716601,0.0,1,4.263256414560601e-14,0.0,0.05727412456164016,-0.6087709724490766,71.09838054080868,-63.70001399999998,9.600296722179337,71.08830445841471,-62.4500158716601,0.0,1,0.0
3.3583333333333334,3358333,rear_pair_shake_3_return,0.0,0.0,72.07495293066972,0.9918627990256866,0.0,0.12731138169437328,0.0,0.0,0.0,72.07495293066972,38.0671424172509,4.396266267203075,0,feet,0.0,-0.3566466537345008,-0.19581905511346953,-38.06692590094339,63.70001399999999,9.600004018031015,-38.06714241725086,60.147888072357176,0.0,1,-2.1316282072803006e-14,0.0,-0.35664665373449855,-0.19581907642238328,-38.06692590094346,-63.70001399999998,9.600004018031065,-38.06714241725094,-60.147888072357176,0.0,1,2.842170943040401e-14,0.0,0.06085246083903595,-0.6068621666166636,71.09610818835787,63.70001399999999,9.600298838219743,71.0883044584149,62.4500158716601,0.0,1,3.552713678800501e-14,0.0,0.060852460839039946,-0.6068621666166605,71.0961081883577,-63.70001399999998,9.600298838219736,71.08830445841471,-62.4500158716601,0.0,1,2.842170943040401e-14
3.3666666666666667,3366667,rear_pair_shake_3_return,0.0,0.0,71.89620664835124,0.9920124662534671,0.0,0.12613986997660162,0.0,0.0,0.0,71.89620664835124,38.1137169399299,4.421230462194558,0,feet,0.0,-0.3480439498753789,-0.19898365732678203,-38.11358229675932,63.70001399999999,9.600005934166028,-38.11371693992986,59.97422398009301,0.0,1,0.0,0.0,-0.34804394987537757,-0.1989836789505839,-38.11358229675939,-63.70001399999998,9.600005934166035,-38.11371693992994,-59.974223980093,0.0,1,7.105427357601002e-15,0.0,0.06478828692158389,-0.6047582078172962,71.09359389423497,63.70001399999999,9.600300552753112,71.0883044584149,62.4500158716601,0.0,1,-3.552713678800501e-14,0.0,0.06478828692158789,-0.6047582078172944,71.0935938942348,-63.70001399999998,9.60030055275314,71.08830445841471,-62.4500158716601,0.0,1,-7.105427357601002e-15
3.375,3375000,rear_pair_shake_3_return,0.0,0.0,71.7017847859727,0.9921736878579662,0.0,0.12486542004223217,0.0,0.0,0.0,71.7017847859727,38.13673231496155,4.4488113513002645,0,feet,0.0,-0.3387407348789693,-0.2023709328167942,-38.16396481027772,63.70001399999999,9.599965584124945,-38.13673231496151,61.901740917708295,0.0,1,1.4210854715202004e-14,0.0,-0.3387407348789684,-0.20237095477676537,-38.163964810277776,-63.70001399999998,9.59996558412493,-38.136732314961584,-61.901740917708295,0.0,1,0.0,0.0,0.06906216538199361,-0.6024682560035353,71.0908455441998,63.70001399999999,9.600301673604136,71.0883044584149,62.4500158716601,0.0,1,-2.1316282072803006e-14,0.0,0.06906216538199716,-0.6024682560035326,71.09084554419967,-63.70001399999998,9.60030167360415,71.08830445841471,-62.4500158716601,0.0,1,0.0
3.3833333333333333,3383333,rear_pair_shake_3_return,0.0,0.0,71.49269117405532,0.9923452485012751,0.0,0.12349456577899526,0.0,0.0,0.0,71.49269117405532,38.193110074496275,4.4789689907247805,0,feet,0.0,-0.32879416845268583,-0.20595353496148983,-38.217747919038615,63.70001399999999,9.599970223064162,-38.19311007449625,61.154281506932776,0.0,1,-7.105427357601002e-15,0.0,-0.3287941684526854,-0.20595355727604092,-38.21774791903863,-63.70001399999998,9.599970223064169,-38.193110074496296,-61.154281506932776,0.0,1,0.0,0.0,0.07365029427988157,-0.6000038136431094,71.0878736385725,63.70001399999999,9.60030200023511,71.0883044584149,62.4500158716601,0.0,1,1.4210854715202004e-14,0.0,0.07365029427988512,-0.6000038136431072,71.08787363857238,-63.70001399999998,9.600302000235125,71.08830445841471,-62.4500158716601,0.0,1,2.842170943040401e-14
3.3916666666666666,3391667,rear_pair_shake_3_return,0.0,0.0,71.27010766232603,0.9925257962545202,0.0,0.12203501042459379,0.0,0.0,0.0,71.27010766232603,38.3501791123996,4.5116344460684985,0,feet,0.0,-0.3182773065051192,-0.20969501893088927,-38.27450970055139,63.70001399999999,9.599703799467015,-38.35017911239958,59.93398274193727,0.0,1,-7.105427357601002e-15,0.0,-0.3182773065051192,-0.20969504161468322,-38.27450970055136,-63.70001399999998,9.599703799467008,-38.350179112399616,-59.93398274193727,0.0,1,-1.4210854715202004e-14,0.0,0.07852500706159571,-0.5973785076432003,71.08469112582638,63.70001399999999,9.600301329914188,71.0883044584149,62.4500158716601,0.0,1,4.263256414560601e-14,0.0,0.0785250070615997,-0.5973785076431977,71.08469112582618,-63.70001399999998,9.600301329914146,71.08830445841471,-62.4500158716601,0.0,1,0.0
3.4,3400000,rear_pair_shake_3_return,0.0,0.0,71.03537433980571,0.9927138735700902,0.0,0.12049549876018975,0.0,0.0,0.0,71.03537433980571,38.3501791123996,4.5467086325304535,0,feet,0.0,-0.3072454668905955,-0.21357733268383994,-38.33395616816197,63.70001399999999,9.599988318402858,-38.35017911239958,59.93398274193727,0.0,1,7.105427357601002e-15,0.0,-0.3072454668905946,-0.2135773557496381,-38.33395616816201,-63.70001399999998,9.599988318402865,-38.350179112399616,-59.93398274193727,0.0,1,7.105427357601002e-15,0.0,0.08365527319556776,-0.5946078701847539,71.08131324946561,63.70001399999999,9.600299464304285,71.0883044584149,62.4500158716601,0.0,1,0.0,0.0,0.0836552731955722,-0.5946078701847521,71.08131324946544,-63.70001399999998,9.600299464304342,71.08830445841471,-62.4500158716601,0.0,1,5.684341886080802e-14
3.408333333333333,3408333,rear_pair_shake_3_return,0.0,0.0,70.78996975489753,0.9929079478534923,0.0,0.11888568916975062,0.0,0.0,0.0,70.78996975489753,38.41959726546888,4.584061323905345,0,feet,0.0,-0.2957936241586374,-0.2175528560357498,-38.395539035719125,63.70001399999999,9.599967841425148,-38.41959726546886,60.73948086590802,0.0,1,3.552713678800501e-14,0.0,-0.2957936241586374,-0.21755287949153912,-38.39553903571917,-63.70001399999998,9.599967841425098,-38.4195972654689,-60.73948086590802,0.0,1,-1.4210854715202004e-14,0.0,0.08900719707911664,-0.5917091177776017,71.07775740492214,63.70001399999999,9.60029621631471,71.0883044584149,62.4500158716601,0.0,1,1.4210854715202004e-14,0.0,0.08900719707912019,-0.5917091177775999,71.07775740492197,-63.70001399999998,9.600296216314646,71.08830445841471,-62.4500158716601,0.0,1,-4.973799150320701e-14
3.4166666666666665,3416667,rear_pair_shake_3_return,0.0,0.0,70.53549113547508,0.9931064411065247,0.0,0.11721602549452365,0.0,0.0,0.0,70.53549113547508,38.46260664123572,4.623530476961449,0,feet,0.0,-0.2839950869544121,-0.22159501200210752,-38.45885743826547,63.70001399999999,9.600000080237265,-38.46260664123571,61.53205098050341,0.0,1,0.0,0.0,-0.28399508695441167,-0.22159503585320683,-38.45885743826552,-63.70001399999998,9.600000080237244,-38.462606641235745,-61.53205098050341,0.0,1,-2.1316282072803006e-14,0.0,0.09454451284563348,-0.5887009279683255,71.07404300237584,63.70001399999999,9.60029141704534,71.0883044584149,62.4500158716601,0.0,1,-4.973799150320701e-14,0.0,0.09454451284563836,-0.5887009279683229,71.07404300237567,-63.70001399999998,9.600291417045383,71.08830445841471,-62.4500158716601,0.0,1,-7.105427357601002e-15
3.425,3425000,rear_pair_shake_3_return,0.0,0.0,70.27363460897075,0.9933077581506566,0.0,0.11549760862336786,0.0,0.0,0.0,70.27363460897075,38.51140737958346,4.664922002844577,0,feet,0.0,-0.27193479016655786,-0.2256701595689572,-38.52344043437029,63.70001399999999,9.599995182890545,-38.51140737958343,60.43318737930498,0.0,1,-7.105427357601002e-15,0.0,-0.27193479016655697,-0.22567018381736315,-38.523440434370336,-63.70001399999998,9.599995182890552,-38.51140737958348,-60.43318737930498,0.0,1,0.0,0.0,0.10022907286391947,-0.5856032132803186,71.07019133062566,63.70001399999999,9.6002849226429,71.0883044584149,62.4500158716601,0.0,1,-4.263256414560601e-14,0.0,0.10022907286392346,-0.585603213280316,71.07019133062552,-63.70001399999998,9.600284922642913,71.08830445841471,-62.4500158716601,0.0,1,-2.842170943040401e-14
3.433333333333333,3433333,rear_pair_shake_3_return,0.0,0.0,70.0061754224639,0.9935103129906213,0.0,0.11374206777300006,0.0,0.0,0.0,70.0061754224639,38.595339628814166,4.708010098317189,0,feet,0.0,-0.2596961895479386,-0.2297481141147344,-38.58883090994415,63.70001399999999,9.600004419874239,-38.59533962881415,59.93915928862313,0.0,1,2.1316282072803006e-14,0.0,-0.25969618954793816,-0.22974813875949973,-38.588830909944164,-63.70001399999998,9.600004419874239,-38.59533962881418,-59.93915928862313,0.0,1,2.842170943040401e-14,0.0,0.10602132794488206,-0.5824368921291176,71.06622541648284,63.70001399999999,9.600276620870396,71.0883044584149,62.4500158716601,0.0,1,-2.1316282072803006e-14,0.0,0.10602132794488695,-0.582436892129115,71.06622541648265,-63.70001399999998,9.600276620870432,71.08830445841471,-62.4500158716601,0.0,1,1.4210854715202004e-14
3.441666666666667,3441667,rear_pair_shake_3_return,0.0,0.0,69.7349481627691,0.993712552941193,0.0,0.1119614314266158,0.0,0.0,0.0,69.7349481627691,38.62809827516551,4.752538227846443,0,feet,0.0,-0.24736538559597143,-0.23379825947699384,-38.65456021159619,63.70001399999999,9.59996676050924,-38.628098275165506,60.000671282292835,0.0,1,2.1316282072803006e-14,0.0,-0.247365385595971,-0.2337982845142168,-38.654560211596205,-63.70001399999998,9.599966760509247,-38.62809827516552,-60.00067128229284,0.0,1,2.842170943040401e-14,0.0,0.11188079754600944,-0.5792236566251021,71.06216987368796,63.70001399999999,9.600266437177915,71.0883044584149,62.4500158716601,0.0,1,-7.105427357601002e-15,0.0,0.11188079754601388,-0.5792236566251003,71.06216987368784,-63.70001399999998,9.600266437177993,71.08830445841471,-62.4500158716601,0.0,1,7.105427357601002e-14
3.45,3450000,rear_pair_shake_3_return,0.0,0.0,69.46182697652446,0.9939129802128576,0.0,0.11016799791407572,0.0,0.0,0.0,69.46182697652446,38.788489321948894,4.798220823723071,0,feet,0.0,-0.23502934237780293,-0.23779078137663445,-38.72015359176646,63.70001399999999,9.599757101260117,-38.788489321948894,61.16236294898136,0.0,1,1.4210854715202004e-14,0.0,-0.23502934237780293,-0.23779080679957687,-38.72015359176646,-63.70001399999998,9.599757101260117,-38.788489321948894,-61.162362948981354,0.0,1,1.4210854715202004e-14,0.0,0.11776652858212833,-0.575985737339864,71.05805073513476,63.70001399999999,9.600254340044941,71.0883044584149,62.4500158716601,0.0,1,1.4210854715202004e-14,0.0,0.11776652858213277,-0.5759857373398609,71.05805073513457,-63.70001399999998,9.600254340044877,71.08830445841471,-62.4500158716601,0.0,1,-4.973799150320701e-14
3.4583333333333335,3458333,rear_pair_shake_3_return,0.0,0.0,69.18870579027983,0.9941101707325026,0.0,0.10837420563120381,0.0,0.0,0.0,69.18870579027983,38.8305943634513,4.844745746409259,0,feet,0.0,-0.22275544891735333,-0.24171267721654477,-38.78527378430655,63.70001399999999,9.600192877693303,-38.8305943634513,63.70001591859285,0.0,1,0.0,0.0,-0.22275544891735333,-0.24171270301727876,-38.78527378430655,-63.70001399999998,9.600192877693303,-38.8305943634513,-63.70001591859284,0.0,1,0.0,0.0,0.12363754180351583,-0.5727456652624201,71.05389526225946,63.70001399999999,9.600240345352987,71.0883044584149,62.4500158716601,0.0,1,-2.1316282072803006e-14,0.0,0.12363754180351982,-0.5727456652624183,71.05389526225932,-63.70001399999998,9.60024034535303,71.08830445841471,-62.4500158716601,0.0,1,2.1316282072803006e-14
3.466666666666667,3466667,rear_pair_shake_3_return,0.0,0.0,68.91747853058503,0.9943027900612411,0.0,0.10659250290912355,0.0,0.0,0.0,68.91747853058503,38.8305943634513,4.891777522012845,0,feet,0.0,-0.21064432203512728,-0.24552425088458607,-38.84936585460717,63.70001399999999,9.600281499775285,-38.8305943634513,63.70001591859285,0.0,1,2.842170943040401e-14,0.0,-0.21064432203512728,-0.24552427705144764,-38.84936585460721,-63.70001399999998,9.600281499775264,-38.8305943634513,-63.70001591859284,0.0,1,7.105427357601002e-15,0.0,0.1294532650809228,-0.5695260312988979,71.04973172585832,63.70001399999999,9.600224519542593,71.0883044584149,62.4500158716601,0.0,1,0.0,0.0,0.12945326508092725,-0.5695260312988952,71.0497317258582,-63.70001399999998,9.600224519542628,71.08830445841471,-62.4500158716601,0.0,1,3.552713678800501e-14
3.475,3475000,rear_pair_shake_3_return,0.0,0.0,68.65001934407817,0.9944896063609158,0.0,0.10483521755646191,0.0,0.0,0.0,68.65001934407817,38.906437467335884,4.938961348920834,0,feet,0.0,-0.19876939053374798,-0.2492083158451046,-38.91204983823289,63.70001399999999,9.600299158372913,-38.90643746733589,63.70001591889352,0.0,1,3.552713678800501e-14,0.0,-0.19876939053374798,-0.24920834236488432,-38.9120498382329,-63.70001399999998,9.600299158372891,-38.906437467335884,-63.70001591889351,0.0,1,1.4210854715202004e-14,0.0,0.13517395333303428,-0.5663492437679563,71.04558915334007,63.70001399999999,9.600206981312269,71.0883044584149,62.4500158716601,0.0,1,4.263256414560601e-14,0.0,0.13517395333303783,-0.5663492437679536,71.04558915333996,-63.70001399999998,9.600206981312262,71.08830445841471,-62.4500158716601,0.0,1,3.552713678800501e-14
3.4833333333333334,3483333,rear_pair_shake_3_return,0.0,0.0,68.38816281757384,0.9946695004515623,0.0,0.10311442610730799,0.0,0.0,0.0,68.38816281757384,38.95415336597854,4.985927841875217,0,feet,0.0,-0.18720546484242728,-0.25274604885134977,-38.97293959047196,63.70001399999999,9.600283250434522,-38.95415336597854,63.700015919036375,0.0,1,7.105427357601002e-15,0.0,-0.18720546484242728,-0.2527460757091484,-38.97293959047196,-63.70001399999998,9.600283250434522,-38.95415336597854,-63.700015919036375,0.0,1,7.105427357601002e-15,0.0,0.14076109523668956,-0.5632372844097389,71.04149703849167,63.70001399999999,9.600187901638378,71.0883044584149,62.4500158716601,0.0,1,0.0,0.0,0.140761095236694,-0.5632372844097358,71.0414970384915,-63.70001399999998,9.600187901638364,71.08830445841471,-62.4500158716601,0.0,1,-1.4210854715202004e-14
3.4916666666666667,3491667,rear_pair_shake_3_return,0.0,0.0,68.1336841981514,0.9948414730919752,0.0,0.10144182281578269,0.0,0.0,0.0,68.1336841981514,39.00664531212462,5.03229845971498,0,feet,0.0,-0.1760236473202288,-0.2561207816658162,-39.0316719273928,63.70001399999999,9.600266044142884,-39.00664531212462,63.700015919151575,0.0,1,-1.4210854715202004e-14,0.0,-0.1760236473202288,-0.25612080884526334,-39.03167192739279,-63.70001399999998,9.600266044142913,-39.00664531212462,-63.70001591915158,0.0,1,1.4210854715202004e-14,0.0,0.14617792935499319,-0.5602115476212912,71.03748423073638,63.70001399999999,9.600175918670303,70.98809975587952,62.45001586773867,0.0,1,7.105427357601002e-15,0.0,0.14617792935499674,-0.5602115476212881,71.03748423073627,-63.70001399999998,9.60017591867026,70.98809975587932,-62.45001586773867,0.0,1,-3.552713678800501e-14
3.5,3500000,rear_pair_shake_3_return,0.0,0.0,67.88827961324321,0.9950046497023557,0.0,0.09982858844385387,0.0,0.0,0.0,67.88827961324321,39.08636250461428,5.077691543124331,0,feet,0.0,-0.1652957186993662,-0.25931396184296185,-39.08787640403779,63.70001399999999,9.600005264711427,-39.08636250461427,59.94669713257886,0.0,1,7.105427357601002e-15,0.0,-0.1652957186993662,-0.25931398932604477,-39.08787640403779,-63.70001399999998,9.600005264711427,-39.086362504614286,-59.94669713257886,0.0,1,7.105427357601002e-15,0.0,0.1513899302996502,-0.5572926654156065,71.03357788271953,63.70001399999999,9.600195218627285,70.98809975587952,62.45001586773867,0.0,1,5.684341886080802e-14,0.0,0.15138993029965464,-0.5572926654156034,71.03357788271937,-63.70001399999998,9.600195218627292,70.98809975587932,-62.45001586773867,0.0,1,6.394884621840902e-14
3.5083333333333333,3508333,rear_pair_shake_3_return,0.0,0.0,67.6535462907229,0.9951582828296252,0.0,0.09828525889263237,0.0,0.0,0.0,67.6535462907229,39.1362986664566,5.121728871409729,0,feet,0.0,-0.15507463881065853,-0.26232041735692535,-39.14130382317957,63.70001399999999,9.600002265331113,-39.1362986664566,59.9925097393973,0.0,1,7.105427357601002e-15,0.0,-0.15507463881065853,-0.2623204451252641,-39.14130382317957,-63.70001399999998,9.600002265331113,-39.1362986664566,-59.99250973939729,0.0,1,7.105427357601002e-15,0.0,0.15636411623559576,-0.5544995316399421,71.02980989913164,63.70001399999999,9.600212328887494,70.98809975587952,62.45001586773867,0.0,1,-2.1316282072803006e-14,0.0,0.15636411623559932,-0.5544995316399404,71.02980989913151,-63.70001399999998,9.600212328887508,70.98809975587932,-62.45001586773867,0.0,1,-7.105427357601002e-15
3.5166666666666666,3516667,rear_pair_shake_3_return,0.0,0.0,67.4309627789936,0.9953017527301895,0.0,0.09682159372894368,0.0,0.0,0.0,67.4309627789936,39.196043037650426,5.164042632880324,0,feet,0.0,-0.14542190695851476,-0.26512565750037353,-39.19164444349033,63.70001399999999,9.599996116127251,-39.19604303765043,65.90477742429005,0.0,1,4.263256414560601e-14,0.0,-0.1454219069585152,-0.26512568553433535,-39.19164444349032,-63.70001399999998,9.599996116127244,-39.19604303765042,-65.90477742429005,0.0,1,3.552713678800501e-14,0.0,0.16107073658025284,-0.5518499681058224,71.02620795993974,63.70001399999999,9.600227302546458,70.98809975587952,62.45001586773867,0.0,1,5.684341886080802e-14,0.0,0.16107073658025728,-0.5518499681058184,71.02620795993953,-63.70001399999998,9.600227302546351,70.98809975587932,-62.45001586773867,0.0,1,-4.973799150320701e-14
3.525,3525000,rear_pair_shake_3_return,0.0,0.0,67.22186916707622,0.9954345665095287,0.0,0.09544644465870253,0.0,0.0,0.0,67.22186916707622,39.31224530303281,5.204282692062847,0,feet,0.0,-0.13638749409600281,-0.26772168824373566,-39.23865680628187,63.70001399999999,9.600013467945338,-39.31224530303281,63.70001591896379,0.0,1,2.842170943040401e-14,0.0,-0.13638749409600237,-0.2677217165230483,-39.23865680628188,-63.70001399999998,9.600013467945338,-39.31224530303282,-63.7000159189638,0.0,1,2.842170943040401e-14,0.0,0.165483142481071,-0.5493601463349052,71.0227981670962,63.70001399999999,9.600240232204285,70.98809975587952,62.45001586773867,0.0,1,4.263256414560601e-14,0.0,0.16548314248107543,-0.549360146334902,71.02279816709601,-63.70001399999998,9.6002402322043,70.98809975587932,-62.45001586773867,0.0,1,5.684341886080802e-14
3.533333333333333,3533333,rear_pair_shake_3_return,0.0,0.0,67.02744730469769,0.9955563563107793,0.0,0.09416762399681014,0.0,0.0,0.0,67.02744730469769,39.31224530303281,5.24212402892438,0,feet,0.0,-0.12801149509678256,-0.2701050230219364,-39.28215830807426,63.70001399999999,9.60024836263728,-39.31224530303281,63.70001591896379,0.0,1,0.0,0.0,-0.12801149509678256,-0.27010505152611053,-39.28215830807426,-63.70001399999998,9.60024836263728,-39.31224530303282,-63.7000159189638,0.0,1,0.0,0.0,0.16957813871556615,-0.5470443450204758,71.01960453630097,63.70001399999999,9.600251243826143,70.98809975587952,62.45001586773867,0.0,1,4.263256414560601e-14,0.0,0.1695781387155706,-0.5470443450204723,71.01960453630082,-63.70001399999998,9.600251243826108,70.98809975587932,-62.45001586773867,0.0,1,7.105427357601002e-15
3.5416666666666665,3541667,rear_pair_shake_3_return,0.0,0.0,66.8487010223792,0.9956668770832903,0.0,0.09299177318025585,0.0,0.0,0.0,66.8487010223792,39.326713466059246,5.277274220657546,0,feet,0.0,-0.12033724154828951,-0.27226568209636337,-39.3219343575276,63.70001399999999,9.600304298330272,-39.32671346605923,63.700015918920016,0.0,1,-2.1316282072803006e-14,0.0,-0.12033724154828906,-0.2722657108040698,-39.32193435752763,-63.70001399999998,9.600304298330258,-39.32671346605926,-63.700015918920016,0.0,1,-3.552713678800501e-14,0.0,0.17333633347235144,-0.5449147088038568,71.01664847034804,63.70001399999999,9.60026048952195,70.98809975587952,62.45001586773867,0.0,1,7.105427357601002e-15,0.0,0.17333633347235589,-0.5449147088038542,71.01664847034789,-63.70001399999998,9.600260489522,70.98809975587932,-62.45001586773867,0.0,1,5.684341886080802e-14
3.55,3550000,rear_pair_shake_3_return,0.0,0.0,66.68643635152446,0.9957660044847679,0.0,0.09192423136714856,0.0,0.0,0.0,66.68643635152446,39.326713466059246,5.309480835553302,0,feet,0.0,-0.11339141964816069,-0.27420268071031373,-39.35786780393677,63.70001399999999,9.600254937638312,-39.32671346605923,63.700015918920016,0.0,1,-7.105427357601002e-15,0.0,-0.11339141964815935,-0.2742027096002295,-39.35786780393681,-63.70001399999998,9.600254937638361,-39.32671346605926,-63.700015918920016,0.0,1,4.263256414560601e-14,0.0,0.1767424885577875,-0.5429810084131228,71.01394822322263,63.70001399999999,9.600268139615125,70.98809975587952,62.45001586773867,0.0,1,-4.263256414560601e-14,0.0,0.17674248855779195,-0.5429810084131197,71.01394822322249,-63.70001399999998,9.600268139615146,70.98809975587932,-62.45001586773867,0.0,1,-1.4210854715202004e-14
3.558333333333333,3558333,rear_pair_shake_3_return,0.0,0.0,66.54124174450799,0.9958537334749349,0.0,0.09096890415979218,0.0,0.0,0.0,66.54124174450799,39.326713466059246,5.338538611224465,0,feet,0.0,-0.10719329317881732,-0.27591602219538514,-39.38987758772274,63.70001399999999,9.600097695031657,-39.32671346605923,63.700015918920016,0.0,1,7.105427357601002e-15,0.0,-0.10719329317881643,-0.27591605124626906,-39.38987758772278,-63.70001399999998,9.600097695031664,-39.32671346605926,-63.700015918920016,0.0,1,1.4210854715202004e-14,0.0,0.1797858726086221,-0.5412504021209981,71.01151836491172,63.70001399999999,9.600274374439785,70.98809975587952,62.45001586773867,0.0,1,7.105427357601002e-15,0.0,0.17978587260862566,-0.5412504021209954,71.01151836491154,-63.70001399999998,9.600274374439763,70.98809975587932,-62.45001586773867,0.0,1,-7.105427357601002e-15
3.566666666666667,3566667,rear_pair_shake_3_return,0.0,0.0,66.41346829476328,0.9959301781424209,0.0,0.09012813248484525,0.0,0.0,0.0,66.41346829476328,39.440267170544374,5.364296296178637,0,feet,0.0,-0.1017500862372569,-0.2774099038107414,-39.41794684718931,63.70001399999999,9.599972529889278,-39.44026717054437,60.74619282880431,0.0,1,2.1316282072803006e-14,0.0,-0.1017500862372569,-0.27740993300182293,-39.41794684718931,-63.70001399999998,9.599972529889278,-39.44026717054439,-60.74619282880431,0.0,1,2.1316282072803006e-14,0.0,0.18246061982984507,-0.5397271984064154,71.00936925717569,63.70001399999999,9.600279376356163,70.98809975587952,62.45001586773867,0.0,1,4.973799150320701e-14,0.0,0.18246061982984996,-0.5397271984064123,71.00936925717549,-63.70001399999998,9.600279376356184,70.98809975587932,-62.45001586773867,0.0,1,7.105427357601002e-14
3.575,3575000,rear_pair_shake_3_return,0.0,0.0,66.30320995687114,0.9959955732677542,0.0,0.08940256165814095,0.0,0.0,0.0,66.30320995687114,39.440267170544374,5.386663044790126,0,feet,0.0,-0.09705913544944478,-0.27869042379138564,-39.44210862622213,63.70001399999999,9.599998301067771,-39.44026717054437,60.74619282880431,0.0,1,0.0,0.0,-0.09705913544944478,-0.2786904531025285,-39.44210862622213,-63.70001399999998,9.599998301067771,-39.44026717054439,-60.74619282880431,0.0,1,0.0,0.0,0.1847660966076945,-0.5384126196546073,71.00750655023924,63.70001399999999,9.60028332249135,70.98809975587952,62.45001586773867,0.0,1,-5.684341886080802e-14,0.0,0.18476609660769938,-0.5384126196546042,71.00750655023904,-63.70001399999998,9.600283322491393,70.98809975587932,-62.45001586773867,0.0,1,-1.4210854715202004e-14
3.5833333333333335,3583333,rear_pair_shake_3_return,0.0,0.0,66.21028376664792,0.9960502780616632,0.0,0.08879101065582838,0.0,0.0,0.0,66.21028376664792,39.45938243187273,5.405614271501207,0,feet,0.0,-0.09311198423852396,-0.27976185024200895,-39.4624161176723,63.70001399999999,9.599997526012132,-39.45938243187271,60.73333348422281,0.0,1,-7.105427357601002e-15,0.0,-0.09311198423852396,-0.27976187965352795,-39.46241611767233,-63.70001399999998,9.599997526012096,-39.459382431872754,-60.73333348422281,0.0,1,-4.263256414560601e-14,0.0,0.1867072780595671,-0.5373045667057998,71.00593070944608,63.70001399999999,9.600286378690392,70.98809975587952,62.45001586773867,0.0,1,-3.552713678800501e-14,0.0,0.186707278059572,-0.5373045667057972,71.00593070944592,-63.70001399999998,9.600286378690441,70.98809975587932,-62.45001586773867,0.0,1,1.4210854715202004e-14
3.591666666666667,3591667,rear_pair_shake_3_return,0.0,0.0,66.13421006123373,0.9960947824273236,0.0,0.08829034160689798,0.0,0.0,0.0,66.13421006123373,39.477052015560105,5.42119689114007,0,feet,0.0,-0.08988456300571235,-0.28063402325337305,-39.47900537600092,63.70001399999999,9.600004473175382,-39.477052015560105,60.71151150841919,0.0,1,1.4210854715202004e-14,0.0,-0.08988456300571235,-0.2806340527465494,-39.47900537600092,-63.70001399999998,9.600004473175382,-39.477052015560105,-60.71151150841919,0.0,1,1.4210854715202004e-14,0.0,0.18829513616550964,-0.5363973840616789,71.00463657936001,63.70001399999999,9.60028869509889,70.98809975587952,62.45001586773867,0.0,1,2.1316282072803006e-14,0.0,0.18829513616551408,-0.5363973840616758,71.00463657935983,-63.70001399999998,9.600288695098897,70.98809975587932,-62.45001586773867,0.0,1,2.842170943040401e-14
3.6,3600000,rear_pair_shake_3_return,0.0,0.0,66.07419269918071,0.9961297159755558,0.0,0.0878953295144772,0.0,0.0,0.0,66.07419269918071,39.48805781796537,5.433533899244793,0,feet,0.0,-0.08734106927608698,-0.2813187585551118,-39.4920690308012,63.70001399999999,9.599998371404311,-39.48805781796538,66.27374638689588,0.0,1,2.842170943040401e-14,0.0,-0.08734106927608698,-0.2813187881123618,-39.4920690308012,-63.70001399999998,9.599998371404311,-39.48805781796536,-66.27374638689588,0.0,1,2.842170943040401e-14,0.0,0.18954704057041605,-0.5356816255776122,71.00361299059301,63.70001399999999,9.600290403697286,70.98809975587952,62.45001586773867,0.0,1,-2.842170943040401e-14,0.0,0.18954704057042138,-0.5356816255776091,71.00361299059281,-63.70001399999998,9.600290403697322,70.98809975587932,-62.45001586773867,0.0,1,7.105427357601002e-15
3.6083333333333334,3608333,rear_pair_shake_3_return,0.0,0.0,66.02909928054133,0.9961558598711913,0.0,0.08759853220395639,0.0,0.0,0.0,66.02909928054133,39.50719737387419,5.442828280030319,0,feet,0.0,-0.08543134297968713,-0.2818315114878702,-39.5018720351754,63.70001399999999,9.60000273979955,-39.50719737387419,59.93459691168532,0.0,1,0.0,0.0,-0.08543134297968713,-0.28183154109308184,-39.5018720351754,-63.70001399999998,9.60000273979955,-39.507197373874185,-59.93459691168532,0.0,1,0.0,0.0,0.19048717244349245,-0.5351438204996537,71.00284241181755,63.70001399999999,9.600291617959819,70.98809975587952,62.45001586773867,0.0,1,-2.1316282072803006e-14,0.0,0.1904871724434969,-0.5351438204996524,71.00284241181741,-63.70001399999998,9.60029161795989,70.98809975587932,-62.45001586773867,0.0,1,4.973799150320701e-14
3.6166666666666667,3616667,rear_pair_shake_3_return,0.0,0.0,65.99744136695656,0.9961741614047841,0.0,0.08739016048431954,0.0,0.0,0.0,65.99744136695656,39.50719737387419,5.449366271038038,0,feet,0.0,-0.08409138896780943,-0.2821905253931649,-39.508747294519424,63.70001399999999,9.600004091725054,-39.50719737387419,59.93459691168532,0.0,1,3.552713678800501e-14,0.0,-0.08409138896781032,-0.2821905550319479,-39.50874729451941,-63.70001399999998,9.600004091725033,-39.507197373874185,-59.93459691168532,0.0,1,1.4210854715202004e-14,0.0,0.19114695092378797,-0.5347662397385671,71.0023006460281,63.70001399999999,9.60029243463417,70.98809975587952,62.45001586773867,0.0,1,5.684341886080802e-14,0.0,0.1911469509237924,-0.5347662397385644,71.00230064602795,-63.70001399999998,9.60029243463417,70.98809975587932,-62.45001586773867,0.0,1,5.684341886080802e-14
3.625,3625000,rear_pair_shake_3_return,0.0,0.0,65.97735470174419,0.9961857509644396,0.0,0.08725794849419433,0.0,0.0,0.0,65.97735470174419,39.50719737387419,5.453520063551068,0,feet,0.0,-0.08324156088860013,-0.2824178791811396,-39.51310641068942,63.70001399999999,9.600002398264031,-39.50719737387419,59.93459691168532,0.0,1,7.105427357601002e-15,0.0,-0.08324156088860013,-0.28241790884117757,-39.51310641068943,-63.70001399999998,9.60000239826401,-39.507197373874185,-59.93459691168532,0.0,1,-1.4210854715202004e-14,0.0,0.19156547066002094,-0.5345266622963196,71.00195656621585,63.70001399999999,9.600292937435775,70.98809975587952,62.45001586773867,0.0,1,-1.0658141036401503e-13,0.0,0.19156547066002583,-0.5345266622963178,71.00195656621572,-63.70001399999998,9.600292937435881,70.98809975587932,-62.45001586773867,0.0,1,0.0
3.6333333333333333,3633333,rear_pair_shake_3_return,0.0,0.0,65.96657942998704,0.996191960825683,0.0,0.0871870241852597,0.0,0.0,0.0,65.96657942998704,39.59003448627551,5.4557500775509595,0,feet,0.0,-0.082785593921892,-0.2825398627560505,-39.5154450855228,63.70001399999999,9.600012173199218,-39.59003448627553,63.70001591752033,0.0,1,-2.1316282072803006e-14,0.0,-0.08278559392189244,-0.2825398924274931,-39.51544508552275,-63.70001399999998,9.600012173199268,-39.5900344862755,-63.70001591752033,0.0,1,2.842170943040401e-14,0.0,0.19178994776197866,-0.5343981417612245,71.00177188127836,63.70001399999999,9.60029320222882,70.98809975587952,62.45001586773867,0.0,1,-7.105427357601002e-15,0.0,0.1917899477619831,-0.5343981417612218,71.00177188127822,-63.70001399999998,9.600293202228848,70.98809975587932,-62.45001586773867,0.0,1,2.1316282072803006e-14
3.6416666666666666,3641667,rear_pair_shake_3_return,0.0,0.0,65.96244031862123,0.9961943448808908,0.0,0.08715977987198482,0.0,0.0,0.0,65.96244031862123,39.59003448627551,5.45660702028799,0,feet,0.0,-0.08261040607347292,-0.2825867413623304,-39.51634362869818,63.70001399999999,9.600019112574088,-39.59003448627553,63.70001591752033,0.0,1,0.0,0.0,-0.08261040607347336,-0.282586771038154,-39.516343628698166,-63.70001399999998,9.600019112574088,-39.5900344862755,-63.70001591752033,0.0,1,0.0,0.0,0.19187617011168934,-0.5343487727545435,71.00170091825161,63.70001399999999,9.60029330302757,70.98809975587952,62.45001586773867,0.0,1,-7.105427357601002e-15,0.0,0.19187617011169378,-0.5343487727545417,71.00170091825144,-63.70001399999998,9.60029330302762,70.98809975587932,-62.45001586773867,0.0,1,4.263256414560601e-14
3.65,3650000,rear_pair_shake_3_return,0.0,0.0,65.96182697652446,0.9961946980917455,0.0,0.08715574274765817,0.0,0.0,0.0,65.96182697652446,39.59003448627551,5.456734019237587,0,feet,0.0,-0.08258444738456339,-0.28259368670452023,-39.51647676783386,63.70001399999999,9.60002013364224,-39.59003448627553,63.70001591752033,0.0,1,2.1316282072803006e-14,0.0,-0.08258444738456383,-0.28259371638099307,-39.51647676783385,-63.70001399999998,9.600020133642225,-39.5900344862755,-63.70001591752033,0.0,1,7.105427357601002e-15,0.0,0.1918889464267859,-0.5343414571368812,71.00169040186354,63.70001399999999,9.600293317920915,70.98809975587952,62.45001586773867,0.0,1,6.394884621840902e-14,0.0,0.19188894642679122,-0.5343414571368768,71.0016904018633,-63.70001399999998,9.60029331792083,70.98809975587932,-62.45001586773867,0.0,1,-1.4210854715202004e-14
3.658333333333333,3658333,rear_pair_shake_4,0.0,0.0,65.96244031862123,0.9961943448808908,0.0,0.08715977987198482,0.0,0.0,0.0,65.96244031862123,39.59003448627551,5.45660702028799,0,feet,0.0,-0.08261040607347292,-0.2825867413623304,-39.51634362869818,63.70001399999999,9.600019112574088,-39.59003448627553,63.70001591752033,0.0,1,0.0,0.0,-0.08261040607347336,-0.282586771038154,-39.516343628698166,-63.70001399999998,9.600019112574088,-39.5900344862755,-63.70001591752033,0.0,1,0.0,0.0,0.19187617011168934,-0.5343487727545435,71.00170091825161,63.70001399999999,9.60029330302757,70.98809975587952,62.45001586773867,0.0,1,-7.105427357601002e-15,0.0,0.19187617011169378,-0.5343487727545417,71.00170091825144,-63.70001399999998,9.60029330302762,70.98809975587932,-62.45001586773867,0.0,1,4.263256414560601e-14
3.6666666666666665,3666667,rear_pair_shake_4,0.0,0.0,65.96657942998704,0.996191960825683,0.0,0.0871870241852597,0.0,0.0,0.0,65.96657942998704,39.59003448627551,5.4557500775509595,0,feet,0.0,-0.082785593921892,-0.2825398627560505,-39.5154450855228,63.70001399999999,9.600012173199218,-39.59003448627553,63.70001591752033,0.0,1,-2.1316282072803006e-14,0.0,-0.08278559392189244,-0.2825398924274931,-39.51544508552275,-63.70001399999998,9.600012173199268,-39.5900344862755,-63.70001591752033,0.0,1,2.842170943040401e-14,0.0,0.19178994776197866,-0.5343981417612245,71.00177188127836,63.70001399999999,9.60029320222882,70.98809975587952,62.45001586773867,0.0,1,-7.105427357601002e-15,0.0,0.1917899477619831,-0.5343981417612218,71.00177188127822,-63.70001399999998,9.600293202228848,70.98809975587932,-62.45001586773867,0.0,1,2.1316282072803006e-14
3.675,3675000,rear_pair_shake_4,0.0,0.0,65.97735470174419,0.9961857509644396,0.0,0.08725794849419433,0.0,0.0,0.0,65.97735470174419,39.50719737387419,5.453520063551068,0,feet,0.0,-0.08324156088860013,-0.2824178791811396,-39.51310641068942,63.70001399999999,9.600002398264031,-39.50719737387419,59.93459691168532,0.0,1,7.105427357601002e-15,0.0,-0.08324156088860013,-0.28241790884117757,-39.51310641068943,-63.70001399999998,9.60000239826401,-39.507197373874185,-59.93459691168532,0.0,1,-1.4210854715202004e-14,0.0,0.19156547066002094,-0.5345266622963196,71.00195656621585,63.70001399999999,9.600292937435775,70.98809975587952,62.45001586773867,0.0,1,-1.0658141036401503e-13,0.0,0.19156547066002583,-0.5345266622963178,71.00195656621572,-63.70001399999998,9.600292937435881,70.98809975587932,-62.45001586773867,0.0,1,0.0
3.683333333333333,3683333,rear_pair_shake_4,0.0,0.0,65.99744136695656,0.9961741614047841,0.0,0.08739016048431954,0.0,0.0,0.0,65.99744136695656,39.50719737387419,5.449366271038038,0,feet,0.0,-0.08409138896780943,-0.2821905253931649,-39.508747294519424,63.70001399999999,9.600004091725054,-39.50719737387419,59.93459691168532,0.0,1,3.552713678800501e-14,0.0,-0.08409138896781032,-0.2821905550319479,-39.50874729451941,-63.70001399999998,9.600004091725033,-39.507197373874185,-59.93459691168532,0.0,1,1.4210854715202004e-14,0.0,0.19114695092378797,-0.5347662397385671,71.0023006460281,63.70001399999999,9.60029243463417,70.98809975587952,62.45001586773867,0.0,1,5.684341886080802e-14,0.0,0.1911469509237924,-0.5347662397385644,71.00230064602795,-63.70001399999998,9.60029243463417,70.98809975587932,-62.45001586773867,0.0,1,5.684341886080802e-14
3.691666666666667,3691667,rear_pair_shake_4,0.0,0.0,66.02909928054133,0.9961558598711913,0.0,0.08759853220395639,0.0,0.0,0.0,66.02909928054133,39.50719737387419,5.442828280030319,0,feet,0.0,-0.08543134297968713,-0.2818315114878702,-39.5018720351754,63.70001399999999,9.60000273979955,-39.50719737387419,59.93459691168532,0.0,1,0.0,0.0,-0.08543134297968713,-0.28183154109308184,-39.5018720351754,-63.70001399999998,9.60000273979955,-39.507197373874185,-59.93459691168532,0.0,1,0.0,0.0,0.19048717244349245,-0.5351438204996537,71.00284241181755,63.70001399999999,9.600291617959819,70.98809975587952,62.45001586773867,0.0,1,-2.1316282072803006e-14,0.0,0.1904871724434969,-0.5351438204996524,71.00284241181741,-63.70001399999998,9.60029161795989,70.98809975587932,-62.45001586773867,0.0,1,4.973799150320701e-14
3.7,3700000,rear_pair_shake_4,0.0,0.0,66.07419269918071,0.9961297159755558,0.0,0.0878953295144772,0.0,0.0,0.0,66.07419269918071,39.48805781796537,5.433533899244793,0,feet,0.0,-0.08734106927608698,-0.2813187585551118,-39.4920690308012,63.70001399999999,9.599998371404311,-39.48805781796538,66.27374638689588,0.0,1,2.842170943040401e-14,0.0,-0.08734106927608698,-0.2813187881123618,-39.4920690308012,-63.70001399999998,9.599998371404311,-39.48805781796536,-66.27374638689588,0.0,1,2.842170943040401e-14,0.0,0.18954704057041605,-0.5356816255776122,71.00361299059301,63.70001399999999,9.600290403697286,70.98809975587952,62.45001586773867,0.0,1,-2.842170943040401e-14,0.0,0.18954704057042138,-0.5356816255776091,71.00361299059281,-63.70001399999998,9.600290403697322,70.98809975587932,-62.45001586773867,0.0,1,7.105427357601002e-15
3.7083333333333335,3708333,rear_pair_shake_4,0.0,0.0,66.13421006123373,0.9960947824273236,0.0,0.08829034160689798,0.0,0.0,0.0,66.13421006123373,39.477052015560105,5.42119689114007,0,feet,0.0,-0.08988456300571235,-0.28063402325337305,-39.47900537600092,63.70001399999999,9.600004473175382,-39.477052015560105,60.71151150841919,0.0,1,1.4210854715202004e-14,0.0,-0.08988456300571235,-0.2806340527465494,-39.47900537600092,-63.70001399999998,9.600004473175382,-39.477052015560105,-60.71151150841919,0.0,1,1.4210854715202004e-14,0.0,0.18829513616550964,-0.5363973840616789,71.00463657936001,63.70001399999999,9.60028869509889,70.98809975587952,62.45001586773867,0.0,1,2.1316282072803006e-14,0.0,0.18829513616551408,-0.5363973840616758,71.00463657935983,-63.70001399999998,9.600288695098897,70.98809975587932,-62.45001586773867,0.0,1,2.842170943040401e-14
3.716666666666667,3716667,rear_pair_shake_4,0.0,0.0,66.21028376664792,0.9960502780616632,0.0,0.08879101065582838,0.0,0.0,0.0,66.21028376664792,39.45938243187273,5.405614271501207,0,feet,0.0,-0.09311198423852396,-0.27976185024200895,-39.4624161176723,63.70001399999999,9.599997526012132,-39.45938243187271,60.73333348422281,0.0,1,-7.105427357601002e-15,0.0,-0.09311198423852396,-0.27976187965352795,-39.46241611767233,-63.70001399999998,9.599997526012096,-39.459382431872754,-60.73333348422281,0.0,1,-4.263256414560601e-14,0.0,0.1867072780595671,-0.5373045667057998,71.00593070944608,63.70001399999999,9.600286378690392,70.98809975587952,62.45001586773867,0.0,1,-3.552713678800501e-14,0.0,0.186707278059572,-0.5373045667057972,71.00593070944592,-63.70001399999998,9.600286378690441,70.98809975587932,-62.45001586773867,0.0,1,1.4210854715202004e-14
3.725,3725000,rear_pair_shake_4,0.0,0.0,66.30320995687114,0.9959955732677542,0.0,0.08940256165814095,0.0,0.0,0.0,66.30320995687114,39.440267170544374,5.386663044790126,0,feet,0.0,-0.09705913544944478,-0.27869042379138564,-39.44210862622213,63.70001399999999,9.599998301067771,-39.44026717054437,60.74619282880431,0.0,1,0.0,0.0,-0.09705913544944478,-0.2786904531025285,-39.44210862622213,-63.70001399999998,9.599998301067771,-39.44026717054439,-60.74619282880431,0.0,1,0.0,0.0,0.1847660966076945,-0.5384126196546073,71.00750655023924,63.70001399999999,9.60028332249135,70.98809975587952,62.45001586773867,0.0,1,-5.684341886080802e-14,0.0,0.18476609660769938,-0.5384126196546042,71.00750655023904,-63.70001399999998,9.600283322491393,70.98809975587932,-62.45001586773867,0.0,1,-1.4210854715202004e-14
3.7333333333333334,3733333,rear_pair_shake_4,0.0,0.0,66.41346829476328,0.9959301781424209,0.0,0.09012813248484525,0.0,0.0,0.0,66.41346829476328,39.440267170544374,5.364296296178637,0,feet,0.0,-0.1017500862372569,-0.2774099038107414,-39.41794684718931,63.70001399999999,9.599972529889278,-39.44026717054437,60.74619282880431,0.0,1,2.1316282072803006e-14,0.0,-0.1017500862372569,-0.27740993300182293,-39.41794684718931,-63.70001399999998,9.599972529889278,-39.44026717054439,-60.74619282880431,0.0,1,2.1316282072803006e-14,0.0,0.18246061982984507,-0.5397271984064154,71.00936925717569,63.70001399999999,9.600279376356163,70.98809975587952,62.45001586773867,0.0,1,4.973799150320701e-14,0.0,0.18246061982984996,-0.5397271984064123,71.00936925717549,-63.70001399999998,9.600279376356184,70.98809975587932,-62.45001586773867,0.0,1,7.105427357601002e-14
3.7416666666666667,3741667,rear_pair_shake_4,0.0,0.0,66.54124174450799,0.9958537334749349,0.0,0.09096890415979218,0.0,0.0,0.0,66.54124174450799,39.326713466059246,5.338538611224465,0,feet,0.0,-0.10719329317881732,-0.27591602219538514,-39.38987758772274,63.70001399999999,9.600097695031657,-39.32671346605923,63.700015918920016,0.0,1,7.105427357601002e-15,0.0,-0.10719329317881643,-0.27591605124626906,-39.38987758772278,-63.70001399999998,9.600097695031664,-39.32671346605926,-63.700015918920016,0.0,1,1.4210854715202004e-14,0.0,0.1797858726086221,-0.5412504021209981,71.01151836491172,63.70001399999999,9.600274374439785,70.98809975587952,62.45001586773867,0.0,1,7.105427357601002e-15,0.0,0.17978587260862566,-0.5412504021209954,71.01151836491154,-63.70001399999998,9.600274374439763,70.98809975587932,-62.45001586773867,0.0,1,-7.105427357601002e-15
3.75,3750000,rear_pair_shake_4,0.0,0.0,66.68643635152446,0.9957660044847679,0.0,0.09192423136714856,0.0,0.0,0.0,66.68643635152446,39.326713466059246,5.309480835553302,0,feet,0.0,-0.11339141964816069,-0.27420268071031373,-39.35786780393677,63.70001399999999,9.600254937638312,-39.32671346605923,63.700015918920016,0.0,1,-7.105427357601002e-15,0.0,-0.11339141964815935,-0.2742027096002295,-39.35786780393681,-63.70001399999998,9.600254937638361,-39.32671346605926,-63.700015918920016,0.0,1,4.263256414560601e-14,0.0,0.1767424885577875,-0.5429810084131228,71.01394822322263,63.70001399999999,9.600268139615125,70.98809975587952,62.45001586773867,0.0,1,-4.263256414560601e-14,0.0,0.17674248855779195,-0.5429810084131197,71.01394822322249,-63.70001399999998,9.600268139615146,70.98809975587932,-62.45001586773867,0.0,1,-1.4210854715202004e-14
3.7583333333333333,3758333,rear_pair_shake_4,0.0,0.0,66.8487010223792,0.9956668770832903,0.0,0.09299177318025585,0.0,0.0,0.0,66.8487010223792,39.326713466059246,5.277274220657546,0,feet,0.0,-0.12033724154828951,-0.27226568209636337,-39.3219343575276,63.70001399999999,9.600304298330272,-39.32671346605923,63.700015918920016,0.0,1,-2.1316282072803006e-14,0.0,-0.12033724154828906,-0.2722657108040698,-39.32193435752763,-63.70001399999998,9.600304298330258,-39.32671346605926,-63.700015918920016,0.0,1,-3.552713678800501e-14,0.0,0.17333633347235144,-0.5449147088038568,71.01664847034804,63.70001399999999,9.60026048952195,70.98809975587952,62.45001586773867,0.0,1,7.105427357601002e-15,0.0,0.17333633347235589,-0.5449147088038542,71.01664847034789,-63.70001399999998,9.600260489522,70.98809975587932,-62.45001586773867,0.0,1,5.684341886080802e-14
3.7666666666666666,3766667,rear_pair_shake_4,0.0,0.0,67.02744730469769,0.9955563563107793,0.0,0.09416762399681014,0.0,0.0,0.0,67.02744730469769,39.31224530303281,5.24212402892438,0,feet,0.0,-0.12801149509678256,-0.2701050230219364,-39.28215830807426,63.70001399999999,9.60024836263728,-39.31224530303281,63.70001591896379,0.0,1,0.0,0.0,-0.12801149509678256,-0.27010505152611053,-39.28215830807426,-63.70001399999998,9.60024836263728,-39.31224530303282,-63.7000159189638,0.0,1,0.0,0.0,0.16957813871556615,-0.5470443450204758,71.01960453630097,63.70001399999999,9.600251243826143,70.98809975587952,62.45001586773867,0.0,1,4.263256414560601e-14,0.0,0.1695781387155706,-0.5470443450204723,71.01960453630082,-63.70001399999998,9.600251243826108,70.98809975587932,-62.45001586773867,0.0,1,7.105427357601002e-15
3.775,3775000,rear_pair_shake_4,0.0,0.0,67.22186916707622,0.9954345665095287,0.0,0.09544644465870253,0.0,0.0,0.0,67.22186916707622,39.31224530303281,5.204282692062847,0,feet,0.0,-0.13638749409600281,-0.26772168824373566,-39.23865680628187,63.70001399999999,9.600013467945338,-39.31224530303281,63.70001591896379,0.0,1,2.842170943040401e-14,0.0,-0.13638749409600237,-0.2677217165230483,-39.23865680628188,-63.70001399999998,9.600013467945338,-39.31224530303282,-63.7000159189638,0.0,1,2.842170943040401e-14,0.0,0.165483142481071,-0.5493601463349052,71.0227981670962,63.70001399999999,9.600240232204285,70.98809975587952,62.45001586773867,0.0,1,4.263256414560601e-14,0.0,0.16548314248107543,-0.549360146334902,71.02279816709601,-63.70001399999998,9.6002402322043,70.98809975587932,-62.45001586773867,0.0,1,5.684341886080802e-14
3.783333333333333,3783333,rear_pair_shake_4,0.0,0.0,67.4309627789936,0.9953017527301895,0.0,0.09682159372894368,0.0,0.0,0.0,67.4309627789936,39.196043037650426,5.164042632880324,0,feet,0.0,-0.14542190695851476,-0.26512565750037353,-39.19164444349033,63.70001399999999,9.599996116127251,-39.19604303765043,65.90477742429005,0.0,1,4.263256414560601e-14,0.0,-0.1454219069585152,-0.26512568553433535,-39.19164444349032,-63.70001399999998,9.599996116127244,-39.19604303765042,-65.90477742429005,0.0,1,3.552713678800501e-14,0.0,0.16107073658025284,-0.5518499681058224,71.02620795993974,63.70001399999999,9.600227302546458,70.98809975587952,62.45001586773867,0.0,1,5.684341886080802e-14,0.0,0.16107073658025728,-0.5518499681058184,71.02620795993953,-63.70001399999998,9.600227302546351,70.98809975587932,-62.45001586773867,0.0,1,-4.973799150320701e-14
3.7916666666666665,3791667,rear_pair_shake_4,0.0,0.0,67.6535462907229,0.9951582828296252,0.0,0.09828525889263237,0.0,0.0,0.0,67.6535462907229,39.1362986664566,5.121728871409729,0,feet,0.0,-0.15507463881065853,-0.26232041735692535,-39.14130382317957,63.70001399999999,9.600002265331113,-39.1362986664566,59.9925097393973,0.0,1,7.105427357601002e-15,0.0,-0.15507463881065853,-0.2623204451252641,-39.14130382317957,-63.70001399999998,9.600002265331113,-39.1362986664566,-59.99250973939729,0.0,1,7.105427357601002e-15,0.0,0.15636411623559576,-0.5544995316399421,71.02980989913164,63.70001399999999,9.600212328887494,70.98809975587952,62.45001586773867,0.0,1,-2.1316282072803006e-14,0.0,0.15636411623559932,-0.5544995316399404,71.02980989913151,-63.70001399999998,9.600212328887508,70.98809975587932,-62.45001586773867,0.0,1,-7.105427357601002e-15
3.8,3800000,rear_pair_shake_4,0.0,0.0,67.88827961324321,0.9950046497023557,0.0,0.09982858844385387,0.0,0.0,0.0,67.88827961324321,39.08636250461428,5.077691543124331,0,feet,0.0,-0.1652957186993662,-0.25931396184296185,-39.08787640403779,63.70001399999999,9.600005264711427,-39.08636250461427,59.94669713257886,0.0,1,7.105427357601002e-15,0.0,-0.1652957186993662,-0.25931398932604477,-39.08787640403779,-63.70001399999998,9.600005264711427,-39.086362504614286,-59.94669713257886,0.0,1,7.105427357601002e-15,0.0,0.1513899302996502,-0.5572926654156065,71.03357788271953,63.70001399999999,9.600195218627285,70.98809975587952,62.45001586773867,0.0,1,5.684341886080802e-14,0.0,0.15138993029965464,-0.5572926654156034,71.03357788271937,-63.70001399999998,9.600195218627292,70.98809975587932,-62.45001586773867,0.0,1,6.394884621840902e-14
3.808333333333333,3808333,rear_pair_shake_4,0.0,0.0,68.1336841981514,0.9948414730919752,0.0,0.10144182281578269,0.0,0.0,0.0,68.1336841981514,39.00664531212462,5.03229845971498,0,feet,0.0,-0.1760236473202288,-0.2561207816658162,-39.0316719273928,63.70001399999999,9.600266044142884,-39.00664531212462,63.700015919151575,0.0,1,-1.4210854715202004e-14,0.0,-0.1760236473202288,-0.25612080884526334,-39.03167192739279,-63.70001399999998,9.600266044142913,-39.00664531212462,-63.70001591915158,0.0,1,1.4210854715202004e-14,0.0,0.14617792935499319,-0.5602115476212912,71.03748423073638,63.70001399999999,9.600175918670303,70.98809975587952,62.45001586773867,0.0,1,7.105427357601002e-15,0.0,0.14617792935499674,-0.5602115476212881,71.03748423073627,-63.70001399999998,9.60017591867026,70.98809975587932,-62.45001586773867,0.0,1,-3.552713678800501e-14
3.816666666666667,3816667,rear_pair_shake_4,0.0,0.0,68.38816281757384,0.9946695004515623,0.0,0.10311442610730799,0.0,0.0,0.0,68.38816281757384,38.95415336597854,4.985927841875217,0,feet,0.0,-0.18720546484242728,-0.25274604885134977,-38.97293959047196,63.70001399999999,9.600283250434522,-38.95415336597854,63.700015919036375,0.0,1,7.105427357601002e-15,0.0,-0.18720546484242728,-0.2527460757091484,-38.97293959047196,-63.70001399999998,9.600283250434522,-38.95415336597854,-63.700015919036375,0.0,1,7.105427357601002e-15,0.0,0.14076109523668956,-0.5632372844097389,71.04149703849167,63.70001399999999,9.600187901638378,71.0883044584149,62.4500158716601,0.0,1,0.0,0.0,0.140761095236694,-0.5632372844097358,71.0414970384915,-63.70001399999998,9.600187901638364,71.08830445841471,-62.4500158716601,0.0,1,-1.4210854715202004e-14
3.825,3825000,rear_pair_shake_4,0.0,0.0,68.65001934407817,0.9944896063609158,0.0,0.10483521755646191,0.0,0.0,0.0,68.65001934407817,38.906437467335884,4.938961348920834,0,feet,0.0,-0.19876939053374798,-0.2492083158451046,-38.91204983823289,63.70001399999999,9.600299158372913,-38.90643746733589,63.70001591889352,0.0,1,3.552713678800501e-14,0.0,-0.19876939053374798,-0.24920834236488432,-38.9120498382329,-63.70001399999998,9.600299158372891,-38.906437467335884,-63.70001591889351,0.0,1,1.4210854715202004e-14,0.0,0.13517395333303428,-0.5663492437679563,71.04558915334007,63.70001399999999,9.600206981312269,71.0883044584149,62.4500158716601,0.0,1,4.263256414560601e-14,0.0,0.13517395333303783,-0.5663492437679536,71.04558915333996,-63.70001399999998,9.600206981312262,71.08830445841471,-62.4500158716601,0.0,1,3.552713678800501e-14
3.8333333333333335,3833333,rear_pair_shake_4,0.0,0.0,68.91747853058503,0.9943027900612411,0.0,0.10659250290912355,0.0,0.0,0.0,68.91747853058503,38.8305943634513,4.891777522012845,0,feet,0.0,-0.21064432203512728,-0.24552425088458607,-38.84936585460717,63.70001399999999,9.600281499775285,-38.8305943634513,63.70001591859285,0.0,1,2.842170943040401e-14,0.0,-0.21064432203512728,-0.24552427705144764,-38.84936585460721,-63.70001399999998,9.600281499775264,-38.8305943634513,-63.70001591859284,0.0,1,7.105427357601002e-15,0.0,0.1294532650809228,-0.5695260312988979,71.04973172585832,63.70001399999999,9.600224519542593,71.0883044584149,62.4500158716601,0.0,1,0.0,0.0,0.12945326508092725,-0.5695260312988952,71.0497317258582,-63.70001399999998,9.600224519542628,71.08830445841471,-62.4500158716601,0.0,1,3.552713678800501e-14
3.841666666666667,3841667,rear_pair_shake_4,0.0,0.0,69.18870579027983,0.9941101707325026,0.0,0.10837420563120381,0.0,0.0,0.0,69.18870579027983,38.8305943634513,4.844745746409259,0,feet,0.0,-0.22275544891735333,-0.24171267721654477,-38.78527378430655,63.70001399999999,9.600192877693303,-38.8305943634513,63.70001591859285,0.0,1,0.0,0.0,-0.22275544891735333,-0.24171270301727876,-38.78527378430655,-63.70001399999998,9.600192877693303,-38.8305943634513,-63.70001591859284,0.0,1,0.0,0.0,0.12363754180351583,-0.5727456652624201,71.05389526225946,63.70001399999999,9.600240345352987,71.0883044584149,62.4500158716601,0.0,1,-2.1316282072803006e-14,0.0,0.12363754180351982,-0.5727456652624183,71.05389526225932,-63.70001399999998,9.60024034535303,71.08830445841471,-62.4500158716601,0.0,1,2.1316282072803006e-14
3.85,3850000,rear_pair_shake_4,0.0,0.0,69.46182697652446,0.9939129802128576,0.0,0.11016799791407572,0.0,0.0,0.0,69.46182697652446,38.788489321948894,4.798220823723071,0,feet,0.0,-0.23502934237780293,-0.23779078137663445,-38.72015359176646,63.70001399999999,9.599757101260117,-38.788489321948894,61.16236294898136,0.0,1,1.4210854715202004e-14,0.0,-0.23502934237780293,-0.23779080679957687,-38.72015359176646,-63.70001399999998,9.599757101260117,-38.788489321948894,-61.162362948981354,0.0,1,1.4210854715202004e-14,0.0,0.11776652858212833,-0.575985737339864,71.05805073513476,63.70001399999999,9.600254340044941,71.0883044584149,62.4500158716601,0.0,1,1.4210854715202004e-14,0.0,0.11776652858213277,-0.5759857373398609,71.05805073513457,-63.70001399999998,9.600254340044877,71.08830445841471,-62.4500158716601,0.0,1,-4.973799150320701e-14
3.8583333333333334,3858333,rear_pair_shake_4,0.0,0.0,69.7349481627691,0.993712552941193,0.0,0.1119614314266158,0.0,0.0,0.0,69.7349481627691,38.62809827516551,4.752538227846443,0,feet,0.0,-0.24736538559597143,-0.23379825947699384,-38.65456021159619,63.70001399999999,9.59996676050924,-38.628098275165506,60.000671282292835,0.0,1,2.1316282072803006e-14,0.0,-0.247365385595971,-0.2337982845142168,-38.654560211596205,-63.70001399999998,9.599966760509247,-38.62809827516552,-60.00067128229284,0.0,1,2.842170943040401e-14,0.0,0.11188079754600944,-0.5792236566251021,71.06216987368796,63.70001399999999,9.600266437177915,71.0883044584149,62.4500158716601,0.0,1,-7.105427357601002e-15,0.0,0.11188079754601388,-0.5792236566251003,71.06216987368784,-63.70001399999998,9.600266437177993,71.08830445841471,-62.4500158716601,0.0,1,7.105427357601002e-14
3.8666666666666667,3866667,rear_pair_shake_4,0.0,0.0,70.0061754224639,0.9935103129906213,0.0,0.11374206777300006,0.0,0.0,0.0,70.0061754224639,38.595339628814166,4.708010098317189,0,feet,0.0,-0.2596961895479386,-0.2297481141147344,-38.58883090994415,63.70001399999999,9.600004419874239,-38.59533962881415,59.93915928862313,0.0,1,2.1316282072803006e-14,0.0,-0.25969618954793816,-0.22974813875949973,-38.588830909944164,-63.70001399999998,9.600004419874239,-38.59533962881418,-59.93915928862313,0.0,1,2.842170943040401e-14,0.0,0.10602132794488206,-0.5824368921291176,71.06622541648284,63.70001399999999,9.600276620870396,71.0883044584149,62.4500158716601,0.0,1,-2.1316282072803006e-14,0.0,0.10602132794488695,-0.582436892129115,71.06622541648265,-63.70001399999998,9.600276620870432,71.08830445841471,-62.4500158716601,0.0,1,1.4210854715202004e-14
3.875,3875000,rear_pair_shake_4,0.0,0.0,70.27363460897075,0.9933077581506566,0.0,0.11549760862336786,0.0,0.0,0.0,70.27363460897075,38.51140737958346,4.664922002844577,0,feet,0.0,-0.27193479016655786,-0.2256701595689572,-38.52344043437029,63.70001399999999,9.599995182890545,-38.51140737958343,60.43318737930498,0.0,1,-7.105427357601002e-15,0.0,-0.27193479016655697,-0.22567018381736315,-38.523440434370336,-63.70001399999998,9.599995182890552,-38.51140737958348,-60.43318737930498,0.0,1,0.0,0.0,0.10022907286391947,-0.5856032132803186,71.07019133062566,63.70001399999999,9.6002849226429,71.0883044584149,62.4500158716601,0.0,1,-4.263256414560601e-14,0.0,0.10022907286392346,-0.585603213280316,71.07019133062552,-63.70001399999998,9.600284922642913,71.08830445841471,-62.4500158716601,0.0,1,-2.842170943040401e-14
3.8833333333333333,3883333,rear_pair_shake_4,0.0,0.0,70.53549113547508,0.9931064411065247,0.0,0.11721602549452365,0.0,0.0,0.0,70.53549113547508,38.46260664123572,4.623530476961449,0,feet,0.0,-0.2839950869544121,-0.22159501200210752,-38.45885743826547,63.70001399999999,9.600000080237265,-38.46260664123571,61.53205098050341,0.0,1,0.0,0.0,-0.28399508695441167,-0.22159503585320683,-38.45885743826552,-63.70001399999998,9.600000080237244,-38.462606641235745,-61.53205098050341,0.0,1,-2.1316282072803006e-14,0.0,0.09454451284563348,-0.5887009279683255,71.07404300237584,63.70001399999999,9.60029141704534,71.0883044584149,62.4500158716601,0.0,1,-4.973799150320701e-14,0.0,0.09454451284563836,-0.5887009279683229,71.07404300237567,-63.70001399999998,9.600291417045383,71.08830445841471,-62.4500158716601,0.0,1,-7.105427357601002e-15
3.8916666666666666,3891667,rear_pair_shake_4,0.0,0.0,70.78996975489753,0.9929079478534923,0.0,0.11888568916975062,0.0,0.0,0.0,70.78996975489753,38.41959726546888,4.584061323905345,0,feet,0.0,-0.2957936241586374,-0.2175528560357498,-38.395539035719125,63.70001399999999,9.599967841425148,-38.41959726546886,60.73948086590802,0.0,1,3.552713678800501e-14,0.0,-0.2957936241586374,-0.21755287949153912,-38.39553903571917,-63.70001399999998,9.599967841425098,-38.4195972654689,-60.73948086590802,0.0,1,-1.4210854715202004e-14,0.0,0.08900719707911664,-0.5917091177776017,71.07775740492214,63.70001399999999,9.60029621631471,71.0883044584149,62.4500158716601,0.0,1,1.4210854715202004e-14,0.0,0.08900719707912019,-0.5917091177775999,71.07775740492197,-63.70001399999998,9.600296216314646,71.08830445841471,-62.4500158716601,0.0,1,-4.973799150320701e-14
3.9,3900000,rear_pair_shake_4,0.0,0.0,71.03537433980571,0.9927138735700902,0.0,0.12049549876018975,0.0,0.0,0.0,71.03537433980571,38.3501791123996,4.5467086325304535,0,feet,0.0,-0.3072454668905955,-0.21357733268383994,-38.33395616816197,63.70001399999999,9.599988318402858,-38.35017911239958,59.93398274193727,0.0,1,7.105427357601002e-15,0.0,-0.3072454668905946,-0.2135773557496381,-38.33395616816201,-63.70001399999998,9.599988318402865,-38.350179112399616,-59.93398274193727,0.0,1,7.105427357601002e-15,0.0,0.08365527319556776,-0.5946078701847539,71.08131324946561,63.70001399999999,9.600299464304285,71.0883044584149,62.4500158716601,0.0,1,0.0,0.0,0.0836552731955722,-0.5946078701847521,71.08131324946544,-63.70001399999998,9.600299464304342,71.08830445841471,-62.4500158716601,0.0,1,5.684341886080802e-14
3.908333333333333,3908333,rear_pair_shake_4,0.0,0.0,71.27010766232603,0.9925257962545202,0.0,0.12203501042459379,0.0,0.0,0.0,71.27010766232603,38.3501791123996,4.5116344460684985,0,feet,0.0,-0.3182773065051192,-0.20969501893088927,-38.27450970055139,63.70001399999999,9.599703799467015,-38.35017911239958,59.93398274193727,0.0,1,-7.105427357601002e-15,0.0,-0.3182773065051192,-0.20969504161468322,-38.27450970055136,-63.70001399999998,9.599703799467008,-38.350179112399616,-59.93398274193727,0.0,1,-1.4210854715202004e-14,0.0,0.07852500706159571,-0.5973785076432003,71.08469112582638,63.70001399999999,9.600301329914188,71.0883044584149,62.4500158716601,0.0,1,4.263256414560601e-14,0.0,0.0785250070615997,-0.5973785076431977,71.08469112582618,-63.70001399999998,9.600301329914146,71.08830445841471,-62.4500158716601,0.0,1,0.0
3.9166666666666665,3916667,rear_pair_shake_4,0.0,0.0,71.49269117405532,0.9923452485012751,0.0,0.12349456577899526,0.0,0.0,0.0,71.49269117405532,38.193110074496275,4.4789689907247805,0,feet,0.0,-0.32879416845268583,-0.20595353496148983,-38.217747919038615,63.70001399999999,9.599970223064162,-38.19311007449625,61.154281506932776,0.0,1,-7.105427357601002e-15,0.0,-0.3287941684526854,-0.20595355727604092,-38.21774791903863,-63.70001399999998,9.599970223064169,-38.193110074496296,-61.154281506932776,0.0,1,0.0,0.0,0.07365029427988157,-0.6000038136431094,71.0878736385725,63.70001399999999,9.60030200023511,71.0883044584149,62.4500158716601,0.0,1,1.4210854715202004e-14,0.0,0.07365029427988512,-0.6000038136431072,71.08787363857238,-63.70001399999998,9.600302000235125,71.08830445841471,-62.4500158716601,0.0,1,2.842170943040401e-14
3.925,3925000,rear_pair_shake_4,0.0,0.0,71.7017847859727,0.9921736878579662,0.0,0.12486542004223217,0.0,0.0,0.0,71.7017847859727,38.13673231496155,4.4488113513002645,0,feet,0.0,-0.3387407348789693,-0.2023709328167942,-38.16396481027772,63.70001399999999,9.599965584124945,-38.13673231496151,61.901740917708295,0.0,1,1.4210854715202004e-14,0.0,-0.3387407348789684,-0.20237095477676537,-38.163964810277776,-63.70001399999998,9.59996558412493,-38.136732314961584,-61.901740917708295,0.0,1,0.0,0.0,0.06906216538199361,-0.6024682560035353,71.0908455441998,63.70001399999999,9.600301673604136,71.0883044584149,62.4500158716601,0.0,1,-2.1316282072803006e-14,0.0,0.06906216538199716,-0.6024682560035326,71.09084554419967,-63.70001399999998,9.60030167360415,71.08830445841471,-62.4500158716601,0.0,1,0.0
3.933333333333333,3933333,rear_pair_shake_4,0.0,0.0,71.89620664835124,0.9920124662534671,0.0,0.12613986997660162,0.0,0.0,0.0,71.89620664835124,38.1137169399299,4.421230462194558,0,feet,0.0,-0.3480439498753789,-0.19898365732678203,-38.11358229675932,63.70001399999999,9.600005934166028,-38.11371693992986,59.97422398009301,0.0,1,0.0,0.0,-0.34804394987537757,-0.1989836789505839,-38.11358229675939,-63.70001399999998,9.600005934166035,-38.11371693992994,-59.974223980093,0.0,1,7.105427357601002e-15,0.0,0.06478828692158389,-0.6047582078172962,71.09359389423497,63.70001399999999,9.600300552753112,71.0883044584149,62.4500158716601,0.0,1,-3.552713678800501e-14,0.0,0.06478828692158789,-0.6047582078172944,71.0935938942348,-63.70001399999998,9.60030055275314,71.08830445841471,-62.4500158716601,0.0,1,-7.105427357601002e-15
3.941666666666667,3941667,rear_pair_shake_4,0.0,0.0,72.07495293066972,0.9918627990256866,0.0,0.12731138169437328,0.0,0.0,0.0,72.07495293066972,38.0671424172509,4.396266267203075,0,feet,0.0,-0.3566466537345008,-0.19581905511346953,-38.06692590094339,63.70001399999999,9.600004018031015,-38.06714241725086,60.147888072357176,0.0,1,-2.1316282072803006e-14,0.0,-0.35664665373449855,-0.19581907642238328,-38.06692590094346,-63.70001399999998,9.600004018031065,-38.06714241725094,-60.147888072357176,0.0,1,2.842170943040401e-14,0.0,0.06085246083903595,-0.6068621666166636,71.09610818835787,63.70001399999999,9.600298838219743,71.0883044584149,62.4500158716601,0.0,1,3.552713678800501e-14,0.0,0.060852460839039946,-0.6068621666166605,71.0961081883577,-63.70001399999998,9.600298838219736,71.08830445841471,-62.4500158716601,0.0,1,2.842170943040401e-14
3.95,3950000,rear_pair_shake_4,0.0,0.0,72.23721760152446,0.9917257340985088,0.0,0.1283747184097151,0.0,0.0,0.0,72.23721760152446,38.01778033223511,4.373930891400036,0,feet,0.0,-0.3644978094809086,-0.1929038655069646,-38.024290243467746,63.70001399999999,9.600001908520213,-38.01778033223508,60.30112636803076,0.0,1,-7.105427357601002e-15,0.0,-0.36449780948090726,-0.19290388652510204,-38.0242902434678,-63.70001399999998,9.600001908520227,-38.017780332235155,-60.301126368030765,0.0,1,7.105427357601002e-15,0.0,0.057274124561636164,-0.6087709724490793,71.09838054080882,63.70001399999999,9.60029672217938,71.0883044584149,62.4500158716601,0.0,1,4.263256414560601e-14,0.0,0.05727412456164016,-0.6087709724490766,71.09838054080868,-63.70001399999998,9.600296722179337,71.08830445841471,-62.4500158716601,0.0,1,0.0
3.9583333333333335,3958333,rear_pair_shake_4,0.0,0.0,72.38241220854094,0.9916021218606237,0.0,0.12932606822102324,0.0,0.0,0.0,72.38241220854094,37.966132429531505,4.3542096639877315,0,feet,0.0,-0.37155811563942276,-0.190259860440134,-37.985904358923506,63.70001399999999,9.599975725579228,-37.96613242953148,60.91776836540593,0.0,1,1.4210854715202004e-14,0.0,-0.3715581156394214,-0.19025988119395576,-37.98590435892357,-63.70001399999998,9.599975725579228,-37.96613242953153,-60.91776836540592,0.0,1,7.105427357601002e-15,0.0,0.05406785431700856,-0.6104780256372457,71.1004058625282,63.70001399999999,9.600294382847963,71.0883044584149,62.4500158716601,0.0,1,0.0,0.0,0.05406785431701211,-0.6104780256372444,71.10040586252806,-63.70001399999998,9.600294382847999,71.08830445841471,-62.4500158716601,0.0,1,3.552713678800501e-14
3.966666666666667,3966667,rear_pair_shake_4,0.0,0.0,72.51018565828565,0.9914925862820565,0.0,0.1301631720100531,0.0,0.0,0.0,72.51018565828565,37.96451706589195,4.337061833125105,0,feet,0.0,-0.3777981315297758,-0.1879057987275492,-37.951944509679976,63.70001399999999,9.59999110992728,-37.964517065891904,60.5174807372033,0.0,1,0.0,0.0,-0.3777981315297736,-0.18790581924556582,-37.951944509680104,-63.70001399999998,9.599991109927295,-37.96451706589199,-60.5174807372033,0.0,1,1.4210854715202004e-14,0.0,0.051242874062206845,-0.6119795050389651,71.10218206072182,63.70001399999999,9.600291979595085,71.0883044584149,62.4500158716601,0.0,1,-1.4210854715202004e-14,0.0,0.05124287406221084,-0.611979505038962,71.10218206072163,-63.70001399999998,9.60029197959507,71.08830445841471,-62.4500158716601,0.0,1,-2.842170943040401e-14
3.975,3975000,rear_pair_shake_4,0.0,0.0,72.62044399617778,0.9913974977650946,0.0,0.13088545154106837,0.0,0.0,0.0,72.62044399617778,37.907559637169165,4.322420823180238,0,feet,0.0,-0.38320311415533137,-0.18585372919030574,-37.922504181617256,63.70001399999999,9.60004708127768,-37.907559637169115,62.45001590766261,0.0,1,4.973799150320701e-14,0.0,-0.3832031141553296,-0.1858537495024004,-37.92250418161738,-63.70001399999998,9.600047081277658,-37.907559637169214,-62.45001590766262,0.0,1,2.842170943040401e-14,0.0,0.04880257225662854,-0.613274587612767,71.10371025688394,63.70001399999999,9.600289648895881,71.0883044584149,62.4500158716601,0.0,1,7.105427357601002e-15,0.0,0.04880257225663209,-0.6132745876127652,71.1037102568838,-63.70001399999998,9.60028964889591,71.08830445841471,-62.4500158716601,0.0,1,4.263256414560601e-14
3.9833333333333334,3983333,rear_pair_shake_4,0.0,0.0,72.71337018640101,0.9913169481629043,0.0,0.1314941378350599,0.0,0.0,0.0,72.71337018640101,37.907559637169165,4.310193902242986,0,feet,0.0,-0.38777496361250163,-0.184107746134198,-37.89758220517355,63.70001399999999,9.600053528653206,-37.907559637169115,62.45001590766261,0.0,1,7.105427357601002e-15,0.0,-0.3877749636124994,-0.1841077662708166,-37.89758220517366,-63.70001399999998,9.600053528653234,-37.907559637169214,-62.45001590766262,0.0,1,3.552713678800501e-14,0.0,0.046744028423741035,-0.6143656700316877,71.10499502375569,63.70001399999999,9.600287501234135,71.0883044584149,62.4500158716601,0.0,1,0.0,0.0,0.04674402842374592,-0.6143656700316846,71.10499502375549,-63.70001399999998,9.60028750123417,71.08830445841471,-62.4500158716601,0.0,1,3.552713678800501e-14
3.9916666666666667,3991667,rear_pair_shake_4,0.0,0.0,72.78944389181521,0.99125072830931,0.0,0.13199239988068417,0.0,0.0,0.0,72.78944389181521,37.907559637169165,4.300261153637152,0,feet,0.0,-0.39152957100578467,-0.18266661385632643,-37.87710158874516,63.70001399999999,9.600010396319476,-37.907559637169115,62.45001590766261,0.0,1,-7.105427357601002e-15,0.0,-0.39152957100578334,-0.18266663384791837,-37.87710158874526,-63.70001399999998,9.600010396319476,-37.907559637169214,-62.45001590766262,0.0,1,-7.105427357601002e-15,0.0,0.04505755104442777,-0.6152585929681451,71.10604464122375,63.70001399999999,9.600285619044797,71.0883044584149,62.4500158716601,0.0,1,4.263256414560601e-14,0.0,0.045057551044431765,-0.6152585929681433,71.10604464122356,-63.70001399999998,9.600285619044776,71.08830445841471,-62.4500158716601,0.0,1,2.1316282072803006e-14
4.0,4000000,rear_pair_shake_4,0.0,0.0,72.84946125386821,0.9911983082847965,0.0,0.13238547372486706,0.0,0.0,0.0,72.84946125386821,37.907559637169165,4.292473680025978,0,feet,0.0,-0.39449937328580376,-0.18152206078008737,-37.86089336519753,63.70001399999999,9.599945289490819,-37.907559637169115,62.45001590766261,0.0,1,4.263256414560601e-14,0.0,-0.3944993732858024,-0.18152208065637643,-37.860893365197626,-63.70001399999998,9.599945289490805,-37.907559637169214,-62.45001590766262,0.0,1,2.842170943040401e-14,0.0,0.04372622779336455,-0.6159628684993184,71.10687137073145,63.70001399999999,9.60028405575018,71.0883044584149,62.4500158716601,0.0,1,2.1316282072803006e-14,0.0,0.0437262277933681,-0.6159628684993157,71.10687137073126,-63.70001399999998,9.600284055750159,71.08830445841471,-62.4500158716601,0.0,1,0.0
4.008333333333334,4008333,rear_pair_shake_4,0.0,0.0,72.8945546725076,0.9911588204946326,0.0,0.13268079196209487,0.0,0.0,0.0,72.8945546725076,37.82261585742711,4.286651012841332,0,feet,0.0,-0.39673318841622685,-0.18065936230906,-37.84869880190004,63.70001399999999,9.59996816019406,-37.822615857427024,61.526035193091204,0.0,1,3.552713678800501e-14,0.0,-0.3967331884162233,-0.18065938209836885,-37.84869880190027,-63.70001399999998,9.599968160194031,-37.8226158574272,-61.526035193091204,0.0,1,7.105427357601002e-15,0.0,0.042725488459199656,-0.616491910858564,71.10749174729027,63.70001399999999,9.600282835899606,71.0883044584149,62.4500158716601,0.0,1,-3.552713678800501e-14,0.0,0.04272548845920321,-0.6164919108585623,71.10749174729015,-63.70001399999998,9.600282835899648,71.08830445841471,-62.4500158716601,0.0,1,0.0
4.016666666666667,4016667,rear_pair_shake_4,0.0,0.0,72.92621258609238,0.9911310454528746,0.0,0.1328881136125119,0.0,0.0,0.0,72.92621258609238,37.82261585742711,4.282577753420469,0,feet,0.0,-0.3983034752214287,-0.18005165137438883,-37.84012413391086,63.70001399999999,9.599987627960068,-37.822615857427024,61.526035193091204,0.0,1,2.1316282072803006e-14,0.0,-0.3983034752214265,-0.18005167110238984,-37.84012413391102,-63.70001399999998,9.599987627960033,-37.8226158574272,-61.526035193091204,0.0,1,-1.4210854715202004e-14,0.0,0.04202268006904264,-0.6168632704909465,71.10792688755512,63.70001399999999,9.600281956359296,71.0883044584149,62.4500158716601,0.0,1,-2.842170943040401e-14,0.0,0.042022680069047524,-0.6168632704909434,71.10792688755497,-63.70001399999998,9.60028195635934,71.08830445841471,-62.4500158716601,0.0,1,1.4210854715202004e-14
4.025,4025000,rear_pair_shake_4,0.0,0.0,72.94629925130474,0.9911133999486796,0.0,0.13301965434539556,0.0,0.0,0.0,72.94629925130474,37.82261585742711,4.279999535574717,0,feet,0.0,-0.3993008038953465,-0.17966507871328696,-37.83467704513794,63.70001399999999,9.599996016899283,-37.822615857427024,61.526035193091204,0.0,1,-1.4210854715202004e-14,0.0,-0.3993008038953434,-0.1796650984022734,-37.83467704513811,-63.70001399999998,9.599996016899318,-37.8226158574272,-61.526035193091204,0.0,1,2.1316282072803006e-14,0.0,0.04157665275792999,-0.6170988710675585,71.10820281152304,63.70001399999999,9.600281388421216,71.0883044584149,62.4500158716601,0.0,1,-2.842170943040401e-14,0.0,0.04157665275793354,-0.6170988710675558,71.1082028115229,-63.70001399999998,9.600281388421237,71.08830445841471,-62.4500158716601,0.0,1,0.0
4.033333333333333,4033333,rear_pair_shake_4,0.0,0.0,72.95707452306189,0.9911039270166088,0.0,0.13309021696675058,0.0,0.0,0.0,72.95707452306189,37.82261585742711,4.278618472493349,0,feet,0.0,-0.39983612974369453,-0.17945738956782487,-37.831752915756056,63.70001399999999,9.599999245359157,-37.822615857427024,61.526035193091204,0.0,1,0.0,0.0,-0.399836129743691,-0.1794574092358463,-37.831752915756226,-63.70001399999998,9.599999245359172,-37.8226158574272,-61.526035193091204,0.0,1,7.105427357601002e-15,0.0,0.041337353774165475,-0.6172252487828276,71.10835077411794,63.70001399999999,9.600281080601327,71.0883044584149,62.4500158716601,0.0,1,7.105427357601002e-14,0.0,0.04133735377416903,-0.6172252487828249,71.10835077411774,-63.70001399999998,9.60028108060122,71.08830445841471,-62.4500158716601,0.0,1,-3.552713678800501e-14
4.041666666666667,4041667,rear_pair_shake_4,0.0,0.0,72.9612136344277,0.9911002868382114,0.0,0.13311732204794016,0.0,0.0,0.0,72.9612136344277,37.82261585742711,4.278088334100815,0,feet,0.0,-0.4000418242662347,-0.17937755094544583,-37.830629278077225,63.70001399999999,9.600000249053153,-37.822615857427024,61.526035193091204,0.0,1,-1.4210854715202004e-14,0.0,-0.40004182426623114,-0.1793775706054066,-37.830629278077396,-63.70001399999998,9.600000249053203,-37.8226158574272,-61.526035193091204,0.0,1,3.552713678800501e-14,0.0,0.0412454256817778,-0.6172737929083638,71.10840760110536,63.70001399999999,9.600280961772867,71.0883044584149,62.4500158716601,0.0,1,4.263256414560601e-14,0.0,0.0412454256817818,-0.6172737929083607,71.10840760110516,-63.70001399999998,9.600280961772768,71.08830445841471,-62.4500158716601,0.0,1,-4.973799150320701e-14
4.05,4050000,rear_pair_shake_4,0.0,0.0,72.96182697652446,0.9910997473659748,0.0,0.13312133852655234,0.0,0.0,0.0,72.96182697652446,37.82261585742711,4.278009794575638,0,feet,0.0,-0.4000723073186747,-0.17936571751064134,-37.83046275668116,63.70001399999999,9.60000038660953,-37.822615857427024,61.526035193091204,0.0,1,-2.1316282072803006e-14,0.0,-0.40007230731867116,-0.17936573716940662,-37.83046275668131,-63.70001399999998,9.600000386609587,-37.8226158574272,-61.526035193091204,0.0,1,3.552713678800501e-14,0.0,0.04123180330162768,-0.6172809862103992,71.10841602137569,63.70001399999999,9.60028094413697,71.0883044584149,62.4500158716601,0.0,1,2.1316282072803006e-14,0.0,0.041231803301631675,-0.6172809862103965,71.10841602137553,-63.70001399999998,9.600280944136912,71.08830445841471,-62.4500158716601,0.0,1,-3.552713678800501e-14
4.058333333333334,4058333,rear_pair_shake_4_return,0.0,0.0,72.9612136344277,0.9911002868382114,0.0,0.13311732204794016,0.0,0.0,0.0,72.9612136344277,37.82261585742711,4.278088334100815,0,feet,0.0,-0.4000418242662347,-0.17937755094544583,-37.830629278077225,63.70001399999999,9.600000249053153,-37.822615857427024,61.526035193091204,0.0,1,-1.4210854715202004e-14,0.0,-0.40004182426623114,-0.1793775706054066,-37.830629278077396,-63.70001399999998,9.600000249053203,-37.8226158574272,-61.526035193091204,0.0,1,3.552713678800501e-14,0.0,0.0412454256817778,-0.6172737929083638,71.10840760110536,63.70001399999999,9.600280961772867,71.0883044584149,62.4500158716601,0.0,1,4.263256414560601e-14,0.0,0.0412454256817818,-0.6172737929083607,71.10840760110516,-63.70001399999998,9.600280961772768,71.08830445841471,-62.4500158716601,0.0,1,-4.973799150320701e-14
4.066666666666666,4066667,rear_pair_shake_4_return,0.0,0.0,72.95707452306189,0.9911039270166088,0.0,0.13309021696675058,0.0,0.0,0.0,72.95707452306189,37.82261585742711,4.278618472493349,0,feet,0.0,-0.39983612974369453,-0.17945738956782487,-37.831752915756056,63.70001399999999,9.599999245359157,-37.822615857427024,61.526035193091204,0.0,1,0.0,0.0,-0.399836129743691,-0.1794574092358463,-37.831752915756226,-63.70001399999998,9.599999245359172,-37.8226158574272,-61.526035193091204,0.0,1,7.105427357601002e-15,0.0,0.041337353774165475,-0.6172252487828276,71.10835077411794,63.70001399999999,9.600281080601327,71.0883044584149,62.4500158716601,0.0,1,7.105427357601002e-14,0.0,0.04133735377416903,-0.6172252487828249,71.10835077411774,-63.70001399999998,9.60028108060122,71.08830445841471,-62.4500158716601,0.0,1,-3.552713678800501e-14
4.075,4075000,rear_pair_shake_4_return,0.0,0.0,72.94629925130474,0.9911133999486796,0.0,0.13301965434539556,0.0,0.0,0.0,72.94629925130474,37.82261585742711,4.279999535574717,0,feet,0.0,-0.3993008038953465,-0.17966507871328696,-37.83467704513794,63.70001399999999,9.599996016899283,-37.822615857427024,61.526035193091204,0.0,1,-1.4210854715202004e-14,0.0,-0.3993008038953434,-0.1796650984022734,-37.83467704513811,-63.70001399999998,9.599996016899318,-37.8226158574272,-61.526035193091204,0.0,1,2.1316282072803006e-14,0.0,0.04157665275792999,-0.6170988710675585,71.10820281152304,63.70001399999999,9.600281388421216,71.0883044584149,62.4500158716601,0.0,1,-2.842170943040401e-14,0.0,0.04157665275793354,-0.6170988710675558,71.1082028115229,-63.70001399999998,9.600281388421237,71.08830445841471,-62.4500158716601,0.0,1,0.0
4.083333333333333,4083333,rear_pair_shake_4_return,0.0,0.0,72.92621258609238,0.9911310454528746,0.0,0.1328881136125119,0.0,0.0,0.0,72.92621258609238,37.82261585742711,4.282577753420469,0,feet,0.0,-0.3983034752214287,-0.18005165137438883,-37.84012413391086,63.70001399999999,9.599987627960068,-37.822615857427024,61.526035193091204,0.0,1,2.1316282072803006e-14,0.0,-0.3983034752214265,-0.18005167110238984,-37.84012413391102,-63.70001399999998,9.599987627960033,-37.8226158574272,-61.526035193091204,0.0,1,-1.4210854715202004e-14,0.0,0.04202268006904264,-0.6168632704909465,71.10792688755512,63.70001399999999,9.600281956359296,71.0883044584149,62.4500158716601,0.0,1,-2.842170943040401e-14,0.0,0.042022680069047524,-0.6168632704909434,71.10792688755497,-63.70001399999998,9.60028195635934,71.08830445841471,-62.4500158716601,0.0,1,1.4210854715202004e-14
4.091666666666667,4091667,rear_pair_shake_4_return,0.0,0.0,72.8945546725076,0.9911588204946326,0.0,0.13268079196209487,0.0,0.0,0.0,72.8945546725076,37.82261585742711,4.286651012841332,0,feet,0.0,-0.39673318841622685,-0.18065936230906,-37.84869880190004,63.70001399999999,9.59996816019406,-37.822615857427024,61.526035193091204,0.0,1,3.552713678800501e-14,0.0,-0.3967331884162233,-0.18065938209836885,-37.84869880190027,-63.70001399999998,9.599968160194031,-37.8226158574272,-61.526035193091204,0.0,1,7.105427357601002e-15,0.0,0.042725488459199656,-0.616491910858564,71.10749174729027,63.70001399999999,9.600282835899606,71.0883044584149,62.4500158716601,0.0,1,-3.552713678800501e-14,0.0,0.04272548845920321,-0.6164919108585623,71.10749174729015,-63.70001399999998,9.600282835899648,71.08830445841471,-62.4500158716601,0.0,1,0.0
4.1,4100000,rear_pair_shake_4_return,0.0,0.0,72.84946125386821,0.9911983082847965,0.0,0.13238547372486706,0.0,0.0,0.0,72.84946125386821,37.907559637169165,4.292473680025978,0,feet,0.0,-0.39449937328580376,-0.18152206078008737,-37.86089336519753,63.70001399999999,9.599945289490819,-37.907559637169115,62.45001590766261,0.0,1,4.263256414560601e-14,0.0,-0.3944993732858024,-0.18152208065637643,-37.860893365197626,-63.70001399999998,9.599945289490805,-37.907559637169214,-62.45001590766262,0.0,1,2.842170943040401e-14,0.0,0.04372622779336455,-0.6159628684993184,71.10687137073145,63.70001399999999,9.60028405575018,71.0883044584149,62.4500158716601,0.0,1,2.1316282072803006e-14,0.0,0.0437262277933681,-0.6159628684993157,71.10687137073126,-63.70001399999998,9.600284055750159,71.08830445841471,-62.4500158716601,0.0,1,0.0
4.108333333333333,4108333,rear_pair_shake_4_return,0.0,0.0,72.78944389181521,0.99125072830931,0.0,0.13199239988068417,0.0,0.0,0.0,72.78944389181521,37.907559637169165,4.300261153637152,0,feet,0.0,-0.39152957100578467,-0.18266661385632643,-37.87710158874516,63.70001399999999,9.600010396319476,-37.907559637169115,62.45001590766261,0.0,1,-7.105427357601002e-15,0.0,-0.39152957100578334,-0.18266663384791837,-37.87710158874526,-63.70001399999998,9.600010396319476,-37.907559637169214,-62.45001590766262,0.0,1,-7.105427357601002e-15,0.0,0.04505755104442777,-0.6152585929681451,71.10604464122375,63.70001399999999,9.600285619044797,71.0883044584149,62.4500158716601,0.0,1,4.263256414560601e-14,0.0,0.045057551044431765,-0.6152585929681433,71.10604464122356,-63.70001399999998,9.600285619044776,71.08830445841471,-62.4500158716601,0.0,1,2.1316282072803006e-14
4.116666666666666,4116667,rear_pair_shake_4_return,0.0,0.0,72.71337018640101,0.9913169481629043,0.0,0.1314941378350599,0.0,0.0,0.0,72.71337018640101,37.907559637169165,4.310193902242986,0,feet,0.0,-0.38777496361250163,-0.184107746134198,-37.89758220517355,63.70001399999999,9.600053528653206,-37.907559637169115,62.45001590766261,0.0,1,7.105427357601002e-15,0.0,-0.3877749636124994,-0.1841077662708166,-37.89758220517366,-63.70001399999998,9.600053528653234,-37.907559637169214,-62.45001590766262,0.0,1,3.552713678800501e-14,0.0,0.046744028423741035,-0.6143656700316877,71.10499502375569,63.70001399999999,9.600287501234135,71.0883044584149,62.4500158716601,0.0,1,0.0,0.0,0.04674402842374592,-0.6143656700316846,71.10499502375549,-63.70001399999998,9.60028750123417,71.08830445841471,-62.4500158716601,0.0,1,3.552713678800501e-14
4.125,4125000,rear_pair_shake_4_return,0.0,0.0,72.62044399617778,0.9913974977650946,0.0,0.13088545154106837,0.0,0.0,0.0,72.62044399617778,37.907559637169165,4.322420823180238,0,feet,0.0,-0.38320311415533137,-0.18585372919030574,-37.922504181617256,63.70001399999999,9.60004708127768,-37.907559637169115,62.45001590766261,0.0,1,4.973799150320701e-14,0.0,-0.3832031141553296,-0.1858537495024004,-37.92250418161738,-63.70001399999998,9.600047081277658,-37.907559637169214,-62.45001590766262,0.0,1,2.842170943040401e-14,0.0,0.04880257225662854,-0.613274587612767,71.10371025688394,63.70001399999999,9.600289648895881,71.0883044584149,62.4500158716601,0.0,1,7.105427357601002e-15,0.0,0.04880257225663209,-0.6132745876127652,71.1037102568838,-63.70001399999998,9.60028964889591,71.08830445841471,-62.4500158716601,0.0,1,4.263256414560601e-14
4.133333333333334,4133333,rear_pair_shake_4_return,0.0,0.0,72.51018565828565,0.9914925862820565,0.0,0.1301631720100531,0.0,0.0,0.0,72.51018565828565,37.96451706589195,4.337061833125105,0,feet,0.0,-0.3777981315297758,-0.1879057987275492,-37.951944509679976,63.70001399999999,9.59999110992728,-37.964517065891904,60.5174807372033,0.0,1,0.0,0.0,-0.3777981315297736,-0.18790581924556582,-37.951944509680104,-63.70001399999998,9.599991109927295,-37.96451706589199,-60.5174807372033,0.0,1,1.4210854715202004e-14,0.0,0.051242874062206845,-0.6119795050389651,71.10218206072182,63.70001399999999,9.600291979595085,71.0883044584149,62.4500158716601,0.0,1,-1.4210854715202004e-14,0.0,0.05124287406221084,-0.611979505038962,71.10218206072163,-63.70001399999998,9.60029197959507,71.08830445841471,-62.4500158716601,0.0,1,-2.842170943040401e-14
4.141666666666667,4141667,rear_pair_shake_4_return,0.0,0.0,72.38241220854094,0.9916021218606237,0.0,0.12932606822102324,0.0,0.0,0.0,72.38241220854094,37.966132429531505,4.3542096639877315,0,feet,0.0,-0.37155811563942276,-0.190259860440134,-37.985904358923506,63.70001399999999,9.599975725579228,-37.96613242953148,60.91776836540593,0.0,1,1.4210854715202004e-14,0.0,-0.3715581156394214,-0.19025988119395576,-37.98590435892357,-63.70001399999998,9.599975725579228,-37.96613242953153,-60.91776836540592,0.0,1,7.105427357601002e-15,0.0,0.05406785431700856,-0.6104780256372457,71.1004058625282,63.70001399999999,9.600294382847963,71.0883044584149,62.4500158716601,0.0,1,0.0,0.0,0.05406785431701211,-0.6104780256372444,71.10040586252806,-63.70001399999998,9.600294382847999,71.08830445841471,-62.4500158716601,0.0,1,3.552713678800501e-14
4.15,4150000,rear_pair_shake_4_return,0.0,0.0,72.23721760152446,0.9917257340985088,0.0,0.1283747184097151,0.0,0.0,0.0,72.23721760152446,38.01778033223511,4.373930891400036,0,feet,0.0,-0.3644978094809086,-0.1929038655069646,-38.024290243467746,63.70001399999999,9.600001908520213,-38.01778033223508,60.30112636803076,0.0,1,-7.105427357601002e-15,0.0,-0.36449780948090726,-0.19290388652510204,-38.0242902434678,-63.70001399999998,9.600001908520227,-38.017780332235155,-60.301126368030765,0.0,1,7.105427357601002e-15,0.0,0.057274124561636164,-0.6087709724490793,71.09838054080882,63.70001399999999,9.60029672217938,71.0883044584149,62.4500158716601,0.0,1,4.263256414560601e-14,0.0,0.05727412456164016,-0.6087709724490766,71.09838054080868,-63.70001399999998,9.600296722179337,71.08830445841471,-62.4500158716601,0.0,1,0.0
4.158333333333333,4158333,rear_pair_shake_4_return,0.0,0.0,72.07495293066972,0.9918627990256866,0.0,0.12731138169437328,0.0,0.0,0.0,72.07495293066972,38.0671424172509,4.396266267203075,0,feet,0.0,-0.3566466537345008,-0.19581905511346953,-38.06692590094339,63.70001399999999,9.600004018031015,-38.06714241725086,60.147888072357176,0.0,1,-2.1316282072803006e-14,0.0,-0.35664665373449855,-0.19581907642238328,-38.06692590094346,-63.70001399999998,9.600004018031065,-38.06714241725094,-60.147888072357176,0.0,1,2.842170943040401e-14,0.0,0.06085246083903595,-0.6068621666166636,71.09610818835787,63.70001399999999,9.600298838219743,71.0883044584149,62.4500158716601,0.0,1,3.552713678800501e-14,0.0,0.060852460839039946,-0.6068621666166605,71.0961081883577,-63.70001399999998,9.600298838219736,71.08830445841471,-62.4500158716601,0.0,1,2.842170943040401e-14
4.166666666666667,4166667,rear_pair_shake_4_return,0.0,0.0,71.89620664835124,0.9920124662534671,0.0,0.12613986997660162,0.0,0.0,0.0,71.89620664835124,38.1137169399299,4.421230462194558,0,feet,0.0,-0.3480439498753789,-0.19898365732678203,-38.11358229675932,63.70001399999999,9.600005934166028,-38.11371693992986,59.97422398009301,0.0,1,0.0,0.0,-0.34804394987537757,-0.1989836789505839,-38.11358229675939,-63.70001399999998,9.600005934166035,-38.11371693992994,-59.974223980093,0.0,1,7.105427357601002e-15,0.0,0.06478828692158389,-0.6047582078172962,71.09359389423497,63.70001399999999,9.600300552753112,71.0883044584149,62.4500158716601,0.0,1,-3.552713678800501e-14,0.0,0.06478828692158789,-0.6047582078172944,71.0935938942348,-63.70001399999998,9.60030055275314,71.08830445841471,-62.4500158716601,0.0,1,-7.105427357601002e-15
4.175,4175000,rear_pair_shake_4_return,0.0,0.0,71.7017847859727,0.9921736878579662,0.0,0.12486542004223217,0.0,0.0,0.0,71.7017847859727,38.13673231496155,4.4488113513002645,0,feet,0.0,-0.3387407348789693,-0.2023709328167942,-38.16396481027772,63.70001399999999,9.599965584124945,-38.13673231496151,61.901740917708295,0.0,1,1.4210854715202004e-14,0.0,-0.3387407348789684,-0.20237095477676537,-38.163964810277776,-63.70001399999998,9.59996558412493,-38.136732314961584,-61.901740917708295,0.0,1,0.0,0.0,0.06906216538199361,-0.6024682560035353,71.0908455441998,63.70001399999999,9.600301673604136,71.0883044584149,62.4500158716601,0.0,1,-2.1316282072803006e-14,0.0,0.06906216538199716,-0.6024682560035326,71.09084554419967,-63.70001399999998,9.60030167360415,71.08830445841471,-62.4500158716601,0.0,1,0.0
4.183333333333334,4183333,rear_pair_shake_4_return,0.0,0.0,71.49269117405532,0.9923452485012751,0.0,0.12349456577899526,0.0,0.0,0.0,71.49269117405532,38.193110074496275,4.4789689907247805,0,feet,0.0,-0.32879416845268583,-0.20595353496148983,-38.217747919038615,63.70001399999999,9.599970223064162,-38.19311007449625,61.154281506932776,0.0,1,-7.105427357601002e-15,0.0,-0.3287941684526854,-0.20595355727604092,-38.21774791903863,-63.70001399999998,9.599970223064169,-38.193110074496296,-61.154281506932776,0.0,1,0.0,0.0,0.07365029427988157,-0.6000038136431094,71.0878736385725,63.70001399999999,9.60030200023511,71.0883044584149,62.4500158716601,0.0,1,1.4210854715202004e-14,0.0,0.07365029427988512,-0.6000038136431072,71.08787363857238,-63.70001399999998,9.600302000235125,71.08830445841471,-62.4500158716601,0.0,1,2.842170943040401e-14
4.191666666666666,4191667,rear_pair_shake_4_return,0.0,0.0,71.27010766232603,0.9925257962545202,0.0,0.12203501042459379,0.0,0.0,0.0,71.27010766232603,38.3501791123996,4.5116344460684985,0,feet,0.0,-0.3182773065051192,-0.20969501893088927,-38.27450970055139,63.70001399999999,9.599703799467015,-38.35017911239958,59.93398274193727,0.0,1,-7.105427357601002e-15,0.0,-0.3182773065051192,-0.20969504161468322,-38.27450970055136,-63.70001399999998,9.599703799467008,-38.350179112399616,-59.93398274193727,0.0,1,-1.4210854715202004e-14,0.0,0.07852500706159571,-0.5973785076432003,71.08469112582638,63.70001399999999,9.600301329914188,71.0883044584149,62.4500158716601,0.0,1,4.263256414560601e-14,0.0,0.0785250070615997,-0.5973785076431977,71.08469112582618,-63.70001399999998,9.600301329914146,71.08830445841471,-62.4500158716601,0.0,1,0.0
4.2,4200000,rear_pair_shake_4_return,0.0,0.0,71.03537433980571,0.9927138735700902,0.0,0.12049549876018975,0.0,0.0,0.0,71.03537433980571,38.3501791123996,4.5467086325304535,0,feet,0.0,-0.3072454668905955,-0.21357733268383994,-38.33395616816197,63.70001399999999,9.599988318402858,-38.35017911239958,59.93398274193727,0.0,1,7.105427357601002e-15,0.0,-0.3072454668905946,-0.2135773557496381,-38.33395616816201,-63.70001399999998,9.599988318402865,-38.350179112399616,-59.93398274193727,0.0,1,7.105427357601002e-15,0.0,0.08365527319556776,-0.5946078701847539,71.08131324946561,63.70001399999999,9.600299464304285,71.0883044584149,62.4500158716601,0.0,1,0.0,0.0,0.0836552731955722,-0.5946078701847521,71.08131324946544,-63.70001399999998,9.600299464304342,71.08830445841471,-62.4500158716601,0.0,1,5.684341886080802e-14
4.208333333333333,4208333,rear_pair_shake_4_return,0.0,0.0,70.78996975489753,0.9929079478534923,0.0,0.11888568916975062,0.0,0.0,0.0,70.78996975489753,38.41959726546888,4.584061323905345,0,feet,0.0,-0.2957936241586374,-0.2175528560357498,-38.395539035719125,63.70001399999999,9.599967841425148,-38.41959726546886,60.73948086590802,0.0,1,3.552713678800501e-14,0.0,-0.2957936241586374,-0.21755287949153912,-38.39553903571917,-63.70001399999998,9.599967841425098,-38.4195972654689,-60.73948086590802,0.0,1,-1.4210854715202004e-14,0.0,0.08900719707911664,-0.5917091177776017,71.07775740492214,63.70001399999999,9.60029621631471,71.0883044584149,62.4500158716601,0.0,1,1.4210854715202004e-14,0.0,0.08900719707912019,-0.5917091177775999,71.07775740492197,-63.70001399999998,9.600296216314646,71.08830445841471,-62.4500158716601,0.0,1,-4.973799150320701e-14
4.216666666666667,4216667,rear_pair_shake_4_return,0.0,0.0,70.53549113547508,0.9931064411065247,0.0,0.11721602549452365,0.0,0.0,0.0,70.53549113547508,38.46260664123572,4.623530476961449,0,feet,0.0,-0.2839950869544121,-0.22159501200210752,-38.45885743826547,63.70001399999999,9.600000080237265,-38.46260664123571,61.53205098050341,0.0,1,0.0,0.0,-0.28399508695441167,-0.22159503585320683,-38.45885743826552,-63.70001399999998,9.600000080237244,-38.462606641235745,-61.53205098050341,0.0,1,-2.1316282072803006e-14,0.0,0.09454451284563348,-0.5887009279683255,71.07404300237584,63.70001399999999,9.60029141704534,71.0883044584149,62.4500158716601,0.0,1,-4.973799150320701e-14,0.0,0.09454451284563836,-0.5887009279683229,71.07404300237567,-63.70001399999998,9.600291417045383,71.08830445841471,-62.4500158716601,0.0,1,-7.105427357601002e-15
4.225,4225000,rear_pair_shake_4_return,0.0,0.0,70.27363460897075,0.9933077581506566,0.0,0.11549760862336786,0.0,0.0,0.0,70.27363460897075,38.51140737958346,4.664922002844577,0,feet,0.0,-0.27193479016655786,-0.2256701595689572,-38.52344043437029,63.70001399999999,9.599995182890545,-38.51140737958343,60.43318737930498,0.0,1,-7.105427357601002e-15,0.0,-0.27193479016655697,-0.22567018381736315,-38.523440434370336,-63.70001399999998,9.599995182890552,-38.51140737958348,-60.43318737930498,0.0,1,0.0,0.0,0.10022907286391947,-0.5856032132803186,71.07019133062566,63.70001399999999,9.6002849226429,71.0883044584149,62.4500158716601,0.0,1,-4.263256414560601e-14,0.0,0.10022907286392346,-0.585603213280316,71.07019133062552,-63.70001399999998,9.600284922642913,71.08830445841471,-62.4500158716601,0.0,1,-2.842170943040401e-14
4.233333333333333,4233333,rear_pair_shake_4_return,0.0,0.0,70.0061754224639,0.9935103129906213,0.0,0.11374206777300006,0.0,0.0,0.0,70.0061754224639,38.595339628814166,4.708010098317189,0,feet,0.0,-0.2596961895479386,-0.2297481141147344,-38.58883090994415,63.70001399999999,9.600004419874239,-38.59533962881415,59.93915928862313,0.0,1,2.1316282072803006e-14,0.0,-0.25969618954793816,-0.22974813875949973,-38.588830909944164,-63.70001399999998,9.600004419874239,-38.59533962881418,-59.93915928862313,0.0,1,2.842170943040401e-14,0.0,0.10602132794488206,-0.5824368921291176,71.06622541648284,63.70001399999999,9.600276620870396,71.0883044584149,62.4500158716601,0.0,1,-2.1316282072803006e-14,0.0,0.10602132794488695,-0.582436892129115,71.06622541648265,-63.70001399999998,9.600276620870432,71.08830445841471,-62.4500158716601,0.0,1,1.4210854715202004e-14
4.241666666666666,4241667,rear_pair_shake_4_return,0.0,0.0,69.7349481627691,0.993712552941193,0.0,0.1119614314266158,0.0,0.0,0.0,69.7349481627691,38.62809827516551,4.752538227846443,0,feet,0.0,-0.24736538559597143,-0.23379825947699384,-38.65456021159619,63.70001399999999,9.59996676050924,-38.628098275165506,60.000671282292835,0.0,1,2.1316282072803006e-14,0.0,-0.247365385595971,-0.2337982845142168,-38.654560211596205,-63.70001399999998,9.599966760509247,-38.62809827516552,-60.00067128229284,0.0,1,2.842170943040401e-14,0.0,0.11188079754600944,-0.5792236566251021,71.06216987368796,63.70001399999999,9.600266437177915,71.0883044584149,62.4500158716601,0.0,1,-7.105427357601002e-15,0.0,0.11188079754601388,-0.5792236566251003,71.06216987368784,-63.70001399999998,9.600266437177993,71.08830445841471,-62.4500158716601,0.0,1,7.105427357601002e-14
4.25,4250000,rear_pair_shake_4_return,0.0,0.0,69.46182697652446,0.9939129802128576,0.0,0.11016799791407572,0.0,0.0,0.0,69.46182697652446,38.788489321948894,4.798220823723071,0,feet,0.0,-0.23502934237780293,-0.23779078137663445,-38.72015359176646,63.70001399999999,9.599757101260117,-38.788489321948894,61.16236294898136,0.0,1,1.4210854715202004e-14,0.0,-0.23502934237780293,-0.23779080679957687,-38.72015359176646,-63.70001399999998,9.599757101260117,-38.788489321948894,-61.162362948981354,0.0,1,1.4210854715202004e-14,0.0,0.11776652858212833,-0.575985737339864,71.05805073513476,63.70001399999999,9.600254340044941,71.0883044584149,62.4500158716601,0.0,1,1.4210854715202004e-14,0.0,0.11776652858213277,-0.5759857373398609,71.05805073513457,-63.70001399999998,9.600254340044877,71.08830445841471,-62.4500158716601,0.0,1,-4.973799150320701e-14
4.258333333333334,4258333,rear_pair_shake_4_return,0.0,0.0,69.18870579027983,0.9941101707325026,0.0,0.10837420563120381,0.0,0.0,0.0,69.18870579027983,38.8305943634513,4.844745746409259,0,feet,0.0,-0.22275544891735333,-0.24171267721654477,-38.78527378430655,63.70001399999999,9.600192877693303,-38.8305943634513,63.70001591859285,0.0,1,0.0,0.0,-0.22275544891735333,-0.24171270301727876,-38.78527378430655,-63.70001399999998,9.600192877693303,-38.8305943634513,-63.70001591859284,0.0,1,0.0,0.0,0.12363754180351583,-0.5727456652624201,71.05389526225946,63.70001399999999,9.600240345352987,71.0883044584149,62.4500158716601,0.0,1,-2.1316282072803006e-14,0.0,0.12363754180351982,-0.5727456652624183,71.05389526225932,-63.70001399999998,9.60024034535303,71.08830445841471,-62.4500158716601,0.0,1,2.1316282072803006e-14
4.266666666666667,4266667,rear_pair_shake_4_return,0.0,0.0,68.91747853058503,0.9943027900612411,0.0,0.10659250290912355,0.0,0.0,0.0,68.91747853058503,38.8305943634513,4.891777522012845,0,feet,0.0,-0.21064432203512728,-0.24552425088458607,-38.84936585460717,63.70001399999999,9.600281499775285,-38.8305943634513,63.70001591859285,0.0,1,2.842170943040401e-14,0.0,-0.21064432203512728,-0.24552427705144764,-38.84936585460721,-63.70001399999998,9.600281499775264,-38.8305943634513,-63.70001591859284,0.0,1,7.105427357601002e-15,0.0,0.1294532650809228,-0.5695260312988979,71.04973172585832,63.70001399999999,9.600224519542593,71.0883044584149,62.4500158716601,0.0,1,0.0,0.0,0.12945326508092725,-0.5695260312988952,71.0497317258582,-63.70001399999998,9.600224519542628,71.08830445841471,-62.4500158716601,0.0,1,3.552713678800501e-14
4.275,4275000,rear_pair_shake_4_return,0.0,0.0,68.65001934407817,0.9944896063609158,0.0,0.10483521755646191,0.0,0.0,0.0,68.65001934407817,38.906437467335884,4.938961348920834,0,feet,0.0,-0.19876939053374798,-0.2492083158451046,-38.91204983823289,63.70001399999999,9.600299158372913,-38.90643746733589,63.70001591889352,0.0,1,3.552713678800501e-14,0.0,-0.19876939053374798,-0.24920834236488432,-38.9120498382329,-63.70001399999998,9.600299158372891,-38.906437467335884,-63.70001591889351,0.0,1,1.4210854715202004e-14,0.0,0.13517395333303428,-0.5663492437679563,71.04558915334007,63.70001399999999,9.600206981312269,71.0883044584149,62.4500158716601,0.0,1,4.263256414560601e-14,0.0,0.13517395333303783,-0.5663492437679536,71.04558915333996,-63.70001399999998,9.600206981312262,71.08830445841471,-62.4500158716601,0.0,1,3.552713678800501e-14
4.283333333333333,4283333,rear_pair_shake_4_return,0.0,0.0,68.38816281757384,0.9946695004515623,0.0,0.10311442610730799,0.0,0.0,0.0,68.38816281757384,38.95415336597854,4.985927841875217,0,feet,0.0,-0.18720546484242728,-0.25274604885134977,-38.97293959047196,63.70001399999999,9.600283250434522,-38.95415336597854,63.700015919036375,0.0,1,7.105427357601002e-15,0.0,-0.18720546484242728,-0.2527460757091484,-38.97293959047196,-63.70001399999998,9.600283250434522,-38.95415336597854,-63.700015919036375,0.0,1,7.105427357601002e-15,0.0,0.14076109523668956,-0.5632372844097389,71.04149703849167,63.70001399999999,9.600187901638378,71.0883044584149,62.4500158716601,0.0,1,0.0,0.0,0.140761095236694,-0.5632372844097358,71.0414970384915,-63.70001399999998,9.600187901638364,71.08830445841471,-62.4500158716601,0.0,1,-1.4210854715202004e-14
4.291666666666667,4291667,rear_pair_shake_4_return,0.0,0.0,68.1336841981514,0.9948414730919752,0.0,0.10144182281578269,0.0,0.0,0.0,68.1336841981514,39.00664531212462,5.03229845971498,0,feet,0.0,-0.1760236473202288,-0.2561207816658162,-39.0316719273928,63.70001399999999,9.600266044142884,-39.00664531212462,63.700015919151575,0.0,1,-1.4210854715202004e-14,0.0,-0.1760236473202288,-0.25612080884526334,-39.03167192739279,-63.70001399999998,9.600266044142913,-39.00664531212462,-63.70001591915158,0.0,1,1.4210854715202004e-14,0.0,0.14617792935499319,-0.5602115476212912,71.03748423073638,63.70001399999999,9.600175918670303,70.98809975587952,62.45001586773867,0.0,1,7.105427357601002e-15,0.0,0.14617792935499674,-0.5602115476212881,71.03748423073627,-63.70001399999998,9.60017591867026,70.98809975587932,-62.45001586773867,0.0,1,-3.552713678800501e-14
4.3,4300000,rear_pair_shake_4_return,0.0,0.0,67.88827961324321,0.9950046497023557,0.0,0.09982858844385387,0.0,0.0,0.0,67.88827961324321,39.08636250461428,5.077691543124331,0,feet,0.0,-0.1652957186993662,-0.25931396184296185,-39.08787640403779,63.70001399999999,9.600005264711427,-39.08636250461427,59.94669713257886,0.0,1,7.105427357601002e-15,0.0,-0.1652957186993662,-0.25931398932604477,-39.08787640403779,-63.70001399999998,9.600005264711427,-39.086362504614286,-59.94669713257886,0.0,1,7.105427357601002e-15,0.0,0.1513899302996502,-0.5572926654156065,71.03357788271953,63.70001399999999,9.600195218627285,70.98809975587952,62.45001586773867,0.0,1,5.684341886080802e-14,0.0,0.15138993029965464,-0.5572926654156034,71.03357788271937,-63.70001399999998,9.600195218627292,70.98809975587932,-62.45001586773867,0.0,1,6.394884621840902e-14
4.308333333333334,4308333,rear_pair_shake_4_return,0.0,0.0,67.6535462907229,0.9951582828296252,0.0,0.09828525889263237,0.0,0.0,0.0,67.6535462907229,39.1362986664566,5.121728871409729,0,feet,0.0,-0.15507463881065853,-0.26232041735692535,-39.14130382317957,63.70001399999999,9.600002265331113,-39.1362986664566,59.9925097393973,0.0,1,7.105427357601002e-15,0.0,-0.15507463881065853,-0.2623204451252641,-39.14130382317957,-63.70001399999998,9.600002265331113,-39.1362986664566,-59.99250973939729,0.0,1,7.105427357601002e-15,0.0,0.15636411623559576,-0.5544995316399421,71.02980989913164,63.70001399999999,9.600212328887494,70.98809975587952,62.45001586773867,0.0,1,-2.1316282072803006e-14,0.0,0.15636411623559932,-0.5544995316399404,71.02980989913151,-63.70001399999998,9.600212328887508,70.98809975587932,-62.45001586773867,0.0,1,-7.105427357601002e-15
4.316666666666666,4316667,rear_pair_shake_4_return,0.0,0.0,67.4309627789936,0.9953017527301895,0.0,0.09682159372894368,0.0,0.0,0.0,67.4309627789936,39.196043037650426,5.164042632880324,0,feet,0.0,-0.14542190695851476,-0.26512565750037353,-39.19164444349033,63.70001399999999,9.599996116127251,-39.19604303765043,65.90477742429005,0.0,1,4.263256414560601e-14,0.0,-0.1454219069585152,-0.26512568553433535,-39.19164444349032,-63.70001399999998,9.599996116127244,-39.19604303765042,-65.90477742429005,0.0,1,3.552713678800501e-14,0.0,0.16107073658025284,-0.5518499681058224,71.02620795993974,63.70001399999999,9.600227302546458,70.98809975587952,62.45001586773867,0.0,1,5.684341886080802e-14,0.0,0.16107073658025728,-0.5518499681058184,71.02620795993953,-63.70001399999998,9.600227302546351,70.98809975587932,-62.45001586773867,0.0,1,-4.973799150320701e-14
4.325,4325000,rear_pair_shake_4_return,0.0,0.0,67.22186916707622,0.9954345665095287,0.0,0.09544644465870253,0.0,0.0,0.0,67.22186916707622,39.31224530303281,5.204282692062847,0,feet,0.0,-0.13638749409600281,-0.26772168824373566,-39.23865680628187,63.70001399999999,9.600013467945338,-39.31224530303281,63.70001591896379,0.0,1,2.842170943040401e-14,0.0,-0.13638749409600237,-0.2677217165230483,-39.23865680628188,-63.70001399999998,9.600013467945338,-39.31224530303282,-63.7000159189638,0.0,1,2.842170943040401e-14,0.0,0.165483142481071,-0.5493601463349052,71.0227981670962,63.70001399999999,9.600240232204285,70.98809975587952,62.45001586773867,0.0,1,4.263256414560601e-14,0.0,0.16548314248107543,-0.549360146334902,71.02279816709601,-63.70001399999998,9.6002402322043,70.98809975587932,-62.45001586773867,0.0,1,5.684341886080802e-14
4.333333333333333,4333333,rear_pair_shake_4_return,0.0,0.0,67.02744730469769,0.9955563563107793,0.0,0.09416762399681014,0.0,0.0,0.0,67.02744730469769,39.31224530303281,5.24212402892438,0,feet,0.0,-0.12801149509678256,-0.2701050230219364,-39.28215830807426,63.70001399999999,9.60024836263728,-39.31224530303281,63.70001591896379,0.0,1,0.0,0.0,-0.12801149509678256,-0.27010505152611053,-39.28215830807426,-63.70001399999998,9.60024836263728,-39.31224530303282,-63.7000159189638,0.0,1,0.0,0.0,0.16957813871556615,-0.5470443450204758,71.01960453630097,63.70001399999999,9.600251243826143,70.98809975587952,62.45001586773867,0.0,1,4.263256414560601e-14,0.0,0.1695781387155706,-0.5470443450204723,71.01960453630082,-63.70001399999998,9.600251243826108,70.98809975587932,-62.45001586773867,0.0,1,7.105427357601002e-15
4.341666666666667,4341667,rear_pair_shake_4_return,0.0,0.0,66.8487010223792,0.9956668770832903,0.0,0.09299177318025585,0.0,0.0,0.0,66.8487010223792,39.326713466059246,5.277274220657546,0,feet,0.0,-0.12033724154828951,-0.27226568209636337,-39.3219343575276,63.70001399999999,9.600304298330272,-39.32671346605923,63.700015918920016,0.0,1,-2.1316282072803006e-14,0.0,-0.12033724154828906,-0.2722657108040698,-39.32193435752763,-63.70001399999998,9.600304298330258,-39.32671346605926,-63.700015918920016,0.0,1,-3.552713678800501e-14,0.0,0.17333633347235144,-0.5449147088038568,71.01664847034804,63.70001399999999,9.60026048952195,70.98809975587952,62.45001586773867,0.0,1,7.105427357601002e-15,0.0,0.17333633347235589,-0.5449147088038542,71.01664847034789,-63.70001399999998,9.600260489522,70.98809975587932,-62.45001586773867,0.0,1,5.684341886080802e-14
4.35,4350000,rear_pair_shake_4_return,0.0,0.0,66.68643635152446,0.9957660044847679,0.0,0.09192423136714856,0.0,0.0,0.0,66.68643635152446,39.326713466059246,5.309480835553302,0,feet,0.0,-0.11339141964816069,-0.27420268071031373,-39.35786780393677,63.70001399999999,9.600254937638312,-39.32671346605923,63.700015918920016,0.0,1,-7.105427357601002e-15,0.0,-0.11339141964815935,-0.2742027096002295,-39.35786780393681,-63.70001399999998,9.600254937638361,-39.32671346605926,-63.700015918920016,0.0,1,4.263256414560601e-14,0.0,0.1767424885577875,-0.5429810084131228,71.01394822322263,63.70001399999999,9.600268139615125,70.98809975587952,62.45001586773867,0.0,1,-4.263256414560601e-14,0.0,0.17674248855779195,-0.5429810084131197,71.01394822322249,-63.70001399999998,9.600268139615146,70.98809975587932,-62.45001586773867,0.0,1,-1.4210854715202004e-14
4.358333333333333,4358333,rear_pair_shake_4_return,0.0,0.0,66.54124174450799,0.9958537334749349,0.0,0.09096890415979218,0.0,0.0,0.0,66.54124174450799,39.326713466059246,5.338538611224465,0,feet,0.0,-0.10719329317881732,-0.27591602219538514,-39.38987758772274,63.70001399999999,9.600097695031657,-39.32671346605923,63.700015918920016,0.0,1,7.105427357601002e-15,0.0,-0.10719329317881643,-0.27591605124626906,-39.38987758772278,-63.70001399999998,9.600097695031664,-39.32671346605926,-63.700015918920016,0.0,1,1.4210854715202004e-14,0.0,0.1797858726086221,-0.5412504021209981,71.01151836491172,63.70001399999999,9.600274374439785,70.98809975587952,62.45001586773867,0.0,1,7.105427357601002e-15,0.0,0.17978587260862566,-0.5412504021209954,71.01151836491154,-63.70001399999998,9.600274374439763,70.98809975587932,-62.45001586773867,0.0,1,-7.105427357601002e-15
4.366666666666666,4366667,rear_pair_shake_4_return,0.0,0.0,66.41346829476328,0.9959301781424209,0.0,0.09012813248484525,0.0,0.0,0.0,66.41346829476328,39.440267170544374,5.364296296178637,0,feet,0.0,-0.1017500862372569,-0.2774099038107414,-39.41794684718931,63.70001399999999,9.599972529889278,-39.44026717054437,60.74619282880431,0.0,1,2.1316282072803006e-14,0.0,-0.1017500862372569,-0.27740993300182293,-39.41794684718931,-63.70001399999998,9.599972529889278,-39.44026717054439,-60.74619282880431,0.0,1,2.1316282072803006e-14,0.0,0.18246061982984507,-0.5397271984064154,71.00936925717569,63.70001399999999,9.600279376356163,70.98809975587952,62.45001586773867,0.0,1,4.973799150320701e-14,0.0,0.18246061982984996,-0.5397271984064123,71.00936925717549,-63.70001399999998,9.600279376356184,70.98809975587932,-62.45001586773867,0.0,1,7.105427357601002e-14
4.375,4375000,rear_pair_shake_4_return,0.0,0.0,66.30320995687114,0.9959955732677542,0.0,0.08940256165814095,0.0,0.0,0.0,66.30320995687114,39.440267170544374,5.386663044790126,0,feet,0.0,-0.09705913544944478,-0.27869042379138564,-39.44210862622213,63.70001399999999,9.599998301067771,-39.44026717054437,60.74619282880431,0.0,1,0.0,0.0,-0.09705913544944478,-0.2786904531025285,-39.44210862622213,-63.70001399999998,9.599998301067771,-39.44026717054439,-60.74619282880431,0.0,1,0.0,0.0,0.1847660966076945,-0.5384126196546073,71.00750655023924,63.70001399999999,9.60028332249135,70.98809975587952,62.45001586773867,0.0,1,-5.684341886080802e-14,0.0,0.18476609660769938,-0.5384126196546042,71.00750655023904,-63.70001399999998,9.600283322491393,70.98809975587932,-62.45001586773867,0.0,1,-1.4210854715202004e-14
4.383333333333334,4383333,rear_pair_shake_4_return,0.0,0.0,66.21028376664792,0.9960502780616632,0.0,0.08879101065582838,0.0,0.0,0.0,66.21028376664792,39.45938243187273,5.405614271501207,0,feet,0.0,-0.09311198423852396,-0.27976185024200895,-39.4624161176723,63.70001399999999,9.599997526012132,-39.45938243187271,60.73333348422281,0.0,1,-7.105427357601002e-15,0.0,-0.09311198423852396,-0.27976187965352795,-39.46241611767233,-63.70001399999998,9.599997526012096,-39.459382431872754,-60.73333348422281,0.0,1,-4.263256414560601e-14,0.0,0.1867072780595671,-0.5373045667057998,71.00593070944608,63.70001399999999,9.600286378690392,70.98809975587952,62.45001586773867,0.0,1,-3.552713678800501e-14,0.0,0.186707278059572,-0.5373045667057972,71.00593070944592,-63.70001399999998,9.600286378690441,70.98809975587932,-62.45001586773867,0.0,1,1.4210854715202004e-14
4.391666666666667,4391667,rear_pair_shake_4_return,0.0,0.0,66.13421006123373,0.9960947824273236,0.0,0.08829034160689798,0.0,0.0,0.0,66.13421006123373,39.477052015560105,5.42119689114007,0,feet,0.0,-0.08988456300571235,-0.28063402325337305,-39.47900537600092,63.70001399999999,9.600004473175382,-39.477052015560105,60.71151150841919,0.0,1,1.4210854715202004e-14,0.0,-0.08988456300571235,-0.2806340527465494,-39.47900537600092,-63.70001399999998,9.600004473175382,-39.477052015560105,-60.71151150841919,0.0,1,1.4210854715202004e-14,0.0,0.18829513616550964,-0.5363973840616789,71.00463657936001,63.70001399999999,9.60028869509889,70.98809975587952,62.45001586773867,0.0,1,2.1316282072803006e-14,0.0,0.18829513616551408,-0.5363973840616758,71.00463657935983,-63.70001399999998,9.600288695098897,70.98809975587932,-62.45001586773867,0.0,1,2.842170943040401e-14
4.4,4400000,rear_pair_shake_4_return,0.0,0.0,66.07419269918071,0.9961297159755558,0.0,0.0878953295144772,0.0,0.0,0.0,66.07419269918071,39.48805781796537,5.433533899244793,0,feet,0.0,-0.08734106927608698,-0.2813187585551118,-39.4920690308012,63.70001399999999,9.599998371404311,-39.48805781796538,66.27374638689588,0.0,1,2.842170943040401e-14,0.0,-0.08734106927608698,-0.2813187881123618,-39.4920690308012,-63.70001399999998,9.599998371404311,-39.48805781796536,-66.27374638689588,0.0,1,2.842170943040401e-14,0.0,0.18954704057041605,-0.5356816255776122,71.00361299059301,63.70001399999999,9.600290403697286,70.98809975587952,62.45001586773867,0.0,1,-2.842170943040401e-14,0.0,0.18954704057042138,-0.5356816255776091,71.00361299059281,-63.70001399999998,9.600290403697322,70.98809975587932,-62.45001586773867,0.0,1,7.105427357601002e-15
4.408333333333333,4408333,rear_pair_shake_4_return,0.0,0.0,66.02909928054133,0.9961558598711913,0.0,0.08759853220395639,0.0,0.0,0.0,66.02909928054133,39.50719737387419,5.442828280030319,0,feet,0.0,-0.08543134297968713,-0.2818315114878702,-39.5018720351754,63.70001399999999,9.60000273979955,-39.50719737387419,59.93459691168532,0.0,1,0.0,0.0,-0.08543134297968713,-0.28183154109308184,-39.5018720351754,-63.70001399999998,9.60000273979955,-39.507197373874185,-59.93459691168532,0.0,1,0.0,0.0,0.19048717244349245,-0.5351438204996537,71.00284241181755,63.70001399999999,9.600291617959819,70.98809975587952,62.45001586773867,0.0,1,-2.1316282072803006e-14,0.0,0.1904871724434969,-0.5351438204996524,71.00284241181741,-63.70001399999998,9.60029161795989,70.98809975587932,-62.45001586773867,0.0,1,4.973799150320701e-14
4.416666666666667,4416667,rear_pair_shake_4_return,0.0,0.0,65.99744136695656,0.9961741614047841,0.0,0.08739016048431954,0.0,0.0,0.0,65.99744136695656,39.50719737387419,5.449366271038038,0,feet,0.0,-0.08409138896780943,-0.2821905253931649,-39.508747294519424,63.70001399999999,9.600004091725054,-39.50719737387419,59.93459691168532,0.0,1,3.552713678800501e-14,0.0,-0.08409138896781032,-0.2821905550319479,-39.50874729451941,-63.70001399999998,9.600004091725033,-39.507197373874185,-59.93459691168532,0.0,1,1.4210854715202004e-14,0.0,0.19114695092378797,-0.5347662397385671,71.0023006460281,63.70001399999999,9.60029243463417,70.98809975587952,62.45001586773867,0.0,1,5.684341886080802e-14,0.0,0.1911469509237924,-0.5347662397385644,71.00230064602795,-63.70001399999998,9.60029243463417,70.98809975587932,-62.45001586773867,0.0,1,5.684341886080802e-14
4.425,4425000,rear_pair_shake_4_return,0.0,0.0,65.97735470174419,0.9961857509644396,0.0,0.08725794849419433,0.0,0.0,0.0,65.97735470174419,39.50719737387419,5.453520063551068,0,feet,0.0,-0.08324156088860013,-0.2824178791811396,-39.51310641068942,63.70001399999999,9.600002398264031,-39.50719737387419,59.93459691168532,0.0,1,7.105427357601002e-15,0.0,-0.08324156088860013,-0.28241790884117757,-39.51310641068943,-63.70001399999998,9.60000239826401,-39.507197373874185,-59.93459691168532,0.0,1,-1.4210854715202004e-14,0.0,0.19156547066002094,-0.5345266622963196,71.00195656621585,63.70001399999999,9.600292937435775,70.98809975587952,62.45001586773867,0.0,1,-1.0658141036401503e-13,0.0,0.19156547066002583,-0.5345266622963178,71.00195656621572,-63.70001399999998,9.600292937435881,70.98809975587932,-62.45001586773867,0.0,1,0.0
4.433333333333334,4433333,rear_pair_shake_4_return,0.0,0.0,65.96657942998704,0.996191960825683,0.0,0.0871870241852597,0.0,0.0,0.0,65.96657942998704,39.59003448627551,5.4557500775509595,0,feet,0.0,-0.082785593921892,-0.2825398627560505,-39.5154450855228,63.70001399999999,9.600012173199218,-39.59003448627553,63.70001591752033,0.0,1,-2.1316282072803006e-14,0.0,-0.08278559392189244,-0.2825398924274931,-39.51544508552275,-63.70001399999998,9.600012173199268,-39.5900344862755,-63.70001591752033,0.0,1,2.842170943040401e-14,0.0,0.19178994776197866,-0.5343981417612245,71.00177188127836,63.70001399999999,9.60029320222882,70.98809975587952,62.45001586773867,0.0,1,-7.105427357601002e-15,0.0,0.1917899477619831,-0.5343981417612218,71.00177188127822,-63.70001399999998,9.600293202228848,70.98809975587932,-62.45001586773867,0.0,1,2.1316282072803006e-14
4.441666666666666,4441667,rear_pair_shake_4_return,0.0,0.0,65.96244031862123,0.9961943448808908,0.0,0.08715977987198482,0.0,0.0,0.0,65.96244031862123,39.59003448627551,5.45660702028799,0,feet,0.0,-0.08261040607347292,-0.2825867413623304,-39.51634362869818,63.70001399999999,9.600019112574088,-39.59003448627553,63.70001591752033,0.0,1,0.0,0.0,-0.08261040607347336,-0.282586771038154,-39.516343628698166,-63.70001399999998,9.600019112574088,-39.5900344862755,-63.70001591752033,0.0,1,0.0,0.0,0.19187617011168934,-0.5343487727545435,71.00170091825161,63.70001399999999,9.60029330302757,70.98809975587952,62.45001586773867,0.0,1,-7.105427357601002e-15,0.0,0.19187617011169378,-0.5343487727545417,71.00170091825144,-63.70001399999998,9.60029330302762,70.98809975587932,-62.45001586773867,0.0,1,4.263256414560601e-14
4.45,4450000,rear_pair_shake_4_return,0.0,0.0,65.96182697652446,0.9961946980917455,0.0,0.08715574274765817,0.0,0.0,0.0,65.96182697652446,39.59003448627551,5.456734019237587,0,feet,0.0,-0.08258444738456339,-0.28259368670452023,-39.51647676783386,63.70001399999999,9.60002013364224,-39.59003448627553,63.70001591752033,0.0,1,2.1316282072803006e-14,0.0,-0.08258444738456383,-0.28259371638099307,-39.51647676783385,-63.70001399999998,9.600020133642225,-39.5900344862755,-63.70001591752033,0.0,1,7.105427357601002e-15,0.0,0.1918889464267859,-0.5343414571368812,71.00169040186354,63.70001399999999,9.600293317920915,70.98809975587952,62.45001586773867,0.0,1,6.394884621840902e-14,0.0,0.19188894642679122,-0.5343414571368768,71.0016904018633,-63.70001399999998,9.60029331792083,70.98809975587932,-62.45001586773867,0.0,1,-1.4210854715202004e-14
4.458333333333333,4458333,rear_pair_shake_5,0.0,0.0,65.96244031862123,0.9961943448808908,0.0,0.08715977987198482,0.0,0.0,0.0,65.96244031862123,39.59003448627551,5.45660702028799,0,feet,0.0,-0.08261040607347292,-0.2825867413623304,-39.51634362869818,63.70001399999999,9.600019112574088,-39.59003448627553,63.70001591752033,0.0,1,0.0,0.0,-0.08261040607347336,-0.282586771038154,-39.516343628698166,-63.70001399999998,9.600019112574088,-39.5900344862755,-63.70001591752033,0.0,1,0.0,0.0,0.19187617011168934,-0.5343487727545435,71.00170091825161,63.70001399999999,9.60029330302757,70.98809975587952,62.45001586773867,0.0,1,-7.105427357601002e-15,0.0,0.19187617011169378,-0.5343487727545417,71.00170091825144,-63.70001399999998,9.60029330302762,70.98809975587932,-62.45001586773867,0.0,1,4.263256414560601e-14
4.466666666666667,4466667,rear_pair_shake_5,0.0,0.0,65.96657942998704,0.996191960825683,0.0,0.0871870241852597,0.0,0.0,0.0,65.96657942998704,39.59003448627551,5.4557500775509595,0,feet,0.0,-0.082785593921892,-0.2825398627560505,-39.5154450855228,63.70001399999999,9.600012173199218,-39.59003448627553,63.70001591752033,0.0,1,-2.1316282072803006e-14,0.0,-0.08278559392189244,-0.2825398924274931,-39.51544508552275,-63.70001399999998,9.600012173199268,-39.5900344862755,-63.70001591752033,0.0,1,2.842170943040401e-14,0.0,0.19178994776197866,-0.5343981417612245,71.00177188127836,63.70001399999999,9.60029320222882,70.98809975587952,62.45001586773867,0.0,1,-7.105427357601002e-15,0.0,0.1917899477619831,-0.5343981417612218,71.00177188127822,-63.70001399999998,9.600293202228848,70.98809975587932,-62.45001586773867,0.0,1,2.1316282072803006e-14
4.475,4475000,rear_pair_shake_5,0.0,0.0,65.97735470174419,0.9961857509644396,0.0,0.08725794849419433,0.0,0.0,0.0,65.97735470174419,39.50719737387419,5.453520063551068,0,feet,0.0,-0.08324156088860013,-0.2824178791811396,-39.51310641068942,63.70001399999999,9.600002398264031,-39.50719737387419,59.93459691168532,0.0,1,7.105427357601002e-15,0.0,-0.08324156088860013,-0.28241790884117757,-39.51310641068943,-63.70001399999998,9.60000239826401,-39.507197373874185,-59.93459691168532,0.0,1,-1.4210854715202004e-14,0.0,0.19156547066002094,-0.5345266622963196,71.00195656621585,63.70001399999999,9.600292937435775,70.98809975587952,62.45001586773867,0.0,1,-1.0658141036401503e-13,0.0,0.19156547066002583,-0.5345266622963178,71.00195656621572,-63.70001399999998,9.600292937435881,70.98809975587932,-62.45001586773867,0.0,1,0.0
4.483333333333333,4483333,rear_pair_shake_5,0.0,0.0,65.99744136695656,0.9961741614047841,0.0,0.08739016048431954,0.0,0.0,0.0,65.99744136695656,39.50719737387419,5.449366271038038,0,feet,0.0,-0.08409138896780943,-0.2821905253931649,-39.508747294519424,63.70001399999999,9.600004091725054,-39.50719737387419,59.93459691168532,0.0,1,3.552713678800501e-14,0.0,-0.08409138896781032,-0.2821905550319479,-39.50874729451941,-63.70001399999998,9.600004091725033,-39.507197373874185,-59.93459691168532,0.0,1,1.4210854715202004e-14,0.0,0.19114695092378797,-0.5347662397385671,71.0023006460281,63.70001399999999,9.60029243463417,70.98809975587952,62.45001586773867,0.0,1,5.684341886080802e-14,0.0,0.1911469509237924,-0.5347662397385644,71.00230064602795,-63.70001399999998,9.60029243463417,70.98809975587932,-62.45001586773867,0.0,1,5.684341886080802e-14
4.491666666666666,4491667,rear_pair_shake_5,0.0,0.0,66.02909928054133,0.9961558598711913,0.0,0.08759853220395639,0.0,0.0,0.0,66.02909928054133,39.50719737387419,5.442828280030319,0,feet,0.0,-0.08543134297968713,-0.2818315114878702,-39.5018720351754,63.70001399999999,9.60000273979955,-39.50719737387419,59.93459691168532,0.0,1,0.0,0.0,-0.08543134297968713,-0.28183154109308184,-39.5018720351754,-63.70001399999998,9.60000273979955,-39.507197373874185,-59.93459691168532,0.0,1,0.0,0.0,0.19048717244349245,-0.5351438204996537,71.00284241181755,63.70001399999999,9.600291617959819,70.98809975587952,62.45001586773867,0.0,1,-2.1316282072803006e-14,0.0,0.1904871724434969,-0.5351438204996524,71.00284241181741,-63.70001399999998,9.60029161795989,70.98809975587932,-62.45001586773867,0.0,1,4.973799150320701e-14
4.5,4500000,rear_pair_shake_5,0.0,0.0,66.07419269918071,0.9961297159755558,0.0,0.0878953295144772,0.0,0.0,0.0,66.07419269918071,39.48805781796537,5.433533899244793,0,feet,0.0,-0.08734106927608698,-0.2813187585551118,-39.4920690308012,63.70001399999999,9.599998371404311,-39.48805781796538,66.27374638689588,0.0,1,2.842170943040401e-14,0.0,-0.08734106927608698,-0.2813187881123618,-39.4920690308012,-63.70001399999998,9.599998371404311,-39.48805781796536,-66.27374638689588,0.0,1,2.842170943040401e-14,0.0,0.18954704057041605,-0.5356816255776122,71.00361299059301,63.70001399999999,9.600290403697286,70.98809975587952,62.45001586773867,0.0,1,-2.842170943040401e-14,0.0,0.18954704057042138,-0.5356816255776091,71.00361299059281,-63.70001399999998,9.600290403697322,70.98809975587932,-62.45001586773867,0.0,1,7.105427357601002e-15
4.508333333333334,4508333,rear_pair_shake_5,0.0,0.0,66.13421006123373,0.9960947824273236,0.0,0.08829034160689798,0.0,0.0,0.0,66.13421006123373,39.477052015560105,5.42119689114007,0,feet,0.0,-0.08988456300571235,-0.28063402325337305,-39.47900537600092,63.70001399999999,9.600004473175382,-39.477052015560105,60.71151150841919,0.0,1,1.4210854715202004e-14,0.0,-0.08988456300571235,-0.2806340527465494,-39.47900537600092,-63.70001399999998,9.600004473175382,-39.477052015560105,-60.71151150841919,0.0,1,1.4210854715202004e-14,0.0,0.18829513616550964,-0.5363973840616789,71.00463657936001,63.70001399999999,9.60028869509889,70.98809975587952,62.45001586773867,0.0,1,2.1316282072803006e-14,0.0,0.18829513616551408,-0.5363973840616758,71.00463657935983,-63.70001399999998,9.600288695098897,70.98809975587932,-62.45001586773867,0.0,1,2.842170943040401e-14
4.516666666666667,4516667,rear_pair_shake_5,0.0,0.0,66.21028376664792,0.9960502780616632,0.0,0.08879101065582838,0.0,0.0,0.0,66.21028376664792,39.45938243187273,5.405614271501207,0,feet,0.0,-0.09311198423852396,-0.27976185024200895,-39.4624161176723,63.70001399999999,9.599997526012132,-39.45938243187271,60.73333348422281,0.0,1,-7.105427357601002e-15,0.0,-0.09311198423852396,-0.27976187965352795,-39.46241611767233,-63.70001399999998,9.599997526012096,-39.459382431872754,-60.73333348422281,0.0,1,-4.263256414560601e-14,0.0,0.1867072780595671,-0.5373045667057998,71.00593070944608,63.70001399999999,9.600286378690392,70.98809975587952,62.45001586773867,0.0,1,-3.552713678800501e-14,0.0,0.186707278059572,-0.5373045667057972,71.00593070944592,-63.70001399999998,9.600286378690441,70.98809975587932,-62.45001586773867,0.0,1,1.4210854715202004e-14
4.525,4525000,rear_pair_shake_5,0.0,0.0,66.30320995687114,0.9959955732677542,0.0,0.08940256165814095,0.0,0.0,0.0,66.30320995687114,39.440267170544374,5.386663044790126,0,feet,0.0,-0.09705913544944478,-0.27869042379138564,-39.44210862622213,63.70001399999999,9.599998301067771,-39.44026717054437,60.74619282880431,0.0,1,0.0,0.0,-0.09705913544944478,-0.2786904531025285,-39.44210862622213,-63.70001399999998,9.599998301067771,-39.44026717054439,-60.74619282880431,0.0,1,0.0,0.0,0.1847660966076945,-0.5384126196546073,71.00750655023924,63.70001399999999,9.60028332249135,70.98809975587952,62.45001586773867,0.0,1,-5.684341886080802e-14,0.0,0.18476609660769938,-0.5384126196546042,71.00750655023904,-63.70001399999998,9.600283322491393,70.98809975587932,-62.45001586773867,0.0,1,-1.4210854715202004e-14
4.533333333333333,4533333,rear_pair_shake_5,0.0,0.0,66.41346829476328,0.9959301781424209,0.0,0.09012813248484525,0.0,0.0,0.0,66.41346829476328,39.440267170544374,5.364296296178637,0,feet,0.0,-0.1017500862372569,-0.2774099038107414,-39.41794684718931,63.70001399999999,9.599972529889278,-39.44026717054437,60.74619282880431,0.0,1,2.1316282072803006e-14,0.0,-0.1017500862372569,-0.27740993300182293,-39.41794684718931,-63.70001399999998,9.599972529889278,-39.44026717054439,-60.74619282880431,0.0,1,2.1316282072803006e-14,0.0,0.18246061982984507,-0.5397271984064154,71.00936925717569,63.70001399999999,9.600279376356163,70.98809975587952,62.45001586773867,0.0,1,4.973799150320701e-14,0.0,0.18246061982984996,-0.5397271984064123,71.00936925717549,-63.70001399999998,9.600279376356184,70.98809975587932,-62.45001586773867,0.0,1,7.105427357601002e-14
4.541666666666667,4541667,rear_pair_shake_5,0.0,0.0,66.54124174450799,0.9958537334749349,0.0,0.09096890415979218,0.0,0.0,0.0,66.54124174450799,39.326713466059246,5.338538611224465,0,feet,0.0,-0.10719329317881732,-0.27591602219538514,-39.38987758772274,63.70001399999999,9.600097695031657,-39.32671346605923,63.700015918920016,0.0,1,7.105427357601002e-15,0.0,-0.10719329317881643,-0.27591605124626906,-39.38987758772278,-63.70001399999998,9.600097695031664,-39.32671346605926,-63.700015918920016,0.0,1,1.4210854715202004e-14,0.0,0.1797858726086221,-0.5412504021209981,71.01151836491172,63.70001399999999,9.600274374439785,70.98809975587952,62.45001586773867,0.0,1,7.105427357601002e-15,0.0,0.17978587260862566,-0.5412504021209954,71.01151836491154,-63.70001399999998,9.600274374439763,70.98809975587932,-62.45001586773867,0.0,1,-7.105427357601002e-15
4.55,4550000,rear_pair_shake_5,0.0,0.0,66.68643635152446,0.9957660044847679,0.0,0.09192423136714856,0.0,0.0,0.0,66.68643635152446,39.326713466059246,5.309480835553302,0,feet,0.0,-0.11339141964816069,-0.27420268071031373,-39.35786780393677,63.70001399999999,9.600254937638312,-39.32671346605923,63.700015918920016,0.0,1,-7.105427357601002e-15,0.0,-0.11339141964815935,-0.2742027096002295,-39.35786780393681,-63.70001399999998,9.600254937638361,-39.32671346605926,-63.700015918920016,0.0,1,4.263256414560601e-14,0.0,0.1767424885577875,-0.5429810084131228,71.01394822322263,63.70001399999999,9.600268139615125,70.98809975587952,62.45001586773867,0.0,1,-4.263256414560601e-14,0.0,0.17674248855779195,-0.5429810084131197,71.01394822322249,-63.70001399999998,9.600268139615146,70.98809975587932,-62.45001586773867,0.0,1,-1.4210854715202004e-14
4.558333333333334,4558333,rear_pair_shake_5,0.0,0.0,66.8487010223792,0.9956668770832903,0.0,0.09299177318025585,0.0,0.0,0.0,66.8487010223792,39.326713466059246,5.277274220657546,0,feet,0.0,-0.12033724154828951,-0.27226568209636337,-39.3219343575276,63.70001399999999,9.600304298330272,-39.32671346605923,63.700015918920016,0.0,1,-2.1316282072803006e-14,0.0,-0.12033724154828906,-0.2722657108040698,-39.32193435752763,-63.70001399999998,9.600304298330258,-39.32671346605926,-63.700015918920016,0.0,1,-3.552713678800501e-14,0.0,0.17333633347235144,-0.5449147088038568,71.01664847034804,63.70001399999999,9.60026048952195,70.98809975587952,62.45001586773867,0.0,1,7.105427357601002e-15,0.0,0.17333633347235589,-0.5449147088038542,71.01664847034789,-63.70001399999998,9.600260489522,70.98809975587932,-62.45001586773867,0.0,1,5.684341886080802e-14
4.566666666666666,4566667,rear_pair_shake_5,0.0,0.0,67.02744730469769,0.9955563563107793,0.0,0.09416762399681014,0.0,0.0,0.0,67.02744730469769,39.31224530303281,5.24212402892438,0,feet,0.0,-0.12801149509678256,-0.2701050230219364,-39.28215830807426,63.70001399999999,9.60024836263728,-39.31224530303281,63.70001591896379,0.0,1,0.0,0.0,-0.12801149509678256,-0.27010505152611053,-39.28215830807426,-63.70001399999998,9.60024836263728,-39.31224530303282,-63.7000159189638,0.0,1,0.0,0.0,0.16957813871556615,-0.5470443450204758,71.01960453630097,63.70001399999999,9.600251243826143,70.98809975587952,62.45001586773867,0.0,1,4.263256414560601e-14,0.0,0.1695781387155706,-0.5470443450204723,71.01960453630082,-63.70001399999998,9.600251243826108,70.98809975587932,-62.45001586773867,0.0,1,7.105427357601002e-15
4.575,4575000,rear_pair_shake_5,0.0,0.0,67.22186916707622,0.9954345665095287,0.0,0.09544644465870253,0.0,0.0,0.0,67.22186916707622,39.31224530303281,5.204282692062847,0,feet,0.0,-0.13638749409600281,-0.26772168824373566,-39.23865680628187,63.70001399999999,9.600013467945338,-39.31224530303281,63.70001591896379,0.0,1,2.842170943040401e-14,0.0,-0.13638749409600237,-0.2677217165230483,-39.23865680628188,-63.70001399999998,9.600013467945338,-39.31224530303282,-63.7000159189638,0.0,1,2.842170943040401e-14,0.0,0.165483142481071,-0.5493601463349052,71.0227981670962,63.70001399999999,9.600240232204285,70.98809975587952,62.45001586773867,0.0,1,4.263256414560601e-14,0.0,0.16548314248107543,-0.549360146334902,71.02279816709601,-63.70001399999998,9.6002402322043,70.98809975587932,-62.45001586773867,0.0,1,5.684341886080802e-14
4.583333333333333,4583333,rear_pair_shake_5,0.0,0.0,67.4309627789936,0.9953017527301895,0.0,0.09682159372894368,0.0,0.0,0.0,67.4309627789936,39.196043037650426,5.164042632880324,0,feet,0.0,-0.14542190695851476,-0.26512565750037353,-39.19164444349033,63.70001399999999,9.599996116127251,-39.19604303765043,65.90477742429005,0.0,1,4.263256414560601e-14,0.0,-0.1454219069585152,-0.26512568553433535,-39.19164444349032,-63.70001399999998,9.599996116127244,-39.19604303765042,-65.90477742429005,0.0,1,3.552713678800501e-14,0.0,0.16107073658025284,-0.5518499681058224,71.02620795993974,63.70001399999999,9.600227302546458,70.98809975587952,62.45001586773867,0.0,1,5.684341886080802e-14,0.0,0.16107073658025728,-0.5518499681058184,71.02620795993953,-63.70001399999998,9.600227302546351,70.98809975587932,-62.45001586773867,0.0,1,-4.973799150320701e-14
4.591666666666667,4591667,rear_pair_shake_5,0.0,0.0,67.6535462907229,0.9951582828296252,0.0,0.09828525889263237,0.0,0.0,0.0,67.6535462907229,39.1362986664566,5.121728871409729,0,feet,0.0,-0.15507463881065853,-0.26232041735692535,-39.14130382317957,63.70001399999999,9.600002265331113,-39.1362986664566,59.9925097393973,0.0,1,7.105427357601002e-15,0.0,-0.15507463881065853,-0.2623204451252641,-39.14130382317957,-63.70001399999998,9.600002265331113,-39.1362986664566,-59.99250973939729,0.0,1,7.105427357601002e-15,0.0,0.15636411623559576,-0.5544995316399421,71.02980989913164,63.70001399999999,9.600212328887494,70.98809975587952,62.45001586773867,0.0,1,-2.1316282072803006e-14,0.0,0.15636411623559932,-0.5544995316399404,71.02980989913151,-63.70001399999998,9.600212328887508,70.98809975587932,-62.45001586773867,0.0,1,-7.105427357601002e-15
4.6,4600000,rear_pair_shake_5,0.0,0.0,67.88827961324321,0.9950046497023557,0.0,0.09982858844385387,0.0,0.0,0.0,67.88827961324321,39.08636250461428,5.077691543124331,0,feet,0.0,-0.1652957186993662,-0.25931396184296185,-39.08787640403779,63.70001399999999,9.600005264711427,-39.08636250461427,59.94669713257886,0.0,1,7.105427357601002e-15,0.0,-0.1652957186993662,-0.25931398932604477,-39.08787640403779,-63.70001399999998,9.600005264711427,-39.086362504614286,-59.94669713257886,0.0,1,7.105427357601002e-15,0.0,0.1513899302996502,-0.5572926654156065,71.03357788271953,63.70001399999999,9.600195218627285,70.98809975587952,62.45001586773867,0.0,1,5.684341886080802e-14,0.0,0.15138993029965464,-0.5572926654156034,71.03357788271937,-63.70001399999998,9.600195218627292,70.98809975587932,-62.45001586773867,0.0,1,6.394884621840902e-14
4.608333333333333,4608333,rear_pair_shake_5,0.0,0.0,68.1336841981514,0.9948414730919752,0.0,0.10144182281578269,0.0,0.0,0.0,68.1336841981514,39.00664531212462,5.03229845971498,0,feet,0.0,-0.1760236473202288,-0.2561207816658162,-39.0316719273928,63.70001399999999,9.600266044142884,-39.00664531212462,63.700015919151575,0.0,1,-1.4210854715202004e-14,0.0,-0.1760236473202288,-0.25612080884526334,-39.03167192739279,-63.70001399999998,9.600266044142913,-39.00664531212462,-63.70001591915158,0.0,1,1.4210854715202004e-14,0.0,0.14617792935499319,-0.5602115476212912,71.03748423073638,63.70001399999999,9.600175918670303,70.98809975587952,62.45001586773867,0.0,1,7.105427357601002e-15,0.0,0.14617792935499674,-0.5602115476212881,71.03748423073627,-63.70001399999998,9.60017591867026,70.98809975587932,-62.45001586773867,0.0,1,-3.552713678800501e-14
4.616666666666666,4616667,rear_pair_shake_5,0.0,0.0,68.38816281757384,0.9946695004515623,0.0,0.10311442610730799,0.0,0.0,0.0,68.38816281757384,38.95415336597854,4.985927841875217,0,feet,0.0,-0.18720546484242728,-0.25274604885134977,-38.97293959047196,63.70001399999999,9.600283250434522,-38.95415336597854,63.700015919036375,0.0,1,7.105427357601002e-15,0.0,-0.18720546484242728,-0.2527460757091484,-38.97293959047196,-63.70001399999998,9.600283250434522,-38.95415336597854,-63.700015919036375,0.0,1,7.105427357601002e-15,0.0,0.14076109523668956,-0.5632372844097389,71.04149703849167,63.70001399999999,9.600187901638378,71.0883044584149,62.4500158716601,0.0,1,0.0,0.0,0.140761095236694,-0.5632372844097358,71.0414970384915,-63.70001399999998,9.600187901638364,71.08830445841471,-62.4500158716601,0.0,1,-1.4210854715202004e-14
4.625,4625000,rear_pair_shake_5,0.0,0.0,68.65001934407817,0.9944896063609158,0.0,0.10483521755646191,0.0,0.0,0.0,68.65001934407817,38.906437467335884,4.938961348920834,0,feet,0.0,-0.19876939053374798,-0.2492083158451046,-38.91204983823289,63.70001399999999,9.600299158372913,-38.90643746733589,63.70001591889352,0.0,1,3.552713678800501e-14,0.0,-0.19876939053374798,-0.24920834236488432,-38.9120498382329,-63.70001399999998,9.600299158372891,-38.906437467335884,-63.70001591889351,0.0,1,1.4210854715202004e-14,0.0,0.13517395333303428,-0.5663492437679563,71.04558915334007,63.70001399999999,9.600206981312269,71.0883044584149,62.4500158716601,0.0,1,4.263256414560601e-14,0.0,0.13517395333303783,-0.5663492437679536,71.04558915333996,-63.70001399999998,9.600206981312262,71.08830445841471,-62.4500158716601,0.0,1,3.552713678800501e-14
4.633333333333334,4633333,rear_pair_shake_5,0.0,0.0,68.91747853058503,0.9943027900612411,0.0,0.10659250290912355,0.0,0.0,0.0,68.91747853058503,38.8305943634513,4.891777522012845,0,feet,0.0,-0.21064432203512728,-0.24552425088458607,-38.84936585460717,63.70001399999999,9.600281499775285,-38.8305943634513,63.70001591859285,0.0,1,2.842170943040401e-14,0.0,-0.21064432203512728,-0.24552427705144764,-38.84936585460721,-63.70001399999998,9.600281499775264,-38.8305943634513,-63.70001591859284,0.0,1,7.105427357601002e-15,0.0,0.1294532650809228,-0.5695260312988979,71.04973172585832,63.70001399999999,9.600224519542593,71.0883044584149,62.4500158716601,0.0,1,0.0,0.0,0.12945326508092725,-0.5695260312988952,71.0497317258582,-63.70001399999998,9.600224519542628,71.08830445841471,-62.4500158716601,0.0,1,3.552713678800501e-14
4.641666666666667,4641667,rear_pair_shake_5,0.0,0.0,69.18870579027983,0.9941101707325026,0.0,0.10837420563120381,0.0,0.0,0.0,69.18870579027983,38.8305943634513,4.844745746409259,0,feet,0.0,-0.22275544891735333,-0.24171267721654477,-38.78527378430655,63.70001399999999,9.600192877693303,-38.8305943634513,63.70001591859285,0.0,1,0.0,0.0,-0.22275544891735333,-0.24171270301727876,-38.78527378430655,-63.70001399999998,9.600192877693303,-38.8305943634513,-63.70001591859284,0.0,1,0.0,0.0,0.12363754180351583,-0.5727456652624201,71.05389526225946,63.70001399999999,9.600240345352987,71.0883044584149,62.4500158716601,0.0,1,-2.1316282072803006e-14,0.0,0.12363754180351982,-0.5727456652624183,71.05389526225932,-63.70001399999998,9.60024034535303,71.08830445841471,-62.4500158716601,0.0,1,2.1316282072803006e-14
4.65,4650000,rear_pair_shake_5,0.0,0.0,69.46182697652446,0.9939129802128576,0.0,0.11016799791407572,0.0,0.0,0.0,69.46182697652446,38.788489321948894,4.798220823723071,0,feet,0.0,-0.23502934237780293,-0.23779078137663445,-38.72015359176646,63.70001399999999,9.599757101260117,-38.788489321948894,61.16236294898136,0.0,1,1.4210854715202004e-14,0.0,-0.23502934237780293,-0.23779080679957687,-38.72015359176646,-63.70001399999998,9.599757101260117,-38.788489321948894,-61.162362948981354,0.0,1,1.4210854715202004e-14,0.0,0.11776652858212833,-0.575985737339864,71.05805073513476,63.70001399999999,9.600254340044941,71.0883044584149,62.4500158716601,0.0,1,1.4210854715202004e-14,0.0,0.11776652858213277,-0.5759857373398609,71.05805073513457,-63.70001399999998,9.600254340044877,71.08830445841471,-62.4500158716601,0.0,1,-4.973799150320701e-14
4.658333333333333,4658333,rear_pair_shake_5,0.0,0.0,69.7349481627691,0.993712552941193,0.0,0.1119614314266158,0.0,0.0,0.0,69.7349481627691,38.62809827516551,4.752538227846443,0,feet,0.0,-0.24736538559597143,-0.23379825947699384,-38.65456021159619,63.70001399999999,9.59996676050924,-38.628098275165506,60.000671282292835,0.0,1,2.1316282072803006e-14,0.0,-0.247365385595971,-0.2337982845142168,-38.654560211596205,-63.70001399999998,9.599966760509247,-38.62809827516552,-60.00067128229284,0.0,1,2.842170943040401e-14,0.0,0.11188079754600944,-0.5792236566251021,71.06216987368796,63.70001399999999,9.600266437177915,71.0883044584149,62.4500158716601,0.0,1,-7.105427357601002e-15,0.0,0.11188079754601388,-0.5792236566251003,71.06216987368784,-63.70001399999998,9.600266437177993,71.08830445841471,-62.4500158716601,0.0,1,7.105427357601002e-14
4.666666666666667,4666667,rear_pair_shake_5,0.0,0.0,70.0061754224639,0.9935103129906213,0.0,0.11374206777300006,0.0,0.0,0.0,70.0061754224639,38.595339628814166,4.708010098317189,0,feet,0.0,-0.2596961895479386,-0.2297481141147344,-38.58883090994415,63.70001399999999,9.600004419874239,-38.59533962881415,59.93915928862313,0.0,1,2.1316282072803006e-14,0.0,-0.25969618954793816,-0.22974813875949973,-38.588830909944164,-63.70001399999998,9.600004419874239,-38.59533962881418,-59.93915928862313,0.0,1,2.842170943040401e-14,0.0,0.10602132794488206,-0.5824368921291176,71.06622541648284,63.70001399999999,9.600276620870396,71.0883044584149,62.4500158716601,0.0,1,-2.1316282072803006e-14,0.0,0.10602132794488695,-0.582436892129115,71.06622541648265,-63.70001399999998,9.600276620870432,71.08830445841471,-62.4500158716601,0.0,1,1.4210854715202004e-14
4.675,4675000,rear_pair_shake_5,0.0,0.0,70.27363460897075,0.9933077581506566,0.0,0.11549760862336786,0.0,0.0,0.0,70.27363460897075,38.51140737958346,4.664922002844577,0,feet,0.0,-0.27193479016655786,-0.2256701595689572,-38.52344043437029,63.70001399999999,9.599995182890545,-38.51140737958343,60.43318737930498,0.0,1,-7.105427357601002e-15,0.0,-0.27193479016655697,-0.22567018381736315,-38.523440434370336,-63.70001399999998,9.599995182890552,-38.51140737958348,-60.43318737930498,0.0,1,0.0,0.0,0.10022907286391947,-0.5856032132803186,71.07019133062566,63.70001399999999,9.6002849226429,71.0883044584149,62.4500158716601,0.0,1,-4.263256414560601e-14,0.0,0.10022907286392346,-0.585603213280316,71.07019133062552,-63.70001399999998,9.600284922642913,71.08830445841471,-62.4500158716601,0.0,1,-2.842170943040401e-14
4.683333333333334,4683333,rear_pair_shake_5,0.0,0.0,70.53549113547508,0.9931064411065247,0.0,0.11721602549452365,0.0,0.0,0.0,70.53549113547508,38.46260664123572,4.623530476961449,0,feet,0.0,-0.2839950869544121,-0.22159501200210752,-38.45885743826547,63.70001399999999,9.600000080237265,-38.46260664123571,61.53205098050341,0.0,1,0.0,0.0,-0.28399508695441167,-0.22159503585320683,-38.45885743826552,-63.70001399999998,9.600000080237244,-38.462606641235745,-61.53205098050341,0.0,1,-2.1316282072803006e-14,0.0,0.09454451284563348,-0.5887009279683255,71.07404300237584,63.70001399999999,9.60029141704534,71.0883044584149,62.4500158716601,0.0,1,-4.973799150320701e-14,0.0,0.09454451284563836,-0.5887009279683229,71.07404300237567,-63.70001399999998,9.600291417045383,71.08830445841471,-62.4500158716601,0.0,1,-7.105427357601002e-15
4.691666666666666,4691667,rear_pair_shake_5,0.0,0.0,70.78996975489753,0.9929079478534923,0.0,0.11888568916975062,0.0,0.0,0.0,70.78996975489753,38.41959726546888,4.584061323905345,0,feet,0.0,-0.2957936241586374,-0.2175528560357498,-38.395539035719125,63.70001399999999,9.599967841425148,-38.41959726546886,60.73948086590802,0.0,1,3.552713678800501e-14,0.0,-0.2957936241586374,-0.21755287949153912,-38.39553903571917,-63.70001399999998,9.599967841425098,-38.4195972654689,-60.73948086590802,0.0,1,-1.4210854715202004e-14,0.0,0.08900719707911664,-0.5917091177776017,71.07775740492214,63.70001399999999,9.60029621631471,71.0883044584149,62.4500158716601,0.0,1,1.4210854715202004e-14,0.0,0.08900719707912019,-0.5917091177775999,71.07775740492197,-63.70001399999998,9.600296216314646,71.08830445841471,-62.4500158716601,0.0,1,-4.973799150320701e-14
4.7,4700000,rear_pair_shake_5,0.0,0.0,71.03537433980571,0.9927138735700902,0.0,0.12049549876018975,0.0,0.0,0.0,71.03537433980571,38.3501791123996,4.5467086325304535,0,feet,0.0,-0.3072454668905955,-0.21357733268383994,-38.33395616816197,63.70001399999999,9.599988318402858,-38.35017911239958,59.93398274193727,0.0,1,7.105427357601002e-15,0.0,-0.3072454668905946,-0.2135773557496381,-38.33395616816201,-63.70001399999998,9.599988318402865,-38.350179112399616,-59.93398274193727,0.0,1,7.105427357601002e-15,0.0,0.08365527319556776,-0.5946078701847539,71.08131324946561,63.70001399999999,9.600299464304285,71.0883044584149,62.4500158716601,0.0,1,0.0,0.0,0.0836552731955722,-0.5946078701847521,71.08131324946544,-63.70001399999998,9.600299464304342,71.08830445841471,-62.4500158716601,0.0,1,5.684341886080802e-14
4.708333333333333,4708333,rear_pair_shake_5,0.0,0.0,71.27010766232603,0.9925257962545202,0.0,0.12203501042459379,0.0,0.0,0.0,71.27010766232603,38.3501791123996,4.5116344460684985,0,feet,0.0,-0.3182773065051192,-0.20969501893088927,-38.27450970055139,63.70001399999999,9.599703799467015,-38.35017911239958,59.93398274193727,0.0,1,-7.105427357601002e-15,0.0,-0.3182773065051192,-0.20969504161468322,-38.27450970055136,-63.70001399999998,9.599703799467008,-38.350179112399616,-59.93398274193727,0.0,1,-1.4210854715202004e-14,0.0,0.07852500706159571,-0.5973785076432003,71.08469112582638,63.70001399999999,9.600301329914188,71.0883044584149,62.4500158716601,0.0,1,4.263256414560601e-14,0.0,0.0785250070615997,-0.5973785076431977,71.08469112582618,-63.70001399999998,9.600301329914146,71.08830445841471,-62.4500158716601,0.0,1,0.0
4.716666666666667,4716667,rear_pair_shake_5,0.0,0.0,71.49269117405532,0.9923452485012751,0.0,0.12349456577899526,0.0,0.0,0.0,71.49269117405532,38.193110074496275,4.4789689907247805,0,feet,0.0,-0.32879416845268583,-0.20595353496148983,-38.217747919038615,63.70001399999999,9.599970223064162,-38.19311007449625,61.154281506932776,0.0,1,-7.105427357601002e-15,0.0,-0.3287941684526854,-0.20595355727604092,-38.21774791903863,-63.70001399999998,9.599970223064169,-38.193110074496296,-61.154281506932776,0.0,1,0.0,0.0,0.07365029427988157,-0.6000038136431094,71.0878736385725,63.70001399999999,9.60030200023511,71.0883044584149,62.4500158716601,0.0,1,1.4210854715202004e-14,0.0,0.07365029427988512,-0.6000038136431072,71.08787363857238,-63.70001399999998,9.600302000235125,71.08830445841471,-62.4500158716601,0.0,1,2.842170943040401e-14
4.725,4725000,rear_pair_shake_5,0.0,0.0,71.7017847859727,0.9921736878579662,0.0,0.12486542004223217,0.0,0.0,0.0,71.7017847859727,38.13673231496155,4.4488113513002645,0,feet,0.0,-0.3387407348789693,-0.2023709328167942,-38.16396481027772,63.70001399999999,9.599965584124945,-38.13673231496151,61.901740917708295,0.0,1,1.4210854715202004e-14,0.0,-0.3387407348789684,-0.20237095477676537,-38.163964810277776,-63.70001399999998,9.59996558412493,-38.136732314961584,-61.901740917708295,0.0,1,0.0,0.0,0.06906216538199361,-0.6024682560035353,71.0908455441998,63.70001399999999,9.600301673604136,71.0883044584149,62.4500158716601,0.0,1,-2.1316282072803006e-14,0.0,0.06906216538199716,-0.6024682560035326,71.09084554419967,-63.70001399999998,9.60030167360415,71.08830445841471,-62.4500158716601,0.0,1,0.0
4.733333333333333,4733333,rear_pair_shake_5,0.0,0.0,71.89620664835124,0.9920124662534671,0.0,0.12613986997660162,0.0,0.0,0.0,71.89620664835124,38.1137169399299,4.421230462194558,0,feet,0.0,-0.3480439498753789,-0.19898365732678203,-38.11358229675932,63.70001399999999,9.600005934166028,-38.11371693992986,59.97422398009301,0.0,1,0.0,0.0,-0.34804394987537757,-0.1989836789505839,-38.11358229675939,-63.70001399999998,9.600005934166035,-38.11371693992994,-59.974223980093,0.0,1,7.105427357601002e-15,0.0,0.06478828692158389,-0.6047582078172962,71.09359389423497,63.70001399999999,9.600300552753112,71.0883044584149,62.4500158716601,0.0,1,-3.552713678800501e-14,0.0,0.06478828692158789,-0.6047582078172944,71.0935938942348,-63.70001399999998,9.60030055275314,71.08830445841471,-62.4500158716601,0.0,1,-7.105427357601002e-15
4.741666666666666,4741667,rear_pair_shake_5,0.0,0.0,72.07495293066972,0.9918627990256866,0.0,0.12731138169437328,0.0,0.0,0.0,72.07495293066972,38.0671424172509,4.396266267203075,0,feet,0.0,-0.3566466537345008,-0.19581905511346953,-38.06692590094339,63.70001399999999,9.600004018031015,-38.06714241725086,60.147888072357176,0.0,1,-2.1316282072803006e-14,0.0,-0.35664665373449855,-0.19581907642238328,-38.06692590094346,-63.70001399999998,9.600004018031065,-38.06714241725094,-60.147888072357176,0.0,1,2.842170943040401e-14,0.0,0.06085246083903595,-0.6068621666166636,71.09610818835787,63.70001399999999,9.600298838219743,71.0883044584149,62.4500158716601,0.0,1,3.552713678800501e-14,0.0,0.060852460839039946,-0.6068621666166605,71.0961081883577,-63.70001399999998,9.600298838219736,71.08830445841471,-62.4500158716601,0.0,1,2.842170943040401e-14
4.75,4750000,rear_pair_shake_5,0.0,0.0,72.23721760152446,0.9917257340985088,0.0,0.1283747184097151,0.0,0.0,0.0,72.23721760152446,38.01778033223511,4.373930891400036,0,feet,0.0,-0.3644978094809086,-0.1929038655069646,-38.024290243467746,63.70001399999999,9.600001908520213,-38.01778033223508,60.30112636803076,0.0,1,-7.105427357601002e-15,0.0,-0.36449780948090726,-0.19290388652510204,-38.0242902434678,-63.70001399999998,9.600001908520227,-38.017780332235155,-60.301126368030765,0.0,1,7.105427357601002e-15,0.0,0.057274124561636164,-0.6087709724490793,71.09838054080882,63.70001399999999,9.60029672217938,71.0883044584149,62.4500158716601,0.0,1,4.263256414560601e-14,0.0,0.05727412456164016,-0.6087709724490766,71.09838054080868,-63.70001399999998,9.600296722179337,71.08830445841471,-62.4500158716601,0.0,1,0.0
4.758333333333334,4758333,rear_pair_shake_5,0.0,0.0,72.38241220854094,0.9916021218606237,0.0,0.12932606822102324,0.0,0.0,0.0,72.38241220854094,37.966132429531505,4.3542096639877315,0,feet,0.0,-0.37155811563942276,-0.190259860440134,-37.985904358923506,63.70001399999999,9.599975725579228,-37.96613242953148,60.91776836540593,0.0,1,1.4210854715202004e-14,0.0,-0.3715581156394214,-0.19025988119395576,-37.98590435892357,-63.70001399999998,9.599975725579228,-37.96613242953153,-60.91776836540592,0.0,1,7.105427357601002e-15,0.0,0.05406785431700856,-0.6104780256372457,71.1004058625282,63.70001399999999,9.600294382847963,71.0883044584149,62.4500158716601,0.0,1,0.0,0.0,0.05406785431701211,-0.6104780256372444,71.10040586252806,-63.70001399999998,9.600294382847999,71.08830445841471,-62.4500158716601,0.0,1,3.552713678800501e-14
4.766666666666667,4766667,rear_pair_shake_5,0.0,0.0,72.51018565828565,0.9914925862820565,0.0,0.1301631720100531,0.0,0.0,0.0,72.51018565828565,37.96451706589195,4.337061833125105,0,feet,0.0,-0.3777981315297758,-0.1879057987275492,-37.951944509679976,63.70001399999999,9.59999110992728,-37.964517065891904,60.5174807372033,0.0,1,0.0,0.0,-0.3777981315297736,-0.18790581924556582,-37.951944509680104,-63.70001399999998,9.599991109927295,-37.96451706589199,-60.5174807372033,0.0,1,1.4210854715202004e-14,0.0,0.051242874062206845,-0.6119795050389651,71.10218206072182,63.70001399999999,9.600291979595085,71.0883044584149,62.4500158716601,0.0,1,-1.4210854715202004e-14,0.0,0.05124287406221084,-0.611979505038962,71.10218206072163,-63.70001399999998,9.60029197959507,71.08830445841471,-62.4500158716601,0.0,1,-2.842170943040401e-14
4.775,4775000,rear_pair_shake_5,0.0,0.0,72.62044399617778,0.9913974977650946,0.0,0.13088545154106837,0.0,0.0,0.0,72.62044399617778,37.907559637169165,4.322420823180238,0,feet,0.0,-0.38320311415533137,-0.18585372919030574,-37.922504181617256,63.70001399999999,9.60004708127768,-37.907559637169115,62.45001590766261,0.0,1,4.973799150320701e-14,0.0,-0.3832031141553296,-0.1858537495024004,-37.92250418161738,-63.70001399999998,9.600047081277658,-37.907559637169214,-62.45001590766262,0.0,1,2.842170943040401e-14,0.0,0.04880257225662854,-0.613274587612767,71.10371025688394,63.70001399999999,9.600289648895881,71.0883044584149,62.4500158716601,0.0,1,7.105427357601002e-15,0.0,0.04880257225663209,-0.6132745876127652,71.1037102568838,-63.70001399999998,9.60028964889591,71.08830445841471,-62.4500158716601,0.0,1,4.263256414560601e-14
4.783333333333333,4783333,rear_pair_shake_5,0.0,0.0,72.71337018640101,0.9913169481629043,0.0,0.1314941378350599,0.0,0.0,0.0,72.71337018640101,37.907559637169165,4.310193902242986,0,feet,0.0,-0.38777496361250163,-0.184107746134198,-37.89758220517355,63.70001399999999,9.600053528653206,-37.907559637169115,62.45001590766261,0.0,1,7.105427357601002e-15,0.0,-0.3877749636124994,-0.1841077662708166,-37.89758220517366,-63.70001399999998,9.600053528653234,-37.907559637169214,-62.45001590766262,0.0,1,3.552713678800501e-14,0.0,0.046744028423741035,-0.6143656700316877,71.10499502375569,63.70001399999999,9.600287501234135,71.0883044584149,62.4500158716601,0.0,1,0.0,0.0,0.04674402842374592,-0.6143656700316846,71.10499502375549,-63.70001399999998,9.60028750123417,71.08830445841471,-62.4500158716601,0.0,1,3.552713678800501e-14
4.791666666666667,4791667,rear_pair_shake_5,0.0,0.0,72.78944389181521,0.99125072830931,0.0,0.13199239988068417,0.0,0.0,0.0,72.78944389181521,37.907559637169165,4.300261153637152,0,feet,0.0,-0.39152957100578467,-0.18266661385632643,-37.87710158874516,63.70001399999999,9.600010396319476,-37.907559637169115,62.45001590766261,0.0,1,-7.105427357601002e-15,0.0,-0.39152957100578334,-0.18266663384791837,-37.87710158874526,-63.70001399999998,9.600010396319476,-37.907559637169214,-62.45001590766262,0.0,1,-7.105427357601002e-15,0.0,0.04505755104442777,-0.6152585929681451,71.10604464122375,63.70001399999999,9.600285619044797,71.0883044584149,62.4500158716601,0.0,1,4.263256414560601e-14,0.0,0.045057551044431765,-0.6152585929681433,71.10604464122356,-63.70001399999998,9.600285619044776,71.08830445841471,-62.4500158716601,0.0,1,2.1316282072803006e-14
4.8,4800000,rear_pair_shake_5,0.0,0.0,72.84946125386821,0.9911983082847965,0.0,0.13238547372486706,0.0,0.0,0.0,72.84946125386821,37.907559637169165,4.292473680025978,0,feet,0.0,-0.39449937328580376,-0.18152206078008737,-37.86089336519753,63.70001399999999,9.599945289490819,-37.907559637169115,62.45001590766261,0.0,1,4.263256414560601e-14,0.0,-0.3944993732858024,-0.18152208065637643,-37.860893365197626,-63.70001399999998,9.599945289490805,-37.907559637169214,-62.45001590766262,0.0,1,2.842170943040401e-14,0.0,0.04372622779336455,-0.6159628684993184,71.10687137073145,63.70001399999999,9.60028405575018,71.0883044584149,62.4500158716601,0.0,1,2.1316282072803006e-14,0.0,0.0437262277933681,-0.6159628684993157,71.10687137073126,-63.70001399999998,9.600284055750159,71.08830445841471,-62.4500158716601,0.0,1,0.0
4.808333333333334,4808333,rear_pair_shake_5,0.0,0.0,72.8945546725076,0.9911588204946326,0.0,0.13268079196209487,0.0,0.0,0.0,72.8945546725076,37.82261585742711,4.286651012841332,0,feet,0.0,-0.39673318841622685,-0.18065936230906,-37.84869880190004,63.70001399999999,9.59996816019406,-37.822615857427024,61.526035193091204,0.0,1,3.552713678800501e-14,0.0,-0.3967331884162233,-0.18065938209836885,-37.84869880190027,-63.70001399999998,9.599968160194031,-37.8226158574272,-61.526035193091204,0.0,1,7.105427357601002e-15,0.0,0.042725488459199656,-0.616491910858564,71.10749174729027,63.70001399999999,9.600282835899606,71.0883044584149,62.4500158716601,0.0,1,-3.552713678800501e-14,0.0,0.04272548845920321,-0.6164919108585623,71.10749174729015,-63.70001399999998,9.600282835899648,71.08830445841471,-62.4500158716601,0.0,1,0.0
4.816666666666666,4816667,rear_pair_shake_5,0.0,0.0,72.92621258609238,0.9911310454528746,0.0,0.1328881136125119,0.0,0.0,0.0,72.92621258609238,37.82261585742711,4.282577753420469,0,feet,0.0,-0.3983034752214287,-0.18005165137438883,-37.84012413391086,63.70001399999999,9.599987627960068,-37.822615857427024,61.526035193091204,0.0,1,2.1316282072803006e-14,0.0,-0.3983034752214265,-0.18005167110238984,-37.84012413391102,-63.70001399999998,9.599987627960033,-37.8226158574272,-61.526035193091204,0.0,1,-1.4210854715202004e-14,0.0,0.04202268006904264,-0.6168632704909465,71.10792688755512,63.70001399999999,9.600281956359296,71.0883044584149,62.4500158716601,0.0,1,-2.842170943040401e-14,0.0,0.042022680069047524,-0.6168632704909434,71.10792688755497,-63.70001399999998,9.60028195635934,71.08830445841471,-62.4500158716601,0.0,1,1.4210854715202004e-14
4.825,4825000,rear_pair_shake_5,0.0,0.0,72.94629925130474,0.9911133999486796,0.0,0.13301965434539556,0.0,0.0,0.0,72.94629925130474,37.82261585742711,4.279999535574717,0,feet,0.0,-0.3993008038953465,-0.17966507871328696,-37.83467704513794,63.70001399999999,9.599996016899283,-37.822615857427024,61.526035193091204,0.0,1,-1.4210854715202004e-14,0.0,-0.3993008038953434,-0.1796650984022734,-37.83467704513811,-63.70001399999998,9.599996016899318,-37.8226158574272,-61.526035193091204,0.0,1,2.1316282072803006e-14,0.0,0.04157665275792999,-0.6170988710675585,71.10820281152304,63.70001399999999,9.600281388421216,71.0883044584149,62.4500158716601,0.0,1,-2.842170943040401e-14,0.0,0.04157665275793354,-0.6170988710675558,71.1082028115229,-63.70001399999998,9.600281388421237,71.08830445841471,-62.4500158716601,0.0,1,0.0
4.833333333333333,4833333,rear_pair_shake_5,0.0,0.0,72.95707452306189,0.9911039270166088,0.0,0.13309021696675058,0.0,0.0,0.0,72.95707452306189,37.82261585742711,4.278618472493349,0,feet,0.0,-0.39983612974369453,-0.17945738956782487,-37.831752915756056,63.70001399999999,9.599999245359157,-37.822615857427024,61.526035193091204,0.0,1,0.0,0.0,-0.399836129743691,-0.1794574092358463,-37.831752915756226,-63.70001399999998,9.599999245359172,-37.8226158574272,-61.526035193091204,0.0,1,7.105427357601002e-15,0.0,0.041337353774165475,-0.6172252487828276,71.10835077411794,63.70001399999999,9.600281080601327,71.0883044584149,62.4500158716601,0.0,1,7.105427357601002e-14,0.0,0.04133735377416903,-0.6172252487828249,71.10835077411774,-63.70001399999998,9.60028108060122,71.08830445841471,-62.4500158716601,0.0,1,-3.552713678800501e-14
4.841666666666667,4841667,rear_pair_shake_5,0.0,0.0,72.9612136344277,0.9911002868382114,0.0,0.13311732204794016,0.0,0.0,0.0,72.9612136344277,37.82261585742711,4.278088334100815,0,feet,0.0,-0.4000418242662347,-0.17937755094544583,-37.830629278077225,63.70001399999999,9.600000249053153,-37.822615857427024,61.526035193091204,0.0,1,-1.4210854715202004e-14,0.0,-0.40004182426623114,-0.1793775706054066,-37.830629278077396,-63.70001399999998,9.600000249053203,-37.8226158574272,-61.526035193091204,0.0,1,3.552713678800501e-14,0.0,0.0412454256817778,-0.6172737929083638,71.10840760110536,63.70001399999999,9.600280961772867,71.0883044584149,62.4500158716601,0.0,1,4.263256414560601e-14,0.0,0.0412454256817818,-0.6172737929083607,71.10840760110516,-63.70001399999998,9.600280961772768,71.08830445841471,-62.4500158716601,0.0,1,-4.973799150320701e-14
4.85,4850000,rear_pair_shake_5,0.0,0.0,72.96182697652446,0.9910997473659748,0.0,0.13312133852655234,0.0,0.0,0.0,72.96182697652446,37.82261585742711,4.278009794575638,0,feet,0.0,-0.4000723073186747,-0.17936571751064134,-37.83046275668116,63.70001399999999,9.60000038660953,-37.822615857427024,61.526035193091204,0.0,1,-2.1316282072803006e-14,0.0,-0.40007230731867116,-0.17936573716940662,-37.83046275668131,-63.70001399999998,9.600000386609587,-37.8226158574272,-61.526035193091204,0.0,1,3.552713678800501e-14,0.0,0.04123180330162768,-0.6172809862103992,71.10841602137569,63.70001399999999,9.60028094413697,71.0883044584149,62.4500158716601,0.0,1,2.1316282072803006e-14,0.0,0.041231803301631675,-0.6172809862103965,71.10841602137553,-63.70001399999998,9.600280944136912,71.08830445841471,-62.4500158716601,0.0,1,-3.552713678800501e-14
4.858333333333333,4858333,rear_pair_shake_5_return,0.0,0.0,72.9612136344277,0.9911002868382114,0.0,0.13311732204794016,0.0,0.0,0.0,72.9612136344277,37.82261585742711,4.278088334100815,0,feet,0.0,-0.4000418242662347,-0.17937755094544583,-37.830629278077225,63.70001399999999,9.600000249053153,-37.822615857427024,61.526035193091204,0.0,1,-1.4210854715202004e-14,0.0,-0.40004182426623114,-0.1793775706054066,-37.830629278077396,-63.70001399999998,9.600000249053203,-37.8226158574272,-61.526035193091204,0.0,1,3.552713678800501e-14,0.0,0.0412454256817778,-0.6172737929083638,71.10840760110536,63.70001399999999,9.600280961772867,71.0883044584149,62.4500158716601,0.0,1,4.263256414560601e-14,0.0,0.0412454256817818,-0.6172737929083607,71.10840760110516,-63.70001399999998,9.600280961772768,71.08830445841471,-62.4500158716601,0.0,1,-4.973799150320701e-14
4.866666666666666,4866667,rear_pair_shake_5_return,0.0,0.0,72.95707452306189,0.9911039270166088,0.0,0.13309021696675058,0.0,0.0,0.0,72.95707452306189,37.82261585742711,4.278618472493349,0,feet,0.0,-0.39983612974369453,-0.17945738956782487,-37.831752915756056,63.70001399999999,9.599999245359157,-37.822615857427024,61.526035193091204,0.0,1,0.0,0.0,-0.399836129743691,-0.1794574092358463,-37.831752915756226,-63.70001399999998,9.599999245359172,-37.8226158574272,-61.526035193091204,0.0,1,7.105427357601002e-15,0.0,0.041337353774165475,-0.6172252487828276,71.10835077411794,63.70001399999999,9.600281080601327,71.0883044584149,62.4500158716601,0.0,1,7.105427357601002e-14,0.0,0.04133735377416903,-0.6172252487828249,71.10835077411774,-63.70001399999998,9.60028108060122,71.08830445841471,-62.4500158716601,0.0,1,-3.552713678800501e-14
4.875,4875000,rear_pair_shake_5_return,0.0,0.0,72.94629925130474,0.9911133999486796,0.0,0.13301965434539556,0.0,0.0,0.0,72.94629925130474,37.82261585742711,4.279999535574717,0,feet,0.0,-0.3993008038953465,-0.17966507871328696,-37.83467704513794,63.70001399999999,9.599996016899283,-37.822615857427024,61.526035193091204,0.0,1,-1.4210854715202004e-14,0.0,-0.3993008038953434,-0.1796650984022734,-37.83467704513811,-63.70001399999998,9.599996016899318,-37.8226158574272,-61.526035193091204,0.0,1,2.1316282072803006e-14,0.0,0.04157665275792999,-0.6170988710675585,71.10820281152304,63.70001399999999,9.600281388421216,71.0883044584149,62.4500158716601,0.0,1,-2.842170943040401e-14,0.0,0.04157665275793354,-0.6170988710675558,71.1082028115229,-63.70001399999998,9.600281388421237,71.08830445841471,-62.4500158716601,0.0,1,0.0
4.883333333333334,4883333,rear_pair_shake_5_return,0.0,0.0,72.92621258609238,0.9911310454528746,0.0,0.1328881136125119,0.0,0.0,0.0,72.92621258609238,37.82261585742711,4.282577753420469,0,feet,0.0,-0.3983034752214287,-0.18005165137438883,-37.84012413391086,63.70001399999999,9.599987627960068,-37.822615857427024,61.526035193091204,0.0,1,2.1316282072803006e-14,0.0,-0.3983034752214265,-0.18005167110238984,-37.84012413391102,-63.70001399999998,9.599987627960033,-37.8226158574272,-61.526035193091204,0.0,1,-1.4210854715202004e-14,0.0,0.04202268006904264,-0.6168632704909465,71.10792688755512,63.70001399999999,9.600281956359296,71.0883044584149,62.4500158716601,0.0,1,-2.842170943040401e-14,0.0,0.042022680069047524,-0.6168632704909434,71.10792688755497,-63.70001399999998,9.60028195635934,71.08830445841471,-62.4500158716601,0.0,1,1.4210854715202004e-14
4.891666666666667,4891667,rear_pair_shake_5_return,0.0,0.0,72.8945546725076,0.9911588204946326,0.0,0.13268079196209487,0.0,0.0,0.0,72.8945546725076,37.82261585742711,4.286651012841332,0,feet,0.0,-0.39673318841622685,-0.18065936230906,-37.84869880190004,63.70001399999999,9.59996816019406,-37.822615857427024,61.526035193091204,0.0,1,3.552713678800501e-14,0.0,-0.3967331884162233,-0.18065938209836885,-37.84869880190027,-63.70001399999998,9.599968160194031,-37.8226158574272,-61.526035193091204,0.0,1,7.105427357601002e-15,0.0,0.042725488459199656,-0.616491910858564,71.10749174729027,63.70001399999999,9.600282835899606,71.0883044584149,62.4500158716601,0.0,1,-3.552713678800501e-14,0.0,0.04272548845920321,-0.6164919108585623,71.10749174729015,-63.70001399999998,9.600282835899648,71.08830445841471,-62.4500158716601,0.0,1,0.0
4.9,4900000,rear_pair_shake_5_return,0.0,0.0,72.84946125386821,0.9911983082847965,0.0,0.13238547372486706,0.0,0.0,0.0,72.84946125386821,37.907559637169165,4.292473680025978,0,feet,0.0,-0.39449937328580376,-0.18152206078008737,-37.86089336519753,63.70001399999999,9.599945289490819,-37.907559637169115,62.45001590766261,0.0,1,4.263256414560601e-14,0.0,-0.3944993732858024,-0.18152208065637643,-37.860893365197626,-63.70001399999998,9.599945289490805,-37.907559637169214,-62.45001590766262,0.0,1,2.842170943040401e-14,0.0,0.04372622779336455,-0.6159628684993184,71.10687137073145,63.70001399999999,9.60028405575018,71.0883044584149,62.4500158716601,0.0,1,2.1316282072803006e-14,0.0,0.0437262277933681,-0.6159628684993157,71.10687137073126,-63.70001399999998,9.600284055750159,71.08830445841471,-62.4500158716601,0.0,1,0.0
4.908333333333333,4908333,rear_pair_shake_5_return,0.0,0.0,72.78944389181521,0.99125072830931,0.0,0.13199239988068417,0.0,0.0,0.0,72.78944389181521,37.907559637169165,4.300261153637152,0,feet,0.0,-0.39152957100578467,-0.18266661385632643,-37.87710158874516,63.70001399999999,9.600010396319476,-37.907559637169115,62.45001590766261,0.0,1,-7.105427357601002e-15,0.0,-0.39152957100578334,-0.18266663384791837,-37.87710158874526,-63.70001399999998,9.600010396319476,-37.907559637169214,-62.45001590766262,0.0,1,-7.105427357601002e-15,0.0,0.04505755104442777,-0.6152585929681451,71.10604464122375,63.70001399999999,9.600285619044797,71.0883044584149,62.4500158716601,0.0,1,4.263256414560601e-14,0.0,0.045057551044431765,-0.6152585929681433,71.10604464122356,-63.70001399999998,9.600285619044776,71.08830445841471,-62.4500158716601,0.0,1,2.1316282072803006e-14
4.916666666666667,4916667,rear_pair_shake_5_return,0.0,0.0,72.71337018640101,0.9913169481629043,0.0,0.1314941378350599,0.0,0.0,0.0,72.71337018640101,37.907559637169165,4.310193902242986,0,feet,0.0,-0.38777496361250163,-0.184107746134198,-37.89758220517355,63.70001399999999,9.600053528653206,-37.907559637169115,62.45001590766261,0.0,1,7.105427357601002e-15,0.0,-0.3877749636124994,-0.1841077662708166,-37.89758220517366,-63.70001399999998,9.600053528653234,-37.907559637169214,-62.45001590766262,0.0,1,3.552713678800501e-14,0.0,0.046744028423741035,-0.6143656700316877,71.10499502375569,63.70001399999999,9.600287501234135,71.0883044584149,62.4500158716601,0.0,1,0.0,0.0,0.04674402842374592,-0.6143656700316846,71.10499502375549,-63.70001399999998,9.60028750123417,71.08830445841471,-62.4500158716601,0.0,1,3.552713678800501e-14
4.925,4925000,rear_pair_shake_5_return,0.0,0.0,72.62044399617778,0.9913974977650946,0.0,0.13088545154106837,0.0,0.0,0.0,72.62044399617778,37.907559637169165,4.322420823180238,0,feet,0.0,-0.38320311415533137,-0.18585372919030574,-37.922504181617256,63.70001399999999,9.60004708127768,-37.907559637169115,62.45001590766261,0.0,1,4.973799150320701e-14,0.0,-0.3832031141553296,-0.1858537495024004,-37.92250418161738,-63.70001399999998,9.600047081277658,-37.907559637169214,-62.45001590766262,0.0,1,2.842170943040401e-14,0.0,0.04880257225662854,-0.613274587612767,71.10371025688394,63.70001399999999,9.600289648895881,71.0883044584149,62.4500158716601,0.0,1,7.105427357601002e-15,0.0,0.04880257225663209,-0.6132745876127652,71.1037102568838,-63.70001399999998,9.60028964889591,71.08830445841471,-62.4500158716601,0.0,1,4.263256414560601e-14
4.933333333333334,4933333,rear_pair_shake_5_return,0.0,0.0,72.51018565828565,0.9914925862820565,0.0,0.1301631720100531,0.0,0.0,0.0,72.51018565828565,37.96451706589195,4.337061833125105,0,feet,0.0,-0.3777981315297758,-0.1879057987275492,-37.951944509679976,63.70001399999999,9.59999110992728,-37.964517065891904,60.5174807372033,0.0,1,0.0,0.0,-0.3777981315297736,-0.18790581924556582,-37.951944509680104,-63.70001399999998,9.599991109927295,-37.96451706589199,-60.5174807372033,0.0,1,1.4210854715202004e-14,0.0,0.051242874062206845,-0.6119795050389651,71.10218206072182,63.70001399999999,9.600291979595085,71.0883044584149,62.4500158716601,0.0,1,-1.4210854715202004e-14,0.0,0.05124287406221084,-0.611979505038962,71.10218206072163,-63.70001399999998,9.60029197959507,71.08830445841471,-62.4500158716601,0.0,1,-2.842170943040401e-14
4.941666666666666,4941667,rear_pair_shake_5_return,0.0,0.0,72.38241220854094,0.9916021218606237,0.0,0.12932606822102324,0.0,0.0,0.0,72.38241220854094,37.966132429531505,4.3542096639877315,0,feet,0.0,-0.37155811563942276,-0.190259860440134,-37.985904358923506,63.70001399999999,9.599975725579228,-37.96613242953148,60.91776836540593,0.0,1,1.4210854715202004e-14,0.0,-0.3715581156394214,-0.19025988119395576,-37.98590435892357,-63.70001399999998,9.599975725579228,-37.96613242953153,-60.91776836540592,0.0,1,7.105427357601002e-15,0.0,0.05406785431700856,-0.6104780256372457,71.1004058625282,63.70001399999999,9.600294382847963,71.0883044584149,62.4500158716601,0.0,1,0.0,0.0,0.05406785431701211,-0.6104780256372444,71.10040586252806,-63.70001399999998,9.600294382847999,71.08830445841471,-62.4500158716601,0.0,1,3.552713678800501e-14
4.95,4950000,rear_pair_shake_5_return,0.0,0.0,72.23721760152446,0.9917257340985088,0.0,0.1283747184097151,0.0,0.0,0.0,72.23721760152446,38.01778033223511,4.373930891400036,0,feet,0.0,-0.3644978094809086,-0.1929038655069646,-38.024290243467746,63.70001399999999,9.600001908520213,-38.01778033223508,60.30112636803076,0.0,1,-7.105427357601002e-15,0.0,-0.36449780948090726,-0.19290388652510204,-38.0242902434678,-63.70001399999998,9.600001908520227,-38.017780332235155,-60.301126368030765,0.0,1,7.105427357601002e-15,0.0,0.057274124561636164,-0.6087709724490793,71.09838054080882,63.70001399999999,9.60029672217938,71.0883044584149,62.4500158716601,0.0,1,4.263256414560601e-14,0.0,0.05727412456164016,-0.6087709724490766,71.09838054080868,-63.70001399999998,9.600296722179337,71.08830445841471,-62.4500158716601,0.0,1,0.0
4.958333333333333,4958333,rear_pair_shake_5_return,0.0,0.0,72.07495293066972,0.9918627990256866,0.0,0.12731138169437328,0.0,0.0,0.0,72.07495293066972,38.0671424172509,4.396266267203075,0,feet,0.0,-0.3566466537345008,-0.19581905511346953,-38.06692590094339,63.70001399999999,9.600004018031015,-38.06714241725086,60.147888072357176,0.0,1,-2.1316282072803006e-14,0.0,-0.35664665373449855,-0.19581907642238328,-38.06692590094346,-63.70001399999998,9.600004018031065,-38.06714241725094,-60.147888072357176,0.0,1,2.842170943040401e-14,0.0,0.06085246083903595,-0.6068621666166636,71.09610818835787,63.70001399999999,9.600298838219743,71.0883044584149,62.4500158716601,0.0,1,3.552713678800501e-14,0.0,0.060852460839039946,-0.6068621666166605,71.0961081883577,-63.70001399999998,9.600298838219736,71.08830445841471,-62.4500158716601,0.0,1,2.842170943040401e-14
4.966666666666667,4966667,rear_pair_shake_5_return,0.0,0.0,71.89620664835124,0.9920124662534671,0.0,0.12613986997660162,0.0,0.0,0.0,71.89620664835124,38.1137169399299,4.421230462194558,0,feet,0.0,-0.3480439498753789,-0.19898365732678203,-38.11358229675932,63.70001399999999,9.600005934166028,-38.11371693992986,59.97422398009301,0.0,1,0.0,0.0,-0.34804394987537757,-0.1989836789505839,-38.11358229675939,-63.70001399999998,9.600005934166035,-38.11371693992994,-59.974223980093,0.0,1,7.105427357601002e-15,0.0,0.06478828692158389,-0.6047582078172962,71.09359389423497,63.70001399999999,9.600300552753112,71.0883044584149,62.4500158716601,0.0,1,-3.552713678800501e-14,0.0,0.06478828692158789,-0.6047582078172944,71.0935938942348,-63.70001399999998,9.60030055275314,71.08830445841471,-62.4500158716601,0.0,1,-7.105427357601002e-15
4.975,4975000,rear_pair_shake_5_return,0.0,0.0,71.7017847859727,0.9921736878579662,0.0,0.12486542004223217,0.0,0.0,0.0,71.7017847859727,38.13673231496155,4.4488113513002645,0,feet,0.0,-0.3387407348789693,-0.2023709328167942,-38.16396481027772,63.70001399999999,9.599965584124945,-38.13673231496151,61.901740917708295,0.0,1,1.4210854715202004e-14,0.0,-0.3387407348789684,-0.20237095477676537,-38.163964810277776,-63.70001399999998,9.59996558412493,-38.136732314961584,-61.901740917708295,0.0,1,0.0,0.0,0.06906216538199361,-0.6024682560035353,71.0908455441998,63.70001399999999,9.600301673604136,71.0883044584149,62.4500158716601,0.0,1,-2.1316282072803006e-14,0.0,0.06906216538199716,-0.6024682560035326,71.09084554419967,-63.70001399999998,9.60030167360415,71.08830445841471,-62.4500158716601,0.0,1,0.0
4.983333333333333,4983333,rear_pair_shake_5_return,0.0,0.0,71.49269117405532,0.9923452485012751,0.0,0.12349456577899526,0.0,0.0,0.0,71.49269117405532,38.193110074496275,4.4789689907247805,0,feet,0.0,-0.32879416845268583,-0.20595353496148983,-38.217747919038615,63.70001399999999,9.599970223064162,-38.19311007449625,61.154281506932776,0.0,1,-7.105427357601002e-15,0.0,-0.3287941684526854,-0.20595355727604092,-38.21774791903863,-63.70001399999998,9.599970223064169,-38.193110074496296,-61.154281506932776,0.0,1,0.0,0.0,0.07365029427988157,-0.6000038136431094,71.0878736385725,63.70001399999999,9.60030200023511,71.0883044584149,62.4500158716601,0.0,1,1.4210854715202004e-14,0.0,0.07365029427988512,-0.6000038136431072,71.08787363857238,-63.70001399999998,9.600302000235125,71.08830445841471,-62.4500158716601,0.0,1,2.842170943040401e-14
4.991666666666666,4991667,rear_pair_shake_5_return,0.0,0.0,71.27010766232603,0.9925257962545202,0.0,0.12203501042459379,0.0,0.0,0.0,71.27010766232603,38.3501791123996,4.5116344460684985,0,feet,0.0,-0.3182773065051192,-0.20969501893088927,-38.27450970055139,63.70001399999999,9.599703799467015,-38.35017911239958,59.93398274193727,0.0,1,-7.105427357601002e-15,0.0,-0.3182773065051192,-0.20969504161468322,-38.27450970055136,-63.70001399999998,9.599703799467008,-38.350179112399616,-59.93398274193727,0.0,1,-1.4210854715202004e-14,0.0,0.07852500706159571,-0.5973785076432003,71.08469112582638,63.70001399999999,9.600301329914188,71.0883044584149,62.4500158716601,0.0,1,4.263256414560601e-14,0.0,0.0785250070615997,-0.5973785076431977,71.08469112582618,-63.70001399999998,9.600301329914146,71.08830445841471,-62.4500158716601,0.0,1,0.0
5.0,5000000,rear_pair_shake_5_return,0.0,0.0,71.03537433980571,0.9927138735700902,0.0,0.12049549876018975,0.0,0.0,0.0,71.03537433980571,38.3501791123996,4.5467086325304535,0,feet,0.0,-0.3072454668905955,-0.21357733268383994,-38.33395616816197,63.70001399999999,9.599988318402858,-38.35017911239958,59.93398274193727,0.0,1,7.105427357601002e-15,0.0,-0.3072454668905946,-0.2135773557496381,-38.33395616816201,-63.70001399999998,9.599988318402865,-38.350179112399616,-59.93398274193727,0.0,1,7.105427357601002e-15,0.0,0.08365527319556776,-0.5946078701847539,71.08131324946561,63.70001399999999,9.600299464304285,71.0883044584149,62.4500158716601,0.0,1,0.0,0.0,0.0836552731955722,-0.5946078701847521,71.08131324946544,-63.70001399999998,9.600299464304342,71.08830445841471,-62.4500158716601,0.0,1,5.684341886080802e-14
5.008333333333334,5008333,rear_pair_shake_5_return,0.0,0.0,70.78996975489753,0.9929079478534923,0.0,0.11888568916975062,0.0,0.0,0.0,70.78996975489753,38.41959726546888,4.584061323905345,0,feet,0.0,-0.2957936241586374,-0.2175528560357498,-38.395539035719125,63.70001399999999,9.599967841425148,-38.41959726546886,60.73948086590802,0.0,1,3.552713678800501e-14,0.0,-0.2957936241586374,-0.21755287949153912,-38.39553903571917,-63.70001399999998,9.599967841425098,-38.4195972654689,-60.73948086590802,0.0,1,-1.4210854715202004e-14,0.0,0.08900719707911664,-0.5917091177776017,71.07775740492214,63.70001399999999,9.60029621631471,71.0883044584149,62.4500158716601,0.0,1,1.4210854715202004e-14,0.0,0.08900719707912019,-0.5917091177775999,71.07775740492197,-63.70001399999998,9.600296216314646,71.08830445841471,-62.4500158716601,0.0,1,-4.973799150320701e-14
5.016666666666667,5016667,rear_pair_shake_5_return,0.0,0.0,70.53549113547508,0.9931064411065247,0.0,0.11721602549452365,0.0,0.0,0.0,70.53549113547508,38.46260664123572,4.623530476961449,0,feet,0.0,-0.2839950869544121,-0.22159501200210752,-38.45885743826547,63.70001399999999,9.600000080237265,-38.46260664123571,61.53205098050341,0.0,1,0.0,0.0,-0.28399508695441167,-0.22159503585320683,-38.45885743826552,-63.70001399999998,9.600000080237244,-38.462606641235745,-61.53205098050341,0.0,1,-2.1316282072803006e-14,0.0,0.09454451284563348,-0.5887009279683255,71.07404300237584,63.70001399999999,9.60029141704534,71.0883044584149,62.4500158716601,0.0,1,-4.973799150320701e-14,0.0,0.09454451284563836,-0.5887009279683229,71.07404300237567,-63.70001399999998,9.600291417045383,71.08830445841471,-62.4500158716601,0.0,1,-7.105427357601002e-15
5.025,5025000,rear_pair_shake_5_return,0.0,0.0,70.27363460897075,0.9933077581506566,0.0,0.11549760862336786,0.0,0.0,0.0,70.27363460897075,38.51140737958346,4.664922002844577,0,feet,0.0,-0.27193479016655786,-0.2256701595689572,-38.52344043437029,63.70001399999999,9.599995182890545,-38.51140737958343,60.43318737930498,0.0,1,-7.105427357601002e-15,0.0,-0.27193479016655697,-0.22567018381736315,-38.523440434370336,-63.70001399999998,9.599995182890552,-38.51140737958348,-60.43318737930498,0.0,1,0.0,0.0,0.10022907286391947,-0.5856032132803186,71.07019133062566,63.70001399999999,9.6002849226429,71.0883044584149,62.4500158716601,0.0,1,-4.263256414560601e-14,0.0,0.10022907286392346,-0.585603213280316,71.07019133062552,-63.70001399999998,9.600284922642913,71.08830445841471,-62.4500158716601,0.0,1,-2.842170943040401e-14
5.033333333333333,5033333,rear_pair_shake_5_return,0.0,0.0,70.0061754224639,0.9935103129906213,0.0,0.11374206777300006,0.0,0.0,0.0,70.0061754224639,38.595339628814166,4.708010098317189,0,feet,0.0,-0.2596961895479386,-0.2297481141147344,-38.58883090994415,63.70001399999999,9.600004419874239,-38.59533962881415,59.93915928862313,0.0,1,2.1316282072803006e-14,0.0,-0.25969618954793816,-0.22974813875949973,-38.588830909944164,-63.70001399999998,9.600004419874239,-38.59533962881418,-59.93915928862313,0.0,1,2.842170943040401e-14,0.0,0.10602132794488206,-0.5824368921291176,71.06622541648284,63.70001399999999,9.600276620870396,71.0883044584149,62.4500158716601,0.0,1,-2.1316282072803006e-14,0.0,0.10602132794488695,-0.582436892129115,71.06622541648265,-63.70001399999998,9.600276620870432,71.08830445841471,-62.4500158716601,0.0,1,1.4210854715202004e-14
5.041666666666667,5041667,rear_pair_shake_5_return,0.0,0.0,69.7349481627691,0.993712552941193,0.0,0.1119614314266158,0.0,0.0,0.0,69.7349481627691,38.62809827516551,4.752538227846443,0,feet,0.0,-0.24736538559597143,-0.23379825947699384,-38.65456021159619,63.70001399999999,9.59996676050924,-38.628098275165506,60.000671282292835,0.0,1,2.1316282072803006e-14,0.0,-0.247365385595971,-0.2337982845142168,-38.654560211596205,-63.70001399999998,9.599966760509247,-38.62809827516552,-60.00067128229284,0.0,1,2.842170943040401e-14,0.0,0.11188079754600944,-0.5792236566251021,71.06216987368796,63.70001399999999,9.600266437177915,71.0883044584149,62.4500158716601,0.0,1,-7.105427357601002e-15,0.0,0.11188079754601388,-0.5792236566251003,71.06216987368784,-63.70001399999998,9.600266437177993,71.08830445841471,-62.4500158716601,0.0,1,7.105427357601002e-14
5.05,5050000,rear_pair_shake_5_return,0.0,0.0,69.46182697652446,0.9939129802128576,0.0,0.11016799791407572,0.0,0.0,0.0,69.46182697652446,38.788489321948894,4.798220823723071,0,feet,0.0,-0.23502934237780293,-0.23779078137663445,-38.72015359176646,63.70001399999999,9.599757101260117,-38.788489321948894,61.16236294898136,0.0,1,1.4210854715202004e-14,0.0,-0.23502934237780293,-0.23779080679957687,-38.72015359176646,-63.70001399999998,9.599757101260117,-38.788489321948894,-61.162362948981354,0.0,1,1.4210854715202004e-14,0.0,0.11776652858212833,-0.575985737339864,71.05805073513476,63.70001399999999,9.600254340044941,71.0883044584149,62.4500158716601,0.0,1,1.4210854715202004e-14,0.0,0.11776652858213277,-0.5759857373398609,71.05805073513457,-63.70001399999998,9.600254340044877,71.08830445841471,-62.4500158716601,0.0,1,-4.973799150320701e-14
5.058333333333334,5058333,rear_pair_shake_5_return,0.0,0.0,69.18870579027983,0.9941101707325026,0.0,0.10837420563120381,0.0,0.0,0.0,69.18870579027983,38.8305943634513,4.844745746409259,0,feet,0.0,-0.22275544891735333,-0.24171267721654477,-38.78527378430655,63.70001399999999,9.600192877693303,-38.8305943634513,63.70001591859285,0.0,1,0.0,0.0,-0.22275544891735333,-0.24171270301727876,-38.78527378430655,-63.70001399999998,9.600192877693303,-38.8305943634513,-63.70001591859284,0.0,1,0.0,0.0,0.12363754180351583,-0.5727456652624201,71.05389526225946,63.70001399999999,9.600240345352987,71.0883044584149,62.4500158716601,0.0,1,-2.1316282072803006e-14,0.0,0.12363754180351982,-0.5727456652624183,71.05389526225932,-63.70001399999998,9.60024034535303,71.08830445841471,-62.4500158716601,0.0,1,2.1316282072803006e-14
5.066666666666666,5066667,rear_pair_shake_5_return,0.0,0.0,68.91747853058503,0.9943027900612411,0.0,0.10659250290912355,0.0,0.0,0.0,68.91747853058503,38.8305943634513,4.891777522012845,0,feet,0.0,-0.21064432203512728,-0.24552425088458607,-38.84936585460717,63.70001399999999,9.600281499775285,-38.8305943634513,63.70001591859285,0.0,1,2.842170943040401e-14,0.0,-0.21064432203512728,-0.24552427705144764,-38.84936585460721,-63.70001399999998,9.600281499775264,-38.8305943634513,-63.70001591859284,0.0,1,7.105427357601002e-15,0.0,0.1294532650809228,-0.5695260312988979,71.04973172585832,63.70001399999999,9.600224519542593,71.0883044584149,62.4500158716601,0.0,1,0.0,0.0,0.12945326508092725,-0.5695260312988952,71.0497317258582,-63.70001399999998,9.600224519542628,71.08830445841471,-62.4500158716601,0.0,1,3.552713678800501e-14
5.075,5075000,rear_pair_shake_5_return,0.0,0.0,68.65001934407817,0.9944896063609158,0.0,0.10483521755646191,0.0,0.0,0.0,68.65001934407817,38.906437467335884,4.938961348920834,0,feet,0.0,-0.19876939053374798,-0.2492083158451046,-38.91204983823289,63.70001399999999,9.600299158372913,-38.90643746733589,63.70001591889352,0.0,1,3.552713678800501e-14,0.0,-0.19876939053374798,-0.24920834236488432,-38.9120498382329,-63.70001399999998,9.600299158372891,-38.906437467335884,-63.70001591889351,0.0,1,1.4210854715202004e-14,0.0,0.13517395333303428,-0.5663492437679563,71.04558915334007,63.70001399999999,9.600206981312269,71.0883044584149,62.4500158716601,0.0,1,4.263256414560601e-14,0.0,0.13517395333303783,-0.5663492437679536,71.04558915333996,-63.70001399999998,9.600206981312262,71.08830445841471,-62.4500158716601,0.0,1,3.552713678800501e-14
5.083333333333333,5083333,rear_pair_shake_5_return,0.0,0.0,68.38816281757384,0.9946695004515623,0.0,0.10311442610730799,0.0,0.0,0.0,68.38816281757384,38.95415336597854,4.985927841875217,0,feet,0.0,-0.18720546484242728,-0.25274604885134977,-38.97293959047196,63.70001399999999,9.600283250434522,-38.95415336597854,63.700015919036375,0.0,1,7.105427357601002e-15,0.0,-0.18720546484242728,-0.2527460757091484,-38.97293959047196,-63.70001399999998,9.600283250434522,-38.95415336597854,-63.700015919036375,0.0,1,7.105427357601002e-15,0.0,0.14076109523668956,-0.5632372844097389,71.04149703849167,63.70001399999999,9.600187901638378,71.0883044584149,62.4500158716601,0.0,1,0.0,0.0,0.140761095236694,-0.5632372844097358,71.0414970384915,-63.70001399999998,9.600187901638364,71.08830445841471,-62.4500158716601,0.0,1,-1.4210854715202004e-14
5.091666666666667,5091667,rear_pair_shake_5_return,0.0,0.0,68.1336841981514,0.9948414730919752,0.0,0.10144182281578269,0.0,0.0,0.0,68.1336841981514,39.00664531212462,5.03229845971498,0,feet,0.0,-0.1760236473202288,-0.2561207816658162,-39.0316719273928,63.70001399999999,9.600266044142884,-39.00664531212462,63.700015919151575,0.0,1,-1.4210854715202004e-14,0.0,-0.1760236473202288,-0.25612080884526334,-39.03167192739279,-63.70001399999998,9.600266044142913,-39.00664531212462,-63.70001591915158,0.0,1,1.4210854715202004e-14,0.0,0.14617792935499319,-0.5602115476212912,71.03748423073638,63.70001399999999,9.600175918670303,70.98809975587952,62.45001586773867,0.0,1,7.105427357601002e-15,0.0,0.14617792935499674,-0.5602115476212881,71.03748423073627,-63.70001399999998,9.60017591867026,70.98809975587932,-62.45001586773867,0.0,1,-3.552713678800501e-14
5.1,5100000,rear_pair_shake_5_return,0.0,0.0,67.88827961324321,0.9950046497023557,0.0,0.09982858844385387,0.0,0.0,0.0,67.88827961324321,39.08636250461428,5.077691543124331,0,feet,0.0,-0.1652957186993662,-0.25931396184296185,-39.08787640403779,63.70001399999999,9.600005264711427,-39.08636250461427,59.94669713257886,0.0,1,7.105427357601002e-15,0.0,-0.1652957186993662,-0.25931398932604477,-39.08787640403779,-63.70001399999998,9.600005264711427,-39.086362504614286,-59.94669713257886,0.0,1,7.105427357601002e-15,0.0,0.1513899302996502,-0.5572926654156065,71.03357788271953,63.70001399999999,9.600195218627285,70.98809975587952,62.45001586773867,0.0,1,5.684341886080802e-14,0.0,0.15138993029965464,-0.5572926654156034,71.03357788271937,-63.70001399999998,9.600195218627292,70.98809975587932,-62.45001586773867,0.0,1,6.394884621840902e-14
5.108333333333333,5108333,rear_pair_shake_5_return,0.0,0.0,67.6535462907229,0.9951582828296252,0.0,0.09828525889263237,0.0,0.0,0.0,67.6535462907229,39.1362986664566,5.121728871409729,0,feet,0.0,-0.15507463881065853,-0.26232041735692535,-39.14130382317957,63.70001399999999,9.600002265331113,-39.1362986664566,59.9925097393973,0.0,1,7.105427357601002e-15,0.0,-0.15507463881065853,-0.2623204451252641,-39.14130382317957,-63.70001399999998,9.600002265331113,-39.1362986664566,-59.99250973939729,0.0,1,7.105427357601002e-15,0.0,0.15636411623559576,-0.5544995316399421,71.02980989913164,63.70001399999999,9.600212328887494,70.98809975587952,62.45001586773867,0.0,1,-2.1316282072803006e-14,0.0,0.15636411623559932,-0.5544995316399404,71.02980989913151,-63.70001399999998,9.600212328887508,70.98809975587932,-62.45001586773867,0.0,1,-7.105427357601002e-15
5.116666666666666,5116667,rear_pair_shake_5_return,0.0,0.0,67.4309627789936,0.9953017527301895,0.0,0.09682159372894368,0.0,0.0,0.0,67.4309627789936,39.196043037650426,5.164042632880324,0,feet,0.0,-0.14542190695851476,-0.26512565750037353,-39.19164444349033,63.70001399999999,9.599996116127251,-39.19604303765043,65.90477742429005,0.0,1,4.263256414560601e-14,0.0,-0.1454219069585152,-0.26512568553433535,-39.19164444349032,-63.70001399999998,9.599996116127244,-39.19604303765042,-65.90477742429005,0.0,1,3.552713678800501e-14,0.0,0.16107073658025284,-0.5518499681058224,71.02620795993974,63.70001399999999,9.600227302546458,70.98809975587952,62.45001586773867,0.0,1,5.684341886080802e-14,0.0,0.16107073658025728,-0.5518499681058184,71.02620795993953,-63.70001399999998,9.600227302546351,70.98809975587932,-62.45001586773867,0.0,1,-4.973799150320701e-14
5.125,5125000,rear_pair_shake_5_return,0.0,0.0,67.22186916707622,0.9954345665095287,0.0,0.09544644465870253,0.0,0.0,0.0,67.22186916707622,39.31224530303281,5.204282692062847,0,feet,0.0,-0.13638749409600281,-0.26772168824373566,-39.23865680628187,63.70001399999999,9.600013467945338,-39.31224530303281,63.70001591896379,0.0,1,2.842170943040401e-14,0.0,-0.13638749409600237,-0.2677217165230483,-39.23865680628188,-63.70001399999998,9.600013467945338,-39.31224530303282,-63.7000159189638,0.0,1,2.842170943040401e-14,0.0,0.165483142481071,-0.5493601463349052,71.0227981670962,63.70001399999999,9.600240232204285,70.98809975587952,62.45001586773867,0.0,1,4.263256414560601e-14,0.0,0.16548314248107543,-0.549360146334902,71.02279816709601,-63.70001399999998,9.6002402322043,70.98809975587932,-62.45001586773867,0.0,1,5.684341886080802e-14
5.133333333333334,5133333,rear_pair_shake_5_return,0.0,0.0,67.02744730469769,0.9955563563107793,0.0,0.09416762399681014,0.0,0.0,0.0,67.02744730469769,39.31224530303281,5.24212402892438,0,feet,0.0,-0.12801149509678256,-0.2701050230219364,-39.28215830807426,63.70001399999999,9.60024836263728,-39.31224530303281,63.70001591896379,0.0,1,0.0,0.0,-0.12801149509678256,-0.27010505152611053,-39.28215830807426,-63.70001399999998,9.60024836263728,-39.31224530303282,-63.7000159189638,0.0,1,0.0,0.0,0.16957813871556615,-0.5470443450204758,71.01960453630097,63.70001399999999,9.600251243826143,70.98809975587952,62.45001586773867,0.0,1,4.263256414560601e-14,0.0,0.1695781387155706,-0.5470443450204723,71.01960453630082,-63.70001399999998,9.600251243826108,70.98809975587932,-62.45001586773867,0.0,1,7.105427357601002e-15
5.141666666666667,5141667,rear_pair_shake_5_return,0.0,0.0,66.8487010223792,0.9956668770832903,0.0,0.09299177318025585,0.0,0.0,0.0,66.8487010223792,39.326713466059246,5.277274220657546,0,feet,0.0,-0.12033724154828951,-0.27226568209636337,-39.3219343575276,63.70001399999999,9.600304298330272,-39.32671346605923,63.700015918920016,0.0,1,-2.1316282072803006e-14,0.0,-0.12033724154828906,-0.2722657108040698,-39.32193435752763,-63.70001399999998,9.600304298330258,-39.32671346605926,-63.700015918920016,0.0,1,-3.552713678800501e-14,0.0,0.17333633347235144,-0.5449147088038568,71.01664847034804,63.70001399999999,9.60026048952195,70.98809975587952,62.45001586773867,0.0,1,7.105427357601002e-15,0.0,0.17333633347235589,-0.5449147088038542,71.01664847034789,-63.70001399999998,9.600260489522,70.98809975587932,-62.45001586773867,0.0,1,5.684341886080802e-14
5.15,5150000,rear_pair_shake_5_return,0.0,0.0,66.68643635152446,0.9957660044847679,0.0,0.09192423136714856,0.0,0.0,0.0,66.68643635152446,39.326713466059246,5.309480835553302,0,feet,0.0,-0.11339141964816069,-0.27420268071031373,-39.35786780393677,63.70001399999999,9.600254937638312,-39.32671346605923,63.700015918920016,0.0,1,-7.105427357601002e-15,0.0,-0.11339141964815935,-0.2742027096002295,-39.35786780393681,-63.70001399999998,9.600254937638361,-39.32671346605926,-63.700015918920016,0.0,1,4.263256414560601e-14,0.0,0.1767424885577875,-0.5429810084131228,71.01394822322263,63.70001399999999,9.600268139615125,70.98809975587952,62.45001586773867,0.0,1,-4.263256414560601e-14,0.0,0.17674248855779195,-0.5429810084131197,71.01394822322249,-63.70001399999998,9.600268139615146,70.98809975587932,-62.45001586773867,0.0,1,-1.4210854715202004e-14
5.158333333333333,5158333,rear_pair_shake_5_return,0.0,0.0,66.54124174450799,0.9958537334749349,0.0,0.09096890415979218,0.0,0.0,0.0,66.54124174450799,39.326713466059246,5.338538611224465,0,feet,0.0,-0.10719329317881732,-0.27591602219538514,-39.38987758772274,63.70001399999999,9.600097695031657,-39.32671346605923,63.700015918920016,0.0,1,7.105427357601002e-15,0.0,-0.10719329317881643,-0.27591605124626906,-39.38987758772278,-63.70001399999998,9.600097695031664,-39.32671346605926,-63.700015918920016,0.0,1,1.4210854715202004e-14,0.0,0.1797858726086221,-0.5412504021209981,71.01151836491172,63.70001399999999,9.600274374439785,70.98809975587952,62.45001586773867,0.0,1,7.105427357601002e-15,0.0,0.17978587260862566,-0.5412504021209954,71.01151836491154,-63.70001399999998,9.600274374439763,70.98809975587932,-62.45001586773867,0.0,1,-7.105427357601002e-15
5.166666666666667,5166667,rear_pair_shake_5_return,0.0,0.0,66.41346829476328,0.9959301781424209,0.0,0.09012813248484525,0.0,0.0,0.0,66.41346829476328,39.440267170544374,5.364296296178637,0,feet,0.0,-0.1017500862372569,-0.2774099038107414,-39.41794684718931,63.70001399999999,9.599972529889278,-39.44026717054437,60.74619282880431,0.0,1,2.1316282072803006e-14,0.0,-0.1017500862372569,-0.27740993300182293,-39.41794684718931,-63.70001399999998,9.599972529889278,-39.44026717054439,-60.74619282880431,0.0,1,2.1316282072803006e-14,0.0,0.18246061982984507,-0.5397271984064154,71.00936925717569,63.70001399999999,9.600279376356163,70.98809975587952,62.45001586773867,0.0,1,4.973799150320701e-14,0.0,0.18246061982984996,-0.5397271984064123,71.00936925717549,-63.70001399999998,9.600279376356184,70.98809975587932,-62.45001586773867,0.0,1,7.105427357601002e-14
5.175,5175000,rear_pair_shake_5_return,0.0,0.0,66.30320995687114,0.9959955732677542,0.0,0.08940256165814095,0.0,0.0,0.0,66.30320995687114,39.440267170544374,5.386663044790126,0,feet,0.0,-0.09705913544944478,-0.27869042379138564,-39.44210862622213,63.70001399999999,9.599998301067771,-39.44026717054437,60.74619282880431,0.0,1,0.0,0.0,-0.09705913544944478,-0.2786904531025285,-39.44210862622213,-63.70001399999998,9.599998301067771,-39.44026717054439,-60.74619282880431,0.0,1,0.0,0.0,0.1847660966076945,-0.5384126196546073,71.00750655023924,63.70001399999999,9.60028332249135,70.98809975587952,62.45001586773867,0.0,1,-5.684341886080802e-14,0.0,0.18476609660769938,-0.5384126196546042,71.00750655023904,-63.70001399999998,9.600283322491393,70.98809975587932,-62.45001586773867,0.0,1,-1.4210854715202004e-14
5.183333333333334,5183333,rear_pair_shake_5_return,0.0,0.0,66.21028376664792,0.9960502780616632,0.0,0.08879101065582838,0.0,0.0,0.0,66.21028376664792,39.45938243187273,5.405614271501207,0,feet,0.0,-0.09311198423852396,-0.27976185024200895,-39.4624161176723,63.70001399999999,9.599997526012132,-39.45938243187271,60.73333348422281,0.0,1,-7.105427357601002e-15,0.0,-0.09311198423852396,-0.27976187965352795,-39.46241611767233,-63.70001399999998,9.599997526012096,-39.459382431872754,-60.73333348422281,0.0,1,-4.263256414560601e-14,0.0,0.1867072780595671,-0.5373045667057998,71.00593070944608,63.70001399999999,9.600286378690392,70.98809975587952,62.45001586773867,0.0,1,-3.552713678800501e-14,0.0,0.186707278059572,-0.5373045667057972,71.00593070944592,-63.70001399999998,9.600286378690441,70.98809975587932,-62.45001586773867,0.0,1,1.4210854715202004e-14
5.191666666666666,5191667,rear_pair_shake_5_return,0.0,0.0,66.13421006123373,0.9960947824273236,0.0,0.08829034160689798,0.0,0.0,0.0,66.13421006123373,39.477052015560105,5.42119689114007,0,feet,0.0,-0.08988456300571235,-0.28063402325337305,-39.47900537600092,63.70001399999999,9.600004473175382,-39.477052015560105,60.71151150841919,0.0,1,1.4210854715202004e-14,0.0,-0.08988456300571235,-0.2806340527465494,-39.47900537600092,-63.70001399999998,9.600004473175382,-39.477052015560105,-60.71151150841919,0.0,1,1.4210854715202004e-14,0.0,0.18829513616550964,-0.5363973840616789,71.00463657936001,63.70001399999999,9.60028869509889,70.98809975587952,62.45001586773867,0.0,1,2.1316282072803006e-14,0.0,0.18829513616551408,-0.5363973840616758,71.00463657935983,-63.70001399999998,9.600288695098897,70.98809975587932,-62.45001586773867,0.0,1,2.842170943040401e-14
5.2,5200000,rear_pair_shake_5_return,0.0,0.0,66.07419269918071,0.9961297159755558,0.0,0.0878953295144772,0.0,0.0,0.0,66.07419269918071,39.48805781796537,5.433533899244793,0,feet,0.0,-0.08734106927608698,-0.2813187585551118,-39.4920690308012,63.70001399999999,9.599998371404311,-39.48805781796538,66.27374638689588,0.0,1,2.842170943040401e-14,0.0,-0.08734106927608698,-0.2813187881123618,-39.4920690308012,-63.70001399999998,9.599998371404311,-39.48805781796536,-66.27374638689588,0.0,1,2.842170943040401e-14,0.0,0.18954704057041605,-0.5356816255776122,71.00361299059301,63.70001399999999,9.600290403697286,70.98809975587952,62.45001586773867,0.0,1,-2.842170943040401e-14,0.0,0.18954704057042138,-0.5356816255776091,71.00361299059281,-63.70001399999998,9.600290403697322,70.98809975587932,-62.45001586773867,0.0,1,7.105427357601002e-15
5.208333333333333,5208333,rear_pair_shake_5_return,0.0,0.0,66.02909928054133,0.9961558598711913,0.0,0.08759853220395639,0.0,0.0,0.0,66.02909928054133,39.50719737387419,5.442828280030319,0,feet,0.0,-0.08543134297968713,-0.2818315114878702,-39.5018720351754,63.70001399999999,9.60000273979955,-39.50719737387419,59.93459691168532,0.0,1,0.0,0.0,-0.08543134297968713,-0.28183154109308184,-39.5018720351754,-63.70001399999998,9.60000273979955,-39.507197373874185,-59.93459691168532,0.0,1,0.0,0.0,0.19048717244349245,-0.5351438204996537,71.00284241181755,63.70001399999999,9.600291617959819,70.98809975587952,62.45001586773867,0.0,1,-2.1316282072803006e-14,0.0,0.1904871724434969,-0.5351438204996524,71.00284241181741,-63.70001399999998,9.60029161795989,70.98809975587932,-62.45001586773867,0.0,1,4.973799150320701e-14
5.216666666666667,5216667,rear_pair_shake_5_return,0.0,0.0,65.99744136695656,0.9961741614047841,0.0,0.08739016048431954,0.0,0.0,0.0,65.99744136695656,39.50719737387419,5.449366271038038,0,feet,0.0,-0.08409138896780943,-0.2821905253931649,-39.508747294519424,63.70001399999999,9.600004091725054,-39.50719737387419,59.93459691168532,0.0,1,3.552713678800501e-14,0.0,-0.08409138896781032,-0.2821905550319479,-39.50874729451941,-63.70001399999998,9.600004091725033,-39.507197373874185,-59.93459691168532,0.0,1,1.4210854715202004e-14,0.0,0.19114695092378797,-0.5347662397385671,71.0023006460281,63.70001399999999,9.60029243463417,70.98809975587952,62.45001586773867,0.0,1,5.684341886080802e-14,0.0,0.1911469509237924,-0.5347662397385644,71.00230064602795,-63.70001399999998,9.60029243463417,70.98809975587932,-62.45001586773867,0.0,1,5.684341886080802e-14
5.225,5225000,rear_pair_shake_5_return,0.0,0.0,65.97735470174419,0.9961857509644396,0.0,0.08725794849419433,0.0,0.0,0.0,65.97735470174419,39.50719737387419,5.453520063551068,0,feet,0.0,-0.08324156088860013,-0.2824178791811396,-39.51310641068942,63.70001399999999,9.600002398264031,-39.50719737387419,59.93459691168532,0.0,1,7.105427357601002e-15,0.0,-0.08324156088860013,-0.28241790884117757,-39.51310641068943,-63.70001399999998,9.60000239826401,-39.507197373874185,-59.93459691168532,0.0,1,-1.4210854715202004e-14,0.0,0.19156547066002094,-0.5345266622963196,71.00195656621585,63.70001399999999,9.600292937435775,70.98809975587952,62.45001586773867,0.0,1,-1.0658141036401503e-13,0.0,0.19156547066002583,-0.5345266622963178,71.00195656621572,-63.70001399999998,9.600292937435881,70.98809975587932,-62.45001586773867,0.0,1,0.0
5.233333333333333,5233333,rear_pair_shake_5_return,0.0,0.0,65.96657942998704,0.996191960825683,0.0,0.0871870241852597,0.0,0.0,0.0,65.96657942998704,39.59003448627551,5.4557500775509595,0,feet,0.0,-0.082785593921892,-0.2825398627560505,-39.5154450855228,63.70001399999999,9.600012173199218,-39.59003448627553,63.70001591752033,0.0,1,-2.1316282072803006e-14,0.0,-0.08278559392189244,-0.2825398924274931,-39.51544508552275,-63.70001399999998,9.600012173199268,-39.5900344862755,-63.70001591752033,0.0,1,2.842170943040401e-14,0.0,0.19178994776197866,-0.5343981417612245,71.00177188127836,63.70001399999999,9.60029320222882,70.98809975587952,62.45001586773867,0.0,1,-7.105427357601002e-15,0.0,0.1917899477619831,-0.5343981417612218,71.00177188127822,-63.70001399999998,9.600293202228848,70.98809975587932,-62.45001586773867,0.0,1,2.1316282072803006e-14
5.241666666666666,5241667,rear_pair_shake_5_return,0.0,0.0,65.96244031862123,0.9961943448808908,0.0,0.08715977987198482,0.0,0.0,0.0,65.96244031862123,39.59003448627551,5.45660702028799,0,feet,0.0,-0.08261040607347292,-0.2825867413623304,-39.51634362869818,63.70001399999999,9.600019112574088,-39.59003448627553,63.70001591752033,0.0,1,0.0,0.0,-0.08261040607347336,-0.282586771038154,-39.516343628698166,-63.70001399999998,9.600019112574088,-39.5900344862755,-63.70001591752033,0.0,1,0.0,0.0,0.19187617011168934,-0.5343487727545435,71.00170091825161,63.70001399999999,9.60029330302757,70.98809975587952,62.45001586773867,0.0,1,-7.105427357601002e-15,0.0,0.19187617011169378,-0.5343487727545417,71.00170091825144,-63.70001399999998,9.60029330302762,70.98809975587932,-62.45001586773867,0.0,1,4.263256414560601e-14
5.25,5250000,rear_pair_shake_5_return,0.0,0.0,65.96182697652446,0.9961946980917455,0.0,0.08715574274765817,0.0,0.0,0.0,65.96182697652446,39.59003448627551,5.456734019237587,0,feet,0.0,-0.08258444738456339,-0.28259368670452023,-39.51647676783386,63.70001399999999,9.60002013364224,-39.59003448627553,63.70001591752033,0.0,1,2.1316282072803006e-14,0.0,-0.08258444738456383,-0.28259371638099307,-39.51647676783385,-63.70001399999998,9.600020133642225,-39.5900344862755,-63.70001591752033,0.0,1,7.105427357601002e-15,0.0,0.1918889464267859,-0.5343414571368812,71.00169040186354,63.70001399999999,9.600293317920915,70.98809975587952,62.45001586773867,0.0,1,6.394884621840902e-14,0.0,0.19188894642679122,-0.5343414571368768,71.0016904018633,-63.70001399999998,9.60029331792083,70.98809975587932,-62.45001586773867,0.0,1,-1.4210854715202004e-14
5.258333333333334,5258333,return_to_standing,0.0,0.0,65.96187097770962,0.9961947204025824,0.0,0.08715548773325027,0.0,0.0,0.0,65.96187097770962,39.59003448627551,5.456824785922535,0,feet,0.0,-0.08258425586156415,-0.28259296029765624,-39.51647589589051,63.70001399999999,9.600020126961162,-39.59003448627553,63.70001591752033,0.0,1,3.552713678800501e-14,0.0,-0.08258425586156459,-0.2825929899740607,-39.516475895890494,-63.70001399999998,9.600020126961127,-39.5900344862755,-63.70001591752033,0.0,1,-7.105427357601002e-15,0.0,0.19188854832138924,-0.5343401686505409,71.00169733922812,63.70001399999999,9.600293308097555,70.98809975587952,62.45001586773867,0.0,1,8.526512829121202e-14,0.0,0.19188854832139368,-0.5343401686505365,71.00169733922786,-63.70001399999998,9.600293308097427,70.98809975587932,-62.45001586773867,0.0,1,-4.263256414560601e-14
5.266666666666667,5266667,return_to_standing,0.0,0.0,65.96217545889485,0.9961948747882269,0.0,0.08715372307405399,0.0,0.0,0.0,65.96217545889485,39.59003448627551,5.457452877343911,0,feet,0.0,-0.08258293054421229,-0.28258793366349577,-39.516469862132965,63.70001399999999,9.600020080726537,-39.59003448627553,63.70001591752033,0.0,1,-1.4210854715202004e-14,0.0,-0.08258293054421317,-0.28258796333943126,-39.5164698621329,-63.70001399999998,9.600020080726544,-39.5900344862755,-63.70001591752033,0.0,1,-7.105427357601002e-15,0.0,0.1918857934709881,-0.5343312524994528,71.0017453447317,63.70001399999999,9.600293239983785,70.98809975587952,62.45001586773867,0.0,1,-2.842170943040401e-14,0.0,0.19188579347099255,-0.5343312524994497,71.0017453447315,-63.70001399999998,9.600293239983785,70.98809975587932,-62.45001586773867,0.0,1,-2.842170943040401e-14
5.275,5275000,return_to_standing,0.0,0.0,65.96299126452449,0.9961952884229363,0.0,0.08714899496805907,0.0,0.0,0.0,65.96299126452449,39.59003448627551,5.4591357453900144,0,feet,0.0,-0.08257937950615579,-0.28257446552609045,-39.516453695286316,63.70001399999999,9.600019956826984,-39.59003448627553,63.70001591752033,0.0,1,3.552713678800501e-14,0.0,-0.08257937950615668,-0.2825744952007674,-39.516453695286295,-63.70001399999998,9.600019956826948,-39.5900344862755,-63.70001591752033,0.0,1,0.0,0.0,0.19187841210584766,-0.5343073629191473,71.00187396773256,63.70001399999999,9.600293056301027,70.98809975587952,62.45001586773867,0.0,1,-7.105427357601002e-15,0.0,0.1918784121058521,-0.534307362919145,71.00187396773244,-63.70001399999998,9.600293056301055,70.98809975587932,-62.45001586773867,0.0,1,2.1316282072803006e-14
5.283333333333333,5283333,return_to_standing,0.0,0.0,65.96455885682076,0.996196083170085,0.0,0.08713990978065712,0.0,0.0,0.0,65.96455885682076,39.59003448627551,5.462369436568949,0,feet,0.0,-0.0825725557840129,-0.2825485856303924,-39.51642262855087,63.70001399999999,9.600019718661024,-39.59003448627553,63.70001591752033,0.0,1,-7.105427357601002e-15,0.0,-0.08257255578401379,-0.2825486153026495,-39.516422628550835,-63.70001399999998,9.600019718661002,-39.5900344862755,-63.70001591752033,0.0,1,-2.842170943040401e-14,0.0,0.19186422775181633,-0.5342614573588684,71.00212112192287,63.70001399999999,9.600292698510245,70.98809975587952,62.45001586773867,0.0,1,4.263256414560601e-14,0.0,0.19186422775182121,-0.5342614573588653,71.00212112192266,-63.70001399999998,9.600292698510202,70.98809975587932,-62.45001586773867,0.0,1,0.0
5.291666666666667,5291667,return_to_standing,0.0,0.0,65.96710845800594,0.9961973756048971,0.0,0.0871251332160565,0.0,0.0,0.0,65.96710845800594,39.59003448627551,5.467628897383669,0,feet,0.0,-0.08256145651709845,-0.2825064919943552,-39.51637209544439,63.70001399999999,9.600019331045914,-39.59003448627553,63.70001591752033,0.0,1,0.0,0.0,-0.08256145651709934,-0.28250652166267765,-39.51637209544434,-63.70001399999998,9.600019331045921,-39.5900344862755,-63.70001591752033,0.0,1,7.105427357601002e-15,0.0,0.19184115526626977,-0.5341867914588962,71.00252310905461,63.70001399999999,9.600292102986081,70.98809975587952,62.45001586773867,0.0,1,-1.4210854715202004e-14,0.0,0.1918411552662742,-0.5341867914588927,71.00252310905441,-63.70001399999998,9.600292102986053,70.98809975587932,-62.45001586773867,0.0,1,-4.263256414560601e-14
5.3,5300000,return_to_standing,0.0,0.0,65.97086019252447,0.9961992770223265,0.0,0.08710338948740236,0.0,0.0,0.0,65.97086019252447,39.59003448627551,5.47536828331161,0,feet,0.0,-0.08254512201464514,-0.28244454804063857,-39.51629772524232,63.70001399999999,9.600018760104128,-39.59003448627553,63.70001591752033,0.0,1,3.552713678800501e-14,0.0,-0.08254512201464514,-0.2824445777031701,-39.51629772524232,-63.70001399999998,9.600018760104128,-39.5900344862755,-63.70001591752033,0.0,1,3.552713678800501e-14,0.0,0.19180719867028673,-0.5340769137690815,71.00311464306105,63.70001399999999,9.600291196049056,70.98809975587952,62.45001586773867,0.0,1,7.105427357601002e-15,0.0,0.19180719867029206,-0.5340769137690784,71.0031146430609,-63.70001399999998,9.60029119604907,70.98809975587932,-62.45001586773867,0.0,1,2.1316282072803006e-14
5.308333333333334,5308333,return_to_standing,0.0,0.0,65.97602422926519,0.9962018934327623,0.0,0.0870734604858403,0.0,0.0,0.0,65.97602422926519,39.59003448627551,5.486021270735847,0,feet,0.0,-0.08252263476365806,-0.2823592796294476,-39.51619533808815,63.70001399999999,9.600017973132822,-39.59003448627553,63.70001591752033,0.0,1,0.0,0.0,-0.08252263476365806,-0.2823593092840082,-39.51619533808815,-63.70001399999998,9.600017973132822,-39.5900344862755,-63.70001591752033,0.0,1,0.0,0.0,0.1917604488136897,-0.5339256602541225,71.00392887450485,63.70001399999999,9.600289888059564,70.98809975587952,62.45001586773867,0.0,1,6.394884621840902e-14,0.0,0.19176044881369458,-0.5339256602541194,71.00392887450461,-63.70001399999998,9.600289888059557,70.98809975587932,-62.45001586773867,0.0,1,5.684341886080802e-14
5.316666666666666,5316667,return_to_standing,0.0,0.0,65.98280092378373,0.9962053255480555,0.0,0.08703418494874712,0.0,0.0,0.0,65.98280092378373,39.59003448627551,5.500001371216797,0,feet,0.0,-0.08249311838967577,-0.2822473720125389,-39.51606093984158,63.70001399999999,9.600016938459333,-39.59003448627553,63.70001591752033,0.0,1,-7.105427357601002e-15,0.0,-0.08249311838967621,-0.28224740165663764,-39.516060939841516,-63.70001399999998,9.600016938459376,-39.5900344862755,-63.70001591752033,0.0,1,3.552713678800501e-14,0.0,0.19169908090702537,-0.5337271486275537,71.00499741529391,63.70001399999999,9.6002880667656,70.98809975587952,62.45001586773867,0.0,1,8.526512829121202e-14,0.0,0.19169908090702892,-0.5337271486275506,71.00499741529376,-63.70001399999998,9.600288066765486,70.98809975587932,-62.45001586773867,0.0,1,-2.842170943040401e-14
5.325,5325000,return_to_standing,0.0,0.0,65.99138096052445,0.9962096687601847,0.0,0.08698445762734354,0.0,0.0,0.0,65.99138096052445,39.59003448627551,5.517702247533137,0,feet,0.0,-0.0824557365818861,-0.2821056667269213,-39.51589071672843,63.70001399999999,9.600015625284954,-39.59003448627553,63.70001591752033,0.0,1,-1.4210854715202004e-14,0.0,-0.08245573658188698,-0.2821056963577706,-39.51589071672835,-63.70001399999998,9.600015625285003,-39.5900344862755,-63.70001591752033,0.0,1,3.552713678800501e-14,0.0,0.19162135195216345,-0.5334757725529684,71.00635036361066,63.70001399999999,9.600285590079729,70.98809975587952,62.45001586773867,0.0,1,5.684341886080802e-14,0.0,0.19162135195216878,-0.5334757725529649,71.00635036361042,-63.70001399999998,9.600285590079665,70.98809975587932,-62.45001586773867,0.0,1,-7.105427357601002e-15
5.333333333333333,5333333,return_to_standing,0.0,0.0,66.00194549504297,0.996215013114716,0.0,0.08692322845388392,0.0,0.0,0.0,66.00194549504297,39.59003448627551,5.5394980309627755,0,feet,0.0,-0.082409691993242,-0.281931158445361,-39.51568102985078,63.70001399999999,9.600014003520862,-39.59003448627553,63.70001591752033,0.0,1,3.552713678800501e-14,0.0,-0.08240969199324244,-0.2819311880598909,-39.51568102985078,-63.70001399999998,9.600014003520833,-39.5900344862755,-63.70001591752033,0.0,1,7.105427357601002e-15,0.0,0.19152559810078884,-0.5331661957475542,71.00801632900482,63.70001399999999,9.600282278448368,70.98809975587952,62.45001586773867,0.0,1,4.973799150320701e-14,0.0,0.19152559810079373,-0.5331661957475511,71.00801632900465,-63.70001399999998,9.600282278448375,70.98809975587932,-62.45001586773867,0.0,1,5.684341886080802e-14
5.341666666666667,5341667,return_to_standing,0.0,0.0,66.01466629622819,0.9962214432810437,0.0,0.0868495017086131,0.0,0.0,0.0,66.01466629622819,39.59003448627551,5.565743639310028,0,feet,0.0,-0.08235422512545476,-0.2817209917994341,-39.51542840961207,63.70001399999999,9.600012043617618,-39.59003448627553,63.70001591752033,0.0,1,7.105427357601002e-15,0.0,-0.0823542251254552,-0.2817210213943091,-39.51542840961205,-63.70001399999998,9.600012043617625,-39.5900344862755,-63.70001591752033,0.0,1,1.4210854715202004e-14,0.0,0.1914102319677875,-0.5327933460199215,71.01002245760955,63.70001399999999,9.600277906963058,70.98809975587952,62.45001586773867,0.0,1,7.105427357601002e-15,0.0,0.1914102319677924,-0.5327933460199188,71.01002245760934,-63.70001399999998,9.600277906963036,70.98809975587932,-62.45001586773867,0.0,1,-1.4210854715202004e-14
5.35,5350000,return_to_standing,0.0,0.0,66.02970588852446,0.9962290385212416,0.0,0.08676233518666152,0.0,0.0,0.0,66.02970588852446,39.59003448627551,5.596775095224636,0,feet,0.0,-0.08228861320799075,-0.28147245818953914,-39.51512955010625,63.70001399999999,9.600009716391746,-39.59003448627553,63.70001591752033,0.0,1,7.105427357601002e-15,0.0,-0.08228861320799163,-0.2814724877611683,-39.51512955010621,-63.70001399999998,9.60000971639176,-39.5900344862755,-63.70001591752033,0.0,1,2.1316282072803006e-14,0.0,0.19127373992436114,-0.5323524092710503,71.01239445744153,63.70001399999999,9.600272197351998,70.98809975587952,62.45001586773867,0.0,1,-1.4210854715202004e-14,0.0,0.19127373992436514,-0.5323524092710485,71.01239445744143,-63.70001399999998,9.600272197352005,70.98809975587932,-62.45001586773867,0.0,1,-7.105427357601002e-15
5.358333333333333,5358333,return_to_standing,0.0,0.0,66.04721769415409,0.996237872659209,0.0,0.08666083936504154,0.0,0.0,0.0,66.04721769415409,39.59003448627551,5.632909844393268,0,feet,0.0,-0.08221216907946483,-0.28118299259502066,-39.514781303519186,63.70001399999999,9.600006992849707,-39.59003448627553,63.70001591752033,0.0,1,0.0,0.0,-0.08221216907946527,-0.28118302213956925,-39.514781303519136,-63.70001399999998,9.600006992849742,-39.5900344862755,-63.70001591752033,0.0,1,3.552713678800501e-14,0.0,0.19111467939351945,-0.531838823484347,71.01515662375458,63.70001399999999,9.6002648099766,70.98809975587952,62.45001586773867,0.0,1,1.4210854715202004e-14,0.0,0.19111467939352433,-0.5318388234843439,71.01515662375436,-63.70001399999998,9.600264809976544,70.98809975587932,-62.45001586773867,0.0,1,-4.263256414560601e-14
5.366666666666666,5366667,return_to_standing,0.0,0.0,66.06734617533927,0.996248014051641,0.0,0.08654417656989599,0.0,0.0,0.0,66.06734617533927,39.59003448627551,5.674447073218218,0,feet,0.0,-0.08212424007913155,-0.2808501703963522,-39.51438067458268,63.70001399999999,9.600003844012534,-39.59003448627553,63.70001591752033,0.0,1,4.263256414560601e-14,0.0,-0.08212424007913244,-0.2808501999097577,-39.51438067458266,-63.70001399999998,9.600003844012512,-39.5900344862755,-63.70001591752033,0.0,1,2.1316282072803006e-14,0.0,0.19093167616863038,-0.5312482727280825,71.01833186441641,63.70001399999999,9.600255335947438,70.98809975587952,62.45001586773867,0.0,1,-7.105427357601002e-15,0.0,0.19093167616863527,-0.5312482727280798,71.01833186441625,-63.70001399999998,9.600255335947509,70.98809975587932,-62.45001586773867,0.0,1,6.394884621840902e-14
5.375,5375000,return_to_standing,0.0,0.0,66.09022697652446,0.9962595255622184,0.0,0.08641156014413519,0.0,0.0,0.0,66.09022697652446,39.50719737345069,5.721668025633662,0,feet,0.0,-0.08202417863790457,-0.280471727041272,-39.513924996717535,63.70001399999999,9.600001859503784,-39.507197373450694,59.93459691168532,0.0,1,-7.105427357601002e-15,0.0,-0.08202417863790501,-0.2804717565192574,-39.51392499671751,-63.70001399999998,9.600001859503777,-39.50719737345068,-59.93459691168532,0.0,1,-1.4210854715202004e-14,0.0,0.1907234217736513,-0.5305766811909547,71.02194172528779,63.70001399999999,9.600243289463059,70.98809975587952,62.45001586773867,0.0,1,-7.105427357601002e-15,0.0,0.19072342177365575,-0.5305766811909516,71.02194172528762,-63.70001399999998,9.600243289463059,70.98809975587932,-62.45001586773867,0.0,1,0.0
5.383333333333334,5383333,return_to_standing,0.0,0.0,66.11598706659854,0.9962724645402782,0.0,0.08626225361558928,0.0,0.0,0.0,66.11598706659854,39.50719737345069,5.774836318741208,0,feet,0.0,-0.08191137692696282,-0.2800455261746193,-39.513411697529435,63.70001399999999,9.60000220549805,-39.507197373450694,59.93459691168532,0.0,1,7.105427357601002e-15,0.0,-0.08191137692696326,-0.2800455556127033,-39.51341169752942,-63.70001399999998,9.600002205498043,-39.50719737345068,-59.93459691168532,0.0,1,0.0,0.0,0.19048867088187205,-0.52982020726914,71.02600641557996,63.70001399999999,9.60022810046327,70.98809975587952,62.45001586773867,0.0,1,1.4210854715202004e-14,0.0,0.1904886708818756,-0.5298202072691383,71.02600641557986,-63.70001399999998,9.60022810046327,70.98809975587932,-62.45001586773867,0.0,1,1.4210854715202004e-14
5.391666666666667,5391667,return_to_standing,0.0,0.0,66.14474488111705,0.9962868828050909,0.0,0.08609556986578923,0.0,0.0,0.0,66.14474488111705,39.50719737345069,5.83419825697905,0,feet,0.0,-0.08178531943307776,-0.27956951330418933,-39.512837950091566,63.70001399999999,9.600002559754124,-39.507197373450694,59.93459691168532,0.0,1,-2.842170943040401e-14,0.0,-0.08178531943307776,-0.2795695426976956,-39.51283795009155,-63.70001399999998,9.600002559754152,-39.50719737345068,-59.93459691168532,0.0,1,0.0,0.0,0.1902262388080831,-0.5289752377210717,71.0305448331755,63.70001399999999,9.6002091076803,70.98809975587952,62.45001586773867,0.0,1,2.1316282072803006e-14,0.0,0.19022623880808887,-0.5289752377210686,71.03054483317527,-63.70001399999998,9.600209107680342,70.98809975587932,-62.45001586773867,0.0,1,7.105427357601002e-14
5.4,5400000,return_to_standing,0.0,0.0,66.17661046452446,0.9963028266367541,0.0,0.08591087029947908,0.0,0.0,0.0,66.17661046452446,39.50719737345069,5.899983144569916,0,feet,0.0,-0.0816454804756277,-0.2790417945528456,-39.51220131854045,63.70001399999999,9.600002912703985,-39.507197373450694,59.93459691168532,0.0,1,1.4210854715202004e-14,0.0,-0.08164548047562814,-0.279041823896915,-39.512201318540434,-63.70001399999998,9.600002912703971,-39.50719737345068,-59.93459691168532,0.0,1,0.0,0.0,0.1899349990874235,-0.5280383819041385,71.03557458989458,63.70001399999999,9.60018555216044,70.98809975587952,62.45001586773867,0.0,1,4.263256414560601e-14,0.0,0.1899349990874275,-0.5280383819041354,71.0355745898944,-63.70001399999998,9.600185552160383,70.98809975587932,-62.45001586773867,0.0,1,-1.4210854715202004e-14
5.408333333333333,5408333,return_to_standing,0.0,0.0,66.21168561237631,0.9963203367745854,0.0,0.08570756401494946,0.0,0.0,0.0,66.21168561237631,39.50719737345069,5.9724035960224455,0,feet,0.0,-0.08149136372500676,-0.2784606010655568,-39.511499493724074,63.70001399999999,9.600003252871957,-39.507197373450694,59.93459691168532,0.0,1,-7.105427357601002e-15,0.0,-0.08149136372500676,-0.27846063035515956,-39.51149949372409,-63.70001399999998,9.600003252871936,-39.50719737345068,-59.93459691168532,0.0,1,-2.842170943040401e-14,0.0,0.18961431070148516,-0.5270067621916845,71.04110932477487,63.70001399999999,9.600186003434203,71.08830446000992,62.4500158716601,0.0,1,7.105427357601002e-15,0.0,0.18961431070148782,-0.5270067621916827,71.04110932477478,-63.70001399999998,9.600186003434217,71.08830446000977,-62.4500158716601,0.0,1,2.1316282072803006e-14
5.416666666666667,5416667,return_to_standing,0.0,0.0,66.25006401356151,0.9963394484237923,0.0,0.08548510697526995,0.0,0.0,0.0,66.25006401356151,39.50719737345069,6.051655844490682,0,feet,0.0,-0.08132250127887675,-0.27782428609522913,-39.51073028866331,63.70001399999999,9.600003566765025,-39.507197373450694,59.93459691168532,0.0,1,0.0,0.0,-0.08132250127887675,-0.2778243153251756,-39.510730288663304,-63.70001399999998,9.600003566765054,-39.50719737345068,-59.93459691168532,0.0,1,2.842170943040401e-14,0.0,0.18926322012186114,-0.5258774617870823,71.04716377916677,63.70001399999999,9.600213858331685,71.08830446000992,62.4500158716601,0.0,1,1.4210854715202004e-14,0.0,0.1892632201218638,-0.5258774617870805,71.04716377916665,-63.70001399999998,9.600213858331685,71.08830446000977,-62.4500158716601,0.0,1,1.4210854715202004e-14
5.425,5425000,return_to_standing,0.0,0.0,66.29183139252447,0.9963601912710801,0.0,0.08524300118048793,0.0,0.0,0.0,66.29183139252447,39.50719737345069,6.13792004782313,0,feet,0.0,-0.08113845278450471,-0.2771313221551308,-39.509891634263205,63.70001399999999,9.60000383876747,-39.507197373450694,59.93459691168532,0.0,1,2.1316282072803006e-14,0.0,-0.08113845278450516,-0.27713135132007993,-39.50989163426317,-63.70001399999998,9.600003838767464,-39.50719737345068,-59.93459691168532,0.0,1,1.4210854715202004e-14,0.0,0.18888035065219055,-0.5246474414894817,71.05375446197588,63.70001399999999,9.600239839658165,71.08830446000992,62.4500158716601,0.0,1,1.4210854715202004e-14,0.0,0.1888803506521941,-0.52464744148948,71.05375446197573,-63.70001399999998,9.600239839658187,71.08830446000977,-62.4500158716601,0.0,1,3.552713678800501e-14
5.433333333333334,5433333,return_to_standing,0.0,0.0,66.33706565148742,0.9963825895097623,0.0,0.08498079384084714,0.0,0.0,0.0,66.33706565148742,39.50719737345069,6.231360592161181,0,feet,0.0,-0.08093880461000813,-0.2763802982422141,-39.508981575288175,63.70001399999999,9.600004051041594,-39.507197373450694,59.93459691168532,0.0,1,0.0,0.0,-0.08093880461000813,-0.27638032733668494,-39.508981575288175,-63.70001399999998,9.600004051041594,-39.50719737345068,-59.93459691168532,0.0,1,0.0,0.0,0.18846478849716908,-0.5233141474217105,71.0608940880991,63.70001399999999,9.600262879360997,71.08830446000992,62.4500158716601,0.0,1,7.105427357601002e-14,0.0,0.18846478849717352,-0.5233141474217073,71.0608940880989,-63.70001399999998,9.600262879360926,71.08830446000977,-62.4500158716601,0.0,1,0.0
5.441666666666666,5441667,return_to_standing,0.0,0.0,66.38583701267261,0.9964066618748336,0.0,0.08469807655107102,0.0,0.0,0.0,66.38583701267261,39.50719737345069,6.332126392971652,0,feet,0.0,-0.08072316906679111,-0.27556991713487156,-39.50799826661535,63.70001399999999,9.600004183434585,-39.507197373450694,59.93459691168532,0.0,1,1.4210854715202004e-14,0.0,-0.08072316906679111,-0.27556994615325436,-39.50799826661535,-63.70001399999998,9.600004183434585,-39.50719737345068,-59.93459691168532,0.0,1,1.4210854715202004e-14,0.0,0.18801566744710696,-0.5218752210477593,71.06859421353931,63.70001399999999,9.6002817764641,71.08830446000992,62.4500158716601,0.0,1,4.973799150320701e-14,0.0,0.1880156674471105,-0.5218752210477562,71.06859421353913,-63.70001399999998,9.600281776463987,71.08830446000977,-62.4500158716601,0.0,1,-6.394884621840902e-14
5.45,5450000,return_to_standing,0.0,0.0,66.43820816052447,0.9964324216883761,0.0,0.08439448446574181,0.0,0.0,0.0,66.43820816052447,39.50719737345069,6.440351193424007,0,feet,0.0,-0.08049118368500618,-0.27469899276802634,-39.506939969773676,63.70001399999999,9.600004213391486,-39.507197373450694,59.93459691168532,0.0,1,-1.4210854715202004e-14,0.0,-0.08049118368500618,-0.27469902170458926,-39.506939969773676,-63.70001399999998,9.600004213391486,-39.50719737345068,-59.93459691168532,0.0,1,-1.4210854715202004e-14,0.0,0.18753216717013244,-0.520328494112908,71.07686526010615,63.70001399999999,9.600295194733889,71.08830446000992,62.4500158716601,0.0,1,7.105427357601002e-14,0.0,0.18753216717013643,-0.5203284941129049,71.07686526010595,-63.70001399999998,9.600295194733853,71.08830446000977,-62.4500158716601,0.0,1,3.552713678800501e-14
5.458333333333333,5458333,return_to_standing,0.0,0.0,66.49423438393187,0.9964598769155769,0.0,0.08406969547579678,0.0,0.0,0.0,66.49423438393187,39.50719737345069,6.556153860046784,0,feet,0.0,-0.08024251054333797,-0.2737664476877777,-39.50580504977806,63.70001399999999,9.600004115875464,-39.507197373450694,59.93459691168532,0.0,1,0.0,0.0,-0.08024251054333797,-0.2737664765366792,-39.50580504977805,-63.70001399999998,9.600004115875485,-39.50719737345068,-59.93459691168532,0.0,1,2.1316282072803006e-14,0.0,0.18701351164085134,-0.5186719837222782,71.08571653998226,63.70001399999999,9.600301661093482,71.08830446000992,62.4500158716601,0.0,1,3.552713678800501e-14,0.0,0.1870135116408549,-0.5186719837222764,71.08571653998212,-63.70001399999998,9.600301661093496,71.08830446000977,-62.4500158716601,0.0,1,4.973799150320701e-14
5.466666666666667,5466667,return_to_standing,0.0,0.0,66.55396371845038,0.9964890302315536,0.0,0.08372342938615131,0.0,0.0,0.0,66.55396371845038,39.50719737345069,6.679638675620794,0,feet,0.0,-0.07997683565400227,-0.27277131058724713,-39.50459197226182,63.70001399999999,9.60000386329488,-39.507197373450694,59.93459691168532,0.0,1,4.263256414560601e-14,0.0,-0.07997683565400271,-0.2727713393425404,-39.5045919722618,-63.70001399999998,9.600003863294866,-39.50719737345068,-59.93459691168532,0.0,1,2.842170943040401e-14,0.0,0.18645896770727877,-0.5169038875615084,71.09515628014694,63.70001399999999,9.600299564799272,71.08830446000992,62.4500158716601,0.0,1,2.842170943040401e-14,0.0,0.18645896770728232,-0.5169038875615053,71.09515628014682,-63.70001399999998,9.600299564799244,71.08830446000977,-62.4500158716601,0.0,1,0.0
5.475,5475000,return_to_standing,0.0,0.0,66.61743708852447,0.9965198790990998,0.0,0.08335544709444948,0.0,0.0,0.0,66.61743708852447,39.50719737345069,6.810895629288268,0,feet,0.0,-0.07969386840338322,-0.27171271392470997,-39.50329930091064,63.70001399999999,9.600003425438011,-39.507197373450694,59.93459691168532,0.0,1,-7.105427357601002e-15,0.0,-0.07969386840338322,-0.2717127425803567,-39.50329930091064,-63.70001399999998,9.600003425438011,-39.50719737345068,-59.93459691168532,0.0,1,-7.105427357601002e-15,0.0,0.18586784379683197,-0.5150225792623906,71.10519164664402,63.70001399999999,9.600287157384983,71.08830446000992,62.4500158716601,0.0,1,-1.4210854715202004e-14,0.0,0.18586784379683507,-0.5150225792623897,71.1051916466439,-63.70001399999998,9.60028715738504,71.08830446000977,-62.4500158716601,0.0,1,4.263256414560601e-14
5.483333333333333,5483333,return_to_standing,0.0,0.0,66.68468844970965,0.9965524158573934,0.0,0.08296554977093146,0.0,0.0,0.0,66.68468844970965,39.50719737345069,6.950000703878672,0,feet,0.0,-0.07939334104832829,-0.270589891624597,-39.50192569519774,63.70001399999999,9.600002769416214,-39.507197373450694,59.93459691168532,0.0,1,-2.842170943040401e-14,0.0,-0.07939334104832874,-0.2705899201744719,-39.50192569519772,-63.70001399999998,9.600002769416221,-39.50719737345068,-59.93459691168532,0.0,1,-2.1316282072803006e-14,0.0,0.18523948876108998,-0.513026603915709,71.11582876868493,63.70001399999999,9.600262553376083,71.08830446000992,62.4500158716601,0.0,1,-2.842170943040401e-14,0.0,0.18523948876109353,-0.5130266039157076,71.11582876868479,-63.70001399999998,9.600262553376112,71.08830446000977,-62.4500158716601,0.0,1,0.0
5.491666666666666,5491667,return_to_standing,0.0,0.0,66.75574493089483,0.9965866278216325,0.0,0.08255357803939767,0.0,0.0,0.0,66.75574493089483,39.50719737345069,7.097016160471711,0,feet,0.0,-0.07907500826775005,-0.269402176861409,-39.5004699084189,63.70001399999999,9.600001859614707,-39.507197373450694,59.93459691168532,0.0,1,2.1316282072803006e-14,0.0,-0.07907500826775049,-0.26940220529930947,-39.500469908418886,-63.70001399999998,9.600001859614693,-39.50719737345068,-59.93459691168532,0.0,1,7.105427357601002e-15,0.0,0.18457337540417695,-0.5109147313212632,71.12707219457644,63.70001399999999,9.600229427031728,71.16413994230712,62.450015874526294,0.0,1,-2.1316282072803006e-14,0.0,0.18457337540417873,-0.5109147313212627,71.12707219457639,-63.70001399999998,9.600229427031763,71.164139942307,-62.45001587452629,0.0,1,1.4210854715202004e-14
5.5,5500000,return_to_standing,0.0,0.0,66.83062697652446,0.9966224973935014,0.0,0.08211941115924017,0.0,0.0,0.0,66.83062697652446,39.50719737345069,7.25199082023633,0,feet,0.0,-0.07873864676876297,-0.26814899992622143,-39.49893078602323,63.70001399999999,9.600000657652245,-39.507197373450694,59.93459691168532,0.0,1,7.105427357601002e-15,0.0,-0.07873864676876297,-0.2681490282458774,-39.498930786023195,-63.70001399999998,9.60000065765228,-39.50719737345068,-59.93459691168532,0.0,1,4.263256414560601e-14,0.0,0.18387013413266518,-0.5086866819534142,71.1389185455553,63.70001399999999,9.600267858279473,71.16413994230712,62.450015874526294,0.0,1,-7.105427357601002e-15,0.0,0.18387013413266784,-0.5086866819534124,71.13891854555521,-63.70001399999998,9.600267858279473,71.164139942307,-62.45001587452629,0.0,1,-7.105427357601002e-15
5.508333333333334,5508333,return_to_standing,0.0,0.0,66.90934848882077,0.9966600021823032,0.0,0.08166296620850506,0.0,0.0,0.0,66.90934848882077,39.50719737345069,7.414960343602672,0,feet,0.0,-0.0783840549462953,-0.26682988617498093,-39.49730726423377,63.70001399999999,9.59999912235051,-39.507197373450694,59.93459691168532,0.0,1,-1.4210854715202004e-14,0.0,-0.0783840549462953,-0.26682991437005965,-39.49730726423377,-63.70001399999998,9.59999912235051,-39.50719737345068,-59.93459691168532,0.0,1,-1.4210854715202004e-14,0.0,0.1831280120717227,-0.5063406433967939,71.15137869714883,63.70001399999999,9.600292507012028,71.16413994230712,62.450015874526294,0.0,1,5.684341886080802e-14,0.0,0.18312801207172535,-0.5063406433967921,71.15137869714871,-63.70001399999998,9.600292507012021,71.164139942307,-62.45001587452629,0.0,1,4.973799150320701e-14
5.516666666666667,5516667,return_to_standing,0.0,0.0,66.99191697000595,0.9966991151365393,0.0,0.08118419726793825,0.0,0.0,0.0,66.99191697000595,39.50719737345069,7.5859475068403555,0,feet,0.0,-0.07801105259474328,-0.2654444540574348,-39.49559836895104,63.70001399999999,9.599997209712384,-39.507197373450694,59.93459691168532,0.0,1,-1.4210854715202004e-14,0.0,-0.07801105259474417,-0.26544448212155025,-39.495598368951,-63.70001399999998,9.599997209712377,-39.50719737345068,-59.93459691168532,0.0,1,-2.1316282072803006e-14,0.0,0.18234651117146772,-0.503875805926083,71.16445488027571,63.70001399999999,9.600300983322434,71.16413994230712,62.450015874526294,0.0,1,-3.552713678800501e-14,0.0,0.18234651117147038,-0.5038758059260813,71.1644548802756,-63.70001399999998,9.600300983322462,71.164139942307,-62.45001587452629,0.0,1,-7.105427357601002e-15
5.525,5525000,return_to_standing,0.0,0.0,67.07833366452446,0.9967398046856588,0.0,0.08068309460596196,0.0,0.0,0.0,67.07833366452446,39.488057816601554,7.7649624761321405,0,feet,0.0,-0.07761943476706756,-0.2639924507159974,-39.49380351023081,63.70001399999999,9.599997489989185,-39.488057816601554,66.27374638689588,0.0,1,2.842170943040401e-14,0.0,-0.07761943476706756,-0.26399247864272013,-39.49380351023083,-63.70001399999998,9.599997489989157,-39.488057816601554,-66.27374638689588,0.0,1,0.0,0.0,0.18152516994312373,-0.5012915110741987,71.1781484079948,63.70001399999999,9.600290768120367,71.16413994230712,62.450015874526294,0.0,1,-7.105427357601002e-15,0.0,0.1815251699431264,-0.5012915110741969,71.17814840799473,-63.70001399999998,9.600290768120402,71.164139942307,-62.45001587452629,0.0,1,2.842170943040401e-14
5.533333333333333,5533333,return_to_standing,0.0,0.0,67.1685937012652,0.9967820348916507,0.0,0.08015968386452077,0.0,0.0,0.0,67.1685937012652,39.488057816601554,7.952003079245806,0,feet,0.0,-0.07720908936273085,-0.26247365410437773,-39.49192172374953,63.70001399999999,9.599998431823593,-39.488057816601554,66.27374638689588,0.0,1,2.842170943040401e-14,0.0,-0.07720908936273085,-0.2624736818872391,-39.491921723749556,-63.70001399999998,9.599998431823543,-39.488057816601554,-66.27374638689588,0.0,1,-2.1316282072803006e-14,0.0,0.18066356308796072,-0.4985872480459772,71.19245969829943,63.70001399999999,9.600259218426793,71.16413994230712,62.450015874526294,0.0,1,-7.105427357601002e-15,0.0,0.18066356308796339,-0.4985872480459759,71.19245969829932,-63.70001399999998,9.600259218426778,71.164139942307,-62.45001587452629,0.0,1,-2.1316282072803006e-14
5.541666666666667,5541667,return_to_standing,0.0,0.0,67.26268623578372,0.996825765610105,0.0,0.0796140252457317,0.0,0.0,0.0,67.26268623578372,39.488057816601554,8.1470550749208,0,feet,0.0,-0.07677991597363176,-0.26088793719567693,-39.48995219217588,63.70001399999999,9.599999022506935,-39.488057816601554,66.27374638689588,0.0,1,-2.1316282072803006e-14,0.0,-0.07677991597363176,-0.26088796482817544,-39.48995219217588,-63.70001399999998,9.599999022506935,-39.488057816601554,-66.27374638689588,0.0,1,-2.1316282072803006e-14,0.0,0.17976130124121292,-0.495762650280696,71.20738829664842,63.70001399999999,9.600203573331946,71.16413994230712,62.450015874526294,0.0,1,2.1316282072803006e-14,0.0,0.17976130124121514,-0.4957626502806942,71.20738829664835,-63.70001399999998,9.600203573331939,71.164139942307,-62.45001587452629,0.0,1,1.4210854715202004e-14
5.55,5550000,return_to_standing,0.0,0.0,67.36059459252446,0.9968709526603244,0.0,0.07904621269926407,0.0,0.0,0.0,67.36059459252446,39.488057816601554,8.350092420098022,0,feet,0.0,-0.07633181805832523,-0.259235272698783,-39.48789429457746,63.70001399999999,9.599999208023618,-39.488057816601554,66.27374638689588,0.0,1,7.105427357601002e-15,0.0,-0.07633181805832523,-0.25923530017439145,-39.48789429457747,-63.70001399999998,9.59999920802359,-39.488057816601554,-66.27374638689588,0.0,1,-1.4210854715202004e-14,0.0,0.17881803082534153,-0.49281749216233095,71.22293289821849,63.70001399999999,9.600120960587113,71.16413994230712,62.450015874526294,0.0,1,2.842170943040401e-14,0.0,0.1788180308253442,-0.4928174921623292,71.22293289821836,-63.70001399999998,9.600120960587091,71.164139942307,-62.45001587452629,0.0,1,7.105427357601002e-15
5.558333333333334,5558333,return_to_standing,0.0,0.0,67.46229640704298,0.9969175480040293,0.0,0.07845637311037255,0.0,0.0,0.0,67.46229640704298,39.47705201008731,8.561077535132156,0,feet,0.0,-0.0758646881025844,-0.2575157436836579,-39.485747701903804,63.70001399999999,9.600000733622288,-39.47705201008732,60.71151150841919,0.0,1,2.842170943040401e-14,0.0,-0.0758646881025844,-0.25751577099583445,-39.48574770190382,-63.70001399999998,9.600000733622267,-39.477052010087306,-60.71151150841919,0.0,1,7.105427357601002e-15,0.0,0.17783343400668405,-0.4897516858762492,71.23909136986248,63.70001399999999,9.600008403802391,71.16413994230712,62.450015874526294,0.0,1,4.263256414560601e-14,0.0,0.17783343400668672,-0.48975168587624784,71.23909136986241,-63.70001399999998,9.600008403802413,71.164139942307,-62.45001587452629,0.0,1,7.105427357601002e-14
5.566666666666666,5566667,return_to_standing,0.0,0.0,67.56776376822816,0.9969654999321608,0.0,0.07784466548850119,0.0,0.0,0.0,67.56776376822816,39.47705201008731,8.779961567135544,0,feet,0.0,-0.07537848915143597,-0.25572947520292155,-39.48351185179973,63.70001399999999,9.600002498491797,-39.47705201008732,60.71151150841919,0.0,1,-2.1316282072803006e-14,0.0,-0.07537848915143597,-0.2557295023451127,-39.4835118517997,-63.70001399999998,9.600002498491818,-39.477052010087306,-60.71151150841919,0.0,1,0.0,0.0,0.17680782408951456,-0.4865656966008354,71.25585689286657,63.70001399999999,9.599902909773363,71.29898751684452,66.24574647018272,0.0,1,2.1316282072803006e-14,0.0,0.17680782408951634,-0.4865656966008336,71.25585689286649,-63.70001399999998,9.599902909773334,71.29898751684442,-66.24574647018272,0.0,1,-7.105427357601002e-15
5.575,5575000,return_to_standing,0.0,0.0,67.67696336052447,0.9970147532592555,0.0,0.07721128015637245,0.0,0.0,0.0,67.67696336052447,39.47705201008731,9.006684651611522,0,feet,0.0,-0.07487319820363236,-0.2538766791304168,-39.48118631430934,63.70001399999999,9.600003781672832,-39.47705201008732,60.71151150841919,0.0,1,0.0,0.0,-0.07487319820363236,-0.2538767060960625,-39.48118631430937,-63.70001399999998,9.600003781672825,-39.477052010087306,-60.71151150841919,0.0,1,-7.105427357601002e-15,0.0,0.17574336906617072,-0.4832614389437886,71.27321081878299,63.70001399999999,9.599965192105472,71.29898751684452,66.24574647018272,0.0,1,1.4210854715202004e-14,0.0,0.1757433690661725,-0.48326143894378726,71.27321081878291,-63.70001399999998,9.599965192105458,71.29898751684442,-66.24574647018272,0.0,1,0.0
5.583333333333333,5583333,return_to_standing,0.0,0.0,67.7898566061541,0.997065249524834,0.0,0.07655643793947338,0.0,0.0,0.0,67.7898566061541,39.47705201008731,9.241176172542339,0,feet,0.0,-0.07434880140562683,-0.2519576567997932,-39.478770823668505,63.70001399999999,9.600004518034567,-39.47705201008732,60.71151150841919,0.0,1,7.105427357601002e-15,0.0,-0.07434880140562727,-0.2519576835823374,-39.47877082366851,-63.70001399999998,9.600004518034545,-39.477052010087306,-60.71151150841919,0.0,1,-1.4210854715202004e-14,0.0,0.17463697400373634,-0.4798371822778198,71.29116699886607,63.70001399999999,9.59999661287953,71.29898751684452,66.24574647018272,0.0,1,2.1316282072803006e-14,0.0,0.17463697400373812,-0.47983718227781846,71.29116699886602,-63.70001399999998,9.599996612879508,71.29898751684442,-66.24574647018272,0.0,1,0.0
5.591666666666667,5591667,return_to_standing,0.0,0.0,67.90639980733928,0.997116927201221,0.0,0.07588038935584708,0.0,0.0,0.0,67.90639980733928,39.47705201008731,9.483355021103925,0,feet,0.0,-0.07380530568849641,-0.24997278817766144,-39.476265204706365,63.70001399999999,9.600004639662494,-39.47705201008732,60.71151150841919,0.0,1,0.0,0.0,-0.0738053056884973,-0.24997281477055688,-39.47626520470632,-63.70001399999998,9.600004639662487,-39.477052010087306,-60.71151150841919,0.0,1,-7.105427357601002e-15,0.0,0.1734884645114132,-0.47629336346417706,71.30972023979936,63.70001399999999,9.599993798771848,71.29898751684452,66.24574647018272,0.0,1,2.842170943040401e-14,0.0,0.17348846451141497,-0.4762933634641757,71.3097202397993,-63.70001399999998,9.599993798771862,71.29898751684442,-66.24574647018272,0.0,1,4.263256414560601e-14
5.6,5600000,return_to_standing,0.0,0.0,68.02654428852446,0.9971697219071892,0.0,0.07518341380609761,0.0,0.0,0.0,68.02654428852446,39.47705201008731,9.733129853184217,0,feet,0.0,-0.07324273886630417,-0.24792253056916547,-39.47366937388298,63.70001399999999,9.600004075956235,-39.47705201008732,60.71151150841919,0.0,1,0.0,0.0,-0.07324273886630417,-0.24792255696587917,-39.47366937388298,-63.70001399999998,9.600004075956235,-39.477052010087306,-60.71151150841919,0.0,1,0.0,0.0,0.17229778781833494,-0.47263060120523415,71.32886400812868,63.70001399999999,9.599958867208578,71.35815341371688,65.4947660950395,0.0,1,5.684341886080802e-14,0.0,0.17229778781833582,-0.47263060120523415,71.32886400812865,-63.70001399999998,9.5999588672086,71.3581534137168,-65.4947660950395,0.0,1,7.815970093361102e-14
5.608333333333333,5608333,return_to_standing,0.0,0.0,68.15023653859853,0.9972235666268018,0.0,0.07446581876351499,0.0,0.0,0.0,68.15023653859853,39.47705201008731,9.990399345886814,0,feet,0.0,-0.07266114975571103,-0.2458074173733098,-39.47098334045051,63.70001399999999,9.600002753741975,-39.47705201008732,60.71151150841919,0.0,1,2.842170943040401e-14,0.0,-0.07266114975571147,-0.24580744356733097,-39.470983340450495,-63.70001399999998,9.600002753741954,-39.477052010087306,-60.71151150841919,0.0,1,7.105427357601002e-15,0.0,0.17106647821333842,-0.46885076307344864,71.34858154083383,63.70001399999999,9.599998776074088,71.35815341371688,65.4947660950395,0.0,1,-3.552713678800501e-14,0.0,0.1710664782133402,-0.4688507630734473,71.34858154083376,-63.70001399999998,9.599998776074074,71.3581534137168,-65.4947660950395,0.0,1,-4.973799150320701e-14
5.616666666666666,5616667,return_to_standing,0.0,0.0,68.27741835311706,0.997278391932808,0.0,0.07372793896422628,0.0,0.0,0.0,68.27741835311706,39.47705201008731,10.255052453204712,0,feet,0.0,-0.07206060831321404,-0.24362805688414513,-39.46820720771952,63.70001399999999,9.600000597399735,-39.47705201008732,60.71151150841919,0.0,1,7.105427357601002e-15,0.0,-0.07206060831321404,-0.24362808286899185,-39.46820720771952,-63.70001399999998,9.600000597399735,-39.477052010087306,-60.71151150841919,0.0,1,7.105427357601002e-15,0.0,0.16979287258043607,-0.4649535098156057,71.36887571572416,63.70001399999999,9.600002011915464,71.3693183729838,67.46091065718838,0.0,1,7.105427357601002e-15,0.0,0.16979287258043696,-0.46495350981560435,71.36887571572413,-63.70001399999998,9.600002011915443,71.36931837298374,-67.46091065718838,0.0,1,-1.4210854715202004e-14
5.625,5625000,return_to_standing,0.0,0.0,68.40802697652447,0.9973341262139357,0.0,0.07297013559728052,0.0,0.0,0.0,68.40802697652447,39.47705201008731,10.526968661051036,0,feet,0.0,-0.07144120578631874,-0.24138513113378934,-39.465341174412096,63.70001399999999,9.599997529006544,-39.47705201008732,60.71151150841919,0.0,1,-7.105427357601002e-15,0.0,-0.07144120578631874,-0.24138515690301388,-39.46534117441208,-63.70001399999998,9.599997529006558,-39.477052010087306,-60.71151150841919,0.0,1,7.105427357601002e-15,0.0,0.1684775184741265,-0.46094017874250115,71.38973499614117,63.70001399999999,9.60000345432497,71.38739974914083,67.44011674300748,0.0,1,7.105427357601002e-14,0.0,0.1684775184741274,-0.4609401787425007,71.38973499614114,-63.70001399999998,9.600003454324963,71.38739974914076,-67.44011674300748,0.0,1,6.394884621840902e-14
5.633333333333334,5633333,return_to_standing,0.0,0.0,68.54199524437631,0.9973906959054103,0.0,0.0721927954945743,0.0,0.0,0.0,68.54199524437631,39.45938242599789,10.806018241835261,0,feet,0.0,-0.07080298323661083,-0.23907945443626977,-39.46238599905196,63.70001399999999,9.599997535480789,-39.459382425997894,60.73333348422281,0.0,1,-2.1316282072803006e-14,0.0,-0.07080298323661127,-0.2390794799834688,-39.462385999051946,-63.70001399999998,9.599997535480789,-39.45938242599787,-60.73333348422281,0.0,1,-2.1316282072803006e-14,0.0,0.16712036049890555,-0.45681176191344575,71.41115125606916,63.70001399999999,9.599994684494618,71.42496193878469,67.25214372180568,0.0,1,-1.4210854715202004e-14,0.0,0.16712036049890777,-0.4568117619134444,71.41115125606909,-63.70001399999998,9.599994684494611,71.42496193878456,-67.25214372180568,0.0,1,-2.1316282072803006e-14
5.641666666666667,5641667,return_to_standing,0.0,0.0,68.6792517255615,0.9974480257220232,0.0,0.07139633032052907,0.0,0.0,0.0,68.6792517255615,39.45938242599789,11.09206250877341,0,feet,0.0,-0.07014611949815075,-0.23671181620319004,-39.45934178701217,63.70001399999999,9.599998005262108,-39.459382425997894,60.73333348422281,0.0,1,-4.263256414560601e-14,0.0,-0.07014611949815164,-0.23671184152200642,-39.45934178701211,-63.70001399999998,9.599998005262123,-39.45938242599787,-60.73333348422281,0.0,1,-2.842170943040401e-14,0.0,0.16572188449551684,-0.45256973570655035,71.43311270328662,63.70001399999999,9.600001158454049,71.42496193878469,67.25214372180568,0.0,1,-6.394884621840902e-14,0.0,0.1657218844955204,-0.452569735706549,71.43311270328653,-63.70001399999998,9.60000115845412,71.42496193878456,-67.25214372180568,0.0,1,7.105427357601002e-15
5.65,5650000,return_to_standing,0.0,0.0,68.81972086452446,0.9975060388930655,0.0,0.07058117576143126,0.0,0.0,0.0,68.81972086452446,39.45050774047924,11.384954070120017,0,feet,0.0,-0.06947075069842557,-0.23428312994384237,-39.45620916113266,63.70001399999999,9.599999986309811,-39.45050774047925,60.7399748722095,0.0,1,4.263256414560601e-14,0.0,-0.06947075069842601,-0.2342831550279696,-39.456209161132655,-63.70001399999998,9.599999986309783,-39.450507740479225,-60.7399748722095,0.0,1,1.4210854715202004e-14,0.0,0.16428191113180457,-0.4482151727387538,71.45561127343633,63.70001399999999,9.600000714857586,71.45851826394065,67.1158484043081,0.0,1,-2.842170943040401e-14,0.0,0.16428191113180457,-0.4482151727387538,71.45561127343633,-63.70001399999998,9.600000714857586,71.45851826394063,-67.1158484043081,0.0,1,-2.842170943040401e-14
5.658333333333333,5658333,return_to_standing,0.0,0.0,68.96332312348743,0.99756465739844,0.0,0.06974779071435104,0.0,0.0,0.0,68.96332312348743,39.45050774047924,11.684537083508744,0,feet,0.0,-0.06877709074318483,-0.23179433201535415,-39.45298848410199,63.70001399999999,9.600001358815327,-39.45050774047925,60.7399748722095,0.0,1,0.0,0.0,-0.06877709074318483,-0.2317943568585461,-39.45298848410196,-63.70001399999998,9.600001358815348,-39.450507740479225,-60.7399748722095,0.0,1,2.1316282072803006e-14,0.0,0.16280072500172027,-0.4437495682637276,71.47863573697134,63.70001399999999,9.599999747989123,71.47431921460294,67.09890351956915,0.0,1,7.105427357601002e-15,0.0,0.16280072500172027,-0.4437495682637276,71.47863573697134,-63.70001399999998,9.599999747989123,71.47431921460294,-67.09890351956915,0.0,1,7.105427357601002e-15
5.666666666666667,5666667,return_to_standing,0.0,0.0,69.10997512467262,0.9976238022052647,0.0,0.0688966564755576,0.0,0.0,0.0,69.10997512467262,39.45050774047924,11.990647510585148,0,feet,0.0,-0.06806534673810649,-0.22924645123836518,-39.449680408865525,63.70001399999999,9.600001643690874,-39.45050774047925,60.7399748722095,0.0,1,0.0,0.0,-0.06806534673810694,-0.2292464758344357,-39.449680408865525,-63.70001399999998,9.600001643690874,-39.450507740479225,-60.7399748722095,0.0,1,0.0,0.0,0.1612781546038593,-0.43917415769016355,71.50217731613687,63.70001399999999,9.599971158780328,71.5259662564796,66.4822615229347,0.0,1,7.105427357601002e-15,0.0,0.1612781546038593,-0.43917415769016355,71.50217731613687,-63.70001399999998,9.599971158780328,71.5259662564796,-66.4822615229347,0.0,1,7.105427357601002e-15
5.675,5675000,return_to_standing,0.0,0.0,69.25958979252445,0.9976833935042799,0.0,0.0680282759283533,0.0,0.0,0.0,69.25958979252445,39.45050774047924,12.303113372113117,0,feet,0.0,-0.06733574119518293,-0.22664058960864564,-39.44628573714904,63.70001399999999,9.600000750939202,-39.45050774047925,60.7399748722095,0.0,1,1.4210854715202004e-14,0.0,-0.06733574119518382,-0.22664061395148405,-39.44628573714901,-63.70001399999998,9.600000750939174,-39.450507740479225,-60.7399748722095,0.0,1,-1.4210854715202004e-14,0.0,0.15971575415724315,-0.43449153366784543,71.52621628457389,63.70001399999999,9.60000063023869,71.5259662564796,66.4822615229347,0.0,1,2.842170943040401e-14,0.0,0.15971575415724315,-0.43449153366784543,71.52621628457389,-63.70001399999998,9.60000063023869,71.5259662564796,-66.4822615229347,0.0,1,2.842170943040401e-14
5.683333333333334,5683333,return_to_standing,0.0,0.0,69.41207649593187,0.9977433509453798,0.0,0.0671431727302543,0.0,0.0,0.0,69.41207649593187,39.45050774047924,12.621755003731323,0,feet,0.0,-0.06658851906003571,-0.22397791557221192,-39.44280537636732,63.70001399999999,9.599998589423478,-39.45050774047925,60.7399748722095,0.0,1,2.842170943040401e-14,0.0,-0.06658851906003616,-0.2239779396557826,-39.44280537636729,-63.70001399999998,9.599998589423478,-39.450507740479225,-60.7399748722095,0.0,1,2.842170943040401e-14,0.0,0.15811252763878825,-0.42970247954188645,71.5507485399286,63.70001399999999,9.60000038272105,71.58452790064845,63.700015888785835,0.0,1,1.4210854715202004e-14,0.0,0.15811252763878825,-0.42970247954188645,71.5507485399286,-63.70001399999998,9.60000038272105,71.58452790064845,-63.70001588878583,0.0,1,1.4210854715202004e-14
5.691666666666666,5691667,return_to_standing,0.0,0.0,69.56734119045039,0.997803593871589,0.0,0.0662418904994487,0.0,0.0,0.0,69.56734119045039,39.44026715107389,12.946385312531959,0,feet,0.0,-0.0658238885473339,-0.22125971310884163,-39.439240725205224,63.70001399999999,9.59999842280785,-39.44026715107388,60.74619282880431,0.0,1,7.105427357601002e-15,0.0,-0.06582388854733301,-0.22125973692719647,-39.439240725205266,-63.70001399999998,9.599998422807857,-39.4402671510739,-60.74619282880431,0.0,1,1.4210854715202004e-14,0.0,0.1564701142518179,-0.42480980870040286,71.57575334557534,63.70001399999999,9.600055801954397,71.58452790064845,63.700015888785835,0.0,1,2.1316282072803006e-14,0.0,0.1564701142518179,-0.42480980870040286,71.57575334557534,-63.70001399999998,9.600055801954397,71.58452790064845,-63.70001588878583,0.0,1,2.1316282072803006e-14
5.7,5700000,return_to_standing,0.0,0.0,69.72528656052447,0.997864041550821,0.0,0.06532499200046891,0.0,0.0,0.0,69.72528656052447,39.44026715107389,13.276810034628973,0,feet,0.0,-0.06504218961304131,-0.21848723887840338,-39.4355925832655,63.70001399999999,9.59999733957666,-39.44026715107388,60.74619282880431,0.0,1,0.0,0.0,-0.06504218961304131,-0.21848726242568173,-39.4355925832655,-63.70001399999998,9.59999733957666,-39.4402671510739,-60.74619282880431,0.0,1,0.0,0.0,0.15478708732799218,-0.41981412802607654,71.60122899248627,63.70001399999999,9.600045284631982,71.58452790064845,63.700015888785835,0.0,1,-6.394884621840902e-14,0.0,0.15478708732799218,-0.41981412802607654,71.60122899248627,-63.70001399999998,9.600045284631982,71.58452790064845,-63.70001588878583,0.0,1,-6.394884621840902e-14
5.708333333333333,5708333,return_to_standing,0.0,0.0,69.88581216170965,0.9979246134047578,0.0,0.06439305832902144,0.0,0.0,0.0,69.88581216170965,39.44026715107389,13.612827993876039,0,feet,0.0,-0.06424374312914427,-0.21566184816535028,-39.43186213151274,63.70001399999999,9.59999479828555,-39.44026715107388,60.74619282880431,0.0,1,2.1316282072803006e-14,0.0,-0.06424374312914427,-0.21566187143578475,-39.43186213151276,-63.70001399999998,9.599994798285529,-39.4402671510739,-60.74619282880431,0.0,1,-7.105427357601002e-15,0.0,0.15306383781124433,-0.4147174512214167,71.62716194731941,63.70001399999999,9.599965142203352,71.58452790064845,63.700015888785835,0.0,1,2.1316282072803006e-14,0.0,0.15306383781124433,-0.4147174512214167,71.62716194731941,-63.70001399999998,9.599965142203352,71.58452790064845,-63.70001588878583,0.0,1,2.1316282072803006e-14
5.716666666666667,5716667,return_to_standing,0.0,0.0,70.04881456289483,0.9979852292342101,0.0,0.06344668809592206,0.0,0.0,0.0,70.04881456289483,39.44026715107389,13.954231361888404,0,feet,0.0,-0.06342888490005238,-0.21278496544404302,-39.42805071276976,63.70001399999999,9.599990704688132,-39.44026715107388,60.74619282880431,0.0,1,1.4210854715202004e-14,0.0,-0.06342888490005238,-0.21278498843196925,-39.42805071276977,-63.70001399999998,9.599990704688103,-39.4402671510739,-60.74619282880431,0.0,1,-1.4210854715202004e-14,0.0,0.15130346598941324,-0.40952389197041317,71.65352124176671,63.70001399999999,9.599987507489146,71.66948730852499,65.87399660422699,0.0,1,-2.842170943040401e-14,0.0,0.15130346598941324,-0.40952389197041317,71.65352124176671,-63.70001399999998,9.599987507489146,71.66948730852499,-65.87399660422699,0.0,1,-2.842170943040401e-14
5.725,5725000,return_to_standing,0.0,0.0,70.21418748852446,0.9980458094403268,0.0,0.062486496610090966,0.0,0.0,0.0,70.21418748852446,39.44026715107389,14.300805919515838,0,feet,0.0,-0.06259797360089081,-0.20985807672815993,-39.42415978145028,63.70001399999999,9.599984964785477,-39.44026715107388,60.74619282880431,0.0,1,1.4210854715202004e-14,0.0,-0.06259797360089081,-0.20985809942802058,-39.42415978145029,-63.70001399999998,9.599984964785456,-39.4402671510739,-60.74619282880431,0.0,1,-7.105427357601002e-15,0.0,0.14950474518601098,-0.4042344179018871,71.68030364653818,63.70001399999999,9.599995937190869,71.69063182053384,67.46700273887998,0.0,1,0.0,0.0,0.14950474518601098,-0.4042344179018871,71.68030364653818,-63.70001399999998,9.599995937190869,71.69063182053384,-67.46700273887998,0.0,1,0.0
5.733333333333333,5733333,return_to_standing,0.0,0.0,70.38182196082076,0.9981062752410412,0.0,0.06151311506056857,0.0,0.0,0.0,70.38182196082076,39.44026715107389,14.652331319905436,0,feet,0.0,-0.061751390784215765,-0.20688272855882062,-39.42019090437957,63.70001399999999,9.59997748517057,-39.44026715107388,60.74619282880431,0.0,1,0.0,0.0,-0.06175139078421488,-0.2068827509651734,-39.420190904379595,-63.70001399999998,9.599977485170598,-39.4402671510739,-60.74619282880431,0.0,1,2.842170943040401e-14,0.0,0.14767059155092221,-0.39885316664804904,71.70747923155096,63.70001399999999,9.60014378194743,71.7619848551036,63.700015894040135,0.0,1,2.1316282072803006e-14,0.0,0.14767059155092221,-0.39885316664804904,71.70747923155096,-63.70001399999998,9.60014378194743,71.7619848551036,-63.700015894040135,0.0,1,2.1316282072803006e-14
5.741666666666666,5741667,return_to_standing,0.0,0.0,70.55160644200595,0.9981665488821595,0.0,0.060527189697519614,0.0,0.0,0.0,70.55160644200595,39.44026715107389,15.008581353285507,0,feet,0.0,-0.06088954085329945,-0.2038605269719267,-39.416145761459745,63.70001399999999,9.59996817338613,-39.44026715107388,60.74619282880431,0.0,1,2.842170943040401e-14,0.0,-0.06088954085329901,-0.20386054907944873,-39.41614576145976,-63.70001399999998,9.59996817338613,-39.4402671510739,-60.74619282880431,0.0,1,2.842170943040401e-14,0.0,0.14579904584250647,-0.3933806794768899,71.73504923529322,63.70001399999999,9.60026072403491,71.7619848551036,63.700015894040135,0.0,1,-2.842170943040401e-14,0.0,0.14579904584250647,-0.3933806794768899,71.73504923529322,-63.70001399999998,9.60026072403491,71.7619848551036,-63.700015894040135,0.0,1,-2.842170943040401e-14
5.75,5750000,return_to_standing,0.0,0.0,70.72342697652446,0.9982265538425155,0.0,0.059529381012199206,0.0,0.0,0.0,70.72342697652446,39.44026715107389,15.369324213592996,0,feet,0.0,-0.06001285099947129,-0.20079313644007613,-39.4120261461657,63.70001399999999,9.59995693829434,-39.44026715107388,60.74619282880431,0.0,1,4.263256414560601e-14,0.0,-0.06001285099947129,-0.20079315824357158,-39.41202614616574,-63.70001399999998,9.59995693829432,-39.4402671510739,-60.74619282880431,0.0,1,2.1316282072803006e-14,0.0,0.1438900501995346,-0.38781896413564976,71.76300229992428,63.70001399999999,9.600298456916192,71.7619848551036,63.700015894040135,0.0,1,-5.684341886080802e-14,0.0,0.1438900501995346,-0.38781896413564976,71.76300229992428,-63.70001399999998,9.600298456916192,71.7619848551036,-63.700015894040135,0.0,1,-5.684341886080802e-14
5.758333333333334,5758333,return_to_standing,0.0,0.0,70.8971673332652,0.9982862150326407,0.0,0.05852036291586207,0.0,0.0,0.0,70.8971673332652,39.32671321414108,15.734322767057826,0,feet,0.0,-0.05912143299318773,-0.1976825691162052,-39.40783616878399,63.70001399999999,9.599962735690596,-39.326713214141066,63.700015918920016,0.0,1,2.842170943040401e-14,0.0,-0.059121432993187284,-0.19768259061064075,-39.407836168784,-63.70001399999998,9.599962735690596,-39.32671321414109,-63.700015918920016,0.0,1,2.842170943040401e-14,0.0,0.1419442898459473,-0.38217064113376553,71.7913220136436,63.70001399999999,9.600254104305016,71.81948626989885,63.70001589562644,0.0,1,-7.105427357601002e-15,0.0,0.1419442898459473,-0.38217064113376553,71.7913220136436,-63.70001399999998,9.600254104305016,71.81948626989882,-63.70001589562645,0.0,1,-7.105427357601002e-15
5.766666666666667,5766667,return_to_standing,0.0,0.0,71.07270914778373,0.9983454589864174,0.0,0.05750082191760148,0.0,0.0,0.0,71.07270914778373,39.32671321414108,16.10333482284868,0,feet,0.0,-0.05821554088060665,-0.19453079371794857,-39.40357925609849,63.70001399999999,9.599997764166986,-39.326713214141066,63.700015918920016,0.0,1,-7.105427357601002e-15,0.0,-0.05821554088060621,-0.1945308148984486,-39.40357925609849,-63.70001399999998,9.599997764167014,-39.32671321414109,-63.700015918920016,0.0,1,2.1316282072803006e-14,0.0,0.1399650982872278,-0.37644044736831983,71.81997559625223,63.70001399999999,9.600295404471439,71.81948626989885,63.70001589562644,0.0,1,0.0,0.0,0.1399650982872287,-0.37644044736831983,71.8199755962522,-63.70001399999998,9.600295404471453,71.81948626989882,-63.70001589562645,0.0,1,1.4210854715202004e-14
5.775,5775000,return_to_standing,0.0,0.0,71.24993206452446,0.998404214045209,0.0,0.056471456301112784,0.0,0.0,0.0,71.24993206452446,39.32671321414108,16.47611340587465,0,feet,0.0,-0.05729621079623781,-0.19133917963672875,-39.39925402014238,63.70001399999999,9.6000314214008,-39.326713214141066,63.700015918920016,0.0,1,2.842170943040401e-14,0.0,-0.05729621079623781,-0.19133920049851572,-39.39925402014239,-63.70001399999998,9.600031421400779,-39.32671321414109,-63.700015918920016,0.0,1,7.105427357601002e-15,0.0,0.13795119188061777,-0.37062963800251136,71.84895925332148,63.70001399999999,9.600284457778237,71.8668093486861,63.700015896894804,0.0,1,7.105427357601002e-15,0.0,0.13795119188061777,-0.37062963800251136,71.84895925332148,-63.70001399999998,9.600284457778237,71.8668093486861,-63.7000158968948,0.0,1,7.105427357601002e-15
5.783333333333333,5783333,return_to_standing,0.0,0.0,71.42871387904297,0.9984624105339907,0.0,0.055432975300381694,0.0,0.0,0.0,71.42871387904297,39.32671321414108,16.852407031828378,0,feet,0.0,-0.05636396009076483,-0.18810961364942047,-39.39486270620361,63.70001399999999,9.600063599120055,-39.326713214141066,63.700015918920016,0.0,1,4.263256414560601e-14,0.0,-0.05636396009076439,-0.18810963418787185,-39.39486270620364,-63.70001399999998,9.600063599120027,-39.32671321414109,-63.700015918920016,0.0,1,1.4210854715202004e-14,0.0,0.1359045580873861,-0.3647420443466216,71.87824859529707,63.70001399999999,9.600294237147068,71.8668093486861,63.700015896894804,0.0,1,-2.842170943040401e-14,0.0,0.1359045580873861,-0.3647420443466216,71.87824859529707,-63.70001399999998,9.600294237147068,71.8668093486861,-63.7000158968948,0.0,1,-2.842170943040401e-14
5.791666666666667,5791667,return_to_standing,0.0,0.0,71.60893068022817,0.9985199809290236,0.0,0.05438609827430474,0.0,0.0,0.0,71.60893068022817,39.32671321414108,17.231959984545526,0,feet,0.0,-0.05541932799788141,-0.18484403510907566,-39.39040767250902,63.70001399999999,9.600094191016609,-39.326713214141066,63.700015918920016,0.0,1,7.105427357601002e-15,0.0,-0.05541932799788096,-0.18484405531972437,-39.39040767250905,-63.70001399999998,9.600094191016609,-39.32671321414109,-63.700015918920016,0.0,1,7.105427357601002e-15,0.0,0.1338256544950358,-0.3587803688311748,71.90782864115201,63.70001399999999,9.600294248121315,71.91875444251042,63.70001589824611,0.0,1,2.1316282072803006e-14,0.0,0.1338256544950358,-0.3587803688311748,71.90782864115201,-63.70001399999998,9.600294248121315,71.91875444251042,-63.70001589824611,0.0,1,2.1316282072803006e-14
5.8,5800000,return_to_standing,0.0,0.0,71.79045699252447,0.9985768600166526,0.0,0.05333155388025565,0.0,0.0,0.0,71.79045699252447,39.32671321414108,17.614512595745964,0,feet,0.0,-0.05446287531222449,-0.1815444346374111,-39.38589138946492,63.70001399999999,9.600123093168264,-39.326713214141066,63.700015918920016,0.0,1,-1.4210854715202004e-14,0.0,-0.0544628753122236,-0.18154445451595702,-39.38589138946495,-63.70001399999998,9.600123093168293,-39.32671321414109,-63.700015918920016,0.0,1,1.4210854715202004e-14,0.0,0.1317154052875238,-0.3527477422779626,71.9376817612848,63.70001399999999,9.600281807335136,71.91875444251042,63.70001589824611,0.0,1,-7.105427357601002e-15,0.0,0.1317154052875238,-0.3527477422779626,71.9376817612848,-63.70001399999998,9.600281807335136,71.91875444251042,-63.70001589824611,0.0,1,-7.105427357601002e-15
5.808333333333334,5808333,return_to_standing,0.0,0.0,71.9731659181541,0.9986329850428296,0.0,0.05227007924661676,0.0,0.0,0.0,71.9731659181541,39.32671321414108,17.999801527212234,0,feet,0.0,-0.053495184018466535,-0.17821285276019028,-39.381316438654494,63.70001399999999,9.600150204465074,-39.326713214141066,63.700015918920016,0.0,1,2.842170943040401e-14,0.0,-0.05349518401846565,-0.17821287230250205,-39.381316438654565,-63.70001399999998,9.600150204465052,-39.32671321414109,-63.700015918920016,0.0,1,7.105427357601002e-15,0.0,0.12957446128164252,-0.3466471172772949,71.96779156238068,63.70001399999999,9.60023256269421,71.99721101728635,63.70001590020452,0.0,1,6.394884621840902e-14,0.0,0.12957446128164252,-0.3466471172772949,71.96779156238068,-63.70001399999998,9.60023256269421,71.99721101728635,-63.70001590020452,0.0,1,6.394884621840902e-14
5.816666666666666,5816667,return_to_standing,0.0,0.0,72.15692927933928,0.998688295853001,0.0,0.05120241914430198,0.0,0.0,0.0,72.15692927933928,39.32671321414108,18.387560055450145,0,feet,0.0,-0.052516856870492123,-0.1748513784811241,-39.37668551158492,63.70001399999999,9.600175427038074,-39.326713214141066,63.700015918920016,0.0,1,0.0,0.0,-0.05251685687049168,-0.17485139768324887,-39.376685511584945,-63.70001399999998,9.600175427038081,-39.32671321414109,-63.700015918920016,0.0,1,7.105427357601002e-15,0.0,0.12740591760724307,-0.34048344810590203,71.99812677733922,63.70001399999999,9.60027759617001,71.99721101728635,63.70001590020452,0.0,1,1.4210854715202004e-14,0.0,0.12740591760724307,-0.34048344810590203,71.99812677733922,-63.70001399999998,9.60027759617001,71.99721101728635,-63.70001590020452,0.0,1,1.4210854715202004e-14
5.825,5825000,return_to_standing,0.0,0.0,72.34161776052446,0.9987427350220244,0.0,0.05012932515730198,0.0,0.0,0.0,72.34161776052446,39.32671321414108,18.777518358866793,0,feet,0.0,-0.05152851691978855,-0.17146214779001134,-39.372001408176196,63.70001399999999,9.60019866668911,-39.326713214141066,63.700015918920016,0.0,1,4.263256414560601e-14,0.0,-0.05152851691978855,-0.17146216664818148,-39.372001408176224,-63.70001399999998,9.600198666689082,-39.32671321414109,-63.700015918920016,0.0,1,1.4210854715202004e-14,0.0,0.12520853546289645,-0.3342583232005212,72.0286832791148,63.70001399999999,9.600264559165957,72.05556449541467,63.70001590160536,0.0,1,7.105427357601002e-14,0.0,0.12520853546289645,-0.3342583232005212,72.0286832791148,-63.70001399999998,9.600264559165957,72.05556449541467,-63.700015901605354,0.0,1,7.105427357601002e-14
5.833333333333333,5833333,return_to_standing,0.0,0.0,72.52710105059853,0.9987962479738162,0.0,0.04905155485228865,0.0,0.0,0.0,72.52710105059853,39.32671321414108,19.16940380749152,0,feet,0.0,-0.050530806992351796,-0.168047342100889,-39.3672670349878,63.70001399999999,9.60021983331795,-39.326713214141066,63.700015918920016,0.0,1,-4.263256414560601e-14,0.0,-0.050530806992351796,-0.1680473606115256,-39.36726703498778,-63.70001399999998,9.60021983331798,-39.32671321414109,-63.700015918920016,0.0,1,-1.4210854715202004e-14,0.0,0.12298516024371953,-0.3279766104976658,72.0594313096614,63.70001399999999,9.600301414722026,72.05556449541467,63.70001590160536,0.0,1,-1.4210854715202004e-14,0.0,0.12298516024371953,-0.3279766104976658,72.0594313096614,-63.70001399999998,9.600301414722026,72.05556449541467,-63.700015901605354,0.0,1,-1.4210854715202004e-14
5.841666666666667,5841667,return_to_standing,0.0,0.0,72.71324798511705,0.9988487830904623,0.0,0.04796987094732045,0.0,0.0,0.0,72.71324798511705,39.32671321414108,19.562941255254813,0,feet,0.0,-0.04952438911363677,-0.16460918661607904,-39.362485403175285,63.70001399999999,9.6002388413471,-39.326713214141066,63.700015918920016,0.0,1,2.1316282072803006e-14,0.0,-0.049524389113636325,-0.16460920477580032,-39.3624854031753,-63.70001399999998,9.600238841347128,-39.32671321414109,-63.700015918920016,0.0,1,4.973799150320701e-14,0.0,0.12073468440171942,-0.3216400905187262,72.0903661407906,63.70001399999999,9.600239114274515,72.05556449541467,63.70001590160536,0.0,1,4.263256414560601e-14,0.0,0.12073468440171942,-0.3216400905187262,72.0903661407906,-63.70001399999998,9.600239114274515,72.05556449541467,-63.700015901605354,0.0,1,4.263256414560601e-14
5.85,5850000,return_to_standing,0.0,0.0,72.89992668852446,0.9989002918105577,0.0,0.0468850404796951,0.0,0.0,0.0,72.89992668852446,39.32671321414108,19.9578533348312,0,feet,0.0,-0.0485099438812453,-0.16114994861207643,-39.3576596261755,63.70001399999999,9.600255610138689,-39.326713214141066,63.700015918920016,0.0,1,-1.4210854715202004e-14,0.0,-0.0485099438812453,-0.16114996641770318,-39.35765962617547,-63.70001399999998,9.600255610138717,-39.32671321414109,-63.700015918920016,0.0,1,1.4210854715202004e-14,0.0,0.11845834597070848,-0.315252434399814,72.12146794712345,63.70001399999999,9.60007598620031,72.05556449541467,63.70001590160536,0.0,1,3.552713678800501e-14,0.0,0.11845834597070848,-0.315252434399814,72.12146794712345,-63.70001399999998,9.60007598620031,72.05556449541467,-63.700015901605354,0.0,1,3.552713678800501e-14
5.858333333333333,5858333,return_to_standing,0.0,0.0,73.08700471637631,0.9989507287165776,0.0,0.045797833973000426,0.0,0.0,0.0,73.08700471637631,39.32671321414108,20.353860755042056,0,feet,0.0,-0.047488169785258716,-0.15767193564338156,-39.352792917113646,63.70001399999999,9.60027006440496,-39.326713214141066,63.700015918920016,0.0,1,-2.1316282072803006e-14,0.0,-0.04748816978525827,-0.15767195309194548,-39.35279291711366,-63.70001399999998,9.60027006440496,-39.32671321414109,-63.700015918920016,0.0,1,-2.1316282072803006e-14,0.0,0.11616036477154301,-0.30881975597330547,72.15269776082152,63.70001399999999,9.599996322810895,72.14209220253879,65.47797763449199,0.0,1,0.0,0.0,0.11616036477154301,-0.30881975597330547,72.15269776082152,-63.70001399999998,9.599996322810895,72.14209220253879,-65.47797763449199,0.0,1,0.0
5.866666666666666,5866667,return_to_standing,0.0,0.0,73.2743491975615,0.9990000516111153,0.0,0.04470902460341775,0.0,0.0,0.0,73.2743491975615,39.32671321414108,20.750682600805533,0,feet,0.0,-0.04645978247629756,-0.15417749366045586,-39.34788858593209,63.70001399999999,9.600282134606616,-39.326713214141066,63.700015918920016,0.0,1,0.0,0.0,-0.04645978247629712,-0.15417751074920316,-39.34788858593211,-63.70001399999998,9.600282134606623,-39.32671321414109,-63.700015918920016,0.0,1,7.105427357601002e-15,0.0,0.11384216111042056,-0.30234602628888485,72.18403535741493,63.70001399999999,9.600003344028515,72.18213068733735,65.46633517931168,0.0,1,2.1316282072803006e-14,0.0,0.11384216111042056,-0.30234602628888485,72.18403535741493,-63.70001399999998,9.600003344028515,72.18213068733735,-65.46633517931168,0.0,1,2.1316282072803006e-14
5.875,5875000,return_to_standing,0.0,0.0,73.46182697652446,0.9990482215818578,0.0,0.043619387365336,0.0,0.0,0.0,73.46182697652446,39.32671321414108,21.148036635611156,0,feet,0.0,-0.04542551398158334,-0.15066900503813407,-39.342950036237184,63.70001399999999,9.600291757338738,-39.326713214141066,63.700015918920016,0.0,1,2.1316282072803006e-14,0.0,-0.0454255139815829,-0.150669021764533,-39.34295003623721,-63.70001399999998,9.600291757338738,-39.32671321414109,-63.700015918920016,0.0,1,2.1316282072803006e-14,0.0,0.11150313629435393,-0.2958336191356108,72.21547332957641,63.70001399999999,9.599969309114627,72.19265808797219,65.4658392688918,0.0,1,2.842170943040401e-14,0.0,0.11150313629435393,-0.2958336191356108,72.21547332957641,-63.70001399999998,9.599969309114627,72.19265808797219,-65.4658392688918,0.0,1,2.842170943040401e-14
5.883333333333334,5883333,return_to_standing,0.0,0.0,73.64930475548742,0.9990952030552074,0.0,0.04252969823633744,0.0,0.0,0.0,73.64930475548742,39.32671321414108,21.545639606488507,0,feet,0.0,-0.04438611186945929,-0.14714888651099578,-39.33798076186335,63.70001399999999,9.600298875701014,-39.326713214141066,63.700015918920016,0.0,1,1.4210854715202004e-14,0.0,-0.044386111869458844,-0.14714890287274507,-39.33798076186336,-63.70001399999998,9.600298875701014,-39.32671321414109,-63.700015918920016,0.0,1,1.4210854715202004e-14,0.0,0.10914643127644297,-0.2892879612930841,72.24698009206935,63.70001399999999,9.599999705337368,72.2476749281578,67.46700275270982,0.0,1,2.842170943040401e-14,0.0,0.10914643127644297,-0.2892879612930841,72.24698009206935,-63.70001399999998,9.599999705337368,72.2476749281578,-67.46700275270982,0.0,1,2.842170943040401e-14
5.891666666666667,5891667,return_to_standing,0.0,0.0,73.83664923667261,0.999140963838491,0.0,0.04144073334161867,0.0,0.0,0.0,73.83664923667261,39.32671321414108,21.94320653654553,0,feet,0.0,-0.043342338362994504,-0.14361958701233313,-39.332984343154216,63.70001399999999,9.600303439650162,-39.326713214141066,63.700015918920016,0.0,1,1.4210854715202004e-14,0.0,-0.04334233836299406,-0.14361960300736198,-39.332984343154244,-63.70001399999998,9.600303439650162,-39.32671321414109,-63.700015918920016,0.0,1,1.4210854715202004e-14,0.0,0.10677206730119826,-0.2827120065392523,72.27854445293657,63.70001399999999,9.600000458380265,72.28170969869619,67.46548831858426,0.0,1,-2.842170943040401e-14,0.0,0.10677206730119826,-0.2827120065392523,72.27854445293657,-63.70001399999998,9.600000458380265,72.28170969869619,-67.46548831858426,0.0,1,-2.842170943040401e-14
5.9,5900000,return_to_standing,0.0,0.0,74.02372726452447,0.9991854751507369,0.0,0.04035326811791252,0.0,0.0,0.0,74.02372726452447,39.32671321414108,22.34007137680991,0,feet,0.0,-0.04229496940348243,-0.14008358541354715,-39.3279644429608,63.70001399999999,9.600305406331813,-39.326713214141066,63.700015918920016,0.0,1,0.0,0.0,-0.04229496940348154,-0.1400836010400286,-39.327964442960834,-63.70001399999998,9.600305406331842,-39.32671321414109,-63.700015918920016,0.0,1,2.842170943040401e-14,0.0,0.10438221007727178,-0.2761104775726322,72.31014115473296,63.70001399999999,9.600009119857276,72.38439424879857,63.700015908487444,0.0,1,1.4210854715202004e-14,0.0,0.10438221007727178,-0.2761104775726322,72.31014115473296,-63.70001399999998,9.600009119857276,72.38439424879857,-63.700015908487444,0.0,1,1.4210854715202004e-14
5.908333333333333,5908333,return_to_standing,0.0,0.0,74.21040596793188,0.9992287116420335,0.0,0.03926807647697786,0.0,0.0,0.0,74.21040596793188,39.32671321414108,22.736333202563046,0,feet,0.0,-0.041244793664796386,-0.1365433881610305,-39.322924802357726,63.70001399999999,9.600304740389944,-39.326713214141066,63.700015918920016,0.0,1,0.0,0.0,-0.04124479366479594,-0.1365434034173827,-39.32292480235774,-63.70001399999998,9.600304740389944,-39.32671321414109,-63.700015918920016,0.0,1,0.0,0.0,0.10198126942440977,-0.26949003828144935,72.34173163299711,63.70001399999999,9.600201483538513,72.38439424879857,63.700015908487444,0.0,1,5.684341886080802e-14,0.0,0.10198126942440977,-0.26949003828144935,72.34173163299711,-63.70001399999998,9.600201483538513,72.38439424879857,-63.700015908487444,0.0,1,5.684341886080802e-14
5.916666666666667,5916667,return_to_standing,0.0,0.0,74.3965529024504,0.9992706514015227,0.0,0.03818592996872573,0.0,0.0,0.0,74.3965529024504,39.32671321414108,23.13170806645865,0,feet,0.0,-0.04019261151973419,-0.1330015268077669,-39.31786923607959,63.70001399999999,9.600301414250993,-39.326713214141066,63.700015918920016,0.0,1,0.0,0.0,-0.0401926115197333,-0.13300154169265932,-39.31786923607958,-63.70001399999998,9.60030141425105,-39.32671321414109,-63.700015918920016,0.0,1,5.684341886080802e-14,0.0,0.09956629943333661,-0.2628513136036772,72.3733241413184,63.70001399999999,9.600289895416793,72.38439424879857,63.700015908487444,0.0,1,1.4210854715202004e-14,0.0,0.09956629943333661,-0.2628513136036772,72.3733241413184,-63.70001399999998,9.600289895416793,72.38439424879857,-63.700015908487444,0.0,1,1.4210854715202004e-14
5.925,5925000,return_to_standing,0.0,0.0,74.58203619252447,0.9993112759541133,0.0,0.03710759694405068,0.0,0.0,0.0,74.58203619252447,39.31224497908608,23.525912564083924,0,feet,0.0,-0.03913923241270423,-0.12946055677652657,-39.312801639394024,63.70001399999999,9.600295492416663,-39.31224497908607,63.70001591896379,0.0,1,5.684341886080802e-14,0.0,-0.03913923241270423,-0.12946057128888588,-39.31280163939405,-63.70001399999998,9.600295492416606,-39.312244979086095,-63.7000159189638,0.0,1,0.0,0.0,0.09713899079370991,-0.25619874925914,72.40489696439757,63.70001399999999,9.600274384723278,72.38439424879857,63.700015908487444,0.0,1,0.0,0.0,0.09713899079370991,-0.25619874925914,72.40489696439757,-63.70001399999998,9.600274384723278,72.38439424879857,-63.700015908487444,0.0,1,0.0
5.933333333333334,5933333,return_to_standing,0.0,0.0,74.76672467370965,0.9993505702460387,0.0,0.03603384171743635,0.0,0.0,0.0,74.76672467370965,39.31224497908608,23.91866415249227,0,feet,0.0,-0.03808534223578386,-0.12592317379437246,-39.30772683762197,63.70001399999999,9.600294445379447,-39.31224497908607,63.70001591896379,0.0,1,1.4210854715202004e-14,0.0,-0.038085342235783415,-0.1259231879334033,-39.307726837621985,-63.70001399999998,9.600294445379447,-39.312244979086095,-63.7000159189638,0.0,1,1.4210854715202004e-14,0.0,0.09470108152726953,-0.2495368681926915,72.43642824158962,63.70001399999999,9.60015526368801,72.38439424879857,63.700015908487444,0.0,1,7.105427357601002e-14,0.0,0.09470108152726953,-0.2495368681926915,72.43642824158962,-63.70001399999998,9.60015526368801,72.38439424879857,-63.700015908487444,0.0,1,7.105427357601002e-14
5.941666666666666,5941667,return_to_standing,0.0,0.0,74.95048803489483,0.9993885226194181,0.0,0.03496542372940384,0.0,0.0,0.0,74.95048803489483,39.31224497908608,24.3096814707988,0,feet,0.0,-0.03703190568055925,-0.12239184664502867,-39.302647945493945,63.70001399999999,9.60029071166764,-39.31224497908607,63.70001591896379,0.0,1,1.4210854715202004e-14,0.0,-0.03703190568055881,-0.12239186041019012,-39.30264794549394,-63.70001399999998,9.600290711667668,-39.312244979086095,-63.7000159189638,0.0,1,4.263256414560601e-14,0.0,0.09225928478174295,-0.24287440575894603,72.46786413889743,63.70001399999999,9.600236843419566,72.50216298320484,63.700015910542625,0.0,1,4.263256414560601e-14,0.0,0.09225928478174295,-0.24287440575894603,72.46786413889743,-63.70001399999998,9.600236843419566,72.50216298320484,-63.70001591054262,0.0,1,4.263256414560601e-14
5.95,5950000,return_to_standing,0.0,0.0,75.13319696052446,0.9994251247760129,0.0,0.033903096708870706,0.0,0.0,0.0,75.13319696052446,39.31224497908608,24.69868466275051,0,feet,0.0,-0.03597975877602044,-0.1188691803370383,-39.2975690205106,63.70001399999999,9.600284290989805,-39.31224497908607,63.70001591896379,0.0,1,1.4210854715202004e-14,0.0,-0.035979758776019555,-0.1188691937280626,-39.29756902051062,-63.70001399999998,9.600284290989833,-39.312244979086095,-63.7000159189638,0.0,1,4.263256414560601e-14,0.0,0.08981183329851783,-0.2362130875553694,72.49920665716243,63.70001399999999,9.600297657917025,72.50216298320484,63.700015910542625,0.0,1,2.842170943040401e-14,0.0,0.08981183329851783,-0.2362130875553694,72.49920665716243,-63.70001399999998,9.600297657917025,72.50216298320484,-63.70001591054262,0.0,1,2.842170943040401e-14
5.958333333333333,5958333,return_to_standing,0.0,0.0,75.31472327282076,0.9994603717304084,0.0,0.0328476078354875,0.0,0.0,0.0,75.31472327282076,39.31224497908608,25.08539570117882,0,feet,0.0,-0.034929743413024905,-0.11535779098265397,-39.292494166930396,63.70001399999999,9.600275191733033,-39.31224497908607,63.70001591896379,0.0,1,1.4210854715202004e-14,0.0,-0.03492974341302446,-0.11535780399955176,-39.29249416693041,-63.70001399999998,9.600275191733033,-39.312244979086095,-63.7000159189638,0.0,1,1.4210854715202004e-14,0.0,0.08735926454222875,-0.22955653883810756,72.5304422998966,63.70001399999999,9.600256462236729,72.50216298320484,63.700015910542625,0.0,1,1.4210854715202004e-14,0.0,0.08735926454222875,-0.22955653883810756,72.5304422998966,-63.70001399999998,9.600256462236729,72.50216298320484,-63.70001591054262,0.0,1,1.4210854715202004e-14
5.966666666666667,5966667,return_to_standing,0.0,0.0,75.49494007400594,0.9994942617528827,0.0,0.03179969690201625,0.0,0.0,0.0,75.49494007400594,39.31224497908608,25.469538714236478,0,feet,0.0,-0.03388270605406918,-0.11186030265519697,-39.287427529608166,63.70001399999999,9.600263431062032,-39.31224497908607,63.70001591896379,0.0,1,0.0,0.0,-0.03388270605406918,-0.1118603152982609,-39.287427529608166,-63.70001399999998,9.600263431062032,-39.312244979086095,-63.7000159189638,0.0,1,0.0,0.0,0.08490348812593096,-0.22290955905418075,72.56154883024647,63.70001399999999,9.600114435861798,72.50216298320484,63.700015910542625,0.0,1,2.842170943040401e-14,0.0,0.08490348812593096,-0.22290955905418075,72.56154883024647,-63.70001399999998,9.600114435861798,72.50216298320484,-63.70001591054262,0.0,1,2.842170943040401e-14
5.975,5975000,return_to_standing,0.0,0.0,75.67372188852447,0.9995267963022588,0.0,0.030760095476813822,0.0,0.0,0.0,75.67372188852447,39.31224497908608,25.85084031331725,0,feet,0.0,-0.03283949640675754,-0.10837934412983863,-39.282373287587994,63.70001399999999,9.60024903497991,-39.31224497908607,63.70001591896379,0.0,1,1.4210854715202004e-14,0.0,-0.032839496406757096,-0.10837935639964735,-39.282373287588044,-63.70001399999998,9.600249034979882,-39.312244979086095,-63.7000159189638,0.0,1,-1.4210854715202004e-14,0.0,0.08244856709312653,-0.2162788093651682,72.59249013380659,63.70001399999999,9.600001481572818,72.58738744893391,65.48333347776813,0.0,1,2.842170943040401e-14,0.0,0.08244856709312653,-0.2162788093651682,72.59249013380659,-63.70001399999998,9.600001481572818,72.58738744893391,-65.48333347776813,0.0,1,2.842170943040401e-14
5.983333333333333,5983333,return_to_standing,0.0,0.0,75.8509448052652,0.9995579799490685,0.0,0.02972952606648067,0.0,0.0,0.0,75.8509448052652,39.31224497908608,26.229029922552215,0,feet,0.0,-0.03180096606309313,-0.10491754550758037,-39.27733564745771,63.70001399999999,9.600232038349404,-39.31224497908607,63.70001591896379,0.0,1,-1.4210854715202004e-14,0.0,-0.03180096606309224,-0.10491755740500608,-39.27733564745774,-63.70001399999998,9.600232038349432,-39.312244979086095,-63.7000159189638,0.0,1,1.4210854715202004e-14,0.0,0.07999753904442075,-0.2096701584904963,72.62323777072304,63.70001399999999,9.599982930775596,72.60351260288206,66.67061985496431,0.0,1,-5.684341886080802e-14,0.0,0.07999753904442075,-0.2096701584904963,72.62323777072304,-63.70001399999998,9.599982930775596,72.60351260288206,-66.67061985496431,0.0,1,-5.684341886080802e-14
5.991666666666666,5991667,return_to_standing,0.0,0.0,76.02648661978373,0.9995878202893873,0.0,0.02870870127873161,0.0,0.0,0.0,76.02648661978373,39.31224497908608,26.60384010977414,0,feet,0.0,-0.03076796710680174,-0.10147753472261334,-39.27231883647339,63.70001399999999,9.600212484873538,-39.31224497908607,63.70001591896379,0.0,1,1.4210854715202004e-14,0.0,-0.030767967106801297,-0.10147754624881822,-39.27231883647342,-63.70001399999998,9.600212484873538,-39.312244979086095,-63.7000159189638,0.0,1,1.4210854715202004e-14,0.0,0.07754931985198565,-0.20308594338412744,72.65378976370374,63.70001399999999,9.599871538751444,72.60351260288206,66.67061985496431,0.0,1,0.0,0.0,0.07754931985198565,-0.20308594338412744,72.65378976370374,-63.70001399999998,9.599871538751444,72.60351260288206,-66.67061985496431,0.0,1,0.0
6.0,6000000,return_to_standing,0.0,0.0,76.20022697652446,0.9996163278497349,0.0,0.027698322985543356,0.0,0.0,0.0,76.20022697652446,39.31224497908608,26.975006918837074,0,feet,0.0,-0.029741350690966506,-0.09806193393365614,-39.26732709546371,63.70001399999999,9.600190427034093,-39.31224497908607,63.70001591896379,0.0,1,4.263256414560601e-14,0.0,-0.029741350690966062,-0.09806194509010169,-39.26732709546377,-63.70001399999998,9.60019042703405,-39.312244979086095,-63.7000159189638,0.0,1,0.0,0.0,0.07510806185323249,-0.19653298314813883,72.68410984821261,63.70001399999999,9.59979552103222,72.74716231741724,66.08449162208595,0.0,1,0.0,0.0,0.07510806185323249,-0.19653298314813883,72.68410984821261,-63.70001399999998,9.59979552103222,72.74716231741724,-66.08449162208595,0.0,1,0.0
6.008333333333334,6008333,return_to_standing,0.0,0.0,76.37204751104298,0.9996435159834581,0.0,0.02669908148662891,0.0,0.0,0.0,76.37204751104298,39.31224497908608,27.342270203177435,0,feet,0.0,-0.02872196558832929,-0.09467335580036629,-39.26236467152343,63.70001399999999,9.600165925988108,-39.31224497908607,63.70001591896379,0.0,1,1.4210854715202004e-14,0.0,-0.028721965588328846,-0.09467336658881553,-39.26236467152345,-63.70001399999998,9.600165925988108,-39.312244979086095,-63.7000159189638,0.0,1,1.4210854715202004e-14,0.0,0.07267897738873641,-0.19001912129441,72.7141566232911,63.70001399999999,9.599945847954473,72.74716231741724,66.08449162208595,0.0,1,0.0,0.0,0.07267897738873641,-0.19001912129441,72.7141566232911,-63.70001399999998,9.599945847954473,72.74716231741724,-66.08449162208595,0.0,1,0.0
6.016666666666667,6016667,return_to_standing,0.0,0.0,76.54183199222817,0.9996694007590518,0.0,0.02571165467328556,0.0,0.0,0.0,76.54183199222817,39.31224497908608,27.70537396049906,0,feet,0.0,-0.027710656716669835,-0.09131439964634636,-39.25743581050648,63.70001399999999,9.60013905142138,-39.31224497908607,63.70001591896379,0.0,1,4.263256414560601e-14,0.0,-0.02771065671666939,-0.09131441006886298,-39.257435810506514,-63.70001399999998,9.600139051421351,-39.312244979086095,-63.7000159189638,0.0,1,1.4210854715202004e-14,0.0,0.07025882361312208,-0.1835448454642834,72.74394287645794,63.70001399999999,9.60000204659886,72.74716231741724,66.08449162208595,0.0,1,-2.842170943040401e-14,0.0,0.07025882361312208,-0.1835448454642834,72.74394287645794,-63.70001399999998,9.60000204659886,72.74716231741724,-66.08449162208595,0.0,1,-2.842170943040401e-14
6.025,6025000,return_to_standing,0.0,0.0,76.70946646452447,0.9996940008408897,0.0,0.02473670719265893,0.0,0.0,0.0,76.70946646452447,39.31224497908608,28.06406666846471,0,feet,0.0,-0.026708263641711305,-0.08798764751077703,-39.252544749330795,63.70001399999999,9.600109881358293,-39.31224497908607,63.70001591896379,0.0,1,2.842170943040401e-14,0.0,-0.02670826364171086,-0.08798765756972804,-39.25254474933083,-63.70001399999998,9.600109881358279,-39.312244979086095,-63.7000159189638,0.0,1,1.4210854715202004e-14,0.0,0.06784972499713415,-0.17711526584545423,72.77344656550048,63.70001399999999,9.599966603994346,72.74716231741724,66.08449162208595,0.0,1,5.684341886080802e-14,0.0,0.06784972499713415,-0.17711526584545423,72.77344656550048,-63.70001399999998,9.599966603994346,72.74716231741724,-66.08449162208595,0.0,1,5.684341886080802e-14
6.033333333333333,6033333,return_to_standing,0.0,0.0,76.8748393901541,0.9997173373628744,0.0,0.023774889612461256,0.0,0.0,0.0,76.8748393901541,39.31224497908608,28.418101621273976,0,feet,0.0,-0.0257156190600627,-0.08469566009122831,-39.24769570810547,63.70001399999999,9.60007850192909,-39.31224497908607,63.70001591896379,0.0,1,-1.4210854715202004e-14,0.0,-0.025715619060061812,-0.08469566978928889,-39.24769570810547,-63.70001399999998,9.600078501929119,-39.312244979086095,-63.7000159189638,0.0,1,1.4210854715202004e-14,0.0,0.06545850426344568,-0.17073963196829656,72.80261538864019,63.70001399999999,9.600120646090389,72.8609332658415,63.70001591546515,0.0,1,2.842170943040401e-14,0.0,0.06545850426344568,-0.17073963196829656,72.80261538864019,-63.70001399999998,9.600120646090389,72.8609332658415,-63.700015915465144,0.0,1,2.842170943040401e-14
6.041666666666667,6041667,return_to_standing,0.0,0.0,77.03784179133928,0.9997394337955336,0.0,0.022826837586177633,0.0,0.0,0.0,77.03784179133928,39.31224497908608,28.76723726700751,0,feet,0.0,-0.024733547264717437,-0.08144097258069571,-39.24289288209357,63.70001399999999,9.600045007093925,-39.31224497908607,63.70001591896379,0.0,1,4.263256414560601e-14,0.0,-0.024733547264716993,-0.08144098192084348,-39.2428928820936,-63.70001399999998,9.600045007093897,-39.312244979086095,-63.7000159189638,0.0,1,1.4210854715202004e-14,0.0,0.06308373096043374,-0.1644199940518818,72.83145165512839,63.70001399999999,9.600252508602125,72.8609332658415,63.70001591546515,0.0,1,0.0,0.0,0.06308373096043374,-0.1644199940518818,72.83145165512839,-63.70001399999998,9.600252508602125,72.8609332658415,-63.700015915465144,0.0,1,0.0
6.05,6050000,return_to_standing,0.0,0.0,77.19836739252446,0.9997603158071149,0.0,0.021893171018789015,0.0,0.0,0.0,77.19836739252446,39.31224497908608,29.111237545616646,0,feet,0.0,-0.023762862595658962,-0.07822609040244943,-39.238140433523874,63.70001399999999,9.600009498324098,-39.31224497908607,63.70001591896379,0.0,1,2.842170943040401e-14,0.0,-0.023762862595658518,-0.07822609938797198,-39.23814043352391,-63.70001399999998,9.60000949832407,-39.312244979086095,-63.7000159189638,0.0,1,0.0,0.0,0.06072644358121515,-0.1581605090552376,72.85994122169886,63.70001399999999,9.600297725078121,72.8609332658415,63.70001591546515,0.0,1,1.4210854715202004e-14,0.0,0.06072644358121515,-0.1581605090552376,72.85994122169886,-63.70001399999998,9.600297725078121,72.8609332658415,-63.700015915465144,0.0,1,1.4210854715202004e-14
6.058333333333334,6058333,return_to_standing,0.0,0.0,77.35631276259853,0.9997800111192549,0.0,0.020974493233036212,0.0,0.0,0.0,77.35631276259853,39.31224497908608,29.44987222743775,0,feet,0.0,-0.02280436787813711,-0.07505348484684538,-39.23344248326418,63.70001399999999,9.599972084242637,-39.31224497908607,63.70001591896379,0.0,1,1.4210854715202004e-14,0.0,-0.022804367878136222,-0.07505349348133494,-39.233442483264206,-63.70001399999998,9.599972084242665,-39.312244979086095,-63.7000159189638,0.0,1,4.263256414560601e-14,0.0,0.05838946781067644,-0.15196689693167942,72.88805853862584,63.70001399999999,9.600297644175342,72.88181266347326,63.70001591568979,0.0,1,2.842170943040401e-14,0.0,0.05838946781067644,-0.15196689693167942,72.88805853862584,-63.70001399999998,9.600297644175342,72.88181266347326,-63.70001591568979,0.0,1,2.842170943040401e-14
6.066666666666666,6066667,return_to_standing,0.0,0.0,77.51157745711706,0.9997985493578188,0.0,0.020071390136244312,0.0,0.0,0.0,77.51157745711706,39.196041817813295,29.782917252110536,0,feet,0.0,-0.02185870086334374,-0.07192573079238906,-39.22880411011621,63.70001399999999,9.599941219064405,-39.196041817813274,65.90477742429005,0.0,1,2.842170943040401e-14,0.0,-0.02185870086334285,-0.07192573907975897,-39.22880411011624,-63.70001399999998,9.599941219064405,-39.196041817813324,-65.90477742429005,0.0,1,2.842170943040401e-14,0.0,0.05607471459200353,-0.14584405861595728,72.91578444512933,63.70001399999999,9.600239569186101,72.88181266347326,63.70001591568979,0.0,1,4.263256414560601e-14,0.0,0.05607471459200353,-0.14584405861595728,72.91578444512933,-63.70001399999998,9.600239569186101,72.88181266347326,-63.70001591568979,0.0,1,4.263256414560601e-14
6.075,6075000,return_to_standing,0.0,0.0,77.66406416052446,0.9998159618995226,0.0,0.019184429387721788,0.0,0.0,0.0,77.66406416052446,39.196041817813295,30.110155067780482,0,feet,0.0,-0.020925931863613023,-0.06884588161908445,-39.22423393654121,63.70001399999999,9.599955728113017,-39.196041817813274,65.90477742429005,0.0,1,1.4210854715202004e-14,0.0,-0.020925931863612135,-0.0688458895636268,-39.22423393654125,-63.70001399999998,9.599955728113017,-39.196041817813324,-65.90477742429005,0.0,1,1.4210854715202004e-14,0.0,0.0537839748698814,-0.13979675788118007,72.94310074337034,63.70001399999999,9.60010404313293,72.88181266347326,63.70001591568979,0.0,1,0.0,0.0,0.0537839748698814,-0.13979675788118007,72.94310074337034,-63.70001399999998,9.60010404313293,72.88181266347326,-63.70001591568979,0.0,1,0.0
6.083333333333333,6083333,return_to_standing,0.0,0.0,77.81367882837631,0.9998322817149704,0.0,0.018314159566743867,0.0,0.0,0.0,77.81367882837631,39.196041817813295,30.431374970466464,0,feet,0.0,-0.020007690173556636,-0.06581546479040279,-39.21973018160156,63.70001399999999,9.599967897795793,-39.196041817813274,65.90477742429005,0.0,1,2.842170943040401e-14,0.0,-0.020007690173555748,-0.06581547239662022,-39.21973018160162,-63.70001399999998,9.599967897795793,-39.196041817813324,-65.90477742429005,0.0,1,2.842170943040401e-14,0.0,0.051519422911079804,-0.13383007103121258,72.9699870285499,63.70001399999999,9.599894746769777,72.88181266347326,63.70001591568979,0.0,1,0.0,0.0,0.051519422911079804,-0.13383007103121258,72.9699870285499,-63.70001399999998,9.599894746769777,72.88181266347326,-63.70001591568979,0.0,1,0.0
6.091666666666667,6091667,return_to_standing,0.0,0.0,77.9603308295615,0.999847543208752,0.0,0.017461109341124992,0.0,0.0,0.0,77.9603308295615,39.196041817813295,30.746373443475612,0,feet,0.0,-0.01910471767987909,-0.06283676860165865,-39.21529671010224,63.70001399999999,9.59997781384996,-39.196041817813274,65.90477742429005,0.0,1,2.842170943040401e-14,0.0,-0.019104717679878203,-0.06283677587435221,-39.215296710102294,-63.70001399999998,9.599977813849932,-39.196041817813324,-65.90477742429005,0.0,1,0.0,0.0,0.0492890607074572,-0.12795431698181448,72.99638525321228,63.70001399999999,9.599955348474296,73.0269645758176,60.014427080345826,0.0,1,1.4210854715202004e-14,0.0,0.0492890607074572,-0.12795431698181448,72.99638525321228,-63.70001399999998,9.599955348474296,73.0269645758176,-60.014427080345826,0.0,1,1.4210854715202004e-14
6.1,6100000,return_to_standing,0.0,0.0,78.10393308852446,0.999861782057261,0.0,0.0166257866363801,0.0,0.0,0.0,78.10393308852446,39.196041817813295,31.054954496749424,0,feet,0.0,-0.018217736834634124,-0.059912024114645135,-39.21093730247039,63.70001399999999,9.599985567792544,-39.196041817813274,65.90477742429005,0.0,1,1.4210854715202004e-14,0.0,-0.01821773683463368,-0.059912031058911186,-39.210937302470406,-63.70001399999998,9.599985567792544,-39.196041817813324,-65.90477742429005,0.0,1,1.4210854715202004e-14,0.0,0.047091689220969624,-0.12217152185543823,73.02229832585428,63.70001399999999,9.600093476774262,73.08556396798554,63.70001591752033,0.0,1,-1.4210854715202004e-14,0.0,0.047091689220969624,-0.12217152185543823,73.02229832585428,-63.70001399999998,9.600093476774262,73.08556396798554,-63.70001591752033,0.0,1,-1.4210854715202004e-14
6.108333333333333,6108333,return_to_standing,0.0,0.0,78.24440222748743,0.9998750350449014,0.0,0.015808677805470215,0.0,0.0,0.0,78.24440222748743,39.196041817813295,31.356930006026587,0,feet,0.0,-0.017347449070912457,-0.05704340032640953,-39.20665564592783,63.70001399999999,9.599991256451275,-39.196041817813274,65.90477742429005,0.0,1,0.0,0.0,-0.017347449070912013,-0.057043406947634434,-39.20665564592786,-63.70001399999998,9.599991256451275,-39.196041817813324,-65.90477742429005,0.0,1,0.0,0.0,0.04492796473353433,-0.1164852960887659,73.04771701745902,63.70001399999999,9.600227336506876,73.08556396798554,63.70001591752033,0.0,1,-1.4210854715202004e-14,0.0,0.04492796473353433,-0.1164852960887659,73.04771701745902,-63.70001399999998,9.600227336506876,73.08556396798554,-63.70001591752033,0.0,1,-1.4210854715202004e-14
6.116666666666666,6116667,return_to_standing,0.0,0.0,78.38165870867262,0.9998873398993656,0.0,0.015010246799123115,0.0,0.0,0.0,78.38165870867262,39.196041817813295,31.652120051710206,0,feet,0.0,-0.016494533223825325,-0.05423299928413616,-39.20245532563454,63.70001399999999,9.59999498146776,-39.196041817813274,65.90477742429005,0.0,1,2.842170943040401e-14,0.0,-0.01649453322382488,-0.054233005587990935,-39.20245532563459,-63.70001399999998,9.59999498146773,-39.196041817813324,-65.90477742429005,0.0,1,0.0,0.0,0.042798817886676055,-0.11089941521339952,73.07263031687535,63.70001399999999,9.600293225987798,73.08556396798554,63.70001591752033,0.0,1,0.0,0.0,0.042798817886676055,-0.11089941521339952,73.07263031687535,-63.70001399999998,9.600293225987798,73.08556396798554,-63.70001591752033,0.0,1,0.0
6.125,6125000,return_to_standing,0.0,0.0,78.51562697652446,0.9998987351266647,0.0,0.014230934336715614,0.0,0.0,0.0,78.51562697652446,39.196041817813295,31.9403532573294,0,feet,0.0,-0.01565964395917918,-0.051482851154458054,-39.19833981582071,63.70001399999999,9.599996848775177,-39.196041817813274,65.90477742429005,0.0,1,0.0,0.0,-0.01565964395917785,-0.051482857146893934,-39.1983398158208,-63.70001399999998,9.599996848775149,-39.196041817813324,-65.90477742429005,0.0,1,-2.842170943040401e-14,0.0,0.04070630855224344,-0.10541861366953542,73.09702013607287,63.70001399999999,9.600295102781558,73.08556396798554,63.70001591752033,0.0,1,2.842170943040401e-14,0.0,0.04070630855224344,-0.10541861366953542,73.09702013607287,-63.70001399999998,9.600295102781558,73.08556396798554,-63.70001591752033,0.0,1,2.842170943040401e-14
6.133333333333334,6133333,return_to_standing,0.0,0.0,78.64623559993187,0.9999092598466063,0.0,0.013471157077699985,0.0,0.0,0.0,78.64623559993187,39.196041817813295,32.22146712748785,0,feet,0.0,-0.014843410212194375,-0.04879490925598562,-39.19431247092397,63.70001399999999,9.599996968054072,-39.196041817813274,65.90477742429005,0.0,1,0.0,0.0,-0.014843410212193486,-0.04879491494322652,-39.19431247092402,-63.70001399999998,9.599996968054072,-39.196041817813324,-65.90477742429005,0.0,1,0.0,0.0,0.038652457984700295,-0.10004752209001433,73.12086898366218,63.70001399999999,9.600237021039987,73.08556396798554,63.70001591752033,0.0,1,1.4210854715202004e-14,0.0,0.038652457984700295,-0.10004752209001433,73.12086898366218,-63.70001399999998,9.600237021039987,73.08556396798554,-63.70001591752033,0.0,1,1.4210854715202004e-14
6.141666666666667,6141667,return_to_standing,0.0,0.0,78.77341741445039,0.9999189536294071,0.0,0.012731306793553275,0.0,0.0,0.0,78.77341741445039,39.196041817813295,32.49530838519426,0,feet,0.0,-0.014046433638555289,-0.04617104506423164,-39.190376516749566,63.70001399999999,9.59999545216833,-39.196041817813274,65.90477742429005,0.0,1,2.842170943040401e-14,0.0,-0.0140464336385544,-0.04617105045276437,-39.19037651674963,-63.70001399999998,9.5999954521683,-39.196041817813324,-65.90477742429005,0.0,1,0.0,0.0,0.03663924265234497,-0.09479065366712947,73.14416001178307,63.70001399999999,9.600123114206937,73.08556396798554,63.70001591752033,0.0,1,4.263256414560601e-14,0.0,0.03663924265234497,-0.09479065366712947,73.14416001178307,-63.70001399999998,9.600123114206937,73.08556396798554,-63.70001591752033,0.0,1,4.263256414560601e-14
6.15,6150000,return_to_standing,0.0,0.0,78.89710966452446,0.9999278563341372,0.0,0.012011749540224648,0.0,0.0,0.0,78.89710966452446,39.196041817813295,32.76173330847328,0,feet,0.0,-0.013269287080017289,-0.04361304319848802,-39.18653504167135,63.70001399999999,9.599992416585337,-39.196041817813274,65.90477742429005,0.0,1,2.842170943040401e-14,0.0,-0.013269287080016401,-0.043613048295057855,-39.18653504167139,-63.70001399999998,9.599992416585337,-39.196041817813324,-65.90477742429005,0.0,1,2.842170943040401e-14,0.0,0.03466940693053511,-0.08965314524699464,73.16687158171,63.70001399999999,9.600004095021788,73.16840094620053,59.93459691168532,0.0,1,-1.4210854715202004e-14,0.0,0.03466940693053511,-0.08965314524699464,73.16687158171,-63.70001399999998,9.600004095021788,73.16840094620053,-59.93459691168532,0.0,1,-1.4210854715202004e-14
6.158333333333333,6158333,return_to_standing,0.0,0.0,79.01725414570964,0.9999360079496797,0.0,0.011312824831052825,0.0,0.0,0.0,79.01725414570964,39.196041817813295,33.02060806615798,0,feet,0.0,-0.012512513046732732,-0.04112259640055527,-39.18279098789032,63.70001399999999,9.599987978783872,-39.196041817813274,65.90477742429005,0.0,1,2.842170943040401e-14,0.0,-0.012512513046731844,-0.041122601212154386,-39.18279098789035,-63.70001399999998,9.5999879787839,-39.196041817813324,-65.90477742429005,0.0,1,5.684341886080802e-14,0.0,0.03274685305378977,-0.08464114650217303,73.18897531399533,63.70001399999999,9.599999900913417,73.19854626304047,60.71151150841919,0.0,1,-4.263256414560601e-14,0.0,0.03274685305378977,-0.08464114650217303,73.18897531399533,-63.70001399999998,9.599999900913417,73.19854626304047,-60.71151150841919,0.0,1,-4.263256414560601e-14
6.166666666666667,6166667,return_to_standing,0.0,0.0,79.13379734689484,0.9999434484388928,0.0,0.010634844810122874,0.0,0.0,0.0,79.13379734689484,39.196041817813295,33.271809052768646,0,feet,0.0,-0.011776622218389932,-0.03870130051546683,-39.17914714276893,63.70001399999999,9.599982257652513,-39.196041817813274,65.90477742429005,0.0,1,-1.4210854715202004e-14,0.0,-0.011776622218389043,-0.038701305049324564,-39.17914714276896,-63.70001399999998,9.599982257652542,-39.196041817813324,-65.90477742429005,0.0,1,1.4210854715202004e-14,0.0,0.030871330018250376,-0.07975684686744566,73.21047021388262,63.70001399999999,9.599997266666236,73.19854626304047,60.71151150841919,0.0,1,-7.105427357601002e-14,0.0,0.030871330018250376,-0.07975684686744566,73.21047021388262,-63.70001399999998,9.599997266666236,73.19854626304047,-60.71151150841919,0.0,1,-7.105427357601002e-14
6.175,6175000,return_to_standing,0.0,0.0,79.24669059252446,0.9999502175866464,0.0,0.009978093426028907,0.0,0.0,0.0,79.24669059252446,39.196041817813295,33.51522322238595,0,feet,0.0,-0.011062091966165699,-0.03635064948460842,-39.175606130258295,63.70001399999999,9.599975372883137,-39.196041817813274,65.90477742429005,0.0,1,2.842170943040401e-14,0.0,-0.011062091966164811,-0.03635065374817925,-39.17560613025834,-63.70001399999998,9.599975372883137,-39.196041817813324,-65.90477742429005,0.0,1,2.842170943040401e-14,0.0,0.029044562083437864,-0.07500414393705013,73.2313425482524,63.70001399999999,9.599999643522054,73.22509053082776,60.7399748722095,0.0,1,1.4210854715202004e-14,0.0,0.029044562083437864,-0.07500414393705013,73.2313425482524,-63.70001399999998,9.599999643522054,73.22509053082776,-60.7399748722095,0.0,1,1.4210854715202004e-14
6.183333333333334,6183333,return_to_standing,0.0,0.0,79.35589018482077,0.9999563548523984,0.0,0.00934282560600747,0.0,0.0,0.0,79.35589018482077,39.196041817813295,33.750748421430735,0,feet,0.0,-0.010369364897440558,-0.03407203036175099,-39.1721704024356,63.70001399999999,9.599967444362278,-39.196041817813274,65.90477742429005,0.0,1,-1.4210854715202004e-14,0.0,-0.01036936489743967,-0.03407203436270523,-39.172170402435626,-63.70001399999998,9.599967444362306,-39.196041817813324,-65.90477742429005,0.0,1,1.4210854715202004e-14,0.0,0.02726773790979653,-0.0703863152625619,73.25158252030815,63.70001399999999,9.599984722042691,73.23533112004866,60.74619282880431,0.0,1,1.4210854715202004e-14,0.0,0.02726773790979653,-0.0703863152625619,73.25158252030815,-63.70001399999998,9.599984722042691,73.23533112004866,-60.74619282880431,0.0,1,1.4210854715202004e-14
6.191666666666666,6191667,return_to_standing,0.0,0.0,79.46135754600594,0.9999618992279591,0.0,0.0087292664304044,0.0,0.0,0.0,79.46135754600594,39.196041817813295,33.97829372026571,0,feet,0.0,-0.009698847425097856,-0.03186671836266619,-39.16884223116831,63.70001399999999,9.59995859156561,-39.196041817813274,65.90477742429005,0.0,1,0.0,0.0,-0.009698847425096968,-0.03186672210887442,-39.16884223116834,-63.70001399999998,9.599958591565624,-39.196041817813324,-65.90477742429005,0.0,1,1.4210854715202004e-14,0.0,0.025543042149604123,-0.06590743725500792,73.27117401386685,63.70001399999999,9.599990962174488,73.34888493064832,63.700015918920016,0.0,1,7.105427357601002e-14,0.0,0.025543042149604123,-0.06590743725500792,73.27117401386685,-63.70001399999998,9.599990962174488,73.34888493064832,-63.700015918920016,0.0,1,7.105427357601002e-14
6.2,6200000,return_to_standing,0.0,0.0,79.56305936052446,0.9999668891010763,0.0,0.008137610307436895,0.0,0.0,0.0,79.56305936052446,39.13629722968542,34.19777974353943,0,feet,0.0,-0.009050727602611719,-0.02973604617079495,-39.16562489108361,63.70001399999999,9.599958772527799,-39.136297229685404,59.9925097393973,0.0,1,1.4210854715202004e-14,0.0,-0.009050727602611719,-0.029736049670337827,-39.16562489108364,-63.70001399999998,9.599958772527785,-39.136297229685425,-59.99250973939729,0.0,1,0.0,0.0,0.023873788017614306,-0.061572540782648844,73.29009439299313,63.70001399999999,9.600125474862267,73.34888493064832,63.700015918920016,0.0,1,-1.4210854715202004e-14,0.0,0.023873788017614306,-0.061572540782648844,73.29009439299313,-63.70001399999998,9.600125474862267,73.34888493064832,-63.700015918920016,0.0,1,-1.4210854715202004e-14
6.208333333333333,6208333,return_to_standing,0.0,0.0,79.66096771726521,0.9999713621254542,0.0,0.007568020148211438,0.0,0.0,0.0,79.66096771726521,39.13629722968542,34.40913899919638,0,feet,0.0,-0.008425341555754695,-0.02768104548933481,-39.16252022280342,63.70001399999999,9.599967755184807,-39.136297229685404,59.9925097393973,0.0,1,-1.4210854715202004e-14,0.0,-0.008425341555754251,-0.02768104875046662,-39.16252022280342,-63.70001399999998,9.599967755184835,-39.136297229685425,-59.99250973939729,0.0,1,1.4210854715202004e-14,0.0,0.022258295824145513,-0.05738178789810133,73.30835379589314,63.70001399999999,9.600219929123114,73.34888493064832,63.700015918920016,0.0,1,-1.4210854715202004e-14,0.0,0.022258295824145513,-0.05738178789810133,73.30835379589314,-63.70001399999998,9.600219929123114,73.34888493064832,-63.700015918920016,0.0,1,-1.4210854715202004e-14
6.216666666666667,6216667,return_to_standing,0.0,0.0,79.75506025178372,0.9999753550977936,0.0,0.007020626541957937,0.0,0.0,0.0,79.75506025178372,39.13629722968542,34.612316206081985,0,feet,0.0,-0.0078231659998651,-0.025702446527705813,-39.15952867609834,63.70001399999999,9.599975460690189,-39.136297229685404,59.9925097393973,0.0,1,0.0,0.0,-0.007823165999864656,-0.025702449558815843,-39.159528676098375,-63.70001399999998,9.599975460690175,-39.136297229685425,-59.99250973939729,0.0,1,-1.4210854715202004e-14,0.0,0.020697837240576167,-0.053337954429582,73.32594334351485,63.70001399999999,9.60027807638913,73.34888493064832,63.700015918920016,0.0,1,2.842170943040401e-14,0.0,0.020697837240576167,-0.053337954429582,73.32594334351485,-63.70001399999998,9.60027807638913,73.34888493064832,-63.700015918920016,0.0,1,2.842170943040401e-14
6.225,6225000,return_to_standing,0.0,0.0,79.84532028852446,0.9999789038424175,0.0,0.006495526931440332,0.0,0.0,0.0,79.84532028852446,39.13629722968542,34.807268620075995,0,feet,0.0,-0.007244449006779785,-0.023801028385802336,-39.15665172098693,63.70001399999999,9.599981991683123,-39.136297229685404,59.9925097393973,0.0,1,1.4210854715202004e-14,0.0,-0.007244449006779341,-0.02380103119542376,-39.15665172098694,-63.70001399999998,9.599981991683137,-39.136297229685425,-59.99250973939729,0.0,1,2.842170943040401e-14,0.0,0.019193573623480287,-0.049443548414956684,73.3428552938147,63.70001399999999,9.600303594360824,73.34888493064832,63.700015918920016,0.0,1,1.4210854715202004e-14,0.0,0.019193573623480287,-0.049443548414956684,73.3428552938147,-63.70001399999998,9.600303594360824,73.34888493064832,-63.700015918920016,0.0,1,1.4210854715202004e-14
6.233333333333333,6233333,return_to_standing,0.0,0.0,79.93173698304298,0.9999820431040143,0.0,0.005992784788504238,0.0,0.0,0.0,79.93173698304298,39.13629722968542,34.99396635869231,0,feet,0.0,-0.006689395701692913,-0.021977434474102164,-39.15389060822958,63.70001399999999,9.59998744889738,-39.136297229685404,59.9925097393973,0.0,1,-1.4210854715202004e-14,0.0,-0.006689395701692913,-0.0219774370708965,-39.15389060822957,-63.70001399999998,9.599987448897394,-39.136297229685425,-59.99250973939729,0.0,1,0.0,0.0,0.017746549605631046,-0.045700794939181666,73.35908309075734,63.70001399999999,9.600300071245059,73.34888493064832,63.700015918920016,0.0,1,0.0,0.0,0.017746549605631046,-0.045700794939181666,73.35908309075734,-63.70001399999998,9.600300071245059,73.34888493064832,-63.700015918920016,0.0,1,0.0
6.241666666666666,6241667,return_to_standing,0.0,0.0,80.01430546422817,0.9999848064489971,0.0,0.005512428789723111,0.0,0.0,0.0,80.01430546422817,39.13629722968542,35.17239272408928,0,feet,0.0,-0.006158167012445315,-0.020232167985536176,-39.15124636208885,63.70001399999999,9.59999193069433,-39.136297229685404,59.9925097393973,0.0,1,-1.4210854715202004e-14,0.0,-0.006158167012444871,-0.02023217037827063,-39.151246362088834,-63.70001399999998,9.599991930694387,-39.136297229685425,-59.99250973939729,0.0,1,4.263256414560601e-14,0.0,0.016358009629894088,-0.04211193003805436,73.37461929444926,63.70001399999999,9.60028889804623,73.36335316662442,63.70001591896379,0.0,1,2.842170943040401e-14,0.0,0.016358009629894088,-0.04211193003805436,73.37461929444926,-63.70001399999998,9.60028889804623,73.36335316662442,-63.7000159189638,0.0,1,2.842170943040401e-14
6.25,6250000,return_to_standing,0.0,0.0,80.09302697652447,0.9999872261759445,0.0,0.005054451992105466,0.0,0.0,0.0,80.09302697652447,39.13629722968542,35.342544524439106,0,feet,0.0,-0.005650878453547392,-0.018565587471643052,-39.14871977332095,63.70001399999999,9.599995532622174,-39.136297229685404,59.9925097393973,0.0,1,-1.4210854715202004e-14,0.0,-0.005650878453547392,-0.01856558966917543,-39.148719773320934,-63.70001399999998,9.599995532622202,-39.136297229685425,-59.99250973939729,0.0,1,1.4210854715202004e-14,0.0,0.015028505006136061,-0.03867834018694216,73.38946147307122,63.70001399999999,9.600260007308137,73.36335316662442,63.70001591896379,0.0,1,1.4210854715202004e-14,0.0,0.015028505006136061,-0.03867834018694216,73.38946147307122,-63.70001399999998,9.600260007308137,73.36335316662442,-63.7000159189638,0.0,1,1.4210854715202004e-14
6.258333333333334,6258333,return_to_standing,0.0,0.0,80.16790902215409,0.9999893332355424,0.0,0.004618811008827249,0.0,0.0,0.0,80.16790902215409,39.13629722968542,35.50443239361166,0,feet,0.0,-0.0051675989459303295,-0.016977902531622124,-39.146311392408975,63.70001399999999,9.59999834700514,-39.136297229685404,59.9925097393973,0.0,1,1.4210854715202004e-14,0.0,-0.005167598945929441,-0.016977904542879063,-39.146311392409025,-63.70001399999998,9.59999834700514,-39.136297229685425,-59.99250973939729,0.0,1,1.4210854715202004e-14,0.0,0.013758593922018392,-0.03540121830730314,73.40360756500239,63.70001399999999,9.600211114084757,73.36335316662442,63.70001591896379,0.0,1,0.0,0.0,0.013758593922018392,-0.03540121830730314,73.40360756500239,-63.70001399999998,9.600211114084757,73.36335316662442,-63.7000159189638,0.0,1,0.0
6.266666666666667,6266667,return_to_standing,0.0,0.0,80.23896550333927,0.999991157160409,0.0,0.004205425184955441,0.0,0.0,0.0,80.23896550333927,39.13629722968542,35.65808110913371,0,feet,0.0,-0.004708349673251622,-0.015469169622213563,-39.14402152304914,63.70001399999999,9.600000462565006,-39.136297229685404,59.9925097393973,0.0,1,0.0,0.0,-0.004708349673251178,-0.015469171456177211,-39.144021523049155,-63.70001399999998,9.60000046256502,-39.136297229685425,-59.99250973939729,0.0,1,1.4210854715202004e-14,0.0,0.012548793206545561,-0.0322815115708619,73.41705622768804,63.70001399999999,9.60014530269298,73.36335316662442,63.70001591896379,0.0,1,1.4210854715202004e-14,0.0,0.012548793206545561,-0.0322815115708619,73.41705622768804,-63.70001399999998,9.60014530269298,73.36335316662442,-63.7000159189638,0.0,1,1.4210854715202004e-14
6.275,6275000,return_to_standing,0.0,0.0,80.30621686452446,0.9999927260051303,0.0,0.0038141757731310184,0.0,0.0,0.0,80.30621686452446,39.13629722968542,35.80352990839123,0,feet,0.0,-0.004273102975477894,-0.014039287995654792,-39.14185021589854,63.70001399999999,9.600001964077904,-39.136297229685404,59.9925097393973,0.0,1,-4.263256414560601e-14,0.0,-0.004273102975477006,-0.01403928966133483,-39.14185021589853,-63.70001399999998,9.600001964077961,-39.136297229685425,-59.99250973939729,0.0,1,1.4210854715202004e-14,0.0,0.01139947373486816,-0.02931981360056124,73.42980753447739,63.70001399999999,9.600065503348304,73.36335316662442,63.70001591896379,0.0,1,-2.842170943040401e-14,0.0,0.01139947373486816,-0.02931981360056124,73.42980753447739,-63.70001399999998,9.600065503348304,73.36335316662442,-63.7000159189638,0.0,1,-2.842170943040401e-14
6.283333333333333,6283333,return_to_standing,0.0,0.0,80.36969023459854,0.99999406629679,0.0,0.003444905109182112,0.0,0.0,0.0,80.36969023459854,39.13629722968542,35.94083280304968,0,feet,0.0,-0.003861781280269927,-0.01268799577208668,-39.1397972625928,63.70001399999999,9.600002932068605,-39.136297229685404,59.9925097393973,0.0,1,0.0,0.0,-0.0038617812802690388,-0.01268799727850256,-39.13979726259279,-63.70001399999998,9.600002932068648,-39.136297229685425,-59.99250973939729,0.0,1,4.263256414560601e-14,0.0,0.010310855328137691,-0.026516351864160015,73.44186301653406,63.70001399999999,9.59997448200005,73.36335316662442,63.70001591896379,0.0,1,-1.4210854715202004e-14,0.0,0.010310855328137691,-0.026516351864160015,73.44186301653406,-63.70001399999998,9.59997448200005,73.36335316662442,-63.7000159189638,0.0,1,-1.4210854715202004e-14
6.291666666666667,6291667,return_to_standing,0.0,0.0,80.42941956911706,0.9999952029962136,0.0,0.003097415787640778,0.0,0.0,0.0,80.42941956911706,39.13629722968542,36.07005889167425,0,feet,0.0,-0.0034742560725793403,-0.011414866151953973,-39.137862190039876,63.70001399999999,9.600003442543937,-39.136297229685404,59.9925097393973,0.0,1,0.0,0.0,-0.0034742560725788962,-0.011414867508112714,-39.137862190039904,-63.70001399999998,9.600003442543922,-39.136297229685425,-59.99250973939729,0.0,1,-1.4210854715202004e-14,0.0,0.009284572061253105,-0.02387249516718093,73.45321537378159,63.70001399999999,9.599960985936548,73.4795563263901,65.90477742429005,0.0,1,0.0,0.0,0.009284572061253105,-0.02387249516718093,73.45321537378159,-63.70001399999998,9.599960985936548,73.4795563263901,-65.90477742429005,0.0,1,0.0
6.3,6300000,return_to_standing,0.0,0.0,80.48544579252446,0.9999961594700961,0.0,0.002771469837139931,0.0,0.0,0.0,80.48544579252446,39.13629722968542,36.191292670540605,0,feet,0.0,-0.003110346902652328,-0.010219303772909694,-39.13604425499431,63.70001399999999,9.60000356676808,-39.136297229685404,59.9925097393973,0.0,1,-1.4210854715202004e-14,0.0,-0.003110346902652328,-0.01021930498778545,-39.13604425499431,-63.70001399999998,9.60000356676808,-39.136297229685425,-59.99250973939729,0.0,1,-1.4210854715202004e-14,0.0,0.008319745248891675,-0.02138695668361068,73.46387442646977,63.70001399999999,9.59998431536755,73.4795563263901,65.90477742429005,0.0,1,0.0,0.0,0.008319745248891675,-0.02138695668361068,73.46387442646977,-63.70001399999998,9.59998431536755,73.4795563263901,-65.90477742429005,0.0,1,0.0
6.308333333333334,6308333,return_to_standing,0.0,0.0,80.53781694037632,0.9999969574741104,0.0,0.0024667878956700627,0.0,0.0,0.0,80.53781694037632,39.13629722968542,36.30463434263465,0,feet,0.0,-0.002769820432480863,-0.009100541214689617,-39.13434243891569,63.70001399999999,9.600003371080078,-39.136297229685404,59.9925097393973,0.0,1,-1.4210854715202004e-14,0.0,-0.0027698204324804188,-0.00910054229719881,-39.1343424389157,-63.70001399999998,9.600003371080092,-39.136297229685425,-59.99250973939729,0.0,1,0.0,0.0,0.007415180303137703,-0.019057892604538385,73.47385244466443,63.70001399999999,9.599995429322917,73.4795563263901,65.90477742429005,0.0,1,-2.842170943040401e-14,0.0,0.007415180303137703,-0.019057892604538385,73.47385244466443,-63.70001399999998,9.599995429322917,73.4795563263901,-65.90477742429005,0.0,1,-2.842170943040401e-14
6.316666666666666,6316667,return_to_standing,0.0,0.0,80.5865883015615,0.999997617147034,0.0,0.0021830483856787454,0.0,0.0,0.0,80.5865883015615,39.13629722968542,36.410200124849304,0,feet,0.0,-0.002452389520520626,-0.008057635654294959,-39.13275544311258,63.70001399999999,9.600002916754974,-39.136297229685404,59.9925097393973,0.0,1,0.0,0.0,-0.0024523895205201818,-0.008057636613272301,-39.13275544311259,-63.70001399999998,9.600002916754988,-39.136297229685425,-59.99250973939729,0.0,1,1.4210854715202004e-14,0.0,0.006570449146150015,-0.016883952312237938,73.48315714911804,63.70001399999999,9.599996448507866,73.4795563263901,65.90477742429005,0.0,1,0.0,0.0,0.006570449146150015,-0.016883952312237938,73.48315714911804,-63.70001399999998,9.599996448507866,73.4795563263901,-65.90477742429005,0.0,1,0.0
6.325,6325000,return_to_standing,0.0,0.0,80.63182256052447,0.9999981570158524,0.0,0.0019198866889992385,0.0,0.0,0.0,80.63182256052447,39.13629722968542,36.508122553396284,0,feet,0.0,-0.002157712344317275,-0.007089465672588169,-39.13128168417074,63.70001399999999,9.600002259909076,-39.136297229685404,59.9925097393973,0.0,1,0.0,0.0,-0.002157712344316831,-0.007089466516767118,-39.13128168417075,-63.70001399999998,9.600002259909076,-39.136297229685425,-59.99250973939729,0.0,1,0.0,0.0,0.005784952555116352,-0.014863367308502351,73.49179789962513,63.70001399999999,9.599989318805129,73.4795563263901,65.90477742429005,0.0,1,-1.4210854715202004e-14,0.0,0.005784952555116352,-0.014863367308502351,73.49179789962513,-63.70001399999998,9.599989318805129,73.4795563263901,-65.90477742429005,0.0,1,-1.4210854715202004e-14
6.333333333333333,6333333,return_to_standing,0.0,0.0,80.67358993948743,0.9999985940117287,0.0,0.001676894321598021,0.0,0.0,0.0,80.67358993948743,39.13629722968542,36.59855078746109,0,feet,0.0,-0.001885391560408678,-0.006194728212161049,-39.12991928966408,63.70001399999999,9.60000145144977,-39.136297229685404,59.9925097393973,0.0,1,1.4210854715202004e-14,0.0,-0.0018853915604082339,-0.006194728950144057,-39.12991928966411,-63.70001399999998,9.600001451449756,-39.136297229685425,-59.99250973939729,0.0,1,0.0,0.0,0.005057917164636105,-0.01299394318058944,73.49978572547728,63.70001399999999,9.599975809797698,73.4795563263901,65.90477742429005,0.0,1,1.4210854715202004e-14,0.0,0.005057917164636105,-0.01299394318058944,73.49978572547728,-63.70001399999998,9.599975809797698,73.4795563263901,-65.90477742429005,0.0,1,1.4210854715202004e-14
6.341666666666667,6341667,return_to_standing,0.0,0.0,80.71196834067261,0.9999989434966398,0.0,0.0014536181081344325,0.0,0.0,0.0,80.71196834067261,39.12849807739247,36.6816509111412,0,feet,0.0,-0.001634955438830854,-0.005371953374532001,-39.128666213158695,63.70001399999999,9.60000151516374,-39.12849807739248,59.980312244891614,0.0,1,2.842170943040401e-14,0.0,-0.001634955438830854,-0.005371954014773639,-39.128666213158695,-63.70001399999998,9.60000151516374,-39.128498077392464,-59.98031224489162,0.0,1,2.842170943040401e-14,0.0,0.004388392846880418,-0.011273052412879903,73.50713335384462,63.70001399999999,9.59995751474169,73.4795563263901,65.90477742429005,0.0,1,2.842170943040401e-14,0.0,0.004388392846880418,-0.011273052412879903,73.50713335384462,-63.70001399999998,9.59995751474169,73.4795563263901,-65.90477742429005,0.0,1,2.842170943040401e-14
6.35,6350000,return_to_standing,0.0,0.0,80.74704348852447,0.9999992193004028,0.0,0.00124955935632898,0.0,0.0,0.0,80.74704348852447,39.12849807739247,36.757606233719066,0,feet,0.0,-0.0014059121385061601,-0.004619447785807029,-39.12751986767791,63.70001399999999,9.600001466797877,-39.12849807739248,59.980312244891614,0.0,1,2.842170943040401e-14,0.0,-0.0014059121385061601,-0.004619448336580234,-39.12751986767791,-63.70001399999998,9.600001466797877,-39.128498077392464,-59.98031224489162,0.0,1,2.842170943040401e-14,0.0,0.0037758750008936026,-0.009698238140513293,73.51385112697403,63.70001399999999,9.599969836111583,73.53930091487179,59.9925097393973,0.0,1,0.0,0.0,0.0037758750008936026,-0.009698238140513293,73.51385112697403,-63.70001399999998,9.599969836111583,73.53930091487179,-59.99250973939729,0.0,1,0.0
6.358333333333333,6358333,return_to_standing,0.0,0.0,80.77890907193188,0.9999994337677196,0.0,0.0010641730311401125,0.0,0.0,0.0,80.77890907193188,39.12849807739247,36.8266175883355,0,feet,0.0,-0.0011976937695439283,-0.0039353460135092,-39.126477486178274,63.70001399999999,9.600001303990865,-39.12849807739248,59.980312244891614,0.0,1,0.0,0.0,-0.0011976937695439283,-0.003935346482886626,-39.12647748617826,-63.70001399999998,9.60000130399088,-39.128498077392464,-59.98031224489162,0.0,1,1.4210854715202004e-14,0.0,0.003218504201113692,-0.008265453660541322,73.51995887811586,63.70001399999999,9.599984084964447,73.53930091487179,59.9925097393973,0.0,1,1.4210854715202004e-14,0.0,0.003218504201113692,-0.008265453660541322,73.51995887811586,-63.70001399999998,9.599984084964447,73.53930091487179,-59.99250973939729,0.0,1,1.4210854715202004e-14
6.366666666666666,6366667,return_to_standing,0.0,0.0,80.80766688645039,0.9999995978147752,0.0,0.0008968669287523123,0.0,0.0,0.0,80.80766688645039,39.12849807739247,36.88890362914213,0,feet,0.0,-0.001009673169144687,-0.00331759100802298,-39.1255360030362,63.70001399999999,9.600001059663015,-39.12849807739248,59.980312244891614,0.0,1,1.4210854715202004e-14,0.0,-0.001009673169144687,-0.003317591403847242,-39.12553600303622,-63.70001399999998,9.600001059662986,-39.128498077392464,-59.98031224489162,0.0,1,-1.4210854715202004e-14,0.0,0.00271464594881321,-0.006970598232127312,73.52547550889797,63.70001399999999,9.599993614795025,73.53930091487179,59.9925097393973,0.0,1,-2.842170943040401e-14,0.0,0.00271464594881321,-0.006970598232127312,73.52547550889797,-63.70001399999998,9.599993614795025,73.53930091487179,-59.99250973939729,0.0,1,-2.842170943040401e-14
6.375,6375000,return_to_standing,0.0,0.0,80.83342697652446,0.9999997209948258,0.0,0.0007470008503811981,0.0,0.0,0.0,80.83342697652446,39.12849807739247,36.9447011270274,0,feet,0.0,-0.0008411639685528272,-0.002763931042379042,-39.12469204618106,63.70001399999999,9.600000762163589,-39.12849807739248,59.980312244891614,0.0,1,0.0,0.0,-0.0008411639685532712,-0.0027639313722418457,-39.124692046181046,-63.70001399999998,9.600000762163575,-39.128498077392464,-59.98031224489162,0.0,1,-1.4210854715202004e-14,0.0,0.0022626262927674112,-0.005809258203243406,73.53042076308776,63.70001399999999,9.599999462961492,73.53930091487179,59.9925097393973,0.0,1,2.842170943040401e-14,0.0,0.0022626262927674112,-0.005809258203243406,73.53042076308776,-63.70001399999998,9.599999462961492,73.53930091487179,-59.99250973939729,0.0,1,2.842170943040401e-14
6.383333333333334,6383333,return_to_standing,0.0,0.0,80.85630777770965,0.9999998115721093,0.0,0.0006138857759039355,0.0,0.0,0.0,80.85630777770965,39.12849807739247,36.994265264026446,0,feet,0.0,-0.0006914199491316886,-0.00227191749541511,-39.12394193431542,63.70001399999999,9.600000435467436,-39.12849807739248,59.980312244891614,0.0,1,-2.842170943040401e-14,0.0,-0.0006914199491316886,-0.002271917766628828,-39.123941934315404,-63.70001399999998,9.600000435467464,-39.128498077392464,-59.98031224489162,0.0,1,0.0,0.0,0.001860587088794663,-0.004776563471585504,73.53481619361726,63.70001399999999,9.60000252256377,73.53930091487179,59.9925097393973,0.0,1,-4.263256414560601e-14,0.0,0.001860587088794663,-0.004776563471585504,73.53481619361726,-63.70001399999998,9.60000252256377,73.53930091487179,-59.99250973939729,0.0,1,-4.263256414560601e-14
6.391666666666667,6391667,return_to_standing,0.0,0.0,80.87643625889483,0.9999998766032993,0.0,0.0004967830373254714,0.0,0.0,0.0,80.87643625889483,39.12849807739247,37.037869926542335,0,feet,0.0,-0.0005596344236642459,-0.0018389027445859796,-39.123281674332425,63.70001399999999,9.600000099403857,-39.12849807739248,59.980312244891614,0.0,1,-1.4210854715202004e-14,0.0,-0.0005596344236642459,-0.0018389029641578958,-39.12328167433241,-63.70001399999998,9.600000099403871,-39.128498077392464,-59.98031224489162,0.0,1,0.0,0.0,0.0015064854403381567,-0.0038671849728579843,73.538685179629,63.70001399999999,9.60000355035487,73.53930091487179,59.9925097393973,0.0,1,-1.4210854715202004e-14,0.0,0.0015064854403381567,-0.0038671849728579843,73.538685179629,-63.70001399999998,9.60000355035487,73.53930091487179,-59.99250973939729,0.0,1,-1.4210854715202004e-14
6.4,6400000,return_to_standing,0.0,0.0,80.89394806452447,0.9999999220256129,0.0,0.00039490349209304356,0.0,0.0,0.0,80.89394806452447,39.12849807739247,37.075807997525004,0,feet,0.0,-0.0004449396397778749,-0.0014620381561636364,-39.1227069589074,63.70001399999999,9.59999976991466,-39.12849807739248,59.980312244891614,0.0,1,-1.4210854715202004e-14,0.0,-0.00044493963977876305,-0.001462038330770632,-39.12270695890737,-63.70001399999998,9.599999769914646,-39.128498077392464,-59.98031224489162,0.0,1,-2.842170943040401e-14,0.0,0.0011980934034538926,-0.00307533277787142,73.54205294206703,63.70001399999999,9.600003175640254,73.53930091487179,59.9925097393973,0.0,1,1.4210854715202004e-14,0.0,0.0011980934034538926,-0.00307533277787142,73.54205294206703,-63.70001399999998,9.600003175640254,73.53930091487179,-59.99250973939729,0.0,1,1.4210854715202004e-14
6.408333333333333,6408333,return_to_standing,0.0,0.0,80.90898765682076,0.9999999527505604,0.0,0.00030740669627291663,0.0,0.0,0.0,80.90898765682076,39.12849807739247,37.10839164777322,0,feet,0.0,-0.00034640620199466454,-0.0011382721589003886,-39.12221316423654,63.70001399999999,9.599999459337567,-39.12849807739248,59.980312244891614,0.0,1,-1.4210854715202004e-14,0.0,-0.00034640620199466454,-0.0011382722948640733,-39.12221316423654,-63.70001399999998,9.599999459337567,-39.128498077392464,-59.98031224489162,0.0,1,-1.4210854715202004e-14,0.0,0.0009329979213639206,-0.0023947547208358344,73.54494655800417,63.70001399999999,9.600001910034749,73.53930091487179,59.9925097393973,0.0,1,5.684341886080802e-14,0.0,0.0009329979213639206,-0.0023947547208358344,73.54494655800417,-63.70001399999998,9.600001910034749,73.53930091487179,-59.99250973939729,0.0,1,5.684341886080802e-14
6.416666666666667,6416667,return_to_standing,0.0,0.0,80.92170845800594,0.9999999727622015,0.0,0.00023340007760438717,0.0,0.0,0.0,80.92170845800594,39.12849807739247,37.135952626546676,0,feet,0.0,-0.00026304250844200183,-0.0008643483855008682,-39.12179534789434,63.70001399999999,9.599999176710014,-39.12849807739248,59.980312244891614,0.0,1,2.842170943040401e-14,0.0,-0.0002630425084424459,-0.0008643484887596031,-39.121795347894356,-63.70001399999998,9.599999176709986,-39.128498077392464,-59.98031224489162,0.0,1,0.0,0.0,0.0007086259577637755,-0.001818760020707355,73.54739480913197,63.70001399999999,9.600001512111476,73.54710006713898,59.980312244891614,0.0,1,1.4210854715202004e-14,0.0,0.0007086259577637755,-0.001818760020707355,73.54739480913197,-63.70001399999998,9.600001512111476,73.54710006713898,-59.98031224489162,0.0,1,1.4210854715202004e-14
6.425,6425000,return_to_standing,0.0,0.0,80.93227299252446,0.9999999852186433,0.0,0.00017193810844674844,0.0,0.0,0.0,80.93227299252446,39.12849807739247,37.15884255169654,0,feet,0.0,-0.0001937941978233937,-0.0006368038645376828,-39.12144824677584,63.70001399999999,9.599998928088667,-39.12849807739248,59.980312244891614,0.0,1,0.0,0.0,-0.00019379419782383778,-0.0006368039406225989,-39.12144824677583,-63.70001399999998,9.599998928088652,-39.128498077392464,-59.98031224489162,0.0,1,-1.4210854715202004e-14,0.0,0.0005221752623927323,-0.0013401504947503362,73.54942865249964,63.70001399999999,9.600001234224194,73.54710006713898,59.980312244891614,0.0,1,2.842170943040401e-14,0.0,0.0005221752623927323,-0.0013401504947503362,73.54942865249964,-63.70001399999998,9.600001234224194,73.54710006713898,-59.98031224489162,0.0,1,2.842170943040401e-14
6.433333333333334,6433333,return_to_standing,0.0,0.0,80.9408530292652,0.9999999925553793,0.0,0.00012202147863510375,0.0,0.0,0.0,80.9408530292652,39.12849807739247,37.177433199547124,0,feet,0.0,-0.0001375436017201359,-0.0004519672436900102,-39.12116627508774,63.70001399999999,9.599998716879611,-39.12849807739248,59.980312244891614,0.0,1,0.0,0.0,-0.00013754360172058,-0.00045196729769658717,-39.1211662750877,-63.70001399999998,9.599998716879611,-39.128498077392464,-59.98031224489162,0.0,1,0.0,0.0,0.00037066748715375297,-0.0009512719256319357,73.55108088419328,63.70001399999999,9.600000691276577,73.54710006713898,59.980312244891614,0.0,1,0.0,0.0,0.00037066748715375297,-0.0009512719256319357,73.55108088419328,-63.70001399999998,9.600000691276577,73.54710006713898,-59.98031224489162,0.0,1,0.0
6.441666666666666,6441667,return_to_standing,0.0,0.0,80.94762972378372,0.9999999965889282,0.0,8.259626826065767e-05,0.0,0.0,0.0,80.94762972378372,39.12849807739247,37.19211679478557,0,feet,0.0,-9.310919680549645e-05,-0.00030595702337476993,-39.120943522348526,63.70001399999999,9.599998544172436,-39.12849807739248,59.980312244891614,0.0,1,-1.4210854715202004e-14,0.0,-9.310919680549645e-05,-0.00030595705993796685,-39.1209435223485,-63.70001399999998,9.599998544172479,-39.128498077392464,-59.98031224489162,0.0,1,2.842170943040401e-14,0.0,0.00025095210456527184,-0.0006440173137463034,73.55238612832866,63.70001399999999,9.60000006130069,73.54710006713898,59.980312244891614,0.0,1,5.684341886080802e-14,0.0,0.00025095210456527184,-0.0006440173137463034,73.55238612832866,-63.70001399999998,9.60000006130069,73.54710006713898,-59.98031224489162,0.0,1,5.684341886080802e-14
6.45,6450000,return_to_standing,0.0,0.0,80.95279376052446,0.9999999986190847,0.0,5.255312039042023e-05,0.0,0.0,0.0,80.95279376052446,39.12849807739247,37.203306300642986,0,feet,0.0,-5.924505097665289e-05,-0.00019467977806408854,-39.120773751353404,63.70001399999999,9.599998409072924,-39.12849807739248,59.980312244891614,0.0,1,1.4210854715202004e-14,0.0,-5.924505097665289e-05,-0.00019467980132992224,-39.12077375135338,-63.70001399999998,9.599998409072938,-39.128498077392464,-59.98031224489162,0.0,1,2.842170943040401e-14,0.0,0.00015969509012858651,-0.0004098151456108923,73.55338092602504,63.70001399999999,9.599999461990976,73.54710006713898,59.980312244891614,0.0,1,1.4210854715202004e-14,0.0,0.00015969509012858651,-0.0004098151456108923,73.55338092602504,-63.70001399999998,9.599999461990976,73.54710006713898,-59.98031224489162,0.0,1,1.4210854715202004e-14
6.458333333333333,6458333,return_to_standing,0.0,0.0,80.95654549504299,0.9999999995279437,0.0,3.072641374015172e-05,0.0,0.0,0.0,80.95654549504299,39.12849807739247,37.21143570967767,0,feet,0.0,-3.464025685540051e-05,-0.00011382834072426462,-39.120650396056355,63.70001399999999,9.599998309026574,-39.12849807739248,59.980312244891614,0.0,1,1.4210854715202004e-14,0.0,-3.464025685540051e-05,-0.00011382835432849348,-39.12065039605634,-63.70001399999998,9.599998309026589,-39.128498077392464,-59.98031224489162,0.0,1,2.842170943040401e-14,0.0,9.337925588015494e-05,-0.0002396290256081457,73.55410374747957,63.70001399999999,9.599998961868536,73.54710006713898,59.980312244891614,0.0,1,0.0,0.0,9.337925588015494e-05,-0.0002396290256081457,73.55410374747957,-63.70001399999998,9.599998961868536,73.54710006713898,-59.98031224489162,0.0,1,0.0
6.466666666666667,6466667,return_to_standing,0.0,0.0,80.95909509622817,0.9999999998736994,0.0,1.5893435312907095e-05,0.0,0.0,0.0,80.95909509622817,39.12849807739247,37.21696033549998,0,feet,0.0,-1.7918345480705256e-05,-5.8879923933830014e-05,-39.1205665593177,63.70001399999999,9.599998240126752,-39.12849807739248,59.980312244891614,0.0,1,2.842170943040401e-14,0.0,-1.7918345481149345e-05,-5.8879930970423544e-05,-39.12056655931771,-63.70001399999998,9.599998240126723,-39.128498077392464,-59.98031224489162,0.0,1,0.0,0.0,4.8304448521552246e-05,-0.00012395702756728966,73.55459500476358,63.70001399999999,9.599998590902288,73.54710006713898,59.980312244891614,0.0,1,4.263256414560601e-14,0.0,4.8304448521552246e-05,-0.00012395702756728966,73.55459500476358,-63.70001399999998,9.599998590902288,73.54710006713898,-59.98031224489162,0.0,1,4.263256414560601e-14
6.475,6475000,return_to_standing,0.0,0.0,80.96066268852447,0.9999999999770595,0.0,6.773553013768119e-06,0.0,0.0,0.0,80.96066268852447,39.12849807739247,37.220357105808354,0,feet,0.0,-7.636672412214551e-06,-2.509414929541265e-05,-39.120515010460984,63.70001399999999,9.599998197398662,-39.12849807739248,59.980312244891614,0.0,1,0.0,0.0,-7.63667241265864e-06,-2.5094152294791172e-05,-39.12051501046094,-63.70001399999998,9.599998197398662,-39.128498077392464,-59.98031224489162,0.0,1,0.0,0.0,2.0587543740013814e-05,-5.2830616308341405e-05,73.55489706571345,63.70001399999999,9.599998350324228,73.54710006713898,59.980312244891614,0.0,1,-2.842170943040401e-14,0.0,2.0587543740013814e-05,-5.2830616308341405e-05,73.55489706571345,-63.70001399999998,9.599998350324228,73.54710006713898,-59.98031224489162,0.0,1,-2.842170943040401e-14
6.483333333333333,6483333,return_to_standing,0.0,0.0,80.9614784941541,0.9999999999979449,0.0,2.0273882493710435e-06,0.0,0.0,0.0,80.9614784941541,39.11558723449706,37.22212485713733,0,feet,0.0,-2.2860212829378668e-06,-7.510705692492792e-06,-39.12048818090775,63.70001399999999,9.59999816134075,-39.11558723449707,59.96905316591212,0.0,1,-1.3709779977943981e-08,0.0,-2.286021283381956e-06,-7.510706589552996e-06,-39.12048818090777,-63.70001399999998,9.599998161340693,-39.11558723449705,-59.96905316591213,0.0,1,-1.3709836821362842e-08,0.0,6.162164361001032e-06,-1.581298124753161e-05,73.55505426930692,63.70001399999999,9.599998221358305,73.54710006713898,59.980312244891614,0.0,1,-1.4210854715202004e-14,0.0,6.162164361001032e-06,-1.581298124753161e-05,73.55505426930692,-63.70001399999998,9.599998221358305,73.54710006713898,-59.98031224489162,0.0,1,-1.4210854715202004e-14
6.491666666666666,6491667,return_to_standing,0.0,0.0,80.96178297533928,0.9999999999999672,0.0,2.559885187537414e-07,0.0,0.0,0.0,80.96178297533928,39.11558723449706,37.222784631750464,0,feet,0.0,-2.8864569801001494e-07,-9.483433975887579e-07,-39.120478169493516,63.70001399999999,9.599998166446468,-39.11558723449707,59.96905316591212,0.0,1,-2.4567725631641224e-10,0.0,-2.8864569801001494e-07,-9.483435112755956e-07,-39.120478169493516,-63.70001399999998,9.599998166446468,-39.11558723449705,-59.96905316591213,0.0,1,-2.4567725631641224e-10,0.0,7.778664903312915e-07,-1.9964396709148957e-06,73.55511294411934,63.70001399999999,9.599998162861823,73.56001091003418,59.96905316591212,0.0,1,-9.701423664409958e-09,0.0,7.778664903312915e-07,-1.9964396709148957e-06,73.55511294411934,-63.70001399999998,9.599998162861823,73.56001091003418,-59.96905316591213,0.0,1,-9.701423664409958e-09
6.5,6500000,return_to_standing,0.0,0.0,80.96182697652446,1.0,0.0,0.0,0.0,0.0,0.0,80.96182697652446,39.11558723449706,37.2228799771451,0,feet,0.0,0.0,0.0,-39.120476722717285,63.70001399999999,9.599998167183458,-39.11558723449707,59.96905316591212,0.0,1,0.0,0.0,0.0,0.0,-39.12047672271727,-63.70001399999998,9.599998167183486,-39.11558723449705,-59.96905316591213,0.0,1,2.842170943040401e-14,0.0,0.0,0.0,73.55512142181396,63.70001399999999,9.599998167183458,73.56001091003418,59.96905316591212,0.0,1,0.0,0.0,0.0,0.0,73.55512142181396,-63.70001399999998,9.599998167183458,73.56001091003418,-59.96905316591213,0.0,1,0.0
6.508333333333334,6508333,hold_standing,0.0,0.0,80.96182697652446,1.0,0.0,0.0,0.0,0.0,0.0,80.96182697652446,39.11558723449706,37.2228799771451,0,feet,0.0,0.0,0.0,-39.120476722717285,63.70001399999999,9.599998167183458,-39.11558723449707,59.96905316591212,0.0,1,0.0,0.0,0.0,0.0,-39.12047672271727,-63.70001399999998,9.599998167183486,-39.11558723449705,-59.96905316591213,0.0,1,2.842170943040401e-14,0.0,0.0,0.0,73.55512142181396,63.70001399999999,9.599998167183458,73.56001091003418,59.96905316591212,0.0,1,0.0,0.0,0.0,0.0,73.55512142181396,-63.70001399999998,9.599998167183458,73.56001091003418,-59.96905316591213,0.0,1,0.0
6.516666666666667,6516667,hold_standing,0.0,0.0,80.96182697652446,1.0,0.0,0.0,0.0,0.0,0.0,80.96182697652446,39.11558723449706,37.2228799771451,0,feet,0.0,0.0,0.0,-39.120476722717285,63.70001399999999,9.599998167183458,-39.11558723449707,59.96905316591212,0.0,1,0.0,0.0,0.0,0.0,-39.12047672271727,-63.70001399999998,9.599998167183486,-39.11558723449705,-59.96905316591213,0.0,1,2.842170943040401e-14,0.0,0.0,0.0,73.55512142181396,63.70001399999999,9.599998167183458,73.56001091003418,59.96905316591212,0.0,1,0.0,0.0,0.0,0.0,73.55512142181396,-63.70001399999998,9.599998167183458,73.56001091003418,-59.96905316591213,0.0,1,0.0
6.525,6525000,hold_standing,0.0,0.0,80.96182697652446,1.0,0.0,0.0,0.0,0.0,0.0,80.96182697652446,39.11558723449706,37.2228799771451,0,feet,0.0,0.0,0.0,-39.120476722717285,63.70001399999999,9.599998167183458,-39.11558723449707,59.96905316591212,0.0,1,0.0,0.0,0.0,0.0,-39.12047672271727,-63.70001399999998,9.599998167183486,-39.11558723449705,-59.96905316591213,0.0,1,2.842170943040401e-14,0.0,0.0,0.0,73.55512142181396,63.70001399999999,9.599998167183458,73.56001091003418,59.96905316591212,0.0,1,0.0,0.0,0.0,0.0,73.55512142181396,-63.70001399999998,9.599998167183458,73.56001091003418,-59.96905316591213,0.0,1,0.0
6.533333333333333,6533333,hold_standing,0.0,0.0,80.96182697652446,1.0,0.0,0.0,0.0,0.0,0.0,80.96182697652446,39.11558723449706,37.2228799771451,0,feet,0.0,0.0,0.0,-39.120476722717285,63.70001399999999,9.599998167183458,-39.11558723449707,59.96905316591212,0.0,1,0.0,0.0,0.0,0.0,-39.12047672271727,-63.70001399999998,9.599998167183486,-39.11558723449705,-59.96905316591213,0.0,1,2.842170943040401e-14,0.0,0.0,0.0,73.55512142181396,63.70001399999999,9.599998167183458,73.56001091003418,59.96905316591212,0.0,1,0.0,0.0,0.0,0.0,73.55512142181396,-63.70001399999998,9.599998167183458,73.56001091003418,-59.96905316591213,0.0,1,0.0
6.541666666666667,6541667,hold_standing,0.0,0.0,80.96182697652446,1.0,0.0,0.0,0.0,0.0,0.0,80.96182697652446,39.11558723449706,37.2228799771451,0,feet,0.0,0.0,0.0,-39.120476722717285,63.70001399999999,9.599998167183458,-39.11558723449707,59.96905316591212,0.0,1,0.0,0.0,0.0,0.0,-39.12047672271727,-63.70001399999998,9.599998167183486,-39.11558723449705,-59.96905316591213,0.0,1,2.842170943040401e-14,0.0,0.0,0.0,73.55512142181396,63.70001399999999,9.599998167183458,73.56001091003418,59.96905316591212,0.0,1,0.0,0.0,0.0,0.0,73.55512142181396,-63.70001399999998,9.599998167183458,73.56001091003418,-59.96905316591213,0.0,1,0.0
6.55,6550000,hold_standing,0.0,0.0,80.96182697652446,1.0,0.0,0.0,0.0,0.0,0.0,80.96182697652446,39.11558723449706,37.2228799771451,0,feet,0.0,0.0,0.0,-39.120476722717285,63.70001399999999,9.599998167183458,-39.11558723449707,59.96905316591212,0.0,1,0.0,0.0,0.0,0.0,-39.12047672271727,-63.70001399999998,9.599998167183486,-39.11558723449705,-59.96905316591213,0.0,1,2.842170943040401e-14,0.0,0.0,0.0,73.55512142181396,63.70001399999999,9.599998167183458,73.56001091003418,59.96905316591212,0.0,1,0.0,0.0,0.0,0.0,73.55512142181396,-63.70001399999998,9.599998167183458,73.56001091003418,-59.96905316591213,0.0,1,0.0
6.558333333333334,6558333,hold_standing,0.0,0.0,80.96182697652446,1.0,0.0,0.0,0.0,0.0,0.0,80.96182697652446,39.11558723449706,37.2228799771451,0,feet,0.0,0.0,0.0,-39.120476722717285,63.70001399999999,9.599998167183458,-39.11558723449707,59.96905316591212,0.0,1,0.0,0.0,0.0,0.0,-39.12047672271727,-63.70001399999998,9.599998167183486,-39.11558723449705,-59.96905316591213,0.0,1,2.842170943040401e-14,0.0,0.0,0.0,73.55512142181396,63.70001399999999,9.599998167183458,73.56001091003418,59.96905316591212,0.0,1,0.0,0.0,0.0,0.0,73.55512142181396,-63.70001399999998,9.599998167183458,73.56001091003418,-59.96905316591213,0.0,1,0.0
6.566666666666666,6566667,hold_standing,0.0,0.0,80.96182697652446,1.0,0.0,0.0,0.0,0.0,0.0,80.96182697652446,39.11558723449706,37.2228799771451,0,feet,0.0,0.0,0.0,-39.120476722717285,63.70001399999999,9.599998167183458,-39.11558723449707,59.96905316591212,0.0,1,0.0,0.0,0.0,0.0,-39.12047672271727,-63.70001399999998,9.599998167183486,-39.11558723449705,-59.96905316591213,0.0,1,2.842170943040401e-14,0.0,0.0,0.0,73.55512142181396,63.70001399999999,9.599998167183458,73.56001091003418,59.96905316591212,0.0,1,0.0,0.0,0.0,0.0,73.55512142181396,-63.70001399999998,9.599998167183458,73.56001091003418,-59.96905316591213,0.0,1,0.0
6.575,6575000,hold_standing,0.0,0.0,80.96182697652446,1.0,0.0,0.0,0.0,0.0,0.0,80.96182697652446,39.11558723449706,37.2228799771451,0,feet,0.0,0.0,0.0,-39.120476722717285,63.70001399999999,9.599998167183458,-39.11558723449707,59.96905316591212,0.0,1,0.0,0.0,0.0,0.0,-39.12047672271727,-63.70001399999998,9.599998167183486,-39.11558723449705,-59.96905316591213,0.0,1,2.842170943040401e-14,0.0,0.0,0.0,73.55512142181396,63.70001399999999,9.599998167183458,73.56001091003418,59.96905316591212,0.0,1,0.0,0.0,0.0,0.0,73.55512142181396,-63.70001399999998,9.599998167183458,73.56001091003418,-59.96905316591213,0.0,1,0.0
6.583333333333333,6583333,hold_standing,0.0,0.0,80.96182697652446,1.0,0.0,0.0,0.0,0.0,0.0,80.96182697652446,39.11558723449706,37.2228799771451,0,feet,0.0,0.0,0.0,-39.120476722717285,63.70001399999999,9.599998167183458,-39.11558723449707,59.96905316591212,0.0,1,0.0,0.0,0.0,0.0,-39.12047672271727,-63.70001399999998,9.599998167183486,-39.11558723449705,-59.96905316591213,0.0,1,2.842170943040401e-14,0.0,0.0,0.0,73.55512142181396,63.70001399999999,9.599998167183458,73.56001091003418,59.96905316591212,0.0,1,0.0,0.0,0.0,0.0,73.55512142181396,-63.70001399999998,9.599998167183458,73.56001091003418,-59.96905316591213,0.0,1,0.0
6.591666666666667,6591667,hold_standing,0.0,0.0,80.96182697652446,1.0,0.0,0.0,0.0,0.0,0.0,80.96182697652446,39.11558723449706,37.2228799771451,0,feet,0.0,0.0,0.0,-39.120476722717285,63.70001399999999,9.599998167183458,-39.11558723449707,59.96905316591212,0.0,1,0.0,0.0,0.0,0.0,-39.12047672271727,-63.70001399999998,9.599998167183486,-39.11558723449705,-59.96905316591213,0.0,1,2.842170943040401e-14,0.0,0.0,0.0,73.55512142181396,63.70001399999999,9.599998167183458,73.56001091003418,59.96905316591212,0.0,1,0.0,0.0,0.0,0.0,73.55512142181396,-63.70001399999998,9.599998167183458,73.56001091003418,-59.96905316591213,0.0,1,0.0
6.6,6600000,hold_standing,0.0,0.0,80.96182697652446,1.0,0.0,0.0,0.0,0.0,0.0,80.96182697652446,39.11558723449706,37.2228799771451,0,feet,0.0,0.0,0.0,-39.120476722717285,63.70001399999999,9.599998167183458,-39.11558723449707,59.96905316591212,0.0,1,0.0,0.0,0.0,0.0,-39.12047672271727,-63.70001399999998,9.599998167183486,-39.11558723449705,-59.96905316591213,0.0,1,2.842170943040401e-14,0.0,0.0,0.0,73.55512142181396,63.70001399999999,9.599998167183458,73.56001091003418,59.96905316591212,0.0,1,0.0,0.0,0.0,0.0,73.55512142181396,-63.70001399999998,9.599998167183458,73.56001091003418,-59.96905316591213,0.0,1,0.0
6.608333333333333,6608333,hold_standing,0.0,0.0,80.96182697652446,1.0,0.0,0.0,0.0,0.0,0.0,80.96182697652446,39.11558723449706,37.2228799771451,0,feet,0.0,0.0,0.0,-39.120476722717285,63.70001399999999,9.599998167183458,-39.11558723449707,59.96905316591212,0.0,1,0.0,0.0,0.0,0.0,-39.12047672271727,-63.70001399999998,9.599998167183486,-39.11558723449705,-59.96905316591213,0.0,1,2.842170943040401e-14,0.0,0.0,0.0,73.55512142181396,63.70001399999999,9.599998167183458,73.56001091003418,59.96905316591212,0.0,1,0.0,0.0,0.0,0.0,73.55512142181396,-63.70001399999998,9.599998167183458,73.56001091003418,-59.96905316591213,0.0,1,0.0
6.616666666666666,6616667,hold_standing,0.0,0.0,80.96182697652446,1.0,0.0,0.0,0.0,0.0,0.0,80.96182697652446,39.11558723449706,37.2228799771451,0,feet,0.0,0.0,0.0,-39.120476722717285,63.70001399999999,9.599998167183458,-39.11558723449707,59.96905316591212,0.0,1,0.0,0.0,0.0,0.0,-39.12047672271727,-63.70001399999998,9.599998167183486,-39.11558723449705,-59.96905316591213,0.0,1,2.842170943040401e-14,0.0,0.0,0.0,73.55512142181396,63.70001399999999,9.599998167183458,73.56001091003418,59.96905316591212,0.0,1,0.0,0.0,0.0,0.0,73.55512142181396,-63.70001399999998,9.599998167183458,73.56001091003418,-59.96905316591213,0.0,1,0.0
6.625,6625000,hold_standing,0.0,0.0,80.96182697652446,1.0,0.0,0.0,0.0,0.0,0.0,80.96182697652446,39.11558723449706,37.2228799771451,0,feet,0.0,0.0,0.0,-39.120476722717285,63.70001399999999,9.599998167183458,-39.11558723449707,59.96905316591212,0.0,1,0.0,0.0,0.0,0.0,-39.12047672271727,-63.70001399999998,9.599998167183486,-39.11558723449705,-59.96905316591213,0.0,1,2.842170943040401e-14,0.0,0.0,0.0,73.55512142181396,63.70001399999999,9.599998167183458,73.56001091003418,59.96905316591212,0.0,1,0.0,0.0,0.0,0.0,73.55512142181396,-63.70001399999998,9.599998167183458,73.56001091003418,-59.96905316591213,0.0,1,0.0
6.633333333333334,6633333,hold_standing,0.0,0.0,80.96182697652446,1.0,0.0,0.0,0.0,0.0,0.0,80.96182697652446,39.11558723449706,37.2228799771451,0,feet,0.0,0.0,0.0,-39.120476722717285,63.70001399999999,9.599998167183458,-39.11558723449707,59.96905316591212,0.0,1,0.0,0.0,0.0,0.0,-39.12047672271727,-63.70001399999998,9.599998167183486,-39.11558723449705,-59.96905316591213,0.0,1,2.842170943040401e-14,0.0,0.0,0.0,73.55512142181396,63.70001399999999,9.599998167183458,73.56001091003418,59.96905316591212,0.0,1,0.0,0.0,0.0,0.0,73.55512142181396,-63.70001399999998,9.599998167183458,73.56001091003418,-59.96905316591213,0.0,1,0.0
6.641666666666667,6641667,hold_standing,0.0,0.0,80.96182697652446,1.0,0.0,0.0,0.0,0.0,0.0,80.96182697652446,39.11558723449706,37.2228799771451,0,feet,0.0,0.0,0.0,-39.120476722717285,63.70001399999999,9.599998167183458,-39.11558723449707,59.96905316591212,0.0,1,0.0,0.0,0.0,0.0,-39.12047672271727,-63.70001399999998,9.599998167183486,-39.11558723449705,-59.96905316591213,0.0,1,2.842170943040401e-14,0.0,0.0,0.0,73.55512142181396,63.70001399999999,9.599998167183458,73.56001091003418,59.96905316591212,0.0,1,0.0,0.0,0.0,0.0,73.55512142181396,-63.70001399999998,9.599998167183458,73.56001091003418,-59.96905316591213,0.0,1,0.0
6.65,6650000,hold_standing,0.0,0.0,80.96182697652446,1.0,0.0,0.0,0.0,0.0,0.0,80.96182697652446,39.11558723449706,37.2228799771451,0,feet,0.0,0.0,0.0,-39.120476722717285,63.70001399999999,9.599998167183458,-39.11558723449707,59.96905316591212,0.0,1,0.0,0.0,0.0,0.0,-39.12047672271727,-63.70001399999998,9.599998167183486,-39.11558723449705,-59.96905316591213,0.0,1,2.842170943040401e-14,0.0,0.0,0.0,73.55512142181396,63.70001399999999,9.599998167183458,73.56001091003418,59.96905316591212,0.0,1,0.0,0.0,0.0,0.0,73.55512142181396,-63.70001399999998,9.599998167183458,73.56001091003418,-59.96905316591213,0.0,1,0.0
6.658333333333333,6658333,hold_standing,0.0,0.0,80.96182697652446,1.0,0.0,0.0,0.0,0.0,0.0,80.96182697652446,39.11558723449706,37.2228799771451,0,feet,0.0,0.0,0.0,-39.120476722717285,63.70001399999999,9.599998167183458,-39.11558723449707,59.96905316591212,0.0,1,0.0,0.0,0.0,0.0,-39.12047672271727,-63.70001399999998,9.599998167183486,-39.11558723449705,-59.96905316591213,0.0,1,2.842170943040401e-14,0.0,0.0,0.0,73.55512142181396,63.70001399999999,9.599998167183458,73.56001091003418,59.96905316591212,0.0,1,0.0,0.0,0.0,0.0,73.55512142181396,-63.70001399999998,9.599998167183458,73.56001091003418,-59.96905316591213,0.0,1,0.0
6.666666666666667,6666667,hold_standing,0.0,0.0,80.96182697652446,1.0,0.0,0.0,0.0,0.0,0.0,80.96182697652446,39.11558723449706,37.2228799771451,0,feet,0.0,0.0,0.0,-39.120476722717285,63.70001399999999,9.599998167183458,-39.11558723449707,59.96905316591212,0.0,1,0.0,0.0,0.0,0.0,-39.12047672271727,-63.70001399999998,9.599998167183486,-39.11558723449705,-59.96905316591213,0.0,1,2.842170943040401e-14,0.0,0.0,0.0,73.55512142181396,63.70001399999999,9.599998167183458,73.56001091003418,59.96905316591212,0.0,1,0.0,0.0,0.0,0.0,73.55512142181396,-63.70001399999998,9.599998167183458,73.56001091003418,-59.96905316591213,0.0,1,0.0
6.675,6675000,hold_standing,0.0,0.0,80.96182697652446,1.0,0.0,0.0,0.0,0.0,0.0,80.96182697652446,39.11558723449706,37.2228799771451,0,feet,0.0,0.0,0.0,-39.120476722717285,63.70001399999999,9.599998167183458,-39.11558723449707,59.96905316591212,0.0,1,0.0,0.0,0.0,0.0,-39.12047672271727,-63.70001399999998,9.599998167183486,-39.11558723449705,-59.96905316591213,0.0,1,2.842170943040401e-14,0.0,0.0,0.0,73.55512142181396,63.70001399999999,9.599998167183458,73.56001091003418,59.96905316591212,0.0,1,0.0,0.0,0.0,0.0,73.55512142181396,-63.70001399999998,9.599998167183458,73.56001091003418,-59.96905316591213,0.0,1,0.0
6.683333333333334,6683333,hold_standing,0.0,0.0,80.96182697652446,1.0,0.0,0.0,0.0,0.0,0.0,80.96182697652446,39.11558723449706,37.2228799771451,0,feet,0.0,0.0,0.0,-39.120476722717285,63.70001399999999,9.599998167183458,-39.11558723449707,59.96905316591212,0.0,1,0.0,0.0,0.0,0.0,-39.12047672271727,-63.70001399999998,9.599998167183486,-39.11558723449705,-59.96905316591213,0.0,1,2.842170943040401e-14,0.0,0.0,0.0,73.55512142181396,63.70001399999999,9.599998167183458,73.56001091003418,59.96905316591212,0.0,1,0.0,0.0,0.0,0.0,73.55512142181396,-63.70001399999998,9.599998167183458,73.56001091003418,-59.96905316591213,0.0,1,0.0
6.691666666666666,6691667,hold_standing,0.0,0.0,80.96182697652446,1.0,0.0,0.0,0.0,0.0,0.0,80.96182697652446,39.11558723449706,37.2228799771451,0,feet,0.0,0.0,0.0,-39.120476722717285,63.70001399999999,9.599998167183458,-39.11558723449707,59.96905316591212,0.0,1,0.0,0.0,0.0,0.0,-39.12047672271727,-63.70001399999998,9.599998167183486,-39.11558723449705,-59.96905316591213,0.0,1,2.842170943040401e-14,0.0,0.0,0.0,73.55512142181396,63.70001399999999,9.599998167183458,73.56001091003418,59.96905316591212,0.0,1,0.0,0.0,0.0,0.0,73.55512142181396,-63.70001399999998,9.599998167183458,73.56001091003418,-59.96905316591213,0.0,1,0.0
6.7,6700000,hold_standing,0.0,0.0,80.96182697652446,1.0,0.0,0.0,0.0,0.0,0.0,80.96182697652446,39.11558723449706,37.2228799771451,0,feet,0.0,0.0,0.0,-39.120476722717285,63.70001399999999,9.599998167183458,-39.11558723449707,59.96905316591212,0.0,1,0.0,0.0,0.0,0.0,-39.12047672271727,-63.70001399999998,9.599998167183486,-39.11558723449705,-59.96905316591213,0.0,1,2.842170943040401e-14,0.0,0.0,0.0,73.55512142181396,63.70001399999999,9.599998167183458,73.56001091003418,59.96905316591212,0.0,1,0.0,0.0,0.0,0.0,73.55512142181396,-63.70001399999998,9.599998167183458,73.56001091003418,-59.96905316591213,0.0,1,0.0
6.708333333333333,6708333,hold_standing,0.0,0.0,80.96182697652446,1.0,0.0,0.0,0.0,0.0,0.0,80.96182697652446,39.11558723449706,37.2228799771451,0,feet,0.0,0.0,0.0,-39.120476722717285,63.70001399999999,9.599998167183458,-39.11558723449707,59.96905316591212,0.0,1,0.0,0.0,0.0,0.0,-39.12047672271727,-63.70001399999998,9.599998167183486,-39.11558723449705,-59.96905316591213,0.0,1,2.842170943040401e-14,0.0,0.0,0.0,73.55512142181396,63.70001399999999,9.599998167183458,73.56001091003418,59.96905316591212,0.0,1,0.0,0.0,0.0,0.0,73.55512142181396,-63.70001399999998,9.599998167183458,73.56001091003418,-59.96905316591213,0.0,1,0.0
6.716666666666667,6716667,hold_standing,0.0,0.0,80.96182697652446,1.0,0.0,0.0,0.0,0.0,0.0,80.96182697652446,39.11558723449706,37.2228799771451,0,feet,0.0,0.0,0.0,-39.120476722717285,63.70001399999999,9.599998167183458,-39.11558723449707,59.96905316591212,0.0,1,0.0,0.0,0.0,0.0,-39.12047672271727,-63.70001399999998,9.599998167183486,-39.11558723449705,-59.96905316591213,0.0,1,2.842170943040401e-14,0.0,0.0,0.0,73.55512142181396,63.70001399999999,9.599998167183458,73.56001091003418,59.96905316591212,0.0,1,0.0,0.0,0.0,0.0,73.55512142181396,-63.70001399999998,9.599998167183458,73.56001091003418,-59.96905316591213,0.0,1,0.0
6.725,6725000,hold_standing,0.0,0.0,80.96182697652446,1.0,0.0,0.0,0.0,0.0,0.0,80.96182697652446,39.11558723449706,37.2228799771451,0,feet,0.0,0.0,0.0,-39.120476722717285,63.70001399999999,9.599998167183458,-39.11558723449707,59.96905316591212,0.0,1,0.0,0.0,0.0,0.0,-39.12047672271727,-63.70001399999998,9.599998167183486,-39.11558723449705,-59.96905316591213,0.0,1,2.842170943040401e-14,0.0,0.0,0.0,73.55512142181396,63.70001399999999,9.599998167183458,73.56001091003418,59.96905316591212,0.0,1,0.0,0.0,0.0,0.0,73.55512142181396,-63.70001399999998,9.599998167183458,73.56001091003418,-59.96905316591213,0.0,1,0.0
6.733333333333333,6733333,hold_standing,0.0,0.0,80.96182697652446,1.0,0.0,0.0,0.0,0.0,0.0,80.96182697652446,39.11558723449706,37.2228799771451,0,feet,0.0,0.0,0.0,-39.120476722717285,63.70001399999999,9.599998167183458,-39.11558723449707,59.96905316591212,0.0,1,0.0,0.0,0.0,0.0,-39.12047672271727,-63.70001399999998,9.599998167183486,-39.11558723449705,-59.96905316591213,0.0,1,2.842170943040401e-14,0.0,0.0,0.0,73.55512142181396,63.70001399999999,9.599998167183458,73.56001091003418,59.96905316591212,0.0,1,0.0,0.0,0.0,0.0,73.55512142181396,-63.70001399999998,9.599998167183458,73.56001091003418,-59.96905316591213,0.0,1,0.0
6.741666666666666,6741667,hold_standing,0.0,0.0,80.96182697652446,1.0,0.0,0.0,0.0,0.0,0.0,80.96182697652446,39.11558723449706,37.2228799771451,0,feet,0.0,0.0,0.0,-39.120476722717285,63.70001399999999,9.599998167183458,-39.11558723449707,59.96905316591212,0.0,1,0.0,0.0,0.0,0.0,-39.12047672271727,-63.70001399999998,9.599998167183486,-39.11558723449705,-59.96905316591213,0.0,1,2.842170943040401e-14,0.0,0.0,0.0,73.55512142181396,63.70001399999999,9.599998167183458,73.56001091003418,59.96905316591212,0.0,1,0.0,0.0,0.0,0.0,73.55512142181396,-63.70001399999998,9.599998167183458,73.56001091003418,-59.96905316591213,0.0,1,0.0
6.75,6750000,hold_standing,0.0,0.0,80.96182697652446,1.0,0.0,0.0,0.0,0.0,0.0,80.96182697652446,39.11558723449706,37.2228799771451,0,feet,0.0,0.0,0.0,-39.120476722717285,63.70001399999999,9.599998167183458,-39.11558723449707,59.96905316591212,0.0,1,0.0,0.0,0.0,0.0,-39.12047672271727,-63.70001399999998,9.599998167183486,-39.11558723449705,-59.96905316591213,0.0,1,2.842170943040401e-14,0.0,0.0,0.0,73.55512142181396,63.70001399999999,9.599998167183458,73.56001091003418,59.96905316591212,0.0,1,0.0,0.0,0.0,0.0,73.55512142181396,-63.70001399999998,9.599998167183458,73.56001091003418,-59.96905316591213,0.0,1,0.0
6.758333333333334,6758333,hold_standing,0.0,0.0,80.96182697652446,1.0,0.0,0.0,0.0,0.0,0.0,80.96182697652446,39.11558723449706,37.2228799771451,0,feet,0.0,0.0,0.0,-39.120476722717285,63.70001399999999,9.599998167183458,-39.11558723449707,59.96905316591212,0.0,1,0.0,0.0,0.0,0.0,-39.12047672271727,-63.70001399999998,9.599998167183486,-39.11558723449705,-59.96905316591213,0.0,1,2.842170943040401e-14,0.0,0.0,0.0,73.55512142181396,63.70001399999999,9.599998167183458,73.56001091003418,59.96905316591212,0.0,1,0.0,0.0,0.0,0.0,73.55512142181396,-63.70001399999998,9.599998167183458,73.56001091003418,-59.96905316591213,0.0,1,0.0
6.766666666666667,6766667,hold_standing,0.0,0.0,80.96182697652446,1.0,0.0,0.0,0.0,0.0,0.0,80.96182697652446,39.11558723449706,37.2228799771451,0,feet,0.0,0.0,0.0,-39.120476722717285,63.70001399999999,9.599998167183458,-39.11558723449707,59.96905316591212,0.0,1,0.0,0.0,0.0,0.0,-39.12047672271727,-63.70001399999998,9.599998167183486,-39.11558723449705,-59.96905316591213,0.0,1,2.842170943040401e-14,0.0,0.0,0.0,73.55512142181396,63.70001399999999,9.599998167183458,73.56001091003418,59.96905316591212,0.0,1,0.0,0.0,0.0,0.0,73.55512142181396,-63.70001399999998,9.599998167183458,73.56001091003418,-59.96905316591213,0.0,1,0.0
6.775,6775000,hold_standing,0.0,0.0,80.96182697652446,1.0,0.0,0.0,0.0,0.0,0.0,80.96182697652446,39.11558723449706,37.2228799771451,0,feet,0.0,0.0,0.0,-39.120476722717285,63.70001399999999,9.599998167183458,-39.11558723449707,59.96905316591212,0.0,1,0.0,0.0,0.0,0.0,-39.12047672271727,-63.70001399999998,9.599998167183486,-39.11558723449705,-59.96905316591213,0.0,1,2.842170943040401e-14,0.0,0.0,0.0,73.55512142181396,63.70001399999999,9.599998167183458,73.56001091003418,59.96905316591212,0.0,1,0.0,0.0,0.0,0.0,73.55512142181396,-63.70001399999998,9.599998167183458,73.56001091003418,-59.96905316591213,0.0,1,0.0
6.783333333333333,6783333,hold_standing,0.0,0.0,80.96182697652446,1.0,0.0,0.0,0.0,0.0,0.0,80.96182697652446,39.11558723449706,37.2228799771451,0,feet,0.0,0.0,0.0,-39.120476722717285,63.70001399999999,9.599998167183458,-39.11558723449707,59.96905316591212,0.0,1,0.0,0.0,0.0,0.0,-39.12047672271727,-63.70001399999998,9.599998167183486,-39.11558723449705,-59.96905316591213,0.0,1,2.842170943040401e-14,0.0,0.0,0.0,73.55512142181396,63.70001399999999,9.599998167183458,73.56001091003418,59.96905316591212,0.0,1,0.0,0.0,0.0,0.0,73.55512142181396,-63.70001399999998,9.599998167183458,73.56001091003418,-59.96905316591213,0.0,1,0.0
6.791666666666667,6791667,hold_standing,0.0,0.0,80.96182697652446,1.0,0.0,0.0,0.0,0.0,0.0,80.96182697652446,39.11558723449706,37.2228799771451,0,feet,0.0,0.0,0.0,-39.120476722717285,63.70001399999999,9.599998167183458,-39.11558723449707,59.96905316591212,0.0,1,0.0,0.0,0.0,0.0,-39.12047672271727,-63.70001399999998,9.599998167183486,-39.11558723449705,-59.96905316591213,0.0,1,2.842170943040401e-14,0.0,0.0,0.0,73.55512142181396,63.70001399999999,9.599998167183458,73.56001091003418,59.96905316591212,0.0,1,0.0,0.0,0.0,0.0,73.55512142181396,-63.70001399999998,9.599998167183458,73.56001091003418,-59.96905316591213,0.0,1,0.0
6.8,6800000,hold_standing,0.0,0.0,80.96182697652446,1.0,0.0,0.0,0.0,0.0,0.0,80.96182697652446,39.11558723449706,37.2228799771451,0,feet,0.0,0.0,0.0,-39.120476722717285,63.70001399999999,9.599998167183458,-39.11558723449707,59.96905316591212,0.0,1,0.0,0.0,0.0,0.0,-39.12047672271727,-63.70001399999998,9.599998167183486,-39.11558723449705,-59.96905316591213,0.0,1,2.842170943040401e-14,0.0,0.0,0.0,73.55512142181396,63.70001399999999,9.599998167183458,73.56001091003418,59.96905316591212,0.0,1,0.0,0.0,0.0,0.0,73.55512142181396,-63.70001399999998,9.599998167183458,73.56001091003418,-59.96905316591213,0.0,1,0.0
6.808333333333334,6808333,hold_standing,0.0,0.0,80.96182697652446,1.0,0.0,0.0,0.0,0.0,0.0,80.96182697652446,39.11558723449706,37.2228799771451,0,feet,0.0,0.0,0.0,-39.120476722717285,63.70001399999999,9.599998167183458,-39.11558723449707,59.96905316591212,0.0,1,0.0,0.0,0.0,0.0,-39.12047672271727,-63.70001399999998,9.599998167183486,-39.11558723449705,-59.96905316591213,0.0,1,2.842170943040401e-14,0.0,0.0,0.0,73.55512142181396,63.70001399999999,9.599998167183458,73.56001091003418,59.96905316591212,0.0,1,0.0,0.0,0.0,0.0,73.55512142181396,-63.70001399999998,9.599998167183458,73.56001091003418,-59.96905316591213,0.0,1,0.0
6.816666666666666,6816667,hold_standing,0.0,0.0,80.96182697652446,1.0,0.0,0.0,0.0,0.0,0.0,80.96182697652446,39.11558723449706,37.2228799771451,0,feet,0.0,0.0,0.0,-39.120476722717285,63.70001399999999,9.599998167183458,-39.11558723449707,59.96905316591212,0.0,1,0.0,0.0,0.0,0.0,-39.12047672271727,-63.70001399999998,9.599998167183486,-39.11558723449705,-59.96905316591213,0.0,1,2.842170943040401e-14,0.0,0.0,0.0,73.55512142181396,63.70001399999999,9.599998167183458,73.56001091003418,59.96905316591212,0.0,1,0.0,0.0,0.0,0.0,73.55512142181396,-63.70001399999998,9.599998167183458,73.56001091003418,-59.96905316591213,0.0,1,0.0
6.825,6825000,hold_standing,0.0,0.0,80.96182697652446,1.0,0.0,0.0,0.0,0.0,0.0,80.96182697652446,39.11558723449706,37.2228799771451,0,feet,0.0,0.0,0.0,-39.120476722717285,63.70001399999999,9.599998167183458,-39.11558723449707,59.96905316591212,0.0,1,0.0,0.0,0.0,0.0,-39.12047672271727,-63.70001399999998,9.599998167183486,-39.11558723449705,-59.96905316591213,0.0,1,2.842170943040401e-14,0.0,0.0,0.0,73.55512142181396,63.70001399999999,9.599998167183458,73.56001091003418,59.96905316591212,0.0,1,0.0,0.0,0.0,0.0,73.55512142181396,-63.70001399999998,9.599998167183458,73.56001091003418,-59.96905316591213,0.0,1,0.0
6.833333333333333,6833333,hold_standing,0.0,0.0,80.96182697652446,1.0,0.0,0.0,0.0,0.0,0.0,80.96182697652446,39.11558723449706,37.2228799771451,0,feet,0.0,0.0,0.0,-39.120476722717285,63.70001399999999,9.599998167183458,-39.11558723449707,59.96905316591212,0.0,1,0.0,0.0,0.0,0.0,-39.12047672271727,-63.70001399999998,9.599998167183486,-39.11558723449705,-59.96905316591213,0.0,1,2.842170943040401e-14,0.0,0.0,0.0,73.55512142181396,63.70001399999999,9.599998167183458,73.56001091003418,59.96905316591212,0.0,1,0.0,0.0,0.0,0.0,73.55512142181396,-63.70001399999998,9.599998167183458,73.56001091003418,-59.96905316591213,0.0,1,0.0
6.841666666666667,6841667,hold_standing,0.0,0.0,80.96182697652446,1.0,0.0,0.0,0.0,0.0,0.0,80.96182697652446,39.11558723449706,37.2228799771451,0,feet,0.0,0.0,0.0,-39.120476722717285,63.70001399999999,9.599998167183458,-39.11558723449707,59.96905316591212,0.0,1,0.0,0.0,0.0,0.0,-39.12047672271727,-63.70001399999998,9.599998167183486,-39.11558723449705,-59.96905316591213,0.0,1,2.842170943040401e-14,0.0,0.0,0.0,73.55512142181396,63.70001399999999,9.599998167183458,73.56001091003418,59.96905316591212,0.0,1,0.0,0.0,0.0,0.0,73.55512142181396,-63.70001399999998,9.599998167183458,73.56001091003418,-59.96905316591213,0.0,1,0.0
6.85,6850000,hold_standing,0.0,0.0,80.96182697652446,1.0,0.0,0.0,0.0,0.0,0.0,80.96182697652446,39.11558723449706,37.2228799771451,0,feet,0.0,0.0,0.0,-39.120476722717285,63.70001399999999,9.599998167183458,-39.11558723449707,59.96905316591212,0.0,1,0.0,0.0,0.0,0.0,-39.12047672271727,-63.70001399999998,9.599998167183486,-39.11558723449705,-59.96905316591213,0.0,1,2.842170943040401e-14,0.0,0.0,0.0,73.55512142181396,63.70001399999999,9.599998167183458,73.56001091003418,59.96905316591212,0.0,1,0.0,0.0,0.0,0.0,73.55512142181396,-63.70001399999998,9.599998167183458,73.56001091003418,-59.96905316591213,0.0,1,0.0
6.858333333333333,6858333,hold_standing,0.0,0.0,80.96182697652446,1.0,0.0,0.0,0.0,0.0,0.0,80.96182697652446,39.11558723449706,37.2228799771451,0,feet,0.0,0.0,0.0,-39.120476722717285,63.70001399999999,9.599998167183458,-39.11558723449707,59.96905316591212,0.0,1,0.0,0.0,0.0,0.0,-39.12047672271727,-63.70001399999998,9.599998167183486,-39.11558723449705,-59.96905316591213,0.0,1,2.842170943040401e-14,0.0,0.0,0.0,73.55512142181396,63.70001399999999,9.599998167183458,73.56001091003418,59.96905316591212,0.0,1,0.0,0.0,0.0,0.0,73.55512142181396,-63.70001399999998,9.599998167183458,73.56001091003418,-59.96905316591213,0.0,1,0.0
6.866666666666666,6866667,hold_standing,0.0,0.0,80.96182697652446,1.0,0.0,0.0,0.0,0.0,0.0,80.96182697652446,39.11558723449706,37.2228799771451,0,feet,0.0,0.0,0.0,-39.120476722717285,63.70001399999999,9.599998167183458,-39.11558723449707,59.96905316591212,0.0,1,0.0,0.0,0.0,0.0,-39.12047672271727,-63.70001399999998,9.599998167183486,-39.11558723449705,-59.96905316591213,0.0,1,2.842170943040401e-14,0.0,0.0,0.0,73.55512142181396,63.70001399999999,9.599998167183458,73.56001091003418,59.96905316591212,0.0,1,0.0,0.0,0.0,0.0,73.55512142181396,-63.70001399999998,9.599998167183458,73.56001091003418,-59.96905316591213,0.0,1,0.0
6.875,6875000,hold_standing,0.0,0.0,80.96182697652446,1.0,0.0,0.0,0.0,0.0,0.0,80.96182697652446,39.11558723449706,37.2228799771451,0,feet,0.0,0.0,0.0,-39.120476722717285,63.70001399999999,9.599998167183458,-39.11558723449707,59.96905316591212,0.0,1,0.0,0.0,0.0,0.0,-39.12047672271727,-63.70001399999998,9.599998167183486,-39.11558723449705,-59.96905316591213,0.0,1,2.842170943040401e-14,0.0,0.0,0.0,73.55512142181396,63.70001399999999,9.599998167183458,73.56001091003418,59.96905316591212,0.0,1,0.0,0.0,0.0,0.0,73.55512142181396,-63.70001399999998,9.599998167183458,73.56001091003418,-59.96905316591213,0.0,1,0.0
6.883333333333334,6883333,hold_standing,0.0,0.0,80.96182697652446,1.0,0.0,0.0,0.0,0.0,0.0,80.96182697652446,39.11558723449706,37.2228799771451,0,feet,0.0,0.0,0.0,-39.120476722717285,63.70001399999999,9.599998167183458,-39.11558723449707,59.96905316591212,0.0,1,0.0,0.0,0.0,0.0,-39.12047672271727,-63.70001399999998,9.599998167183486,-39.11558723449705,-59.96905316591213,0.0,1,2.842170943040401e-14,0.0,0.0,0.0,73.55512142181396,63.70001399999999,9.599998167183458,73.56001091003418,59.96905316591212,0.0,1,0.0,0.0,0.0,0.0,73.55512142181396,-63.70001399999998,9.599998167183458,73.56001091003418,-59.96905316591213,0.0,1,0.0
6.891666666666667,6891667,hold_standing,0.0,0.0,80.96182697652446,1.0,0.0,0.0,0.0,0.0,0.0,80.96182697652446,39.11558723449706,37.2228799771451,0,feet,0.0,0.0,0.0,-39.120476722717285,63.70001399999999,9.599998167183458,-39.11558723449707,59.96905316591212,0.0,1,0.0,0.0,0.0,0.0,-39.12047672271727,-63.70001399999998,9.599998167183486,-39.11558723449705,-59.96905316591213,0.0,1,2.842170943040401e-14,0.0,0.0,0.0,73.55512142181396,63.70001399999999,9.599998167183458,73.56001091003418,59.96905316591212,0.0,1,0.0,0.0,0.0,0.0,73.55512142181396,-63.70001399999998,9.599998167183458,73.56001091003418,-59.96905316591213,0.0,1,0.0
6.9,6900000,hold_standing,0.0,0.0,80.96182697652446,1.0,0.0,0.0,0.0,0.0,0.0,80.96182697652446,39.11558723449706,37.2228799771451,0,feet,0.0,0.0,0.0,-39.120476722717285,63.70001399999999,9.599998167183458,-39.11558723449707,59.96905316591212,0.0,1,0.0,0.0,0.0,0.0,-39.12047672271727,-63.70001399999998,9.599998167183486,-39.11558723449705,-59.96905316591213,0.0,1,2.842170943040401e-14,0.0,0.0,0.0,73.55512142181396,63.70001399999999,9.599998167183458,73.56001091003418,59.96905316591212,0.0,1,0.0,0.0,0.0,0.0,73.55512142181396,-63.70001399999998,9.599998167183458,73.56001091003418,-59.96905316591213,0.0,1,0.0
6.908333333333333,6908333,hold_standing,0.0,0.0,80.96182697652446,1.0,0.0,0.0,0.0,0.0,0.0,80.96182697652446,39.11558723449706,37.2228799771451,0,feet,0.0,0.0,0.0,-39.120476722717285,63.70001399999999,9.599998167183458,-39.11558723449707,59.96905316591212,0.0,1,0.0,0.0,0.0,0.0,-39.12047672271727,-63.70001399999998,9.599998167183486,-39.11558723449705,-59.96905316591213,0.0,1,2.842170943040401e-14,0.0,0.0,0.0,73.55512142181396,63.70001399999999,9.599998167183458,73.56001091003418,59.96905316591212,0.0,1,0.0,0.0,0.0,0.0,73.55512142181396,-63.70001399999998,9.599998167183458,73.56001091003418,-59.96905316591213,0.0,1,0.0
6.916666666666667,6916667,hold_standing,0.0,0.0,80.96182697652446,1.0,0.0,0.0,0.0,0.0,0.0,80.96182697652446,39.11558723449706,37.2228799771451,0,feet,0.0,0.0,0.0,-39.120476722717285,63.70001399999999,9.599998167183458,-39.11558723449707,59.96905316591212,0.0,1,0.0,0.0,0.0,0.0,-39.12047672271727,-63.70001399999998,9.599998167183486,-39.11558723449705,-59.96905316591213,0.0,1,2.842170943040401e-14,0.0,0.0,0.0,73.55512142181396,63.70001399999999,9.599998167183458,73.56001091003418,59.96905316591212,0.0,1,0.0,0.0,0.0,0.0,73.55512142181396,-63.70001399999998,9.599998167183458,73.56001091003418,-59.96905316591213,0.0,1,0.0
6.925,6925000,hold_standing,0.0,0.0,80.96182697652446,1.0,0.0,0.0,0.0,0.0,0.0,80.96182697652446,39.11558723449706,37.2228799771451,0,feet,0.0,0.0,0.0,-39.120476722717285,63.70001399999999,9.599998167183458,-39.11558723449707,59.96905316591212,0.0,1,0.0,0.0,0.0,0.0,-39.12047672271727,-63.70001399999998,9.599998167183486,-39.11558723449705,-59.96905316591213,0.0,1,2.842170943040401e-14,0.0,0.0,0.0,73.55512142181396,63.70001399999999,9.599998167183458,73.56001091003418,59.96905316591212,0.0,1,0.0,0.0,0.0,0.0,73.55512142181396,-63.70001399999998,9.599998167183458,73.56001091003418,-59.96905316591213,0.0,1,0.0
6.933333333333334,6933333,hold_standing,0.0,0.0,80.96182697652446,1.0,0.0,0.0,0.0,0.0,0.0,80.96182697652446,39.11558723449706,37.2228799771451,0,feet,0.0,0.0,0.0,-39.120476722717285,63.70001399999999,9.599998167183458,-39.11558723449707,59.96905316591212,0.0,1,0.0,0.0,0.0,0.0,-39.12047672271727,-63.70001399999998,9.599998167183486,-39.11558723449705,-59.96905316591213,0.0,1,2.842170943040401e-14,0.0,0.0,0.0,73.55512142181396,63.70001399999999,9.599998167183458,73.56001091003418,59.96905316591212,0.0,1,0.0,0.0,0.0,0.0,73.55512142181396,-63.70001399999998,9.599998167183458,73.56001091003418,-59.96905316591213,0.0,1,0.0
6.941666666666666,6941667,hold_standing,0.0,0.0,80.96182697652446,1.0,0.0,0.0,0.0,0.0,0.0,80.96182697652446,39.11558723449706,37.2228799771451,0,feet,0.0,0.0,0.0,-39.120476722717285,63.70001399999999,9.599998167183458,-39.11558723449707,59.96905316591212,0.0,1,0.0,0.0,0.0,0.0,-39.12047672271727,-63.70001399999998,9.599998167183486,-39.11558723449705,-59.96905316591213,0.0,1,2.842170943040401e-14,0.0,0.0,0.0,73.55512142181396,63.70001399999999,9.599998167183458,73.56001091003418,59.96905316591212,0.0,1,0.0,0.0,0.0,0.0,73.55512142181396,-63.70001399999998,9.599998167183458,73.56001091003418,-59.96905316591213,0.0,1,0.0
6.95,6950000,hold_standing,0.0,0.0,80.96182697652446,1.0,0.0,0.0,0.0,0.0,0.0,80.96182697652446,39.11558723449706,37.2228799771451,0,feet,0.0,0.0,0.0,-39.120476722717285,63.70001399999999,9.599998167183458,-39.11558723449707,59.96905316591212,0.0,1,0.0,0.0,0.0,0.0,-39.12047672271727,-63.70001399999998,9.599998167183486,-39.11558723449705,-59.96905316591213,0.0,1,2.842170943040401e-14,0.0,0.0,0.0,73.55512142181396,63.70001399999999,9.599998167183458,73.56001091003418,59.96905316591212,0.0,1,0.0,0.0,0.0,0.0,73.55512142181396,-63.70001399999998,9.599998167183458,73.56001091003418,-59.96905316591213,0.0,1,0.0
6.958333333333333,6958333,hold_standing,0.0,0.0,80.96182697652446,1.0,0.0,0.0,0.0,0.0,0.0,80.96182697652446,39.11558723449706,37.2228799771451,0,feet,0.0,0.0,0.0,-39.120476722717285,63.70001399999999,9.599998167183458,-39.11558723449707,59.96905316591212,0.0,1,0.0,0.0,0.0,0.0,-39.12047672271727,-63.70001399999998,9.599998167183486,-39.11558723449705,-59.96905316591213,0.0,1,2.842170943040401e-14,0.0,0.0,0.0,73.55512142181396,63.70001399999999,9.599998167183458,73.56001091003418,59.96905316591212,0.0,1,0.0,0.0,0.0,0.0,73.55512142181396,-63.70001399999998,9.599998167183458,73.56001091003418,-59.96905316591213,0.0,1,0.0
6.966666666666667,6966667,hold_standing,0.0,0.0,80.96182697652446,1.0,0.0,0.0,0.0,0.0,0.0,80.96182697652446,39.11558723449706,37.2228799771451,0,feet,0.0,0.0,0.0,-39.120476722717285,63.70001399999999,9.599998167183458,-39.11558723449707,59.96905316591212,0.0,1,0.0,0.0,0.0,0.0,-39.12047672271727,-63.70001399999998,9.599998167183486,-39.11558723449705,-59.96905316591213,0.0,1,2.842170943040401e-14,0.0,0.0,0.0,73.55512142181396,63.70001399999999,9.599998167183458,73.56001091003418,59.96905316591212,0.0,1,0.0,0.0,0.0,0.0,73.55512142181396,-63.70001399999998,9.599998167183458,73.56001091003418,-59.96905316591213,0.0,1,0.0
6.975,6975000,hold_standing,0.0,0.0,80.96182697652446,1.0,0.0,0.0,0.0,0.0,0.0,80.96182697652446,39.11558723449706,37.2228799771451,0,feet,0.0,0.0,0.0,-39.120476722717285,63.70001399999999,9.599998167183458,-39.11558723449707,59.96905316591212,0.0,1,0.0,0.0,0.0,0.0,-39.12047672271727,-63.70001399999998,9.599998167183486,-39.11558723449705,-59.96905316591213,0.0,1,2.842170943040401e-14,0.0,0.0,0.0,73.55512142181396,63.70001399999999,9.599998167183458,73.56001091003418,59.96905316591212,0.0,1,0.0,0.0,0.0,0.0,73.55512142181396,-63.70001399999998,9.599998167183458,73.56001091003418,-59.96905316591213,0.0,1,0.0
6.983333333333333,6983333,hold_standing,0.0,0.0,80.96182697652446,1.0,0.0,0.0,0.0,0.0,0.0,80.96182697652446,39.11558723449706,37.2228799771451,0,feet,0.0,0.0,0.0,-39.120476722717285,63.70001399999999,9.599998167183458,-39.11558723449707,59.96905316591212,0.0,1,0.0,0.0,0.0,0.0,-39.12047672271727,-63.70001399999998,9.599998167183486,-39.11558723449705,-59.96905316591213,0.0,1,2.842170943040401e-14,0.0,0.0,0.0,73.55512142181396,63.70001399999999,9.599998167183458,73.56001091003418,59.96905316591212,0.0,1,0.0,0.0,0.0,0.0,73.55512142181396,-63.70001399999998,9.599998167183458,73.56001091003418,-59.96905316591213,0.0,1,0.0
6.991666666666666,6991667,hold_standing,0.0,0.0,80.96182697652446,1.0,0.0,0.0,0.0,0.0,0.0,80.96182697652446,39.11558723449706,37.2228799771451,0,feet,0.0,0.0,0.0,-39.120476722717285,63.70001399999999,9.599998167183458,-39.11558723449707,59.96905316591212,0.0,1,0.0,0.0,0.0,0.0,-39.12047672271727,-63.70001399999998,9.599998167183486,-39.11558723449705,-59.96905316591213,0.0,1,2.842170943040401e-14,0.0,0.0,0.0,73.55512142181396,63.70001399999999,9.599998167183458,73.56001091003418,59.96905316591212,0.0,1,0.0,0.0,0.0,0.0,73.55512142181396,-63.70001399999998,9.599998167183458,73.56001091003418,-59.96905316591213,0.0,1,0.0
7.0,7000000,hold_standing,0.0,0.0,80.96182697652446,1.0,0.0,0.0,0.0,0.0,0.0,80.96182697652446,39.11558723449706,37.2228799771451,0,feet,0.0,0.0,0.0,-39.120476722717285,63.70001399999999,9.599998167183458,-39.11558723449707,59.96905316591212,0.0,1,0.0,0.0,0.0,0.0,-39.12047672271727,-63.70001399999998,9.599998167183486,-39.11558723449705,-59.96905316591213,0.0,1,2.842170943040401e-14,0.0,0.0,0.0,73.55512142181396,63.70001399999999,9.599998167183458,73.56001091003418,59.96905316591212,0.0,1,0.0,0.0,0.0,0.0,73.55512142181396,-63.70001399999998,9.599998167183458,73.56001091003418,-59.96905316591213,0.0,1,0.0
