time_s,time_us,phase,body_x_mm,body_y_mm,body_z_mm,body_qw,body_qx,body_qy,body_qz,assumed_com_x_mm,assumed_com_y_mm,assumed_com_z_mm,support_margin_mm,body_ground_clearance_mm,body_contact_active,support_source,FL_h002_rad,FL_alpha006_rad,FL_theta005_rad,FL_foot_bolt_x_mm,FL_foot_bolt_y_mm,FL_foot_bolt_z_mm,FL_sole_contact_x_mm,FL_sole_contact_y_mm,FL_sole_contact_z_mm,FL_contact_active,FL_sole_clearance_mm,FR_h002_rad,FR_alpha006_rad,FR_theta005_rad,FR_foot_bolt_x_mm,FR_foot_bolt_y_mm,FR_foot_bolt_z_mm,FR_sole_contact_x_mm,FR_sole_contact_y_mm,FR_sole_contact_z_mm,FR_contact_active,FR_sole_clearance_mm,RL_h002_rad,RL_alpha006_rad,RL_theta005_rad,RL_foot_bolt_x_mm,RL_foot_bolt_y_mm,RL_foot_bolt_z_mm,RL_sole_contact_x_mm,RL_sole_contact_y_mm,RL_sole_contact_z_mm,RL_contact_active,RL_sole_clearance_mm,RR_h002_rad,RR_alpha006_rad,RR_theta005_rad,RR_foot_bolt_x_mm,RR_foot_bolt_y_mm,RR_foot_bolt_z_mm,RR_sole_contact_x_mm,RR_sole_contact_y_mm,RR_sole_contact_z_mm,RR_contact_active,RR_sole_clearance_mm
0.0,0,standing,0.0,0.0,80.96182697652446,1.0,0.0,0.0,0.0,0.0,0.0,80.96182697652446,39.11558723449706,37.2228799771451,0,feet,0.0,0.0,0.0,-39.120476722717285,63.70001399999999,9.599998167183458,-39.11558723449707,59.96905316591212,0.0,1,0.0,0.0,0.0,0.0,-39.12047672271727,-63.70001399999998,9.599998167183486,-39.11558723449705,-59.96905316591213,0.0,1,2.842170943040401e-14,0.0,0.0,0.0,73.55512142181396,63.70001399999999,9.599998167183458,73.56001091003418,59.96905316591212,0.0,1,0.0,0.0,0.0,0.0,73.55512142181396,-63.70001399999998,9.599998167183458,73.56001091003418,-59.96905316591213,0.0,1,0.0
0.008333333333333333,8333,soften_stance,0.0,0.0,80.96177176659216,1.0,0.0,0.0,0.0,0.0,0.0,80.96177176659216,39.11558723449706,37.2228247672128,0,feet,0.0,1.0207110276994058e-06,-1.003084581174818e-06,-39.12048345169157,63.70001399999999,9.599998163753853,-39.11558723449707,59.96905316591212,0.0,1,-7.349621355956515e-09,0.0,1.0207110272553166e-06,-1.003084701967083e-06,-39.12048345169151,-63.70001399999998,9.599998163753881,-39.11558723449705,-59.96905316591213,0.0,1,-7.3495929342470845e-09,0.0,1.020711315913303e-06,-1.0030857118259462e-06,73.55511469283783,63.70001399999999,9.599998163753924,73.56001091003418,59.96905316591212,0.0,1,-7.349552078039778e-09,0.0,1.020711315913303e-06,-1.0030857118259462e-06,73.55511469283783,-63.70001399999998,9.599998163753924,73.56001091003418,-59.96905316591213,0.0,1,-7.349552078039778e-09
0.016666666666666666,16667,soften_stance,0.0,0.0,80.96139221975852,1.0,0.0,0.0,0.0,0.0,0.0,80.96139221975852,39.1284980773924,37.22244522037916,0,feet,0.0,8.038960353839997e-06,-7.900118976333914e-06,-39.120529719060926,63.70001399999999,9.599998209618647,-39.128498077392415,59.980312244891614,0.0,1,2.842170943040401e-14,0.0,8.038960352951818e-06,-7.900119920023485e-06,-39.12052971906091,-63.70001399999998,9.599998209618605,-39.12849807739238,-59.98031224489162,0.0,1,-1.4210854715202004e-14,0.0,8.038962621359502e-06,-7.900127874993501e-06,73.5550684254554,63.70001399999999,9.599998209618647,73.54710006713886,59.980312244891614,0.0,1,1.5987211554602254e-14,0.0,8.038962621359502e-06,-7.900127874993501e-06,73.5550684254554,-63.70001399999998,9.599998209618647,73.54710006713886,-59.98031224489162,0.0,1,1.5987211554602254e-14
0.025,25000,soften_stance,0.0,0.0,80.96038283936092,1.0,0.0,0.0,0.0,0.0,0.0,80.96038283936092,39.1284980773924,37.22143583998155,0,feet,0.0,2.6702938105138685e-05,-2.6241588753528333e-05,-39.120652760127506,63.70001399999999,9.599998310958824,-39.128498077392415,59.980312244891614,0.0,1,3.552713678800501e-15,0.0,2.6702938104694596e-05,-2.624159189057451e-05,-39.12065276012748,-63.70001399999998,9.599998310958838,-39.12849807739238,-59.98031224489162,0.0,1,1.7763568394002505e-14,0.0,2.670294563866804e-05,-2.6241618311217962e-05,73.55494538435408,63.70001399999999,9.599998310958881,73.54710006713886,59.980312244891614,0.0,1,2.1316282072803006e-14,0.0,2.670294563866804e-05,-2.6241618311217962e-05,73.55494538435408,-63.70001399999998,9.599998310958881,73.54710006713886,-59.98031224489162,0.0,1,2.1316282072803006e-14
0.03333333333333333,33333,soften_stance,0.0,0.0,80.95845828341085,1.0,0.0,0.0,0.0,0.0,0.0,80.95845828341085,39.1284980773924,37.21951128403148,0,feet,0.0,6.228801504848391e-05,-6.121114156298901e-05,-39.12088735228954,63.70001399999999,9.599998499806077,-39.128498077392415,59.980312244891614,0.0,1,1.7763568394002505e-14,0.0,6.228801504759574e-05,-6.121114887891466e-05,-39.120887352289515,-63.70001399999998,9.599998499806048,-39.12849807739238,-59.98031224489162,0.0,1,-1.0658141036401503e-14,0.0,6.228803262064986e-05,-6.121121050606249e-05,73.55471079212586,63.70001399999999,9.599998499806134,73.54710006713886,59.980312244891614,0.0,1,-1.7763568394002505e-14,0.0,6.228803262064986e-05,-6.121121050606249e-05,73.55471079212586,-63.70001399999998,9.599998499806134,73.54710006713886,-59.98031224489162,0.0,1,-1.7763568394002505e-14
0.041666666666666664,41667,soften_stance,0.0,0.0,80.95535292644873,1.0,0.0,0.0,0.0,0.0,0.0,80.95535292644873,39.1284980773924,37.21640592706936,0,feet,0.0,0.00011970341207145907,-0.000117631682231778,-39.12126585889433,63.70001399999999,9.59999879241819,-39.128498077392415,59.980312244891614,0.0,1,-3.552713678800501e-15,0.0,0.00011970341207057089,-0.0001176316962907542,-39.121265858894304,-63.70001399999998,9.599998792418177,-39.12849807739238,-59.98031224489162,0.0,1,-1.7763568394002505e-14,0.0,0.00011970344583911441,-0.00011763181471913242,73.55433228541429,63.70001399999999,9.599998792418361,73.54710006713886,59.980312244891614,0.0,1,1.7763568394002505e-15,0.0,0.00011970344583911441,-0.00011763181471913242,73.55433228541429,-63.70001399999998,9.599998792418361,73.54710006713886,-59.98031224489162,0.0,1,1.7763568394002505e-15
0.05,50000,soften_stance,0.0,0.0,80.95082042139884,1.0,0.0,0.0,0.0,0.0,0.0,80.95082042139884,39.1284980773924,37.21187342201948,0,feet,0.0,0.00020349954506304613,-0.00019997202247790113,-39.12181827751368,63.70001399999999,9.599999192692096,-39.128498077392415,59.980312244891614,0.0,1,7.105427357601002e-15,0.0,0.00020349954506260204,-0.00019997204637567378,-39.121818277513654,-63.70001399999998,9.59999919269211,-39.12849807739238,-59.98031224489162,0.0,1,2.1316282072803006e-14,0.0,0.00020349960246246468,-0.00019997224769285893,73.5537798666391,63.70001399999999,9.599999192692366,73.54710006713886,59.980312244891614,0.0,1,1.2434497875801753e-14,0.0,0.00020349960246246468,-0.00019997224769285893,73.5537798666391,-63.70001399999998,9.599999192692366,73.54710006713886,-59.98031224489162,0.0,1,1.2434497875801753e-14
0.058333333333333334,58333,soften_stance,0.0,0.0,80.94463326142429,1.0,0.0,0.0,0.0,0.0,0.0,80.94463326142429,39.1284980773924,37.20568626204492,0,feet,0.0,0.0003178751231374122,-0.0003123532176481092,-39.122572286572705,63.70001399999999,9.599999687730104,-39.128498077392415,59.980312244891614,0.0,1,-1.2434497875801753e-14,0.0,0.0003178751231360799,-0.00031235325497558364,-39.12257228657261,-63.70001399999998,9.599999687730133,-39.12849807739238,-59.98031224489162,0.0,1,1.5987211554602254e-14,0.0,0.00031787521278170416,-0.00031235356940984005,73.55302585736746,63.70001399999999,9.59999968773046,73.54710006713886,59.980312244891614,0.0,1,-2.3092638912203256e-14,0.0,0.00031787521278170416,-0.00031235356940984005,73.55302585736746,-63.70001399999998,9.59999968773046,73.54710006713886,-59.98031224489162,0.0,1,-2.3092638912203256e-14
0.06666666666666667,66667,soften_stance,0.0,0.0,80.93658234178183,1.0,0.0,0.0,0.0,0.0,0.0,80.93658234178183,39.1284980773924,37.197635342402464,0,feet,0.0,0.00046668419037798614,-0.0004585548119373506,-39.12355329159146,63.70001399999999,9.60000024315147,-39.128498077392415,59.980312244891614,0.0,1,-1.4210854715202004e-14,0.0,0.00046668419037709796,-0.00045855486673129775,-39.123553291591406,-63.70001399999998,9.600000243151499,-39.12849807739238,-59.98031224489162,0.0,1,1.4210854715202004e-14,0.0,0.00046668432195984266,-0.0004585553283047439,73.55204485207207,63.70001399999999,9.600000243151953,73.54710006713886,59.980312244891614,0.0,1,2.3092638912203256e-14,0.0,0.00046668432195984266,-0.0004585553283047439,73.55204485207207,-63.70001399999998,9.600000243151953,73.54710006713886,-59.98031224489162,0.0,1,2.3092638912203256e-14
0.075,75000,soften_stance,0.0,0.0,80.92647652167683,1.0,0.0,0.0,0.0,0.0,0.0,80.92647652167683,39.1284980773924,37.18752952229747,0,feet,0.0,0.0006534431593050449,-0.0006420210700412987,-39.12478447136354,63.70001399999999,9.600000798361734,-39.128498077392415,59.980312244891614,0.0,1,2.4868995751603507e-14,0.0,0.0006534431593041568,-0.000642021146749272,-39.124784471363505,-63.70001399999998,9.600000798361705,-39.12849807739238,-59.98031224489162,0.0,1,-3.552713678800501e-15,0.0,0.000653443343492377,-0.0006420217929328231,73.55081367195282,63.70001399999999,9.600000798362174,73.54710006713886,59.980312244891614,0.0,1,-5.329070518200751e-15,0.0,0.000653443343492377,-0.0006420217929328231,73.55081367195282,-63.70001399999998,9.600000798362174,73.54710006713886,-59.98031224489162,0.0,1,-5.329070518200751e-15
0.08333333333333333,83333,soften_stance,0.0,0.0,80.9141421861182,1.0,0.0,0.0,0.0,0.0,0.0,80.9141421861182,39.1284980773924,37.17519518673883,0,feet,0.0,0.0008813378784009451,-0.0008658672638222065,-39.126286824353116,63.70001399999999,9.600001261967378,-39.128498077392415,59.980312244891614,0.0,1,3.552713678800501e-15,0.0,0.000881337878400501,-0.0008658673672625739,-39.12628682435312,-63.70001399999998,9.60000126196735,-39.12849807739238,-59.98031224489162,0.0,1,-2.4868995751603507e-14,0.0,0.0008813381267409603,-0.0008658682386366578,73.54931131853982,63.70001399999999,9.600001261967734,73.54710006713886,59.980312244891614,0.0,1,-1.7763568394002505e-14,0.0,0.0008813381267409603,-0.0008658682386366578,73.54931131853982,-63.70001399999998,9.600001261967734,73.54710006713886,-59.98031224489162,0.0,1,-1.7763568394002505e-14
0.09166666666666666,91667,soften_stance,0.0,0.0,80.89942280777326,1.0,0.0,0.0,0.0,0.0,0.0,80.89942280777326,39.1284980773924,37.1604758083939,0,feet,0.0,0.0011532307704773537,-0.001132886073450745,-39.128079215557065,63.70001399999999,9.600001507498305,-39.128498077392415,59.980312244891614,0.0,1,-1.0658141036401503e-14,0.0,0.0011532307704764655,-0.0011328862087722769,-39.12807921555702,-63.70001399999998,9.600001507498305,-39.12849807739238,-59.98031224489162,0.0,1,-1.0658141036401503e-14,0.0,0.0011532310952988567,-0.00113288734869732,73.54751892683089,63.70001399999999,9.600001507498433,73.54710006713886,59.980312244891614,0.0,1,2.4868995751603507e-14,0.0,0.0011532310952988567,-0.00113288734869732,73.54751892683089,-63.70001399999998,9.600001507498433,73.54710006713886,-59.98031224489162,0.0,1,2.4868995751603507e-14
0.1,100000,soften_stance,0.0,0.0,80.88217850882269,1.0,0.0,0.0,0.0,0.0,0.0,80.88217850882269,39.13629722968143,37.143231509443325,0,feet,0.0,0.001471672699435711,-0.0014455586956745314,-39.13017845453737,63.70001399999999,9.600001620132531,-39.13629722968146,59.9925097393973,0.0,1,1.2434497875801753e-14,0.0,0.0014716726994348228,-0.001445558868315544,-39.13017845453734,-63.70001399999998,9.600001620132517,-39.136297229681404,-59.99250973939729,0.0,1,-1.7763568394002505e-15,0.0,0.0014716731137944805,-0.001445560322646422,73.54541968725906,63.70001399999999,9.600001620134279,73.53930091484985,59.9925097393973,0.0,1,1.7763568394002505e-14,0.0,0.0014716731137944805,-0.001445560322646422,73.54541968725906,-63.70001399999998,9.600001620134279,73.53930091484985,-59.99250973939729,0.0,1,1.7763568394002505e-14
0.10833333333333334,108333,soften_stance,0.0,0.0,80.86228562281539,1.0,0.0,0.0,0.0,0.0,0.0,80.86228562281539,39.13629722968143,37.12333862343603,0,feet,0.0,0.0018389281392328094,-0.0018060790744862665,-39.13259946139267,63.70001399999999,9.600002857940481,-39.13629722968146,59.9925097393973,0.0,1,-2.4868995751603507e-14,0.0,0.0018389281392314771,-0.0018060792901430922,-39.1325994613926,-63.70001399999998,9.600002857940495,-39.136297229681404,-59.99250973939729,0.0,1,-1.0658141036401503e-14,0.0,0.0018389286567104257,-0.0018060811068245641,73.54299867972219,63.70001399999999,9.600002857941817,73.53930091484985,59.9925097393973,0.0,1,-3.552713678800501e-15,0.0,0.0018389286567104257,-0.0018060811068245641,73.54299867972219,-63.70001399999998,9.600002857941817,73.53930091484985,-59.99250973939729,0.0,1,-3.552713678800501e-15
0.11666666666666667,116667,soften_stance,0.0,0.0,80.83963625652348,1.0,0.0,0.0,0.0,0.0,0.0,80.83963625652348,39.13629722968143,37.10068925714411,0,feet,0.0,0.0022569065268638333,-0.0022162861545353962,-39.13535481380522,63.70001399999999,9.600003523843554,-39.13629722968146,59.9925097393973,0.0,1,5.329070518200751e-15,0.0,0.002256906526862945,-0.002216286419115754,-39.13535481380518,-63.70001399999998,9.600003523843554,-39.136297229681404,-59.99250973939729,0.0,1,5.329070518200751e-15,0.0,0.002256907161565014,-0.002216288647913345,73.54024332653432,63.70001399999999,9.60000352384398,73.53930091484985,59.9925097393973,0.0,1,2.1316282072803006e-14,0.0,0.002256907161565014,-0.002216288647913345,73.54024332653432,-63.70001399999998,9.60000352384398,73.53930091484985,-59.99250973939729,0.0,1,2.1316282072803006e-14
0.125,125000,soften_stance,0.0,0.0,80.8141378517971,1.0,0.0,0.0,0.0,0.0,0.0,80.8141378517971,39.13629722968143,37.075190852417734,0,feet,0.0,0.0027272505269411162,-0.002677750287839231,-39.138455328620566,63.70001399999999,9.600003327528839,-39.13629722968146,59.9925097393973,0.0,1,-2.1316282072803006e-14,0.0,0.002727250526940228,-0.002677750607432028,-39.138455328620495,-63.70001399999998,9.600003327528853,-39.136297229681404,-59.99250973939729,0.0,1,-7.105427357601002e-15,0.0,0.00272725129337692,-0.002677753299620722,73.53714281084706,63.70001399999999,9.60000332752773,73.53930091484985,59.9925097393973,0.0,1,8.881784197001252e-15,0.0,0.00272725129337692,-0.002677753299620722,73.53714281084706,-63.70001399999998,9.60000332752773,73.53930091484985,-59.99250973939729,0.0,1,8.881784197001252e-15
0.13333333333333333,133333,soften_stance,0.0,0.0,80.78571274741942,1.0,0.0,0.0,0.0,0.0,0.0,80.78571274741942,39.13629722968143,37.04676574804006,0,feet,0.0,0.003251317024330014,-0.003191754416076442,-39.14190993647256,63.70001399999999,9.600001929347641,-39.13629722968146,59.9925097393973,0.0,1,-1.2434497875801753e-14,0.0,0.0032513170243295697,-0.0031917547969135818,-39.141909936472516,-63.70001399999998,9.60000192934767,-39.136297229681404,-59.99250973939729,0.0,1,1.5987211554602254e-14,0.0,0.0032513179373294676,-0.003191758004979839,73.53368820202422,63.70001399999999,9.60000192934416,73.53930091484985,59.9925097393973,0.0,1,3.375077994860476e-14,0.0,0.0032513179373294676,-0.003191758004979839,73.53368820202422,-63.70001399999998,9.60000192934416,73.53930091484985,-59.99250973939729,0.0,1,3.375077994860476e-14
0.14166666666666666,141667,soften_stance,0.0,0.0,80.75429774096152,1.0,0.0,0.0,0.0,0.0,0.0,80.75429774096152,39.13629722968143,37.015350741582154,0,feet,0.0,0.003830185173488765,-0.003759301944025406,-39.145725734676176,63.70001399999999,9.599998940065063,-39.13629722968146,59.9925097393973,0.0,1,3.019806626980426e-14,0.0,0.0038301851734874326,-0.0037593023924475943,-39.145725734676134,-63.70001399999998,9.599998940065035,-39.136297229681404,-59.99250973939729,0.0,1,1.7763568394002505e-15,0.0,0.0038301862481096016,-0.003759306169794474,73.52987240274908,63.70001399999999,9.599998940058086,73.53930091484985,59.9925097393973,0.0,1,3.019806626980426e-14,0.0,0.0038301862481096016,-0.003759306169794474,73.52987240274908,-63.70001399999998,9.599998940058086,73.53930091484985,-59.99250973939729,0.0,1,3.019806626980426e-14
0.15,150000,soften_stance,0.0,0.0,80.71984365063726,1.0,0.0,0.0,0.0,0.0,0.0,80.71984365063726,39.13629722968143,36.98089665125789,0,feet,0.0,0.004464664637270577,-0.004381124919335733,-39.149908041378986,63.70001399999999,9.599993921443996,-39.13629722968146,59.9925097393973,0.0,1,2.6645352591003757e-14,0.0,0.0044646646372696885,-0.0043811254417591705,-39.14990804137898,-63.70001399999998,9.599993921443954,-39.136297229681404,-59.99250973939729,0.0,1,-1.5987211554602254e-14,0.0,0.004464665888719299,-0.004381129842427445,73.52569009487277,63.70001399999999,9.599993921432244,73.53930091484985,59.9925097393973,0.0,1,1.4210854715202004e-14,0.0,0.004464665888719299,-0.004381129842427445,73.52569009487277,-63.70001399999998,9.599993921432244,73.53930091484985,-59.99250973939729,0.0,1,1.4210854715202004e-14
0.15833333333333333,158333,soften_stance,0.0,0.0,80.68231487715823,1.0,0.0,0.0,0.0,0.0,0.0,80.68231487715823,39.13629722968143,36.94336787777887,0,feet,0.0,0.00515530401513109,-0.00505769251850019,-39.154460450974156,63.70001399999999,9.59998638766477,-39.13629722968146,59.9925097393973,0.0,1,2.1316282072803006e-14,0.0,0.005155304015130202,-0.005057693121387263,-39.15446045097413,-63.70001399999998,9.599986387664757,-39.136297229681404,-59.99250973939729,0.0,1,7.105427357601002e-15,0.0,0.00515530545867815,-0.005057698199774308,73.52113768400136,63.70001399999999,9.599986387646666,73.53930091484985,59.9925097393973,0.0,1,-5.329070518200751e-15,0.0,0.00515530545867815,-0.005057698199774308,73.52113768400136,-63.70001399999998,9.599986387646666,73.53930091484985,-59.99250973939729,0.0,1,-5.329070518200751e-15
0.16666666666666666,166667,soften_stance,0.0,0.0,80.64168896558868,1.0,0.0,0.0,0.0,0.0,0.0,80.64168896558868,39.13629722968143,36.90274196620932,0,feet,0.0,0.005902399457192065,-0.005789219833320924,-39.15938489075508,63.70001399999999,9.599975807566508,-39.13629722968146,59.9925097393973,0.0,1,-5.329070518200751e-15,0.0,0.005902399457191176,-0.005789220523142458,-39.159384890755035,-63.70001399999998,9.599975807566508,-39.136297229681404,-59.99250973939729,0.0,1,-5.329070518200751e-15,0.0,0.005902401108091926,-0.005789226333747344,73.51621324284133,63.70001399999999,9.599975807540204,73.53930091484985,59.9925097393973,0.0,1,-1.4210854715202004e-14,0.0,0.005902401108091926,-0.005789226333747344,73.51621324284133,-63.70001399999998,9.599975807540204,73.53930091484985,-59.99250973939729,0.0,1,-1.4210854715202004e-14
0.175,175000,soften_stance,0.0,0.0,80.59795616720044,1.0,0.0,0.0,0.0,0.0,0.0,80.59795616720044,39.13629722968143,36.85900916782107,0,feet,0.0,0.0067060034574937255,-0.006575676947089715,-39.16468167877026,63.70001399999999,9.599961607683966,-39.13629722968146,59.9925097393973,0.0,1,-1.7763568394002505e-15,0.0,0.006706003457492393,-0.006575677730300988,-39.16468167877018,-63.70001399999998,9.59996160768398,-39.136297229681404,-59.99250973939729,0.0,1,1.2434497875801753e-14,0.0,0.006706005330912479,-0.006575684327460252,73.5109164533443,63.70001399999999,9.599961607647273,73.53930091484985,59.9925097393973,0.0,1,1.9539925233402755e-14,0.0,0.006706005330912479,-0.006575684327460252,73.5109164533443,-63.70001399999998,9.599961607647273,73.53930091484985,-59.99250973939729,0.0,1,1.9539925233402755e-14
0.18333333333333332,183333,soften_stance,0.0,0.0,80.5511190013277,1.0,0.0,0.0,0.0,0.0,0.0,80.5511190013277,39.196041815472,36.81217200194834,0,feet,0.0,0.00756629320085489,-0.007417149708778936,-39.17035195153474,63.70001399999999,9.599962750353725,-39.19604181547202,65.90477742429005,0.0,1,3.552713678800501e-15,0.0,0.007566293200854446,-0.007417150591826349,-39.1703519515347,-63.70001399999998,9.599962750353754,-39.19604181547197,-65.90477742429005,0.0,1,3.197442310920451e-14,0.0,0.007566295313496507,-0.007417158031390869,73.50524617898455,63.70001399999999,9.599962750391214,73.47955632905933,65.90477742429005,0.0,1,-5.329070518200751e-15,0.0,0.007566295313496507,-0.007417158031390869,73.50524617898455,-63.70001399999998,9.599962750391214,73.47955632905933,-65.90477742429005,0.0,1,-5.329070518200751e-15
0.19166666666666668,191667,soften_stance,0.0,0.0,80.50119181722215,1.0,0.0,0.0,0.0,0.0,0.0,80.50119181722215,39.196041815472,36.762244817842785,0,feet,0.0,0.008482831557404591,-0.008313116447937752,-39.176392812260275,63.70001399999999,9.59997701528296,-39.19604181547202,65.90477742429005,0.0,1,1.2434497875801753e-14,0.0,0.008482831557403703,-0.008313117437190432,-39.17639281226025,-63.70001399999998,9.599977015282946,-39.19604181547197,-65.90477742429005,0.0,1,-1.7763568394002505e-15,0.0,0.008482833922723199,-0.008313125771400642,73.49920531657148,63.70001399999999,9.599977015315062,73.47955632905933,65.90477742429005,0.0,1,-1.9539925233402755e-14,0.0,0.008482833922723199,-0.008313125771400642,73.49920531657148,-63.70001399999998,9.599977015315062,73.47955632905933,-65.90477742429005,0.0,1,-1.9539925233402755e-14
0.2,200000,soften_stance,0.0,0.0,80.44820035590767,1.0,0.0,0.0,0.0,0.0,0.0,80.44820035590767,39.196041815472,36.70925335652831,0,feet,0.0,0.009454705104873451,-0.009262585990780003,-39.18279820475904,63.70001399999999,9.59998798874578,-39.19604181547202,65.90477742429005,0.0,1,-5.329070518200751e-15,0.0,0.009454705104872563,-0.009262587092472074,-39.18279820475898,-63.70001399999998,9.59998798874581,-39.19604181547197,-65.90477742429005,0.0,1,2.3092638912203256e-14,0.0,0.009454707737365897,-0.0092625963738171,73.49279992228563,63.70001399999999,9.599987988769968,73.47955632905933,65.90477742429005,0.0,1,5.684341886080802e-14,0.0,0.009454707737365897,-0.0092625963738171,73.49279992228563,-63.70001399999998,9.599987988769968,73.47955632905933,-65.90477742429005,0.0,1,5.684341886080802e-14
0.20833333333333334,208333,soften_stance,0.0,0.0,80.39218131203539,1.0,0.0,0.0,0.0,0.0,0.0,80.39218131203539,39.196041815472,36.653234312656025,0,feet,0.0,0.01048108206439613,-0.010264643277289931,-39.18956260862046,63.70001399999999,9.599994937351127,-39.19604181547202,65.90477742429005,0.0,1,3.197442310920451e-14,0.0,0.010481082064395242,-0.010264644497527176,-39.189562608620435,-63.70001399999998,9.599994937351099,-39.19604181547197,-65.90477742429005,0.0,1,3.552713678800501e-15,0.0,0.010481084978200883,-0.010264654777423665,73.48603551653929,63.70001399999999,9.599994937364215,73.47955632905933,65.90477742429005,0.0,1,4.618527782440651e-14,0.0,0.010481084978200883,-0.010264654777423665,73.48603551653929,-63.70001399999998,9.599994937364215,73.47955632905933,-65.90477742429005,0.0,1,4.618527782440651e-14
0.21666666666666667,216667,soften_stance,0.0,0.0,80.33318189573855,1.0,0.0,0.0,0.0,0.0,0.0,80.33318189573855,39.196041815472,36.59423489635918,0,feet,0.0,0.011560933090493997,-0.011318177143151864,-39.196679197997085,63.70001399999999,9.599997102657483,-39.19604181547202,65.90477742429005,0.0,1,2.3092638912203256e-14,0.0,0.011560933090492664,-0.011318178487891295,-39.196679197997035,-63.70001399999998,9.599997102657454,-39.19604181547197,-65.90477742429005,0.0,1,-5.329070518200751e-15,0.0,0.011560936299331193,-0.011318189816488022,73.47891892518243,63.70001399999999,9.599997102656033,73.47955632905933,65.90477742429005,0.0,1,-7.105427357601002e-15,0.0,0.011560936299331193,-0.011318189816488022,73.47891892518243,-63.70001399999998,9.599997102656033,73.47955632905933,-65.90477742429005,0.0,1,-7.105427357601002e-15
0.225,225000,soften_stance,0.0,0.0,80.27125939448737,1.0,0.0,0.0,0.0,0.0,0.0,80.27125939448737,39.196041815472,36.53231239510801,0,feet,0.0,0.012693040873036576,-0.012421890701515004,-39.20413990496267,63.70001399999999,9.599993708239325,-39.19604181547202,65.90477742429005,0.0,1,-3.552713678800501e-15,0.0,0.012693040873036132,-0.012421892176541327,-39.204139904962645,-63.70001399999998,9.599993708239325,-39.19604181547197,-65.90477742429005,0.0,1,-3.552713678800501e-15,0.0,0.012693044390157393,-0.012421904602532674,73.47145821614376,63.70001399999999,9.599993708219557,73.47955632905933,65.90477742429005,0.0,1,-1.0658141036401503e-14,0.0,0.012693044390157393,-0.012421904602532674,73.47145821614376,-63.70001399999998,9.599993708219557,73.47955632905933,-65.90477742429005,0.0,1,-1.0658141036401503e-14
0.23333333333333334,233333,soften_stance,0.0,0.0,80.20648073494407,1.0,0.0,0.0,0.0,0.0,0.0,80.20648073494407,39.196041815472,36.4675337355647,0,feet,0.0,0.013876009811183643,-0.013574311841665576,-39.211935483393134,63.70001399999999,9.599983967101608,-39.19604181547202,65.90477742429005,0.0,1,-1.0658141036401503e-14,0.0,0.013876009811182755,-0.013574313452568987,-39.211935483393056,-63.70001399999998,9.59998396710165,-39.19604181547197,-65.90477742429005,0.0,1,3.197442310920451e-14,0.0,0.01387601364931701,-0.013574327023017752,73.46366263555046,63.70001399999999,9.599983967059273,73.47955632905933,65.90477742429005,0.0,1,1.7763568394002505e-14,0.0,0.01387601364931701,-0.013574327023017752,73.46366263555046,-63.70001399999998,9.599983967059273,73.47955632905933,-65.90477742429005,0.0,1,1.7763568394002505e-14
0.24166666666666667,241667,soften_stance,0.0,0.0,80.13892204481766,1.0,0.0,0.0,0.0,0.0,0.0,80.13892204481766,39.196041815472,36.399975045438296,0,feet,0.0,0.015108275739262211,-0.014773803812335284,-39.22005557324049,63.70001399999999,9.599967089356426,-39.19604181547202,65.90477742429005,0.0,1,2.842170943040401e-14,0.0,0.015108275739261323,-0.01477380556449237,-39.22005557324046,-63.70001399999998,9.599967089356397,-39.19604181547197,-65.90477742429005,0.0,1,0.0,0.0,0.015108279910572175,-0.014773820324669895,73.45554254345365,63.70001399999999,9.599967089286821,73.47955632905933,65.90477742429005,0.0,1,5.684341886080802e-14,0.0,0.015108279910572175,-0.014773820324669895,73.45554254345365,-63.70001399999998,9.599967089286821,73.47955632905933,-65.90477742429005,0.0,1,5.684341886080802e-14
0.25,250000,soften_stance,0.0,0.0,80.06866821471894,1.0,0.0,0.0,0.0,0.0,0.0,80.06866821471894,39.196041815472,36.329721215339575,0,feet,0.0,0.01638811568433196,-0.016018575857026818,-39.2284887650707,63.70001399999999,9.599942290073926,-39.19604181547202,65.90477742429005,0.0,1,0.0,0.0,0.016388115684331517,-0.016018577755585017,-39.22848876507067,-63.70001399999998,9.59994229007394,-39.19604181547197,-65.90477742429005,0.0,1,1.4210854715202004e-14,0.0,0.016388120200372835,-0.01601859374882153,73.44710934929105,63.70001399999999,9.599942289972006,73.47955632905933,65.90477742429005,0.0,1,4.973799150320701e-14,0.0,0.016388120200372835,-0.01601859374882153,73.44710934929105,-63.70001399999998,9.599942289972006,73.47955632905933,-65.90477742429005,0.0,1,4.973799150320701e-14
0.25833333333333336,258333,soften_stance,0.0,0.0,79.99581246001537,1.0,0.0,0.0,0.0,0.0,0.0,79.99581246001537,39.31224494887885,36.25686546063601,0,feet,0.0,0.017715361472995017,-0.017308348876750035,-39.2372338909926,63.70001399999999,9.600002457956975,-39.31224494887888,63.70001591896379,0.0,1,-1.2434497875801753e-14,0.0,0.017715361472993685,-0.01730835092680305,-39.23723389099254,-63.70001399999998,9.600002457956975,-39.31224494887882,-63.7000159189638,0.0,1,-1.2434497875801753e-14,0.0,0.017715366352314632,-0.017308368202959556,73.43836422090706,63.70001399999999,9.60000245821199,73.36335319565272,63.70001591896379,0.0,1,2.6645352591003757e-14,0.0,0.017715366352314632,-0.017308368202959556,73.43836422090706,-63.70001399999998,9.60000245821199,73.36335319565272,-63.7000159189638,0.0,1,2.6645352591003757e-14
0.26666666666666666,266667,soften_stance,0.0,0.0,79.920455882686,1.0,0.0,0.0,0.0,0.0,0.0,79.920455882686,39.31224494887885,36.181508883306634,0,feet,0.0,0.019086580035218237,-0.018639667645418356,-39.24626837897175,63.70001399999999,9.600068798910158,-39.31224494887888,63.70001591896379,0.0,1,-1.9539925233402755e-14,0.0,0.01908658003521735,-0.018639669851635787,-39.24626837897168,-63.70001399999998,9.6000687989102,-39.31224494887882,-63.7000159189638,0.0,1,2.3092638912203256e-14,0.0,0.019086585281482105,-0.018639688443552682,73.42932973043358,63.70001399999999,9.600068799151572,73.36335319565272,63.70001591896379,0.0,1,-1.2434497875801753e-14,0.0,0.019086585281482105,-0.018639688443552682,73.42932973043358,-63.70001399999998,9.600068799151572,73.36335319565272,-63.7000159189638,0.0,1,-1.2434497875801753e-14
0.275,275000,soften_stance,0.0,0.0,79.84270703317637,1.0,0.0,0.0,0.0,0.0,0.0,79.84270703317637,39.31224494887885,36.103760033797,0,feet,0.0,0.020499404999613446,-0.020010124494258985,-39.2555765508601,63.70001399999999,9.600128256656333,-39.31224494887888,63.70001591896379,0.0,1,-1.7763568394002505e-15,0.0,0.020499404999612114,-0.020010126861006228,-39.25557655086003,-63.70001399999998,9.600128256656333,-39.31224494887882,-63.7000159189638,0.0,1,-1.7763568394002505e-15,0.0,0.02049941062236904,-0.020010146805469642,73.42002155597976,63.70001399999999,9.600128256878833,73.36335319565272,63.70001591896379,0.0,1,7.105427357601002e-15,0.0,0.02049941062236904,-0.020010146805469642,73.42002155597976,-63.70001399999998,9.600128256878833,73.36335319565272,-63.7000159189638,0.0,1,7.105427357601002e-15
0.2833333333333333,283333,soften_stance,0.0,0.0,79.76268147225342,1.0,0.0,0.0,0.0,0.0,0.0,79.76268147225342,39.31224494887885,36.023734472874054,0,feet,0.0,0.021951572112975715,-0.02141741490051574,-39.26514342916627,63.70001399999999,9.600179961772923,-39.31224494887888,63.70001591896379,0.0,1,1.0658141036401503e-14,0.0,0.021951572112974826,-0.0214174174318722,-39.265143429166244,-63.70001399999998,9.600179961772909,-39.31224494887882,-63.7000159189638,0.0,1,-3.552713678800501e-15,0.0,0.02195157812103332,-0.021417438763239982,73.41045467504145,63.70001399999999,9.600179961970738,73.36335319565272,63.70001591896379,0.0,1,-1.5987211554602254e-14,0.0,0.02195157812103332,-0.021417438763239982,73.41045467504145,-63.70001399999998,9.600179961970738,73.36335319565272,-63.7000159189638,0.0,1,-1.5987211554602254e-14
0.2916666666666667,291667,soften_stance,0.0,0.0,79.68050133286044,1.0,0.0,0.0,0.0,0.0,0.0,79.68050133286044,39.31224494887885,35.94155433348108,0,feet,0.0,0.0234407067501734,-0.02285913308235843,-39.274953307823694,63.70001399999999,9.60022307996499,-39.31224494887888,63.70001591896379,0.0,1,-1.7763568394002505e-14,0.0,0.023440706750172957,-0.022859135782105522,-39.27495330782363,-63.70001399999998,9.600223079965048,-39.31224494887882,-63.7000159189638,0.0,1,3.907985046680551e-14,0.0,0.023440713151586134,-0.022859158532227752,73.40064479368993,63.70001399999999,9.600223080132125,73.36335319565272,63.70001591896379,0.0,1,1.4210854715202004e-14,0.0,0.023440713151586134,-0.022859158532227752,73.40064479368993,-63.70001399999998,9.600223080132125,73.36335319565272,-63.7000159189638,0.0,1,1.4210854715202004e-14
0.3,300000,soften_stance,0.0,0.0,79.59629488197193,1.0,0.0,0.0,0.0,0.0,0.0,79.59629488197193,39.31224494887885,35.85734788259256,0,feet,0.0,0.02496433347368887,-0.024332782316573542,-39.284989815694146,63.70001399999999,9.60025681996585,-39.31224494887888,63.70001591896379,0.0,1,1.5987211554602254e-14,0.0,0.024964333473687983,-0.024332785188181827,-39.284989815694104,-63.70001399999998,9.60025681996585,-39.31224494887882,-63.7000159189638,0.0,1,1.5987211554602254e-14,0.0,0.02496434027573402,-0.024332809386317322,73.3906082830681,63.70001399999999,9.600256820095765,73.36335319565272,63.70001591896379,0.0,1,-7.105427357601002e-15,0.0,0.02496434027573402,-0.024332809386317322,73.3906082830681,-63.70001399999998,9.600256820095765,73.36335319565272,-63.7000159189638,0.0,1,-7.105427357601002e-15
0.30833333333333335,308333,soften_stance,0.0,0.0,79.5101960824485,1.0,0.0,0.0,0.0,0.0,0.0,79.5101960824485,39.31224494887885,35.77124908306914,0,feet,0.0,0.026519885497435336,-0.025835785103142772,-39.29523597949378,63.70001399999999,9.600280441036404,-39.31224494887888,63.70001591896379,0.0,1,1.4210854715202004e-14,0.0,0.026519885497434448,-0.02583578814976928,-39.29523597949374,-63.70001399999998,9.600280441036404,-39.31224494887882,-63.7000159189638,0.0,1,1.4210854715202004e-14,0.0,0.02651989270659927,-0.02583581382252209,73.38036211646485,63.70001399999999,9.600280441122422,73.36335319565272,63.70001591896379,0.0,1,-2.6645352591003757e-14,0.0,0.02651989270659927,-0.02583581382252209,73.38036211646485,-63.70001399999998,9.600280441122422,73.36335319565272,-63.7000159189638,0.0,1,-2.6645352591003757e-14
0.31666666666666665,316667,soften_stance,0.0,0.0,79.42234415489189,1.0,0.0,0.0,0.0,0.0,0.0,79.42234415489189,39.31224494887885,35.68339715551252,0,feet,0.0,0.028104714041066625,-0.027365493154499987,-39.3056742860455,63.70001399999999,9.60029325999865,-39.31224494887888,63.70001591896379,0.0,1,8.881784197001252e-15,0.0,0.028104714041065737,-0.027365496378979337,-39.30567428604544,-63.70001399999998,9.60029325999865,-39.31224494887882,-63.7000159189638,0.0,1,8.881784197001252e-15,0.0,0.02810472166303768,-0.027365523550245463,73.36992380706226,63.70001399999999,9.600293260033837,73.36335319565272,63.70001591896379,0.0,1,-1.7763568394002505e-15,0.0,0.02810472166303768,-0.027365523550245463,73.36992380706226,-63.70001399999998,9.600293260033837,73.36335319565272,-63.7000159189638,0.0,1,-1.7763568394002505e-15
0.325,325000,soften_stance,0.0,0.0,79.33288313949974,1.0,0.0,0.0,0.0,0.0,0.0,79.33288313949974,39.326713184981614,35.59393614012038,0,feet,0.0,0.02971619059927333,-0.028919286848532177,-39.31628735648265,63.70001399999999,9.600299826699072,-39.32671318498165,63.700015918920016,0.0,1,3.197442310920451e-14,0.0,0.02971619059927244,-0.02891929025337836,-39.316287356482626,-63.70001399999998,9.600299826699043,-39.326713184981585,-63.700015918920016,0.0,1,3.552713678800501e-15,0.0,0.029716198640429514,-0.028919318945807237,73.35931073372222,63.70001399999999,9.600299826758075,73.34888495955002,63.700015918920016,0.0,1,3.730349362740526e-14,0.0,0.029716198640429514,-0.028919318945807237,73.35931073372222,-63.70001399999998,9.600299826758075,73.34888495955002,-63.700015918920016,0.0,1,3.730349362740526e-14
0.3333333333333333,333333,soften_stance,0.0,0.0,79.24196145792061,1.0,0.0,0.0,0.0,0.0,0.0,79.24196145792061,39.326713184981614,35.503014458541244,0,feet,0.0,0.031351635693365854,-0.030494506536284494,-39.32705748942759,63.70001399999999,9.600305481695443,-39.32671318498165,63.700015918920016,0.0,1,-1.9539925233402755e-14,0.0,0.031351635693364965,-0.030494510123697083,-39.32705748942752,-63.70001399999998,9.600305481695472,-39.326713184981585,-63.700015918920016,0.0,1,8.881784197001252e-15,0.0,0.031351644156433434,-0.03049454035447452,73.34854059784627,63.70001399999999,9.600305481693425,73.34888495955002,63.700015918920016,0.0,1,1.7763568394002505e-14,0.0,0.031351644156433434,-0.03049454035447452,73.34854059784627,-63.70001399999998,9.600305481693425,73.34888495955002,-63.700015918920016,0.0,1,1.7763568394002505e-14
0.3416666666666667,341667,soften_stance,0.0,0.0,79.14973147510882,1.0,0.0,0.0,0.0,0.0,0.0,79.14973147510882,39.326713184981614,35.41078447572946,0,feet,0.0,0.03300801377354512,-0.0320881605919463,-39.33796463204517,63.70001399999999,9.600298894584299,-39.32671318498165,63.700015918920016,0.0,1,1.7763568394002505e-15,0.0,0.03300801377354423,-0.032088164363761607,-39.33796463204513,-63.70001399999998,9.600298894584299,-39.326713184981585,-63.700015918920016,0.0,1,3.552713678800501e-15,0.0,0.03300802266178282,-0.032088196148431614,73.33763345226598,63.70001399999999,9.600298894513728,73.34888495955002,63.700015918920016,0.0,1,8.881784197001252e-15,0.0,0.03300802266178282,-0.032088196148431614,73.33763345226598,-63.70001399999998,9.600298894513728,73.34888495955002,-63.700015918920016,0.0,1,8.881784197001252e-15
0.35,350000,soften_stance,0.0,0.0,79.05634906117945,1.0,0.0,0.0,0.0,0.0,0.0,79.05634906117945,39.326713184981614,35.31740206180008,0,feet,0.0,0.034682438508697455,-0.03369741277552096,-39.34898971474344,63.70001399999999,9.600279642627044,-39.32671318498165,63.700015918920016,0.0,1,0.0,0.0,0.03468243850869612,-0.033697416733242225,-39.34898971474336,-63.70001399999998,9.600279642627044,-39.326713184981585,-63.700015918920016,0.0,1,0.0,0.0,0.034682447824554874,-0.033697450084519076,73.32660836657877,63.70001399999999,9.600279642480416,73.34888495955002,63.700015918920016,0.0,1,4.263256414560601e-14,0.0,0.034682447824554874,-0.033697450084519076,73.32660836657877,-63.70001399999998,9.600279642480416,73.34888495955002,-63.700015918920016,0.0,1,4.263256414560601e-14
0.35833333333333334,358333,soften_stance,0.0,0.0,78.9619731532631,1.0,0.0,0.0,0.0,0.0,0.0,78.9619731532631,39.326713184981614,35.22302615388374,0,feet,0.0,0.036371986324386096,-0.03531940277320622,-39.36011342636523,63.70001399999999,9.60024738661943,-39.32671318498165,63.700015918920016,0.0,1,8.881784197001252e-15,0.0,0.03637198632438521,-0.035319406917999174,-39.36011342636519,-63.70001399999998,9.60024738661943,-39.326713184981585,-63.700015918920016,0.0,1,1.0658141036401503e-14,0.0,0.03637199606950947,-0.03531944184576208,73.31548465194697,63.70001399999999,9.600247386389071,73.34888495955002,63.700015918920016,0.0,1,3.552713678800501e-14,0.0,0.03637199606950947,-0.03531944184576208,73.31548465194697,-63.70001399999998,9.600247386389071,73.34888495955002,-63.700015918920016,0.0,1,3.552713678800501e-14
0.36666666666666664,366667,soften_stance,0.0,0.0,78.866765317361,1.0,0.0,0.0,0.0,0.0,0.0,78.866765317361,39.326713184981614,35.127818317981635,0,feet,0.0,0.038073704898336835,-0.03695125480656891,-39.3713162709097,63.70001399999999,9.600201874186979,-39.32671318498165,63.700015918920016,0.0,1,0.0,0.0,0.0380737048983355,-0.03695125913926178,-39.37131627090963,-63.70001399999998,9.600201874186979,-39.326713184981585,-63.700015918920016,0.0,1,0.0,0.0,0.0380737150735766,-0.0369512956505611,73.30428180437684,63.70001399999999,9.600201873865274,73.34888495955002,63.700015918920016,0.0,1,1.0658141036401503e-14,0.0,0.0380737150735766,-0.0369512956505611,73.30428180437684,-63.70001399999998,9.600201873865274,73.34888495955002,-63.700015918920016,0.0,1,1.0658141036401503e-14
0.375,375000,soften_stance,0.0,0.0,78.77088931019978,1.0,0.0,0.0,0.0,0.0,0.0,78.77088931019978,39.326713184981614,35.03194231082041,0,feet,0.0,0.039784621493354155,-0.03859008597980873,-39.38257862317082,63.70001399999999,9.600142942333378,-39.32671318498165,63.700015918920016,0.0,1,-3.552713678800501e-15,0.0,0.03978462149335327,-0.038590090500894014,-39.38257862317076,-63.70001399999998,9.600142942333406,-39.326713184981585,-63.700015918920016,0.0,1,2.6645352591003757e-14,0.0,0.039784632098775585,-0.03859012859996236,73.29301944907971,63.70001399999999,9.600142941912793,73.34888495955002,63.700015918920016,0.0,1,3.375077994860476e-14,0.0,0.039784632098775585,-0.03859012859996236,73.29301944907971,-63.70001399999998,9.600142941912793,73.34888495955002,-63.700015918920016,0.0,1,3.375077994860476e-14
0.38333333333333336,383333,soften_stance,0.0,0.0,78.67451064108637,1.0,0.0,0.0,0.0,0.0,0.0,78.67451064108637,39.326713184981614,34.935563641707006,0,feet,0.0,0.04150175112634402,-0.040233014362642816,-39.39388078327442,63.70001399999999,9.600070519228339,-39.32671318498165,63.700015918920016,0.0,1,-1.7763568394002505e-15,0.0,0.041501751126343134,-0.04023301907227994,-39.393880783274376,-63.70001399999998,9.600070519228339,-39.326713184981585,-63.700015918920016,0.0,1,0.0,0.0,0.04150176216123702,-0.0402330587605495,73.28171728593517,63.70001399999999,9.600070518701315,73.34888495955002,63.700015918920016,0.0,1,-2.6645352591003757e-14,0.0,0.04150176216123702,-0.0402330587605495,73.28171728593517,-63.70001399999998,9.600070518701315,73.34888495955002,-63.700015918920016,0.0,1,-2.6645352591003757e-14
0.39166666666666666,391667,soften_stance,0.0,0.0,78.57779613376306,1.0,0.0,0.0,0.0,0.0,0.0,78.57779613376306,39.326713184981614,34.83884913438369,0,feet,0.0,0.043222104573532594,-0.04187716680863618,-39.40520303010226,63.70001399999999,9.59998462522887,-39.32671318498165,63.700015918920016,0.0,1,1.4210854715202004e-14,0.0,0.043222104573531706,-0.041877171706653726,-39.405203030102214,-63.70001399999998,9.59998462522887,-39.326713184981585,-63.700015918920016,0.0,1,1.4210854715202004e-14,0.0,0.043222116036431224,-0.04187721298278513,73.27039503606667,63.70001399999999,9.599984624588217,73.34888495955002,63.700015918920016,0.0,1,5.861977570020827e-14,0.0,0.043222116036431224,-0.04187721298278513,73.27039503606667,-63.70001399999998,9.599984624588217,73.34888495955002,-63.700015918920016,0.0,1,5.861977570020827e-14
0.4,400000,soften_stance,0.0,0.0,78.48091348826223,1.0,0.0,0.0,0.0,0.0,0.0,78.48091348826223,39.440267095123325,34.741966488882866,0,feet,0.0,0.044944184400860454,-0.04352110636465145,-39.41653546642195,63.70001399999999,9.599969144807844,-39.440267095123374,60.74619282880431,0.0,1,1.9539925233402755e-14,0.0,0.04494418440085868,-0.043521111450716354,-39.41653546642186,-63.70001399999998,9.599969144807872,-39.440267095123275,-60.74619282880431,0.0,1,4.796163466380676e-14,0.0,0.04494419630703339,-0.043521154328317824,73.25906259659652,63.70001399999999,9.599969145009354,73.23533104940903,60.74619282880431,0.0,1,2.3092638912203256e-14,0.0,0.04494419630703339,-0.043521154328317824,73.25906259659652,-63.70001399999998,9.599969145009354,73.23533104940903,-60.74619282880431,0.0,1,2.3092638912203256e-14
0.4083333333333333,408333,soften_stance,0.0,0.0,78.3840308427614,1.0,0.0,0.0,0.0,0.0,0.0,78.3840308427614,39.440267095123325,34.64508384338204,0,feet,0.0,0.046664412878231865,-0.04516141471358903,-39.427854652267925,63.70001399999999,9.599990453262222,-39.440267095123374,60.74619282880431,0.0,1,1.9539925233402755e-14,0.0,0.04666441287823053,-0.045161419986976536,-39.42785465226787,-63.70001399999998,9.599990453262194,-39.440267095123275,-60.74619282880431,0.0,1,-8.881784197001252e-15,0.0,0.04666442520848113,-0.04516146444429214,73.2477434077168,63.70001399999999,9.599990453371532,73.23533104940903,60.74619282880431,0.0,1,1.2434497875801753e-14,0.0,0.04666442520848113,-0.04516146444429214,73.2477434077168,-63.70001399999998,9.599990453371532,73.23533104940903,-60.74619282880431,0.0,1,1.2434497875801753e-14
0.4166666666666667,416667,soften_stance,0.0,0.0,78.28731633543809,1.0,0.0,0.0,0.0,0.0,0.0,78.28731633543809,39.440267095123325,34.54836933605873,0,feet,0.0,0.04837893695328388,-0.04679443278290707,-39.4391351884544,63.70001399999999,9.59999841095042,-39.440267095123374,60.74619282880431,0.0,1,1.0658141036401503e-14,0.0,0.0483789369532821,-0.046794438242481196,-39.43913518845427,-63.70001399999998,9.599998410950448,-39.440267095123275,-60.74619282880431,0.0,1,3.730349362740526e-14,0.0,0.04837894970396128,-0.04679448427004207,73.23646286851232,63.70001399999999,9.599998410960708,73.23533104940903,60.74619282880431,0.0,1,-2.4868995751603507e-14,0.0,0.04837894970396128,-0.04679448427004207,73.23646286851232,-63.70001399999998,9.599998410960708,73.23533104940903,-60.74619282880431,0.0,1,-2.4868995751603507e-14
0.425,425000,soften_stance,0.0,0.0,78.19093766632469,1.0,0.0,0.0,0.0,0.0,0.0,78.19093766632469,39.45050768100776,34.45199066694532,0,feet,0.0,0.05008497378890597,-0.048417535025920166,-39.450358742458164,63.70001399999999,9.600001678185407,-39.4505076810078,60.7399748722095,0.0,1,1.2434497875801753e-14,0.0,0.05008497378890464,-0.048417540670249615,-39.45035874245809,-63.70001399999998,9.600001678185436,-39.450507681007714,-60.7399748722095,0.0,1,4.085620730620576e-14,0.0,0.05008498695742469,-0.04841758825774711,73.22523931149993,63.70001399999999,9.600001678186857,73.22509046352467,60.7399748722095,0.0,1,5.861977570020827e-14,0.0,0.05008498695742469,-0.04841758825774711,73.22523931149993,-63.70001399999998,9.600001678186857,73.22509046352467,-60.7399748722095,0.0,1,5.861977570020827e-14
0.43333333333333335,433333,soften_stance,0.0,0.0,78.09506165916346,1.0,0.0,0.0,0.0,0.0,0.0,78.09506165916346,39.45938236621291,34.3561146597841,0,feet,0.0,0.05177957507539377,-0.05002794995693538,-39.46150591502118,63.70001399999999,9.599997770480428,-39.45938236621295,60.73333348422281,0.0,1,0.0,0.0,0.05177957507539244,-0.05002795578428154,-39.46150591502111,-63.70001399999998,9.599997770480428,-39.459382366212864,-60.73333348422281,0.0,1,0.0,0.0,0.05177958865666055,-0.050028004917058055,73.21409213595456,63.70001399999999,9.599997770459765,73.21621577831957,60.73333348422281,0.0,1,3.197442310920451e-14,0.0,0.05177958865666055,-0.050028004917058055,73.21409213595456,-63.70001399999998,9.599997770459765,73.21621577831957,-60.73333348422281,0.0,1,3.197442310920451e-14
0.44166666666666665,441667,soften_stance,0.0,0.0,77.99985382326136,1.0,0.0,0.0,0.0,0.0,0.0,77.99985382326136,39.477051944277115,34.260906823881996,0,feet,0.0,0.05346017416514526,-0.051623280746837086,-39.47255981731879,63.70001399999999,9.600003620905596,-39.47705194427714,60.71151150841919,0.0,1,5.684341886080802e-14,0.0,0.053460174165143926,-0.05162328675519712,-39.472559817318746,-63.70001399999998,9.60000362090554,-39.477051944277086,-60.71151150841919,0.0,1,0.0,0.0,0.053460188155277866,-0.05162333741806213,73.20303823069347,63.70001399999999,9.600003620950702,73.19854620025548,60.71151150841919,0.0,1,-1.7763568394002505e-15,0.0,0.053460188155277866,-0.05162333741806213,73.20303823069347,-63.70001399999998,9.600003620950702,73.19854620025548,-60.71151150841919,0.0,1,-1.7763568394002505e-15
0.45,450000,soften_stance,0.0,0.0,77.90547791534502,1.0,0.0,0.0,0.0,0.0,0.0,77.90547791534502,39.477051944277115,34.16653091596565,0,feet,0.0,0.05512365656180185,-0.05320062098038392,-39.4834999864091,63.70001399999999,9.600002506424516,-39.47705194427714,60.71151150841919,0.0,1,1.2434497875801753e-14,0.0,0.055123656561800516,-0.05320062716743568,-39.48349998640906,-63.70001399999998,9.600002506424488,-39.477051944277086,-60.71151150841919,0.0,1,-1.5987211554602254e-14,0.0,0.05512367095153836,-0.05320067933805195,73.19209805869477,63.70001399999999,9.600002506357754,73.19854620025548,60.71151150841919,0.0,1,3.375077994860476e-14,0.0,0.05512367095153836,-0.05320067933805195,73.19209805869477,-63.70001399999998,9.600002506357754,73.19854620025548,-60.71151150841919,0.0,1,3.375077994860476e-14
0.4583333333333333,458333,soften_stance,0.0,0.0,77.81209550141564,1.0,0.0,0.0,0.0,0.0,0.0,77.81209550141564,39.48805774789526,34.073148502036275,0,feet,0.0,0.05676730432613075,-0.05475745311272373,-39.494308547761676,63.70001399999999,9.599997174389884,-39.48805774789529,66.27374638689588,0.0,1,-3.552713678800501e-14,0.0,0.05676730432612942,-0.05475745947587196,-39.49430854776158,-63.70001399999998,9.599997174389912,-39.48805774789523,-66.27374638689588,0.0,1,-5.329070518200751e-15,0.0,0.056767319110734515,-0.05475751313443178,73.1812894944598,63.70001399999999,9.599997174323292,73.18754039663739,66.27374638689588,0.0,1,-7.105427357601002e-15,0.0,0.056767319110734515,-0.05475751313443178,73.1812894944598,-63.70001399999998,9.599997174323292,73.18754039663739,-66.27374638689588,0.0,1,-7.105427357601002e-15
0.4666666666666667,466667,soften_stance,0.0,0.0,77.71986551860385,1.0,0.0,0.0,0.0,0.0,0.0,77.71986551860385,39.50719729469091,33.98091851922449,0,feet,0.0,0.05838869823594317,-0.056291551815658813,-39.50496961693847,63.70001399999999,9.60000395837642,-39.507197294690926,59.93459691168532,0.0,1,-1.7763568394002505e-15,0.0,0.058388698235942726,-0.05629155835206712,-39.50496961693844,-63.70001399999998,9.600003958376448,-39.5071972946909,-59.93459691168532,0.0,1,2.6645352591003757e-14,0.0,0.05838871340979379,-0.05629161347637002,73.1706284224332,63.70001399999999,9.600003958400833,73.16840084984197,59.93459691168532,0.0,1,8.881784197001252e-15,0.0,0.05838871340979379,-0.05629161347637002,73.1706284224332,-63.70001399999998,9.600003958400833,73.16840084984197,-59.93459691168532,0.0,1,8.881784197001252e-15
0.475,475000,soften_stance,0.0,0.0,77.62894383702472,1.0,0.0,0.0,0.0,0.0,0.0,77.62894383702472,39.59003440672778,33.889996837645356,0,feet,0.0,0.05998501317194682,-0.057800316676336116,-39.51546466147098,63.70001399999999,9.60001232589677,-39.590034406727774,63.70001591752033,0.0,1,-3.552713678800501e-14,0.0,0.059985013171947266,-0.05780032338288876,-39.515464661470965,-63.70001399999998,9.600012325896827,-39.59003440672778,-63.70001591752033,0.0,1,2.1316282072803006e-14,0.0,0.059985028739939494,-0.05780037995883758,73.16013337501508,63.70001399999999,9.60001232673612,73.08556373780529,63.70001591752033,0.0,1,4.263256414560601e-14,0.0,0.059985028739939494,-0.05780037995883758,73.16013337501508,-63.70001399999998,9.60001232673612,73.08556373780529,-63.70001591752033,0.0,1,4.263256414560601e-14
0.48333333333333334,483333,soften_stance,0.0,0.0,77.53948282163257,1.0,0.0,0.0,0.0,0.0,0.0,77.53948282163257,39.59003440672778,33.80053582225321,0,feet,0.0,0.06155481618681202,-0.0592824704994821,-39.52578432492078,63.70001399999999,9.600086938734833,-39.590034406727774,63.70001591752033,0.0,1,5.684341886080802e-14,0.0,0.06155481618681202,-0.059282477372931464,-39.52578432492081,-63.70001399999998,9.600086938734805,-39.59003440672778,-63.70001591752033,0.0,1,2.6645352591003757e-14,0.0,0.06155483212488022,-0.05928253535816541,73.14981370883413,63.70001399999999,9.600086939476185,73.08556373780529,63.70001591752033,0.0,1,1.0658141036401503e-14,0.0,0.06155483212488022,-0.05928253535816541,73.14981370883413,-63.70001399999998,9.600086939476185,73.08556373780529,-63.70001591752033,0.0,1,1.0658141036401503e-14
0.49166666666666664,491667,soften_stance,0.0,0.0,77.45163089407596,1.0,0.0,0.0,0.0,0.0,0.0,77.45163089407596,39.59003440672778,33.712683894696596,0,feet,0.0,0.06309424352436155,-0.06073444927115501,-39.53590326474965,63.70001399999999,9.600149328200402,-39.590034406727774,63.70001591752033,0.0,1,1.2434497875801753e-14,0.0,0.06309424352436155,-0.06073445630786933,-39.53590326474965,-63.70001399999998,9.600149328200402,-39.59003440672778,-63.70001591752033,0.0,1,1.2434497875801753e-14,0.0,0.06309425982357242,-0.06073451567186572,73.13969476633133,63.70001399999999,9.600149328840118,73.08556373780529,63.70001591752033,0.0,1,1.9539925233402755e-14,0.0,0.06309425982357242,-0.06073451567186572,73.13969476633133,-63.70001399999998,9.600149328840118,73.08556373780529,-63.70001591752033,0.0,1,1.9539925233402755e-14
0.5,500000,soften_stance,0.0,0.0,77.36553209455253,1.0,0.0,0.0,0.0,0.0,0.0,77.36553209455253,39.59003440672778,33.62658509517317,0,feet,0.0,0.06460090544522323,-0.06215409135764194,-39.545805809257715,63.70001399999999,9.600200057053215,-39.590034406727774,63.70001591752033,0.0,1,2.3092638912203256e-14,0.0,0.06460090544522323,-0.06215409855376075,-39.545805809257715,-63.70001399999998,9.600200057053215,-39.59003440672778,-63.70001591752033,0.0,1,2.3092638912203256e-14,0.0,0.06460092209619628,-0.06215415926407175,73.12979221921003,63.70001399999999,9.600200057587884,73.08556373780529,63.70001591752033,0.0,1,-2.4868995751603507e-14,0.0,0.06460092209619628,-0.06215415926407175,73.12979221921003,-63.70001399999998,9.600200057587884,73.08556373780529,-63.70001591752033,0.0,1,-2.4868995751603507e-14
0.5083333333333333,508333,soften_stance,0.0,0.0,77.28132564366402,1.0,0.0,0.0,0.0,0.0,0.0,77.28132564366402,39.59003440672778,33.54237864428465,0,feet,0.0,0.06607250593398328,-0.0635393301976257,-39.5554769110954,63.70001399999999,9.600239740953043,-39.590034406727774,63.70001591752033,0.0,1,1.4210854715202004e-14,0.0,0.06607250593398328,-0.0635393375490727,-39.5554769110954,-63.70001399999998,9.600239740953043,-39.59003440672778,-63.70001591752033,0.0,1,1.4210854715202004e-14,0.0,0.06607252292691923,-0.06353939957142618,73.12012111482377,63.70001399999999,9.600239741380022,73.08556373780529,63.70001591752033,0.0,1,2.6645352591003757e-14,0.0,0.06607252292691923,-0.06353939957142618,73.12012111482377,-63.70001399999998,9.600239741380022,73.08556373780529,-63.70001591752033,0.0,1,2.6645352591003757e-14
0.5166666666666667,516667,soften_stance,0.0,0.0,77.19914550427104,1.0,0.0,0.0,0.0,0.0,0.0,77.19914550427104,39.59003440672778,33.46019850489168,0,feet,0.0,0.06750684899311477,-0.064888199286524,-39.564902188159174,63.70001399999999,9.600269041848165,-39.590034406727774,63.70001591752033,0.0,1,1.0658141036401503e-14,0.0,0.06750684899311521,-0.06488820678901996,-39.56490218815918,-63.70001399999998,9.600269041848193,-39.59003440672778,-63.70001591752033,0.0,1,3.907985046680551e-14,0.0,0.06750686631782621,-0.06488827008741271,73.11069583527944,63.70001399999999,9.60026904216518,73.08556373780529,63.70001591752033,0.0,1,1.7763568394002505e-14,0.0,0.06750686631782621,-0.06488827008741271,73.11069583527944,-63.70001399999998,9.60026904216518,73.08556373780529,-63.70001591752033,0.0,1,1.7763568394002505e-14
0.525,525000,soften_stance,0.0,0.0,77.1191199433481,1.0,0.0,0.0,0.0,0.0,0.0,77.1191199433481,39.59003440672778,33.38017294396873,0,feet,0.0,0.0689018449003167,-0.06619883709632823,-39.57406796414921,63.70001399999999,9.60028866112836,-39.590034406727774,63.70001591752033,0.0,1,5.329070518200751e-15,0.0,0.0689018449003167,-0.0661988447454025,-39.57406796414921,-63.70001399999998,9.60028866112836,-39.59003440672778,-63.70001591752033,0.0,1,5.329070518200751e-15,0.0,0.06890186254625652,-0.06619890928220684,73.1015300568802,63.70001399999999,9.600288661333764,73.08556373780529,63.70001591752033,0.0,1,8.881784197001252e-15,0.0,0.06890186254625652,-0.06619890928220684,73.1015300568802,-63.70001399999998,9.600288661333764,73.08556373780529,-63.70001591752033,0.0,1,8.881784197001252e-15
0.5333333333333333,533333,soften_stance,0.0,0.0,77.04137109383846,1.0,0.0,0.0,0.0,0.0,0.0,77.04137109383846,39.59003440672778,33.3024240944591,0,feet,0.0,0.07025551644076389,-0.06746949194969654,-39.582961308870864,63.70001399999999,9.600299332602347,-39.590034406727774,63.70001591752033,0.0,1,5.329070518200751e-15,0.0,0.07025551644076433,-0.06746949974069905,-39.58296130887088,-63.70001399999998,9.600299332602347,-39.59003440672778,-63.70001591752033,0.0,1,5.329070518200751e-15,0.0,0.07025553439705767,-0.06746956547677208,73.09263670982378,63.70001399999999,9.600299332695059,73.08556373780529,63.70001591752033,0.0,1,5.329070518200751e-15,0.0,0.07025553439705767,-0.06746956547677208,73.09263670982378,-63.70001399999998,9.600299332695059,73.08556373780529,-63.70001591752033,0.0,1,5.329070518200751e-15
0.5416666666666666,541667,soften_stance,0.0,0.0,76.96601451650909,1.0,0.0,0.0,0.0,0.0,0.0,76.96601451650909,39.59003440672778,33.227067517129726,0,feet,0.0,0.07156600512574096,-0.06869852686711253,-39.59157007836277,63.70001399999999,9.600301815359302,-39.590034406727774,63.70001591752033,0.0,1,1.2434497875801753e-14,0.0,0.0715660051257414,-0.0686985347952267,-39.59157007836281,-63.70001399999998,9.600301815359302,-39.59003440672778,-63.70001591752033,0.0,1,1.2434497875801753e-14,0.0,0.07156602338121631,-0.06869860169001551,73.08402793807443,63.70001399999999,9.60030181533881,73.08556373780529,63.70001591752033,0.0,1,1.0658141036401503e-14,0.0,0.07156602338121631,-0.06869860169001551,73.08402793807443,-63.70001399999998,9.60030181533881,73.08556373780529,-63.70001591752033,0.0,1,1.0658141036401503e-14
0.55,550000,soften_stance,0.0,0.0,76.89315876180552,1.0,0.0,0.0,0.0,0.0,0.0,76.89315876180552,39.59003440672778,33.15421176242616,0,feet,0.0,0.07283157740902091,-0.06988442440585096,-39.599882954935396,63.70001399999999,9.60029688657474,-39.590034406727774,63.70001591752033,0.0,1,8.881784197001252e-15,0.0,0.07283157740902091,-0.06988443246611098,-39.59988295493541,-63.70001399999998,9.60029688657471,-39.59003440672778,-63.70001591752033,0.0,1,-1.9539925233402755e-14,0.0,0.0728315959522372,-0.06988450047776817,73.07571505932444,63.70001399999999,9.6002968864411,73.08556373780529,63.70001591752033,0.0,1,1.2434497875801753e-14,0.0,0.0728315959522372,-0.06988450047776817,73.07571505932444,-63.70001399999998,9.6002968864411,73.08556373780529,-63.70001591752033,0.0,1,1.2434497875801753e-14
0.5583333333333333,558333,soften_stance,0.0,0.0,76.8229049317068,1.0,0.0,0.0,0.0,0.0,0.0,76.8229049317068,39.59003440672778,33.083957932327436,0,feet,0.0,0.07405063091224484,-0.07102579150936661,-39.60788948720429,63.70001399999999,9.600285334321029,-39.590034406727774,63.70001591752033,0.0,1,0.0,0.0,0.07405063091224484,-0.07102579969666767,-39.60788948720429,-63.70001399999998,9.600285334321029,-39.59003440672778,-63.70001591752033,0.0,1,0.0,0.0,0.07405064973152742,-0.07102586878216899,73.06770852496064,63.70001399999999,9.600285334074869,73.08556373780529,63.70001591752033,0.0,1,2.4868995751603507e-14,0.0,0.07405064973152742,-0.07102586878216899,73.06770852496064,-63.70001399999998,9.600285334074869,73.08556373780529,-63.70001591752033,0.0,1,2.4868995751603507e-14
0.5666666666666667,566667,soften_stance,0.0,0.0,76.7553462415804,1.0,0.0,0.0,0.0,0.0,0.0,76.7553462415804,39.59003440672778,33.01639924220103,0,feet,0.0,0.07522170067032663,-0.07212136438547834,-39.615580130201586,63.70001399999999,9.60026795044233,-39.590034406727774,63.70001591752033,0.0,1,-1.5987211554602254e-14,0.0,0.07522170067032663,-0.07212137269459085,-39.61558013020161,-63.70001399999998,9.60026795044233,-39.59003440672778,-63.70001591752033,0.0,1,-1.5987211554602254e-14,0.0,0.07522171975379566,-0.07212144280985466,73.06001787995308,63.70001399999999,9.600267950084756,73.08556373780529,63.70001591752033,0.0,1,-1.5987211554602254e-14,0.0,0.07522171975379566,-0.07212144280985466,73.06001787995308,-63.70001399999998,9.600267950084756,73.08556373780529,-63.70001591752033,0.0,1,-1.5987211554602254e-14
0.575,575000,soften_stance,0.0,0.0,76.69056758203709,1.0,0.0,0.0,0.0,0.0,0.0,76.69056758203709,39.59003440672778,32.951620582657725,0,feet,0.0,0.07634346540768666,-0.07317001343139662,-39.62294628564915,63.70001399999999,9.600245523553241,-39.590034406727774,63.70001591752033,0.0,1,-5.329070518200751e-15,0.0,0.07634346540768666,-0.07317002185698307,-39.62294628564918,-63.70001399999998,9.600245523553241,-39.59003440672778,-63.70001591752033,0.0,1,-5.329070518200751e-15,0.0,0.07634348474328956,-0.07317009295699606,73.05265172258203,63.70001399999999,9.600245523085988,73.08556373780529,63.70001591752033,0.0,1,1.7763568394002505e-14,0.0,0.07634348474328956,-0.07317009295699606,73.05265172258203,-63.70001399999998,9.600245523085988,73.08556373780529,-63.70001591752033,0.0,1,1.7763568394002505e-14
0.5833333333333334,583333,soften_stance,0.0,0.0,76.62864508078592,1.0,0.0,0.0,0.0,0.0,0.0,76.62864508078592,39.59003440672778,32.88969808140655,0,feet,0.0,0.0774147538558041,-0.0741707482232532,-39.62998034247471,63.70001399999999,9.600218832219198,-39.590034406727774,63.70001591752033,0.0,1,3.197442310920451e-14,0.0,0.0774147538558041,-0.07417075675988194,-39.62998034247474,-63.70001399999998,9.60021883221917,-39.59003440672778,-63.70001591752033,0.0,1,1.7763568394002505e-15,0.0,0.07741477343134928,-0.0741708287988243,73.04561766392132,63.70001399999999,9.600218831644426,73.08556373780529,63.70001591752033,0.0,1,3.907985046680551e-14,0.0,0.07741477343134928,-0.0741708287988243,73.04561766392132,-63.70001399999998,9.600218831644426,73.08556373780529,-63.70001591752033,0.0,1,3.907985046680551e-14
0.5916666666666667,591667,soften_stance,0.0,0.0,76.56964566448907,1.0,0.0,0.0,0.0,0.0,0.0,76.56964566448907,39.59003440672778,32.83069866510971,0,feet,0.0,0.07843455112223596,-0.07512272258723973,-39.63667571765169,63.70001399999999,9.600188638375485,-39.590034406727774,63.70001591752033,0.0,1,8.881784197001252e-15,0.0,0.0784345511222364,-0.07512273122940138,-39.63667571765173,-63.70001399999998,9.600188638375485,-39.59003440672778,-63.70001591752033,0.0,1,1.0658141036401503e-14,0.0,0.07843457092542305,-0.07512280416077877,73.03892228699908,63.70001399999999,9.600188637695922,73.08556373780529,63.70001591752033,0.0,1,4.973799150320701e-14,0.0,0.07843457092542305,-0.07512280416077877,73.03892228699908,-63.70001399999998,9.600188637695922,73.08556373780529,-63.70001591752033,0.0,1,4.973799150320701e-14
0.6,600000,soften_stance,0.0,0.0,76.51362662061679,1.0,0.0,0.0,0.0,0.0,0.0,76.51362662061679,39.59003440672778,32.774679621237425,0,feet,0.0,0.07940200512084328,-0.07602523976889008,-39.643026897439995,63.70001399999999,9.600155681040107,-39.590034406727774,63.70001591752033,0.0,1,1.4210854715202004e-14,0.0,0.07940200512084328,-0.076025248511014,-39.64302689743998,-63.70001399999998,9.600155681040135,-39.59003440672778,-63.70001591752033,0.0,1,4.085620730620576e-14,0.0,0.0794020251392964,-0.07602532228779468,73.0325711055566,63.70001399999999,9.600155680258823,73.08556373780529,63.70001591752033,0.0,1,5.329070518200751e-15,0.0,0.0794020251392964,-0.07602532228779468,73.0325711055566,-63.70001399999998,9.600155680258823,73.08556373780529,-63.70001591752033,0.0,1,5.329070518200751e-15
0.6083333333333333,608333,soften_stance,0.0,0.0,76.46063515930231,1.0,0.0,0.0,0.0,0.0,0.0,76.46063515930231,39.59003440672778,32.72168815992295,0,feet,0.0,0.08031643307248393,-0.07687775771629202,-39.64902947910273,63.70001399999999,9.600120670372519,-39.590034406727774,63.70001591752033,0.0,1,-1.7763568394002505e-15,0.0,0.08031643307248393,-0.07687776655275913,-39.64902947910271,-63.70001399999998,9.600120670372519,-39.59003440672778,-63.70001591752033,0.0,1,-1.7763568394002505e-15,0.0,0.08031645329378767,-0.07687784112751572,73.02656852233167,63.70001399999999,9.600120669493123,73.08556373780529,63.70001591752033,0.0,1,-2.1316282072803006e-14,0.0,0.08031645329378767,-0.07687784112751572,73.02656852233167,-63.70001399999998,9.600120669493123,73.08556373780529,-63.70001591752033,0.0,1,-2.1316282072803006e-14
0.6166666666666667,616667,soften_stance,0.0,0.0,76.41070797519676,1.0,0.0,0.0,0.0,0.0,0.0,76.41070797519676,39.59003440672778,32.67176097581739,0,feet,0.0,0.08117732808494083,-0.07767989449219126,-39.654680213170174,63.70001399999999,9.600084282129401,-39.590034406727774,63.70001591752033,0.0,1,1.5987211554602254e-14,0.0,0.08117732808494127,-0.07767990341735587,-39.65468021317019,-63.70001399999998,9.600084282129401,-39.59003440672778,-63.70001591752033,0.0,1,1.5987211554602254e-14,0.0,0.08117734849667269,-0.07767997874240651,73.02091778679463,63.70001399999999,9.600084281155901,73.08556373780529,63.70001591752033,0.0,1,2.1316282072803006e-14,0.0,0.08117734849667269,-0.07767997874240651,73.02091778679463,-63.70001399999998,9.600084281155901,73.08556373780529,-63.70001591752033,0.0,1,2.1316282072803006e-14
0.625,625000,soften_stance,0.0,0.0,76.36387080932403,1.0,0.0,0.0,0.0,0.0,0.0,76.36387080932403,39.59003440672778,32.62492380994466,0,feet,0.0,0.08198436582022106,-0.07843143382899465,-39.659977046318375,63.70001399999999,9.600047152563661,-39.590034406727774,63.70001591752033,0.0,1,1.5987211554602254e-14,0.0,0.08198436582022106,-0.07843144283720127,-39.659977046318375,-63.70001399999998,9.600047152563661,-39.59003440672778,-63.70001591752033,0.0,1,1.5987211554602254e-14,0.0,0.08198438640998607,-0.07843151886475841,73.01562095226978,63.70001399999999,9.600047151500377,73.08556373780529,63.70001591752033,0.0,1,3.730349362740526e-14,0.0,0.08198438640998607,-0.07843151886475841,73.01562095226978,-63.70001399999998,9.600047151500377,73.08556373780529,-63.70001591752033,0.0,1,3.730349362740526e-14
0.6333333333333333,633333,soften_stance,0.0,0.0,76.32013801093576,1.0,0.0,0.0,0.0,0.0,0.0,76.32013801093576,39.59003440672778,32.5811910115564,0,feet,0.0,0.0827374112567063,-0.07913233083956417,-39.664919164923525,63.70001399999999,9.600009873810976,-39.590034406727774,63.70001591752033,0.0,1,0.0,0.0,0.0827374112567063,-0.07913233992516178,-39.664919164923525,-63.70001399999998,9.600009873810976,-39.59003440672778,-63.70001591752033,0.0,1,0.0,0.0,0.08273743201217476,-0.07913241660748893,73.01067883238102,63.70001399999999,9.600009872662568,73.08556373780529,63.70001591752033,0.0,1,4.796163466380676e-14,0.0,0.08273743201217476,-0.07913241660748893,73.01067883238102,-63.70001399999998,9.600009872662568,73.08556373780529,-63.70001591752033,0.0,1,4.796163466380676e-14
0.6416666666666667,641667,soften_stance,0.0,0.0,76.27951209936623,1.0,0.0,0.0,0.0,0.0,0.0,76.27951209936623,39.64863383725522,32.540565099986864,0,feet,0.0,0.08343666963488117,-0.07978285190399648,-39.6695079848451,63.70001399999999,9.599981357150313,-39.64863383725521,60.014427080345826,0.0,1,7.105427357601002e-15,0.0,0.08343666963488117,-0.07978286106137755,-39.6695079848451,-63.70001399999998,9.599981357150313,-39.648633837255225,-60.014427080345826,0.0,1,7.105427357601002e-15,0.0,0.08343669055944991,-0.07978293836557615,73.00609001116592,63.70001399999999,9.599981356827357,73.02696430727798,60.014427080345826,0.0,1,0.0,0.0,0.08343669055944991,-0.07978293836557615,73.00609001116592,-63.70001399999998,9.599981356827357,73.02696430727798,-60.014427080345826,0.0,1,0.0
0.65,650000,soften_stance,0.0,0.0,76.2419833258872,1.0,0.0,0.0,0.0,0.0,0.0,76.2419833258872,39.64863383725522,32.50303632650784,0,feet,0.0,0.08408256202708264,-0.08038345799459679,-39.67374634140157,63.70001399999999,9.599971205675885,-39.64863383725521,60.014427080345826,0.0,1,-1.9539925233402755e-14,0.0,0.08408256202708264,-0.08038346721821332,-39.673746341401554,-63.70001399999998,9.599971205675914,-39.648633837255225,-60.014427080345826,0.0,1,8.881784197001252e-15,0.0,0.08408258309324657,-0.08038354508296974,73.00185165350877,63.70001399999999,9.599971205284518,73.02696430727798,60.014427080345826,0.0,1,1.2434497875801753e-14,0.0,0.08408258309324657,-0.08038354508296974,73.00185165350877,-63.70001399999998,9.599971205284518,73.02696430727798,-60.014427080345826,0.0,1,1.2434497875801753e-14
0.6583333333333333,658333,soften_stance,0.0,0.0,76.20752923556294,1.0,0.0,0.0,0.0,0.0,0.0,76.20752923556294,39.64863383725522,32.46858223618358,0,feet,0.0,0.0846752251985774,-0.08093434013686052,-39.677635192222326,63.70001399999999,9.599960245182316,-39.64863383725521,60.014427080345826,0.0,1,-7.105427357601002e-15,0.0,0.0846752251985774,-0.0809343494211956,-39.677635192222326,-63.70001399999998,9.599960245182316,-39.648633837255225,-60.014427080345826,0.0,1,-7.105427357601002e-15,0.0,0.08467524639440516,-0.08093442779985383,72.9979628016786,63.70001399999999,9.599960244727257,73.02696430727798,60.014427080345826,0.0,1,-8.881784197001252e-15,0.0,0.08467524639440516,-0.08093442779985383,72.9979628016786,-63.70001399999998,9.599960244727257,73.02696430727798,-60.014427080345826,0.0,1,-8.881784197001252e-15
0.6666666666666666,666667,soften_stance,0.0,0.0,76.17611422910504,1.0,0.0,0.0,0.0,0.0,0.0,76.17611422910504,39.64863383725522,32.437167229725674,0,feet,0.0,0.08521535167521632,-0.08143620023002551,-39.68117913503285,63.70001399999999,9.599948884825565,-39.64863383725521,60.014427080345826,0.0,1,1.7763568394002505e-15,0.0,0.08521535167521632,-0.08143620956964792,-39.68117913503288,-63.70001399999998,9.599948884825537,-39.648633837255225,-60.014427080345826,0.0,1,-2.6645352591003757e-14,0.0,0.08521537298899684,-0.08143628841627315,72.99441885794855,63.70001399999999,9.599948884311786,73.02696430727798,60.014427080345826,0.0,1,8.881784197001252e-15,0.0,0.08521537298899684,-0.08143628841627315,72.99441885794855,-63.70001399999998,9.599948884311786,73.02696430727798,-60.014427080345826,0.0,1,8.881784197001252e-15
0.675,675000,soften_stance,0.0,0.0,76.14768912472736,1.0,0.0,0.0,0.0,0.0,0.0,76.14768912472736,39.64863383725522,32.408742125348,0,feet,0.0,0.08570385888330767,-0.08188994291773266,-39.68438423808499,63.70001399999999,9.599937483989734,-39.64863383725521,60.014427080345826,0.0,1,-1.7763568394002505e-14,0.0,0.08570385888330811,-0.0818899523073191,-39.684384238085,-63.70001399999998,9.599937483989763,-39.648633837255225,-60.014427080345826,0.0,1,1.0658141036401503e-14,0.0,0.08570388030358922,-0.08189003157687624,72.99121375406514,63.70001399999999,9.599937483422295,73.02696430727798,60.014427080345826,0.0,1,2.3092638912203256e-14,0.0,0.08570388030358922,-0.08189003157687624,72.99121375406514,-63.70001399999998,9.599937483422295,73.02696430727798,-60.014427080345826,0.0,1,2.3092638912203256e-14
0.6833333333333333,683333,soften_stance,0.0,0.0,76.12219072000099,1.0,0.0,0.0,0.0,0.0,0.0,76.12219072000099,39.64863383725522,32.38324372062162,0,feet,0.0,0.08614189659379967,-0.08229668242621502,-39.68725808872629,63.70001399999999,9.599926351533611,-39.64863383725521,60.014427080345826,0.0,1,7.105427357601002e-15,0.0,0.08614189659380012,-0.08229669186057142,-39.68725808872632,-63.70001399999998,9.599926351533611,-39.648633837255225,-60.014427080345826,0.0,1,7.105427357601002e-15,0.0,0.08614191810943561,-0.08229677150911296,72.98833990267872,63.70001399999999,9.599926350917485,73.02696430727798,60.014427080345826,0.0,1,-2.3092638912203256e-14,0.0,0.08614191810943561,-0.08229677150911296,72.98833990267872,-63.70001399999998,9.599926350917485,73.02696430727798,-60.014427080345826,0.0,1,-2.3092638912203256e-14
0.6916666666666667,691667,soften_stance,0.0,0.0,76.09954135370907,1.0,0.0,0.0,0.0,0.0,0.0,76.09954135370907,39.64863383725522,32.360594354329706,0,feet,0.0,0.0865308544867136,-0.08265774960321481,-39.68980984286665,63.70001399999999,9.599915745684058,-39.64863383725521,60.014427080345826,0.0,1,-8.881784197001252e-15,0.0,0.08653085448671405,-0.08265775907729944,-39.68980984286667,-63.70001399999998,9.599915745684058,-39.648633837255225,-60.014427080345826,0.0,1,-8.881784197001252e-15,0.0,0.08653087608690502,-0.08265783906216351,72.98578814787703,63.70001399999999,9.599915745024447,73.02696430727798,60.014427080345826,0.0,1,1.5987211554602254e-14,0.0,0.08653087608690502,-0.08265783906216351,72.98578814787703,-63.70001399999998,9.599915745024447,73.02696430727798,-60.014427080345826,0.0,1,1.5987211554602254e-14
0.7,700000,soften_stance,0.0,0.0,76.07964846770177,1.0,0.0,0.0,0.0,0.0,0.0,76.07964846770177,39.64863383725522,32.34070146832241,0,feet,0.0,0.08687236983395774,-0.08297469915473643,-39.69205027532935,63.70001399999999,9.599905874568535,-39.64863383725521,60.014427080345826,0.0,1,-2.4868995751603507e-14,0.0,0.08687236983395819,-0.08297470866368384,-39.692050275329365,-63.70001399999998,9.599905874568563,-39.648633837255225,-60.014427080345826,0.0,1,3.552713678800501e-15,0.0,0.08687239150830317,-0.08297478894369359,72.98354771483383,63.70001399999999,9.599905873870412,73.02696430727798,60.014427080345826,0.0,1,5.329070518200751e-15,0.0,0.08687239150830317,-0.08297478894369359,72.98354771483383,-63.70001399999998,9.599905873870412,73.02696430727798,-60.014427080345826,0.0,1,5.329070518200751e-15
0.7083333333333334,708333,soften_stance,0.0,0.0,76.0624041687512,1.0,0.0,0.0,0.0,0.0,0.0,76.0624041687512,39.64863383725522,32.323457169371835,0,feet,0.0,0.0871683352967918,-0.08324931707352112,-39.693991831061865,63.70001399999999,9.599896897366577,-39.64863383725521,60.014427080345826,0.0,1,-1.9539925233402755e-14,0.0,0.08716833529679224,-0.08324932661266615,-39.69399183106188,-63.70001399999998,9.599896897366605,-39.648633837255225,-60.014427080345826,0.0,1,8.881784197001252e-15,0.0,0.08716835703533388,-0.08324940714834028,72.98160615859837,63.70001399999999,9.59989689663486,73.02696430727798,60.014427080345826,0.0,1,1.4210854715202004e-14,0.0,0.08716835703533388,-0.08324940714834028,72.98160615859837,-63.70001399999998,9.59989689663486,73.02696430727798,-60.014427080345826,0.0,1,1.4210854715202004e-14
0.7166666666666667,716667,soften_stance,0.0,0.0,76.04768479040627,1.0,0.0,0.0,0.0,0.0,0.0,76.04768479040627,39.64863383725522,32.3087377910269,0,feet,0.0,0.08742090683210568,-0.08348362824962141,-39.695648677162744,63.70001399999999,9.599888926050113,-39.64863383725521,60.014427080345826,0.0,1,7.105427357601002e-15,0.0,0.08742090683210568,-0.08348363781452584,-39.695648677162744,-63.70001399999998,9.599888926050113,-39.648633837255225,-60.014427080345826,0.0,1,7.105427357601002e-15,0.0,0.08742092862538309,-0.08348371856829306,72.97994931206833,63.70001399999999,9.59988892528952,73.02696430727798,60.014427080345826,0.0,1,-1.7763568394002505e-15,0.0,0.08742092862538309,-0.08348371856829306,72.97994931206833,-63.70001399999998,9.59988892528952,73.02696430727798,-60.014427080345826,0.0,1,-1.7763568394002505e-15
0.725,725000,soften_stance,0.0,0.0,76.03535045484763,1.0,0.0,0.0,0.0,0.0,0.0,76.03535045484763,39.64863383725522,32.296403455468266,0,feet,0.0,0.08763251169936526,-0.08367990424951222,-39.697036755665394,63.70001399999999,9.599882027668926,-39.64863383725521,60.014427080345826,0.0,1,2.4868995751603507e-14,0.0,0.0876325116993657,-0.08367991383599005,-39.69703675566542,-63.70001399999998,9.599882027668926,-39.648633837255225,-60.014427080345826,0.0,1,2.4868995751603507e-14,0.0,0.08763253353846467,-0.08367999477241561,72.97856123320628,63.70001399999999,9.59988202688406,73.02696430727798,60.014427080345826,0.0,1,1.0658141036401503e-14,0.0,0.08763253353846467,-0.08367999477241561,72.97856123320628,-63.70001399999998,9.59988202688406,73.02696430727798,-60.014427080345826,0.0,1,1.0658141036401503e-14
0.7333333333333333,733333,soften_stance,0.0,0.0,76.02524463474263,1.0,0.0,0.0,0.0,0.0,0.0,76.02524463474263,39.64863383725522,32.28629763536327,0,feet,0.0,0.08780585655749373,-0.08384067124586503,-39.69817383699872,63.70001399999999,9.599876227123772,-39.64863383725521,60.014427080345826,0.0,1,-1.2434497875801753e-14,0.0,0.08780585655749418,-0.0838406808500114,-39.698173836998706,-63.70001399999998,9.5998762271238,-39.648633837255225,-60.014427080345826,0.0,1,1.5987211554602254e-14,0.0,0.08780587843410759,-0.08384076193602796,72.97742415157853,63.70001399999999,9.599876226318983,73.02696430727798,60.014427080345826,0.0,1,7.105427357601002e-15,0.0,0.08780587843410759,-0.08384076193602796,72.97742415157853,-63.70001399999998,9.599876226318983,73.02696430727798,-60.014427080345826,0.0,1,7.105427357601002e-15
0.7416666666666667,741667,soften_stance,0.0,0.0,76.01719371510018,1.0,0.0,0.0,0.0,0.0,0.0,76.01719371510018,39.64863383725522,32.27824671572081,0,feet,0.0,0.08794393563812264,-0.08396871807533346,-39.69907957402336,63.70001399999999,9.599871510354347,-39.64863383725521,60.014427080345826,0.0,1,8.881784197001252e-15,0.0,0.08794393563812308,-0.08396872769354857,-39.699079574023386,-63.70001399999998,9.599871510354347,-39.648633837255225,-60.014427080345826,0.0,1,8.881784197001252e-15,0.0,0.08794395754460282,-0.08396880889869829,72.97651841431943,63.70001399999999,9.599871509533614,73.02696430727798,60.014427080345826,0.0,1,3.019806626980426e-14,0.0,0.08794395754460282,-0.08396880889869829,72.97651841431943,-63.70001399999998,9.599871509533614,73.02696430727798,-60.014427080345826,0.0,1,3.019806626980426e-14
0.75,750000,soften_stance,0.0,0.0,76.01100655512562,1.0,0.0,0.0,0.0,0.0,0.0,76.01100655512562,39.64863383725522,32.27205955574625,0,feet,0.0,0.0880500389785106,-0.08406710439646625,-39.699775556520095,63.70001399999999,9.599867827851682,-39.64863383725521,60.014427080345826,0.0,1,8.881784197001252e-15,0.0,0.08805003897851105,-0.08406711402549139,-39.69977555652011,-63.70001399999998,9.599867827851682,-39.648633837255225,-60.014427080345826,0.0,1,8.881784197001252e-15,0.0,0.08805006090793199,-0.08406719532216655,72.97582243164248,63.70001399999999,9.599867827018585,73.02696430727798,60.014427080345826,0.0,1,-4.973799150320701e-14,0.0,0.08805006090793199,-0.08406719532216655,72.97582243164248,-63.70001399999998,9.599867827018585,73.02696430727798,-60.014427080345826,0.0,1,-4.973799150320701e-14
0.7583333333333333,758333,soften_stance,0.0,0.0,76.00647405007572,1.0,0.0,0.0,0.0,0.0,0.0,76.00647405007572,39.64863383725522,32.26752705069636,0,feet,0.0,0.08812776069401318,-0.08413916891418971,-39.70028536597961,63.70001399999999,9.599865098388193,-39.64863383725521,60.014427080345826,0.0,1,1.5987211554602254e-14,0.0,0.08812776069401318,-0.08413917855113207,-39.700285365979624,-63.70001399999998,9.599865098388165,-39.648633837255225,-60.014427080345826,0.0,1,-1.2434497875801753e-14,0.0,0.08812778264023402,-0.08413925991484428,72.97531262205104,63.70001399999999,9.599865097546143,73.02696430727798,60.014427080345826,0.0,1,2.1316282072803006e-14,0.0,0.08812778264023402,-0.08413925991484428,72.97531262205104,-63.70001399999998,9.599865097546143,73.02696430727798,-60.014427080345826,0.0,1,2.1316282072803006e-14
0.7666666666666667,766667,soften_stance,0.0,0.0,76.00336869311361,1.0,0.0,0.0,0.0,0.0,0.0,76.00336869311361,39.64863383725522,32.26442169373425,0,feet,0.0,0.08818100726624012,-0.08418853763104783,-39.70063463051781,63.70001399999999,9.599863212836496,-39.64863383725521,60.014427080345826,0.0,1,2.1316282072803006e-14,0.0,0.08818100726624012,-0.08418854727341296,-39.700634630517825,-63.70001399999998,9.599863212836468,-39.648633837255225,-60.014427080345826,0.0,1,-7.105427357601002e-15,0.0,0.08818102922396731,-0.08418862868304666,72.97496335742244,63.70001399999999,9.59986321198825,73.02696430727798,60.014427080345826,0.0,1,1.4210854715202004e-14,0.0,0.08818102922396731,-0.08418862868304666,72.97496335742244,-63.70001399999998,9.59986321198825,73.02696430727798,-60.014427080345826,0.0,1,1.4210854715202004e-14
0.775,775000,soften_stance,0.0,0.0,76.00144413716355,1.0,0.0,0.0,0.0,0.0,0.0,76.00144413716355,39.64863383725522,32.26249713778418,0,feet,0.0,0.0882140058190033,-0.08421913207870713,-39.70085107970973,63.70001399999999,9.599862037928531,-39.64863383725521,60.014427080345826,0.0,1,-5.329070518200751e-15,0.0,0.08821400581900374,-0.08421914172443357,-39.70085107970975,-63.70001399999998,9.599862037928531,-39.648633837255225,-60.014427080345826,0.0,1,-5.329070518200751e-15,0.0,0.08821402778386078,-0.08421922316252628,72.97474690817455,63.70001399999999,9.599862037076505,73.02696430727798,60.014427080345826,0.0,1,4.263256414560601e-14,0.0,0.08821402778386078,-0.08421922316252628,72.97474690817455,-63.70001399999998,9.599862037076505,73.02696430727798,-60.014427080345826,0.0,1,4.263256414560601e-14
0.7833333333333333,783333,soften_stance,0.0,0.0,76.00043475676594,1.0,0.0,0.0,0.0,0.0,0.0,76.00043475676594,39.64863383725522,32.261487757386575,0,feet,0.0,0.08823131234976467,-0.0842351774759793,-39.700964599104196,63.70001399999999,9.599861419782883,-39.64863383725521,60.014427080345826,0.0,1,2.6645352591003757e-14,0.0,0.08823131234976511,-0.08423518712346745,-39.70096459910424,-63.70001399999998,9.599861419782854,-39.648633837255225,-60.014427080345826,0.0,1,0.0,0.0,0.08823133431836183,-0.08423526857648422,72.97463338875065,63.70001399999999,9.59986141892881,73.02696430727798,60.014427080345826,0.0,1,4.085620730620576e-14,0.0,0.08823133431836183,-0.08423526857648422,72.97463338875065,-63.70001399999998,9.59986141892881,73.02696430727798,-60.014427080345826,0.0,1,4.085620730620576e-14
0.7916666666666666,791667,soften_stance,0.0,0.0,76.0000552099323,1.0,0.0,0.0,0.0,0.0,0.0,76.0000552099323,39.64863383725522,32.26110821055293,0,feet,0.0,0.08823781987963297,-0.08424121075186841,-39.70100728414793,63.70001399999999,9.599861187003256,-39.64863383725521,60.014427080345826,0.0,1,1.7763568394002505e-15,0.0,0.08823781987963342,-0.08424122040001913,-39.70100728414794,-63.70001399999998,9.599861187003285,-39.648633837255225,-60.014427080345826,0.0,1,3.019806626980426e-14,0.0,0.08823784184963568,-0.08424130185864653,72.97459070369587,63.70001399999999,9.599861186148416,73.02696430727798,60.014427080345826,0.0,1,1.7763568394002505e-15,0.0,0.08823784184963568,-0.08424130185864653,72.97459070369587,-63.70001399999998,9.599861186148416,73.02696430727798,-60.014427080345826,0.0,1,1.7763568394002505e-15
0.8,800000,soften_stance,0.0,0.0,76.0,1.0,0.0,0.0,0.0,0.0,0.0,76.0,39.64863383725522,32.261053000620635,0,feet,0.0,0.08823876647995776,-0.08424208836393632,-39.70101349321082,63.70001399999999,9.599861153126795,-39.64863383725521,60.014427080345826,0.0,1,-3.552713678800501e-15,0.0,0.08823876647995776,-0.08424209801218518,-39.70101349321078,-63.70001399999998,9.599861153126852,-39.648633837255225,-60.014427080345826,0.0,1,5.5067062021407764e-14,0.0,0.08823878845016475,-0.08424217947162838,72.97458449463139,63.70001399999999,9.599861152271842,73.02696430727798,60.014427080345826,0.0,1,-1.7763568394002505e-15,0.0,0.08823878845016475,-0.08424217947162838,72.97458449463139,-63.70001399999998,9.599861152271842,73.02696430727798,-60.014427080345826,0.0,1,-1.7763568394002505e-15
0.8083333333333333,808333,droop_front,-2.2859760802469136e-05,0.0,75.99995999541859,0.9999999999998757,0.0,4.987226152767637e-07,0.0,-2.2859760802469136e-05,0.0,75.99995999541859,39.648610977494414,32.26091296610107,0,feet,0.0,0.08823697142109355,-0.08424337956614902,-39.7010130530743,63.70001399999999,9.599861155528345,-39.64863383725521,60.014427080345826,0.0,1,4.440892098500626e-14,0.0,0.08823697142109355,-0.08424338921453822,-39.70101305307431,-63.70001399999998,9.599861155528316,-39.648633837255225,-60.014427080345826,0.0,1,1.5987211554602254e-14,0.0,0.08823808490290519,-0.08424585212569147,72.97461380562295,63.70001399999999,9.599861062727811,73.02701002679959,60.014427080345826,0.0,1,8.881784197001252e-15,0.0,0.08823808490290519,-0.08424585212569147,72.97461380562295,-63.70001399999998,9.599861062727811,73.02701002679959,-60.014427080345826,0.0,1,8.881784197001252e-15
0.8166666666666667,816667,droop_front,-0.00018058641975308642,0.0,75.99968397376543,0.9999999999922391,0.0,3.939784511339662e-06,0.0,-0.00018058641975308642,0.0,75.99968397376543,39.648453250835466,32.259946763961494,0,feet,0.0,0.08822458599163907,-0.08425228847558008,-39.701010015985645,63.70001399999999,9.599861172098898,-39.64863383725521,60.014427080345826,0.0,1,-2.842170943040401e-14,0.0,0.08822458599163951,-0.08425229812494806,-39.70101001598566,-63.70001399999998,9.599861172098926,-39.648633837255225,-60.014427080345826,0.0,1,0.0,0.0,0.08823323044502063,-0.08427119230505253,72.97481604411185,63.70001399999999,9.599860444131536,73.02732548011748,60.014427080345826,0.0,1,-1.7763568394002505e-15,0.0,0.08823323044502063,-0.08427119230505253,72.97481604411185,-63.70001399999998,9.599860444131536,73.02732548011748,-60.014427080345826,0.0,1,-1.7763568394002505e-15
0.825,825000,droop_front,-0.0006017968750000001,0.0,75.99894685546874,0.9999999999138124,0.0,1.312917112082625e-05,0.0,-0.0006017968750000001,0.0,75.99894685546874,39.648032040380215,32.25736652264842,0,feet,0.0,0.08819151084698085,-0.08427607924664215,-39.70100190321887,63.70001399999999,9.599861216358178,-39.64863383725521,60.014427080345826,0.0,1,-1.7763568394002505e-14,0.0,0.08819151084698085,-0.08427608889862359,-39.70100190321887,-63.70001399999998,9.599861216358178,-39.648633837255225,-60.014427080345826,0.0,1,-1.7763568394002505e-14,0.0,0.08822026522817872,-0.08433886160259041,72.97535612332635,63.70001399999999,9.599858785618054,73.02816790102797,60.014427080345826,0.0,1,6.039613253960852e-14,0.0,0.08822026522817872,-0.08433886160259041,72.97535612332635,-63.70001399999998,9.599858785618054,73.02816790102797,-60.014427080345826,0.0,1,6.039613253960852e-14
0.8333333333333334,833333,droop_front,-0.001408395061728395,0.0,75.99753530864197,0.9999999995279437,0.0,3.072641374015172e-05,0.0,-0.001408395061728395,0.0,75.99753530864197,39.64722544219349,32.252425523276656,0,feet,0.0,0.08812817454061461,-0.0843216352138727,-39.70098635874132,63.70001399999999,9.599861301142042,-39.64863383725521,60.014427080345826,0.0,1,-2.4868995751603507e-14,0.0,0.08812817454061461,-0.08432164487085902,-39.700986358741304,-63.70001399999998,9.599861301142042,-39.648633837255225,-60.014427080345826,0.0,1,-2.4868995751603507e-14,0.0,0.08819552728238733,-0.08446852583541808,72.97638972253135,63.70001399999999,9.599861138018909,72.88462917289407,63.70001591568979,0.0,1,4.085620730620576e-14,0.0,0.08819552728238733,-0.08446852583541808,72.97638972253135,-63.70001399999998,9.599861138018909,72.88462917289407,-63.70001591568979,0.0,1,4.085620730620576e-14
0.8416666666666667,841667,droop_front,-0.0027156876929012343,0.0,75.99524754653743,0.9999999982448897,0.0,5.924711458660723e-05,0.0,-0.0027156876929012343,0.0,75.99524754653743,39.64591814956232,32.244417522077384,0,feet,0.0,0.08802552522727014,-0.08439546372285323,-39.70096114019222,63.70001399999999,9.599861438637447,-39.64863383725521,60.014427080345826,0.0,1,-5.329070518200751e-15,0.0,0.08802552522727014,-0.08439547338794773,-39.70096114019222,-63.70001399999998,9.599861438637447,-39.648633837255225,-60.014427080345826,0.0,1,-5.329070518200751e-15,0.0,0.0881555072671607,-0.0846787402820981,72.97806433492654,63.70001399999999,9.599870076753646,72.88724375815642,63.70001591568979,0.0,1,1.2434497875801753e-14,0.0,0.0881555072671607,-0.0846787402820981,72.97806433492654,-63.70001399999998,9.599870076753646,72.88724375815642,-63.70001591568979,0.0,1,1.2434497875801753e-14
0.85,850000,droop_front,-0.004632500000000001,0.0,75.991893125,0.9999999948928852,0.0,0.00010106547182624569,0.0,-0.004632500000000001,0.0,75.991893125,39.64400133725522,32.232676081479966,0,feet,0.0,0.08787502258291813,-0.08450370049554445,-39.700924108005516,63.70001399999999,9.599861640422532,-39.64863383725521,60.014427080345826,0.0,1,5.329070518200751e-15,0.0,0.08787502258291857,-0.08450371017252589,-39.70092410800553,-63.70001399999998,9.599861640422532,-39.648633837255225,-60.014427080345826,0.0,1,5.329070518200751e-15,0.0,0.0880967939870243,-0.0849869186109542,72.98051971389687,63.70001399999999,9.599883016845439,72.89107738277062,63.70001591568979,0.0,1,7.105427357601002e-15,0.0,0.0880967939870243,-0.0849869186109542,72.98051971389687,-63.70001399999998,9.599883016845439,72.89107738277062,-63.70001591568979,0.0,1,7.105427357601002e-15
0.8583333333333333,858333,droop_front,-0.007261291473765432,0.0,75.98729273992092,0.999999987452058,0.0,0.00015841680454264616,0.0,-0.007261291473765432,0.0,75.98729273992092,39.64137254578145,32.21657390774167,0,feet,0.0,0.0876686298886753,-0.08465211364668246,-39.70087321313838,63.70001399999999,9.59986191751102,-39.64863383725521,60.014427080345826,0.0,1,1.7763568394002505e-15,0.0,0.08766862988867574,-0.08465212333996108,-39.700873213138394,-63.70001399999998,9.59986191751102,-39.648633837255225,-60.014427080345826,0.0,1,1.7763568394002505e-15,0.0,0.08801620635500962,-0.0854094742352931,72.98388708893614,63.70001399999999,9.599900441850139,72.89633496571815,63.70001591568979,0.0,1,-8.881784197001252e-15,0.0,0.08801620635500962,-0.0854094742352931,72.98388708893614,-63.70001399999998,9.599900441850139,72.89633496571815,-63.70001591568979,0.0,1,-8.881784197001252e-15
0.8666666666666667,866667,droop_front,-0.010698271604938272,0.0,75.98127802469136,0.9999999727622015,0.0,0.00023340007760438717,0.0,-0.010698271604938272,0.0,75.98127802469136,39.63793556565028,32.1955221932321,0,feet,0.0,0.0873988062302673,-0.0848461074587572,-39.70080648382941,63.70001399999999,9.599862280398611,-39.64863383725521,60.014427080345826,0.0,1,-2.3092638912203256e-14,0.0,0.08739880623026774,-0.08484611717333479,-39.700806483829425,-63.70001399999998,9.59986228039864,-39.648633837255225,-60.014427080345826,0.0,1,5.329070518200751e-15,0.0,0.08791072802608868,-0.08596177850363462,72.9882896721545,63.70001399999999,9.599922662935683,72.9032089259805,63.70001591568979,0.0,1,4.973799150320701e-14,0.0,0.08791072802608868,-0.08596177850363462,72.9882896721545,-63.70001399999998,9.599922662935683,72.9032089259805,-63.70001591568979,0.0,1,4.973799150320701e-14
0.875,875000,droop_front,-0.015033515624999999,0.0,75.97369134765626,0.9999999462144185,0.0,0.0003279804263776228,0.0,-0.015033515624999999,0.0,75.97369134765626,39.63360032163022,32.168969961664104,0,feet,0.0,0.08705849876916583,-0.08509072601437895,-39.70072201177431,63.70001399999999,9.599862739109653,-39.64863383725521,60.014427080345826,0.0,1,-1.7763568394002505e-14,0.0,0.08705849876916627,-0.08509073575580883,-39.700722011774324,-63.70001399999998,9.599862739109653,-39.648633837255225,-60.014427080345826,0.0,1,-1.7763568394002505e-14,0.0,0.08777749670019785,-0.08665816947132043,72.99384280345875,63.70001399999999,9.599949784790866,72.91187941402062,63.70001591568979,0.0,1,-1.2434497875801753e-14,0.0,0.08777749670019785,-0.08665816947132043,72.99384280345875,-63.70001399999998,9.599949784790866,72.91187941402062,-63.70001591568979,0.0,1,-1.2434497875801753e-14
0.8833333333333333,883333,droop_front,-0.020351080246913577,0.0,75.9643856095679,0.9999999014356886,0.0,0.0004439916812205327,0.0,-0.020351080246913577,0.0,75.9643856095679,39.62828275700831,32.13640341473722,0,feet,0.0,0.0866411350457863,-0.08539065677638069,-39.700617938073364,63.70001399999999,9.599863303242046,-39.64863383725521,60.014427080345826,0.0,1,7.105427357601002e-15,0.0,0.0866411350457863,-0.08539066655072514,-39.700617938073364,-63.70001399999998,9.599863303242046,-39.648633837255225,-60.014427080345826,0.0,1,7.105427357601002e-15,0.0,0.08761379325687058,-0.08751196054529231,73.00065409562366,63.70001399999999,9.599981670715408,72.92251454326444,63.70001591568979,0.0,1,1.7763568394002505e-15,0.0,0.08761379325687058,-0.08751196054529231,73.00065409562366,-63.70001399999998,9.599981670715408,72.92251454326444,-63.70001591568979,0.0,1,1.7763568394002505e-15
0.8916666666666667,891667,droop_front,-0.026729119405864192,0.0,75.95322404103973,0.9999998299745021,0.0,0.000583138891689305,0.0,-0.026729119405864192,0.0,75.95322404103973,39.621904717849354,32.0973452788263,0,feet,0.0,0.08614061527915862,-0.0857502341977634,-39.700492439270285,63.70001399999999,9.599863982008728,-39.64863383725521,60.014427080345826,0.0,1,2.3092638912203256e-14,0.0,0.08614061527915906,-0.0857502440115554,-39.700492439270334,-63.70001399999998,9.5998639820087,-39.648633837255225,-60.014427080345826,0.0,1,-5.329070518200751e-15,0.0,0.08741703090870478,-0.08853544929868784,73.00882357931977,63.70001399999999,9.600017907802169,72.93527062158235,63.70001591568979,0.0,1,-2.1316282072803006e-14,0.0,0.08741703090870478,-0.08853544929868784,73.00882357931977,-63.70001399999998,9.600017907802169,72.93527062158235,-63.70001591568979,0.0,1,-2.1316282072803006e-14
0.9,900000,droop_front,-0.034240000000000013,0.0,75.94008,0.9999997209948258,0.0,0.0007470008503811981,0.0,-0.034240000000000013,0.0,75.94008,39.61439383725522,32.05135415050293,0,feet,0.0,0.08555130463138205,-0.08617344343558431,-39.70034371377132,63.70001399999999,9.599864784273919,-39.64863383725521,60.014427080345826,0.0,1,4.440892098500626e-14,0.0,0.08555130463138205,-0.0861734532957894,-39.700343713771304,-63.70001399999998,9.599864784273919,-39.648633837255225,-60.014427080345826,0.0,1,4.440892098500626e-14,0.0,0.08718474454053293,-0.08973992672478026,73.01844384815739,63.70001399999999,9.600057773028283,72.95029238277061,63.70001591568979,0.0,1,2.4868995751603507e-14,0.0,0.08718474454053293,-0.08973992672478026,73.01844384815739,-63.70001399999998,9.600057773028283,72.95029238277061,-63.70001591568979,0.0,1,2.4868995751603507e-14
0.9083333333333333,908333,droop_front,-0.04295041763117285,0.0,75.92483676914544,0.9999995609848416,0.0,0.0009370326163393722,0.0,-0.04295041763117285,0.0,75.92483676914544,39.60568341962404,31.99802383982395,0,feet,0.0,0.08486802540878946,-0.08666392423495584,-39.700169968900695,63.70001399999999,9.599865718582024,-39.64863383725521,60.014427080345826,0.0,1,1.9539925233402755e-14,0.0,0.0848680254087899,-0.08666393414892681,-39.700169968900695,-63.70001399999998,9.599865718582052,-39.648633837255225,-60.014427080345826,0.0,1,4.796163466380676e-14,0.0,0.08691458038172506,-0.09113568717219733,73.0296002037973,63.70001399999999,9.600100200972278,72.96771321803296,63.70001591568979,0.0,1,1.5987211554602254e-14,0.0,0.08691458038172506,-0.09113568717219733,73.0296002037973,-63.70001399999998,9.600100200972278,72.96771321803296,-63.70001591568979,0.0,1,1.5987211554602254e-14
0.9166666666666666,916667,droop_front,-0.05292151234567902,0.0,75.90738735339507,0.9999993334861007,0.0,0.001154568037946708,0.0,-0.05292151234567902,0.0,75.90738735339507,39.59571232490954,31.936982710457073,0,feet,0.0,0.08408604917526263,-0.08722497504160431,-39.69996940881953,63.70001399999999,9.599866793178066,-39.64863383725521,60.014427080345826,0.0,1,-1.2434497875801753e-14,0.0,0.08408604917526263,-0.08722498501704612,-39.69996940881954,-63.70001399999998,9.599866793178037,-39.648633837255225,-60.014427080345826,0.0,1,-4.085620730620576e-14,0.0,0.0866042861406906,-0.09273203917514472,73.04237080117335,63.70001399999999,9.600143753788558,72.98765540746197,63.70001591568979,0.0,1,-1.2434497875801753e-14,0.0,0.0866042861406906,-0.09273203917514472,73.04237080117335,-63.70001399999998,9.600143753788558,72.98765540746197,-63.70001591568979,0.0,1,-1.2434497875801753e-14
0.925,925000,droop_front,-0.064208984375,0.0,75.88763427734375,0.9999990188479952,0.0,0.0014008222752416382,0.0,-0.064208984375,0.0,75.88763427734375,39.58442485288022,31.867893015840423,0,feet,0.0,0.08320108875637233,-0.08785955739382167,-39.699740223504776,63.70001399999999,9.599868016017496,-39.64863383725521,60.014427080345826,0.0,1,1.0658141036401503e-14,0.0,0.08320108875637233,-0.08785956743875234,-39.6997402235048,-63.70001399999998,9.599868016017467,-39.648633837255225,-60.014427080345826,0.0,1,-1.7763568394002505e-14,0.0,0.08625170171313545,-0.09453731736370985,73.05682679386645,63.70001399999999,9.600186593982244,73.01023035152062,63.70001591568979,0.0,1,5.3290705182007514e-14,0.0,0.08625170171313545,-0.09453731736370985,73.05682679386645,-63.70001399999998,9.600186593982244,73.01023035152062,-63.70001591568979,0.0,1,5.3290705182007514e-14
0.9333333333333333,933333,droop_front,-0.07686320987654321,0.0,75.86548938271605,0.9999985940117287,0.0,0.001676894321598021,0.0,-0.07686320987654321,0.0,75.86548938271605,39.571770627378676,31.790450230689714,0,feet,0.0,0.08220929011615441,-0.08857030063715321,-39.69948057895718,63.70001399999999,9.599869394764127,-39.64863383725521,60.014427080345826,0.0,1,-1.5987211554602254e-14,0.0,0.0822092901161553,-0.0885703107598621,-39.6994805789572,-63.70001399999998,9.599869394764156,-39.648633837255225,-60.014427080345826,0.0,1,1.2434497875801753e-14,0.0,0.08585475055915293,-0.09655889561019038,73.07303247966705,63.70001399999999,9.600226460448155,73.0355388025237,63.70001591568979,0.0,1,0.0,0.0,0.08585475055915293,-0.09655889561019038,73.07303247966705,-63.70001399999998,9.600226460448155,73.0355388025237,-63.70001591568979,0.0,1,0.0
0.9416666666666667,941667,droop_front,-0.0909293566743827,0.0,75.84087362581982,0.9999980323273006,0.0,0.0019837695247229216,0.0,-0.0909293566743827,0.0,75.84087362581982,39.55770448058084,31.70438237727525,0,feet,0.0,0.08110722409122673,-0.08935950699788808,-39.69918860877888,63.70001399999999,9.599870936775517,-39.64863383725521,60.014427080345826,0.0,1,1.7763568394002505e-15,0.0,0.08110722409122717,-0.08935951720690172,-39.69918860877891,-63.70001399999998,9.599870936775517,-39.648633837255225,-60.014427080345826,0.0,1,3.552713678800501e-15,0.0,0.08541143182862765,-0.0988032015380349,73.0910454463596,63.70001399999999,9.600260648162816,73.06367109611938,63.70001591568979,0.0,1,-3.552713678800501e-15,0.0,0.08541143182862765,-0.0988032015380349,73.0910454463596,-63.70001399999998,9.600260648162816,73.06367109611938,-63.70001591568979,0.0,1,-3.552713678800501e-15
0.95,950000,droop_front,-0.1064475,0.0,75.813716875,0.99999730340638,0.0,0.002322322106940586,0.0,-0.1064475,0.0,75.813716875,39.54218633725522,31.609449345990193,0,feet,0.0,0.07989187796967245,-0.09022915704425039,-39.69886240723478,63.70001399999999,9.599872649073475,-39.64863383725521,60.014427080345826,0.0,1,8.881784197001252e-15,0.0,0.07989187796967245,-0.09022916734829067,-39.698862407234806,-63.70001399999998,9.599872649073447,-39.648633837255225,-60.014427080345826,0.0,1,-1.9539925233402755e-14,0.0,0.08491981329974685,-0.10127573249058752,73.11091671776036,63.70001399999999,9.600285991842881,73.09470738277061,63.70001591568979,0.0,1,4.085620730620576e-14,0.0,0.08491981329974685,-0.10127573249058752,73.11091671776036,-63.70001399999998,9.600285991842881,73.09470738277061,-63.70001591568979,0.0,1,4.085620730620576e-14
0.9583333333333334,958333,droop_front,-0.12345273823302468,0.0,75.7839577080922,0.999996373013347,0.0,0.0026933176847473866,0.0,-0.12345273823302468,0.0,75.7839577080922,39.52518109902219,31.5054422098234,0,feet,0.0,0.07856064690474351,-0.09118091555726915,-39.69850002388712,63.70001399999999,9.599874538300085,-39.64863383725521,60.014427080345826,0.0,1,2.4868995751603507e-14,0.0,0.07856064690474396,-0.09118092596521965,-39.69850002388715,-63.70001399999998,9.599874538300085,-39.648633837255225,-60.014427080345826,0.0,1,2.4868995751603507e-14,0.0,0.08437802518165194,-0.10398107302772441,73.13269090004074,63.70001399999999,9.600298853820235,73.12871785923666,63.70001591568979,0.0,1,3.552713678800501e-14,0.0,0.08437802518165194,-0.10398107302772441,73.13269090004074,-63.70001399999998,9.600298853820235,73.12871785923666,-63.70001591568979,0.0,1,3.552713678800501e-14
0.9666666666666667,966667,droop_front,-0.1419753086419753,0.0,75.75154320987654,0.9999952029962136,0.0,0.003097415787640778,0.0,-0.1419753086419753,0.0,75.75154320987654,39.506658528613244,31.392182532433736,0,feet,0.0,0.07711132515577601,-0.0922161378266102,-39.6980994598664,63.70001399999999,9.599876610657603,-39.64863383725521,60.014427080345826,0.0,1,1.0658141036401503e-14,0.0,0.07711132515577601,-0.09221614834747749,-39.69809945986641,-63.70001399999998,9.599876610657574,-39.648633837255225,-60.014427080345826,0.0,1,-1.7763568394002505e-14,0.0,0.08378425481934881,-0.10692291398986775,73.1564063283661,63.70001399999999,9.600295116318577,73.16576300005455,63.70001591568979,0.0,1,3.730349362740526e-14,0.0,0.08378425481934881,-0.10692291398986775,73.1564063283661,-63.70001399999998,9.600295116318577,73.16576300005455,-63.70001591568979,0.0,1,3.730349362740526e-14
0.975,975000,droop_front,-0.16204070312499996,0.0,75.71642876953125,0.9999937512586118,0.0,0.0035351723762446735,0.0,-0.16204070312499996,0.0,75.71642876953125,39.48659313413022,31.26952166959957,0,feet,0.0,0.07554209715100724,-0.09333587638019303,-39.69765866581984,63.70001399999999,9.599878871832502,-39.64863383725521,60.014427080345826,0.0,1,4.440892098500626e-14,0.0,0.07554209715100768,-0.0933358870230716,-39.69765866581989,-63.70001399999998,9.599878871832473,-39.648633837255225,-60.014427080345826,0.0,1,1.5987211554602254e-14,0.0,0.08313720235039535,-0.1101044977207204,73.18209216156339,63.70001399999999,9.60029733158487,73.1850143964251,63.70001591546515,0.0,1,3.019806626980426e-14,0.0,0.08313720235039535,-0.1101044977207204,73.18209216156339,-63.70001399999998,9.60029733158487,73.1850143964251,-63.700015915465144,0.0,1,3.019806626980426e-14
0.9833333333333333,983333,droop_front,-0.18366978395061723,0.0,75.67857787808641,0.9999919717735373,0.0,0.004007042359773864,0.0,-0.18366978395061723,0.0,75.67857787808641,39.4649640533046,31.137340063887734,0,feet,0.0,0.07385152836905595,-0.09454088815029182,-39.69717554155562,63.70001399999999,9.59988132690269,-39.64863383725521,60.014427080345826,0.0,1,1.7763568394002505e-14,0.0,0.07385152836905595,-0.0945408989243317,-39.69717554155565,-63.70001399999998,9.599881326902633,-39.648633837255225,-60.014427080345826,0.0,1,-3.907985046680551e-14,0.0,0.08243481023652288,-0.11352746821492499,73.20977686962561,63.70001399999999,9.60027995965747,73.22827255807634,63.70001591546515,0.0,1,2.842170943040401e-14,0.0,0.08243481023652288,-0.11352746821492499,73.20977686962561,-63.70001399999998,9.60027995965747,73.22827255807634,-63.700015915465144,0.0,1,2.842170943040401e-14
0.9916666666666667,991667,droop_front,-0.20687889949845684,0.0,75.6379619258777,0.9999898146390807,0.0,0.004513382112900454,0.0,-0.20687889949845684,0.0,75.6379619258777,39.44175493775676,30.995546532450057,0,feet,0.0,0.07203855603778742,-0.09583164207299033,-39.69664793737963,63.70001399999999,9.599883980229137,-39.64863383725521,60.014427080345826,0.0,1,-1.2434497875801753e-14,0.0,0.07203855603778786,-0.09583165298735974,-39.69664793737966,-63.70001399999998,9.599883980229109,-39.648633837255225,-60.014427080345826,0.0,1,-3.907985046680551e-14,0.0,0.0816753424939125,-0.11719289852341053,73.2394813387091,63.70001399999999,9.60023321013037,73.27469078917203,63.70001591546515,0.0,1,1.9539925233402755e-14,0.0,0.0816753424939125,-0.11719289852341053,73.2394813387091,-63.70001399999998,9.60023321013037,73.27469078917203,-63.700015915465144,0.0,1,1.9539925233402755e-14
1.0,1000000,droop_front,-0.23168000000000005,0.0,75.59456,0.9999872261759445,0.0,0.005054451992105466,0.0,-0.23168000000000005,0.0,75.59456,39.41695383725522,30.844077547914637,0,feet,0.0,0.07010247965108674,-0.0972083271123938,-39.69607365710271,63.70001399999999,9.59988683533112,-39.64863383725521,60.014427080345826,0.0,1,-5.329070518200751e-15,0.0,0.07010247965108674,-0.09720833817624941,-39.696073657102694,-63.70001399999998,9.599886835331134,-39.648633837255225,-60.014427080345826,0.0,1,1.0658141036401503e-14,0.0,0.08085718087125704,-0.12110112606774637,73.27122028008475,63.70001399999999,9.600151075984954,73.32429299017511,63.70001591546515,0.0,1,-1.0658141036401503e-14,0.0,0.08085718087125704,-0.12110112606774637,73.27122028008475,-63.70001399999998,9.600151075984954,73.32429299017511,-63.700015915465144,0.0,1,-1.0658141036401503e-14
1.0083333333333333,1008333,droop_front,-0.258080753279321,0.0,75.54835868176119,0.9999841490661516,0.0,0.005630418851618257,0.0,-0.258080753279321,0.0,75.54835868176119,39.390553083975895,30.682896512393135,0,feet,0.0,0.06804295130573346,-0.09867086069595343,-39.69545046267671,63.70001399999999,9.599889894746497,-39.64863383725521,60.014427080345826,0.0,1,4.085620730620576e-14,0.0,0.0680429513057339,-0.09867087191840485,-39.69545046267678,-63.70001399999998,9.59988989474644,-39.648633837255225,-60.014427080345826,0.0,1,-1.7763568394002505e-14,0.0,0.07997875172339253,-0.1252517127642916,73.30500287289253,63.70001399999999,9.600027093298436,73.37709449673375,63.70001591546515,0.0,1,2.6645352591003757e-14,0.0,0.07997875172339253,-0.1252517127642916,73.30500287289253,-63.70001399999998,9.600027093298436,73.37709449673375,-63.700015915465144,0.0,1,2.6645352591003757e-14
1.0166666666666666,1016667,droop_front,-0.2860846604938272,0.0,75.4993518441358,0.9999805225319827,0.0,0.0062413585590646746,0.0,-0.2860846604938272,0.0,75.4993518441358,39.36254917676139,30.511993024673934,0,feet,0.0,0.06585996586212772,-0.10021889754256064,-39.69477608040179,63.70001399999999,9.599893159877766,-39.64863383725521,60.014427080345826,0.0,1,-2.4868995751603507e-14,0.0,0.06585996586212817,-0.10021890893264818,-39.69477608040179,-63.70001399999998,9.599893159877794,-39.648633837255225,-60.014427080345826,0.0,1,3.552713678800501e-15,0.0,0.07904060977725624,-0.1296453904322763,73.34081896286374,63.70001399999999,9.59997853875717,73.31933141052137,66.08449162208595,0.0,1,4.263256414560601e-14,0.0,0.07904060977725624,-0.1296453904322763,73.34081896286374,-63.70001399999998,9.59997853875717,73.31933141052137,-66.08449162208595,0.0,1,4.263256414560601e-14
1.025,1025000,droop_front,-0.31569117187500007,0.0,75.44754044921875,0.999976282553843,0.0,0.006887258510961723,0.0,-0.31569117187500007,0.0,75.44754044921875,39.332942665380216,30.331382140717324,0,feet,0.0,0.06355385093401544,-0.10185183886090021,-39.69404820862967,63.70001399999999,9.599896630825981,-39.64863383725521,60.014427080345826,0.0,1,1.7763568394002505e-14,0.0,0.06355385093401589,-0.10185185042755496,-39.69404820862968,-63.70001399999998,9.59989663082601,-39.648633837255225,-60.014427080345826,0.0,1,4.618527782440651e-14,0.0,0.07804134334938162,-0.13428029996976987,73.37866610770196,63.70001399999999,9.600002585661045,73.37854443328372,66.08449162208595,0.0,1,1.7763568394002505e-14,0.0,0.07804134334938162,-0.13428029996976987,73.37866610770196,-63.70001399999998,9.600002585661045,73.37854443328372,-66.08449162208595,0.0,1,1.7763568394002505e-14
1.0333333333333334,1033333,droop_front,-0.3468958024691358,0.0,75.39293234567901,0.9999713621254542,0.0,0.007568020148211438,0.0,-0.3468958024691358,0.0,75.39293234567901,39.301738034786084,30.141103627610185,0,feet,0.0,0.061125256713672194,-0.1035688418917089,-39.693264526876575,63.70001399999999,9.599900306212334,-39.64863383725521,60.014427080345826,0.0,1,3.907985046680551e-14,0.0,0.06112525671367264,-0.1035688536437318,-39.69326452687662,-63.70001399999998,9.599900306212277,-39.648633837255225,-60.014427080345826,0.0,1,-1.7763568394002505e-14,0.0,0.07697758113971354,-0.13915206206911757,73.41855064413112,63.70001399999999,9.599976445952294,73.44095369447199,66.08449162208595,0.0,1,1.5987211554602254e-14,0.0,0.07697758113971354,-0.13915206206911757,73.41855064413112,-63.70001399999998,9.599976445952294,73.44095369447199,-66.08449162208595,0.0,1,1.5987211554602254e-14
1.0416666666666667,1041667,droop_front,-0.37969024787808636,0.0,75.33554206621335,0.9999656915444879,0.0,0.008283461471759348,0.0,-0.37969024787808636,0.0,75.33554206621335,39.26894358937713,29.941221211176412,0,feet,0.0,0.058575145640180626,-0.10536882976437179,-39.692422706243114,63.70001399999999,9.599904182991793,-39.64863383725521,60.014427080345826,0.0,1,-2.1316282072803006e-14,0.0,0.058575145640180626,-0.10536884171040839,-39.692422706243114,-63.70001399999998,9.599904182991793,-39.648633837255225,-60.014427080345826,0.0,1,-2.1316282072803006e-14,0.0,0.0758479368013294,-0.1442574204872824,73.46046104227631,63.70001399999999,9.599891986418243,73.50654258528989,66.08449162208595,0.0,1,3.197442310920451e-14,0.0,0.0758479368013294,-0.1442574204872824,73.46046104227631,-63.70001399999998,9.599891986418243,73.50654258528989,-66.08449162208595,0.0,1,3.197442310920451e-14
1.05,1050000,droop_front,-0.4140625,0.0,75.275390625,0.9999591987365046,0.0,0.009033319558593137,0.0,-0.4140625,0.0,75.275390625,39.23457133725522,29.731821817475307,0,feet,0.0,0.05590478191950554,-0.10725050163539729,-39.691520421029765,63.70001399999999,9.599908256259667,-39.64863383725521,60.014427080345826,0.0,1,-3.197442310920451e-14,0.0,0.05590478191950554,-0.10725051378390793,-39.691520421029736,-63.70001399999998,9.599908256259724,-39.648633837255225,-60.014427080345826,0.0,1,2.4868995751603507e-14,0.0,0.07465107798443382,-0.14959249248820727,73.50438099145506,63.70001399999999,9.59974072487158,73.57528708953372,66.08449162208595,0.0,1,-1.9539925233402755e-14,0.0,0.07465107798443382,-0.14959249248820727,73.50438099145506,-63.70001399999998,9.59974072487158,73.57528708953372,-66.08449162208595,0.0,1,-1.9539925233402755e-14
1.0583333333333333,1058333,droop_front,-0.4499969627700618,0.0,75.2125053151524,0.9999518096098418,0.0,0.00981725307826463,0.0,-0.4499969627700618,0.0,75.2125053151524,39.19863687448515,29.513014808453406,0,feet,0.0,0.053115720906042,-0.10921234307400463,-39.69055536142598,63.70001399999999,9.599912519053575,-39.64863383725521,60.014427080345826,0.0,1,-3.375077994860476e-14,0.0,0.05311572090604244,-0.10921235543324359,-39.69055536142596,-63.70001399999998,9.599912519053632,-39.648633837255225,-60.014427080345826,0.0,1,2.3092638912203256e-14,0.0,0.07339195030472512,-0.15515850896846262,73.55024738075234,63.70001399999999,9.599889407531862,73.50350642880674,66.67061985496431,0.0,1,5.1514348342607263e-14,0.0,0.07339195030472467,-0.15515850896846173,73.55024738075237,-63.70001399999998,9.599889407531833,73.50350642880674,-66.67061985496431,0.0,1,2.3092638912203256e-14
1.0666666666666667,1066667,droop_front,-0.48747456790123456,0.0,75.14691950617284,0.9999434484388928,0.0,0.010634844810122874,0.0,-0.48747456790123456,0.0,75.14691950617284,39.16115926935398,29.284931212046644,0,feet,0.0,0.050209798356169344,-0.11125263665819762,-39.68952524714251,63.70001399999999,9.599916962154865,-39.64863383725521,60.014427080345826,0.0,1,1.4210854715202004e-14,0.0,0.05020979835616979,-0.11125264923618872,-39.68952524714251,-63.70001399999998,9.599916962154893,-39.648633837255225,-60.014427080345826,0.0,1,4.085620730620576e-14,0.0,0.07206360781526566,-0.16094511344275375,73.5980721523956,63.70001399999999,9.599983165672612,73.57846163906909,66.67061985496431,0.0,1,1.0658141036401503e-14,0.0,0.07206360781526566,-0.16094511344275375,73.5980721523956,-63.70001399999998,9.599983165672612,73.57846163906909,-66.67061985496431,0.0,1,1.0658141036401503e-14
1.075,1075000,droop_front,-0.5264728906250001,0.0,75.07867244140625,0.9999340382730486,0.0,0.011485604161447649,0.0,-0.5264728906250001,0.0,75.07867244140625,39.12216094663022,29.047722947058816,0,feet,0.0,0.04718911956509286,-0.11336947274329967,-39.688427841849766,63.70001399999999,9.599921573891592,-39.64863383725521,60.014427080345826,0.0,1,-3.552713678800501e-15,0.0,0.04718911956509331,-0.11336948554781934,-39.68842784184978,-63.70001399999998,9.599921573891592,-39.648633837255225,-60.014427080345826,0.0,1,-3.552713678800501e-15,0.0,0.07066472092412424,-0.1669465772901968,73.64782707643752,63.70001399999999,9.60000211935592,73.65390904911638,66.67236698627397,0.0,1,1.9539925233402755e-14,0.0,0.07066472092412424,-0.1669465772901968,73.64782707643752,-63.70001399999998,9.60000211935592,73.65390904911641,-66.67236698627397,0.0,1,1.9539925233402755e-14
1.0833333333333333,1083333,droop_front,-0.5669662654320987,0.0,75.00780903549382,0.9999235013684248,0.0,0.012368969686671305,0.0,-0.5669662654320987,0.0,75.00780903549382,39.08166757182312,28.801562043169724,0,feet,0.0,0.044056048398956715,-0.11556076036403606,-39.6872609682804,63.70001399999999,9.599926339947615,-39.64863383725521,60.014427080345826,0.0,1,1.4210854715202004e-14,0.0,0.04405604839895716,-0.11556077340259296,-39.687260968280384,-63.70001399999998,9.599926339947643,-39.648633837255225,-60.014427080345826,0.0,1,4.263256414560601e-14,0.0,0.06919671740277034,-0.17315911977679388,73.69946101102141,63.70001399999999,9.600088992399137,73.63609541713673,63.700015910542625,0.0,1,5.3290705182007514e-14,0.0,0.06919671740277122,-0.17315911977679388,73.69946101102138,-63.70001399999998,9.600088992399165,73.6360954171367,-63.70001591054262,0.0,1,8.171241461241152e-14
1.0916666666666666,1091667,droop_front,-0.6089259018132718,0.0,74.93437967182678,0.9999117596393718,0.0,0.013284311607872253,0.0,-0.6089259018132718,0.0,74.93437967182678,39.039707935441946,28.546639856452735,0,feet,0.0,0.04081319623473911,-0.11782423823072286,-39.68602252384999,63.70001399999999,9.599931243180137,-39.64863383725521,60.014427080345826,0.0,1,2.1316282072803006e-14,0.0,0.04081319623473956,-0.11782425151053655,-39.686022523850006,-63.70001399999998,9.599931243180137,-39.648633837255225,-60.014427080345826,0.0,1,2.1316282072803006e-14,0.0,0.0676587244910194,-0.1795762838870476,73.7529341806595,63.70001399999999,9.600241672353846,73.72001468989907,63.700015910542625,0.0,1,4.440892098500626e-14,0.0,0.0676587244910194,-0.17957628388704716,73.75293418065944,-63.70001399999998,9.600241672353803,73.72001468989905,-63.70001591054262,0.0,1,3.552713678800501e-15
1.1,1100000,droop_front,-0.6523200000000001,0.0,74.85844,0.9998987351266647,0.0,0.014230934336715614,0.0,-0.6523200000000001,0.0,74.85844,38.996313837255215,28.28316628080494,0,feet,0.0,0.037463410820969045,-0.12015748578014751,-39.68471049664753,63.70001399999999,9.599936263450829,-39.64863383725521,60.014427080345826,0.0,1,8.881784197001252e-15,0.0,0.03746341082096949,-0.12015749930813868,-39.68471049664757,-63.70001399999998,9.599936263450829,-39.648633837255225,-60.014427080345826,0.0,1,7.105427357601002e-15,0.0,0.06604733141678887,-0.18618880499795143,73.80822170334376,63.70001399999999,9.600298008261476,73.80680288627254,63.700015910542625,0.0,1,3.730349362740526e-14,0.0,0.06604733141678931,-0.18618880499795099,73.8082217033437,-63.70001399999998,9.600298008261433,73.80680288627251,-63.70001591054262,0.0,1,-3.552713678800501e-15
1.1083333333333334,1108333,droop_front,-0.697113866705247,0.0,74.78005073326582,0.9998843504791893,0.0,0.015208078998006067,0.0,-0.697113866705247,0.0,74.78005073326582,38.951519970549974,28.011368955717188,0,feet,0.0,0.03400976507266318,-0.12255793424203532,-39.68332298164586,63.70001399999999,9.599941377473712,-39.64863383725521,60.014427080345826,0.0,1,-3.197442310920451e-14,0.0,0.03400976507266362,-0.12255794802480846,-39.68332298164584,-63.70001399999998,9.599941377473769,-39.648633837255225,-60.014427080345826,0.0,1,2.6645352591003757e-14,0.0,0.06436172317622058,-0.19298931395960572,73.8652779445673,63.70001399999999,9.600247697946017,73.89639061968303,63.700015910542625,0.0,1,1.2434497875801753e-14,0.0,0.06436172317622146,-0.19298931395960572,73.86527794456727,-63.70001399999998,9.600247697946045,73.896390619683,-63.70001591054262,0.0,1,4.085620730620576e-14
1.1166666666666667,1116667,droop_front,-0.7432700308641974,0.0,74.69927744598766,0.9998685294458836,0.0,0.016214925955004022,0.0,-0.7432700308641974,0.0,74.69927744598766,38.90536380639102,27.731492470831746,0,feet,0.0,0.03045554581423504,-0.1250228776827691,-39.68185819698385,63.70001399999999,9.599946558684152,-39.64863383725521,60.014427080345826,0.0,1,5.329070518200751e-15,0.0,0.03045554581423504,-0.12502289172659609,-39.68185819698385,-63.70001399999998,9.599946558684152,-39.648633837255225,-60.014427080345826,0.0,1,5.329070518200751e-15,0.0,0.06260230253567611,-0.19997109705287475,73.92404598849302,63.70001399999999,9.600149361431235,73.8709342051269,63.700015908487444,0.0,1,-3.552713678800501e-15,0.0,0.062602302535677,-0.1999710970528743,73.92404598849299,-63.70001399999998,9.600149361431235,73.87093420512684,-63.700015908487444,0.0,1,-5.329070518200751e-15
1.125,1125000,droop_front,-0.7907483593750002,0.0,74.61619037109375,0.9998511973746539,0.0,0.017250597336640125,0.0,-0.7907483593750002,0.0,74.61619037109375,38.85788547788022,27.443797567756256,0,feet,0.0,0.026804242484317786,-0.12754948398910182,-39.680314500172535,63.70001399999999,9.599951777132446,-39.64863383725521,60.014427080345826,0.0,1,1.5987211554602254e-14,0.0,0.026804242484317786,-0.12754949829991657,-39.68031450017255,-63.70001399999998,9.599951777132418,-39.648633837255225,-60.014427080345826,0.0,1,-1.2434497875801753e-14,0.0,0.060773076351564814,-0.20713027268711803,73.9844402733413,63.70001399999999,9.600278357561564,73.96589086214851,63.700015908487444,0.0,1,-2.1316282072803006e-14,0.0,0.0607730763515657,-0.2071302726871176,73.98444027334128,-63.70001399999998,9.600278357561564,73.96589086214846,-63.700015908487444,0.0,1,-2.3092638912203256e-14
1.1333333333333333,1133333,droop_front,-0.8395061728395061,0.0,74.53086419753086,0.9998322817149704,0.0,0.018314159566743867,0.0,-0.8395061728395061,0.0,74.53086419753086,38.80912766441571,27.148560339621014,0,feet,0.0,0.023059535816643884,-0.1301348057560423,-39.6786904040806,63.70001399999999,9.599956999406942,-39.64863383725521,60.014427080345826,0.0,1,3.552713678800501e-14,0.0,0.023059535816644328,-0.13013482033942791,-39.6786904040806,-63.70001399999998,9.59995699940697,-39.648633837255225,-60.014427080345826,0.0,1,6.394884621840902e-14,0.0,0.058867996337841344,-0.21445336091585654,74.04644302479662,63.70001399999999,9.600281290889399,74.06340648907752,63.700015908487444,0.0,1,2.4868995751603507e-14,0.0,0.05886799633784223,-0.2144533609158552,74.04644302479653,-63.70001399999998,9.60028129088937,74.06340648907747,-63.700015908487444,0.0,1,-5.329070518200751e-15
1.1416666666666666,1141667,droop_front,-0.8894983613040124,0.0,74.44337786771798,0.9998117125208428,0.0,0.019404625895381254,0.0,-0.8894983613040124,0.0,74.44337786771798,38.759135475951204,26.846071428883988,0,feet,0.0,0.019225286511149076,-0.13277579104475068,-39.67698459255856,63.70001399999999,9.599962188589302,-39.64863383725521,60.014427080345826,0.0,1,-2.1316282072803006e-14,0.0,0.019225286511149076,-0.13277580590592875,-39.67698459255856,-63.70001399999998,9.599962188589302,-39.648633837255225,-60.014427080345826,0.0,1,-2.1316282072803006e-14,0.0,0.05688669862168716,-0.22193171130931688,74.10999533358036,63.70001399999999,9.600147787426963,74.16339086600654,63.700015908487444,0.0,1,4.796163466380676e-14,0.0,0.05688669862168849,-0.2219317113093151,74.10999533358026,-63.70001399999998,9.600147787426891,74.16339086600648,-63.700015908487444,0.0,1,-2.4868995751603507e-14
1.15,1150000,droop_front,-0.9406774999999998,0.0,74.353814375,0.9997894229509011,0.0,0.02052095893237241,0.0,-0.9406774999999998,0.0,74.353814375,38.70795633725522,26.53663522390368,0,feet,0.0,0.015305523909521224,-0.13546929397826624,-39.67519593556609,63.70001399999999,9.599967304246633,-39.64863383725521,60.014427080345826,0.0,1,1.7763568394002505e-15,0.0,0.015305523909521668,-0.13546930912209243,-39.6751959355661,-63.70001399999998,9.599967304246633,-39.648633837255225,-60.014427080345826,0.0,1,1.7763568394002505e-15,0.0,0.05483111457737477,-0.22955840758000123,74.17502012764801,63.70001399999999,9.600003442804692,74.17125961287562,65.99266422206816,0.0,1,2.6645352591003757e-14,0.0,0.054831114577378326,-0.22955840757999857,74.1750201276478,-63.70001399999998,9.60000344280462,74.17125961287547,-65.99266422206816,0.0,1,-4.440892098500626e-14
1.1583333333333334,1158333,droop_front,-0.9929939650848766,0.0,74.26226056110147,0.9997653497623394,0.0,0.021662073183035733,0.0,-0.9929939650848766,0.0,74.26226056110147,38.65563987217034,26.220569054814163,0,feet,0.0,0.011304434689314746,-0.13821208514500416,-39.67332350367342,63.70001399999999,9.599972302462291,-39.64863383725521,60.014427080345826,0.0,1,0.0,0.0,0.01130443468931519,-0.13821210057596245,-39.67332350367344,-63.70001399999998,9.59997230246232,-39.648633837255225,-60.014427080345826,0.0,1,2.842170943040401e-14,0.0,0.05270366156840334,-0.2373265965985638,74.24143388312984,63.70001399999999,9.599996584869928,74.23366241224211,67.46700275270982,0.0,1,-1.7763568394002505e-15,0.0,0.052703661568406,-0.23732659659856292,74.24143388312979,-63.70001399999998,9.599996584869999,74.23366241224198,-67.46700275270982,0.0,1,6.927791673660977e-14
1.1666666666666667,1166667,droop_front,-1.0463960493827158,0.0,74.16880691358024,0.9997394337955336,0.0,0.022826837586177633,0.0,-1.0463960493827158,0.0,74.16880691358024,38.602237787872504,25.898202389248475,0,feet,0.0,0.007226351590620794,-0.1410008617823637,-39.67136658181269,63.70001399999999,9.599977135910024,-39.64863383725521,60.014427080345826,0.0,1,-3.552713678800501e-14,0.0,0.007226351590620794,-0.1410008775045597,-39.67136658181269,-63.70001399999998,9.599977135910024,-39.648633837255225,-60.014427080345826,0.0,1,-3.552713678800501e-14,0.0,0.050501982741698814,-0.24522474837888364,74.30918560577364,63.70001399999999,9.599967077016629,74.28544973864531,65.4658392688918,0.0,1,-1.2434497875801753e-14,0.0,0.050501982741703255,-0.24522474837888097,74.30918560577341,-63.70001399999998,9.599967077016629,74.28544973864511,-65.4658392688918,0.0,1,-1.2434497875801753e-14
1.175,1175000,droop_front,-1.100830078125,0.0,74.07354736328125,0.999711620446217,0.0,0.024014078054320095,0.0,-1.100830078125,0.0,74.07354736328125,38.54780375913022,25.569876028467583,0,feet,0.0,0.003075742189079911,-0.14383225771520092,-39.66932468216515,63.70001399999999,9.59998175397267,-39.64863383725521,60.014427080345826,0.0,1,1.5987211554602254e-14,0.0,0.003075742189079911,-0.14383227373235963,-39.66932468216516,-63.70001399999998,9.599981753972642,-39.648633837255225,-60.014427080345826,0.0,1,-1.4210854715202004e-14,0.0,0.04822779415947798,-0.2532447580429005,74.37819417423397,63.70001399999999,9.600001901838553,74.383790407141,65.46633517931168,0.0,1,1.4210854715202004e-14,0.0,0.04822779415948153,-0.25324475804289825,74.3781941742338,-63.70001399999998,9.600001901838553,74.38379040714081,-65.46633517931168,0.0,1,1.2434497875801753e-14
1.1833333333333333,1183333,droop_front,-1.1562405246913583,0.0,73.97657908179012,0.9996818601221741,0.0,0.025222580016128725,0.0,-1.1562405246913583,0.0,73.97657908179012,38.43379388171869,25.235941304459544,0,feet,0.0,-0.0011427033915984985,-0.1467029436645073,-39.66719822234699,63.70001399999999,9.599991825506379,-39.59003440641005,63.70001591752033,0.0,1,5.1514348342607263e-14,0.0,-0.0011427033915984985,-0.14670295997998117,-39.667198222347004,-63.70001399999998,9.59999182550635,-39.59003440641005,-63.70001591752033,0.0,1,2.3092638912203256e-14,0.0,0.04588000497436129,-0.26137566988151395,74.44839744845919,63.70001399999999,9.600000194745803,74.4545729427916,65.47797763449199,0.0,1,2.4868995751603507e-14,0.0,0.04588000497436484,-0.2613756698815113,74.44839744845902,-63.70001399999998,9.600000194745789,74.4545729427914,-65.47797763449199,0.0,1,1.2434497875801753e-14
1.1916666666666667,1191667,droop_front,-1.2125701263503086,0.0,73.87800227888695,0.9996501086815197,0.0,0.026451090960975837,0.0,-1.2125701263503086,0.0,73.87800227888695,38.37746428005974,24.896759278580582,0,feet,0.0,-0.005424245865745192,-0.14960948775756933,-39.66498744296946,63.70001399999999,9.600009340963624,-39.59003440641005,63.70001591752033,0.0,1,1.7763568394002505e-15,0.0,-0.005424245865745192,-0.14960950437432974,-39.66498744296946,-63.70001399999998,9.600009340963624,-39.59003440641005,-63.70001591752033,0.0,1,1.7763568394002505e-15,0.0,0.043463350803827794,-0.2696115902204044,74.51969021020335,63.70001399999999,9.600223037138917,74.48070504694743,63.70001590160536,0.0,1,2.842170943040401e-14,0.0,0.0434633508038309,-0.2696115902204026,74.51969021020321,-63.70001399999998,9.600223037138917,74.48070504694728,-63.700015901605354,0.0,1,2.842170943040401e-14
1.2,1200000,droop_front,-1.2697600000000002,0.0,73.77792,0.9996163278497349,0.0,0.027698322985543356,0.0,-1.2697600000000002,0.0,73.77792,38.32027440641005,24.552699942312607,0,feet,0.0,-0.009764205066808085,-0.1525482755758527,-39.662691762105766,63.70001399999999,9.60002699021949,-39.59003440641005,63.70001591752033,0.0,1,5.861977570020827e-14,0.0,-0.009764205066808085,-0.1525482924964745,-39.662691762105766,-63.70001399999998,9.60002699021949,-39.59003440641005,-63.70001591752033,0.0,1,5.861977570020827e-14,0.0,0.04097293655571077,-0.27793751361416774,74.59203504105604,63.70001399999999,9.600301709049162,74.59508479424682,63.70001590160536,0.0,1,2.3092638912203256e-14,0.0,0.040972936555713435,-0.27793751361416597,74.5920350410559,-63.70001399999998,9.600301709049148,74.59508479424666,-63.700015901605354,0.0,1,1.0658141036401503e-14
1.2083333333333333,1208333,droop_front,-1.3277497579089506,0.0,73.67643792365934,0.9995804856127583,0.0,0.028962955342341713,0.0,-1.3277497579089506,0.0,73.67643792365934,38.262284648501094,24.204141420713327,0,feet,0.0,-0.014157684991305874,-0.1555157809908989,-39.66031170863366,63.70001399999999,9.600044708493343,-39.59003440641005,63.70001591752033,0.0,1,3.375077994860476e-14,0.0,-0.014157684991305874,-0.1555157982175741,-39.66031170863367,-63.70001399999998,9.600044708493314,-39.59003440641005,-63.70001591752033,0.0,1,3.552713678800501e-15,0.0,0.03841028655388312,-0.286344163189328,74.66535010707476,63.70001399999999,9.600269319525552,74.65271069581638,63.70001590020452,0.0,1,3.019806626980426e-14,0.0,0.0384102865538849,-0.2863441631893262,74.66535010707464,-63.70001399999998,9.600269319525523,74.65271069581628,-63.70001590020452,0.0,1,0.0
1.2166666666666666,1216667,droop_front,-1.3864776234567902,0.0,73.57366415895062,0.9995425565835692,0.0,0.030243636989992946,0.0,-1.3864776234567902,0.0,73.57366415895062,38.20355678295326,23.851469179133574,0,feet,0.0,-0.018599709808314824,-0.15850845975385752,-39.657848086515514,63.70001399999999,9.60006242735271,-39.59003440641005,63.70001591752033,0.0,1,2.1316282072803006e-14,0.0,-0.018599709808314824,-0.158508477288398,-39.657848086515514,-63.70001399999998,9.60006242735271,-39.59003440641005,-63.70001591752033,0.0,1,2.1316282072803006e-14,0.0,0.0357781954093741,-0.29482316659852037,74.73954270691438,63.70001399999999,9.60022879674814,74.77016642691206,63.70001590020452,0.0,1,-6.572520305780927e-14,0.0,0.03577819540937588,-0.29482316659852037,74.73954270691432,-63.70001399999998,9.60022879674819,74.77016642691196,-63.70001590020452,0.0,1,-1.5987211554602254e-14
1.225,1225000,droop_front,-1.4458805468749998,0.0,73.46970904296874,0.9995025223398415,0.0,0.03153898914509858,0.0,-1.4458805468749998,0.0,73.46970904296874,38.144153859535045,23.495075233771928,0,feet,0.0,-0.023085234538911426,-0.1615227575823459,-39.65530198057597,63.70001399999999,9.600080075084826,-39.59003440641005,63.70001591752033,0.0,1,-7.105427357601002e-15,0.0,-0.023085234538911426,-0.16152277542618432,-39.65530198057597,-63.70001399999998,9.600080075084826,-39.59003440641005,-63.70001591752033,0.0,1,-7.105427357601002e-15,0.0,0.03307984907896744,-0.3033663360574099,74.81451744919212,63.70001399999999,9.600299631404333,74.81051608646283,63.70001589824611,0.0,1,-1.4210854715202004e-14,0.0,0.03307984907897099,-0.30336633605740815,74.81451744919195,-63.70001399999998,9.60029963140434,74.81051608646267,-63.70001589824611,0.0,1,-7.105427357601002e-15
1.2333333333333334,1233333,droop_front,-1.5058943209876543,0.0,73.36468493827161,0.9994603717304084,0.0,0.0328476078354875,0.0,-1.5058943209876543,0.0,73.36468493827161,38.08414008542239,23.13535736662967,0,feet,0.0,-0.0276091556034741,-0.16455511790077848,-39.652674760868834,63.70001399999999,9.600097577122469,-39.59003440641005,63.70001591752033,0.0,1,6.039613253960852e-14,0.0,-0.0276091556034741,-0.16455513605497307,-39.652674760868855,-63.70001399999998,9.60009757712244,-39.59003440641005,-63.70001591752033,0.0,1,3.197442310920451e-14,0.0,0.030313965612806637,-0.3119611326805516,74.89021060098044,63.70001399999999,9.600294029673762,74.878598539439,63.700015896894804,0.0,1,7.105427357601002e-15,0.0,0.0303139656128093,-0.3119611326805507,74.89021060098032,-63.70001399999998,9.600294029673783,74.87859853943887,-63.7000158968948,0.0,1,2.842170943040401e-14
1.2416666666666667,1241667,droop_front,-1.5664536969521603,0.0,73.25870603033371,0.9994161011484421,0.0,0.034168066454614406,0.0,-1.5664536969521603,0.0,73.25870603033371,38.02358070945789,22.77271834541809,0,feet,0.0,-0.03216632122681329,-0.1676019892302496,-39.64996808559625,63.70001399999999,9.600114856520094,-39.59003440641005,63.70001591752033,0.0,1,1.7763568394002505e-14,0.0,-0.03216632122681329,-0.16760200769548828,-39.649968085596264,-63.70001399999998,9.600114856520094,-39.59003440641005,-63.70001591752033,0.0,1,1.7763568394002505e-14,0.0,0.02748341084239625,-0.3205987151287477,74.96652963911566,63.70001399999999,9.600285010314181,74.9523941061376,63.70001589562644,0.0,1,-1.7763568394002505e-15,0.0,0.027483410842398026,-0.3205987151287464,74.96652963911558,-63.70001399999998,9.600285010314167,74.9523941061375,-63.70001589562645,0.0,1,-1.5987211554602254e-14
1.25,1250000,droop_front,-1.6274925000000002,0.0,73.151888125,0.9993697147694306,0.0,0.035498918316857905,0.0,-1.6274925000000002,0.0,73.151888125,37.962541906410046,22.407565148957644,0,feet,0.0,-0.03675154169178363,-0.1706598322265469,-39.64718390255211,63.70001399999999,9.600131834478546,-39.59003440641005,63.70001591752033,0.0,1,-3.019806626980426e-14,0.0,-0.03675154169178363,-0.1706598510031525,-39.647183902552094,-63.70001399999998,9.600131834478574,-39.59003440641005,-63.70001591752033,0.0,1,-1.7763568394002505e-15,0.0,0.0245899832531431,-0.3292690877387239,75.04339002619076,63.70001399999999,9.600262156940772,75.01697005130411,63.700015894040135,0.0,1,-1.5987211554602254e-14,0.0,0.024589983253143988,-0.3292690877387239,75.04339002619074,-63.70001399999998,9.600262156940794,75.01697005130401,-63.700015894040135,0.0,1,5.329070518200751e-15
1.2583333333333333,1258333,droop_front,-1.6889437451774691,0.0,73.04434844593943,0.9993212247522121,0.0,0.036838699213446686,0.0,-1.6889437451774691,0.0,73.04434844593943,37.90109066123258,22.040308198590267,0,feet,0.0,-0.041359599432765126,-0.1737251263671391,-39.64432444907379,63.70001399999999,9.600148430912185,-39.59003440641005,63.70001591752033,0.0,1,-7.105427357601002e-15,0.0,-0.041359599432765126,-0.17372514545507522,-39.644324449073764,-63.70001399999998,9.600148430912213,-39.59003440641005,-63.70001591752033,0.0,1,2.1316282072803006e-14,0.0,0.021636644669088323,-0.33796318319256713,75.12069906377153,63.70001399999999,9.600279364414824,75.13987254165905,63.700015894040135,0.0,1,5.1514348342607263e-14,0.0,0.0216366446690901,-0.3379631831925658,75.12069906377147,-63.70001399999998,9.600279364414767,75.13987254165895,-63.700015894040135,0.0,1,-5.329070518200751e-15
1.2666666666666666,1266667,droop_front,-1.75073975308642,0.0,72.93620543209876,0.9992706514015227,0.0,0.03818592996872573,0.0,-1.75073975308642,0.0,72.93620543209876,37.83929465332363,21.671360596107014,0,feet,0.0,-0.045985258961181774,-0.17679437629024664,-39.64139225049484,63.70001399999999,9.600164565054577,-39.59003440641005,63.70001591752033,0.0,1,1.5987211554602254e-14,0.0,-0.045985258961181774,-0.17679439568912203,-39.641392250494825,-63.70001399999998,9.600164565054577,-39.59003440641005,-63.70001591752033,0.0,1,1.5987211554602254e-14,0.0,0.018621895964410662,-0.34666769302849465,75.19839936680718,63.70001399999999,9.600078021455097,75.26346455747695,63.700015894040135,0.0,1,-1.5987211554602254e-14,0.0,0.018621895964411994,-0.3466676930284942,75.19839936680712,-63.70001399999998,9.600078021455118,75.26346455747685,-63.700015894040135,0.0,1,5.329070518200751e-15
1.275,1275000,droop_front,-1.8128122656249996,0.0,72.82757853515625,0.999218023290705,0.0,0.03953911899645934,0.0,-1.8128122656249996,0.0,72.82757853515625,37.77722214078505,21.301137368669018,0,feet,0.0,-0.05062327661602373,-0.1798641177911282,-39.638390117101416,63.70001399999999,9.600180156097153,-39.59003440641005,63.70001591752033,0.0,1,-1.2434497875801753e-14,0.0,-0.05062327661602373,-0.17986413750020613,-39.638390117101416,-63.70001399999998,9.600180156097153,-39.59003440641005,-63.70001591752033,0.0,1,-1.2434497875801753e-14,0.0,0.015553107451504733,-0.355377417651475,75.27636752200836,63.70001399999999,9.599982483523071,75.29511252894635,65.87399660422699,0.0,1,-5.5067062021407764e-14,0.0,0.015553107451506065,-0.355377417651475,75.27636752200833,-63.70001399999998,9.599982483523107,75.29511252894628,-65.87399660422699,0.0,1,-1.9539925233402755e-14
1.2833333333333334,1283333,droop_front,-1.875092561728395,0.0,72.7185880169753,0.9991633773434276,0.0,0.040896764855857,0.0,-1.875092561728395,0.0,72.7185880169753,37.714941844681654,20.930054721172695,0,feet,0.0,-0.05526841013318018,-0.1829309234826626,-39.635321139604685,63.70001399999999,9.60019512385422,-39.59003440641005,63.70001591752033,0.0,1,-2.4868995751603507e-14,0.0,-0.05526841013318018,-0.18293094350086658,-39.635321139604685,-63.70001399999998,9.60019512385422,-39.59003440641005,-63.70001591752033,0.0,1,-2.4868995751603507e-14,0.0,0.012433723908246375,-0.3640833601199027,75.35450888756066,63.70001399999999,9.600039404057057,75.33471409013195,63.700015888785835,0.0,1,-6.217248937900877e-14,0.0,0.012433723908247263,-0.3640833601199027,75.35450888756063,-63.70001399999998,9.600039404057078,75.3347140901319,-63.70001588878583,0.0,1,-4.085620730620576e-14
1.2916666666666667,1291667,droop_front,-1.9375115731095678,0.0,72.60935474705826,0.9991067588734732,0.0,0.04225735880699918,0.0,-1.9375115731095678,0.0,72.60935474705826,37.65252283330048,20.558242149530287,0,feet,0.0,-0.05991542802826055,-0.18599140812903947,-39.63218868315044,63.70001399999999,9.600209389447215,-39.59003440641005,63.70001591752033,0.0,1,-1.5987211554602254e-14,0.0,-0.05991542802826055,-0.1859914284549622,-39.63218868315042,-63.70001399999998,9.60020938944723,-39.59003440641005,-63.70001591752033,0.0,1,0.0,0.0,0.009263378624476903,-0.37277291832920767,75.43276060100582,63.70001399999999,9.60002242749183,75.4595521128943,63.700015888785835,0.0,1,3.907985046680551e-14,0.0,0.009263378624477792,-0.37277291832920634,75.43276060100577,-63.70001399999998,9.600022427491794,75.45955211289424,-63.70001588878583,0.0,1,5.329070518200751e-15
1.3,1300000,droop_front,-2.0,0.0,72.5,0.9990482215818578,0.0,0.043619387365336,0.0,-2.0,0.0,72.5,37.59003440641005,20.186209659086693,0,feet,0.0,-0.06455911878846798,-0.18904223366300776,-39.628996379895405,63.70001399999999,9.600222876001382,-39.59003440641005,63.70001591752033,0.0,1,-7.105427357601002e-15,0.0,-0.06455911878846798,-0.18904225429491728,-39.628996379895405,-63.70001399999998,9.600222876001382,-39.59003440641005,-63.70001591752033,0.0,1,-7.105427357601002e-15,0.0,0.006046050125170677,-0.3814375113287607,75.5110294131615,63.70001399999999,9.599989011150484,75.52596758196421,66.4822615229347,0.0,1,2.842170943040401e-14,0.0,0.006046050125171565,-0.38143751132876025,75.51102941316147,-63.70001399999998,9.599989011150491,75.52596758196415,-66.4822615229347,0.0,1,3.375077994860476e-14
1.3083333333333333,1308333,droop_front,-2.062488426890432,0.0,72.39064525294174,0.9989878275107603,0.0,0.044981334854929854,0.0,-2.062488426890432,0.0,72.39064525294174,37.527545979519616,19.814566079309458,0,feet,0.0,-0.06919429987000969,-0.19208011389856638,-39.62574812018778,63.70001399999999,9.600235509346973,-39.59003440641005,63.70001591752033,0.0,1,3.552713678800501e-15,0.0,-0.06919429987000969,-0.19208013483441588,-39.62574812018778,-63.70001399999998,9.600235509346973,-39.59003440641005,-63.70001591752033,0.0,1,3.552713678800501e-15,0.0,0.0027859909781953185,-0.3900687043666897,75.58921999319013,63.70001399999999,9.600000658334821,75.58868151753134,67.10684953362784,0.0,1,-1.2434497875801753e-14,0.0,0.002785990978197539,-0.3900687043666893,75.58921999319004,-63.70001399999998,9.600000658334842,75.58868151753127,-67.10684953362784,0.0,1,8.881784197001252e-15
1.3166666666666667,1316667,droop_front,-2.124907438271605,0.0,72.2814119830247,0.9989256469539533,0.0,0.04634168596011551,0.0,-2.124907438271605,0.0,72.2814119830247,37.46512696813844,19.44372555004081,0,feet,0.0,-0.0738158264984543,-0.19510181895226975,-39.6224480423969,63.70001399999999,9.60024721871688,-39.59003440641005,63.70001591752033,0.0,1,4.263256414560601e-14,0.0,-0.0738158264984543,-0.1951018401897051,-39.622448042396904,-63.70001399999998,9.600247218716852,-39.59003440641005,-63.70001591752033,0.0,1,1.2434497875801753e-14,0.0,-0.0005140595573527307,-0.39865661806307573,75.6672510401425,63.70001399999999,9.600001667414908,75.67477851740453,67.25214372180568,0.0,1,3.730349362740526e-14,0.0,-0.0005140595573513984,-0.39865661806307573,75.66725104014246,-63.70001399999998,9.600001667414944,75.67477851740448,-67.25214372180568,0.0,1,7.283063041541027e-14
1.325,1325000,droop_front,-2.187187734375,0.0,72.17242146484375,0.9988617583236391,0.0,0.04769892827525678,0.0,-2.187187734375,0.0,72.17242146484375,37.40284667203505,19.074099774873083,0,feet,0.0,-0.07841860027040992,-0.19810417938744962,-39.619100521443656,63.70001399999999,9.600257937432481,-39.59003440641005,63.70001591752033,0.0,1,1.4210854715202004e-14,0.0,-0.07841860027040992,-0.19810420092382097,-39.61910052144364,-63.70001399999998,9.600257937432481,-39.59003440641005,-63.70001591752033,0.0,1,1.0658141036401503e-14,0.0,-0.003850235216099396,-0.40719241721889743,75.74503481350465,63.70001399999999,9.60000192872964,75.74369574119203,67.46091065718838,0.0,1,6.039613253960852e-14,0.0,-0.0038502352160980635,-0.40719241721889565,75.74503481350456,-63.70001399999998,9.600001928729583,75.74369574119196,-67.46091065718838,0.0,1,1.7763568394002505e-15
1.3333333333333333,1333333,droop_front,-2.24926024691358,0.0,72.06379456790124,0.9987962479738162,0.0,0.04905155485228865,0.0,-2.24926024691358,0.0,72.06379456790124,37.34077415949647,18.70609732479423,0,feet,0.0,-0.08299757755583936,-0.20108409009664552,-39.61571015608983,63.70001399999999,9.600267603570053,-39.59003440641005,63.70001591752033,0.0,1,1.7763568394002505e-15,0.0,-0.08299757755583936,-0.2010841119290112,-39.61571015608983,-63.70001399999998,9.600267603570025,-39.59003440641005,-63.70001591752033,0.0,1,-2.4868995751603507e-14,0.0,-0.007219103159652018,-0.415666831407159,75.82248878962072,63.70001399999999,9.59996730112082,75.79750989430919,66.24574647018272,0.0,1,2.6645352591003757e-14,0.0,-0.0072191031596529065,-0.4156668314071603,75.82248878962078,-63.70001399999998,9.59996730112087,75.7975098943092,-66.24574647018272,0.0,1,7.638334409421077e-14
1.3416666666666666,1341667,droop_front,-2.3110562548225304,0.0,71.95565155406057,0.9987292099805088,0.0,0.05039806674574633,0.0,-2.3110562548225304,0.0,71.95565155406057,37.278978151587516,18.34012295140522,0,feet,0.0,-0.08754777770132671,-0.2040385139383183,-39.612281755049636,63.70001399999999,9.600276160598547,-39.59003440641005,63.70001591752033,0.0,1,1.7763568394002505e-15,0.0,-0.08754777770132671,-0.20403853606345956,-39.61228175504965,-63.70001399999998,9.600276160598519,-39.59003440641005,-63.70001591752033,0.0,1,-2.842170943040401e-14,0.0,-0.010615476548363478,-0.42407225673760474,75.8995185854717,63.70001399999999,9.599975535796688,75.92110191012709,66.24574647018272,0.0,1,-7.105427357601002e-14,0.0,-0.010615476548363478,-0.42407225673760474,75.8995185854717,-63.70001399999998,9.599975535796688,75.9211019101271,-66.24574647018272,0.0,1,-7.105427357601002e-14
1.35,1350000,droop_front,-2.3725075,0.0,71.848111875,0.9986607458794109,0.0,0.05173697555499922,0.0,-2.3725075,0.0,71.848111875,37.21752690641005,17.97657690983084,0,feet,0.0,-0.09206429103556157,-0.20696448514465615,-39.608820321991765,63.70001399999999,9.600283557981697,-39.59003440641005,63.70001591752033,0.0,1,-1.5987211554602254e-14,0.0,-0.09206429103556157,-0.20696450755908335,-39.60882032199174,-63.70001399999998,9.600283557981726,-39.59003440641005,-63.70001591752033,0.0,1,1.2434497875801753e-14,0.0,-0.014034549121012319,-0.4324007815249229,75.97603544687598,63.70001399999999,9.600068038711541,75.90915703722405,62.450015874526294,0.0,1,8.881784197001252e-15,0.0,-0.014034549121012763,-0.4324007815249229,75.97603544687598,-63.70001399999998,9.600068038711541,75.90915703722408,-62.45001587452629,0.0,1,8.881784197001252e-15
1.3583333333333334,1358333,droop_front,-2.4335463030478395,0.0,71.74129396966629,0.9985909643617049,0.0,0.05306680596342784,0.0,-2.4335463030478395,0.0,71.74129396966629,37.15648810336221,17.615854291391067,0,feet,0.0,-0.09654228667930598,-0.20985911251776557,-39.60533103950484,63.70001399999999,9.600289751736362,-39.59003440641005,63.70001591752033,0.0,1,-1.7763568394002505e-15,0.0,-0.09654228667930598,-0.20985913521772837,-39.60533103950484,-63.70001399999998,9.600289751736362,-39.59003440641005,-63.70001591752033,0.0,1,-1.7763568394002505e-15,0.0,-0.01747142214541819,-0.44064454981739143,76.05195020188172,63.70001399999999,9.600278638414757,76.03123464331972,62.450015874526294,0.0,1,5.3290705182007514e-14,0.0,-0.017471422145418636,-0.44064454981739143,76.05195020188175,-63.70001399999998,9.60027863841475,76.03123464331975,-62.45001587452629,0.0,1,4.618527782440651e-14
1.3666666666666667,1366667,droop_front,-2.4941056790123453,0.0,71.63531506172839,0.9985199809290236,0.0,0.05438609827430474,0.0,-2.4941056790123453,0.0,71.63531506172839,37.095928727397705,17.258344366045748,0,feet,0.0,-0.10097702016309196,-0.21271958243197586,-39.60181925210201,63.70001399999999,9.600294704939557,-39.59003440641005,63.70001591752033,0.0,1,1.2434497875801753e-14,0.0,-0.10097702016309196,-0.2127196054134739,-39.60181925210201,-63.70001399999998,9.600294704939557,-39.59003440641005,-63.70001591752033,0.0,1,1.2434497875801753e-14,0.0,-0.02092626432037248,-0.4487910179705339,76.12722063783862,63.70001399999999,9.60026809073959,76.15235339524874,62.450015874526294,0.0,1,-2.1316282072803006e-14,0.0,-0.020926264320373367,-0.44879101797053433,76.12722063783868,-63.70001399999998,9.600268090739597,76.15235339524877,-62.45001587452629,0.0,1,-1.5987211554602254e-14
1.375,1375000,droop_front,-2.554119453124999,0.0,71.53029095703126,0.998447917508728,0.0,0.055693410943166335,0.0,-2.554119453124999,0.0,71.53029095703126,37.03591495328505,16.904429934567887,0,feet,0.0,-0.10536384085685624,-0.21554316166024678,-39.59829044834467,63.70001399999999,9.600298388177848,-39.59003440641005,63.70001591752033,0.0,1,1.7763568394002505e-14,0.0,-0.10536384085685624,-0.21554318491903945,-39.59829044834468,-63.70001399999998,9.60029838817782,-39.59003440641005,-63.70001591752033,0.0,1,-1.0658141036401503e-14,0.0,-0.02439072594217162,-0.4568358322761248,76.20173641834695,63.70001399999999,9.600300606721532,76.19654585901613,62.4500158716601,0.0,1,1.4210854715202004e-14,0.0,-0.02439072594217162,-0.4568358322761248,76.20173641834695,-63.70001399999998,9.600300606721532,76.19654585901613,-62.4500158716601,0.0,1,1.4210854715202004e-14
1.3833333333333333,1383333,droop_front,-2.61352237654321,0.0,71.42633584104938,0.9983749020308735,0.0,0.056987323106491745,0.0,-2.61352237654321,0.0,71.42633584104938,36.97651202986684,16.5544866903425,0,feet,0.0,-0.1096981992167052,-0.21832720004285644,-39.59475024216573,63.70001399999999,9.600300779932468,-39.59003440641005,63.70001591752033,0.0,1,3.019806626980426e-14,0.0,-0.1096981992167052,-0.21832722357446954,-39.59475024216573,-63.70001399999998,9.600300779932468,-39.59003440641005,-63.70001591752033,0.0,1,3.019806626980426e-14,0.0,-0.027862114261902438,-0.4647692735565574,76.27543540400443,63.70001399999999,9.60021902719776,76.31535170585255,62.4500158716601,0.0,1,-2.842170943040401e-14,0.0,-0.027862114261902438,-0.4647692735565574,76.27543540400443,-63.70001399999998,9.60021902719776,76.31535170585255,-62.4500158716601,0.0,1,-2.842170943040401e-14
1.3916666666666666,1391667,droop_front,-2.6722502420910494,0.0,71.32356207634066,0.9983010679684311,0.0,0.05826643710653597,0.0,-2.6722502420910494,0.0,71.32356207634066,36.917784164319,16.20888259062953,0,feet,0.0,-0.11397565385494923,-0.2210691330165453,-39.591204353477096,63.70001399999999,9.600301866894718,-39.59003440641005,63.70001591752033,0.0,1,3.552713678800501e-15,0.0,-0.11397565385494923,-0.2210691568162848,-39.59120435347711,-63.70001399999998,9.600301866894718,-39.59003440641005,-63.70001591752033,0.0,1,5.329070518200751e-15,0.0,-0.031331886590064695,-0.47258743815714377,76.34821019587785,63.70001399999999,9.600290252018034,76.33260337745305,62.45001586773867,0.0,1,-7.105427357601002e-15,0.0,-0.031331886590064695,-0.47258743815714377,76.34821019587785,-63.70001399999998,9.600290252018034,76.33260337745305,-62.45001586773867,0.0,1,-7.105427357601002e-15
1.4,1400000,droop_front,-2.7302400000000002,0.0,71.22208,0.9982265538425155,0.0,0.059529381012199206,0.0,-2.7302400000000002,0.0,71.22208,36.859794406410046,15.867977237068537,0,feet,0.0,-0.11819187844049273,-0.22376648402232968,-39.587658588144315,63.70001399999999,9.600301644207136,-39.59003440641005,63.70001591752033,0.0,1,1.9539925233402755e-14,0.0,-0.11819187844049273,-0.22376650808529108,-39.58765858814429,-63.70001399999998,9.600301644207171,-39.59003440641005,-63.70001591752033,0.0,1,5.684341886080802e-14,0.0,-0.03479842492765872,-0.4802798008465068,76.42001260940758,63.70001399999999,9.600260425355842,76.44858289327095,62.45001586773867,0.0,1,-2.1316282072803006e-14,0.0,-0.03479842492765872,-0.4802798008465068,76.42001260940758,-63.70001399999998,9.600260425355842,76.44858289327095,-62.45001586773867,0.0,1,-2.1316282072803006e-14
1.4083333333333334,1408333,droop_front,-2.78742987364969,0.0,71.12199772111305,0.9981515026945569,0.0,0.06077481113584841,0.0,-2.78742987364969,0.0,71.12199772111305,36.802604532760355,15.532121265144326,0,feet,0.0,-0.1223426684375859,-0.22641686680997797,-39.58411881741415,63.70001399999999,9.600300115625835,-39.59003440641005,63.70001591752033,0.0,1,1.7763568394002505e-14,0.0,-0.1223426684375859,-0.226416891131052,-39.58411881741414,-63.70001399999998,9.60030011562585,-39.59003440641005,-63.70001591752033,0.0,1,3.197442310920451e-14,0.0,-0.0382579305049533,-0.4878381760770991,76.49078140424896,63.70001399999999,9.600031581453102,76.56296264057033,62.45001586773867,0.0,1,-7.105427357601002e-15,0.0,-0.0382579305049533,-0.4878381760770991,76.49078140424896,-63.70001399999998,9.600031581453102,76.56296264057033,-62.45001586773867,0.0,1,-7.105427357601002e-15
1.4166666666666667,1416667,droop_front,-2.843759475308642,0.0,71.02342091820988,0.9980760615275217,0.0,0.06200141454604636,0.0,-2.843759475308642,0.0,71.02342091820988,36.746274931101404,15.201655742272017,0,feet,0.0,-0.12642394769182852,-0.22901798765697912,-39.580590956880144,63.70001399999999,9.60029729360187,-39.59003440641005,63.70001591752033,0.0,1,7.105427357601002e-15,0.0,-0.12642394769182852,-0.22901801223086826,-39.580590956880144,-63.70001399999998,9.60029729360187,-39.59003440641005,-63.70001591752033,0.0,1,7.105427357601002e-15,0.0,-0.04169990742797802,-0.4952610656250638,76.56039897190735,63.70001399999999,9.600001809602546,76.55850757746279,67.42276366565305,0.0,1,-5.1514348342607263e-14,0.0,-0.04169990742797802,-0.4952610656250638,76.56039897190735,-63.70001399999998,9.600001809602546,76.55850757746279,-67.42276366565305,0.0,1,-5.1514348342607263e-14
1.425,1425000,droop_front,-2.899169921875,0.0,70.92645263671875,0.9980003807184533,0.0,0.06320791157617996,0.0,-2.899169921875,0.0,70.92645263671875,36.69086448453505,14.876911574101868,0,feet,0.0,-0.13043177487320046,-0.2315676475195354,-39.57708094507011,63.70001399999999,9.60029319927871,-39.59003440641005,63.70001591752033,0.0,1,-2.6645352591003757e-14,0.0,-0.13043177487320046,-0.23156767234075915,-39.57708094507007,-63.70001399999998,9.600293199278731,-39.59003440641005,-63.70001591752033,0.0,1,-7.105427357601002e-15,0.0,-0.045122042062302636,-0.5025391441822866,76.62881917024329,63.70001399999999,9.599950262523635,76.59704142936872,61.49525244739142,0.0,1,-2.1316282072803006e-14,0.0,-0.045122042062302636,-0.5025391441822866,76.62881917024329,-63.70001399999998,9.599950262523635,76.59704142936872,-61.49525244739142,0.0,1,-2.1316282072803006e-14
1.4333333333333333,1433333,droop_front,-2.953603950617284,0.0,70.83119308641976,0.9979246134047578,0.0,0.06439305832902144,0.0,-2.953603950617284,0.0,70.83119308641976,36.63643045579276,14.558208918586146,0,feet,0.0,-0.134362349786723,-0.23406374413273712,-39.57359472173947,63.70001399999999,9.600287862405331,-39.59003440641005,63.70001591752033,0.0,1,4.796163466380676e-14,0.0,-0.134362349786723,-0.23406376919564353,-39.57359472173949,-63.70001399999998,9.600287862405303,-39.59003440641005,-63.70001591752033,0.0,1,1.9539925233402755e-14,0.0,-0.04851749270999628,-0.509667817429178,76.69596069333247,63.70001399999999,9.599997702564863,76.70590948685329,61.49525244739142,0.0,1,5.329070518200751e-15,0.0,-0.04851749270999628,-0.509667817429178,76.69596069333247,-63.70001399999998,9.599997702564863,76.70590948685329,-61.49525244739142,0.0,1,5.329070518200751e-15
1.4416666666666667,1441667,droop_front,-3.007006034915124,0.0,70.73773943889853,0.9978489148468037,0.0,0.06555564917729338,0.0,-3.007006034915124,0.0,70.73773943889853,36.583028371494926,14.245856607294186,0,feet,0.0,-0.13821201956213702,-0.23650427407669516,-39.570138205953,63.70001399999999,9.600281321163777,-39.59003440641005,63.70001591752033,0.0,1,2.6645352591003757e-14,0.0,-0.13821201956213702,-0.23650429937547202,-39.57013820595297,-63.70001399999998,9.600281321163777,-39.59003440641005,-63.70001591752033,0.0,1,2.6645352591003757e-14,0.0,-0.05188183472764285,-0.5166403773968016,76.76176582998532,63.70001399999999,9.600080704595904,76.69651177934148,62.450015854839656,0.0,1,-1.2434497875801753e-14,0.0,-0.05188183472764285,-0.5166403773968016,76.76176582998532,-63.70001399999998,9.600080704595904,76.69651177934148,-62.45001585483965,0.0,1,-1.2434497875801753e-14
1.45,1450000,droop_front,-3.059322500000001,0.0,70.646185625,0.9977734417695385,0.0,0.06669451926035053,0.0,-3.059322500000001,0.0,70.646185625,36.53071190641005,13.940151573408293,0,feet,0.0,-0.14197728473475157,-0.23888733482495184,-39.56671727403451,63.70001399999999,9.600273621913907,-39.59003440641005,63.70001591752033,0.0,1,-5.329070518200751e-15,0.0,-0.14197728473475157,-0.23888736035363367,-39.56671727403451,-63.70001399999998,9.600273621913907,-39.59003440641005,-63.70001591752033,0.0,1,-5.329070518200751e-15,0.0,-0.05520885988003954,-0.5234521139137591,76.82616237371339,63.70001399999999,9.600269878621049,76.80114470951123,62.450015854839656,0.0,1,2.4868995751603507e-14,0.0,-0.05520885988003954,-0.5234521139137591,76.82616237371339,-63.70001399999998,9.600269878621049,76.80114470951123,-62.45001585483965,0.0,1,2.4868995751603507e-14
1.4583333333333333,1458333,droop_front,-3.1105016386959865,0.0,70.55662213228203,0.9976983516859445,0.0,0.06780854697712951,0.0,-3.1105016386959865,0.0,70.55662213228203,36.47953276771406,13.641378285780313,0,feet,0.0,-0.14565480523031127,-0.24121112679097134,-39.563337737464146,63.70001399999999,9.60026481885506,-39.59003440641005,63.70001591752033,0.0,1,3.552713678800501e-14,0.0,-0.14565480523031127,-0.24121115254345238,-39.56333773746415,-63.70001399999998,9.600264818855031,-39.59003440641005,-63.70001591752033,0.0,1,7.105427357601002e-15,0.0,-0.058496805593348356,-0.5300942740281238,76.88912217455328,63.70001399999999,9.600297004548665,76.88903658639354,62.45001585419338,0.0,1,-2.1316282072803006e-14,0.0,-0.058496805593348356,-0.5300942740281238,76.88912217455328,-63.70001399999998,9.600297004548665,76.88903658639354,-62.45001585419338,0.0,1,-2.1316282072803006e-14
1.4666666666666666,1466667,droop_front,-3.160493827160494,0.0,70.46913580246914,0.9976238022052647,0.0,0.0688966564755576,0.0,-3.160493827160494,0.0,70.46913580246914,36.429540579249554,13.349808188381672,0,feet,0.0,-0.14924140626739035,-0.24347395538802852,-39.560005320798496,63.70001399999999,9.600254973608543,-39.59003440641005,63.70001591752033,0.0,1,-3.552713678800501e-15,0.0,-0.14924140626739035,-0.24347398135807197,-39.560005320798496,-63.70001399999998,9.600254973608514,-39.59003440641005,-63.70001591752033,0.0,1,-3.019806626980426e-14,0.0,-0.061739694881933094,-0.5365626040261069,76.95058152264798,63.70001399999999,9.600220049158935,76.98902096332256,62.45001585419338,0.0,1,3.907985046680551e-14,0.0,-0.061739694881933094,-0.5365626040261069,76.95058152264798,-63.70001399999998,9.600220049158935,76.98902096332256,-62.45001585419338,0.0,1,3.907985046680551e-14
1.475,1475000,droop_front,-3.2092516406250002,0.0,70.38380962890625,0.9975499503290293,0.0,0.06995782013864686,0.0,-3.2092516406250002,0.0,70.38380962890625,36.38078276578505,13.065699144433346,0,feet,0.0,-0.15273408419138468,-0.24567423311723324,-39.55672563968707,63.70001399999999,9.60024415472531,-39.59003440641005,63.70001591752033,0.0,1,-8.881784197001252e-15,0.0,-0.15273408419138468,-0.24567425929848108,-39.55672563968705,-63.70001399999998,9.600244154725331,-39.59003440641005,-63.70001591752033,0.0,1,1.2434497875801753e-14,0.0,-0.06493291425900205,-0.5428518624576895,77.01049136915319,63.70001399999999,9.599996278735716,76.99933353572163,67.4669073296858,0.0,1,2.1316282072803006e-14,0.0,-0.06493291425900205,-0.5428518624576895,77.01049136915319,-63.70001399999998,9.599996278735716,76.99933353572163,-67.4669073296858,0.0,1,2.1316282072803006e-14
1.4833333333333334,1483333,droop_front,-3.256729969135802,0.0,70.30072255401235,0.9974769517379862,0.0,0.07099106106753944,0.0,-3.256729969135802,0.0,70.30072255401235,36.33330443727424,12.789294884461391,0,feet,0.0,-0.15613001225474132,-0.24781048169787434,-39.553504179056375,63.70001399999999,9.600232437121903,-39.59003440641005,63.70001591752033,0.0,1,-1.0658141036401503e-14,0.0,-0.15613001225474132,-0.24781050808385752,-39.55350417905636,-63.70001399999998,9.600232437121925,-39.59003440641005,-63.70001591752033,0.0,1,1.0658141036401503e-14,0.0,-0.0680666326250039,-0.5489624379609346,77.06875575088301,63.70001399999999,9.600000163425676,77.06403969536319,67.46351606241697,0.0,1,4.796163466380676e-14,0.0,-0.0680666326250039,-0.5489624379609346,77.06875575088301,-63.70001399999998,9.600000163425676,77.06403969536319,-67.46351606241697,0.0,1,4.796163466380676e-14
1.4916666666666667,1491667,droop_front,-3.3028861332947534,0.0,70.21994926673418,0.9974049600731134,0.0,0.07199545556179944,0.0,-3.3028861332947534,0.0,70.21994926673418,36.28714827311529,12.520824457486839,0,feet,0.0,-0.15942654635847342,-0.24988133425368142,-39.55034627152838,63.70001399999999,9.600219901451645,-39.59003440641005,63.70001591752033,0.0,1,1.7763568394002505e-14,0.0,-0.15942654635847342,-0.24988136083783186,-39.55034627152839,-63.70001399999998,9.60021990145163,-39.59003440641005,-63.70001591752033,0.0,1,5.329070518200751e-15,0.0,-0.07113882366387614,-0.5548873144197453,77.12535273548228,63.70001399999999,9.600002167850135,77.12356488089517,66.8071668787559,0.0,1,-2.842170943040401e-14,0.0,-0.07113882366387614,-0.5548873144197453,77.12535273548228,-63.70001399999998,9.600002167850135,77.12356488089517,-66.8071668787559,0.0,1,-2.842170943040401e-14
1.5,1500000,droop_front,-3.3476799999999995,0.0,70.14156,0.9973341262139357,0.0,0.07297013559728052,0.0,-3.3476799999999995,0.0,70.14156,36.24235440641005,12.260501684526567,0,feet,0.0,-0.16262123077042911,-0.25188553756802223,-39.547257076138344,63.70001399999999,9.600206633416448,-39.59003440641005,63.70001591752033,0.0,1,5.329070518200751e-15,0.0,-0.16262123077042911,-0.25188556434368126,-39.547257076138344,-63.70001399999998,9.600206633416477,-39.59003440641005,-63.70001591752033,0.0,1,3.375077994860476e-14,0.0,-0.0741447794580039,-0.5606226264836089,77.1802380546112,63.70001399999999,9.599992842298185,77.1897385421478,66.83608228292456,0.0,1,-1.7763568394002505e-15,0.0,-0.0741447794580039,-0.5606226264836089,77.1802380546112,-63.70001399999998,9.599992842298185,77.1897385421478,-66.83608228292456,0.0,1,-1.7763568394002505e-15
1.5083333333333333,1508333,droop_front,-3.3910740981867282,0.0,70.06562032817322,0.9972645975574055,0.0,0.07391429130192634,0.0,-3.3910740981867282,0.0,70.06562032817322,36.19896030822332,12.008524613554286,0,feet,0.0,-0.16571180383603945,-0.2538219544204279,-39.54424155741328,63.70001399999999,9.60019272302695,-39.59003440641005,63.70001591752033,0.0,1,3.197442310920451e-14,0.0,-0.16571180383603945,-0.25382198138085554,-39.544241557413294,-63.70001399999998,9.600192723026922,-39.59003440641005,-63.70001591752033,0.0,1,3.552713678800501e-15,0.0,-0.0770771613146759,-0.5661676823362356,77.23334429831183,63.70001399999999,9.600186163115048,77.18685177191077,62.450015841895706,0.0,1,-1.7763568394002505e-15,0.0,-0.0770771613146759,-0.5661676823362356,77.23334429831183,-63.70001399999998,9.600186163115048,77.18685177191077,-62.450015841895706,0.0,1,-1.7763568394002505e-15
1.5166666666666666,1516667,droop_front,-3.433033734567902,0.0,69.99219096450616,0.9971965173006241,0.0,0.07482717342988458,0.0,-3.433033734567902,0.0,69.99219096450616,36.15700067184215,11.765074975050425,0,feet,0.0,-0.16869620369752703,-0.25568956601627013,-39.54130446486839,63.70001399999999,9.600178263817611,-39.59003440641005,63.70001591752033,0.0,1,2.6645352591003757e-14,0.0,-0.16869620369752703,-0.2556895931546612,-39.541304464868375,-63.70001399999998,9.600178263817611,-39.59003440641005,-63.70001591752033,0.0,1,2.6645352591003757e-14,0.0,-0.07993511256678598,-0.5715156774033954,77.28466666690319,63.70001399999999,9.600288684886465,77.27077104467311,62.450015841895706,0.0,1,-3.019806626980426e-14,0.0,-0.07993511256678598,-0.5715156774033954,77.28466666690319,-63.70001399999998,9.600288684886465,77.27077104467311,-62.450015841895706,0.0,1,-3.019806626980426e-14
1.525,1525000,droop_front,-3.4735271093749995,0.0,69.92132755859375,0.997130023730676,0.0,0.07570809583433816,0.0,-3.4735271093749995,0.0,69.92132755859375,36.11650729703505,11.53031763725329,0,feet,0.0,-0.1715725740376257,-0.257487474520806,-39.53845031297664,63.70001399999999,9.600163352026037,-39.59003440641005,63.70001591752033,0.0,1,4.440892098500626e-14,0.0,-0.1715725740376257,-0.25748750183029445,-39.53845031297664,-63.70001399999998,9.600163352026037,-39.59003440641005,-63.70001591752033,0.0,1,4.440892098500626e-14,0.0,-0.08271454051911009,-0.5766636893642421,77.3341730165814,63.70001399999999,9.600282636311825,77.35175779428731,62.450015841895706,0.0,1,2.4868995751603507e-14,0.0,-0.08271454051911009,-0.5766636893642421,77.3341730165814,-63.70001399999998,9.600282636311825,77.35175779428731,-62.450015841895706,0.0,1,2.4868995751603507e-14
1.5333333333333334,1533333,droop_front,-3.5125254320987644,0.0,69.85308049382716,0.997065249524834,0.0,0.07655643793947338,0.0,-3.5125254320987644,0.0,69.85308049382716,36.077508974311286,11.3044000602154,0,feet,0.0,-0.17433926986392168,-0.2592149057081623,-39.53568336166211,63.70001399999999,9.600148085743953,-39.59003440641005,63.70001591752033,0.0,1,1.2434497875801753e-14,0.0,-0.17433926986392168,-0.25921493318183675,-39.53568336166208,-63.70001399999998,9.600148085743953,-39.59003440641005,-63.70001591752033,0.0,1,1.2434497875801753e-14,0.0,-0.08541119789712726,-0.5816095170920268,77.38183094819846,63.70001399999999,9.600179126476604,77.42975443973484,62.450015841895706,0.0,1,6.927791673660977e-14,0.0,-0.08541119789712726,-0.5816095170920268,77.38183094819846,-63.70001399999998,9.600179126476604,77.42975443973484,-62.450015841895706,0.0,1,6.927791673660977e-14
1.5416666666666667,1541667,droop_front,-3.550003037229938,0.0,69.78749468484762,0.9970023210643488,0.0,0.07737164721201853,0.0,-3.550003037229938,0.0,69.78749468484762,36.04003136918011,11.087451747766572,0,feet,0.0,-0.17699486334980818,-0.26087121173530514,-39.53300759736498,63.70001399999999,9.600132564049758,-39.59003440641005,63.70001591752033,0.0,1,1.0658141036401503e-14,0.0,-0.17699486334980818,-0.2608712393662165,-39.53300759736494,-63.70001399999998,9.60013256404978,-39.59003440641005,-63.70001591752033,0.0,1,3.019806626980426e-14,0.0,-0.0880208861077687,-0.5863515223673792,77.42760990990719,63.70001399999999,9.600004757980237,77.42409263106995,61.81332379076298,0.0,1,2.6645352591003757e-14,0.0,-0.0880208861077687,-0.5863515223673792,77.42760990990719,-63.70001399999998,9.600004757980237,77.42409263106995,-61.81332379076298,0.0,1,2.6645352591003757e-14
1.55,1550000,droop_front,-3.5859375,0.0,69.724609375,0.9969413577649822,0.0,0.07815324163279423,0.0,-3.5859375,0.0,69.724609375,36.00409690641005,10.879583696489725,0,feet,0.0,-0.17953814974788385,-0.26245587405034154,-39.53042671472227,63.70001399999999,9.60011688613065,-39.59003440641005,63.70001591752033,0.0,1,4.796163466380676e-14,0.0,-0.17953814974788385,-0.262455901831518,-39.530426714722296,-63.70001399999998,9.600116886130621,-39.59003440641005,-63.70001591752033,0.0,1,1.9539925233402755e-14,0.0,-0.09053737770621861,-0.5908908083911113,77.47146029495917,63.70001399999999,9.599974136041773,77.49596155661008,61.81332379076298,0.0,1,1.7763568394002505e-14,0.0,-0.09053737770621861,-0.5908908083911113,77.47146029495917,-63.70001399999998,9.599974136041773,77.49596155661008,-61.81332379076298,0.0,1,1.7763568394002505e-14
1.5583333333333333,1558333,droop_front,-3.6203097521219147,0.0,69.66445793378665,0.9968824714273574,0.0,0.0789008121687216,0.0,-3.6203097521219147,0.0,69.66445793378665,35.969724654288136,10.680887840827637,0,feet,0.0,-0.18196815339128758,-0.2639685064439692,-39.52794409890553,63.70001399999999,9.600101150404242,-39.59003440641005,63.70001591752033,0.0,1,3.019806626980426e-14,0.0,-0.18196815339128758,-0.2639685343684257,-39.527944098905515,-63.70001399999998,9.600101150404264,-39.59003440641005,-63.70001591752033,0.0,1,5.3290705182007514e-14,0.0,-0.09295809794596321,-0.5952253874134819,77.51336946584335,63.70001399999999,9.600026549021138,77.44158959509447,62.45001583167165,0.0,1,5.684341886080802e-14,0.0,-0.09295809794596321,-0.5952253874134819,77.51336946584335,-63.70001399999998,9.600026549021138,77.44158959509447,-62.45001583167165,0.0,1,5.684341886080802e-14
1.5666666666666667,1566667,droop_front,-3.653104197530866,0.0,69.60706765432099,0.996825765610105,0.0,0.0796140252457317,0.0,-3.653104197530866,0.0,69.60706765432099,35.93693020887918,10.491436493458068,0,feet,0.0,-0.18428413379805075,-0.2654088582522127,-39.5255628086519,63.70001399999999,9.600085453648916,-39.59003440641005,63.70001591752033,0.0,1,3.907985046680551e-14,0.0,-0.18428413379805075,-0.26540888631296067,-39.52556280865191,-63.70001399999998,9.600085453648887,-39.59003440641005,-63.70001591752033,0.0,1,1.0658141036401503e-14,0.0,-0.09527974473868861,-0.5993547070368557,77.5533184892882,63.70001399999999,9.600184018644782,77.50717848591238,62.45001583167165,0.0,1,-7.105427357601002e-15,0.0,-0.09527974473868861,-0.5993547070368557,77.5533184892882,-63.70001399999998,9.600184018644782,77.50717848591238,-62.45001583167165,0.0,1,-7.105427357601002e-15
1.575,1575000,droop_front,-3.6843088281250003,0.0,69.55245955078125,0.9967713350286496,0.0,0.08029262522301496,0.0,-3.6843088281250003,0.0,69.55245955078125,35.90572557828505,10.31128178010242,0,feet,0.0,-0.18648559189299707,-0.26677681771797124,-39.52328556002404,63.70001399999999,9.600069890151019,-39.59003440641005,63.70001591752033,0.0,1,-8.881784197001252e-15,0.0,-0.18648559189299707,-0.2667768459080353,-39.52328556002401,-63.70001399999998,9.600069890151048,-39.59003440641005,-63.70001591752033,0.0,1,1.7763568394002505e-14,0.0,-0.09750172979297833,-0.6032761380138063,77.59131732762012,63.70001399999999,9.600270304376068,77.56958774710064,62.45001583167165,0.0,1,8.881784197001252e-15,0.0,-0.09750172979297833,-0.6032761380138063,77.59131732762012,-63.70001399999998,9.600270304376068,77.56958774710064,-62.45001583167165,0.0,1,8.881784197001252e-15
1.5833333333333333,1583333,droop_front,-3.7139153395061726,0.0,69.5006481558642,0.9967192649823442,0.0,0.08093643686903651,0.0,-3.7139153395061726,0.0,69.5006481558642,35.876119066903875,10.140455067968013,0,feet,0.0,-0.18857227636103824,-0.26807241551825234,-39.521114710927726,63.70001399999999,9.60005455087898,-39.59003440641005,63.70001591752033,0.0,1,-3.375077994860476e-14,0.0,-0.18857227636103824,-0.2680724438306785,-39.521114710927705,-63.70001399999998,9.600054550879008,-39.59003440641005,-63.70001591752033,0.0,1,-5.329070518200751e-15,0.0,-0.09962154790507194,-0.6069898062692896,77.627358072543,63.70001399999999,9.600294787681179,77.62880076986299,62.45001583167165,0.0,1,-1.9539925233402755e-14,0.0,-0.09962154790507194,-0.6069898062692896,77.627358072543,-63.70001399999998,9.600294787681179,77.62880076986299,-62.45001583167165,0.0,1,-1.9539925233402755e-14
1.5916666666666666,1591667,droop_front,-3.741919246720681,0.0,69.45164131823881,0.9966696308124792,0.0,0.08154536783972749,0.0,-3.741919246720681,0.0,69.45164131823881,35.848115159689364,9.978966387067658,0,feet,0.0,-0.19054419014489632,-0.2692958284632674,-39.519052246415384,63.70001399999999,9.600039522691588,-39.59003440641005,63.70001591752033,0.0,1,-1.0658141036401503e-14,0.0,-0.19054419014489632,-0.2692958568911372,-39.51905224641537,-63.70001399999998,9.600039522691617,-39.59003440641005,-63.70001591752033,0.0,1,1.7763568394002505e-14,0.0,-0.10163663504710474,-0.6104966976004564,77.66143309745344,63.70001399999999,9.600301477253993,77.66392434275411,62.45001583058992,0.0,1,6.927791673660977e-14,0.0,-0.10163663504710474,-0.6104966976004564,77.66143309745344,-63.70001399999998,9.600301477253993,77.66392434275411,-62.45001583058992,0.0,1,6.927791673660977e-14
1.6,1600000,droop_front,-3.7683200000000006,0.0,69.40544,0.9966224973935014,0.0,0.08211941115924017,0.0,-3.7683200000000006,0.0,69.40544,35.821714406410045,9.826803843711872,0,feet,0.0,-0.19240159709934668,-0.2704473833728511,-39.517099764798246,63.70001399999999,9.600024887589193,-39.59003440641005,63.70001591752033,0.0,1,3.552713678800501e-14,0.0,-0.19240159709934668,-0.2704474119092959,-39.51709976479822,-63.70001399999998,9.600024887589214,-39.59003440641005,-63.70001591752033,0.0,1,5.684341886080802e-14,0.0,-0.1035455174076394,-0.613797472767073,77.69354653989971,63.70001399999999,9.600273817974212,77.71672584931275,62.45001583058992,0.0,1,-5.1514348342607263e-14,0.0,-0.1035455174076394,-0.613797472767073,77.69354653989971,-63.70001399999998,9.600273817974212,77.71672584931275,-62.45001583058992,0.0,1,-5.1514348342607263e-14
1.6083333333333334,1608333,droop_front,-3.7931211005015424,0.0,69.3620380741223,0.9965779186595534,0.0,0.08265864770362852,0.0,-3.7931211005015424,0.0,69.3620380741223,35.796913305908504,9.683933025529,0,feet,0.0,-0.19414502881298912,-0.2715275611349184,-39.515258464586616,63.70001399999999,9.600010722014957,-39.59003440641005,63.70001591752033,0.0,1,-2.6645352591003757e-14,0.0,-0.19414502881298912,-0.2715275897731293,-39.51525846458657,-63.70001399999998,9.600010722015014,-39.59003440641005,-63.70001591752033,0.0,1,2.842170943040401e-14,0.0,-0.10534696475054828,-0.6168933927880622,77.72370598393164,63.70001399999999,9.600207186301965,77.76632805031583,62.45001583058992,0.0,1,-1.4210854715202004e-14,0.0,-0.10534696475054828,-0.6168933927880622,77.72370598393164,-63.70001399999998,9.600207186301965,77.76632805031583,-62.45001583058992,0.0,1,-1.4210854715202004e-14
1.6166666666666667,1616667,droop_front,-3.816330216049383,0.0,69.32142212191359,0.9965359371681957,0.0,0.08316324868778212,0.0,-3.816330216049383,0.0,69.32142212191359,35.69086707765646,9.550296397437393,0,feet,0.0,-0.19577520203641985,-0.2725370801062401,-39.51352975919851,63.70001399999999,9.600002128295223,-39.50719729370583,59.93459691168532,0.0,1,4.796163466380676e-14,0.0,-0.19577520203641896,-0.272537108839491,-39.51352975919854,-63.70001399999998,9.60000212829523,-39.507197293705865,-59.93459691168532,0.0,1,5.5067062021407764e-14,0.0,-0.1070400010456134,-0.619786331170896,77.7519223840807,63.70001399999999,9.600109119899692,77.81274628141152,62.45001583058992,0.0,1,3.730349362740526e-14,0.0,-0.1070400010456134,-0.619786331170896,77.7519223840807,-63.70001399999998,9.600109119899692,77.81274628141152,-62.45001583058992,0.0,1,3.730349362740526e-14
1.625,1625000,droop_front,-3.8379592968750003,0.0,69.28357123046875,0.9964965837028974,0.0,0.0836334781559059,0.0,-3.8379592968750003,0.0,69.28357123046875,35.669237996830844,9.425812688070081,0,feet,0.0,-0.19729313573650753,-0.2734768033982822,-39.51191449545697,63.70001399999999,9.600003057884855,-39.50719729370583,59.93459691168532,0.0,1,-1.0658141036401503e-14,0.0,-0.1972931357365062,-0.27347683221994457,-39.511914495457006,-63.70001399999998,9.60000305788492,-39.507197293705865,-59.93459691168532,0.0,1,5.3290705182007514e-14,0.0,-0.1086240703719712,-0.622478627130318,77.77821175604019,63.70001399999999,9.599986612402788,77.85600444306276,62.45001583058992,0.0,1,-3.552713678800501e-15,0.0,-0.1086240703719712,-0.622478627130318,77.77821175604019,-63.70001399999998,9.599986612402788,77.85600444306276,-62.45001583058992,0.0,1,-3.552713678800501e-15
1.6333333333333333,1633333,droop_front,-3.858024691358024,0.0,69.24845679012346,0.9964598769155769,0.0,0.08406969547579678,0.0,-3.858024691358024,0.0,69.24845679012346,35.64917260234782,9.310376266238372,0,feet,0.0,-0.1987003834293004,-0.2743475447786037,-39.51041137102155,63.70001399999999,9.60000367880653,-39.50719729370583,59.93459691168532,0.0,1,4.085620730620576e-14,0.0,-0.1987003834293004,-0.2743475736821366,-39.51041137102158,-63.70001399999998,9.600003678806509,-39.507197293705865,-59.93459691168532,0.0,1,1.9539925233402755e-14,0.0,-0.11009799077563853,-0.6249742293446263,77.80258435988496,63.70001399999999,9.599936586295897,77.7678656868657,66.65383891335583,0.0,1,0.0,0.0,-0.11009799077563853,-0.6249742293446263,77.80258435988496,-63.70001399999998,9.599936586295897,77.7678656868657,-66.65383891335583,0.0,1,0.0
1.6416666666666666,1641667,droop_front,-3.8765472617669787,0.0,69.21604229190778,0.9964258230101413,0.0,0.08447235783712048,0.0,-3.8765472617669787,0.0,69.21604229190778,35.63065003193886,9.203856507114011,0,feet,0.0,-0.19999861946293596,-0.2751504458163012,-39.50901987224355,63.70001399999999,9.600004043832428,-39.50719729370583,59.93459691168532,0.0,1,1.9539925233402755e-14,0.0,-0.19999861946293507,-0.27515047479528265,-39.50901987224358,-63.70001399999998,9.600004043832435,-39.507197293705865,-59.93459691168532,0.0,1,2.6645352591003757e-14,0.0,-0.11146193030949814,-0.6272766089853641,77.82506486310564,63.70001399999999,9.599978211538584,77.80491082768361,66.65383891335583,0.0,1,3.375077994860476e-14,0.0,-0.11146193030949814,-0.6272766089853641,77.82506486310564,-63.70001399999998,9.599978211538584,77.80491082768361,-66.65383891335583,0.0,1,3.375077994860476e-14
1.65,1650000,droop_front,-3.893552499999997,0.0,69.186283125,0.9963944154676081,0.0,0.08484202275384281,0.0,-3.893552499999997,0.0,69.186283125,35.613644793705845,9.106097147912244,0,feet,0.0,-0.2011898227603659,-0.2758868253353426,-39.50773903368031,63.70001399999999,9.600004201556864,-39.50719729370583,59.93459691168532,0.0,1,2.6645352591003757e-14,0.0,-0.201189822760365,-0.27588685438348604,-39.50773903368028,-63.70001399999998,9.600004201556914,-39.507197293705865,-59.93459691168532,0.0,1,7.638334409421077e-14,0.0,-0.11271806988228183,-0.6293880842978896,77.84569986694306,63.70001399999999,9.599996973866439,77.83892130414965,66.65383891335583,0.0,1,-1.9539925233402755e-14,0.0,-0.11271806988228183,-0.6293880842978896,77.84569986694306,-63.70001399999998,9.599996973866439,77.83892130414965,-66.65383891335583,0.0,1,-1.9539925233402755e-14
1.6583333333333334,1658333,droop_front,-3.9090706433256157,0.0,69.15912637418018,0.9963656348130021,0.0,0.08517935057091756,0.0,-3.9090706433256157,0.0,69.15912637418018,35.59812665038023,9.01691563296744,0,feet,0.0,-0.20227628479679094,-0.2765581846131746,-39.506567430184624,63.70001399999999,9.600004196179427,-39.50719729370583,59.93459691168532,0.0,1,-2.3092638912203256e-14,0.0,-0.20227628479679005,-0.2765582137243423,-39.50656743018463,-63.70001399999998,9.600004196179455,-39.507197293705865,-59.93459691168532,0.0,1,5.329070518200751e-15,0.0,-0.11386764675917194,-0.6313129952787113,77.86452709421195,63.70001399999999,9.599997831086547,77.8699575908009,66.65383891335583,0.0,1,4.618527782440651e-14,0.0,-0.11386764675917194,-0.6313129952787113,77.86452709421195,-63.70001399999998,9.599997831086547,77.8699575908009,-66.65383891335583,0.0,1,4.618527782440651e-14
1.6666666666666667,1666667,droop_front,-3.9231367901234555,0.0,69.13451061728395,0.9963394484237923,0.0,0.08548510697526995,0.0,-3.9231367901234555,0.0,69.13451061728395,35.584060503582386,8.93610244821312,0,feet,0.0,-0.2032606177790095,-0.27716621276616804,-39.505503169831144,63.70001399999999,9.600004067360395,-39.50719729370583,59.93459691168532,0.0,1,3.552713678800501e-14,0.0,-0.2032606177790086,-0.2771662419343892,-39.50550316983118,-63.70001399999998,9.600004067360402,-39.507197293705865,-59.93459691168532,0.0,1,4.440892098500626e-14,0.0,-0.11491225165777941,-0.6330563456281868,77.88158878857023,63.70001399999999,9.599995459696544,77.87154521824523,66.67369822588526,0.0,1,2.842170943040401e-14,0.0,-0.11491225165777941,-0.6330563456281868,77.88158878857023,-63.70001399999998,9.599995459696544,77.87154521824523,-66.67369822588526,0.0,1,2.842170943040401e-14
1.675,1675000,droop_front,-3.935791015625,0.0,69.11236572265625,0.9963158103791765,0.0,0.0857601655110619,0.0,-3.935791015625,0.0,69.11236572265625,35.57140627808084,8.863420445202536,0,feet,0.0,-0.20414576302368204,-0.2777127923172009,-39.50454388765701,63.70001399999999,9.600003850146507,-39.50719729370583,59.93459691168532,0.0,1,1.5987211554602254e-14,0.0,-0.20414576302368115,-0.27771282153669086,-39.50454388765705,-63.70001399999998,9.600003850146514,-39.507197293705865,-59.93459691168532,0.0,1,2.3092638912203256e-14,0.0,-0.11585398389759893,-0.6346236589981005,77.89693338379207,63.70001399999999,9.600001512516073,77.89095102177339,66.68099574143415,0.0,1,2.6645352591003757e-14,0.0,-0.11585398389759805,-0.6346236589981005,77.89693338379202,-63.70001399999998,9.600001512516101,77.89095102177336,-66.68099574143415,0.0,1,5.5067062021407764e-14
1.6833333333333333,1683333,droop_front,-3.9470784876543252,0.0,69.09261264660493,0.9962946613490329,0.0,0.08600551009915562,0.0,-3.9470784876543252,0.0,69.09261264660493,35.56011880605152,8.798604154942055,0,feet,0.0,-0.20493499952896066,-0.2782000049389026,-39.503686740186986,63.70001399999999,9.600003574968383,-39.50719729370583,59.93459691168532,0.0,1,3.197442310920451e-14,0.0,-0.20493499952896022,-0.27820003420407646,-39.50368674018702,-63.70001399999998,9.600003574968362,-39.507197293705865,-59.93459691168532,0.0,1,1.2434497875801753e-14,0.0,-0.11669570876667024,-0.6360207254104271,77.91061833480083,63.70001399999999,9.600002936179138,77.91352596583204,66.68099574143415,0.0,1,3.197442310920451e-14,0.0,-0.11669570876666979,-0.6360207254104271,77.91061833480082,-63.70001399999998,9.600002936179159,77.91352596583201,-66.68099574143415,0.0,1,5.3290705182007514e-14
1.6916666666666667,1691667,droop_front,-3.9570495823688305,0.0,69.07516323085454,0.9962759285208281,0.0,0.08622223756062972,0.0,-3.9570495823688305,0.0,69.07516323085454,35.55014771133701,8.741359091950741,0,feet,0.0,-0.20563195273140256,-0.27863013736398434,-39.50292840070373,63.70001399999999,9.6000032677049,-39.50719729370583,59.93459691168532,0.0,1,5.684341886080802e-14,0.0,-0.2056319527314021,-0.27863016666947704,-39.502928400703745,-63.70001399999998,9.600003267704906,-39.507197293705865,-59.93459691168532,0.0,1,6.394884621840902e-14,0.0,-0.11744061107140391,-0.6372541029810552,77.92270552655616,63.70001399999999,9.600000872364596,77.91621710434997,67.46660975416599,0.0,1,1.7763568394002505e-14,0.0,-0.11744061107140435,-0.6372541029810552,77.92270552655621,-63.70001399999998,9.600000872364582,77.91621710434995,-67.46660975416599,0.0,1,3.552713678800501e-15
1.7,1700000,droop_front,-3.965759999999999,0.0,69.05992,0.9962595255622184,0.0,0.08641156014413519,0.0,-3.965759999999999,0.0,69.05992,35.54143729370585,8.691361049109204,0,feet,0.0,-0.2062406034372546,-0.2790056874518898,-39.50226505521423,63.70001399999999,9.600002949812797,-39.50719729370583,59.93459691168532,0.0,1,-1.0658141036401503e-14,0.0,-0.20624060343725326,-0.27900571679257613,-39.502265055214274,-63.70001399999998,9.600002949812833,-39.507197293705865,-59.93459691168532,0.0,1,2.4868995751603507e-14,0.0,-0.11809228795825799,-0.6383310398788358,77.93326233269812,63.70001399999999,9.600003057704868,77.93363793961231,67.46660975416599,0.0,1,-1.7763568394002505e-15,0.0,-0.11809228795825755,-0.6383310398788358,77.93326233269812,-63.70001399999998,9.600003057704868,77.9336379396123,-67.46660975416599,0.0,1,-1.7763568394002505e-15
1.7083333333333333,1708333,droop_front,-3.9732708805941326,0.0,69.04677595896027,0.9962453526164762,0.0,0.08657480805680756,0.0,-3.9732708805941326,0.0,69.04677595896027,35.53392641311171,8.64825538401793,0,feet,0.0,-0.20676529691426904,-0.2793293703984743,-39.50169239905267,63.70001399999999,9.600002638516642,-39.50719729370583,59.93459691168532,0.0,1,2.6645352591003757e-14,0.0,-0.2067652969142686,-0.2793293997694857,-39.50169239905271,-63.70001399999998,9.600002638516585,-39.507197293705865,-59.93459691168532,0.0,1,-3.019806626980426e-14,0.0,-0.11865501570772219,-0.6392592075597214,77.9423645543824,63.70001399999999,9.600001001049705,77.94865970080058,67.46660975416599,0.0,1,2.1316282072803006e-14,0.0,-0.11865501570772219,-0.6392592075597214,77.9423645543824,-63.70001399999998,9.600001001049705,77.94865970080056,-67.46660975416599,0.0,1,2.1316282072803006e-14
1.7166666666666666,1716667,droop_front,-3.9796489197530898,0.0,69.03561439043209,0.9962332963272517,0.0,0.08671343199838374,0.0,-3.9796489197530898,0.0,69.03561439043209,35.527548373952754,8.611656297749484,0,feet,0.0,-0.20721075212712714,-0.27960412507261667,-39.501205634047544,63.70001399999999,9.600002347052119,-39.50719729370583,59.93459691168532,0.0,1,2.6645352591003757e-14,0.0,-0.20721075212712625,-0.2796041544693644,-39.50120563404761,-63.70001399999998,9.600002347052104,-39.507197293705865,-59.93459691168532,0.0,1,1.2434497875801753e-14,0.0,-0.11913341799443344,-0.6400470794620032,77.95009304549723,63.70001399999999,9.599998940968206,77.94418671912575,67.46543482646467,0.0,1,-7.105427357601002e-15,0.0,-0.11913341799443256,-0.6400470794620032,77.9500930454972,-63.70001399999998,9.59999894096822,77.9441867191257,-67.46543482646467,0.0,1,7.105427357601002e-15
1.725,1725000,droop_front,-3.9849664843750032,0.0,69.02630865234374,0.9962232298885021,0.0,0.08682900569810068,0.0,-3.9849664843750032,0.0,69.02630865234374,35.52223080933084,8.5811461070507,0,feet,0.0,-0.20758207109623505,-0.2798331204606894,-39.50079946616811,63.70001399999999,9.600002084957808,-39.50719729370583,59.93459691168532,0.0,1,1.7763568394002505e-14,0.0,-0.2075820710962346,-0.2798331498788835,-39.500799466168125,-63.70001399999998,9.600002084957808,-39.507197293705865,-59.93459691168532,0.0,1,1.7763568394002505e-14,0.0,-0.11953262051555225,-0.6407037841313099,77.95653547056561,63.70001399999999,9.600000604936476,77.95482184836958,67.46543482646467,0.0,1,-1.5987211554602254e-14,0.0,-0.11953262051555091,-0.6407037841313099,77.95653547056557,-63.70001399999998,9.600000604936511,77.95482184836952,-67.46543482646467,0.0,1,1.9539925233402755e-14
1.7333333333333334,1733333,droop_front,-3.989301728395062,0.0,69.01872197530864,0.996215013114716,0.0,0.08692322845388392,0.0,-3.989301728395062,0.0,69.01872197530864,35.51789556531078,8.556274511228438,0,feet,0.0,-0.20788474835626491,-0.2800197621964129,-39.50046810354941,63.70001399999999,9.60000185840562,-39.50719729370583,59.93459691168532,0.0,1,1.9539925233402755e-14,0.0,-0.20788474835626358,-0.28001979163208457,-39.50046810354945,-63.70001399999998,9.600001858405655,-39.507197293705865,-59.93459691168532,0.0,1,5.5067062021407764e-14,0.0,-0.11985835115271737,-0.641239016666991,77.96178751214208,63.70001399999999,9.60000060650296,77.9634923364097,67.46543482646467,0.0,1,4.796163466380676e-14,0.0,-0.11985835115271648,-0.6412390166669892,77.96178751214201,-63.70001399999998,9.600000606502874,77.96349233640964,-67.46543482646467,0.0,1,-3.552713678800501e-14
1.7416666666666667,1741667,droop_front,-3.992738708526234,0.0,69.0127072600791,0.9962084925258158,0.0,0.08699792767325892,0.0,-3.992738708526234,0.0,69.0127072600791,35.51445858517961,8.536557855140487,0,feet,0.0,-0.20812468048716148,-0.2801676991499802,-39.50020525478092,63.70001399999999,9.600001670561468,-39.50719729370583,59.93459691168532,0.0,1,8.881784197001252e-15,0.0,-0.20812468048716015,-0.280167728599503,-39.500205254780965,-63.70001399999998,9.600001670561475,-39.507197293705865,-59.93459691168532,0.0,1,1.5987211554602254e-14,0.0,-0.12011676479227607,-0.641663247879448,77.96595115975946,63.70001399999999,9.599999742596182,77.97036629667204,67.46543482646467,0.0,1,-7.105427357601002e-14,0.0,-0.12011676479227473,-0.641663247879448,77.96595115975941,-63.70001399999998,9.599999742596218,77.97036629667198,-67.46543482646467,0.0,1,-3.552713678800501e-14
1.75,1750000,droop_front,-3.9953674999999964,0.0,69.00810687500001,0.996203501440328,0.0,0.08705506141535027,0.0,-3.9953674999999964,0.0,69.00810687500001,35.51182979370585,8.521478389903635,0,feet,0.0,-0.20830817568658144,-0.28028083004638127,-39.5000041273238,63.70001399999999,9.600001521965957,-39.50719729370583,59.93459691168532,0.0,1,8.881784197001252e-15,0.0,-0.2083081756865801,-0.2802808595064952,-39.500004127323876,-63.70001399999998,9.600001521965943,-39.507197293705865,-59.93459691168532,0.0,1,-5.329070518200751e-15,0.0,-0.12031451792679038,-0.641987662984302,77.96913564562934,63.70001399999999,9.59999856531769,77.97562387961956,67.46543482646467,0.0,1,-3.552713678800501e-15,0.0,-0.1203145179267886,-0.6419876629843002,77.96913564562925,-63.70001399999998,9.599998565317662,77.9756238796195,-67.46543482646467,0.0,1,-3.019806626980426e-14
1.7583333333333333,1758333,droop_front,-3.9972843123070976,0.0,69.00475245346257,0.9961998600695914,0.0,0.08709672093326179,0.0,-3.9972843123070976,0.0,69.00475245346257,35.50991298139875,8.510483533133275,0,feet,0.0,-0.20844196334876308,-0.2803633100785268,-39.499857425905,63.70001399999999,9.600001410923475,-39.50719729370583,59.93459691168532,0.0,1,4.973799150320701e-14,0.0,-0.2084419633487622,-0.2803633395463625,-39.499857425905034,-63.70001399999998,9.600001410923454,-39.507197293705865,-59.93459691168532,0.0,1,2.6645352591003757e-14,0.0,-0.12045874801764445,-0.642224203381458,77.9714573737144,63.70001399999999,9.599999229546398,77.96256656941836,67.46348551523343,0.0,1,7.105427357601002e-15,0.0,-0.12045874801764311,-0.6422242033814562,77.9714573737143,-63.70001399999998,9.599999229546334,77.96256656941833,-67.46348551523343,0.0,1,-5.5067062021407764e-14
1.7666666666666666,1766667,droop_front,-3.998591604938274,0.0,69.00246469135801,0.9961973756048971,0.0,0.0871251332160565,0.0,-3.998591604938274,0.0,69.00246469135801,35.50860568876757,8.502985130735745,0,feet,0.0,-0.20853320361067107,-0.2804195574761712,-39.499757350714695,63.70001399999999,9.600001333887413,-39.50719729370583,59.93459691168532,0.0,1,3.552713678800501e-14,0.0,-0.20853320361067107,-0.28041958694927205,-39.49975735071472,-63.70001399999998,9.600001333887384,-39.507197293705865,-59.93459691168532,0.0,1,7.105427357601002e-15,0.0,-0.12055713579009009,-0.6423855185502236,77.97304072660324,63.70001399999999,9.600000129209462,77.9651811546807,67.46348551523343,0.0,1,8.881784197001252e-15,0.0,-0.12055713579008964,-0.6423855185502227,77.97304072660322,-63.70001399999998,9.600000129209434,77.96518115468068,-67.46348551523343,0.0,1,-2.1316282072803006e-14
1.775,1775000,droop_front,-3.9993982031249975,0.0,69.00105314453126,0.9961958422885466,0.0,0.08714266352948546,0.0,-3.9993982031249975,0.0,69.00105314453126,35.507799090580846,8.498358722491162,0,feet,0.0,-0.20858949682195416,-0.2804542599866773,-39.49969559521188,63.70001399999999,9.600001285828625,-39.50719729370583,59.93459691168532,0.0,1,2.1316282072803006e-14,0.0,-0.2085894968219537,-0.2804542894630271,-39.4996955952119,-63.70001399999998,9.600001285828625,-39.507197293705865,-59.93459691168532,0.0,1,2.1316282072803006e-14,0.0,-0.120617852084977,-0.6424850433972598,77.97401764283254,63.70001399999999,9.600000629049383,77.96679435105415,67.46348551523343,0.0,1,1.7763568394002505e-14,0.0,-0.120617852084977,-0.6424850433972598,77.97401764283254,-63.70001399999998,9.600000629049383,77.96679435105412,-67.46348551523343,0.0,1,1.7763568394002505e-14
1.7833333333333334,1783333,droop_front,-3.9998194135802434,0.0,69.00031602623457,0.9961950414588595,0.0,0.08715181795453987,0.0,-3.9998194135802434,0.0,69.00031602623457,35.5073778801256,8.495942813888874,0,feet,0.0,-0.20861889289071733,-0.280472381218408,-39.4996633433199,63.70001399999999,9.600001260571922,-39.50719729370583,59.93459691168532,0.0,1,-1.2434497875801753e-14,0.0,-0.20861889289071733,-0.28047241069645423,-39.49966334331988,-63.70001399999998,9.600001260571943,-39.507197293705865,-59.93459691168532,0.0,1,8.881784197001252e-15,0.0,-0.12064956188129772,-0.6425370139205038,77.97452779111191,63.70001399999999,9.60000087330966,77.96763677196464,67.46348551523343,0.0,1,-6.217248937900877e-14,0.0,-0.12064956188129683,-0.6425370139205038,77.97452779111188,-63.70001399999998,9.600000873309682,77.9676367719646,-67.46348551523343,0.0,1,-4.085620730620576e-14
1.7916666666666667,1791667,droop_front,-3.999977140239191,0.0,69.00004000458142,0.9961947415581616,0.0,0.08715524592282202,0.0,-3.999977140239191,0.0,69.00004000458142,35.507220153466655,8.495038156912415,0,feet,0.0,-0.20862990045239016,-0.2804791667919919,-39.499651265768314,63.70001399999999,9.600001251086056,-39.50719729370583,59.93459691168532,0.0,1,1.7763568394002505e-14,0.0,-0.20862990045238972,-0.2804791962706732,-39.499651265768364,-63.70001399999998,9.600001251086034,-39.507197293705865,-59.93459691168532,0.0,1,-3.552713678800501e-15,0.0,-0.12066143654280692,-0.6425564744812653,77.97471882088851,63.70001399999999,9.600000961816491,77.96795222528253,67.46348551523343,0.0,1,6.927791673660977e-14,0.0,-0.12066143654280648,-0.642556474481264,77.97471882088847,-63.70001399999998,9.600000961816441,77.9679522252825,-67.46348551523343,0.0,1,1.7763568394002505e-14
1.8,1800000,droop_front,-4.0,0.0,69.0,0.9961946980917455,0.0,0.08715574274765817,0.0,-4.0,0.0,69.0,35.50719729370584,8.494907042713123,0,feet,0.0,-0.20863149580405516,-0.28048015023891226,-39.49964951531304,63.70001399999999,9.600001249710004,-39.50719729370583,59.93459691168532,0.0,1,6.217248937900877e-14,0.0,-0.20863149580405427,-0.2804801797176859,-39.49964951531309,-63.70001399999998,9.600001249709983,-39.507197293705865,-59.93459691168532,0.0,1,4.085620730620576e-14,0.0,-0.12066315759731161,-0.6425592949385468,77.97474650733596,63.70001399999999,9.600000974510145,77.96799794480415,67.46348551523343,0.0,1,-1.7763568394002505e-14,0.0,-0.12066315759731117,-0.6425592949385464,77.97474650733594,-63.70001399999998,9.600000974510131,77.96799794480413,-67.46348551523343,0.0,1,-3.197442310920451e-14
1.8083333333333333,1808333,hold_sad_droop,-4.0,0.0,69.0,0.9961946980917455,0.0,0.08715574274765817,0.0,-4.0,0.0,69.0,35.50719729370584,8.494907042713123,0,feet,0.0,-0.20863149580405516,-0.28048015023891226,-39.49964951531304,63.70001399999999,9.600001249710004,-39.50719729370583,59.93459691168532,0.0,1,6.217248937900877e-14,0.0,-0.20863149580405427,-0.2804801797176859,-39.49964951531309,-63.70001399999998,9.600001249709983,-39.507197293705865,-59.93459691168532,0.0,1,4.085620730620576e-14,0.0,-0.12066315759731161,-0.6425592949385468,77.97474650733596,63.70001399999999,9.600000974510145,77.96799794480415,67.46348551523343,0.0,1,-1.7763568394002505e-14,0.0,-0.12066315759731117,-0.6425592949385464,77.97474650733594,-63.70001399999998,9.600000974510131,77.96799794480413,-67.46348551523343,0.0,1,-3.197442310920451e-14
1.8166666666666667,1816667,hold_sad_droop,-4.0,0.0,69.0,0.9961946980917455,0.0,0.08715574274765817,0.0,-4.0,0.0,69.0,35.50719729370584,8.494907042713123,0,feet,0.0,-0.20863149580405516,-0.28048015023891226,-39.49964951531304,63.70001399999999,9.600001249710004,-39.50719729370583,59.93459691168532,0.0,1,6.217248937900877e-14,0.0,-0.20863149580405427,-0.2804801797176859,-39.49964951531309,-63.70001399999998,9.600001249709983,-39.507197293705865,-59.93459691168532,0.0,1,4.085620730620576e-14,0.0,-0.12066315759731161,-0.6425592949385468,77.97474650733596,63.70001399999999,9.600000974510145,77.96799794480415,67.46348551523343,0.0,1,-1.7763568394002505e-14,0.0,-0.12066315759731117,-0.6425592949385464,77.97474650733594,-63.70001399999998,9.600000974510131,77.96799794480413,-67.46348551523343,0.0,1,-3.197442310920451e-14
1.825,1825000,hold_sad_droop,-4.0,0.0,69.0,0.9961946980917455,0.0,0.08715574274765817,0.0,-4.0,0.0,69.0,35.50719729370584,8.494907042713123,0,feet,0.0,-0.20863149580405516,-0.28048015023891226,-39.49964951531304,63.70001399999999,9.600001249710004,-39.50719729370583,59.93459691168532,0.0,1,6.217248937900877e-14,0.0,-0.20863149580405427,-0.2804801797176859,-39.49964951531309,-63.70001399999998,9.600001249709983,-39.507197293705865,-59.93459691168532,0.0,1,4.085620730620576e-14,0.0,-0.12066315759731161,-0.6425592949385468,77.97474650733596,63.70001399999999,9.600000974510145,77.96799794480415,67.46348551523343,0.0,1,-1.7763568394002505e-14,0.0,-0.12066315759731117,-0.6425592949385464,77.97474650733594,-63.70001399999998,9.600000974510131,77.96799794480413,-67.46348551523343,0.0,1,-3.197442310920451e-14
1.8333333333333333,1833333,hold_sad_droop,-4.0,0.0,69.0,0.9961946980917455,0.0,0.08715574274765817,0.0,-4.0,0.0,69.0,35.50719729370584,8.494907042713123,0,feet,0.0,-0.20863149580405516,-0.28048015023891226,-39.49964951531304,63.70001399999999,9.600001249710004,-39.50719729370583,59.93459691168532,0.0,1,6.217248937900877e-14,0.0,-0.20863149580405427,-0.2804801797176859,-39.49964951531309,-63.70001399999998,9.600001249709983,-39.507197293705865,-59.93459691168532,0.0,1,4.085620730620576e-14,0.0,-0.12066315759731161,-0.6425592949385468,77.97474650733596,63.70001399999999,9.600000974510145,77.96799794480415,67.46348551523343,0.0,1,-1.7763568394002505e-14,0.0,-0.12066315759731117,-0.6425592949385464,77.97474650733594,-63.70001399999998,9.600000974510131,77.96799794480413,-67.46348551523343,0.0,1,-3.197442310920451e-14
1.8416666666666666,1841667,hold_sad_droop,-4.0,0.0,69.0,0.9961946980917455,0.0,0.08715574274765817,0.0,-4.0,0.0,69.0,35.50719729370584,8.494907042713123,0,feet,0.0,-0.20863149580405516,-0.28048015023891226,-39.49964951531304,63.70001399999999,9.600001249710004,-39.50719729370583,59.93459691168532,0.0,1,6.217248937900877e-14,0.0,-0.20863149580405427,-0.2804801797176859,-39.49964951531309,-63.70001399999998,9.600001249709983,-39.507197293705865,-59.93459691168532,0.0,1,4.085620730620576e-14,0.0,-0.12066315759731161,-0.6425592949385468,77.97474650733596,63.70001399999999,9.600000974510145,77.96799794480415,67.46348551523343,0.0,1,-1.7763568394002505e-14,0.0,-0.12066315759731117,-0.6425592949385464,77.97474650733594,-63.70001399999998,9.600000974510131,77.96799794480413,-67.46348551523343,0.0,1,-3.197442310920451e-14
1.85,1850000,hold_sad_droop,-4.0,0.0,69.0,0.9961946980917455,0.0,0.08715574274765817,0.0,-4.0,0.0,69.0,35.50719729370584,8.494907042713123,0,feet,0.0,-0.20863149580405516,-0.28048015023891226,-39.49964951531304,63.70001399999999,9.600001249710004,-39.50719729370583,59.93459691168532,0.0,1,6.217248937900877e-14,0.0,-0.20863149580405427,-0.2804801797176859,-39.49964951531309,-63.70001399999998,9.600001249709983,-39.507197293705865,-59.93459691168532,0.0,1,4.085620730620576e-14,0.0,-0.12066315759731161,-0.6425592949385468,77.97474650733596,63.70001399999999,9.600000974510145,77.96799794480415,67.46348551523343,0.0,1,-1.7763568394002505e-14,0.0,-0.12066315759731117,-0.6425592949385464,77.97474650733594,-63.70001399999998,9.600000974510131,77.96799794480413,-67.46348551523343,0.0,1,-3.197442310920451e-14
1.8583333333333334,1858333,hold_sad_droop,-4.0,0.0,69.0,0.9961946980917455,0.0,0.08715574274765817,0.0,-4.0,0.0,69.0,35.50719729370584,8.494907042713123,0,feet,0.0,-0.20863149580405516,-0.28048015023891226,-39.49964951531304,63.70001399999999,9.600001249710004,-39.50719729370583,59.93459691168532,0.0,1,6.217248937900877e-14,0.0,-0.20863149580405427,-0.2804801797176859,-39.49964951531309,-63.70001399999998,9.600001249709983,-39.507197293705865,-59.93459691168532,0.0,1,4.085620730620576e-14,0.0,-0.12066315759731161,-0.6425592949385468,77.97474650733596,63.70001399999999,9.600000974510145,77.96799794480415,67.46348551523343,0.0,1,-1.7763568394002505e-14,0.0,-0.12066315759731117,-0.6425592949385464,77.97474650733594,-63.70001399999998,9.600000974510131,77.96799794480413,-67.46348551523343,0.0,1,-3.197442310920451e-14
1.8666666666666667,1866667,hold_sad_droop,-4.0,0.0,69.0,0.9961946980917455,0.0,0.08715574274765817,0.0,-4.0,0.0,69.0,35.50719729370584,8.494907042713123,0,feet,0.0,-0.20863149580405516,-0.28048015023891226,-39.49964951531304,63.70001399999999,9.600001249710004,-39.50719729370583,59.93459691168532,0.0,1,6.217248937900877e-14,0.0,-0.20863149580405427,-0.2804801797176859,-39.49964951531309,-63.70001399999998,9.600001249709983,-39.507197293705865,-59.93459691168532,0.0,1,4.085620730620576e-14,0.0,-0.12066315759731161,-0.6425592949385468,77.97474650733596,63.70001399999999,9.600000974510145,77.96799794480415,67.46348551523343,0.0,1,-1.7763568394002505e-14,0.0,-0.12066315759731117,-0.6425592949385464,77.97474650733594,-63.70001399999998,9.600000974510131,77.96799794480413,-67.46348551523343,0.0,1,-3.197442310920451e-14
1.875,1875000,hold_sad_droop,-4.0,0.0,69.0,0.9961946980917455,0.0,0.08715574274765817,0.0,-4.0,0.0,69.0,35.50719729370584,8.494907042713123,0,feet,0.0,-0.20863149580405516,-0.28048015023891226,-39.49964951531304,63.70001399999999,9.600001249710004,-39.50719729370583,59.93459691168532,0.0,1,6.217248937900877e-14,0.0,-0.20863149580405427,-0.2804801797176859,-39.49964951531309,-63.70001399999998,9.600001249709983,-39.507197293705865,-59.93459691168532,0.0,1,4.085620730620576e-14,0.0,-0.12066315759731161,-0.6425592949385468,77.97474650733596,63.70001399999999,9.600000974510145,77.96799794480415,67.46348551523343,0.0,1,-1.7763568394002505e-14,0.0,-0.12066315759731117,-0.6425592949385464,77.97474650733594,-63.70001399999998,9.600000974510131,77.96799794480413,-67.46348551523343,0.0,1,-3.197442310920451e-14
1.8833333333333333,1883333,hold_sad_droop,-4.0,0.0,69.0,0.9961946980917455,0.0,0.08715574274765817,0.0,-4.0,0.0,69.0,35.50719729370584,8.494907042713123,0,feet,0.0,-0.20863149580405516,-0.28048015023891226,-39.49964951531304,63.70001399999999,9.600001249710004,-39.50719729370583,59.93459691168532,0.0,1,6.217248937900877e-14,0.0,-0.20863149580405427,-0.2804801797176859,-39.49964951531309,-63.70001399999998,9.600001249709983,-39.507197293705865,-59.93459691168532,0.0,1,4.085620730620576e-14,0.0,-0.12066315759731161,-0.6425592949385468,77.97474650733596,63.70001399999999,9.600000974510145,77.96799794480415,67.46348551523343,0.0,1,-1.7763568394002505e-14,0.0,-0.12066315759731117,-0.6425592949385464,77.97474650733594,-63.70001399999998,9.600000974510131,77.96799794480413,-67.46348551523343,0.0,1,-3.197442310920451e-14
1.8916666666666666,1891667,hold_sad_droop,-4.0,0.0,69.0,0.9961946980917455,0.0,0.08715574274765817,0.0,-4.0,0.0,69.0,35.50719729370584,8.494907042713123,0,feet,0.0,-0.20863149580405516,-0.28048015023891226,-39.49964951531304,63.70001399999999,9.600001249710004,-39.50719729370583,59.93459691168532,0.0,1,6.217248937900877e-14,0.0,-0.20863149580405427,-0.2804801797176859,-39.49964951531309,-63.70001399999998,9.600001249709983,-39.507197293705865,-59.93459691168532,0.0,1,4.085620730620576e-14,0.0,-0.12066315759731161,-0.6425592949385468,77.97474650733596,63.70001399999999,9.600000974510145,77.96799794480415,67.46348551523343,0.0,1,-1.7763568394002505e-14,0.0,-0.12066315759731117,-0.6425592949385464,77.97474650733594,-63.70001399999998,9.600000974510131,77.96799794480413,-67.46348551523343,0.0,1,-3.197442310920451e-14
1.9,1900000,hold_sad_droop,-4.0,0.0,69.0,0.9961946980917455,0.0,0.08715574274765817,0.0,-4.0,0.0,69.0,35.50719729370584,8.494907042713123,0,feet,0.0,-0.20863149580405516,-0.28048015023891226,-39.49964951531304,63.70001399999999,9.600001249710004,-39.50719729370583,59.93459691168532,0.0,1,6.217248937900877e-14,0.0,-0.20863149580405427,-0.2804801797176859,-39.49964951531309,-63.70001399999998,9.600001249709983,-39.507197293705865,-59.93459691168532,0.0,1,4.085620730620576e-14,0.0,-0.12066315759731161,-0.6425592949385468,77.97474650733596,63.70001399999999,9.600000974510145,77.96799794480415,67.46348551523343,0.0,1,-1.7763568394002505e-14,0.0,-0.12066315759731117,-0.6425592949385464,77.97474650733594,-63.70001399999998,9.600000974510131,77.96799794480413,-67.46348551523343,0.0,1,-3.197442310920451e-14
1.9083333333333334,1908333,hold_sad_droop,-4.0,0.0,69.0,0.9961946980917455,0.0,0.08715574274765817,0.0,-4.0,0.0,69.0,35.50719729370584,8.494907042713123,0,feet,0.0,-0.20863149580405516,-0.28048015023891226,-39.49964951531304,63.70001399999999,9.600001249710004,-39.50719729370583,59.93459691168532,0.0,1,6.217248937900877e-14,0.0,-0.20863149580405427,-0.2804801797176859,-39.49964951531309,-63.70001399999998,9.600001249709983,-39.507197293705865,-59.93459691168532,0.0,1,4.085620730620576e-14,0.0,-0.12066315759731161,-0.6425592949385468,77.97474650733596,63.70001399999999,9.600000974510145,77.96799794480415,67.46348551523343,0.0,1,-1.7763568394002505e-14,0.0,-0.12066315759731117,-0.6425592949385464,77.97474650733594,-63.70001399999998,9.600000974510131,77.96799794480413,-67.46348551523343,0.0,1,-3.197442310920451e-14
1.9166666666666667,1916667,hold_sad_droop,-4.0,0.0,69.0,0.9961946980917455,0.0,0.08715574274765817,0.0,-4.0,0.0,69.0,35.50719729370584,8.494907042713123,0,feet,0.0,-0.20863149580405516,-0.28048015023891226,-39.49964951531304,63.70001399999999,9.600001249710004,-39.50719729370583,59.93459691168532,0.0,1,6.217248937900877e-14,0.0,-0.20863149580405427,-0.2804801797176859,-39.49964951531309,-63.70001399999998,9.600001249709983,-39.507197293705865,-59.93459691168532,0.0,1,4.085620730620576e-14,0.0,-0.12066315759731161,-0.6425592949385468,77.97474650733596,63.70001399999999,9.600000974510145,77.96799794480415,67.46348551523343,0.0,1,-1.7763568394002505e-14,0.0,-0.12066315759731117,-0.6425592949385464,77.97474650733594,-63.70001399999998,9.600000974510131,77.96799794480413,-67.46348551523343,0.0,1,-3.197442310920451e-14
1.925,1925000,hold_sad_droop,-4.0,0.0,69.0,0.9961946980917455,0.0,0.08715574274765817,0.0,-4.0,0.0,69.0,35.50719729370584,8.494907042713123,0,feet,0.0,-0.20863149580405516,-0.28048015023891226,-39.49964951531304,63.70001399999999,9.600001249710004,-39.50719729370583,59.93459691168532,0.0,1,6.217248937900877e-14,0.0,-0.20863149580405427,-0.2804801797176859,-39.49964951531309,-63.70001399999998,9.600001249709983,-39.507197293705865,-59.93459691168532,0.0,1,4.085620730620576e-14,0.0,-0.12066315759731161,-0.6425592949385468,77.97474650733596,63.70001399999999,9.600000974510145,77.96799794480415,67.46348551523343,0.0,1,-1.7763568394002505e-14,0.0,-0.12066315759731117,-0.6425592949385464,77.97474650733594,-63.70001399999998,9.600000974510131,77.96799794480413,-67.46348551523343,0.0,1,-3.197442310920451e-14
1.9333333333333333,1933333,hold_sad_droop,-4.0,0.0,69.0,0.9961946980917455,0.0,0.08715574274765817,0.0,-4.0,0.0,69.0,35.50719729370584,8.494907042713123,0,feet,0.0,-0.20863149580405516,-0.28048015023891226,-39.49964951531304,63.70001399999999,9.600001249710004,-39.50719729370583,59.93459691168532,0.0,1,6.217248937900877e-14,0.0,-0.20863149580405427,-0.2804801797176859,-39.49964951531309,-63.70001399999998,9.600001249709983,-39.507197293705865,-59.93459691168532,0.0,1,4.085620730620576e-14,0.0,-0.12066315759731161,-0.6425592949385468,77.97474650733596,63.70001399999999,9.600000974510145,77.96799794480415,67.46348551523343,0.0,1,-1.7763568394002505e-14,0.0,-0.12066315759731117,-0.6425592949385464,77.97474650733594,-63.70001399999998,9.600000974510131,77.96799794480413,-67.46348551523343,0.0,1,-3.197442310920451e-14
1.9416666666666667,1941667,hold_sad_droop,-4.0,0.0,69.0,0.9961946980917455,0.0,0.08715574274765817,0.0,-4.0,0.0,69.0,35.50719729370584,8.494907042713123,0,feet,0.0,-0.20863149580405516,-0.28048015023891226,-39.49964951531304,63.70001399999999,9.600001249710004,-39.50719729370583,59.93459691168532,0.0,1,6.217248937900877e-14,0.0,-0.20863149580405427,-0.2804801797176859,-39.49964951531309,-63.70001399999998,9.600001249709983,-39.507197293705865,-59.93459691168532,0.0,1,4.085620730620576e-14,0.0,-0.12066315759731161,-0.6425592949385468,77.97474650733596,63.70001399999999,9.600000974510145,77.96799794480415,67.46348551523343,0.0,1,-1.7763568394002505e-14,0.0,-0.12066315759731117,-0.6425592949385464,77.97474650733594,-63.70001399999998,9.600000974510131,77.96799794480413,-67.46348551523343,0.0,1,-3.197442310920451e-14
1.95,1950000,hold_sad_droop,-4.0,0.0,69.0,0.9961946980917455,0.0,0.08715574274765817,0.0,-4.0,0.0,69.0,35.50719729370584,8.494907042713123,0,feet,0.0,-0.20863149580405516,-0.28048015023891226,-39.49964951531304,63.70001399999999,9.600001249710004,-39.50719729370583,59.93459691168532,0.0,1,6.217248937900877e-14,0.0,-0.20863149580405427,-0.2804801797176859,-39.49964951531309,-63.70001399999998,9.600001249709983,-39.507197293705865,-59.93459691168532,0.0,1,4.085620730620576e-14,0.0,-0.12066315759731161,-0.6425592949385468,77.97474650733596,63.70001399999999,9.600000974510145,77.96799794480415,67.46348551523343,0.0,1,-1.7763568394002505e-14,0.0,-0.12066315759731117,-0.6425592949385464,77.97474650733594,-63.70001399999998,9.600000974510131,77.96799794480413,-67.46348551523343,0.0,1,-3.197442310920451e-14
1.9583333333333333,1958333,hold_sad_droop,-4.0,0.0,69.0,0.9961946980917455,0.0,0.08715574274765817,0.0,-4.0,0.0,69.0,35.50719729370584,8.494907042713123,0,feet,0.0,-0.20863149580405516,-0.28048015023891226,-39.49964951531304,63.70001399999999,9.600001249710004,-39.50719729370583,59.93459691168532,0.0,1,6.217248937900877e-14,0.0,-0.20863149580405427,-0.2804801797176859,-39.49964951531309,-63.70001399999998,9.600001249709983,-39.507197293705865,-59.93459691168532,0.0,1,4.085620730620576e-14,0.0,-0.12066315759731161,-0.6425592949385468,77.97474650733596,63.70001399999999,9.600000974510145,77.96799794480415,67.46348551523343,0.0,1,-1.7763568394002505e-14,0.0,-0.12066315759731117,-0.6425592949385464,77.97474650733594,-63.70001399999998,9.600000974510131,77.96799794480413,-67.46348551523343,0.0,1,-3.197442310920451e-14
1.9666666666666666,1966667,hold_sad_droop,-4.0,0.0,69.0,0.9961946980917455,0.0,0.08715574274765817,0.0,-4.0,0.0,69.0,35.50719729370584,8.494907042713123,0,feet,0.0,-0.20863149580405516,-0.28048015023891226,-39.49964951531304,63.70001399999999,9.600001249710004,-39.50719729370583,59.93459691168532,0.0,1,6.217248937900877e-14,0.0,-0.20863149580405427,-0.2804801797176859,-39.49964951531309,-63.70001399999998,9.600001249709983,-39.507197293705865,-59.93459691168532,0.0,1,4.085620730620576e-14,0.0,-0.12066315759731161,-0.6425592949385468,77.97474650733596,63.70001399999999,9.600000974510145,77.96799794480415,67.46348551523343,0.0,1,-1.7763568394002505e-14,0.0,-0.12066315759731117,-0.6425592949385464,77.97474650733594,-63.70001399999998,9.600000974510131,77.96799794480413,-67.46348551523343,0.0,1,-3.197442310920451e-14
1.975,1975000,hold_sad_droop,-4.0,0.0,69.0,0.9961946980917455,0.0,0.08715574274765817,0.0,-4.0,0.0,69.0,35.50719729370584,8.494907042713123,0,feet,0.0,-0.20863149580405516,-0.28048015023891226,-39.49964951531304,63.70001399999999,9.600001249710004,-39.50719729370583,59.93459691168532,0.0,1,6.217248937900877e-14,0.0,-0.20863149580405427,-0.2804801797176859,-39.49964951531309,-63.70001399999998,9.600001249709983,-39.507197293705865,-59.93459691168532,0.0,1,4.085620730620576e-14,0.0,-0.12066315759731161,-0.6425592949385468,77.97474650733596,63.70001399999999,9.600000974510145,77.96799794480415,67.46348551523343,0.0,1,-1.7763568394002505e-14,0.0,-0.12066315759731117,-0.6425592949385464,77.97474650733594,-63.70001399999998,9.600000974510131,77.96799794480413,-67.46348551523343,0.0,1,-3.197442310920451e-14
1.9833333333333334,1983333,hold_sad_droop,-4.0,0.0,69.0,0.9961946980917455,0.0,0.08715574274765817,0.0,-4.0,0.0,69.0,35.50719729370584,8.494907042713123,0,feet,0.0,-0.20863149580405516,-0.28048015023891226,-39.49964951531304,63.70001399999999,9.600001249710004,-39.50719729370583,59.93459691168532,0.0,1,6.217248937900877e-14,0.0,-0.20863149580405427,-0.2804801797176859,-39.49964951531309,-63.70001399999998,9.600001249709983,-39.507197293705865,-59.93459691168532,0.0,1,4.085620730620576e-14,0.0,-0.12066315759731161,-0.6425592949385468,77.97474650733596,63.70001399999999,9.600000974510145,77.96799794480415,67.46348551523343,0.0,1,-1.7763568394002505e-14,0.0,-0.12066315759731117,-0.6425592949385464,77.97474650733594,-63.70001399999998,9.600000974510131,77.96799794480413,-67.46348551523343,0.0,1,-3.197442310920451e-14
1.9916666666666667,1991667,hold_sad_droop,-4.0,0.0,69.0,0.9961946980917455,0.0,0.08715574274765817,0.0,-4.0,0.0,69.0,35.50719729370584,8.494907042713123,0,feet,0.0,-0.20863149580405516,-0.28048015023891226,-39.49964951531304,63.70001399999999,9.600001249710004,-39.50719729370583,59.93459691168532,0.0,1,6.217248937900877e-14,0.0,-0.20863149580405427,-0.2804801797176859,-39.49964951531309,-63.70001399999998,9.600001249709983,-39.507197293705865,-59.93459691168532,0.0,1,4.085620730620576e-14,0.0,-0.12066315759731161,-0.6425592949385468,77.97474650733596,63.70001399999999,9.600000974510145,77.96799794480415,67.46348551523343,0.0,1,-1.7763568394002505e-14,0.0,-0.12066315759731117,-0.6425592949385464,77.97474650733594,-63.70001399999998,9.600000974510131,77.96799794480413,-67.46348551523343,0.0,1,-3.197442310920451e-14
2.0,2000000,hold_sad_droop,-4.0,0.0,69.0,0.9961946980917455,0.0,0.08715574274765817,0.0,-4.0,0.0,69.0,35.50719729370584,8.494907042713123,0,feet,0.0,-0.20863149580405516,-0.28048015023891226,-39.49964951531304,63.70001399999999,9.600001249710004,-39.50719729370583,59.93459691168532,0.0,1,6.217248937900877e-14,0.0,-0.20863149580405427,-0.2804801797176859,-39.49964951531309,-63.70001399999998,9.600001249709983,-39.507197293705865,-59.93459691168532,0.0,1,4.085620730620576e-14,0.0,-0.12066315759731161,-0.6425592949385468,77.97474650733596,63.70001399999999,9.600000974510145,77.96799794480415,67.46348551523343,0.0,1,-1.7763568394002505e-14,0.0,-0.12066315759731117,-0.6425592949385464,77.97474650733594,-63.70001399999998,9.600000974510131,77.96799794480413,-67.46348551523343,0.0,1,-3.197442310920451e-14
2.0083333333333333,2008333,hold_sad_droop,-4.0,0.0,69.0,0.9961946980917455,0.0,0.08715574274765817,0.0,-4.0,0.0,69.0,35.50719729370584,8.494907042713123,0,feet,0.0,-0.20863149580405516,-0.28048015023891226,-39.49964951531304,63.70001399999999,9.600001249710004,-39.50719729370583,59.93459691168532,0.0,1,6.217248937900877e-14,0.0,-0.20863149580405427,-0.2804801797176859,-39.49964951531309,-63.70001399999998,9.600001249709983,-39.507197293705865,-59.93459691168532,0.0,1,4.085620730620576e-14,0.0,-0.12066315759731161,-0.6425592949385468,77.97474650733596,63.70001399999999,9.600000974510145,77.96799794480415,67.46348551523343,0.0,1,-1.7763568394002505e-14,0.0,-0.12066315759731117,-0.6425592949385464,77.97474650733594,-63.70001399999998,9.600000974510131,77.96799794480413,-67.46348551523343,0.0,1,-3.197442310920451e-14
2.0166666666666666,2016667,hold_sad_droop,-4.0,0.0,69.0,0.9961946980917455,0.0,0.08715574274765817,0.0,-4.0,0.0,69.0,35.50719729370584,8.494907042713123,0,feet,0.0,-0.20863149580405516,-0.28048015023891226,-39.49964951531304,63.70001399999999,9.600001249710004,-39.50719729370583,59.93459691168532,0.0,1,6.217248937900877e-14,0.0,-0.20863149580405427,-0.2804801797176859,-39.49964951531309,-63.70001399999998,9.600001249709983,-39.507197293705865,-59.93459691168532,0.0,1,4.085620730620576e-14,0.0,-0.12066315759731161,-0.6425592949385468,77.97474650733596,63.70001399999999,9.600000974510145,77.96799794480415,67.46348551523343,0.0,1,-1.7763568394002505e-14,0.0,-0.12066315759731117,-0.6425592949385464,77.97474650733594,-63.70001399999998,9.600000974510131,77.96799794480413,-67.46348551523343,0.0,1,-3.197442310920451e-14
2.025,2025000,hold_sad_droop,-4.0,0.0,69.0,0.9961946980917455,0.0,0.08715574274765817,0.0,-4.0,0.0,69.0,35.50719729370584,8.494907042713123,0,feet,0.0,-0.20863149580405516,-0.28048015023891226,-39.49964951531304,63.70001399999999,9.600001249710004,-39.50719729370583,59.93459691168532,0.0,1,6.217248937900877e-14,0.0,-0.20863149580405427,-0.2804801797176859,-39.49964951531309,-63.70001399999998,9.600001249709983,-39.507197293705865,-59.93459691168532,0.0,1,4.085620730620576e-14,0.0,-0.12066315759731161,-0.6425592949385468,77.97474650733596,63.70001399999999,9.600000974510145,77.96799794480415,67.46348551523343,0.0,1,-1.7763568394002505e-14,0.0,-0.12066315759731117,-0.6425592949385464,77.97474650733594,-63.70001399999998,9.600000974510131,77.96799794480413,-67.46348551523343,0.0,1,-3.197442310920451e-14
2.033333333333333,2033333,hold_sad_droop,-4.0,0.0,69.0,0.9961946980917455,0.0,0.08715574274765817,0.0,-4.0,0.0,69.0,35.50719729370584,8.494907042713123,0,feet,0.0,-0.20863149580405516,-0.28048015023891226,-39.49964951531304,63.70001399999999,9.600001249710004,-39.50719729370583,59.93459691168532,0.0,1,6.217248937900877e-14,0.0,-0.20863149580405427,-0.2804801797176859,-39.49964951531309,-63.70001399999998,9.600001249709983,-39.507197293705865,-59.93459691168532,0.0,1,4.085620730620576e-14,0.0,-0.12066315759731161,-0.6425592949385468,77.97474650733596,63.70001399999999,9.600000974510145,77.96799794480415,67.46348551523343,0.0,1,-1.7763568394002505e-14,0.0,-0.12066315759731117,-0.6425592949385464,77.97474650733594,-63.70001399999998,9.600000974510131,77.96799794480413,-67.46348551523343,0.0,1,-3.197442310920451e-14
2.0416666666666665,2041667,hold_sad_droop,-4.0,0.0,69.0,0.9961946980917455,0.0,0.08715574274765817,0.0,-4.0,0.0,69.0,35.50719729370584,8.494907042713123,0,feet,0.0,-0.20863149580405516,-0.28048015023891226,-39.49964951531304,63.70001399999999,9.600001249710004,-39.50719729370583,59.93459691168532,0.0,1,6.217248937900877e-14,0.0,-0.20863149580405427,-0.2804801797176859,-39.49964951531309,-63.70001399999998,9.600001249709983,-39.507197293705865,-59.93459691168532,0.0,1,4.085620730620576e-14,0.0,-0.12066315759731161,-0.6425592949385468,77.97474650733596,63.70001399999999,9.600000974510145,77.96799794480415,67.46348551523343,0.0,1,-1.7763568394002505e-14,0.0,-0.12066315759731117,-0.6425592949385464,77.97474650733594,-63.70001399999998,9.600000974510131,77.96799794480413,-67.46348551523343,0.0,1,-3.197442310920451e-14
2.05,2050000,hold_sad_droop,-4.0,0.0,69.0,0.9961946980917455,0.0,0.08715574274765817,0.0,-4.0,0.0,69.0,35.50719729370584,8.494907042713123,0,feet,0.0,-0.20863149580405516,-0.28048015023891226,-39.49964951531304,63.70001399999999,9.600001249710004,-39.50719729370583,59.93459691168532,0.0,1,6.217248937900877e-14,0.0,-0.20863149580405427,-0.2804801797176859,-39.49964951531309,-63.70001399999998,9.600001249709983,-39.507197293705865,-59.93459691168532,0.0,1,4.085620730620576e-14,0.0,-0.12066315759731161,-0.6425592949385468,77.97474650733596,63.70001399999999,9.600000974510145,77.96799794480415,67.46348551523343,0.0,1,-1.7763568394002505e-14,0.0,-0.12066315759731117,-0.6425592949385464,77.97474650733594,-63.70001399999998,9.600000974510131,77.96799794480413,-67.46348551523343,0.0,1,-3.197442310920451e-14
2.058333333333333,2058333,hold_sad_droop,-4.0,0.0,69.0,0.9961946980917455,0.0,0.08715574274765817,0.0,-4.0,0.0,69.0,35.50719729370584,8.494907042713123,0,feet,0.0,-0.20863149580405516,-0.28048015023891226,-39.49964951531304,63.70001399999999,9.600001249710004,-39.50719729370583,59.93459691168532,0.0,1,6.217248937900877e-14,0.0,-0.20863149580405427,-0.2804801797176859,-39.49964951531309,-63.70001399999998,9.600001249709983,-39.507197293705865,-59.93459691168532,0.0,1,4.085620730620576e-14,0.0,-0.12066315759731161,-0.6425592949385468,77.97474650733596,63.70001399999999,9.600000974510145,77.96799794480415,67.46348551523343,0.0,1,-1.7763568394002505e-14,0.0,-0.12066315759731117,-0.6425592949385464,77.97474650733594,-63.70001399999998,9.600000974510131,77.96799794480413,-67.46348551523343,0.0,1,-3.197442310920451e-14
2.066666666666667,2066667,hold_sad_droop,-4.0,0.0,69.0,0.9961946980917455,0.0,0.08715574274765817,0.0,-4.0,0.0,69.0,35.50719729370584,8.494907042713123,0,feet,0.0,-0.20863149580405516,-0.28048015023891226,-39.49964951531304,63.70001399999999,9.600001249710004,-39.50719729370583,59.93459691168532,0.0,1,6.217248937900877e-14,0.0,-0.20863149580405427,-0.2804801797176859,-39.49964951531309,-63.70001399999998,9.600001249709983,-39.507197293705865,-59.93459691168532,0.0,1,4.085620730620576e-14,0.0,-0.12066315759731161,-0.6425592949385468,77.97474650733596,63.70001399999999,9.600000974510145,77.96799794480415,67.46348551523343,0.0,1,-1.7763568394002505e-14,0.0,-0.12066315759731117,-0.6425592949385464,77.97474650733594,-63.70001399999998,9.600000974510131,77.96799794480413,-67.46348551523343,0.0,1,-3.197442310920451e-14
2.075,2075000,hold_sad_droop,-4.0,0.0,69.0,0.9961946980917455,0.0,0.08715574274765817,0.0,-4.0,0.0,69.0,35.50719729370584,8.494907042713123,0,feet,0.0,-0.20863149580405516,-0.28048015023891226,-39.49964951531304,63.70001399999999,9.600001249710004,-39.50719729370583,59.93459691168532,0.0,1,6.217248937900877e-14,0.0,-0.20863149580405427,-0.2804801797176859,-39.49964951531309,-63.70001399999998,9.600001249709983,-39.507197293705865,-59.93459691168532,0.0,1,4.085620730620576e-14,0.0,-0.12066315759731161,-0.6425592949385468,77.97474650733596,63.70001399999999,9.600000974510145,77.96799794480415,67.46348551523343,0.0,1,-1.7763568394002505e-14,0.0,-0.12066315759731117,-0.6425592949385464,77.97474650733594,-63.70001399999998,9.600000974510131,77.96799794480413,-67.46348551523343,0.0,1,-3.197442310920451e-14
2.0833333333333335,2083333,hold_sad_droop,-4.0,0.0,69.0,0.9961946980917455,0.0,0.08715574274765817,0.0,-4.0,0.0,69.0,35.50719729370584,8.494907042713123,0,feet,0.0,-0.20863149580405516,-0.28048015023891226,-39.49964951531304,63.70001399999999,9.600001249710004,-39.50719729370583,59.93459691168532,0.0,1,6.217248937900877e-14,0.0,-0.20863149580405427,-0.2804801797176859,-39.49964951531309,-63.70001399999998,9.600001249709983,-39.507197293705865,-59.93459691168532,0.0,1,4.085620730620576e-14,0.0,-0.12066315759731161,-0.6425592949385468,77.97474650733596,63.70001399999999,9.600000974510145,77.96799794480415,67.46348551523343,0.0,1,-1.7763568394002505e-14,0.0,-0.12066315759731117,-0.6425592949385464,77.97474650733594,-63.70001399999998,9.600000974510131,77.96799794480413,-67.46348551523343,0.0,1,-3.197442310920451e-14
2.091666666666667,2091667,hold_sad_droop,-4.0,0.0,69.0,0.9961946980917455,0.0,0.08715574274765817,0.0,-4.0,0.0,69.0,35.50719729370584,8.494907042713123,0,feet,0.0,-0.20863149580405516,-0.28048015023891226,-39.49964951531304,63.70001399999999,9.600001249710004,-39.50719729370583,59.93459691168532,0.0,1,6.217248937900877e-14,0.0,-0.20863149580405427,-0.2804801797176859,-39.49964951531309,-63.70001399999998,9.600001249709983,-39.507197293705865,-59.93459691168532,0.0,1,4.085620730620576e-14,0.0,-0.12066315759731161,-0.6425592949385468,77.97474650733596,63.70001399999999,9.600000974510145,77.96799794480415,67.46348551523343,0.0,1,-1.7763568394002505e-14,0.0,-0.12066315759731117,-0.6425592949385464,77.97474650733594,-63.70001399999998,9.600000974510131,77.96799794480413,-67.46348551523343,0.0,1,-3.197442310920451e-14
2.1,2100000,hold_sad_droop,-4.0,0.0,69.0,0.9961946980917455,0.0,0.08715574274765817,0.0,-4.0,0.0,69.0,35.50719729370584,8.494907042713123,0,feet,0.0,-0.20863149580405516,-0.28048015023891226,-39.49964951531304,63.70001399999999,9.600001249710004,-39.50719729370583,59.93459691168532,0.0,1,6.217248937900877e-14,0.0,-0.20863149580405427,-0.2804801797176859,-39.49964951531309,-63.70001399999998,9.600001249709983,-39.507197293705865,-59.93459691168532,0.0,1,4.085620730620576e-14,0.0,-0.12066315759731161,-0.6425592949385468,77.97474650733596,63.70001399999999,9.600000974510145,77.96799794480415,67.46348551523343,0.0,1,-1.7763568394002505e-14,0.0,-0.12066315759731117,-0.6425592949385464,77.97474650733594,-63.70001399999998,9.600000974510131,77.96799794480413,-67.46348551523343,0.0,1,-3.197442310920451e-14
2.1083333333333334,2108333,hold_sad_droop,-4.0,0.0,69.0,0.9961946980917455,0.0,0.08715574274765817,0.0,-4.0,0.0,69.0,35.50719729370584,8.494907042713123,0,feet,0.0,-0.20863149580405516,-0.28048015023891226,-39.49964951531304,63.70001399999999,9.600001249710004,-39.50719729370583,59.93459691168532,0.0,1,6.217248937900877e-14,0.0,-0.20863149580405427,-0.2804801797176859,-39.49964951531309,-63.70001399999998,9.600001249709983,-39.507197293705865,-59.93459691168532,0.0,1,4.085620730620576e-14,0.0,-0.12066315759731161,-0.6425592949385468,77.97474650733596,63.70001399999999,9.600000974510145,77.96799794480415,67.46348551523343,0.0,1,-1.7763568394002505e-14,0.0,-0.12066315759731117,-0.6425592949385464,77.97474650733594,-63.70001399999998,9.600000974510131,77.96799794480413,-67.46348551523343,0.0,1,-3.197442310920451e-14
2.1166666666666667,2116667,hold_sad_droop,-4.0,0.0,69.0,0.9961946980917455,0.0,0.08715574274765817,0.0,-4.0,0.0,69.0,35.50719729370584,8.494907042713123,0,feet,0.0,-0.20863149580405516,-0.28048015023891226,-39.49964951531304,63.70001399999999,9.600001249710004,-39.50719729370583,59.93459691168532,0.0,1,6.217248937900877e-14,0.0,-0.20863149580405427,-0.2804801797176859,-39.49964951531309,-63.70001399999998,9.600001249709983,-39.507197293705865,-59.93459691168532,0.0,1,4.085620730620576e-14,0.0,-0.12066315759731161,-0.6425592949385468,77.97474650733596,63.70001399999999,9.600000974510145,77.96799794480415,67.46348551523343,0.0,1,-1.7763568394002505e-14,0.0,-0.12066315759731117,-0.6425592949385464,77.97474650733594,-63.70001399999998,9.600000974510131,77.96799794480413,-67.46348551523343,0.0,1,-3.197442310920451e-14
2.125,2125000,hold_sad_droop,-4.0,0.0,69.0,0.9961946980917455,0.0,0.08715574274765817,0.0,-4.0,0.0,69.0,35.50719729370584,8.494907042713123,0,feet,0.0,-0.20863149580405516,-0.28048015023891226,-39.49964951531304,63.70001399999999,9.600001249710004,-39.50719729370583,59.93459691168532,0.0,1,6.217248937900877e-14,0.0,-0.20863149580405427,-0.2804801797176859,-39.49964951531309,-63.70001399999998,9.600001249709983,-39.507197293705865,-59.93459691168532,0.0,1,4.085620730620576e-14,0.0,-0.12066315759731161,-0.6425592949385468,77.97474650733596,63.70001399999999,9.600000974510145,77.96799794480415,67.46348551523343,0.0,1,-1.7763568394002505e-14,0.0,-0.12066315759731117,-0.6425592949385464,77.97474650733594,-63.70001399999998,9.600000974510131,77.96799794480413,-67.46348551523343,0.0,1,-3.197442310920451e-14
2.1333333333333333,2133333,hold_sad_droop,-4.0,0.0,69.0,0.9961946980917455,0.0,0.08715574274765817,0.0,-4.0,0.0,69.0,35.50719729370584,8.494907042713123,0,feet,0.0,-0.20863149580405516,-0.28048015023891226,-39.49964951531304,63.70001399999999,9.600001249710004,-39.50719729370583,59.93459691168532,0.0,1,6.217248937900877e-14,0.0,-0.20863149580405427,-0.2804801797176859,-39.49964951531309,-63.70001399999998,9.600001249709983,-39.507197293705865,-59.93459691168532,0.0,1,4.085620730620576e-14,0.0,-0.12066315759731161,-0.6425592949385468,77.97474650733596,63.70001399999999,9.600000974510145,77.96799794480415,67.46348551523343,0.0,1,-1.7763568394002505e-14,0.0,-0.12066315759731117,-0.6425592949385464,77.97474650733594,-63.70001399999998,9.600000974510131,77.96799794480413,-67.46348551523343,0.0,1,-3.197442310920451e-14
2.1416666666666666,2141667,hold_sad_droop,-4.0,0.0,69.0,0.9961946980917455,0.0,0.08715574274765817,0.0,-4.0,0.0,69.0,35.50719729370584,8.494907042713123,0,feet,0.0,-0.20863149580405516,-0.28048015023891226,-39.49964951531304,63.70001399999999,9.600001249710004,-39.50719729370583,59.93459691168532,0.0,1,6.217248937900877e-14,0.0,-0.20863149580405427,-0.2804801797176859,-39.49964951531309,-63.70001399999998,9.600001249709983,-39.507197293705865,-59.93459691168532,0.0,1,4.085620730620576e-14,0.0,-0.12066315759731161,-0.6425592949385468,77.97474650733596,63.70001399999999,9.600000974510145,77.96799794480415,67.46348551523343,0.0,1,-1.7763568394002505e-14,0.0,-0.12066315759731117,-0.6425592949385464,77.97474650733594,-63.70001399999998,9.600000974510131,77.96799794480413,-67.46348551523343,0.0,1,-3.197442310920451e-14
2.15,2150000,hold_sad_droop,-4.0,0.0,69.0,0.9961946980917455,0.0,0.08715574274765817,0.0,-4.0,0.0,69.0,35.50719729370584,8.494907042713123,0,feet,0.0,-0.20863149580405516,-0.28048015023891226,-39.49964951531304,63.70001399999999,9.600001249710004,-39.50719729370583,59.93459691168532,0.0,1,6.217248937900877e-14,0.0,-0.20863149580405427,-0.2804801797176859,-39.49964951531309,-63.70001399999998,9.600001249709983,-39.507197293705865,-59.93459691168532,0.0,1,4.085620730620576e-14,0.0,-0.12066315759731161,-0.6425592949385468,77.97474650733596,63.70001399999999,9.600000974510145,77.96799794480415,67.46348551523343,0.0,1,-1.7763568394002505e-14,0.0,-0.12066315759731117,-0.6425592949385464,77.97474650733594,-63.70001399999998,9.600000974510131,77.96799794480413,-67.46348551523343,0.0,1,-3.197442310920451e-14
2.158333333333333,2158333,hold_sad_droop,-4.0,0.0,69.0,0.9961946980917455,0.0,0.08715574274765817,0.0,-4.0,0.0,69.0,35.50719729370584,8.494907042713123,0,feet,0.0,-0.20863149580405516,-0.28048015023891226,-39.49964951531304,63.70001399999999,9.600001249710004,-39.50719729370583,59.93459691168532,0.0,1,6.217248937900877e-14,0.0,-0.20863149580405427,-0.2804801797176859,-39.49964951531309,-63.70001399999998,9.600001249709983,-39.507197293705865,-59.93459691168532,0.0,1,4.085620730620576e-14,0.0,-0.12066315759731161,-0.6425592949385468,77.97474650733596,63.70001399999999,9.600000974510145,77.96799794480415,67.46348551523343,0.0,1,-1.7763568394002505e-14,0.0,-0.12066315759731117,-0.6425592949385464,77.97474650733594,-63.70001399999998,9.600000974510131,77.96799794480413,-67.46348551523343,0.0,1,-3.197442310920451e-14
2.1666666666666665,2166667,hold_sad_droop,-4.0,0.0,69.0,0.9961946980917455,0.0,0.08715574274765817,0.0,-4.0,0.0,69.0,35.50719729370584,8.494907042713123,0,feet,0.0,-0.20863149580405516,-0.28048015023891226,-39.49964951531304,63.70001399999999,9.600001249710004,-39.50719729370583,59.93459691168532,0.0,1,6.217248937900877e-14,0.0,-0.20863149580405427,-0.2804801797176859,-39.49964951531309,-63.70001399999998,9.600001249709983,-39.507197293705865,-59.93459691168532,0.0,1,4.085620730620576e-14,0.0,-0.12066315759731161,-0.6425592949385468,77.97474650733596,63.70001399999999,9.600000974510145,77.96799794480415,67.46348551523343,0.0,1,-1.7763568394002505e-14,0.0,-0.12066315759731117,-0.6425592949385464,77.97474650733594,-63.70001399999998,9.600000974510131,77.96799794480413,-67.46348551523343,0.0,1,-3.197442310920451e-14
2.175,2175000,hold_sad_droop,-4.0,0.0,69.0,0.9961946980917455,0.0,0.08715574274765817,0.0,-4.0,0.0,69.0,35.50719729370584,8.494907042713123,0,feet,0.0,-0.20863149580405516,-0.28048015023891226,-39.49964951531304,63.70001399999999,9.600001249710004,-39.50719729370583,59.93459691168532,0.0,1,6.217248937900877e-14,0.0,-0.20863149580405427,-0.2804801797176859,-39.49964951531309,-63.70001399999998,9.600001249709983,-39.507197293705865,-59.93459691168532,0.0,1,4.085620730620576e-14,0.0,-0.12066315759731161,-0.6425592949385468,77.97474650733596,63.70001399999999,9.600000974510145,77.96799794480415,67.46348551523343,0.0,1,-1.7763568394002505e-14,0.0,-0.12066315759731117,-0.6425592949385464,77.97474650733594,-63.70001399999998,9.600000974510131,77.96799794480413,-67.46348551523343,0.0,1,-3.197442310920451e-14
2.183333333333333,2183333,hold_sad_droop,-4.0,0.0,69.0,0.9961946980917455,0.0,0.08715574274765817,0.0,-4.0,0.0,69.0,35.50719729370584,8.494907042713123,0,feet,0.0,-0.20863149580405516,-0.28048015023891226,-39.49964951531304,63.70001399999999,9.600001249710004,-39.50719729370583,59.93459691168532,0.0,1,6.217248937900877e-14,0.0,-0.20863149580405427,-0.2804801797176859,-39.49964951531309,-63.70001399999998,9.600001249709983,-39.507197293705865,-59.93459691168532,0.0,1,4.085620730620576e-14,0.0,-0.12066315759731161,-0.6425592949385468,77.97474650733596,63.70001399999999,9.600000974510145,77.96799794480415,67.46348551523343,0.0,1,-1.7763568394002505e-14,0.0,-0.12066315759731117,-0.6425592949385464,77.97474650733594,-63.70001399999998,9.600000974510131,77.96799794480413,-67.46348551523343,0.0,1,-3.197442310920451e-14
2.191666666666667,2191667,hold_sad_droop,-4.0,0.0,69.0,0.9961946980917455,0.0,0.08715574274765817,0.0,-4.0,0.0,69.0,35.50719729370584,8.494907042713123,0,feet,0.0,-0.20863149580405516,-0.28048015023891226,-39.49964951531304,63.70001399999999,9.600001249710004,-39.50719729370583,59.93459691168532,0.0,1,6.217248937900877e-14,0.0,-0.20863149580405427,-0.2804801797176859,-39.49964951531309,-63.70001399999998,9.600001249709983,-39.507197293705865,-59.93459691168532,0.0,1,4.085620730620576e-14,0.0,-0.12066315759731161,-0.6425592949385468,77.97474650733596,63.70001399999999,9.600000974510145,77.96799794480415,67.46348551523343,0.0,1,-1.7763568394002505e-14,0.0,-0.12066315759731117,-0.6425592949385464,77.97474650733594,-63.70001399999998,9.600000974510131,77.96799794480413,-67.46348551523343,0.0,1,-3.197442310920451e-14
2.2,2200000,hold_sad_droop,-4.0,0.0,69.0,0.9961946980917455,0.0,0.08715574274765817,0.0,-4.0,0.0,69.0,35.50719729370584,8.494907042713123,0,feet,0.0,-0.20863149580405516,-0.28048015023891226,-39.49964951531304,63.70001399999999,9.600001249710004,-39.50719729370583,59.93459691168532,0.0,1,6.217248937900877e-14,0.0,-0.20863149580405427,-0.2804801797176859,-39.49964951531309,-63.70001399999998,9.600001249709983,-39.507197293705865,-59.93459691168532,0.0,1,4.085620730620576e-14,0.0,-0.12066315759731161,-0.6425592949385468,77.97474650733596,63.70001399999999,9.600000974510145,77.96799794480415,67.46348551523343,0.0,1,-1.7763568394002505e-14,0.0,-0.12066315759731117,-0.6425592949385464,77.97474650733594,-63.70001399999998,9.600000974510131,77.96799794480413,-67.46348551523343,0.0,1,-3.197442310920451e-14
2.2083333333333335,2208333,hold_sad_droop,-4.0,0.0,69.0,0.9961946980917455,0.0,0.08715574274765817,0.0,-4.0,0.0,69.0,35.50719729370584,8.494907042713123,0,feet,0.0,-0.20863149580405516,-0.28048015023891226,-39.49964951531304,63.70001399999999,9.600001249710004,-39.50719729370583,59.93459691168532,0.0,1,6.217248937900877e-14,0.0,-0.20863149580405427,-0.2804801797176859,-39.49964951531309,-63.70001399999998,9.600001249709983,-39.507197293705865,-59.93459691168532,0.0,1,4.085620730620576e-14,0.0,-0.12066315759731161,-0.6425592949385468,77.97474650733596,63.70001399999999,9.600000974510145,77.96799794480415,67.46348551523343,0.0,1,-1.7763568394002505e-14,0.0,-0.12066315759731117,-0.6425592949385464,77.97474650733594,-63.70001399999998,9.600000974510131,77.96799794480413,-67.46348551523343,0.0,1,-3.197442310920451e-14
2.216666666666667,2216667,hold_sad_droop,-4.0,0.0,69.0,0.9961946980917455,0.0,0.08715574274765817,0.0,-4.0,0.0,69.0,35.50719729370584,8.494907042713123,0,feet,0.0,-0.20863149580405516,-0.28048015023891226,-39.49964951531304,63.70001399999999,9.600001249710004,-39.50719729370583,59.93459691168532,0.0,1,6.217248937900877e-14,0.0,-0.20863149580405427,-0.2804801797176859,-39.49964951531309,-63.70001399999998,9.600001249709983,-39.507197293705865,-59.93459691168532,0.0,1,4.085620730620576e-14,0.0,-0.12066315759731161,-0.6425592949385468,77.97474650733596,63.70001399999999,9.600000974510145,77.96799794480415,67.46348551523343,0.0,1,-1.7763568394002505e-14,0.0,-0.12066315759731117,-0.6425592949385464,77.97474650733594,-63.70001399999998,9.600000974510131,77.96799794480413,-67.46348551523343,0.0,1,-3.197442310920451e-14
2.225,2225000,hold_sad_droop,-4.0,0.0,69.0,0.9961946980917455,0.0,0.08715574274765817,0.0,-4.0,0.0,69.0,35.50719729370584,8.494907042713123,0,feet,0.0,-0.20863149580405516,-0.28048015023891226,-39.49964951531304,63.70001399999999,9.600001249710004,-39.50719729370583,59.93459691168532,0.0,1,6.217248937900877e-14,0.0,-0.20863149580405427,-0.2804801797176859,-39.49964951531309,-63.70001399999998,9.600001249709983,-39.507197293705865,-59.93459691168532,0.0,1,4.085620730620576e-14,0.0,-0.12066315759731161,-0.6425592949385468,77.97474650733596,63.70001399999999,9.600000974510145,77.96799794480415,67.46348551523343,0.0,1,-1.7763568394002505e-14,0.0,-0.12066315759731117,-0.6425592949385464,77.97474650733594,-63.70001399999998,9.600000974510131,77.96799794480413,-67.46348551523343,0.0,1,-3.197442310920451e-14
2.2333333333333334,2233333,hold_sad_droop,-4.0,0.0,69.0,0.9961946980917455,0.0,0.08715574274765817,0.0,-4.0,0.0,69.0,35.50719729370584,8.494907042713123,0,feet,0.0,-0.20863149580405516,-0.28048015023891226,-39.49964951531304,63.70001399999999,9.600001249710004,-39.50719729370583,59.93459691168532,0.0,1,6.217248937900877e-14,0.0,-0.20863149580405427,-0.2804801797176859,-39.49964951531309,-63.70001399999998,9.600001249709983,-39.507197293705865,-59.93459691168532,0.0,1,4.085620730620576e-14,0.0,-0.12066315759731161,-0.6425592949385468,77.97474650733596,63.70001399999999,9.600000974510145,77.96799794480415,67.46348551523343,0.0,1,-1.7763568394002505e-14,0.0,-0.12066315759731117,-0.6425592949385464,77.97474650733594,-63.70001399999998,9.600000974510131,77.96799794480413,-67.46348551523343,0.0,1,-3.197442310920451e-14
2.2416666666666667,2241667,hold_sad_droop,-4.0,0.0,69.0,0.9961946980917455,0.0,0.08715574274765817,0.0,-4.0,0.0,69.0,35.50719729370584,8.494907042713123,0,feet,0.0,-0.20863149580405516,-0.28048015023891226,-39.49964951531304,63.70001399999999,9.600001249710004,-39.50719729370583,59.93459691168532,0.0,1,6.217248937900877e-14,0.0,-0.20863149580405427,-0.2804801797176859,-39.49964951531309,-63.70001399999998,9.600001249709983,-39.507197293705865,-59.93459691168532,0.0,1,4.085620730620576e-14,0.0,-0.12066315759731161,-0.6425592949385468,77.97474650733596,63.70001399999999,9.600000974510145,77.96799794480415,67.46348551523343,0.0,1,-1.7763568394002505e-14,0.0,-0.12066315759731117,-0.6425592949385464,77.97474650733594,-63.70001399999998,9.600000974510131,77.96799794480413,-67.46348551523343,0.0,1,-3.197442310920451e-14
2.25,2250000,hold_sad_droop,-4.0,0.0,69.0,0.9961946980917455,0.0,0.08715574274765817,0.0,-4.0,0.0,69.0,35.50719729370584,8.494907042713123,0,feet,0.0,-0.20863149580405516,-0.28048015023891226,-39.49964951531304,63.70001399999999,9.600001249710004,-39.50719729370583,59.93459691168532,0.0,1,6.217248937900877e-14,0.0,-0.20863149580405427,-0.2804801797176859,-39.49964951531309,-63.70001399999998,9.600001249709983,-39.507197293705865,-59.93459691168532,0.0,1,4.085620730620576e-14,0.0,-0.12066315759731161,-0.6425592949385468,77.97474650733596,63.70001399999999,9.600000974510145,77.96799794480415,67.46348551523343,0.0,1,-1.7763568394002505e-14,0.0,-0.12066315759731117,-0.6425592949385464,77.97474650733594,-63.70001399999998,9.600000974510131,77.96799794480413,-67.46348551523343,0.0,1,-3.197442310920451e-14
2.2583333333333333,2258333,hold_sad_droop,-4.0,0.0,69.0,0.9961946980917455,0.0,0.08715574274765817,0.0,-4.0,0.0,69.0,35.50719729370584,8.494907042713123,0,feet,0.0,-0.20863149580405516,-0.28048015023891226,-39.49964951531304,63.70001399999999,9.600001249710004,-39.50719729370583,59.93459691168532,0.0,1,6.217248937900877e-14,0.0,-0.20863149580405427,-0.2804801797176859,-39.49964951531309,-63.70001399999998,9.600001249709983,-39.507197293705865,-59.93459691168532,0.0,1,4.085620730620576e-14,0.0,-0.12066315759731161,-0.6425592949385468,77.97474650733596,63.70001399999999,9.600000974510145,77.96799794480415,67.46348551523343,0.0,1,-1.7763568394002505e-14,0.0,-0.12066315759731117,-0.6425592949385464,77.97474650733594,-63.70001399999998,9.600000974510131,77.96799794480413,-67.46348551523343,0.0,1,-3.197442310920451e-14
2.2666666666666666,2266667,hold_sad_droop,-4.0,0.0,69.0,0.9961946980917455,0.0,0.08715574274765817,0.0,-4.0,0.0,69.0,35.50719729370584,8.494907042713123,0,feet,0.0,-0.20863149580405516,-0.28048015023891226,-39.49964951531304,63.70001399999999,9.600001249710004,-39.50719729370583,59.93459691168532,0.0,1,6.217248937900877e-14,0.0,-0.20863149580405427,-0.2804801797176859,-39.49964951531309,-63.70001399999998,9.600001249709983,-39.507197293705865,-59.93459691168532,0.0,1,4.085620730620576e-14,0.0,-0.12066315759731161,-0.6425592949385468,77.97474650733596,63.70001399999999,9.600000974510145,77.96799794480415,67.46348551523343,0.0,1,-1.7763568394002505e-14,0.0,-0.12066315759731117,-0.6425592949385464,77.97474650733594,-63.70001399999998,9.600000974510131,77.96799794480413,-67.46348551523343,0.0,1,-3.197442310920451e-14
2.275,2275000,hold_sad_droop,-4.0,0.0,69.0,0.9961946980917455,0.0,0.08715574274765817,0.0,-4.0,0.0,69.0,35.50719729370584,8.494907042713123,0,feet,0.0,-0.20863149580405516,-0.28048015023891226,-39.49964951531304,63.70001399999999,9.600001249710004,-39.50719729370583,59.93459691168532,0.0,1,6.217248937900877e-14,0.0,-0.20863149580405427,-0.2804801797176859,-39.49964951531309,-63.70001399999998,9.600001249709983,-39.507197293705865,-59.93459691168532,0.0,1,4.085620730620576e-14,0.0,-0.12066315759731161,-0.6425592949385468,77.97474650733596,63.70001399999999,9.600000974510145,77.96799794480415,67.46348551523343,0.0,1,-1.7763568394002505e-14,0.0,-0.12066315759731117,-0.6425592949385464,77.97474650733594,-63.70001399999998,9.600000974510131,77.96799794480413,-67.46348551523343,0.0,1,-3.197442310920451e-14
2.283333333333333,2283333,hold_sad_droop,-4.0,0.0,69.0,0.9961946980917455,0.0,0.08715574274765817,0.0,-4.0,0.0,69.0,35.50719729370584,8.494907042713123,0,feet,0.0,-0.20863149580405516,-0.28048015023891226,-39.49964951531304,63.70001399999999,9.600001249710004,-39.50719729370583,59.93459691168532,0.0,1,6.217248937900877e-14,0.0,-0.20863149580405427,-0.2804801797176859,-39.49964951531309,-63.70001399999998,9.600001249709983,-39.507197293705865,-59.93459691168532,0.0,1,4.085620730620576e-14,0.0,-0.12066315759731161,-0.6425592949385468,77.97474650733596,63.70001399999999,9.600000974510145,77.96799794480415,67.46348551523343,0.0,1,-1.7763568394002505e-14,0.0,-0.12066315759731117,-0.6425592949385464,77.97474650733594,-63.70001399999998,9.600000974510131,77.96799794480413,-67.46348551523343,0.0,1,-3.197442310920451e-14
2.2916666666666665,2291667,hold_sad_droop,-4.0,0.0,69.0,0.9961946980917455,0.0,0.08715574274765817,0.0,-4.0,0.0,69.0,35.50719729370584,8.494907042713123,0,feet,0.0,-0.20863149580405516,-0.28048015023891226,-39.49964951531304,63.70001399999999,9.600001249710004,-39.50719729370583,59.93459691168532,0.0,1,6.217248937900877e-14,0.0,-0.20863149580405427,-0.2804801797176859,-39.49964951531309,-63.70001399999998,9.600001249709983,-39.507197293705865,-59.93459691168532,0.0,1,4.085620730620576e-14,0.0,-0.12066315759731161,-0.6425592949385468,77.97474650733596,63.70001399999999,9.600000974510145,77.96799794480415,67.46348551523343,0.0,1,-1.7763568394002505e-14,0.0,-0.12066315759731117,-0.6425592949385464,77.97474650733594,-63.70001399999998,9.600000974510131,77.96799794480413,-67.46348551523343,0.0,1,-3.197442310920451e-14
2.3,2300000,hold_sad_droop,-4.0,0.0,69.0,0.9961946980917455,0.0,0.08715574274765817,0.0,-4.0,0.0,69.0,35.50719729370584,8.494907042713123,0,feet,0.0,-0.20863149580405516,-0.28048015023891226,-39.49964951531304,63.70001399999999,9.600001249710004,-39.50719729370583,59.93459691168532,0.0,1,6.217248937900877e-14,0.0,-0.20863149580405427,-0.2804801797176859,-39.49964951531309,-63.70001399999998,9.600001249709983,-39.507197293705865,-59.93459691168532,0.0,1,4.085620730620576e-14,0.0,-0.12066315759731161,-0.6425592949385468,77.97474650733596,63.70001399999999,9.600000974510145,77.96799794480415,67.46348551523343,0.0,1,-1.7763568394002505e-14,0.0,-0.12066315759731117,-0.6425592949385464,77.97474650733594,-63.70001399999998,9.600000974510131,77.96799794480413,-67.46348551523343,0.0,1,-3.197442310920451e-14
2.308333333333333,2308333,hold_sad_droop,-4.0,0.0,69.0,0.9961946980917455,0.0,0.08715574274765817,0.0,-4.0,0.0,69.0,35.50719729370584,8.494907042713123,0,feet,0.0,-0.20863149580405516,-0.28048015023891226,-39.49964951531304,63.70001399999999,9.600001249710004,-39.50719729370583,59.93459691168532,0.0,1,6.217248937900877e-14,0.0,-0.20863149580405427,-0.2804801797176859,-39.49964951531309,-63.70001399999998,9.600001249709983,-39.507197293705865,-59.93459691168532,0.0,1,4.085620730620576e-14,0.0,-0.12066315759731161,-0.6425592949385468,77.97474650733596,63.70001399999999,9.600000974510145,77.96799794480415,67.46348551523343,0.0,1,-1.7763568394002505e-14,0.0,-0.12066315759731117,-0.6425592949385464,77.97474650733594,-63.70001399999998,9.600000974510131,77.96799794480413,-67.46348551523343,0.0,1,-3.197442310920451e-14
2.316666666666667,2316667,hold_sad_droop,-4.0,0.0,69.0,0.9961946980917455,0.0,0.08715574274765817,0.0,-4.0,0.0,69.0,35.50719729370584,8.494907042713123,0,feet,0.0,-0.20863149580405516,-0.28048015023891226,-39.49964951531304,63.70001399999999,9.600001249710004,-39.50719729370583,59.93459691168532,0.0,1,6.217248937900877e-14,0.0,-0.20863149580405427,-0.2804801797176859,-39.49964951531309,-63.70001399999998,9.600001249709983,-39.507197293705865,-59.93459691168532,0.0,1,4.085620730620576e-14,0.0,-0.12066315759731161,-0.6425592949385468,77.97474650733596,63.70001399999999,9.600000974510145,77.96799794480415,67.46348551523343,0.0,1,-1.7763568394002505e-14,0.0,-0.12066315759731117,-0.6425592949385464,77.97474650733594,-63.70001399999998,9.600000974510131,77.96799794480413,-67.46348551523343,0.0,1,-3.197442310920451e-14
2.325,2325000,hold_sad_droop,-4.0,0.0,69.0,0.9961946980917455,0.0,0.08715574274765817,0.0,-4.0,0.0,69.0,35.50719729370584,8.494907042713123,0,feet,0.0,-0.20863149580405516,-0.28048015023891226,-39.49964951531304,63.70001399999999,9.600001249710004,-39.50719729370583,59.93459691168532,0.0,1,6.217248937900877e-14,0.0,-0.20863149580405427,-0.2804801797176859,-39.49964951531309,-63.70001399999998,9.600001249709983,-39.507197293705865,-59.93459691168532,0.0,1,4.085620730620576e-14,0.0,-0.12066315759731161,-0.6425592949385468,77.97474650733596,63.70001399999999,9.600000974510145,77.96799794480415,67.46348551523343,0.0,1,-1.7763568394002505e-14,0.0,-0.12066315759731117,-0.6425592949385464,77.97474650733594,-63.70001399999998,9.600000974510131,77.96799794480413,-67.46348551523343,0.0,1,-3.197442310920451e-14
2.3333333333333335,2333333,hold_sad_droop,-4.0,0.0,69.0,0.9961946980917455,0.0,0.08715574274765817,0.0,-4.0,0.0,69.0,35.50719729370584,8.494907042713123,0,feet,0.0,-0.20863149580405516,-0.28048015023891226,-39.49964951531304,63.70001399999999,9.600001249710004,-39.50719729370583,59.93459691168532,0.0,1,6.217248937900877e-14,0.0,-0.20863149580405427,-0.2804801797176859,-39.49964951531309,-63.70001399999998,9.600001249709983,-39.507197293705865,-59.93459691168532,0.0,1,4.085620730620576e-14,0.0,-0.12066315759731161,-0.6425592949385468,77.97474650733596,63.70001399999999,9.600000974510145,77.96799794480415,67.46348551523343,0.0,1,-1.7763568394002505e-14,0.0,-0.12066315759731117,-0.6425592949385464,77.97474650733594,-63.70001399999998,9.600000974510131,77.96799794480413,-67.46348551523343,0.0,1,-3.197442310920451e-14
2.341666666666667,2341667,hold_sad_droop,-4.0,0.0,69.0,0.9961946980917455,0.0,0.08715574274765817,0.0,-4.0,0.0,69.0,35.50719729370584,8.494907042713123,0,feet,0.0,-0.20863149580405516,-0.28048015023891226,-39.49964951531304,63.70001399999999,9.600001249710004,-39.50719729370583,59.93459691168532,0.0,1,6.217248937900877e-14,0.0,-0.20863149580405427,-0.2804801797176859,-39.49964951531309,-63.70001399999998,9.600001249709983,-39.507197293705865,-59.93459691168532,0.0,1,4.085620730620576e-14,0.0,-0.12066315759731161,-0.6425592949385468,77.97474650733596,63.70001399999999,9.600000974510145,77.96799794480415,67.46348551523343,0.0,1,-1.7763568394002505e-14,0.0,-0.12066315759731117,-0.6425592949385464,77.97474650733594,-63.70001399999998,9.600000974510131,77.96799794480413,-67.46348551523343,0.0,1,-3.197442310920451e-14
2.35,2350000,hold_sad_droop,-4.0,0.0,69.0,0.9961946980917455,0.0,0.08715574274765817,0.0,-4.0,0.0,69.0,35.50719729370584,8.494907042713123,0,feet,0.0,-0.20863149580405516,-0.28048015023891226,-39.49964951531304,63.70001399999999,9.600001249710004,-39.50719729370583,59.93459691168532,0.0,1,6.217248937900877e-14,0.0,-0.20863149580405427,-0.2804801797176859,-39.49964951531309,-63.70001399999998,9.600001249709983,-39.507197293705865,-59.93459691168532,0.0,1,4.085620730620576e-14,0.0,-0.12066315759731161,-0.6425592949385468,77.97474650733596,63.70001399999999,9.600000974510145,77.96799794480415,67.46348551523343,0.0,1,-1.7763568394002505e-14,0.0,-0.12066315759731117,-0.6425592949385464,77.97474650733594,-63.70001399999998,9.600000974510131,77.96799794480413,-67.46348551523343,0.0,1,-3.197442310920451e-14
2.3583333333333334,2358333,hold_sad_droop,-4.0,0.0,69.0,0.9961946980917455,0.0,0.08715574274765817,0.0,-4.0,0.0,69.0,35.50719729370584,8.494907042713123,0,feet,0.0,-0.20863149580405516,-0.28048015023891226,-39.49964951531304,63.70001399999999,9.600001249710004,-39.50719729370583,59.93459691168532,0.0,1,6.217248937900877e-14,0.0,-0.20863149580405427,-0.2804801797176859,-39.49964951531309,-63.70001399999998,9.600001249709983,-39.507197293705865,-59.93459691168532,0.0,1,4.085620730620576e-14,0.0,-0.12066315759731161,-0.6425592949385468,77.97474650733596,63.70001399999999,9.600000974510145,77.96799794480415,67.46348551523343,0.0,1,-1.7763568394002505e-14,0.0,-0.12066315759731117,-0.6425592949385464,77.97474650733594,-63.70001399999998,9.600000974510131,77.96799794480413,-67.46348551523343,0.0,1,-3.197442310920451e-14
2.3666666666666667,2366667,hold_sad_droop,-4.0,0.0,69.0,0.9961946980917455,0.0,0.08715574274765817,0.0,-4.0,0.0,69.0,35.50719729370584,8.494907042713123,0,feet,0.0,-0.20863149580405516,-0.28048015023891226,-39.49964951531304,63.70001399999999,9.600001249710004,-39.50719729370583,59.93459691168532,0.0,1,6.217248937900877e-14,0.0,-0.20863149580405427,-0.2804801797176859,-39.49964951531309,-63.70001399999998,9.600001249709983,-39.507197293705865,-59.93459691168532,0.0,1,4.085620730620576e-14,0.0,-0.12066315759731161,-0.6425592949385468,77.97474650733596,63.70001399999999,9.600000974510145,77.96799794480415,67.46348551523343,0.0,1,-1.7763568394002505e-14,0.0,-0.12066315759731117,-0.6425592949385464,77.97474650733594,-63.70001399999998,9.600000974510131,77.96799794480413,-67.46348551523343,0.0,1,-3.197442310920451e-14
2.375,2375000,hold_sad_droop,-4.0,0.0,69.0,0.9961946980917455,0.0,0.08715574274765817,0.0,-4.0,0.0,69.0,35.50719729370584,8.494907042713123,0,feet,0.0,-0.20863149580405516,-0.28048015023891226,-39.49964951531304,63.70001399999999,9.600001249710004,-39.50719729370583,59.93459691168532,0.0,1,6.217248937900877e-14,0.0,-0.20863149580405427,-0.2804801797176859,-39.49964951531309,-63.70001399999998,9.600001249709983,-39.507197293705865,-59.93459691168532,0.0,1,4.085620730620576e-14,0.0,-0.12066315759731161,-0.6425592949385468,77.97474650733596,63.70001399999999,9.600000974510145,77.96799794480415,67.46348551523343,0.0,1,-1.7763568394002505e-14,0.0,-0.12066315759731117,-0.6425592949385464,77.97474650733594,-63.70001399999998,9.600000974510131,77.96799794480413,-67.46348551523343,0.0,1,-3.197442310920451e-14
2.3833333333333333,2383333,hold_sad_droop,-4.0,0.0,69.0,0.9961946980917455,0.0,0.08715574274765817,0.0,-4.0,0.0,69.0,35.50719729370584,8.494907042713123,0,feet,0.0,-0.20863149580405516,-0.28048015023891226,-39.49964951531304,63.70001399999999,9.600001249710004,-39.50719729370583,59.93459691168532,0.0,1,6.217248937900877e-14,0.0,-0.20863149580405427,-0.2804801797176859,-39.49964951531309,-63.70001399999998,9.600001249709983,-39.507197293705865,-59.93459691168532,0.0,1,4.085620730620576e-14,0.0,-0.12066315759731161,-0.6425592949385468,77.97474650733596,63.70001399999999,9.600000974510145,77.96799794480415,67.46348551523343,0.0,1,-1.7763568394002505e-14,0.0,-0.12066315759731117,-0.6425592949385464,77.97474650733594,-63.70001399999998,9.600000974510131,77.96799794480413,-67.46348551523343,0.0,1,-3.197442310920451e-14
2.3916666666666666,2391667,hold_sad_droop,-4.0,0.0,69.0,0.9961946980917455,0.0,0.08715574274765817,0.0,-4.0,0.0,69.0,35.50719729370584,8.494907042713123,0,feet,0.0,-0.20863149580405516,-0.28048015023891226,-39.49964951531304,63.70001399999999,9.600001249710004,-39.50719729370583,59.93459691168532,0.0,1,6.217248937900877e-14,0.0,-0.20863149580405427,-0.2804801797176859,-39.49964951531309,-63.70001399999998,9.600001249709983,-39.507197293705865,-59.93459691168532,0.0,1,4.085620730620576e-14,0.0,-0.12066315759731161,-0.6425592949385468,77.97474650733596,63.70001399999999,9.600000974510145,77.96799794480415,67.46348551523343,0.0,1,-1.7763568394002505e-14,0.0,-0.12066315759731117,-0.6425592949385464,77.97474650733594,-63.70001399999998,9.600000974510131,77.96799794480413,-67.46348551523343,0.0,1,-3.197442310920451e-14
2.4,2400000,hold_sad_droop,-4.0,0.0,69.0,0.9961946980917455,0.0,0.08715574274765817,0.0,-4.0,0.0,69.0,35.50719729370584,8.494907042713123,0,feet,0.0,-0.20863149580405516,-0.28048015023891226,-39.49964951531304,63.70001399999999,9.600001249710004,-39.50719729370583,59.93459691168532,0.0,1,6.217248937900877e-14,0.0,-0.20863149580405427,-0.2804801797176859,-39.49964951531309,-63.70001399999998,9.600001249709983,-39.507197293705865,-59.93459691168532,0.0,1,4.085620730620576e-14,0.0,-0.12066315759731161,-0.6425592949385468,77.97474650733596,63.70001399999999,9.600000974510145,77.96799794480415,67.46348551523343,0.0,1,-1.7763568394002505e-14,0.0,-0.12066315759731117,-0.6425592949385464,77.97474650733594,-63.70001399999998,9.600000974510131,77.96799794480413,-67.46348551523343,0.0,1,-3.197442310920451e-14
2.408333333333333,2408333,hold_sad_droop,-4.0,0.0,69.0,0.9961946980917455,0.0,0.08715574274765817,0.0,-4.0,0.0,69.0,35.50719729370584,8.494907042713123,0,feet,0.0,-0.20863149580405516,-0.28048015023891226,-39.49964951531304,63.70001399999999,9.600001249710004,-39.50719729370583,59.93459691168532,0.0,1,6.217248937900877e-14,0.0,-0.20863149580405427,-0.2804801797176859,-39.49964951531309,-63.70001399999998,9.600001249709983,-39.507197293705865,-59.93459691168532,0.0,1,4.085620730620576e-14,0.0,-0.12066315759731161,-0.6425592949385468,77.97474650733596,63.70001399999999,9.600000974510145,77.96799794480415,67.46348551523343,0.0,1,-1.7763568394002505e-14,0.0,-0.12066315759731117,-0.6425592949385464,77.97474650733594,-63.70001399999998,9.600000974510131,77.96799794480413,-67.46348551523343,0.0,1,-3.197442310920451e-14
2.4166666666666665,2416667,hold_sad_droop,-4.0,0.0,69.0,0.9961946980917455,0.0,0.08715574274765817,0.0,-4.0,0.0,69.0,35.50719729370584,8.494907042713123,0,feet,0.0,-0.20863149580405516,-0.28048015023891226,-39.49964951531304,63.70001399999999,9.600001249710004,-39.50719729370583,59.93459691168532,0.0,1,6.217248937900877e-14,0.0,-0.20863149580405427,-0.2804801797176859,-39.49964951531309,-63.70001399999998,9.600001249709983,-39.507197293705865,-59.93459691168532,0.0,1,4.085620730620576e-14,0.0,-0.12066315759731161,-0.6425592949385468,77.97474650733596,63.70001399999999,9.600000974510145,77.96799794480415,67.46348551523343,0.0,1,-1.7763568394002505e-14,0.0,-0.12066315759731117,-0.6425592949385464,77.97474650733594,-63.70001399999998,9.600000974510131,77.96799794480413,-67.46348551523343,0.0,1,-3.197442310920451e-14
2.425,2425000,hold_sad_droop,-4.0,0.0,69.0,0.9961946980917455,0.0,0.08715574274765817,0.0,-4.0,0.0,69.0,35.50719729370584,8.494907042713123,0,feet,0.0,-0.20863149580405516,-0.28048015023891226,-39.49964951531304,63.70001399999999,9.600001249710004,-39.50719729370583,59.93459691168532,0.0,1,6.217248937900877e-14,0.0,-0.20863149580405427,-0.2804801797176859,-39.49964951531309,-63.70001399999998,9.600001249709983,-39.507197293705865,-59.93459691168532,0.0,1,4.085620730620576e-14,0.0,-0.12066315759731161,-0.6425592949385468,77.97474650733596,63.70001399999999,9.600000974510145,77.96799794480415,67.46348551523343,0.0,1,-1.7763568394002505e-14,0.0,-0.12066315759731117,-0.6425592949385464,77.97474650733594,-63.70001399999998,9.600000974510131,77.96799794480413,-67.46348551523343,0.0,1,-3.197442310920451e-14
2.433333333333333,2433333,hold_sad_droop,-4.0,0.0,69.0,0.9961946980917455,0.0,0.08715574274765817,0.0,-4.0,0.0,69.0,35.50719729370584,8.494907042713123,0,feet,0.0,-0.20863149580405516,-0.28048015023891226,-39.49964951531304,63.70001399999999,9.600001249710004,-39.50719729370583,59.93459691168532,0.0,1,6.217248937900877e-14,0.0,-0.20863149580405427,-0.2804801797176859,-39.49964951531309,-63.70001399999998,9.600001249709983,-39.507197293705865,-59.93459691168532,0.0,1,4.085620730620576e-14,0.0,-0.12066315759731161,-0.6425592949385468,77.97474650733596,63.70001399999999,9.600000974510145,77.96799794480415,67.46348551523343,0.0,1,-1.7763568394002505e-14,0.0,-0.12066315759731117,-0.6425592949385464,77.97474650733594,-63.70001399999998,9.600000974510131,77.96799794480413,-67.46348551523343,0.0,1,-3.197442310920451e-14
2.441666666666667,2441667,hold_sad_droop,-4.0,0.0,69.0,0.9961946980917455,0.0,0.08715574274765817,0.0,-4.0,0.0,69.0,35.50719729370584,8.494907042713123,0,feet,0.0,-0.20863149580405516,-0.28048015023891226,-39.49964951531304,63.70001399999999,9.600001249710004,-39.50719729370583,59.93459691168532,0.0,1,6.217248937900877e-14,0.0,-0.20863149580405427,-0.2804801797176859,-39.49964951531309,-63.70001399999998,9.600001249709983,-39.507197293705865,-59.93459691168532,0.0,1,4.085620730620576e-14,0.0,-0.12066315759731161,-0.6425592949385468,77.97474650733596,63.70001399999999,9.600000974510145,77.96799794480415,67.46348551523343,0.0,1,-1.7763568394002505e-14,0.0,-0.12066315759731117,-0.6425592949385464,77.97474650733594,-63.70001399999998,9.600000974510131,77.96799794480413,-67.46348551523343,0.0,1,-3.197442310920451e-14
2.45,2450000,hold_sad_droop,-4.0,0.0,69.0,0.9961946980917455,0.0,0.08715574274765817,0.0,-4.0,0.0,69.0,35.50719729370584,8.494907042713123,0,feet,0.0,-0.20863149580405516,-0.28048015023891226,-39.49964951531304,63.70001399999999,9.600001249710004,-39.50719729370583,59.93459691168532,0.0,1,6.217248937900877e-14,0.0,-0.20863149580405427,-0.2804801797176859,-39.49964951531309,-63.70001399999998,9.600001249709983,-39.507197293705865,-59.93459691168532,0.0,1,4.085620730620576e-14,0.0,-0.12066315759731161,-0.6425592949385468,77.97474650733596,63.70001399999999,9.600000974510145,77.96799794480415,67.46348551523343,0.0,1,-1.7763568394002505e-14,0.0,-0.12066315759731117,-0.6425592949385464,77.97474650733594,-63.70001399999998,9.600000974510131,77.96799794480413,-67.46348551523343,0.0,1,-3.197442310920451e-14
2.4583333333333335,2458333,hold_sad_droop,-4.0,0.0,69.0,0.9961946980917455,0.0,0.08715574274765817,0.0,-4.0,0.0,69.0,35.50719729370584,8.494907042713123,0,feet,0.0,-0.20863149580405516,-0.28048015023891226,-39.49964951531304,63.70001399999999,9.600001249710004,-39.50719729370583,59.93459691168532,0.0,1,6.217248937900877e-14,0.0,-0.20863149580405427,-0.2804801797176859,-39.49964951531309,-63.70001399999998,9.600001249709983,-39.507197293705865,-59.93459691168532,0.0,1,4.085620730620576e-14,0.0,-0.12066315759731161,-0.6425592949385468,77.97474650733596,63.70001399999999,9.600000974510145,77.96799794480415,67.46348551523343,0.0,1,-1.7763568394002505e-14,0.0,-0.12066315759731117,-0.6425592949385464,77.97474650733594,-63.70001399999998,9.600000974510131,77.96799794480413,-67.46348551523343,0.0,1,-3.197442310920451e-14
2.466666666666667,2466667,hold_sad_droop,-4.0,0.0,69.0,0.9961946980917455,0.0,0.08715574274765817,0.0,-4.0,0.0,69.0,35.50719729370584,8.494907042713123,0,feet,0.0,-0.20863149580405516,-0.28048015023891226,-39.49964951531304,63.70001399999999,9.600001249710004,-39.50719729370583,59.93459691168532,0.0,1,6.217248937900877e-14,0.0,-0.20863149580405427,-0.2804801797176859,-39.49964951531309,-63.70001399999998,9.600001249709983,-39.507197293705865,-59.93459691168532,0.0,1,4.085620730620576e-14,0.0,-0.12066315759731161,-0.6425592949385468,77.97474650733596,63.70001399999999,9.600000974510145,77.96799794480415,67.46348551523343,0.0,1,-1.7763568394002505e-14,0.0,-0.12066315759731117,-0.6425592949385464,77.97474650733594,-63.70001399999998,9.600000974510131,77.96799794480413,-67.46348551523343,0.0,1,-3.197442310920451e-14
2.475,2475000,hold_sad_droop,-4.0,0.0,69.0,0.9961946980917455,0.0,0.08715574274765817,0.0,-4.0,0.0,69.0,35.50719729370584,8.494907042713123,0,feet,0.0,-0.20863149580405516,-0.28048015023891226,-39.49964951531304,63.70001399999999,9.600001249710004,-39.50719729370583,59.93459691168532,0.0,1,6.217248937900877e-14,0.0,-0.20863149580405427,-0.2804801797176859,-39.49964951531309,-63.70001399999998,9.600001249709983,-39.507197293705865,-59.93459691168532,0.0,1,4.085620730620576e-14,0.0,-0.12066315759731161,-0.6425592949385468,77.97474650733596,63.70001399999999,9.600000974510145,77.96799794480415,67.46348551523343,0.0,1,-1.7763568394002505e-14,0.0,-0.12066315759731117,-0.6425592949385464,77.97474650733594,-63.70001399999998,9.600000974510131,77.96799794480413,-67.46348551523343,0.0,1,-3.197442310920451e-14
2.4833333333333334,2483333,hold_sad_droop,-4.0,0.0,69.0,0.9961946980917455,0.0,0.08715574274765817,0.0,-4.0,0.0,69.0,35.50719729370584,8.494907042713123,0,feet,0.0,-0.20863149580405516,-0.28048015023891226,-39.49964951531304,63.70001399999999,9.600001249710004,-39.50719729370583,59.93459691168532,0.0,1,6.217248937900877e-14,0.0,-0.20863149580405427,-0.2804801797176859,-39.49964951531309,-63.70001399999998,9.600001249709983,-39.507197293705865,-59.93459691168532,0.0,1,4.085620730620576e-14,0.0,-0.12066315759731161,-0.6425592949385468,77.97474650733596,63.70001399999999,9.600000974510145,77.96799794480415,67.46348551523343,0.0,1,-1.7763568394002505e-14,0.0,-0.12066315759731117,-0.6425592949385464,77.97474650733594,-63.70001399999998,9.600000974510131,77.96799794480413,-67.46348551523343,0.0,1,-3.197442310920451e-14
2.4916666666666667,2491667,hold_sad_droop,-4.0,0.0,69.0,0.9961946980917455,0.0,0.08715574274765817,0.0,-4.0,0.0,69.0,35.50719729370584,8.494907042713123,0,feet,0.0,-0.20863149580405516,-0.28048015023891226,-39.49964951531304,63.70001399999999,9.600001249710004,-39.50719729370583,59.93459691168532,0.0,1,6.217248937900877e-14,0.0,-0.20863149580405427,-0.2804801797176859,-39.49964951531309,-63.70001399999998,9.600001249709983,-39.507197293705865,-59.93459691168532,0.0,1,4.085620730620576e-14,0.0,-0.12066315759731161,-0.6425592949385468,77.97474650733596,63.70001399999999,9.600000974510145,77.96799794480415,67.46348551523343,0.0,1,-1.7763568394002505e-14,0.0,-0.12066315759731117,-0.6425592949385464,77.97474650733594,-63.70001399999998,9.600000974510131,77.96799794480413,-67.46348551523343,0.0,1,-3.197442310920451e-14
2.5,2500000,hold_sad_droop,-4.0,0.0,69.0,0.9961946980917455,0.0,0.08715574274765817,0.0,-4.0,0.0,69.0,35.50719729370584,8.494907042713123,0,feet,0.0,-0.20863149580405516,-0.28048015023891226,-39.49964951531304,63.70001399999999,9.600001249710004,-39.50719729370583,59.93459691168532,0.0,1,6.217248937900877e-14,0.0,-0.20863149580405427,-0.2804801797176859,-39.49964951531309,-63.70001399999998,9.600001249709983,-39.507197293705865,-59.93459691168532,0.0,1,4.085620730620576e-14,0.0,-0.12066315759731161,-0.6425592949385468,77.97474650733596,63.70001399999999,9.600000974510145,77.96799794480415,67.46348551523343,0.0,1,-1.7763568394002505e-14,0.0,-0.12066315759731117,-0.6425592949385464,77.97474650733594,-63.70001399999998,9.600000974510131,77.96799794480413,-67.46348551523343,0.0,1,-3.197442310920451e-14
2.5083333333333333,2508333,hold_sad_droop,-4.0,0.0,69.0,0.9961946980917455,0.0,0.08715574274765817,0.0,-4.0,0.0,69.0,35.50719729370584,8.494907042713123,0,feet,0.0,-0.20863149580405516,-0.28048015023891226,-39.49964951531304,63.70001399999999,9.600001249710004,-39.50719729370583,59.93459691168532,0.0,1,6.217248937900877e-14,0.0,-0.20863149580405427,-0.2804801797176859,-39.49964951531309,-63.70001399999998,9.600001249709983,-39.507197293705865,-59.93459691168532,0.0,1,4.085620730620576e-14,0.0,-0.12066315759731161,-0.6425592949385468,77.97474650733596,63.70001399999999,9.600000974510145,77.96799794480415,67.46348551523343,0.0,1,-1.7763568394002505e-14,0.0,-0.12066315759731117,-0.6425592949385464,77.97474650733594,-63.70001399999998,9.600000974510131,77.96799794480413,-67.46348551523343,0.0,1,-3.197442310920451e-14
2.5166666666666666,2516667,hold_sad_droop,-4.0,0.0,69.0,0.9961946980917455,0.0,0.08715574274765817,0.0,-4.0,0.0,69.0,35.50719729370584,8.494907042713123,0,feet,0.0,-0.20863149580405516,-0.28048015023891226,-39.49964951531304,63.70001399999999,9.600001249710004,-39.50719729370583,59.93459691168532,0.0,1,6.217248937900877e-14,0.0,-0.20863149580405427,-0.2804801797176859,-39.49964951531309,-63.70001399999998,9.600001249709983,-39.507197293705865,-59.93459691168532,0.0,1,4.085620730620576e-14,0.0,-0.12066315759731161,-0.6425592949385468,77.97474650733596,63.70001399999999,9.600000974510145,77.96799794480415,67.46348551523343,0.0,1,-1.7763568394002505e-14,0.0,-0.12066315759731117,-0.6425592949385464,77.97474650733594,-63.70001399999998,9.600000974510131,77.96799794480413,-67.46348551523343,0.0,1,-3.197442310920451e-14
2.525,2525000,hold_sad_droop,-4.0,0.0,69.0,0.9961946980917455,0.0,0.08715574274765817,0.0,-4.0,0.0,69.0,35.50719729370584,8.494907042713123,0,feet,0.0,-0.20863149580405516,-0.28048015023891226,-39.49964951531304,63.70001399999999,9.600001249710004,-39.50719729370583,59.93459691168532,0.0,1,6.217248937900877e-14,0.0,-0.20863149580405427,-0.2804801797176859,-39.49964951531309,-63.70001399999998,9.600001249709983,-39.507197293705865,-59.93459691168532,0.0,1,4.085620730620576e-14,0.0,-0.12066315759731161,-0.6425592949385468,77.97474650733596,63.70001399999999,9.600000974510145,77.96799794480415,67.46348551523343,0.0,1,-1.7763568394002505e-14,0.0,-0.12066315759731117,-0.6425592949385464,77.97474650733594,-63.70001399999998,9.600000974510131,77.96799794480413,-67.46348551523343,0.0,1,-3.197442310920451e-14
2.533333333333333,2533333,hold_sad_droop,-4.0,0.0,69.0,0.9961946980917455,0.0,0.08715574274765817,0.0,-4.0,0.0,69.0,35.50719729370584,8.494907042713123,0,feet,0.0,-0.20863149580405516,-0.28048015023891226,-39.49964951531304,63.70001399999999,9.600001249710004,-39.50719729370583,59.93459691168532,0.0,1,6.217248937900877e-14,0.0,-0.20863149580405427,-0.2804801797176859,-39.49964951531309,-63.70001399999998,9.600001249709983,-39.507197293705865,-59.93459691168532,0.0,1,4.085620730620576e-14,0.0,-0.12066315759731161,-0.6425592949385468,77.97474650733596,63.70001399999999,9.600000974510145,77.96799794480415,67.46348551523343,0.0,1,-1.7763568394002505e-14,0.0,-0.12066315759731117,-0.6425592949385464,77.97474650733594,-63.70001399999998,9.600000974510131,77.96799794480413,-67.46348551523343,0.0,1,-3.197442310920451e-14
2.5416666666666665,2541667,hold_sad_droop,-4.0,0.0,69.0,0.9961946980917455,0.0,0.08715574274765817,0.0,-4.0,0.0,69.0,35.50719729370584,8.494907042713123,0,feet,0.0,-0.20863149580405516,-0.28048015023891226,-39.49964951531304,63.70001399999999,9.600001249710004,-39.50719729370583,59.93459691168532,0.0,1,6.217248937900877e-14,0.0,-0.20863149580405427,-0.2804801797176859,-39.49964951531309,-63.70001399999998,9.600001249709983,-39.507197293705865,-59.93459691168532,0.0,1,4.085620730620576e-14,0.0,-0.12066315759731161,-0.6425592949385468,77.97474650733596,63.70001399999999,9.600000974510145,77.96799794480415,67.46348551523343,0.0,1,-1.7763568394002505e-14,0.0,-0.12066315759731117,-0.6425592949385464,77.97474650733594,-63.70001399999998,9.600000974510131,77.96799794480413,-67.46348551523343,0.0,1,-3.197442310920451e-14
2.55,2550000,hold_sad_droop,-4.0,0.0,69.0,0.9961946980917455,0.0,0.08715574274765817,0.0,-4.0,0.0,69.0,35.50719729370584,8.494907042713123,0,feet,0.0,-0.20863149580405516,-0.28048015023891226,-39.49964951531304,63.70001399999999,9.600001249710004,-39.50719729370583,59.93459691168532,0.0,1,6.217248937900877e-14,0.0,-0.20863149580405427,-0.2804801797176859,-39.49964951531309,-63.70001399999998,9.600001249709983,-39.507197293705865,-59.93459691168532,0.0,1,4.085620730620576e-14,0.0,-0.12066315759731161,-0.6425592949385468,77.97474650733596,63.70001399999999,9.600000974510145,77.96799794480415,67.46348551523343,0.0,1,-1.7763568394002505e-14,0.0,-0.12066315759731117,-0.6425592949385464,77.97474650733594,-63.70001399999998,9.600000974510131,77.96799794480413,-67.46348551523343,0.0,1,-3.197442310920451e-14
2.558333333333333,2558333,hold_sad_droop,-4.0,0.0,69.0,0.9961946980917455,0.0,0.08715574274765817,0.0,-4.0,0.0,69.0,35.50719729370584,8.494907042713123,0,feet,0.0,-0.20863149580405516,-0.28048015023891226,-39.49964951531304,63.70001399999999,9.600001249710004,-39.50719729370583,59.93459691168532,0.0,1,6.217248937900877e-14,0.0,-0.20863149580405427,-0.2804801797176859,-39.49964951531309,-63.70001399999998,9.600001249709983,-39.507197293705865,-59.93459691168532,0.0,1,4.085620730620576e-14,0.0,-0.12066315759731161,-0.6425592949385468,77.97474650733596,63.70001399999999,9.600000974510145,77.96799794480415,67.46348551523343,0.0,1,-1.7763568394002505e-14,0.0,-0.12066315759731117,-0.6425592949385464,77.97474650733594,-63.70001399999998,9.600000974510131,77.96799794480413,-67.46348551523343,0.0,1,-3.197442310920451e-14
2.566666666666667,2566667,hold_sad_droop,-4.0,0.0,69.0,0.9961946980917455,0.0,0.08715574274765817,0.0,-4.0,0.0,69.0,35.50719729370584,8.494907042713123,0,feet,0.0,-0.20863149580405516,-0.28048015023891226,-39.49964951531304,63.70001399999999,9.600001249710004,-39.50719729370583,59.93459691168532,0.0,1,6.217248937900877e-14,0.0,-0.20863149580405427,-0.2804801797176859,-39.49964951531309,-63.70001399999998,9.600001249709983,-39.507197293705865,-59.93459691168532,0.0,1,4.085620730620576e-14,0.0,-0.12066315759731161,-0.6425592949385468,77.97474650733596,63.70001399999999,9.600000974510145,77.96799794480415,67.46348551523343,0.0,1,-1.7763568394002505e-14,0.0,-0.12066315759731117,-0.6425592949385464,77.97474650733594,-63.70001399999998,9.600000974510131,77.96799794480413,-67.46348551523343,0.0,1,-3.197442310920451e-14
2.575,2575000,hold_sad_droop,-4.0,0.0,69.0,0.9961946980917455,0.0,0.08715574274765817,0.0,-4.0,0.0,69.0,35.50719729370584,8.494907042713123,0,feet,0.0,-0.20863149580405516,-0.28048015023891226,-39.49964951531304,63.70001399999999,9.600001249710004,-39.50719729370583,59.93459691168532,0.0,1,6.217248937900877e-14,0.0,-0.20863149580405427,-0.2804801797176859,-39.49964951531309,-63.70001399999998,9.600001249709983,-39.507197293705865,-59.93459691168532,0.0,1,4.085620730620576e-14,0.0,-0.12066315759731161,-0.6425592949385468,77.97474650733596,63.70001399999999,9.600000974510145,77.96799794480415,67.46348551523343,0.0,1,-1.7763568394002505e-14,0.0,-0.12066315759731117,-0.6425592949385464,77.97474650733594,-63.70001399999998,9.600000974510131,77.96799794480413,-67.46348551523343,0.0,1,-3.197442310920451e-14
2.5833333333333335,2583333,hold_sad_droop,-4.0,0.0,69.0,0.9961946980917455,0.0,0.08715574274765817,0.0,-4.0,0.0,69.0,35.50719729370584,8.494907042713123,0,feet,0.0,-0.20863149580405516,-0.28048015023891226,-39.49964951531304,63.70001399999999,9.600001249710004,-39.50719729370583,59.93459691168532,0.0,1,6.217248937900877e-14,0.0,-0.20863149580405427,-0.2804801797176859,-39.49964951531309,-63.70001399999998,9.600001249709983,-39.507197293705865,-59.93459691168532,0.0,1,4.085620730620576e-14,0.0,-0.12066315759731161,-0.6425592949385468,77.97474650733596,63.70001399999999,9.600000974510145,77.96799794480415,67.46348551523343,0.0,1,-1.7763568394002505e-14,0.0,-0.12066315759731117,-0.6425592949385464,77.97474650733594,-63.70001399999998,9.600000974510131,77.96799794480413,-67.46348551523343,0.0,1,-3.197442310920451e-14
2.591666666666667,2591667,hold_sad_droop,-4.0,0.0,69.0,0.9961946980917455,0.0,0.08715574274765817,0.0,-4.0,0.0,69.0,35.50719729370584,8.494907042713123,0,feet,0.0,-0.20863149580405516,-0.28048015023891226,-39.49964951531304,63.70001399999999,9.600001249710004,-39.50719729370583,59.93459691168532,0.0,1,6.217248937900877e-14,0.0,-0.20863149580405427,-0.2804801797176859,-39.49964951531309,-63.70001399999998,9.600001249709983,-39.507197293705865,-59.93459691168532,0.0,1,4.085620730620576e-14,0.0,-0.12066315759731161,-0.6425592949385468,77.97474650733596,63.70001399999999,9.600000974510145,77.96799794480415,67.46348551523343,0.0,1,-1.7763568394002505e-14,0.0,-0.12066315759731117,-0.6425592949385464,77.97474650733594,-63.70001399999998,9.600000974510131,77.96799794480413,-67.46348551523343,0.0,1,-3.197442310920451e-14
2.6,2600000,hold_sad_droop,-4.0,0.0,69.0,0.9961946980917455,0.0,0.08715574274765817,0.0,-4.0,0.0,69.0,35.50719729370584,8.494907042713123,0,feet,0.0,-0.20863149580405516,-0.28048015023891226,-39.49964951531304,63.70001399999999,9.600001249710004,-39.50719729370583,59.93459691168532,0.0,1,6.217248937900877e-14,0.0,-0.20863149580405427,-0.2804801797176859,-39.49964951531309,-63.70001399999998,9.600001249709983,-39.507197293705865,-59.93459691168532,0.0,1,4.085620730620576e-14,0.0,-0.12066315759731161,-0.6425592949385468,77.97474650733596,63.70001399999999,9.600000974510145,77.96799794480415,67.46348551523343,0.0,1,-1.7763568394002505e-14,0.0,-0.12066315759731117,-0.6425592949385464,77.97474650733594,-63.70001399999998,9.600000974510131,77.96799794480413,-67.46348551523343,0.0,1,-3.197442310920451e-14
2.6083333333333334,2608333,hold_sad_droop,-4.0,0.0,69.0,0.9961946980917455,0.0,0.08715574274765817,0.0,-4.0,0.0,69.0,35.50719729370584,8.494907042713123,0,feet,0.0,-0.20863149580405516,-0.28048015023891226,-39.49964951531304,63.70001399999999,9.600001249710004,-39.50719729370583,59.93459691168532,0.0,1,6.217248937900877e-14,0.0,-0.20863149580405427,-0.2804801797176859,-39.49964951531309,-63.70001399999998,9.600001249709983,-39.507197293705865,-59.93459691168532,0.0,1,4.085620730620576e-14,0.0,-0.12066315759731161,-0.6425592949385468,77.97474650733596,63.70001399999999,9.600000974510145,77.96799794480415,67.46348551523343,0.0,1,-1.7763568394002505e-14,0.0,-0.12066315759731117,-0.6425592949385464,77.97474650733594,-63.70001399999998,9.600000974510131,77.96799794480413,-67.46348551523343,0.0,1,-3.197442310920451e-14
2.6166666666666667,2616667,hold_sad_droop,-4.0,0.0,69.0,0.9961946980917455,0.0,0.08715574274765817,0.0,-4.0,0.0,69.0,35.50719729370584,8.494907042713123,0,feet,0.0,-0.20863149580405516,-0.28048015023891226,-39.49964951531304,63.70001399999999,9.600001249710004,-39.50719729370583,59.93459691168532,0.0,1,6.217248937900877e-14,0.0,-0.20863149580405427,-0.2804801797176859,-39.49964951531309,-63.70001399999998,9.600001249709983,-39.507197293705865,-59.93459691168532,0.0,1,4.085620730620576e-14,0.0,-0.12066315759731161,-0.6425592949385468,77.97474650733596,63.70001399999999,9.600000974510145,77.96799794480415,67.46348551523343,0.0,1,-1.7763568394002505e-14,0.0,-0.12066315759731117,-0.6425592949385464,77.97474650733594,-63.70001399999998,9.600000974510131,77.96799794480413,-67.46348551523343,0.0,1,-3.197442310920451e-14
2.625,2625000,hold_sad_droop,-4.0,0.0,69.0,0.9961946980917455,0.0,0.08715574274765817,0.0,-4.0,0.0,69.0,35.50719729370584,8.494907042713123,0,feet,0.0,-0.20863149580405516,-0.28048015023891226,-39.49964951531304,63.70001399999999,9.600001249710004,-39.50719729370583,59.93459691168532,0.0,1,6.217248937900877e-14,0.0,-0.20863149580405427,-0.2804801797176859,-39.49964951531309,-63.70001399999998,9.600001249709983,-39.507197293705865,-59.93459691168532,0.0,1,4.085620730620576e-14,0.0,-0.12066315759731161,-0.6425592949385468,77.97474650733596,63.70001399999999,9.600000974510145,77.96799794480415,67.46348551523343,0.0,1,-1.7763568394002505e-14,0.0,-0.12066315759731117,-0.6425592949385464,77.97474650733594,-63.70001399999998,9.600000974510131,77.96799794480413,-67.46348551523343,0.0,1,-3.197442310920451e-14
2.6333333333333333,2633333,hold_sad_droop,-4.0,0.0,69.0,0.9961946980917455,0.0,0.08715574274765817,0.0,-4.0,0.0,69.0,35.50719729370584,8.494907042713123,0,feet,0.0,-0.20863149580405516,-0.28048015023891226,-39.49964951531304,63.70001399999999,9.600001249710004,-39.50719729370583,59.93459691168532,0.0,1,6.217248937900877e-14,0.0,-0.20863149580405427,-0.2804801797176859,-39.49964951531309,-63.70001399999998,9.600001249709983,-39.507197293705865,-59.93459691168532,0.0,1,4.085620730620576e-14,0.0,-0.12066315759731161,-0.6425592949385468,77.97474650733596,63.70001399999999,9.600000974510145,77.96799794480415,67.46348551523343,0.0,1,-1.7763568394002505e-14,0.0,-0.12066315759731117,-0.6425592949385464,77.97474650733594,-63.70001399999998,9.600000974510131,77.96799794480413,-67.46348551523343,0.0,1,-3.197442310920451e-14
2.6416666666666666,2641667,hold_sad_droop,-4.0,0.0,69.0,0.9961946980917455,0.0,0.08715574274765817,0.0,-4.0,0.0,69.0,35.50719729370584,8.494907042713123,0,feet,0.0,-0.20863149580405516,-0.28048015023891226,-39.49964951531304,63.70001399999999,9.600001249710004,-39.50719729370583,59.93459691168532,0.0,1,6.217248937900877e-14,0.0,-0.20863149580405427,-0.2804801797176859,-39.49964951531309,-63.70001399999998,9.600001249709983,-39.507197293705865,-59.93459691168532,0.0,1,4.085620730620576e-14,0.0,-0.12066315759731161,-0.6425592949385468,77.97474650733596,63.70001399999999,9.600000974510145,77.96799794480415,67.46348551523343,0.0,1,-1.7763568394002505e-14,0.0,-0.12066315759731117,-0.6425592949385464,77.97474650733594,-63.70001399999998,9.600000974510131,77.96799794480413,-67.46348551523343,0.0,1,-3.197442310920451e-14
2.65,2650000,hold_sad_droop,-4.0,0.0,69.0,0.9961946980917455,0.0,0.08715574274765817,0.0,-4.0,0.0,69.0,35.50719729370584,8.494907042713123,0,feet,0.0,-0.20863149580405516,-0.28048015023891226,-39.49964951531304,63.70001399999999,9.600001249710004,-39.50719729370583,59.93459691168532,0.0,1,6.217248937900877e-14,0.0,-0.20863149580405427,-0.2804801797176859,-39.49964951531309,-63.70001399999998,9.600001249709983,-39.507197293705865,-59.93459691168532,0.0,1,4.085620730620576e-14,0.0,-0.12066315759731161,-0.6425592949385468,77.97474650733596,63.70001399999999,9.600000974510145,77.96799794480415,67.46348551523343,0.0,1,-1.7763568394002505e-14,0.0,-0.12066315759731117,-0.6425592949385464,77.97474650733594,-63.70001399999998,9.600000974510131,77.96799794480413,-67.46348551523343,0.0,1,-3.197442310920451e-14
2.658333333333333,2658333,hold_sad_droop,-4.0,0.0,69.0,0.9961946980917455,0.0,0.08715574274765817,0.0,-4.0,0.0,69.0,35.50719729370584,8.494907042713123,0,feet,0.0,-0.20863149580405516,-0.28048015023891226,-39.49964951531304,63.70001399999999,9.600001249710004,-39.50719729370583,59.93459691168532,0.0,1,6.217248937900877e-14,0.0,-0.20863149580405427,-0.2804801797176859,-39.49964951531309,-63.70001399999998,9.600001249709983,-39.507197293705865,-59.93459691168532,0.0,1,4.085620730620576e-14,0.0,-0.12066315759731161,-0.6425592949385468,77.97474650733596,63.70001399999999,9.600000974510145,77.96799794480415,67.46348551523343,0.0,1,-1.7763568394002505e-14,0.0,-0.12066315759731117,-0.6425592949385464,77.97474650733594,-63.70001399999998,9.600000974510131,77.96799794480413,-67.46348551523343,0.0,1,-3.197442310920451e-14
2.6666666666666665,2666667,hold_sad_droop,-4.0,0.0,69.0,0.9961946980917455,0.0,0.08715574274765817,0.0,-4.0,0.0,69.0,35.50719729370584,8.494907042713123,0,feet,0.0,-0.20863149580405516,-0.28048015023891226,-39.49964951531304,63.70001399999999,9.600001249710004,-39.50719729370583,59.93459691168532,0.0,1,6.217248937900877e-14,0.0,-0.20863149580405427,-0.2804801797176859,-39.49964951531309,-63.70001399999998,9.600001249709983,-39.507197293705865,-59.93459691168532,0.0,1,4.085620730620576e-14,0.0,-0.12066315759731161,-0.6425592949385468,77.97474650733596,63.70001399999999,9.600000974510145,77.96799794480415,67.46348551523343,0.0,1,-1.7763568394002505e-14,0.0,-0.12066315759731117,-0.6425592949385464,77.97474650733594,-63.70001399999998,9.600000974510131,77.96799794480413,-67.46348551523343,0.0,1,-3.197442310920451e-14
2.675,2675000,hold_sad_droop,-4.0,0.0,69.0,0.9961946980917455,0.0,0.08715574274765817,0.0,-4.0,0.0,69.0,35.50719729370584,8.494907042713123,0,feet,0.0,-0.20863149580405516,-0.28048015023891226,-39.49964951531304,63.70001399999999,9.600001249710004,-39.50719729370583,59.93459691168532,0.0,1,6.217248937900877e-14,0.0,-0.20863149580405427,-0.2804801797176859,-39.49964951531309,-63.70001399999998,9.600001249709983,-39.507197293705865,-59.93459691168532,0.0,1,4.085620730620576e-14,0.0,-0.12066315759731161,-0.6425592949385468,77.97474650733596,63.70001399999999,9.600000974510145,77.96799794480415,67.46348551523343,0.0,1,-1.7763568394002505e-14,0.0,-0.12066315759731117,-0.6425592949385464,77.97474650733594,-63.70001399999998,9.600000974510131,77.96799794480413,-67.46348551523343,0.0,1,-3.197442310920451e-14
2.683333333333333,2683333,hold_sad_droop,-4.0,0.0,69.0,0.9961946980917455,0.0,0.08715574274765817,0.0,-4.0,0.0,69.0,35.50719729370584,8.494907042713123,0,feet,0.0,-0.20863149580405516,-0.28048015023891226,-39.49964951531304,63.70001399999999,9.600001249710004,-39.50719729370583,59.93459691168532,0.0,1,6.217248937900877e-14,0.0,-0.20863149580405427,-0.2804801797176859,-39.49964951531309,-63.70001399999998,9.600001249709983,-39.507197293705865,-59.93459691168532,0.0,1,4.085620730620576e-14,0.0,-0.12066315759731161,-0.6425592949385468,77.97474650733596,63.70001399999999,9.600000974510145,77.96799794480415,67.46348551523343,0.0,1,-1.7763568394002505e-14,0.0,-0.12066315759731117,-0.6425592949385464,77.97474650733594,-63.70001399999998,9.600000974510131,77.96799794480413,-67.46348551523343,0.0,1,-3.197442310920451e-14
2.691666666666667,2691667,hold_sad_droop,-4.0,0.0,69.0,0.9961946980917455,0.0,0.08715574274765817,0.0,-4.0,0.0,69.0,35.50719729370584,8.494907042713123,0,feet,0.0,-0.20863149580405516,-0.28048015023891226,-39.49964951531304,63.70001399999999,9.600001249710004,-39.50719729370583,59.93459691168532,0.0,1,6.217248937900877e-14,0.0,-0.20863149580405427,-0.2804801797176859,-39.49964951531309,-63.70001399999998,9.600001249709983,-39.507197293705865,-59.93459691168532,0.0,1,4.085620730620576e-14,0.0,-0.12066315759731161,-0.6425592949385468,77.97474650733596,63.70001399999999,9.600000974510145,77.96799794480415,67.46348551523343,0.0,1,-1.7763568394002505e-14,0.0,-0.12066315759731117,-0.6425592949385464,77.97474650733594,-63.70001399999998,9.600000974510131,77.96799794480413,-67.46348551523343,0.0,1,-3.197442310920451e-14
2.7,2700000,hold_sad_droop,-4.0,0.0,69.0,0.9961946980917455,0.0,0.08715574274765817,0.0,-4.0,0.0,69.0,35.50719729370584,8.494907042713123,0,feet,0.0,-0.20863149580405516,-0.28048015023891226,-39.49964951531304,63.70001399999999,9.600001249710004,-39.50719729370583,59.93459691168532,0.0,1,6.217248937900877e-14,0.0,-0.20863149580405427,-0.2804801797176859,-39.49964951531309,-63.70001399999998,9.600001249709983,-39.507197293705865,-59.93459691168532,0.0,1,4.085620730620576e-14,0.0,-0.12066315759731161,-0.6425592949385468,77.97474650733596,63.70001399999999,9.600000974510145,77.96799794480415,67.46348551523343,0.0,1,-1.7763568394002505e-14,0.0,-0.12066315759731117,-0.6425592949385464,77.97474650733594,-63.70001399999998,9.600000974510131,77.96799794480413,-67.46348551523343,0.0,1,-3.197442310920451e-14
2.7083333333333335,2708333,left_front_slump,-4.0,1.6571980131000674e-05,68.99998342801987,0.996194698091599,4.574110270409667e-07,0.0871557427475213,-3.259478055411345e-07,-4.0,1.6571980131000674e-05,68.99998342801987,35.50719729370584,8.494895556186847,0,feet,-1.3684233897137688e-06,-0.2086309612567092,-0.28047959351284923,-39.499643234803756,63.700018730139085,9.599999389461964,-39.50719729370583,59.93459691168532,0.0,1,2.3092638912203256e-14,-1.3684240585121188e-06,-0.20863143878648938,-0.2804812576485096,-39.499659942905524,-63.70000926984632,9.60000311321378,-39.507197293705865,-59.93459691168532,0.0,1,-1.0658141036401503e-14,-2.935221741218186e-07,-0.12066245761567318,-0.6425584204559844,77.97475251506478,63.700008566987805,9.599998840388956,77.96799794480415,67.46348551523343,0.0,1,-3.730349362740526e-14,-2.9352126240667076e-07,-0.1206634773464681,-0.6425605820088252,77.97473646090215,-63.7000194330094,9.600003111458697,77.96799794480413,-67.46348551523343,0.0,1,3.375077994860476e-14
2.716666666666667,2716667,left_front_slump,-4.0,0.00013020001219362596,68.9998697999878,0.996194698082711,3.5937118453668475e-06,0.08715574273921046,-2.5608531943798983e-06,-4.0,0.00013020001219362596,68.9998697999878,35.4980961295987,8.494816798132916,0,feet,-1.0751192907498819e-05,-0.2086270179153411,-0.2804760213228987,-39.499602121545124,63.70005116271457,9.60000222163282,-39.48803325893248,66.27374631292423,0.0,1,-8.881784197001252e-15,-1.0751233396444349e-05,-0.20863104790295983,-0.28048864859612266,-39.49973144085134,-63.69997683640245,9.600015890400456,-39.507197293705865,-59.93459691168532,0.0,1,-5.329070518200751e-15,-2.3061119822642695e-06,-0.12065765812438833,-0.6425524244278349,77.97479370777513,63.69997131471171,9.599984207265265,77.96799794480415,67.46348551523343,0.0,1,-1.0658141036401503e-14,-2.3060556988419023e-06,-0.120665669816725,-0.642569406965023,77.97466757590499,-63.700056685116344,9.600017763334122,77.96799794480413,-67.46348551523343,0.0,1,1.2434497875801753e-14
2.725,2725000,left_front_slump,-4.0,0.00043148409144999096,68.99956851590855,0.9961946979925229,1.1909595585547258e-05,0.08715574265487987,-8.48669209185444e-06,-4.0,0.00043148409144999096,68.99956851590855,35.49809608385039,8.494607978980483,0,feet,-3.562715067717548e-05,-0.2086152475094245,-0.2804662317575657,-39.49954722760523,63.7001373053227,9.600025381459602,-39.48803325893248,66.27374631292423,0.0,1,3.907985046680551e-14,-3.562990134708954e-05,-0.20863001202800202,-0.2805082453857848,-39.49992101507101,-63.699890835060685,9.600049767512942,-39.507197293705865,-59.93459691168532,0.0,1,8.881784197001252e-15,-7.642603568669415e-06,-0.12064464257851126,-0.6425368404420659,77.97489984957389,63.69987253974139,9.599970681698665,78.00913867855418,61.530236269951835,0.0,1,8.526512829121202e-14,-7.641992349149973e-06,-0.12067148370305736,-0.6425928061513657,77.97448492553212,-63.70015545835946,9.600056609300651,77.96799794480413,-67.46348551523343,0.0,1,5.5067062021407764e-14
2.7333333333333334,2733333,left_front_slump,-4.0,0.0010041377527147343,68.99899586224728,0.9961946975543826,2.771567893531365e-05,0.08715574224519593,-1.9749993316800852e-05,-4.0,0.0010041377527147343,68.99899586224728,35.49809599689612,8.494211103870143,0,feet,-8.29087613101187e-05,-0.20859287666074877,-0.2804476239837834,-39.49944288174888,63.70030103123559,9.600069396770671,-39.48803325893248,66.27374631292423,0.0,1,4.973799150320701e-14,-8.291784487424181e-05,-0.20862804533400237,-0.28054549213568336,-39.50028133197286,-63.69972735443464,9.600114151973422,-39.507197293705865,-59.93459691168532,0.0,1,7.105427357601002e-14,-1.7768174283450122e-05,-0.12062227014887528,-0.6425093941055193,77.97521935033232,63.69968558534102,9.60001406651049,78.00913867855418,61.530236269951835,0.0,1,1.5987211554602254e-14,-1.778291164633572e-05,-0.12068253647270488,-0.64263728067949,77.97413775135253,-63.70034319562404,9.600130430614229,77.96799794480413,-67.46348551523343,0.0,1,-3.730349362740526e-14
2.7416666666666667,2741667,left_front_slump,-4.0,0.0019251602318662048,68.99807483976814,0.9961946961165283,5.313725402894921e-05,0.08715574090072749,-3.7865224737823794e-05,-4.0,0.0019251602318662048,68.99807483976814,35.49809585704398,8.493572874479,0,feet,-0.00015895270411014906,-0.208556900220235,-0.28041769455042864,-39.49927503493164,63.70056434131316,9.600140175205674,-39.48803325893248,66.27374631292423,0.0,1,-1.5987211554602254e-14,-0.00015897522140484455,-0.2086248882771553,-0.2806053946932816,-39.50086082054015,-63.69946437503386,9.600217687369948,-39.507197293705865,-59.93459691168532,0.0,1,1.0658141036401503e-14,-3.4054742995781595e-05,-0.12058628980100794,-0.6424652492657992,77.97573320739914,63.69938487944424,9.600083818097708,78.00913867855418,61.530236269951835,0.0,1,-6.394884621840902e-14,-3.408981156471924e-05,-0.12070031930400749,-0.6427088094133935,77.97357935265207,-63.700645135633025,9.600249123080125,77.96799794480413,-67.46348551523343,0.0,1,-7.105427357601002e-15
2.75,2750000,left_front_slump,-4.0,0.0032650086273576483,68.99673499137265,0.996194692410419,9.011904029433354e-05,0.08715573743532265,-6.42181793877867e-05,-4.0,0.0032650086273576483,68.99673499137265,35.498095653595456,8.4926445953475,0,feet,-0.0002695746366239149,-0.20850457159163938,-0.280374151073834,-39.49903081062021,63.700947351501085,9.60024311036483,-39.48803325893248,66.27374631292423,0.0,1,2.3092638912203256e-14,-0.00026962384949325013,-0.20862030891922778,-0.28069253090974877,-39.50170377308315,-63.699081705346494,9.600368267513993,-39.507197293705865,-59.93459691168532,0.0,1,7.283063041541027e-14,-5.7750102275822e-05,-0.12053395248398546,-0.6424010261063571,77.97648071572172,63.698947387714355,9.600185231297637,78.00913867855418,61.530236269951835,0.0,1,-1.0658141036401503e-14,-5.780515769693295e-05,-0.1207262023696476,-0.6428128618725419,77.97276697442884,-63.70108436763043,9.600421707432375,77.96799794480413,-67.46348551523343,0.0,1,4.263256414560601e-14
2.7583333333333333,2758333,left_front_slump,-4.0,0.005087770061728394,68.99491222993827,0.9961946842962901,0.00014042993621820148,0.08715572984819074,-0.00010006936149760661,-4.0,0.005087770061728394,68.99491222993827,35.49809537681928,8.49138208272717,0,feet,-0.00042006305542985345,-0.20843339722577703,-0.2803149060261658,-39.49869846543754,63.70146833612535,9.60038309046034,-39.48803325893248,66.27374631292423,0.0,1,5.5067062021407764e-14,-0.00042016219922436093,-0.20861410443729023,-0.28081106082405993,-39.50285044523469,-63.69856091647283,9.600573049976575,-39.507197293705865,-59.93459691168532,0.0,1,4.618527782440651e-14,-8.99907201716843e-05,-0.12046233308084497,-0.6423141116362112,77.97749306769941,63.698352132014705,9.600360339607548,77.92238588012799,60.72942918762295,0.0,1,2.4868995751603507e-14,-9.005483333091036e-05,-0.12076144031321379,-0.6429544110896352,77.9716616946382,-63.70168188589241,9.60065633854682,77.96799794480413,-67.46348551523343,0.0,1,-2.842170943040401e-14
2.7666666666666666,2766667,left_front_slump,-4.0,0.007451333843115044,68.99254866615688,0.9961946685014615,0.0002056677709784052,0.08715571507920561,-0.0001465573723988262,-4.0,0.007451333843115044,68.99254866615688,35.49809501792527,8.489745574228749,0,feet,-0.0006151931467006655,-0.20834113114928066,-0.28023807050755956,-39.49826734959949,63.70214377100642,9.60056450683716,-39.48803325893248,66.27374631292423,0.0,1,6.039613253960852e-14,-0.0006153804055157863,-0.20860610269297641,-0.28096473681905865,-39.50433715568756,-63.69788527630268,9.600838469462438,-39.507197293705865,-59.93459691168532,0.0,1,2.842170943040401e-14,-0.00013196121298042485,-0.12037114229498913,-0.6422022534588749,77.97887470766537,63.69757320612852,9.600593158755302,77.92238588012799,60.72942918762295,0.0,1,-4.440892098500626e-14,-0.00013185005519833481,-0.12080717778801375,-0.6431379464548748,77.97022831119845,-63.70245664418575,9.600960314274651,77.96799794480413,-67.46348551523343,0.0,1,-2.842170943040401e-14
2.775,2775000,left_front_slump,-4.0,0.010407563626762657,68.98959243637324,0.9961946403647127,0.0002872640558842243,0.08715568876988389,-0.0002047022962367936,-4.0,0.010407563626762657,68.98959243637324,35.49809456903823,8.487699637794464,0,feet,-0.000859240645008974,-0.2082257694639198,-0.28014194803505976,-39.49772786757077,63.70298837669698,9.600791262601135,-39.48803325893248,66.27374631292423,0.0,1,1.0658141036401503e-14,-0.0008595752642164278,-0.20859616375109002,-0.2811569138029917,-39.506196386099155,-63.69703968408902,9.601170251325314,-39.507197293705865,-59.93459691168532,0.0,1,-7.105427357601002e-15,-0.000184469136515375,-0.12025710933890021,-0.6420623266663759,77.98060268766423,63.69659872685175,9.600884054656653,77.92238588012799,60.72942918762295,0.0,1,2.842170943040401e-14,-0.00018408931086089098,-0.1208644549457829,-0.6433674865741565,77.9684352291963,-63.703425610275225,9.601340084570197,77.96799794480413,-67.46348551523343,0.0,1,2.1316282072803006e-14
2.783333333333333,2783333,left_front_slump,-4.0,0.014002469576535935,68.98599753042346,0.9961945935979858,0.00038648873556315226,0.08715564504056503,-0.0002754090854336996,-4.0,0.014002469576535935,68.98599753042346,35.498094023171774,8.484811497013595,0,feet,-0.0011559957159668066,-0.20808554476232732,-0.280025028376397,-39.497071439305266,63.704015162099815,9.601066781557563,-39.48803325893248,66.27374631292423,0.0,1,-1.5987211554602254e-14,-0.001156565177184099,-0.20858418125432987,-0.28139055946182134,-39.508456881522356,-63.696010606138884,9.601573425484986,-39.507197293705865,-59.93459691168532,0.0,1,3.019806626980426e-14,-0.00024834098376302904,-0.12011847619767035,-0.6418921394648236,77.98270382638135,63.69541336228981,9.60123734334028,77.92238588012799,60.72942918762295,0.0,1,-2.4868995751603507e-14,-0.0002475603647784652,-0.12093421278041294,-0.6436465921644832,77.96625434866264,-63.70460382056701,9.60180126148419,77.96799794480413,-67.46348551523343,0.0,1,-3.197442310920451e-14
2.7916666666666665,2791667,left_front_slump,-4.0,0.018276380526430422,68.98172361947357,0.9961945200747551,0.0005044549388355436,0.08715557629252553,-0.00035947094584363765,-4.0,0.018276380526430422,68.98172361947357,35.49809337420218,8.479364066530067,0,feet,-0.0015087768756267828,-0.2079189204152745,-0.2798859814519603,-39.49629046237138,63.705235468678005,9.601394017627428,-39.48803325893248,66.27374631292423,0.0,1,3.197442310920451e-14,-0.00150970501834502,-0.20857008357685425,-0.2816682646199542,-39.5111437516563,-63.694786013220316,9.602052340959766,-39.507197293705865,-59.93459691168532,0.0,1,3.197442310920451e-14,-0.0003243053317603106,-0.11995370944377104,-0.6416897644477428,77.98520159714126,63.694003599933005,9.601656713387555,77.92238588012799,60.72942918762295,0.0,1,4.440892098500626e-14,-0.00032294237186025754,-0.1210172982480251,-0.643978379005997,77.96366095322703,-63.706004434959205,9.602348630493992,77.96799794480413,-67.46348551523343,0.0,1,-6.750155989720952e-14
2.8,2800000,left_front_slump,-4.0,0.023264116142083652,68.97673588385791,0.9961944096526189,0.0006421237292269329,0.08715547304209324,-0.00045757272155016955,-4.0,0.023264116142083652,68.97673588385791,35.49809261684228,8.47300953770592,0,feet,-0.0019204449571126325,-0.20772458469410982,-0.27972365132387544,-39.495378275209575,63.706659015428194,9.601775464877356,-39.48803325893248,66.27374631292423,0.0,1,1.2434497875801753e-14,-0.001921900898091522,-0.2085538346940723,-0.2819922537398156,-39.514278573157256,-63.69335532016983,9.602610681189354,-39.507197293705865,-59.93459691168532,0.0,1,1.9539925233402755e-14,-0.0004129961745684696,-0.11976149410917847,-0.641453530029187,77.98811622615223,63.69235768501037,9.602145236516023,77.92238588012799,60.72942918762295,0.0,1,-3.375077994860476e-14,-0.0004108081107583317,-0.12111445437338775,-0.6443655469958052,77.96063344283874,-63.70763879198978,9.602987451155023,77.95161100010196,-67.46076910097912,0.0,1,-2.842170943040401e-14
2.808333333333333,2808333,left_front_slump,-4.0,0.028995159082286406,68.97100484091771,0.9961942500360225,0.0008003088550812721,0.08715532379228641,-0.0005702942792701288,-4.0,0.028995159082286406,68.97100484091771,35.4980917466153,8.465711638243143,0,feet,-0.0023934171326547293,-0.2075014446999739,-0.27953705028696785,-39.49432912171237,63.708293944751645,9.602213168270104,-39.48803325893248,66.27374631292423,0.0,1,1.0658141036401503e-14,-0.0023956248083010223,-0.20853543471977343,-0.2823643955840378,-39.517879493195906,-63.69170932807924,9.603251480282943,-39.507197293705865,-59.93459691168532,0.0,1,3.375077994860476e-14,-0.0005149561915316347,-0.11954072744542676,-0.641182011973795,77.99146479122719,63.690465560000405,9.60270537961393,77.92238588012799,60.72942918762295,0.0,1,1.2434497875801753e-14,-0.0005116982485531274,-0.12122630353744368,-0.6448103837510857,77.95715263060222,-63.70951963731516,9.60372496792057,77.95161100010196,-67.46076910097912,0.0,1,1.4210854715202004e-14
2.816666666666667,2816667,left_front_slump,-4.0,0.035493827160493825,68.9645061728395,0.9961940266835013,0.0009796814992559318,0.08715511494608161,-0.0006981138923447692,-4.0,0.035493827160493825,68.9645061728395,35.49809075982872,8.457440937510754,0,feet,-0.002929680997125317,-0.20724862007868072,-0.27932535307246287,-39.4931381172688,63.71014686932351,9.60270873521332,-39.48803325893248,66.27374631292423,0.0,1,3.552713678800501e-14,-0.002932929134765949,-0.20851492007427863,-0.2827862140578232,-39.521961334400764,-63.689840169342745,9.603977140293736,-39.507197293705865,-59.93459691168532,0.0,1,3.552713678800501e-14,-0.0006306399437963073,-0.1192905125591559,-0.6408740250342966,77.99526132103273,63.68831880542422,9.603339018380495,77.92238588012799,60.72942918762295,0.0,1,8.348877145181177e-14,-0.0006259182178633971,-0.12135349287915798,-0.6453147174193887,77.95320419194317,-63.71165208765399,9.604559104399577,77.95161100010196,-67.46076910097912,0.0,1,7.105427357601002e-15
2.825,2825000,left_front_slump,-4.0,0.042779445506336645,68.95722055449366,0.9961937227624403,0.0011807750284001683,0.08715483076411136,-0.0008414116243199302,-4.0,0.042779445506336645,68.95722055449366,35.506953487884864,8.448174631837126,0,feet,-0.003530808717249201,-0.20696543650690646,-0.2790878911717125,-39.49180121636668,63.71222292003025,9.603263347961736,-39.48803325893248,66.27374631292423,0.0,1,7.283063041541027e-14,-0.003535461053257194,-0.2084923371086438,-0.28325892229654714,-39.52653588499308,-63.68774125528296,9.604790919132355,-39.524090562975545,-59.93652480087871,0.0,1,2.4868995751603507e-14,-0.0007604169943582484,-0.1190101519145581,-0.6405286147036784,77.99951689490689,63.6859105820059,9.604047452683325,77.92238588012799,60.72942918762295,0.0,1,-1.9539925233402755e-14,-0.0007537372592647529,-0.1214965377284436,-0.6458800153302247,77.94877585061501,-63.71404236297177,9.605491513733,77.95161100010196,-67.46076910097912,0.0,1,-1.0658141036401503e-14
2.8333333333333335,2833333,left_front_slump,-4.0,0.05086651872713235,68.94913348127287,0.9961933191530709,0.001403989741841662,0.08715445336840241,-0.0010004727121395028,-4.0,0.05086651872713235,68.94913348127287,35.50695117747032,8.437896324356274,0,feet,-0.004197971248917298,-0.20665141894143835,-0.2788241472838564,-39.49031518180354,63.714525795018034,9.603877776903786,-39.48803325893248,66.27374631292423,0.0,1,2.3092638912203256e-14,-0.004204531366633457,-0.20846774633526444,-0.2837834372979251,-39.531611539441315,-63.68541074761951,9.605698155828293,-39.524090562975545,-59.93652480087871,0.0,1,3.552713678800501e-14,-0.0009045749489575705,-0.11869914069760013,-0.640145049086057,78.00423974326968,63.68323557424733,9.604831423694705,77.92238588012799,60.72942918762295,0.0,1,2.3092638912203256e-14,-0.0008953287854089886,-0.12165580432889911,-0.6465074484662958,77.94385736783832,-63.716695083539136,9.606529737691048,77.93589713783665,-67.45731075216628,0.0,1,-1.0658141036401503e-14
2.841666666666667,2841667,left_front_slump,-4.0,0.05976490306939643,68.9402350969306,0.9961927945022748,0.001649597620129615,0.08715396279268607,-0.001175490949000037,-4.0,0.05976490306939643,68.9402350969306,35.50694863527043,8.426595799344568,0,feet,-0.004931952623461022,-0.20630628462885348,-0.2785337498882914,-39.48867755551653,63.71705780986948,9.604552394743834,-39.48803325893248,66.27374631292423,0.0,1,-1.5987211554602254e-14,-0.004940970104113429,-0.20844135386654639,-0.28436025222843364,-39.537193738047336,-63.68284130282931,9.606694563774589,-39.524090562975545,-59.93652480087871,0.0,1,3.907985046680551e-14,-0.0010633224170604194,-0.1183571600400306,-0.6397228108874993,78.00943534863734,63.68028993543117,9.605691132825527,77.92238588012799,60.72942918762295,0.0,1,-4.263256414560601e-14,-0.0010508816918992636,-0.12183169195800758,-0.6471976497641387,77.93844160035931,-63.71961806105071,9.607670342974686,77.93589713783665,-67.45731075216628,0.0,1,1.0658141036401503e-14
2.85,2850000,left_front_slump,-4.0,0.06947997858035342,68.93052002141965,0.996192125326722,0.0019177470733065327,0.0871533370788375,-0.0013665720669376446,-4.0,0.06947997858035342,68.93052002141965,35.51554382193355,8.414268791098863,0,feet,-0.005733164302301752,-0.20592993587799846,-0.2782164679400081,-39.48688663100638,63.71981994890575,9.605287191571428,-39.48803325893248,66.27374631292423,0.0,1,1.0658141036401503e-14,-0.005745293527429585,-0.20841331813296815,-0.284989638767299,-39.54328520481263,-63.68002989153205,9.607781164362848,-39.54048570981817,-59.939189948802074,0.0,1,-5.329070518200751e-15,-0.0012367918938616107,-0.11798407010400558,-0.6392615895255407,78.01510654724355,63.67707123403509,9.60662626244411,77.92238588012799,60.72942918762295,0.0,1,6.394884621840902e-14,-0.0012202907986078593,-0.12202454003172392,-0.6479510045719361,77.93252557727722,-63.722808591380684,9.60891069739177,77.93589713783665,-67.45731075216628,0.0,1,-2.4868995751603507e-14
2.8583333333333334,2858333,left_front_slump,-4.0,0.08001282126944828,68.91998717873055,0.9961912861639333,0.0022084676890031557,0.08715255241812983,-0.0015737371192404194,-4.0,0.08001282126944828,68.91998717873055,35.51553944462182,8.400916747510394,0,feet,-0.006601659598144405,-0.20552245260218793,-0.27787220568338444,-39.48494142729607,63.72281191758851,9.606081790793837,-39.48803325893248,66.27374631292423,0.0,1,2.3092638912203256e-14,-0.006617737732696138,-0.2083837628113585,-0.2856716551970253,-39.54988560950864,-63.67697902262248,9.608964288522266,-39.54048570981817,-59.939189948802074,0.0,1,-1.5987211554602254e-14,-0.0014250425658000054,-0.1175799030306659,-0.6387612733537802,78.02125363125644,63.673578401511804,9.607635998325037,77.92238588012799,60.72942918762295,0.0,1,-1.4210854715202004e-14,-0.0014034626907677428,-0.12223451693359477,-0.6487676212080382,77.92610706106629,-63.72626684027382,9.610255682189695,77.92101078736077,-67.45314585964564,0.0,1,-6.750155989720952e-14
2.8666666666666667,2866667,left_front_slump,-4.0,0.09136037526985742,68.90863962473014,0.9961902497690397,0.0025216749804709915,0.08715158333521508,-0.0017969258627992851,-4.0,0.09136037526985742,68.90863962473014,35.51553472872673,8.386546588579371,0,feet,-0.007537148159725504,-0.20508408464200878,-0.27750099757776914,-39.48284166433749,63.72603219598205,9.606935465892803,-39.48803325893248,66.27374631292423,0.0,1,-3.552713678800501e-15,-0.00755807033241318,-0.2083530141594756,-0.2864058996160743,-39.55699216975154,-63.6736837326738,9.610235893649353,-39.54048570981817,-59.939189948802074,0.0,1,2.3092638912203256e-14,-0.0016280630434293286,-0.11714485575823685,-0.6382219419960244,78.02787445157666,63.669811681366006,9.608719053752644,77.92238588012799,60.72942918762295,0.0,1,-4.796163466380676e-14,-0.0016003532548660715,-0.12246176472957826,-0.6496471557257681,77.91918547624516,-63.72999733291302,9.611703950324838,77.90709045024761,-67.44832533857964,0.0,1,-5.3290705182007514e-14
2.875,2875000,left_front_slump,-4.0,0.103515625,68.896484375,0.996188987354278,0.00285717513468373,0.08715040291206708,-0.002036000140526807,-4.0,0.103515625,68.896484375,35.523773900973026,8.371170460195678,0,feet,-0.00853901051615713,-0.20461524388315544,-0.27710300332628046,-39.48058773975296,63.729478093217736,9.607847157953017,-39.48803325893248,66.27374631292423,0.0,1,5.329070518200751e-15,-0.00856580069872237,-0.20832127374691112,-0.2871918547908803,-39.56459992988508,-63.67014418333952,9.611597921467627,-39.55621658349227,-59.94256734123544,0.0,1,-2.4868995751603507e-14,-0.0018457736705723704,-0.11667921943963755,-0.6376439267228098,78.03496385832558,63.6657725788246,9.609879167264808,77.85887634862162,60.48548511588986,0.0,1,7.105427357601002e-15,-0.001810719996020893,-0.12270633504592166,-0.6505890478114233,77.91176308829037,-63.73399797703306,9.613257132407867,77.90709045024761,-67.44832533857964,0.0,1,3.907985046680551e-14
2.8833333333333333,2883333,left_front_slump,-4.0,0.11646776732504904,68.88353223267495,0.996187468867637,0.003214669760651641,0.08714898304853265,-0.0022907472639861525,-4.0,0.11646776732504904,68.88353223267495,35.523766904096234,8.354805483580549,0,feet,-0.0096063126760213,-0.20411649618673522,-0.2766785029975498,-39.47818070677774,63.73314580289145,9.608815493898739,-39.48803325893248,66.27374631292423,0.0,1,5.861977570020827e-14,-0.009640210661750803,-0.20828882240503788,-0.28802873036396814,-39.572699994477134,-63.66636675754049,9.613051555179467,-39.55621658349227,-59.94256734123544,0.0,1,6.572520305780927e-14,-0.0020786352009416476,-0.11618566085128901,-0.6370297722708718,78.0426229074795,63.661436126115134,9.611169811743046,77.85887634862162,60.48548511588986,0.0,1,2.1316282072803006e-14,-0.0020341153163343506,-0.12296841137374726,-0.6515923456428268,77.90384830171487,-63.73825963351263,9.614903265729673,77.8942770445732,-67.44288537420614,0.0,1,1.4210854715202004e-14
2.8916666666666666,2891667,left_front_slump,-4.0,0.1302023837184426,68.86979761628156,0.9961856633065345,0.003593760638101429,0.08714729475563918,-0.0025608833963806283,-4.0,0.1302023837184426,68.86979761628156,35.52375948451913,8.33747350084245,0,feet,-0.010737820775659657,-0.20358855315209068,-0.27622789222878597,-39.47562225325025,63.737030459311086,9.609838805365868,-39.48803325893248,66.27374631292423,0.0,1,-8.881784197001252e-15,-0.010780128792370114,-0.20825602335975368,-0.28891538914470516,-39.581282893962204,-63.662348674691096,9.614588525236137,-39.55621658349227,-59.94256734123544,0.0,1,-2.1316282072803006e-14,-0.002325868694362576,-0.11566284704716878,-0.6363780501685583,78.05074202352644,63.65683213844986,9.612531320765392,77.85887634862162,60.48548511588986,0.0,1,-5.684341886080802e-14,-0.002270280318579232,-0.12324780680462544,-0.6526559330542874,77.89544501754764,-63.742783305738456,9.616649708483315,77.8942770445732,-67.44288537420614,0.0,1,4.796163466380676e-14
2.9,2900000,left_front_slump,-4.0,0.144701612423395,68.85529838757661,0.996183539061962,0.0039939544666773895,0.08714530847739023,-0.002846056936057573,-4.0,0.144701612423395,68.85529838757661,35.52375165189082,8.319200817150566,0,feet,-0.011932015770458548,-0.20303226373429029,-0.2757516774974156,-39.47291468148368,63.741126194502556,9.610915148128818,-39.48803325893248,66.27374631292423,0.0,1,1.7763568394002505e-15,-0.011984177791507733,-0.20822319929038935,-0.28985054411238975,-39.59033631344542,-63.658093001679326,9.61620605586527,-39.55621658349227,-59.94256734123544,0.0,1,2.3092638912203256e-14,-0.0025872051696333997,-0.11511155652462302,-0.6356895274167718,78.05931017681743,63.6519656442527,9.613960688052408,77.85887634862162,60.48548511588986,0.0,1,-1.4210854715202004e-14,-0.0025186267511254634,-0.12354461153778074,-0.6537782988756486,77.88656661429985,-63.74755722936441,9.618482143670875,77.8942770445732,-67.44288537420614,0.0,1,-6.572520305780927e-14
2.908333333333333,2908333,left_front_slump,-4.0,0.15994432061440816,68.84005567938559,0.9961810642881698,0.004414667615817986,0.08714299443644423,-0.003145851900678658,-4.0,0.15994432061440816,68.84005567938559,35.53155584278758,8.300017940068159,0,feet,-0.01318710816243085,-0.2024486057402184,-0.27525047144766956,-39.47006088884085,63.745426195873165,9.61204232199269,-39.48803325893248,66.27374631292423,0.0,1,7.105427357601002e-15,-0.013250711857780484,-0.20819050651689075,-0.2908328532320801,-39.59984713357873,-63.653603709595856,9.617911162477995,-39.57113857411892,-59.94661477248962,0.0,1,-7.105427357601002e-15,-0.0028623176934674532,-0.11453269450222825,-0.6349651247300665,78.06831439098814,63.646842751838925,9.615454558752745,77.85887634862162,60.48548511588986,0.0,1,-4.085620730620576e-14,-0.0027786337234418923,-0.12385862713927231,-0.6549578102670162,77.8772241627598,-63.752574196516164,9.620401785328852,77.88270100380959,-67.43688501965181,0.0,1,2.3092638912203256e-14
2.9166666666666665,2916667,left_front_slump,-4.0,0.17590627655878247,68.82409372344122,0.9961782072926936,0.0048552308754549476,0.08714032299881272,-0.003459791312201751,-4.0,0.17590627655878247,68.82409372344122,35.531545333206715,8.27995931661981,0,feet,-0.014501052757008193,-0.20183867722846394,-0.2747249882579603,-39.46706434882631,63.74992276442403,9.613217891059954,-39.48803325893248,66.27374631292423,0.0,1,8.881784197001252e-15,-0.014577922472601035,-0.20815851966611776,-0.2918604549139312,-39.60979578980185,-63.6488917581334,9.619691108958847,-39.57113857411892,-59.94661477248962,0.0,1,3.375077994860476e-14,-0.0031508191498552662,-0.11392678989035554,-0.6342064373263532,78.07773471130531,63.64147059525762,9.617051859974815,77.79797558731573,60.24552022080728,0.0,1,3.552713678800501e-15,-0.0030498705868113873,-0.1241895801596824,-0.6561924514372452,77.8674279510641,-63.757832280103095,9.622404491837742,77.87247837417938,-67.4303870690114,0.0,1,-3.730349362740526e-14
2.925,2925000,left_front_slump,-4.0,0.1925603217781282,68.80743967822187,0.996174936941317,0.005314894207669924,0.08713726505252622,-0.003787340582807552,-4.0,0.1925603217781282,68.80743967822187,35.53153436794433,8.258875707826988,0,feet,-0.015871563441640646,-0.20120368783919051,-0.2741760390344643,-39.46392909250578,63.75460737339757,9.614439204273552,-39.48803325893248,66.27374631292423,0.0,1,3.375077994860476e-14,-0.015963573390369135,-0.20812753460258282,-0.2929314674897645,-39.620166046877614,-63.64395706865332,9.621541588666915,-39.57113857411892,-59.94661477248962,0.0,1,1.7763568394002505e-15,-0.00345300996492659,-0.11329850519654405,-0.6334164625615486,78.0876989048123,63.635823222922326,9.618749219299715,77.79797558731573,60.24552022080728,0.0,1,2.6645352591003757e-14,-0.0033317064493956217,-0.12453717408382836,-0.6574800742746256,77.85719250800948,-63.76332207860176,9.62448715970126,77.87247837417938,-67.4303870690114,0.0,1,2.842170943040401e-14
2.933333333333333,2933333,left_front_slump,-4.0,0.20987654320987653,68.79012345679013,0.9961712230724461,0.005792831499426695,0.08713379239509852,-0.004127910901887463,-4.0,0.20987654320987653,68.79012345679013,35.53882973022917,8.235929383912193,0,feet,-0.01729612797861435,-0.20054495008075035,-0.27360452721624773,-39.46065969006096,63.759470727241315,9.615703416137436,-39.48803325893248,66.27374631292423,0.0,1,4.973799150320701e-14,-0.017405289063872953,-0.20809779678180362,-0.2940439205422387,-39.63093878433369,-63.638806210995845,9.623464535036476,-39.58510770194058,-59.95129659363434,0.0,1,3.552713678800501e-14,-0.003767696798393949,-0.11264614209590729,-0.6325943351578891,78.09805488799859,63.629942308735956,9.620502592623325,77.79797558731573,60.24552022080728,0.0,1,1.7763568394002505e-15,-0.00362334108287099,-0.12490125990207313,-0.6588182794886084,77.84653955115623,-63.76902791356909,9.626636416795165,77.87247837417938,-67.4303870690114,0.0,1,6.572520305780927e-14
2.941666666666667,2941667,left_front_slump,-4.0,0.22782244536879104,68.77217755463121,0.9961670369153058,0.006288145316475534,0.08712987812456648,-0.004480862624187959,-4.0,0.22782244536879104,68.77217755463121,35.53881592878453,8.212186042891275,0,feet,-0.018772022804393274,-0.1998638706000131,-0.273011443977365,-39.457261232290115,63.7645028207654,9.617007507514273,-39.48803325893248,66.27374631292423,0.0,1,4.973799150320701e-14,-0.018900575453215662,-0.2080697523884938,-0.295195558646264,-39.64208980316124,-63.633452957597086,9.62545452821945,-39.58510770194058,-59.95129659363434,0.0,1,-3.552713678800501e-15,-0.004094343284783086,-0.11197102941841797,-0.6317415137395321,78.10878270190258,63.62383787723465,9.622307381310549,77.79797558731573,60.24552022080728,0.0,1,1.5987211554602254e-14,-0.003924060001182728,-0.12528141419478533,-0.6602045398046257,77.83548735491539,-63.77493882799367,9.628850532763991,77.86371413990612,-67.42344962991251,0.0,1,-1.4210854715202004e-14
2.95,2950000,left_front_slump,-4.0,0.2463631225084786,68.75363687749152,0.996162351506385,0.006799871658500845,0.08712549702889096,-0.004845508659181657,-4.0,0.2463631225084786,68.75363687749152,35.54553142171921,8.187695765202065,0,feet,-0.02029632782776014,-0.19916194146334032,-0.2723978636116331,-39.45373931186743,63.76969299836978,9.618348306399305,-39.48803325893248,66.27374631292423,0.0,1,3.375077994860476e-14,-0.020446538846685236,-0.20804369086548702,-0.2963839972422355,-39.65359855594244,-63.62789934087637,9.627505679776093,-39.59798330664155,-59.95657987270394,0.0,1,3.552713678800501e-15,-0.004432358940289927,-0.11127395575460497,-0.6308602389711551,78.11985450812142,63.61752079635697,9.62421248950394,77.73640930774546,60.005725519170234,0.0,1,4.973799150320701e-14,-0.004233243024784006,-0.12567709690413986,-0.6616360002832806,77.82405168866052,-63.78104864640597,9.63112311055837,77.86371413990612,-67.42344962991251,0.0,1,4.085620730620576e-14
2.9583333333333335,2958333,left_front_slump,-4.0,0.26546143078290063,68.7345385692171,0.9961571420986233,0.00732698471555451,0.08712062596857052,-0.005221117861706972,-4.0,0.26546143078290063,68.7345385692171,35.54551478657952,8.162511405586898,0,feet,-0.021865941219105345,-0.1984407314747232,-0.2717649388862755,-39.45010000418249,63.775030013215286,9.619722508570796,-39.48803325893248,66.27374631292423,0.0,1,2.4868995751603507e-14,-0.02204028760243526,-0.20801997311513487,-0.29760676780122575,-39.66543814369395,-63.622160552539086,9.629616473776878,-39.59798330664155,-59.95657987270394,0.0,1,-1.7763568394002505e-15,-0.004781957178995988,-0.11056055604268389,-0.6299541271367,78.13141356419457,63.61096333258356,9.626203474643809,77.73640930774546,60.005725519170234,0.0,1,2.842170943040401e-14,-0.004549983929647894,-0.12608793103347837,-0.6631097913733655,77.81225895395306,-63.78733951033514,9.633445890255103,77.85649472150146,-67.41615285013233,0.0,1,2.842170943040401e-14
2.966666666666667,2966667,left_front_slump,-4.0,0.2850781604078841,68.71492183959212,0.9961513865579629,0.007868401625786047,0.08711524424744004,-0.005606918423887264,-4.0,0.2850781604078841,68.71492183959212,35.55158848755416,8.13668831684226,0,feet,-0.02347759418336226,-0.19770187755694257,-0.2711138963512867,-39.44634984758795,63.78050208621298,9.621126698019346,-39.48803325893248,66.27374631292423,0.0,1,4.796163466380676e-14,-0.023678559492075646,-0.20799885592850043,-0.29886121863073933,-39.67758590030509,-63.61624024021777,9.631780563948169,-39.60964581127373,-59.96241005616752,0.0,1,2.1316282072803006e-14,-0.005141656524152882,-0.1098289569524864,-0.6290224644115003,78.14328051480712,63.604216148480425,9.628233607508392,77.73640930774546,60.005725519170234,0.0,1,3.552713678800501e-14,-0.004873588794655159,-0.12651320656983467,-0.664622767210814,77.80012677079452,-63.79380314033056,9.635814859819845,77.85649472150146,-67.41615285013233,0.0,1,-8.881784197001252e-15
2.975,2975000,left_front_slump,-4.0,0.30517220782263343,68.69482779217736,0.9961450657420707,0.008422987234447548,0.08710933396679635,-0.006002101268307763,-4.0,0.30517220782263343,68.69482779217736,35.55156912949281,8.110284075516248,0,feet,-0.025127865709292152,-0.19694707622066687,-0.270446031592142,-39.44249582289666,63.78609696470763,9.622557367061432,-39.48803325893248,66.27374631292423,0.0,1,6.394884621840902e-14,-0.02535811352786732,-0.207980759495614,-0.30014457709424924,-39.690011605023045,-63.61015476195786,9.63399126023046,-39.60964581127373,-59.96241005616752,0.0,1,0.0,-0.005510749533055304,-0.10908078370409946,-0.6280671300496503,78.1554300074491,63.59729249921918,9.630297486067775,77.73640930774546,60.005725519170234,0.0,1,-4.973799150320701e-14,-0.005203118216505764,-0.12695246463073406,-0.6661717365340554,77.7876850293225,-63.80042105098417,9.638219314872728,77.85649472150146,-67.41615285013233,0.0,1,8.526512829121202e-14
2.9833333333333334,2983333,left_front_slump,-4.0,0.3257007478512407,68.67429925214876,0.9961381638562676,0.00898955885411717,0.0871028803582112,-0.006405823442394822,-4.0,0.3257007478512407,68.67429925214876,35.551549352853044,8.083358210104308,0,feet,-0.026813197288114043,-0.1961780751452591,-0.26976270441440375,-39.43854533197893,63.79180198073391,9.62401093604661,-39.48803325893248,66.27374631292423,0.0,1,1.2434497875801753e-14,-0.027075373358937505,-0.207965934788521,-0.3014539384196855,-39.70269064142151,-63.60390946270198,9.636239537984515,-39.60964581127373,-59.96241005616752,0.0,1,4.263256414560601e-14,-0.005888492780581345,-0.10831771785933242,-0.6270900918692734,78.16783568472997,63.59020631736097,9.632389634860445,77.73640930774546,60.005725519170234,0.0,1,4.440892098500626e-14,-0.005537726040574231,-0.12740502186889158,-0.6677533446456008,77.77495925720831,-63.80717894040092,9.640652574677333,77.85649472150146,-67.41615285013233,0.0,1,-4.085620730620576e-14
2.9916666666666667,2991667,left_front_slump,-4.0,0.34661940586419754,68.6533805941358,0.9961306687819823,0.009566891026050942,0.0870958720906509,-0.006817211513908413,-4.0,0.34661940586419754,68.6533805941358,35.5569179714898,8.055971932263745,0,feet,-0.02852990759484575,-0.19539666489361762,-0.26906533394984544,-39.43450617532719,63.79760410872589,9.625483772572622,-39.48803325893248,66.27374631292423,0.0,1,1.4210854715202004e-14,-0.028826714392803154,-0.20795459768559432,-0.3027864015331678,-39.71559487087647,-63.597516139048516,9.638522102386432,-39.6199763385323,-59.968726973475306,0.0,1,1.4210854715202004e-14,-0.006274109457217847,-0.10754148977091926,-0.6260933989584583,78.18047029456787,63.582972164299925,9.634504536768503,77.73640930774546,60.005725519170234,0.0,1,-1.7763568394002505e-15,-0.0058765540828900065,-0.1278701341442683,-0.6693641239002095,77.76197604914029,-63.81406202005005,9.643107935261568,77.85649472150146,-67.41615285013233,0.0,1,-1.7763568394002505e-14
3.0,3000000,left_front_slump,-4.0,0.367882429939906,68.63211757006009,0.996122572373364,0.010153720282539016,0.0870883015478222,-0.007235364967425682,-4.0,0.367882429939906,68.63211757006009,35.55689574832455,8.02818787153312,0,feet,-0.030274207126114838,-0.19460467078184118,-0.268355393674772,-39.43038652846881,63.803490022566734,9.626972210127484,-39.48803325893248,66.27374631292423,0.0,1,3.197442310920451e-14,-0.030608472542964726,-0.2079470168878368,-0.30413901604825755,-39.72869168311415,-63.59099274891064,9.640836771570342,-39.6199763385323,-59.968726973475306,0.0,1,1.7763568394002505e-15,-0.006666792018572565,-0.10675387111439383,-0.6250791743034485,78.1933058000487,63.57560518070225,9.63663666361991,77.73640930774546,60.005725519170234,0.0,1,1.7763568394002505e-15,-0.006218736484135512,-0.12834698701386404,-0.6710005192949713,77.74876285581267,-63.82105507423784,9.645579645688073,77.85090268122538,-67.4085519231407,0.0,1,-1.7763568394002505e-14
3.0083333333333333,3008333,left_front_slump,-4.0,0.3894428630261898,68.61055713697381,0.9961138707180498,0.010748749910110855,0.08708016507199863,-0.0076593596016621135,-4.0,0.3894428630261898,68.61055713697381,35.55687321432065,8.000069814003112,0,feet,-0.03204221278867836,-0.19380394492266007,-0.2676344063324918,-39.42619491712439,63.80944615187071,9.62847256608567,-39.48803325893248,66.27374631292423,0.0,1,1.2434497875801753e-14,-0.03241669867360564,-0.20794338285019665,-0.30550862064888085,-39.74195447784197,-63.58434690719631,9.643172499676169,-39.6199763385323,-59.968726973475306,0.0,1,1.4210854715202004e-14,-0.007065704892144087,-0.10595666751498856,-0.6240496073298631,78.20631348888348,63.56812103583123,9.638780505465647,77.73640930774546,60.005725519170234,0.0,1,-1.7763568394002505e-14,-0.006563504160659317,-0.12883455186797166,-0.6726588074911879,77.7353418462885,-63.828146682061075,9.648062856823245,77.85090268122538,-67.4085519231407,0.0,1,-8.348877145181177e-14
3.0166666666666666,3016667,left_front_slump,-4.0,0.41125271510180583,68.58874728489819,0.9961045643584724,0.011350654713404467,0.0870714631709484,-0.008088250927447884,-4.0,0.41125271510180583,68.58874728489819,35.55685041963514,7.9716824453428785,0,feet,-0.033829962433426175,-0.1929963584596921,-0.26690393875309715,-39.42194019102518,63.81545873739514,9.629981158991129,-39.48803325893248,66.27374631292423,0.0,1,7.105427357601002e-15,-0.03424743015442866,-0.20794385757748923,-0.3068920949808245,-39.75535299612048,-63.577592236028934,9.645523661648156,-39.6199763385323,-59.968726973475306,0.0,1,-8.881784197001252e-15,-0.007469987246452536,-0.1051517112810294,-0.6230069463487538,78.21946408239884,63.56053587566142,9.640930598401312,77.73640930774546,60.005725519170234,0.0,1,4.440892098500626e-14,-0.006909892288120556,-0.12933208072824032,-0.6743353239140939,77.72174853786032,-63.835316833560135,9.650548330948716,77.85090268122538,-67.4085519231407,0.0,1,-2.1316282072803006e-14
3.025,3025000,left_front_slump,-4.0,0.43326313533795435,68.56673686466205,0.9960946584705143,0.011958085779488724,0.08706220068497891,-0.00852107756615125,-4.0,0.43326313533795435,68.56673686466205,35.556827415324726,7.943091098539938,0,feet,-0.035633429330190314,-0.1921837940074722,-0.2661655965650187,-39.41763149632121,63.821513885489836,9.631494325067663,-39.48803325893248,66.27374631292423,0.0,1,3.552713678800501e-15,-0.03609661887463167,-0.20794856784725724,-0.3082862808695861,-39.768856594230215,-63.57074289633151,9.647884638150167,-39.6199763385323,-59.968726973475306,0.0,1,-1.7763568394002505e-14,-0.007878755826914219,-0.10434085425426831,-0.6219534909003306,78.23272784399626,63.55286626969937,9.643081550813108,77.73640930774546,60.005725519170234,0.0,1,1.7763568394002505e-14,-0.007257038825215112,-0.12983859702902212,-0.6760262873438294,77.7080128473212,-63.84254937187545,9.653029637677086,77.85090268122538,-67.4085519231407,0.0,1,-1.7763568394002505e-15
3.033333333333333,3033333,left_front_slump,-4.0,0.4554245842597918,68.54457541574021,0.9960841629967706,0.012569675242405784,0.08705238691153325,-0.008956864648319102,-4.0,0.4554245842597918,68.54457541574021,35.56144957423407,7.91436150666182,0,feet,-0.03744853657931335,-0.19136813831000543,-0.26542101879414215,-39.41327824652815,63.82759762149847,9.633008433906163,-39.48803325893248,66.27374631292423,0.0,1,2.842170943040401e-14,-0.0379601456337455,-0.20795754426456936,-0.3096880466032985,-39.78243478345938,-63.5638135352575,9.650253264721016,-39.62889899469982,-59.97546142282856,0.0,1,3.552713678800501e-15,-0.008291107862095526,-0.10352596078644982,-0.620891583989315,78.2460746870193,63.5451291564436,9.645228067948807,77.73640930774546,60.005725519170234,0.0,1,-2.6645352591003757e-14,-0.007604091134948199,-0.13035307029895593,-0.677727872244013,77.69416527192332,-63.849827945582895,9.655500500865585,77.85090268122538,-67.4085519231407,0.0,1,-3.730349362740526e-14
3.0416666666666665,3041667,left_front_slump,-4.0,0.47768700590794033,68.52231299409206,0.9960730927321396,0.013184041047682924,0.08704203568521232,-0.009394627212287355,-4.0,0.47768700590794033,68.52231299409206,35.56142473439143,7.885559560896688,0,feet,-0.03927117145656345,-0.19055127512830872,-0.2646718723475652,-39.4088900919791,63.833695942037565,9.634519903285785,-39.48803325893248,66.27374631292423,0.0,1,-2.6645352591003757e-14,-0.039833909882998064,-0.20797096107792212,-0.3110941927584969,-39.79605214760423,-63.556824217120536,9.65262309186457,-39.62889899469982,-59.97546142282856,0.0,1,-3.552713678800501e-15,-0.008706124043223351,-0.10270890085026307,-0.6198236042070184,78.25947428197514,63.537341787430904,9.647364974728262,77.73640930774546,60.005725519170234,0.0,1,3.375077994860476e-14,-0.007950209739646663,-0.13087441864876714,-0.6794362222152328,77.68023678746574,-63.857136066151085,9.657954827475919,77.85090268122538,-67.4085519231407,0.0,1,-7.105427357601002e-15
3.05,3050000,left_front_slump,-4.0,0.5,68.5,0.9960614673599618,0.013799791716550942,0.08703116541155358,-0.00983337360250176,-4.0,0.5,68.5,35.561399838121346,7.856751074075831,0,feet,-0.04109719968867598,-0.18973507836501735,-0.263919846380416,-39.404476887763906,63.83979486608792,9.636025213096467,-39.48803325893248,66.27374631292423,0.0,1,1.7763568394002505e-15,-0.041713612444063575,-0.2079887682868704,-0.3125014644164823,-39.809681495167276,-63.54978552230705,9.654986127067929,-39.62889899469982,-59.97546142282856,0.0,1,2.1316282072803006e-14,-0.009122871579041458,-0.10189154329144712,-0.6187519577364187,78.27289616305984,63.52952166983162,9.64948723672822,77.73640930774546,60.005725519170234,0.0,1,-2.3092638912203256e-14,-0.00829457186160143,-0.13140151167884673,-0.681147463352008,77.66625874470685,-63.86445716503037,9.66038673389302,77.85090268122538,-67.4085519231407,0.0,1,-6.927791673660977e-14
3.058333333333333,3058333,left_front_slump,-4.0,0.5223129940920596,68.47768700590794,0.9960493114374201,0.014415531109599165,0.08701979905336578,-0.010272108867282904,-4.0,0.5223129940920596,68.47768700590794,35.56137494185127,7.828001549825714,0,feet,-0.04292247965748075,-0.18892140543171188,-0.26316664654538036,-39.4000486601565,63.84588048484703,9.637520918337046,-39.48803325893248,66.27374631292423,0.0,1,4.085620730620576e-14,-0.0435950019512914,-0.20801093901860535,-0.3139066668222519,-39.82329178243557,-63.54271331748549,9.657336980690111,-39.62889899469982,-59.97546142282856,0.0,1,1.0658141036401503e-14,-0.009540407327313538,-0.1010757492274883,-0.6176790702377275,78.28630983394405,63.52168650757206,9.651589979295984,77.73640930774546,60.005725519170234,0.0,1,6.927791673660977e-14,-0.008636374737033492,-0.13193317381938785,-0.6828577175027064,77.65226276405971,-63.871774650370526,9.66279056961605,77.85090268122538,-67.4085519231407,0.0,1,1.4210854715202004e-14
3.066666666666667,3066667,left_front_slump,-4.0,0.5445754157402082,68.45542458425979,0.9960366543294301,0.015029863189596237,0.08700796406889884,-0.010709838155768038,-4.0,0.5445754157402082,68.45542458425979,35.56135010200863,7.7993759574405175,0,feet,-0.04474287653133224,-0.18811209086212743,-0.26241398912589453,-39.39561557154574,63.851939010300306,9.63900366117609,-39.48803325893248,66.27374631292423,0.0,1,1.9539925233402755e-14,-0.04547381175362952,-0.208037406860476,-0.315306623905236,-39.836852138075,-63.53562377317187,9.65967037345581,-39.62889899469982,-59.97546142282856,0.0,1,-1.4210854715202004e-14,-0.009957781003487653,-0.10026336559689719,-0.6166073786131383,78.29968487278305,63.51385414097743,9.653668504760773,77.73640930774546,60.005725519170234,0.0,1,-4.085620730620576e-14,-0.00897483869305793,-0.13246818811154304,-0.6845631154329088,77.63828062854277,-63.87907196336702,9.665160938256811,77.85090268122538,-67.4085519231407,0.0,1,3.375077994860476e-14
3.075,3075000,left_front_slump,-4.0,0.5667368646620455,68.43326313533795,0.9960235300907669,0.01564139678321072,0.0869956923016109,-0.011145570113767437,-4.0,0.5667368646620455,68.43326313533795,35.56132537482878,7.770938512508636,0,feet,-0.04655427632325981,-0.18730894017194588,-0.2616635950551012,-39.39118788390143,63.85795682248496,9.640470182069379,-39.48803325893248,66.27374631292423,0.0,1,3.197442310920451e-14,-0.0473457744330501,-0.20806806625689767,-0.3166981889890903,-39.85033196929175,-63.52853330703417,9.66198115387796,-39.62889899469982,-59.97546142282856,0.0,1,-1.7763568394002505e-15,-0.010374038466249402,-0.09945621886150446,-0.6155393226506787,78.31299103642154,63.50604248494388,9.655718307738454,77.73640930774546,60.005725519170234,0.0,1,-4.263256414560601e-14,-0.00930920997948359,-0.1330053004336813,-0.686259809893699,77.62434417497809,-63.88633263424133,9.667492715812543,77.85090268122538,-67.4085519231407,0.0,1,4.973799150320701e-14
3.0833333333333335,3083333,left_front_slump,-4.0,0.5887472848981944,68.41125271510181,0.9960099772966938,0.01624875034137674,0.08698301982178189,-0.011578320278283842,-4.0,0.5887472848981944,68.41125271510181,35.5613008161629,7.7427524632687295,0,feet,-0.04835259987602836,-0.18651372396336674,-0.2609171838238229,-39.38677592082226,63.86392051543097,9.641917329938352,-39.48803325893248,66.27374631292423,0.0,1,2.4868995751603507e-14,-0.0492066364883752,-0.20810277332913163,-0.31807825530447476,-39.86370106611249,-63.52145852394954,9.664264314502354,-39.62889899469982,-59.97546142282856,0.0,1,8.881784197001252e-15,-0.010788225078923741,-0.09865610886273535,-0.6144773365482656,78.32619836377285,63.49826946566298,9.657735088535503,77.73640930774546,60.005725519170234,0.0,1,1.2434497875801753e-14,-0.009638763349598456,-0.13354322417239617,-0.687943988597211,77.6104851834457,-63.8935403378641,9.669781066201445,77.85090268122538,-67.4085519231407,0.0,1,-1.7763568394002505e-14
3.091666666666667,3091667,left_front_slump,-4.0,0.6105571369738102,68.38944286302619,0.9959960388228755,0.016850556698066673,0.08696998672070524,-0.012007114470460219,-4.0,0.6105571369738102,68.38944286302619,35.565132981579715,7.714879882613445,0,feet,-0.05013381677501849,-0.185728172270196,-0.2601764672818936,-39.38239002822497,63.869816941780364,9.643342071424627,-39.48803325893248,66.27374631292423,0.0,1,3.019806626980426e-14,-0.051052173589021255,-0.20814132044518496,-0.3194437900438887,-39.876929896532346,-63.514416145628346,9.666516564848934,-39.63632673702084,-59.98254951054344,0.0,1,2.4868995751603507e-14,-0.011199388967201074,-0.09786479703810036,-0.613423846240214,78.33927722155344,63.49055295558241,9.659715247259683,77.73348583732954,59.99808297606773,0.0,1,5.329070518200751e-15,-0.009962804386573154,-0.13408064533341602,-0.6896118871027208,77.59673526502186,-63.900678949034344,9.672021454081381,77.85090268122538,-67.4085519231407,0.0,1,1.2434497875801753e-14
3.1,3100000,left_front_slump,-4.0,0.6321175700600941,68.36788242993991,0.9959817615758688,0.017445467827256048,0.08695663685866918,-0.012430992186743763,-4.0,0.6321175700600941,68.36788242993991,35.565107657936366,7.687381465601618,0,feet,-0.05189395919060891,-0.18495396913677453,-0.25944314333815655,-39.37804053374765,63.87563325609653,9.644741499243544,-39.48803325893248,66.27374631292423,0.0,1,7.993605777301127e-14,-0.052878266404476904,-0.2081835861032082,-0.32079182342235457,-39.889985169785305,-63.50742689815498,9.6687336869253,-39.63632673702084,-59.98254951054344,0.0,1,4.263256414560601e-14,-0.011606626595416447,-0.09708413237402791,-0.6123813465917185,78.35220410891077,63.482908625475964,9.661656499316862,77.73348583732954,59.99808297606773,0.0,1,6.394884621840902e-14,-0.010280671574715683,-0.1346162280831078,-0.6912598016172913,77.58312574784298,-63.9077325974306,9.674209654996034,77.85090268122538,-67.4085519231407,0.0,1,-1.5987211554602254e-14
3.1083333333333334,3108333,left_front_slump,-4.0,0.6533805941358025,68.3466194058642,0.9959671961759896,0.018032159597893505,0.08694301756840603,-0.012849009988081661,-4.0,0.6533805941358025,68.3466194058642,35.565082683612516,7.66031633228377,0,feet,-0.053629135652432325,-0.18419274742169645,-0.25871888956538314,-39.37373770495154,63.8813569568939,9.646112839669833,-39.48803325893248,66.27374631292423,0.0,1,5.329070518200751e-15,-0.05468073001165452,-0.20822925212791876,-0.3221193778352234,-39.90284245106673,-63.50050356301096,9.670909107513374,-39.63632673702084,-59.98254951054344,0.0,1,7.105427357601002e-15,-0.012008960379780387,-0.09631568330313112,-0.6113520979119795,78.36494491032217,63.47535614836521,9.663553132337398,77.73348583732954,59.99808297606773,0.0,1,5.329070518200751e-15,-0.010591738117554872,-0.13514862070686862,-0.69288410171584,77.56968756155887,-63.91468572225508,9.676341762924523,77.85090268122538,-67.4085519231407,0.0,1,7.815970093361102e-14
3.1166666666666667,3116667,left_front_slump,-4.0,0.6742992521487592,68.32570074785124,0.995952396594834,0.01860933652672231,0.0869291793161446,-0.013260244886996982,-4.0,0.6742992521487592,68.32570074785124,35.56505811376122,7.63374183559111,0,feet,-0.05533554475862612,-0.18344608381499405,-0.25800535671719205,-39.36949170641539,63.886975927428715,9.647453459198353,-39.48803325893248,66.27374631292423,0.0,1,-1.9539925233402755e-14,-0.056455516522766036,-0.20827803755554752,-0.3234236073657355,-39.91547407439849,-63.493662824237745,9.673038528266325,-39.63632673702084,-59.98254951054344,0.0,1,-1.7763568394002505e-15,-0.01240546867763026,-0.0955610845470165,-0.6103384247466761,78.37747179831639,63.467912840332296,9.665401761554541,77.73348583732954,59.99808297606773,0.0,1,-1.9539925233402755e-14,-0.010895413507543417,-0.13567646196632266,-0.6944812429861491,77.55645112025115,-63.92152312659307,9.678414195332955,77.85090268122538,-67.4085519231407,0.0,1,-2.6645352591003757e-14
3.125,3125000,left_front_slump,-4.0,0.6948277921773665,68.30517220782264,0.9959374197502091,0.019175736528837025,0.08691517532283845,-0.013663797732429967,-4.0,0.6948277921773665,68.30517220782264,35.56503400212004,7.607713373985604,0,feet,-0.057009488823860366,-0.18271549405529308,-0.25730416216477225,-39.36531255582654,63.892478475308614,9.648760870428752,-39.48803325893248,66.27374631292423,0.0,1,5.329070518200751e-15,-0.05819866778264382,-0.2083296331496287,-0.3247017558160503,-39.92785324961413,-63.4869212082631,9.675117859931625,-39.63632673702084,-59.98254951054344,0.0,1,1.5987211554602254e-14,-0.012795247212082916,-0.0948219157264969,-0.6093426020014978,78.38975773225341,63.46059569238614,9.667199248304485,77.73348583732954,59.99808297606773,0.0,1,5.329070518200751e-15,-0.011191144855070334,-0.13619838783304727,-0.6960477796049966,77.54344620391122,-63.92823003151413,9.68042369585951,77.85090268122538,-67.4085519231407,0.0,1,0.0
3.1333333333333333,3133333,left_front_slump,-4.0,0.714921839592116,68.28507816040788,0.9959223250616668,0.01973013566590024,0.0869010611485604,-0.014058796592270583,-4.0,0.714921839592116,68.28507816040788,35.56501040080887,7.582284208518232,0,feet,-0.05864738747059883,-0.18200242833135638,-0.256616883261934,-39.36121007917987,63.89785337099108,9.65003273723466,-39.48803325893248,66.27374631292423,0.0,1,4.440892098500626e-14,-0.05990633096899156,-0.20838370446868204,-0.3259511661795309,-39.939954155670975,-63.48029500691411,9.677143232388048,-39.63632673702084,-59.98254951054344,0.0,1,3.552713678800501e-15,-0.01317741282655227,-0.09409969607230817,-0.60836684583641,78.40177655687216,63.45342129973896,9.668942703330849,77.73348583732954,59.99808297606773,0.0,1,1.9539925233402755e-14,-0.011478417987415668,-0.13671303857245087,-0.6975803768521902,77.53070183858533,-63.93479212994364,9.682367334783187,77.85090268122538,-67.4085519231407,0.0,1,3.730349362740526e-14
3.1416666666666666,3141667,left_front_slump,-4.0,0.7345385692170993,68.2654614307829,0.9959071739702644,0.020271352891988163,0.08688689424344734,-0.014444400133551562,-4.0,0.7345385692170993,68.2654614307829,35.5649873601277,7.557505283895367,0,feet,-0.06024579116866491,-0.18130826685050794,-0.2559450506475045,-39.35719386520338,63.90308988525483,9.651266879283199,-39.48803325893248,66.27374631292423,0.0,1,2.3092638912203256e-14,-0.061574774316972114,-0.20843989522428252,-0.32716928997894046,-39.95175203239066,-63.47380019825517,9.679111003882795,-39.63632673702084,-59.98254951054344,0.0,1,4.618527782440651e-14,-0.013551107288396036,-0.0933958792517755,-0.607413304479345,78.41350310013001,63.44640579016582,9.670629488777642,77.73348583732954,59.99808297606773,0.0,1,-3.019806626980426e-14,-0.011756758331186834,-0.13721906614758472,-0.6990758235697832,77.51824617531072,-63.941195640334094,9.684242507459764,77.85090268122538,-67.4085519231407,0.0,1,3.019806626980426e-14
3.15,3150000,left_front_slump,-4.0,0.7536368774915215,68.24636312250848,0.9958920294265542,0.02079825479707996,0.0868727334689438,-0.014819801000316605,-4.0,0.7536368774915215,68.24636312250848,35.5649649283544,7.533425053108687,0,feet,-0.061801394728762116,-0.1806343155546637,-0.2552901414946316,-39.353273219133406,63.908177825741326,9.652461275978823,-39.48803325893248,66.27374631292423,0.0,1,3.552713678800501e-15,-0.06320040295586438,-0.208497830896341,-0.328353696485824,-39.96322327075836,-63.46745236551141,9.681017769561116,-39.63632673702084,-59.98254951054344,0.0,1,1.7763568394002505e-14,-0.013915501135568942,-0.09271184829997514,-0.6064840489687588,78.42491327039065,63.43956475156648,9.672257219019343,77.73348583732954,59.99808297606773,0.0,1,-6.039613253960852e-14,-0.012025731594729194,-0.13771514190900902,-0.7005310445742428,77.5061063679778,-63.94742736016986,9.686046930926324,77.85090268122538,-67.4085519231407,0.0,1,3.019806626980426e-14
3.158333333333333,3158333,left_front_slump,-4.0,0.7721775546312089,68.22782244536879,0.9958769553511747,0.0213097603482524,0.08685863859342673,-0.015184229189224501,-4.0,0.7721775546312089,68.22782244536879,35.56494315154252,7.510089305144255,0,feet,-0.06331105075613319,-0.17998180196306146,-0.2546535727168906,-39.34945711596851,63.913107572674775,9.653614069911079,-39.48803325893248,66.27374631292423,0.0,1,1.4210854715202004e-14,-0.06477977484410458,-0.2085571225696068,-0.329502081837695,-39.97434550192764,-63.46126661435465,9.682860369390504,-39.63632673702084,-59.98254951054344,0.0,1,-3.552713678800501e-15,-0.014269797559727238,-0.09204891064266407,-0.6055810638353094,78.43598415302615,63.43291315885502,9.67382376048944,77.73348583732954,59.99808297606773,0.0,1,4.085620730620576e-14,-0.012284944269765674,-0.1381999645334706,-0.7019431130296794,77.49430845026652,-63.95347471933744,9.687778638900738,77.85090268122538,-67.4085519231407,0.0,1,0.0
3.1666666666666665,3166667,left_front_slump,-4.0,0.7901234567901235,68.20987654320987,0.9958620160727212,0.021804845628688764,0.0868446697665909,-0.015536955422996733,-4.0,0.7901234567901235,68.20987654320987,35.56492207331909,7.487540995249461,0,feet,-0.06477178307101417,-0.17935187111937223,-0.25403669414142804,-39.34575415333187,63.91787011388099,9.654723569892681,-39.48803325893248,66.27374631292423,0.0,1,3.552713678800501e-15,-0.0663096167877848,-0.2086173709528616,-0.330612278070741,-39.985097685099404,-63.45525748885103,9.684635895585679,-39.63632673702084,-59.98254951054344,0.0,1,1.9539925233402755e-14,-0.014613236318849143,-0.09140829319700572,-0.604706237733553,78.44669410650695,63.42646530031078,9.675327230680473,77.73348583732954,59.99808297606773,0.0,1,-1.7763568394002505e-15,-0.012534043974278486,-0.13867226817111034,-0.7033092627906261,77.48287721181612,-63.95932583339584,9.689435975423223,77.85090268122538,-67.4085519231407,0.0,1,3.375077994860476e-14
3.175,3175000,left_front_slump,-4.0,0.8074396782218718,68.19256032177813,0.9958472757478585,0.02228254857465662,0.08683088697723298,-0.015877294521860912,-4.0,0.8074396782218718,68.19256032177813,35.56490173468239,7.465820077205564,0,feet,-0.06618080010295957,-0.17874558161963439,-0.2534407816595645,-39.34217250407578,63.92245707923445,9.655788253678608,-39.48803325893248,66.27374631292423,0.0,1,2.6645352591003757e-14,-0.06778684052649497,-0.2086781705401144,-0.33168226208684315,-39.99546019445857,-63.44943888638052,9.686341699648459,-39.63632673702084,-59.98254951054344,0.0,1,2.842170943040401e-14,-0.01494509767213792,-0.09079113753508761,-0.6038613540351445,78.45702285806189,63.42023470352824,9.67676599650018,77.73348583732954,59.99808297606773,0.0,1,4.973799150320701e-14,-0.012772719661153342,-0.13913083075820865,-0.704626900723047,77.47183607379492,-63.96496955678252,9.691017587403998,77.85090268122538,-67.4085519231407,0.0,1,-1.0658141036401503e-14
3.183333333333333,3183333,left_front_slump,-4.0,0.8240937234412176,68.17590627655878,0.9958327977688676,0.022741973710653188,0.08681734949928838,-0.016204608773186392,-4.0,0.8240937234412176,68.17590627655878,35.56488217379974,7.444963337027133,0,feet,-0.0675355082664515,-0.17816390169646157,-0.25286703036539215,-39.338719868762304,63.92686077467261,9.656806770460499,-39.48803325893248,66.27374631292423,0.0,1,1.0658141036401503e-14,-0.06920855886944066,-0.20873911387127642,-0.3327101645745034,-40.005414905369676,-63.44382397185375,9.68797539914081,-39.63632673702084,-59.98254951054344,0.0,1,3.019806626980426e-14,-0.015264706329717104,-0.09019849509430466,-0.6030480813954684,78.46695159899798,63.41423406110818,9.67813867217194,77.73348583732954,59.99808297606773,0.0,1,2.842170943040401e-14,-0.013000701719418473,-0.13957448245022253,-0.7058936190124978,77.46120696404736,-63.97039553598827,9.692522416359523,77.85090268122538,-67.4085519231407,0.0,1,0.0
3.191666666666667,3191667,left_front_slump,-4.0,0.8400556793855918,68.15994432061441,0.995818644163996,0.023182296882957844,0.08680411533114296,-0.0165183112995482,-4.0,0.8400556793855918,68.15994432061441,35.56486342580531,7.4250042274887775,0,feet,-0.06883352532548903,-0.17760770533419912,-0.25231654769294787,-39.33540342815203,63.93107421592292,9.657777943235061,-39.48803325893248,66.27374631292423,0.0,1,5.329070518200751e-15,-0.07057210186392915,-0.2087997958484369,-0.33369427890398873,-40.01494528004435,-63.438425091559616,9.689534884312373,-39.63632673702084,-59.98254951054344,0.0,1,1.7763568394002505e-14,-0.01557143540945205,-0.08963132241790905,-0.6022679643060238,78.47646307977476,63.408475156235305,9.679444116880553,77.73348583732954,59.99808297606773,0.0,1,2.4868995751603507e-14,-0.01321776199698066,-0.14000211412796082,-0.7071072074683986,77.45101019199865,-63.97559426273683,9.693949689629605,77.85090268122538,-67.4085519231407,0.0,1,-5.329070518200751e-15
3.2,3200000,left_front_slump,-4.0,0.8552983875766048,68.14470161242339,0.9958048749961108,0.023602769991868056,0.08679124063336159,-0.016817869425491967,-4.0,0.8552983875766048,68.14470161242339,35.56484552259787,7.405972702864659,0,feet,-0.07007269375505398,-0.17707776838916311,-0.25179034656247845,-39.33222979583461,63.93509116209318,9.658700771145604,-39.48803325893248,66.27374631292423,0.0,1,1.7763568394002505e-14,-0.0718750329776845,-0.2088598180628587,-0.3346330700174813,-40.02403645290715,-63.433253686982106,9.691018324707017,-39.63632673702084,-59.98254951054344,0.0,1,1.5987211554602254e-14,-0.015864710393133308,-0.08909047640845902,-0.6015224136451107,78.48554170493452,63.40296878828825,9.680681432362803,77.73348583732954,59.99808297606773,0.0,1,5.861977570020827e-14,-0.013423713775463142,-0.1404126859284065,-0.7082656658334701,77.44126432350325,-63.98055712720214,9.695298911381528,77.85090268122538,-67.4085519231407,0.0,1,-4.618527782440651e-14
3.2083333333333335,3208333,left_front_slump,-4.0,0.8697976162815576,68.13020238371844,0.9957915477652245,0.02400272572292677,0.08677877917003911,-0.0171028080433038,-4.0,0.8697976162815576,68.13020238371844,35.56482849263863,7.3878950532584895,0,feet,-0.07125109410743846,-0.17657476468888467,-0.2512893385461674,-39.32920497112915,63.93890614928153,9.659574431898378,-39.48803325893248,66.27374631292423,0.0,1,1.7763568394002505e-14,-0.07311516527605422,-0.20891879308736705,-0.33552518333528214,-40.032675315891574,-63.42832020892956,9.69242417587376,-39.63632673702084,-59.98254951054344,0.0,1,8.881784197001252e-15,-0.016144013074217867,-0.0885767095765253,-0.6008126972394514,78.49417362799234,63.39772469862917,9.681849960648506,77.73348583732954,59.99808297606773,0.0,1,4.796163466380676e-14,-0.013618411729133584,-0.14080523575088355,-0.709367216107295,77.43198605582663,-63.98527647129704,9.69656985371141,77.85090268122538,-67.4085519231407,0.0,1,5.329070518200751e-15
3.216666666666667,3216667,left_front_slump,-4.0,0.883532232674951,68.11646776732505,0.9957787168204665,0.02438158227747493,0.08676678175898776,-0.017372712978114296,-4.0,0.883532232674951,68.11646776732505,35.564812360748995,7.370793737899788,0,feet,-0.07236705839147106,-0.17609926208426252,-0.25081432706346884,-39.32633429238116,63.94251452436134,9.660398284354542,-39.48803325893248,66.27374631292423,0.0,1,-3.552713678800501e-15,-0.07429057757493984,-0.20897634868875992,-0.3363694536992319,-40.04085060390679,-63.423634032314965,9.693751186307367,-39.63632673702084,-59.98254951054344,0.0,1,1.5987211554602254e-14,-0.016408885489391345,-0.08809066526681386,-0.600139930449425,78.50234684639263,63.39275149671667,9.682949282156244,77.73348583732954,59.99808297606773,0.0,1,1.7763568394002505e-15,-0.013801751900810011,-0.1411788876888802,-0.7104103148928491,77.42319009294583,-63.989745642064065,9.697762548156923,77.85090268122538,-67.4085519231407,0.0,1,6.394884621840902e-14
3.225,3225000,left_front_slump,-4.0,0.896484375,68.103515625,0.9957664327870221,0.0247388481028822,0.08675529573591997,-0.017627234352685022,-4.0,0.896484375,68.103515625,35.56479714790835,7.35468721678869,0,feet,-0.07341918347257614,-0.17565171842890015,-0.25036600061585856,-39.32362239077674,63.945912479098986,9.661171871397435,-39.48803325893248,66.27374631292423,0.0,1,5.329070518200751e-15,-0.07539963055037857,-0.20903213191544,-0.33716491437423945,-40.04855298071506,-63.41920337192502,9.694998404742115,-39.63632673702084,-59.98254951054344,0.0,1,8.881784197001252e-15,-0.016658933826327882,-0.08763287284396037,-0.599505066790329,78.51005129663999,63.38805658668533,9.683979214345463,77.73348583732954,59.99808297606773,0.0,1,1.7763568394002505e-14,-0.013973671728146009,-0.14153286033829682,-0.7113936657746418,77.41488902135895,-63.99395904519936,9.6988772779357,77.85090268122538,-67.4085519231407,0.0,1,-3.197442310920451e-14
3.2333333333333334,3233333,left_front_slump,-4.0,0.9086396247301424,68.09136037526986,0.995754742013427,0.025074126622819895,0.0867443644376673,-0.017866089952236684,-4.0,0.9086396247301424,68.09136037526986,35.56478287105186,7.339589780085333,0,feet,-0.0744063445014369,-0.17523247746051496,-0.24994492607040142,-39.32107314479085,63.94909708475804,9.661894923172298,-39.48803325893248,66.27374631292423,0.0,1,1.9539925233402755e-14,-0.07644098278596623,-0.2090858130165265,-0.3379108061284408,-40.055775125459874,-63.415035199502086,9.69616518791949,-39.63632673702084,-59.98254951054344,0.0,1,2.842170943040401e-14,-0.01689383230026742,-0.0872037428205159,-0.5989088886018656,78.51727894971143,63.38364609452839,9.684939811121936,77.73348583732954,59.99808297606773,0.0,1,2.6645352591003757e-14,-0.014134150153614744,-0.14186647493372861,-0.7123162317367822,77.40709318658251,-63.997912198737524,9.699914571217796,77.85090268122538,-67.4085519231407,0.0,1,-1.2434497875801753e-14
3.2416666666666667,3241667,left_front_slump,-4.0,0.9199871787305518,68.08001282126945,0.9957436860444104,0.025387120967944515,0.08673402670928869,-0.018089068589682435,-4.0,0.9199871787305518,68.08001282126945,35.56476954286827,7.325511374661758,0,feet,-0.07532770837875002,-0.17484176456032063,-0.2495515420010146,-39.31868963537695,63.952066327339615,9.662567360792252,-39.48803325893248,66.27374631292423,0.0,1,3.552713678800501e-14,-0.0774136067399338,-0.20913708915040186,-0.3386065864117289,-40.062511820078925,-63.411135162453505,9.69725120894504,-39.63632673702084,-59.98254951054344,0.0,1,-1.7763568394002505e-14,-0.017113326992337807,-0.08680356191021543,-0.5983519977775078,78.5240239068538,63.37952479601493,9.685831363187035,77.73348583732954,59.99808297606773,0.0,1,0.0,-0.014283207850930069,-0.14217916326614155,-0.7131772476288929,77.39981057051367,-64.00160178692356,9.700875195729509,77.85090268122538,-67.4085519231407,0.0,1,4.263256414560601e-14
3.25,3250000,left_front_slump,-4.0,0.9305200214196468,68.06947997858035,0.9957333011241983,0.025677638707354705,0.0867243164396609,-0.018296033471624257,-4.0,0.9305200214196468,68.06947997858035,35.564757171597684,7.31245742726562,0,feet,-0.07618274726315244,-0.17447968236758848,-0.2491861520957075,-39.31647410200023,63.95481914360165,9.66318930059846,-39.48803325893248,66.27374631292423,0.0,1,1.2434497875801753e-14,-0.0783168046145497,-0.2091856878429179,-0.339251938651405,-40.068760037826166,-63.40750750448283,9.698256466344716,-39.63632673702084,-59.98254951054344,0.0,1,3.907985046680551e-14,-0.01731723964296128,-0.08643248799043723,-0.5978348065647743,78.53028249586727,63.37569604546484,9.686654399509273,77.73348583732954,59.99808297606773,0.0,1,-5.684341886080802e-14,-0.014420907599472788,-0.1424704753375936,-0.7139762326872945,77.39304666982262,-64.00502571429635,9.701760154975382,77.85090268122538,-67.4085519231407,0.0,1,2.3092638912203256e-14
3.2583333333333333,3258333,left_front_slump,-4.0,0.9402350969306037,68.0597649030694,0.9957236177348324,0.025945596581171574,0.08671526212980891,-0.018486925565457762,-4.0,0.9402350969306037,68.0597649030694,35.56474576082934,7.300428663784665,0,feet,-0.07697125212890032,-0.17414620622831833,-0.24884891863730507,-39.31442789960529,63.9573554579893,9.663761059056547,-39.48803325893248,66.27374631292423,0.0,1,4.263256414560601e-14,-0.07915022411169748,-0.2092313701584656,-0.3398467816823372,-40.07451903311464,-63.404154988415456,9.699181293920219,-39.63632673702084,-59.98254951054344,0.0,1,2.4868995751603507e-14,-0.01750547139420844,-0.08609054495887358,-0.5973575284466102,78.53605336796804,63.372161705494875,9.687409690084628,77.73348583732954,59.99808297606773,0.0,1,4.973799150320701e-14,-0.01454735483645786,-0.14274008671182825,-0.714713003118276,77.38680437552924,-64.0081831600046,9.702570686342526,77.85090268122538,-67.4085519231407,0.0,1,-3.552713678800501e-14
3.2666666666666666,3266667,left_front_slump,-4.0,0.9491334812728677,68.05086651872713,0.9957146601736122,0.0261910252345696,0.0867068864978182,-0.018661766967908222,-4.0,0.9491334812728677,68.05086651872713,35.56473530929942,7.2894209241505905,0,feet,-0.0776933463792231,-0.17384117945901822,-0.24853985606436124,-39.312551456599856,63.95967622059789,9.664283158362139,-39.48803325893248,66.27374631292423,0.0,1,5.3290705182007514e-14,-0.07991387405999006,-0.20927393355069723,-0.3403912793273758,-40.0797904328721,-63.40107882146401,9.700026371496577,-39.63632673702084,-59.98254951054344,0.0,1,-4.618527782440651e-14,-0.017678006475588592,-0.0857776174708258,-0.5969201691130754,78.54133759531658,63.368922077836885,9.68809825013426,77.73348583732954,59.99808297606773,0.0,1,3.907985046680551e-14,-0.014662698414166897,-0.14298780552346235,-0.7153876847495328,77.3810838539025,-64.01107463237399,9.703308261327834,77.85090268122538,-67.4085519231407,0.0,1,-1.0658141036401503e-14
3.275,3275000,left_front_slump,-4.0,0.9572205544936631,68.04277944550634,0.9957064461732373,0.026414073953554374,0.08669920612367223,-0.01882066427529013,-4.0,0.9572205544936631,68.04277944550634,35.564725810688834,7.2794249724809745,0,feet,-0.07834949952053316,-0.17356430840911807,-0.24825882461797022,-39.31084423392255,63.96178344627304,9.664756332820417,-39.48803325893248,66.27374631292423,0.0,1,5.329070518200751e-15,-0.08060813990059312,-0.20931321436406503,-0.34088585014172335,-40.084578329580495,-63.3982785831461,9.700792736639414,-39.63632673702084,-59.98254951054344,0.0,1,5.329070518200751e-15,-0.0178349158285096,-0.08549344554522209,-0.5965225175313154,78.54613876928669,63.36597583531615,9.68872134587211,77.73348583732954,59.99808297606773,0.0,1,3.019806626980426e-14,-0.01476713158644305,-0.14321357911321364,-0.7160007257549914,77.37588242880307,-64.01370202374083,9.703974588098916,77.85090268122538,-67.4085519231407,0.0,1,2.4868995751603507e-14
3.283333333333333,3283333,left_front_slump,-4.0,0.964506172839506,68.0354938271605,0.9956989865676008,0.026615015402744226,0.0866922311367722,-0.018963811955743884,-4.0,0.964506172839506,68.0354938271605,35.564717253420994,7.27042630212744,0,feet,-0.0789405409017383,-0.1733151573084375,-0.24800552407904952,-39.30930468525016,63.96368025493676,9.665181536051648,-39.48803325893248,66.27374631292423,0.0,1,-1.0658141036401503e-14,-0.0812337990211045,-0.2093490899624313,-0.34133117733260665,-40.088889376141445,-63.39575215602815,9.70148179740697,-39.63632673702084,-59.98254951054344,0.0,1,-3.019806626980426e-14,-0.017976360665499236,-0.08523761902951188,-0.596164137120375,78.55046309953893,63.36331995506083,9.689280501946563,77.73348583732954,59.99808297606773,0.0,1,-3.730349362740526e-14,-0.014860893244883044,-0.14341750026225109,-0.7165529094573033,77.3711944655694,-64.01606866556445,9.704571616564678,77.85090268122538,-67.4085519231407,0.0,1,-1.7763568394002505e-15
3.2916666666666665,3291667,left_front_slump,-4.0,0.9710048409177138,68.02899515908229,0.9956922850054567,0.0267942503653646,0.08668596494822015,-0.019091495723655805,-4.0,0.9710048409177138,68.02899515908229,35.56470962045964,7.262404935380189,0,feet,-0.07946767352189665,-0.1730931428895155,-0.24777948759942037,-39.307930218383916,63.96537091320597,9.665559949062,-39.48803325893248,66.27374631292423,0.0,1,2.6645352591003757e-14,-0.08179203592935025,-0.2093814804668419,-0.34172821886282456,-40.09273288267935,-63.393495659426776,9.702095346187562,-39.63632673702084,-59.98254951054344,0.0,1,5.329070518200751e-15,-0.01810259596129038,-0.08500957191587988,-0.5958443570357863,78.55431951394789,63.36094965299564,9.689777510639217,77.73348583732954,59.99808297606773,0.0,1,3.552713678800501e-15,-0.014944269420711365,-0.14359981300518188,-0.7170453672111003,77.36701125652216,-64.01817938382638,9.705101546088883,77.85090268122538,-67.4085519231407,0.0,1,-5.1514348342607263e-14
3.3,3300000,left_front_slump,-4.0,0.9767358838579168,68.02326411614209,0.9956863377133637,0.026952312485609597,0.08668040402917342,-0.019204095916413637,-4.0,0.9767358838579168,68.02326411614209,35.56470288910657,7.255335217670428,0,feet,-0.0799324879082346,-0.17289752877846531,-0.2475800756285329,-39.30671715783525,63.96686087734785,9.6658929892048,-39.48803325893248,66.27374631292423,0.0,1,0.0,-0.08228445726182043,-0.20941035009130982,-0.3420782177435915,-40.096120915355726,-63.39150338614703,9.702635574650252,-39.63632673702084,-59.98254951054344,0.0,1,3.730349362740526e-14,-0.018213973873988376,-0.08480857650391638,-0.5955622635669955,78.55771975941543,63.3588583196512,9.690214442869546,77.73348583732954,59.99808297606773,0.0,1,3.552713678800501e-14,-0.015017595063199884,-0.14376091800863078,-0.7174795913688516,77.36332090813376,-64.02004055472007,9.705566835933304,77.85090268122538,-67.4085519231407,0.0,1,1.7763568394002505e-15
3.308333333333333,3308333,left_front_slump,-4.0,0.9817236194735702,68.01827638052643,0.9956811333083737,0.027089873013462766,0.08667553773571089,-0.019302090873588494,-4.0,0.9817236194735702,68.01827638052643,35.564697030799486,7.249185606217324,0,feet,-0.0803369760652406,-0.17272741965228589,-0.2474064699360934,-39.30566070861333,63.96815683758875,9.666182320040448,-39.48803325893248,66.27374631292423,0.0,1,7.105427357601002e-15,-0.0827131066247162,-0.2094357080729332,-0.34238271251851815,-40.09906839722886,-63.389767742282956,9.70310508982054,-39.63632673702084,-59.98254951054344,0.0,1,8.881784197001252e-15,-0.01831094709582448,-0.08463373740787894,-0.5953166916486015,78.56067850358598,63.357037457297366,9.690593661023676,77.73348583732954,59.99808297606773,0.0,1,4.263256414560601e-14,-0.01508125609970623,-0.14390137751066012,-0.7178574483297155,77.36010822987899,-64.02166016063067,9.70597021846379,77.85090268122538,-67.4085519231407,0.0,1,5.861977570020827e-14
3.316666666666667,3316667,left_front_slump,-4.0,0.9859975304234633,68.01400246957654,0.9956766526598982,0.027207745552001197,0.0866713481796775,-0.019386060318567096,-4.0,0.9859975304234633,68.01400246957654,35.56469201090975,7.243918453182076,0,feet,-0.08068354549402823,-0.17258175516550267,-0.2472576677289462,-39.30475492119196,63.969266763765326,9.666429862083191,-39.48803325893248,66.27374631292423,0.0,1,1.7763568394002505e-15,-0.0830804792691775,-0.20945760920116951,-0.34264354793660523,-40.10159321114432,-63.3882791900412,9.703506931266467,-39.63632673702084,-59.98254951054344,0.0,1,3.019806626980426e-14,-0.018394072134435113,-0.08448398541001545,-0.595106216484004,78.56321343745675,63.35547661838184,9.69091783358462,77.73348583732954,59.99808297606773,0.0,1,7.105427357601002e-15,-0.015135691775973292,-0.1440219198256587,-0.718181191670126,77.35735462474855,-64.02304784639895,9.706314715093868,77.85090268122538,-67.4085519231407,0.0,1,-4.263256414560601e-14
3.325,3325000,left_front_slump,-4.0,0.9895924363732376,68.01040756362676,0.9956728687990261,0.027306890807134953,0.08666781014389667,-0.01945668874258666,-4.0,0.9895924363732376,68.01040756362676,35.564687788540205,7.23948978352054,0,feet,-0.08097503327953026,-0.17245930365425632,-0.24713247585856468,-39.30399265760981,63.97019995227264,9.666637804404573,-39.48803325893248,66.27374631292423,0.0,1,-7.105427357601002e-15,-0.08338953660624515,-0.2094761539603862,-0.34286288580765634,-40.103716304594556,-63.38702619347931,9.703844589355342,-39.63632673702084,-59.98254951054344,0.0,1,3.552713678800501e-14,-0.0184640125271871,-0.08435807116512217,-0.594929145277479,78.56534537885574,63.35416334522586,9.691189951501151,77.73348583732954,59.99808297606773,0.0,1,5.684341886080802e-14,-0.015181397268250407,-0.1441234434295553,-0.718453475353031,77.35503798136546,-64.02421497585652,9.706603654874058,77.85090268122538,-67.4085519231407,0.0,1,-7.815970093361102e-14
3.3333333333333335,3333333,left_front_slump,-4.0,0.9925486661568856,68.00745133384311,0.995669746872305,0.027388421339655168,0.08666489103895275,-0.019514768791047885,-4.0,0.9925486661568856,68.00745133384311,35.56468431632291,7.235849067868756,0,feet,-0.08121472024125076,-0.17235865563200248,-0.2470295051131437,-39.30336555862784,63.97096707422946,9.666808617038576,-39.48803325893248,66.27374631292423,0.0,1,3.375077994860476e-14,-0.08364372057147884,-0.20949148831017572,-0.3430432160286374,-40.105461796427875,-63.38599516697271,9.704122024514078,-39.63632673702084,-59.98254951054344,0.0,1,1.7763568394002505e-14,-0.018521541992846835,-0.08425455876556232,-0.5947835090677906,78.56709837673486,63.353083110895724,9.691413346184504,77.73348583732954,59.99808297606773,0.0,1,1.2434497875801753e-14,-0.0152189265511109,-0.1442070206516064,-0.7186773670106659,77.35313256760428,-64.02517468861484,9.706840695561716,77.85090268122538,-67.4085519231407,0.0,1,-1.7763568394002505e-14
3.341666666666667,3341667,left_front_slump,-4.0,0.9949122299382724,68.00508777006172,0.9956672441355969,0.027453606319386585,0.08666255089744386,-0.019561204651904085,-4.0,0.9949122299382724,68.00508777006172,35.564681540216974,7.232938990950167,0,feet,-0.08140634514131984,-0.172278217097396,-0.24694716458574817,-39.302864011836924,63.971580224742276,9.666945064109186,-39.48803325893248,66.27374631292423,0.0,1,-1.5987211554602254e-14,-0.08384696785392043,-0.2095038031392047,-0.34318736776417236,-40.10685708522931,-63.385170426140384,9.70434368739322,-39.63632673702084,-59.98254951054344,0.0,1,2.842170943040401e-14,-0.018567547526818107,-0.08417181918038619,-0.5946670546533066,78.5684998162006,63.35221926113293,9.691591708973846,77.73348583732954,59.99808297606773,0.0,1,-3.019806626980426e-14,-0.01524889549654107,-0.14427390101137005,-0.7188563612934833,77.35160892556502,-64.02594195708056,9.707029846930809,77.85090268122538,-67.4085519231407,0.0,1,2.4868995751603507e-14
3.35,3350000,left_front_slump,-4.0,0.9967349913726419,68.00326500862735,0.9956653099821116,0.02750387628115556,0.08666074240018772,-0.01959701544584177,-4.0,0.9967349913726419,68.00326500862735,35.56467939930634,7.230695216164065,0,feet,-0.08155411894141551,-0.17221620268208948,-0.24688365610709573,-39.302477120571574,63.972052973107886,9.66705021757479,-39.48803325893248,66.27374631292423,0.0,1,4.263256414560601e-14,-0.08400372400922151,-0.2095133334407424,-0.34329852075845224,-40.107932959131546,-63.38453414086505,9.704514539801238,-39.63632673702084,-59.98254951054344,0.0,1,3.552713678800501e-14,-0.018603032448316625,-0.08410802358693337,-0.594577236595077,78.5695805241741,63.351552957185824,9.691729111852162,77.73348583732954,59.99808297606773,0.0,1,8.881784197001252e-15,-0.015271985171026792,-0.1443255142529174,-0.7189943932753677,77.35043376770179,-64.02653364366425,9.707175495993624,77.85090268122538,-67.4085519231407,0.0,1,-2.3092638912203256e-14
3.3583333333333334,3358333,left_front_slump,-4.0,0.9980748397681329,68.00192516023186,0.9956638859970667,0.027540827882203293,0.08665941092732367,-0.019623338617886905,-4.0,0.9980748397681329,68.00192516023186,35.564677825597556,7.229046147197806,0,feet,-0.08166273909778266,-0.17217062867387067,-0.246836968728398,-39.302192673449014,63.972400413748694,9.667127471451167,-39.48803325893248,66.27374631292423,0.0,1,2.3092638912203256e-14,-0.08411895748232823,-0.20952035727140572,-0.34338021674955943,-40.108723706745735,-63.384066289943966,9.70464007623891,-39.63632673702084,-59.98254951054344,0.0,1,-1.4210854715202004e-14,-0.0186291194101722,-0.08406113661852688,-0.5945112092806517,78.57037487554572,63.35106311934094,9.691830029136959,77.73348583732954,59.99808297606773,0.0,1,-4.085620730620576e-14,-0.015288945287881717,-0.14436347314291265,-0.7190958519025328,77.34956987385148,-64.02696855813683,9.707282433715164,77.85090268122538,-67.4085519231407,0.0,1,-1.7763568394002505e-14
3.3666666666666667,3366667,left_front_slump,-4.0,0.9989958622472851,68.00100413775272,0.9956629060296475,0.027566228660588016,0.08665849462558953,-0.019641433329987253,-4.0,0.9989958622472851,68.00100413775272,35.564676743817586,7.227912687704517,0,feet,-0.08173740388102546,-0.1721393059589298,-0.24680487323623534,-39.30199711430523,63.972639217628185,9.66718055634739,-39.48803325893248,66.27374631292423,0.0,1,2.3092638912203256e-14,-0.08419817357106751,-0.20952519456919072,-0.3434363709502808,-40.10926722882985,-63.38374461679521,9.704726345822799,-39.63632673702084,-59.98254951054344,0.0,1,-5.329070518200751e-15,-0.018647053384467593,-0.08402890955730813,-0.5944658190272345,78.57092089965509,63.35072637090665,9.69189935980475,77.73348583732954,59.99808297606773,0.0,1,3.197442310920451e-14,-0.015300597762105017,-0.14438957611486636,-0.7191655934704477,77.34897598884653,-64.02726751508091,9.707355882701776,77.85090268122538,-67.4085519231407,0.0,1,-1.7763568394002505e-14
3.375,3375000,left_front_slump,-4.0,0.999568515908549,68.00043148409145,0.9956622962710232,0.02758202179403708,0.08665792448125952,-0.0196526838540384,-4.0,0.999568515908549,68.00043148409145,35.564676071211565,7.227208000301687,0,feet,-0.08178382670462714,-0.1721198329360698,-0.24678491667759594,-39.301875512256,63.97278768384169,9.667213554109217,-39.48803325893248,66.27374631292423,0.0,1,-5.329070518200751e-15,-0.08424742836837273,-0.2095282059225374,-0.34347128355211476,-40.10960515023484,-63.38354458552807,9.704779974342898,-39.63632673702084,-59.98254951054344,0.0,1,-8.881784197001252e-15,-0.018658204639974585,-0.08400887350726238,-0.5944375961984467,78.57126038689395,63.35051698234828,9.69194245003493,77.73348583732954,59.99808297606773,0.0,1,3.197442310920451e-14,-0.01530784030444643,-0.14440580985873197,-0.719208955109949,77.34860672033328,-64.02745339137071,9.70740152524197,77.85090268122538,-67.4085519231407,0.0,1,8.881784197001252e-15
3.3833333333333333,3383333,left_front_slump,-4.0,0.999869799987807,68.0001302000122,0.9956619753251144,0.02759033085862415,0.08665762438630449,-0.01965860296473722,-4.0,0.999869799987807,68.0001302000122,35.56467571734063,7.226837266375938,0,feet,-0.08180825044321383,-0.17210958846537983,-0.24677441686912172,-39.30181153155528,63.972865791023196,9.667230912331625,-39.48803325893248,66.27374631292423,0.0,1,4.618527782440651e-14,-0.08427334272769027,-0.2095297913989702,-0.3434896512012231,-40.10978293158738,-63.383439336554844,9.704808186154452,-39.63632673702084,-59.98254951054344,0.0,1,3.730349362740526e-14,-0.01866407173031126,-0.0839983325887581,-0.5944227473041845,78.57143899519521,63.350406815218285,9.69196511548816,77.73348583732954,59.99808297606773,0.0,1,6.039613253960852e-14,-0.015311649980215059,-0.14441435197303099,-0.719231768260062,77.34841243634388,-64.02755118360214,9.707425530962112,77.85090268122538,-67.4085519231407,0.0,1,4.085620730620576e-14
3.3916666666666666,3391667,left_front_slump,-4.0,0.9999834280198696,68.00001657198013,0.9956618542566027,0.027593464586559837,0.08665751118327471,-0.019660835331560763,-4.0,0.9999834280198696,68.00001657198013,35.56467558387968,7.22669744842446,0,feet,-0.08181746171845461,-0.17210572492427545,-0.24677045686007082,-39.301787400869365,63.97289524815037,9.667237458459041,-39.48803325893248,66.27374631292423,0.0,1,1.7763568394002505e-15,-0.08428311630339191,-0.20953038955991854,-0.34349657838656533,-40.10984998008226,-63.3833996407891,9.704818825551563,-39.63632673702084,-59.98254951054344,0.0,1,7.105427357601002e-15,-0.018666284514885945,-0.08399435720270398,-0.5944171470479915,78.57150635613142,63.3503652654665,9.691973662748119,77.73348583732954,59.99808297606773,0.0,1,1.4210854715202004e-14,-0.015313086646579155,-0.14441757381602782,-0.7192403721012885,77.34833916210025,-64.02758806538135,9.707434583241124,77.85090268122538,-67.4085519231407,0.0,1,2.6645352591003757e-14
3.4,3400000,left_front_slump,-4.0,1.0,68.0,0.9956618365983234,0.027593921622298206,0.08665749467220447,-0.019661160909083267,-4.0,1.0,68.0,35.56467556441519,7.226677056926796,0,feet,-0.08181880512713224,-0.1721051614549407,-0.24676987931374805,-39.30178388152186,63.972899544268486,9.667238413152461,-39.48803325893248,66.27374631292423,0.0,1,-3.552713678800501e-15,-0.0842845417257343,-0.20953047680756232,-0.34349758867137226,-40.109859758665124,-63.38339385132396,9.704820377218986,-39.63632673702084,-59.98254951054344,0.0,1,1.5987211554602254e-14,-0.01866660723814695,-0.08399377741956959,-0.5944163302809224,78.57151618030767,63.35035920564851,9.69197490927359,77.73348583732954,59.99808297606773,0.0,1,4.085620730620576e-14,-0.015313296169650492,-0.1444180437129594,-0.7192416269189539,77.34832847544394,-64.02759344436492,9.707435903399698,77.85090268122538,-67.4085519231407,0.0,1,2.1316282072803006e-14
3.408333333333333,3408333,hold_left_slump,-4.0,1.0,68.0,0.9956618365983234,0.027593921622298206,0.08665749467220447,-0.019661160909083267,-4.0,1.0,68.0,35.56467556441519,7.226677056926796,0,feet,-0.08181880512713224,-0.1721051614549407,-0.24676987931374805,-39.30178388152186,63.972899544268486,9.667238413152461,-39.48803325893248,66.27374631292423,0.0,1,-3.552713678800501e-15,-0.0842845417257343,-0.20953047680756232,-0.34349758867137226,-40.109859758665124,-63.38339385132396,9.704820377218986,-39.63632673702084,-59.98254951054344,0.0,1,1.5987211554602254e-14,-0.01866660723814695,-0.08399377741956959,-0.5944163302809224,78.57151618030767,63.35035920564851,9.69197490927359,77.73348583732954,59.99808297606773,0.0,1,4.085620730620576e-14,-0.015313296169650492,-0.1444180437129594,-0.7192416269189539,77.34832847544394,-64.02759344436492,9.707435903399698,77.85090268122538,-67.4085519231407,0.0,1,2.1316282072803006e-14
3.4166666666666665,3416667,hold_left_slump,-4.0,1.0,68.0,0.9956618365983234,0.027593921622298206,0.08665749467220447,-0.019661160909083267,-4.0,1.0,68.0,35.56467556441519,7.226677056926796,0,feet,-0.08181880512713224,-0.1721051614549407,-0.24676987931374805,-39.30178388152186,63.972899544268486,9.667238413152461,-39.48803325893248,66.27374631292423,0.0,1,-3.552713678800501e-15,-0.0842845417257343,-0.20953047680756232,-0.34349758867137226,-40.109859758665124,-63.38339385132396,9.704820377218986,-39.63632673702084,-59.98254951054344,0.0,1,1.5987211554602254e-14,-0.01866660723814695,-0.08399377741956959,-0.5944163302809224,78.57151618030767,63.35035920564851,9.69197490927359,77.73348583732954,59.99808297606773,0.0,1,4.085620730620576e-14,-0.015313296169650492,-0.1444180437129594,-0.7192416269189539,77.34832847544394,-64.02759344436492,9.707435903399698,77.85090268122538,-67.4085519231407,0.0,1,2.1316282072803006e-14
3.425,3425000,hold_left_slump,-4.0,1.0,68.0,0.9956618365983234,0.027593921622298206,0.08665749467220447,-0.019661160909083267,-4.0,1.0,68.0,35.56467556441519,7.226677056926796,0,feet,-0.08181880512713224,-0.1721051614549407,-0.24676987931374805,-39.30178388152186,63.972899544268486,9.667238413152461,-39.48803325893248,66.27374631292423,0.0,1,-3.552713678800501e-15,-0.0842845417257343,-0.20953047680756232,-0.34349758867137226,-40.109859758665124,-63.38339385132396,9.704820377218986,-39.63632673702084,-59.98254951054344,0.0,1,1.5987211554602254e-14,-0.01866660723814695,-0.08399377741956959,-0.5944163302809224,78.57151618030767,63.35035920564851,9.69197490927359,77.73348583732954,59.99808297606773,0.0,1,4.085620730620576e-14,-0.015313296169650492,-0.1444180437129594,-0.7192416269189539,77.34832847544394,-64.02759344436492,9.707435903399698,77.85090268122538,-67.4085519231407,0.0,1,2.1316282072803006e-14
3.433333333333333,3433333,hold_left_slump,-4.0,1.0,68.0,0.9956618365983234,0.027593921622298206,0.08665749467220447,-0.019661160909083267,-4.0,1.0,68.0,35.56467556441519,7.226677056926796,0,feet,-0.08181880512713224,-0.1721051614549407,-0.24676987931374805,-39.30178388152186,63.972899544268486,9.667238413152461,-39.48803325893248,66.27374631292423,0.0,1,-3.552713678800501e-15,-0.0842845417257343,-0.20953047680756232,-0.34349758867137226,-40.109859758665124,-63.38339385132396,9.704820377218986,-39.63632673702084,-59.98254951054344,0.0,1,1.5987211554602254e-14,-0.01866660723814695,-0.08399377741956959,-0.5944163302809224,78.57151618030767,63.35035920564851,9.69197490927359,77.73348583732954,59.99808297606773,0.0,1,4.085620730620576e-14,-0.015313296169650492,-0.1444180437129594,-0.7192416269189539,77.34832847544394,-64.02759344436492,9.707435903399698,77.85090268122538,-67.4085519231407,0.0,1,2.1316282072803006e-14
3.441666666666667,3441667,hold_left_slump,-4.0,1.0,68.0,0.9956618365983234,0.027593921622298206,0.08665749467220447,-0.019661160909083267,-4.0,1.0,68.0,35.56467556441519,7.226677056926796,0,feet,-0.08181880512713224,-0.1721051614549407,-0.24676987931374805,-39.30178388152186,63.972899544268486,9.667238413152461,-39.48803325893248,66.27374631292423,0.0,1,-3.552713678800501e-15,-0.0842845417257343,-0.20953047680756232,-0.34349758867137226,-40.109859758665124,-63.38339385132396,9.704820377218986,-39.63632673702084,-59.98254951054344,0.0,1,1.5987211554602254e-14,-0.01866660723814695,-0.08399377741956959,-0.5944163302809224,78.57151618030767,63.35035920564851,9.69197490927359,77.73348583732954,59.99808297606773,0.0,1,4.085620730620576e-14,-0.015313296169650492,-0.1444180437129594,-0.7192416269189539,77.34832847544394,-64.02759344436492,9.707435903399698,77.85090268122538,-67.4085519231407,0.0,1,2.1316282072803006e-14
3.45,3450000,hold_left_slump,-4.0,1.0,68.0,0.9956618365983234,0.027593921622298206,0.08665749467220447,-0.019661160909083267,-4.0,1.0,68.0,35.56467556441519,7.226677056926796,0,feet,-0.08181880512713224,-0.1721051614549407,-0.24676987931374805,-39.30178388152186,63.972899544268486,9.667238413152461,-39.48803325893248,66.27374631292423,0.0,1,-3.552713678800501e-15,-0.0842845417257343,-0.20953047680756232,-0.34349758867137226,-40.109859758665124,-63.38339385132396,9.704820377218986,-39.63632673702084,-59.98254951054344,0.0,1,1.5987211554602254e-14,-0.01866660723814695,-0.08399377741956959,-0.5944163302809224,78.57151618030767,63.35035920564851,9.69197490927359,77.73348583732954,59.99808297606773,0.0,1,4.085620730620576e-14,-0.015313296169650492,-0.1444180437129594,-0.7192416269189539,77.34832847544394,-64.02759344436492,9.707435903399698,77.85090268122538,-67.4085519231407,0.0,1,2.1316282072803006e-14
3.4583333333333335,3458333,hold_left_slump,-4.0,1.0,68.0,0.9956618365983234,0.027593921622298206,0.08665749467220447,-0.019661160909083267,-4.0,1.0,68.0,35.56467556441519,7.226677056926796,0,feet,-0.08181880512713224,-0.1721051614549407,-0.24676987931374805,-39.30178388152186,63.972899544268486,9.667238413152461,-39.48803325893248,66.27374631292423,0.0,1,-3.552713678800501e-15,-0.0842845417257343,-0.20953047680756232,-0.34349758867137226,-40.109859758665124,-63.38339385132396,9.704820377218986,-39.63632673702084,-59.98254951054344,0.0,1,1.5987211554602254e-14,-0.01866660723814695,-0.08399377741956959,-0.5944163302809224,78.57151618030767,63.35035920564851,9.69197490927359,77.73348583732954,59.99808297606773,0.0,1,4.085620730620576e-14,-0.015313296169650492,-0.1444180437129594,-0.7192416269189539,77.34832847544394,-64.02759344436492,9.707435903399698,77.85090268122538,-67.4085519231407,0.0,1,2.1316282072803006e-14
3.466666666666667,3466667,hold_left_slump,-4.0,1.0,68.0,0.9956618365983234,0.027593921622298206,0.08665749467220447,-0.019661160909083267,-4.0,1.0,68.0,35.56467556441519,7.226677056926796,0,feet,-0.08181880512713224,-0.1721051614549407,-0.24676987931374805,-39.30178388152186,63.972899544268486,9.667238413152461,-39.48803325893248,66.27374631292423,0.0,1,-3.552713678800501e-15,-0.0842845417257343,-0.20953047680756232,-0.34349758867137226,-40.109859758665124,-63.38339385132396,9.704820377218986,-39.63632673702084,-59.98254951054344,0.0,1,1.5987211554602254e-14,-0.01866660723814695,-0.08399377741956959,-0.5944163302809224,78.57151618030767,63.35035920564851,9.69197490927359,77.73348583732954,59.99808297606773,0.0,1,4.085620730620576e-14,-0.015313296169650492,-0.1444180437129594,-0.7192416269189539,77.34832847544394,-64.02759344436492,9.707435903399698,77.85090268122538,-67.4085519231407,0.0,1,2.1316282072803006e-14
3.475,3475000,hold_left_slump,-4.0,1.0,68.0,0.9956618365983234,0.027593921622298206,0.08665749467220447,-0.019661160909083267,-4.0,1.0,68.0,35.56467556441519,7.226677056926796,0,feet,-0.08181880512713224,-0.1721051614549407,-0.24676987931374805,-39.30178388152186,63.972899544268486,9.667238413152461,-39.48803325893248,66.27374631292423,0.0,1,-3.552713678800501e-15,-0.0842845417257343,-0.20953047680756232,-0.34349758867137226,-40.109859758665124,-63.38339385132396,9.704820377218986,-39.63632673702084,-59.98254951054344,0.0,1,1.5987211554602254e-14,-0.01866660723814695,-0.08399377741956959,-0.5944163302809224,78.57151618030767,63.35035920564851,9.69197490927359,77.73348583732954,59.99808297606773,0.0,1,4.085620730620576e-14,-0.015313296169650492,-0.1444180437129594,-0.7192416269189539,77.34832847544394,-64.02759344436492,9.707435903399698,77.85090268122538,-67.4085519231407,0.0,1,2.1316282072803006e-14
3.4833333333333334,3483333,hold_left_slump,-4.0,1.0,68.0,0.9956618365983234,0.027593921622298206,0.08665749467220447,-0.019661160909083267,-4.0,1.0,68.0,35.56467556441519,7.226677056926796,0,feet,-0.08181880512713224,-0.1721051614549407,-0.24676987931374805,-39.30178388152186,63.972899544268486,9.667238413152461,-39.48803325893248,66.27374631292423,0.0,1,-3.552713678800501e-15,-0.0842845417257343,-0.20953047680756232,-0.34349758867137226,-40.109859758665124,-63.38339385132396,9.704820377218986,-39.63632673702084,-59.98254951054344,0.0,1,1.5987211554602254e-14,-0.01866660723814695,-0.08399377741956959,-0.5944163302809224,78.57151618030767,63.35035920564851,9.69197490927359,77.73348583732954,59.99808297606773,0.0,1,4.085620730620576e-14,-0.015313296169650492,-0.1444180437129594,-0.7192416269189539,77.34832847544394,-64.02759344436492,9.707435903399698,77.85090268122538,-67.4085519231407,0.0,1,2.1316282072803006e-14
3.4916666666666667,3491667,hold_left_slump,-4.0,1.0,68.0,0.9956618365983234,0.027593921622298206,0.08665749467220447,-0.019661160909083267,-4.0,1.0,68.0,35.56467556441519,7.226677056926796,0,feet,-0.08181880512713224,-0.1721051614549407,-0.24676987931374805,-39.30178388152186,63.972899544268486,9.667238413152461,-39.48803325893248,66.27374631292423,0.0,1,-3.552713678800501e-15,-0.0842845417257343,-0.20953047680756232,-0.34349758867137226,-40.109859758665124,-63.38339385132396,9.704820377218986,-39.63632673702084,-59.98254951054344,0.0,1,1.5987211554602254e-14,-0.01866660723814695,-0.08399377741956959,-0.5944163302809224,78.57151618030767,63.35035920564851,9.69197490927359,77.73348583732954,59.99808297606773,0.0,1,4.085620730620576e-14,-0.015313296169650492,-0.1444180437129594,-0.7192416269189539,77.34832847544394,-64.02759344436492,9.707435903399698,77.85090268122538,-67.4085519231407,0.0,1,2.1316282072803006e-14
3.5,3500000,hold_left_slump,-4.0,1.0,68.0,0.9956618365983234,0.027593921622298206,0.08665749467220447,-0.019661160909083267,-4.0,1.0,68.0,35.56467556441519,7.226677056926796,0,feet,-0.08181880512713224,-0.1721051614549407,-0.24676987931374805,-39.30178388152186,63.972899544268486,9.667238413152461,-39.48803325893248,66.27374631292423,0.0,1,-3.552713678800501e-15,-0.0842845417257343,-0.20953047680756232,-0.34349758867137226,-40.109859758665124,-63.38339385132396,9.704820377218986,-39.63632673702084,-59.98254951054344,0.0,1,1.5987211554602254e-14,-0.01866660723814695,-0.08399377741956959,-0.5944163302809224,78.57151618030767,63.35035920564851,9.69197490927359,77.73348583732954,59.99808297606773,0.0,1,4.085620730620576e-14,-0.015313296169650492,-0.1444180437129594,-0.7192416269189539,77.34832847544394,-64.02759344436492,9.707435903399698,77.85090268122538,-67.4085519231407,0.0,1,2.1316282072803006e-14
3.5083333333333333,3508333,hold_left_slump,-4.0,1.0,68.0,0.9956618365983234,0.027593921622298206,0.08665749467220447,-0.019661160909083267,-4.0,1.0,68.0,35.56467556441519,7.226677056926796,0,feet,-0.08181880512713224,-0.1721051614549407,-0.24676987931374805,-39.30178388152186,63.972899544268486,9.667238413152461,-39.48803325893248,66.27374631292423,0.0,1,-3.552713678800501e-15,-0.0842845417257343,-0.20953047680756232,-0.34349758867137226,-40.109859758665124,-63.38339385132396,9.704820377218986,-39.63632673702084,-59.98254951054344,0.0,1,1.5987211554602254e-14,-0.01866660723814695,-0.08399377741956959,-0.5944163302809224,78.57151618030767,63.35035920564851,9.69197490927359,77.73348583732954,59.99808297606773,0.0,1,4.085620730620576e-14,-0.015313296169650492,-0.1444180437129594,-0.7192416269189539,77.34832847544394,-64.02759344436492,9.707435903399698,77.85090268122538,-67.4085519231407,0.0,1,2.1316282072803006e-14
3.5166666666666666,3516667,hold_left_slump,-4.0,1.0,68.0,0.9956618365983234,0.027593921622298206,0.08665749467220447,-0.019661160909083267,-4.0,1.0,68.0,35.56467556441519,7.226677056926796,0,feet,-0.08181880512713224,-0.1721051614549407,-0.24676987931374805,-39.30178388152186,63.972899544268486,9.667238413152461,-39.48803325893248,66.27374631292423,0.0,1,-3.552713678800501e-15,-0.0842845417257343,-0.20953047680756232,-0.34349758867137226,-40.109859758665124,-63.38339385132396,9.704820377218986,-39.63632673702084,-59.98254951054344,0.0,1,1.5987211554602254e-14,-0.01866660723814695,-0.08399377741956959,-0.5944163302809224,78.57151618030767,63.35035920564851,9.69197490927359,77.73348583732954,59.99808297606773,0.0,1,4.085620730620576e-14,-0.015313296169650492,-0.1444180437129594,-0.7192416269189539,77.34832847544394,-64.02759344436492,9.707435903399698,77.85090268122538,-67.4085519231407,0.0,1,2.1316282072803006e-14
3.525,3525000,hold_left_slump,-4.0,1.0,68.0,0.9956618365983234,0.027593921622298206,0.08665749467220447,-0.019661160909083267,-4.0,1.0,68.0,35.56467556441519,7.226677056926796,0,feet,-0.08181880512713224,-0.1721051614549407,-0.24676987931374805,-39.30178388152186,63.972899544268486,9.667238413152461,-39.48803325893248,66.27374631292423,0.0,1,-3.552713678800501e-15,-0.0842845417257343,-0.20953047680756232,-0.34349758867137226,-40.109859758665124,-63.38339385132396,9.704820377218986,-39.63632673702084,-59.98254951054344,0.0,1,1.5987211554602254e-14,-0.01866660723814695,-0.08399377741956959,-0.5944163302809224,78.57151618030767,63.35035920564851,9.69197490927359,77.73348583732954,59.99808297606773,0.0,1,4.085620730620576e-14,-0.015313296169650492,-0.1444180437129594,-0.7192416269189539,77.34832847544394,-64.02759344436492,9.707435903399698,77.85090268122538,-67.4085519231407,0.0,1,2.1316282072803006e-14
3.533333333333333,3533333,hold_left_slump,-4.0,1.0,68.0,0.9956618365983234,0.027593921622298206,0.08665749467220447,-0.019661160909083267,-4.0,1.0,68.0,35.56467556441519,7.226677056926796,0,feet,-0.08181880512713224,-0.1721051614549407,-0.24676987931374805,-39.30178388152186,63.972899544268486,9.667238413152461,-39.48803325893248,66.27374631292423,0.0,1,-3.552713678800501e-15,-0.0842845417257343,-0.20953047680756232,-0.34349758867137226,-40.109859758665124,-63.38339385132396,9.704820377218986,-39.63632673702084,-59.98254951054344,0.0,1,1.5987211554602254e-14,-0.01866660723814695,-0.08399377741956959,-0.5944163302809224,78.57151618030767,63.35035920564851,9.69197490927359,77.73348583732954,59.99808297606773,0.0,1,4.085620730620576e-14,-0.015313296169650492,-0.1444180437129594,-0.7192416269189539,77.34832847544394,-64.02759344436492,9.707435903399698,77.85090268122538,-67.4085519231407,0.0,1,2.1316282072803006e-14
3.5416666666666665,3541667,hold_left_slump,-4.0,1.0,68.0,0.9956618365983234,0.027593921622298206,0.08665749467220447,-0.019661160909083267,-4.0,1.0,68.0,35.56467556441519,7.226677056926796,0,feet,-0.08181880512713224,-0.1721051614549407,-0.24676987931374805,-39.30178388152186,63.972899544268486,9.667238413152461,-39.48803325893248,66.27374631292423,0.0,1,-3.552713678800501e-15,-0.0842845417257343,-0.20953047680756232,-0.34349758867137226,-40.109859758665124,-63.38339385132396,9.704820377218986,-39.63632673702084,-59.98254951054344,0.0,1,1.5987211554602254e-14,-0.01866660723814695,-0.08399377741956959,-0.5944163302809224,78.57151618030767,63.35035920564851,9.69197490927359,77.73348583732954,59.99808297606773,0.0,1,4.085620730620576e-14,-0.015313296169650492,-0.1444180437129594,-0.7192416269189539,77.34832847544394,-64.02759344436492,9.707435903399698,77.85090268122538,-67.4085519231407,0.0,1,2.1316282072803006e-14
3.55,3550000,hold_left_slump,-4.0,1.0,68.0,0.9956618365983234,0.027593921622298206,0.08665749467220447,-0.019661160909083267,-4.0,1.0,68.0,35.56467556441519,7.226677056926796,0,feet,-0.08181880512713224,-0.1721051614549407,-0.24676987931374805,-39.30178388152186,63.972899544268486,9.667238413152461,-39.48803325893248,66.27374631292423,0.0,1,-3.552713678800501e-15,-0.0842845417257343,-0.20953047680756232,-0.34349758867137226,-40.109859758665124,-63.38339385132396,9.704820377218986,-39.63632673702084,-59.98254951054344,0.0,1,1.5987211554602254e-14,-0.01866660723814695,-0.08399377741956959,-0.5944163302809224,78.57151618030767,63.35035920564851,9.69197490927359,77.73348583732954,59.99808297606773,0.0,1,4.085620730620576e-14,-0.015313296169650492,-0.1444180437129594,-0.7192416269189539,77.34832847544394,-64.02759344436492,9.707435903399698,77.85090268122538,-67.4085519231407,0.0,1,2.1316282072803006e-14
3.558333333333333,3558333,hold_left_slump,-4.0,1.0,68.0,0.9956618365983234,0.027593921622298206,0.08665749467220447,-0.019661160909083267,-4.0,1.0,68.0,35.56467556441519,7.226677056926796,0,feet,-0.08181880512713224,-0.1721051614549407,-0.24676987931374805,-39.30178388152186,63.972899544268486,9.667238413152461,-39.48803325893248,66.27374631292423,0.0,1,-3.552713678800501e-15,-0.0842845417257343,-0.20953047680756232,-0.34349758867137226,-40.109859758665124,-63.38339385132396,9.704820377218986,-39.63632673702084,-59.98254951054344,0.0,1,1.5987211554602254e-14,-0.01866660723814695,-0.08399377741956959,-0.5944163302809224,78.57151618030767,63.35035920564851,9.69197490927359,77.73348583732954,59.99808297606773,0.0,1,4.085620730620576e-14,-0.015313296169650492,-0.1444180437129594,-0.7192416269189539,77.34832847544394,-64.02759344436492,9.707435903399698,77.85090268122538,-67.4085519231407,0.0,1,2.1316282072803006e-14
3.566666666666667,3566667,hold_left_slump,-4.0,1.0,68.0,0.9956618365983234,0.027593921622298206,0.08665749467220447,-0.019661160909083267,-4.0,1.0,68.0,35.56467556441519,7.226677056926796,0,feet,-0.08181880512713224,-0.1721051614549407,-0.24676987931374805,-39.30178388152186,63.972899544268486,9.667238413152461,-39.48803325893248,66.27374631292423,0.0,1,-3.552713678800501e-15,-0.0842845417257343,-0.20953047680756232,-0.34349758867137226,-40.109859758665124,-63.38339385132396,9.704820377218986,-39.63632673702084,-59.98254951054344,0.0,1,1.5987211554602254e-14,-0.01866660723814695,-0.08399377741956959,-0.5944163302809224,78.57151618030767,63.35035920564851,9.69197490927359,77.73348583732954,59.99808297606773,0.0,1,4.085620730620576e-14,-0.015313296169650492,-0.1444180437129594,-0.7192416269189539,77.34832847544394,-64.02759344436492,9.707435903399698,77.85090268122538,-67.4085519231407,0.0,1,2.1316282072803006e-14
3.575,3575000,hold_left_slump,-4.0,1.0,68.0,0.9956618365983234,0.027593921622298206,0.08665749467220447,-0.019661160909083267,-4.0,1.0,68.0,35.56467556441519,7.226677056926796,0,feet,-0.08181880512713224,-0.1721051614549407,-0.24676987931374805,-39.30178388152186,63.972899544268486,9.667238413152461,-39.48803325893248,66.27374631292423,0.0,1,-3.552713678800501e-15,-0.0842845417257343,-0.20953047680756232,-0.34349758867137226,-40.109859758665124,-63.38339385132396,9.704820377218986,-39.63632673702084,-59.98254951054344,0.0,1,1.5987211554602254e-14,-0.01866660723814695,-0.08399377741956959,-0.5944163302809224,78.57151618030767,63.35035920564851,9.69197490927359,77.73348583732954,59.99808297606773,0.0,1,4.085620730620576e-14,-0.015313296169650492,-0.1444180437129594,-0.7192416269189539,77.34832847544394,-64.02759344436492,9.707435903399698,77.85090268122538,-67.4085519231407,0.0,1,2.1316282072803006e-14
3.5833333333333335,3583333,hold_left_slump,-4.0,1.0,68.0,0.9956618365983234,0.027593921622298206,0.08665749467220447,-0.019661160909083267,-4.0,1.0,68.0,35.56467556441519,7.226677056926796,0,feet,-0.08181880512713224,-0.1721051614549407,-0.24676987931374805,-39.30178388152186,63.972899544268486,9.667238413152461,-39.48803325893248,66.27374631292423,0.0,1,-3.552713678800501e-15,-0.0842845417257343,-0.20953047680756232,-0.34349758867137226,-40.109859758665124,-63.38339385132396,9.704820377218986,-39.63632673702084,-59.98254951054344,0.0,1,1.5987211554602254e-14,-0.01866660723814695,-0.08399377741956959,-0.5944163302809224,78.57151618030767,63.35035920564851,9.69197490927359,77.73348583732954,59.99808297606773,0.0,1,4.085620730620576e-14,-0.015313296169650492,-0.1444180437129594,-0.7192416269189539,77.34832847544394,-64.02759344436492,9.707435903399698,77.85090268122538,-67.4085519231407,0.0,1,2.1316282072803006e-14
3.591666666666667,3591667,hold_left_slump,-4.0,1.0,68.0,0.9956618365983234,0.027593921622298206,0.08665749467220447,-0.019661160909083267,-4.0,1.0,68.0,35.56467556441519,7.226677056926796,0,feet,-0.08181880512713224,-0.1721051614549407,-0.24676987931374805,-39.30178388152186,63.972899544268486,9.667238413152461,-39.48803325893248,66.27374631292423,0.0,1,-3.552713678800501e-15,-0.0842845417257343,-0.20953047680756232,-0.34349758867137226,-40.109859758665124,-63.38339385132396,9.704820377218986,-39.63632673702084,-59.98254951054344,0.0,1,1.5987211554602254e-14,-0.01866660723814695,-0.08399377741956959,-0.5944163302809224,78.57151618030767,63.35035920564851,9.69197490927359,77.73348583732954,59.99808297606773,0.0,1,4.085620730620576e-14,-0.015313296169650492,-0.1444180437129594,-0.7192416269189539,77.34832847544394,-64.02759344436492,9.707435903399698,77.85090268122538,-67.4085519231407,0.0,1,2.1316282072803006e-14
3.6,3600000,hold_left_slump,-4.0,1.0,68.0,0.9956618365983234,0.027593921622298206,0.08665749467220447,-0.019661160909083267,-4.0,1.0,68.0,35.56467556441519,7.226677056926796,0,feet,-0.08181880512713224,-0.1721051614549407,-0.24676987931374805,-39.30178388152186,63.972899544268486,9.667238413152461,-39.48803325893248,66.27374631292423,0.0,1,-3.552713678800501e-15,-0.0842845417257343,-0.20953047680756232,-0.34349758867137226,-40.109859758665124,-63.38339385132396,9.704820377218986,-39.63632673702084,-59.98254951054344,0.0,1,1.5987211554602254e-14,-0.01866660723814695,-0.08399377741956959,-0.5944163302809224,78.57151618030767,63.35035920564851,9.69197490927359,77.73348583732954,59.99808297606773,0.0,1,4.085620730620576e-14,-0.015313296169650492,-0.1444180437129594,-0.7192416269189539,77.34832847544394,-64.02759344436492,9.707435903399698,77.85090268122538,-67.4085519231407,0.0,1,2.1316282072803006e-14
3.6083333333333334,3608333,hold_left_slump,-4.0,1.0,68.0,0.9956618365983234,0.027593921622298206,0.08665749467220447,-0.019661160909083267,-4.0,1.0,68.0,35.56467556441519,7.226677056926796,0,feet,-0.08181880512713224,-0.1721051614549407,-0.24676987931374805,-39.30178388152186,63.972899544268486,9.667238413152461,-39.48803325893248,66.27374631292423,0.0,1,-3.552713678800501e-15,-0.0842845417257343,-0.20953047680756232,-0.34349758867137226,-40.109859758665124,-63.38339385132396,9.704820377218986,-39.63632673702084,-59.98254951054344,0.0,1,1.5987211554602254e-14,-0.01866660723814695,-0.08399377741956959,-0.5944163302809224,78.57151618030767,63.35035920564851,9.69197490927359,77.73348583732954,59.99808297606773,0.0,1,4.085620730620576e-14,-0.015313296169650492,-0.1444180437129594,-0.7192416269189539,77.34832847544394,-64.02759344436492,9.707435903399698,77.85090268122538,-67.4085519231407,0.0,1,2.1316282072803006e-14
3.6166666666666667,3616667,hold_left_slump,-4.0,1.0,68.0,0.9956618365983234,0.027593921622298206,0.08665749467220447,-0.019661160909083267,-4.0,1.0,68.0,35.56467556441519,7.226677056926796,0,feet,-0.08181880512713224,-0.1721051614549407,-0.24676987931374805,-39.30178388152186,63.972899544268486,9.667238413152461,-39.48803325893248,66.27374631292423,0.0,1,-3.552713678800501e-15,-0.0842845417257343,-0.20953047680756232,-0.34349758867137226,-40.109859758665124,-63.38339385132396,9.704820377218986,-39.63632673702084,-59.98254951054344,0.0,1,1.5987211554602254e-14,-0.01866660723814695,-0.08399377741956959,-0.5944163302809224,78.57151618030767,63.35035920564851,9.69197490927359,77.73348583732954,59.99808297606773,0.0,1,4.085620730620576e-14,-0.015313296169650492,-0.1444180437129594,-0.7192416269189539,77.34832847544394,-64.02759344436492,9.707435903399698,77.85090268122538,-67.4085519231407,0.0,1,2.1316282072803006e-14
3.625,3625000,hold_left_slump,-4.0,1.0,68.0,0.9956618365983234,0.027593921622298206,0.08665749467220447,-0.019661160909083267,-4.0,1.0,68.0,35.56467556441519,7.226677056926796,0,feet,-0.08181880512713224,-0.1721051614549407,-0.24676987931374805,-39.30178388152186,63.972899544268486,9.667238413152461,-39.48803325893248,66.27374631292423,0.0,1,-3.552713678800501e-15,-0.0842845417257343,-0.20953047680756232,-0.34349758867137226,-40.109859758665124,-63.38339385132396,9.704820377218986,-39.63632673702084,-59.98254951054344,0.0,1,1.5987211554602254e-14,-0.01866660723814695,-0.08399377741956959,-0.5944163302809224,78.57151618030767,63.35035920564851,9.69197490927359,77.73348583732954,59.99808297606773,0.0,1,4.085620730620576e-14,-0.015313296169650492,-0.1444180437129594,-0.7192416269189539,77.34832847544394,-64.02759344436492,9.707435903399698,77.85090268122538,-67.4085519231407,0.0,1,2.1316282072803006e-14
3.6333333333333333,3633333,hold_left_slump,-4.0,1.0,68.0,0.9956618365983234,0.027593921622298206,0.08665749467220447,-0.019661160909083267,-4.0,1.0,68.0,35.56467556441519,7.226677056926796,0,feet,-0.08181880512713224,-0.1721051614549407,-0.24676987931374805,-39.30178388152186,63.972899544268486,9.667238413152461,-39.48803325893248,66.27374631292423,0.0,1,-3.552713678800501e-15,-0.0842845417257343,-0.20953047680756232,-0.34349758867137226,-40.109859758665124,-63.38339385132396,9.704820377218986,-39.63632673702084,-59.98254951054344,0.0,1,1.5987211554602254e-14,-0.01866660723814695,-0.08399377741956959,-0.5944163302809224,78.57151618030767,63.35035920564851,9.69197490927359,77.73348583732954,59.99808297606773,0.0,1,4.085620730620576e-14,-0.015313296169650492,-0.1444180437129594,-0.7192416269189539,77.34832847544394,-64.02759344436492,9.707435903399698,77.85090268122538,-67.4085519231407,0.0,1,2.1316282072803006e-14
3.6416666666666666,3641667,hold_left_slump,-4.0,1.0,68.0,0.9956618365983234,0.027593921622298206,0.08665749467220447,-0.019661160909083267,-4.0,1.0,68.0,35.56467556441519,7.226677056926796,0,feet,-0.08181880512713224,-0.1721051614549407,-0.24676987931374805,-39.30178388152186,63.972899544268486,9.667238413152461,-39.48803325893248,66.27374631292423,0.0,1,-3.552713678800501e-15,-0.0842845417257343,-0.20953047680756232,-0.34349758867137226,-40.109859758665124,-63.38339385132396,9.704820377218986,-39.63632673702084,-59.98254951054344,0.0,1,1.5987211554602254e-14,-0.01866660723814695,-0.08399377741956959,-0.5944163302809224,78.57151618030767,63.35035920564851,9.69197490927359,77.73348583732954,59.99808297606773,0.0,1,4.085620730620576e-14,-0.015313296169650492,-0.1444180437129594,-0.7192416269189539,77.34832847544394,-64.02759344436492,9.707435903399698,77.85090268122538,-67.4085519231407,0.0,1,2.1316282072803006e-14
3.65,3650000,hold_left_slump,-4.0,1.0,68.0,0.9956618365983234,0.027593921622298206,0.08665749467220447,-0.019661160909083267,-4.0,1.0,68.0,35.56467556441519,7.226677056926796,0,feet,-0.08181880512713224,-0.1721051614549407,-0.24676987931374805,-39.30178388152186,63.972899544268486,9.667238413152461,-39.48803325893248,66.27374631292423,0.0,1,-3.552713678800501e-15,-0.0842845417257343,-0.20953047680756232,-0.34349758867137226,-40.109859758665124,-63.38339385132396,9.704820377218986,-39.63632673702084,-59.98254951054344,0.0,1,1.5987211554602254e-14,-0.01866660723814695,-0.08399377741956959,-0.5944163302809224,78.57151618030767,63.35035920564851,9.69197490927359,77.73348583732954,59.99808297606773,0.0,1,4.085620730620576e-14,-0.015313296169650492,-0.1444180437129594,-0.7192416269189539,77.34832847544394,-64.02759344436492,9.707435903399698,77.85090268122538,-67.4085519231407,0.0,1,2.1316282072803006e-14
3.658333333333333,3658333,hold_left_slump,-4.0,1.0,68.0,0.9956618365983234,0.027593921622298206,0.08665749467220447,-0.019661160909083267,-4.0,1.0,68.0,35.56467556441519,7.226677056926796,0,feet,-0.08181880512713224,-0.1721051614549407,-0.24676987931374805,-39.30178388152186,63.972899544268486,9.667238413152461,-39.48803325893248,66.27374631292423,0.0,1,-3.552713678800501e-15,-0.0842845417257343,-0.20953047680756232,-0.34349758867137226,-40.109859758665124,-63.38339385132396,9.704820377218986,-39.63632673702084,-59.98254951054344,0.0,1,1.5987211554602254e-14,-0.01866660723814695,-0.08399377741956959,-0.5944163302809224,78.57151618030767,63.35035920564851,9.69197490927359,77.73348583732954,59.99808297606773,0.0,1,4.085620730620576e-14,-0.015313296169650492,-0.1444180437129594,-0.7192416269189539,77.34832847544394,-64.02759344436492,9.707435903399698,77.85090268122538,-67.4085519231407,0.0,1,2.1316282072803006e-14
3.6666666666666665,3666667,hold_left_slump,-4.0,1.0,68.0,0.9956618365983234,0.027593921622298206,0.08665749467220447,-0.019661160909083267,-4.0,1.0,68.0,35.56467556441519,7.226677056926796,0,feet,-0.08181880512713224,-0.1721051614549407,-0.24676987931374805,-39.30178388152186,63.972899544268486,9.667238413152461,-39.48803325893248,66.27374631292423,0.0,1,-3.552713678800501e-15,-0.0842845417257343,-0.20953047680756232,-0.34349758867137226,-40.109859758665124,-63.38339385132396,9.704820377218986,-39.63632673702084,-59.98254951054344,0.0,1,1.5987211554602254e-14,-0.01866660723814695,-0.08399377741956959,-0.5944163302809224,78.57151618030767,63.35035920564851,9.69197490927359,77.73348583732954,59.99808297606773,0.0,1,4.085620730620576e-14,-0.015313296169650492,-0.1444180437129594,-0.7192416269189539,77.34832847544394,-64.02759344436492,9.707435903399698,77.85090268122538,-67.4085519231407,0.0,1,2.1316282072803006e-14
3.675,3675000,hold_left_slump,-4.0,1.0,68.0,0.9956618365983234,0.027593921622298206,0.08665749467220447,-0.019661160909083267,-4.0,1.0,68.0,35.56467556441519,7.226677056926796,0,feet,-0.08181880512713224,-0.1721051614549407,-0.24676987931374805,-39.30178388152186,63.972899544268486,9.667238413152461,-39.48803325893248,66.27374631292423,0.0,1,-3.552713678800501e-15,-0.0842845417257343,-0.20953047680756232,-0.34349758867137226,-40.109859758665124,-63.38339385132396,9.704820377218986,-39.63632673702084,-59.98254951054344,0.0,1,1.5987211554602254e-14,-0.01866660723814695,-0.08399377741956959,-0.5944163302809224,78.57151618030767,63.35035920564851,9.69197490927359,77.73348583732954,59.99808297606773,0.0,1,4.085620730620576e-14,-0.015313296169650492,-0.1444180437129594,-0.7192416269189539,77.34832847544394,-64.02759344436492,9.707435903399698,77.85090268122538,-67.4085519231407,0.0,1,2.1316282072803006e-14
3.683333333333333,3683333,hold_left_slump,-4.0,1.0,68.0,0.9956618365983234,0.027593921622298206,0.08665749467220447,-0.019661160909083267,-4.0,1.0,68.0,35.56467556441519,7.226677056926796,0,feet,-0.08181880512713224,-0.1721051614549407,-0.24676987931374805,-39.30178388152186,63.972899544268486,9.667238413152461,-39.48803325893248,66.27374631292423,0.0,1,-3.552713678800501e-15,-0.0842845417257343,-0.20953047680756232,-0.34349758867137226,-40.109859758665124,-63.38339385132396,9.704820377218986,-39.63632673702084,-59.98254951054344,0.0,1,1.5987211554602254e-14,-0.01866660723814695,-0.08399377741956959,-0.5944163302809224,78.57151618030767,63.35035920564851,9.69197490927359,77.73348583732954,59.99808297606773,0.0,1,4.085620730620576e-14,-0.015313296169650492,-0.1444180437129594,-0.7192416269189539,77.34832847544394,-64.02759344436492,9.707435903399698,77.85090268122538,-67.4085519231407,0.0,1,2.1316282072803006e-14
3.691666666666667,3691667,hold_left_slump,-4.0,1.0,68.0,0.9956618365983234,0.027593921622298206,0.08665749467220447,-0.019661160909083267,-4.0,1.0,68.0,35.56467556441519,7.226677056926796,0,feet,-0.08181880512713224,-0.1721051614549407,-0.24676987931374805,-39.30178388152186,63.972899544268486,9.667238413152461,-39.48803325893248,66.27374631292423,0.0,1,-3.552713678800501e-15,-0.0842845417257343,-0.20953047680756232,-0.34349758867137226,-40.109859758665124,-63.38339385132396,9.704820377218986,-39.63632673702084,-59.98254951054344,0.0,1,1.5987211554602254e-14,-0.01866660723814695,-0.08399377741956959,-0.5944163302809224,78.57151618030767,63.35035920564851,9.69197490927359,77.73348583732954,59.99808297606773,0.0,1,4.085620730620576e-14,-0.015313296169650492,-0.1444180437129594,-0.7192416269189539,77.34832847544394,-64.02759344436492,9.707435903399698,77.85090268122538,-67.4085519231407,0.0,1,2.1316282072803006e-14
3.7,3700000,hold_left_slump,-4.0,1.0,68.0,0.9956618365983234,0.027593921622298206,0.08665749467220447,-0.019661160909083267,-4.0,1.0,68.0,35.56467556441519,7.226677056926796,0,feet,-0.08181880512713224,-0.1721051614549407,-0.24676987931374805,-39.30178388152186,63.972899544268486,9.667238413152461,-39.48803325893248,66.27374631292423,0.0,1,-3.552713678800501e-15,-0.0842845417257343,-0.20953047680756232,-0.34349758867137226,-40.109859758665124,-63.38339385132396,9.704820377218986,-39.63632673702084,-59.98254951054344,0.0,1,1.5987211554602254e-14,-0.01866660723814695,-0.08399377741956959,-0.5944163302809224,78.57151618030767,63.35035920564851,9.69197490927359,77.73348583732954,59.99808297606773,0.0,1,4.085620730620576e-14,-0.015313296169650492,-0.1444180437129594,-0.7192416269189539,77.34832847544394,-64.02759344436492,9.707435903399698,77.85090268122538,-67.4085519231407,0.0,1,2.1316282072803006e-14
3.7083333333333335,3708333,hold_left_slump,-4.0,1.0,68.0,0.9956618365983234,0.027593921622298206,0.08665749467220447,-0.019661160909083267,-4.0,1.0,68.0,35.56467556441519,7.226677056926796,0,feet,-0.08181880512713224,-0.1721051614549407,-0.24676987931374805,-39.30178388152186,63.972899544268486,9.667238413152461,-39.48803325893248,66.27374631292423,0.0,1,-3.552713678800501e-15,-0.0842845417257343,-0.20953047680756232,-0.34349758867137226,-40.109859758665124,-63.38339385132396,9.704820377218986,-39.63632673702084,-59.98254951054344,0.0,1,1.5987211554602254e-14,-0.01866660723814695,-0.08399377741956959,-0.5944163302809224,78.57151618030767,63.35035920564851,9.69197490927359,77.73348583732954,59.99808297606773,0.0,1,4.085620730620576e-14,-0.015313296169650492,-0.1444180437129594,-0.7192416269189539,77.34832847544394,-64.02759344436492,9.707435903399698,77.85090268122538,-67.4085519231407,0.0,1,2.1316282072803006e-14
3.716666666666667,3716667,hold_left_slump,-4.0,1.0,68.0,0.9956618365983234,0.027593921622298206,0.08665749467220447,-0.019661160909083267,-4.0,1.0,68.0,35.56467556441519,7.226677056926796,0,feet,-0.08181880512713224,-0.1721051614549407,-0.24676987931374805,-39.30178388152186,63.972899544268486,9.667238413152461,-39.48803325893248,66.27374631292423,0.0,1,-3.552713678800501e-15,-0.0842845417257343,-0.20953047680756232,-0.34349758867137226,-40.109859758665124,-63.38339385132396,9.704820377218986,-39.63632673702084,-59.98254951054344,0.0,1,1.5987211554602254e-14,-0.01866660723814695,-0.08399377741956959,-0.5944163302809224,78.57151618030767,63.35035920564851,9.69197490927359,77.73348583732954,59.99808297606773,0.0,1,4.085620730620576e-14,-0.015313296169650492,-0.1444180437129594,-0.7192416269189539,77.34832847544394,-64.02759344436492,9.707435903399698,77.85090268122538,-67.4085519231407,0.0,1,2.1316282072803006e-14
3.725,3725000,hold_left_slump,-4.0,1.0,68.0,0.9956618365983234,0.027593921622298206,0.08665749467220447,-0.019661160909083267,-4.0,1.0,68.0,35.56467556441519,7.226677056926796,0,feet,-0.08181880512713224,-0.1721051614549407,-0.24676987931374805,-39.30178388152186,63.972899544268486,9.667238413152461,-39.48803325893248,66.27374631292423,0.0,1,-3.552713678800501e-15,-0.0842845417257343,-0.20953047680756232,-0.34349758867137226,-40.109859758665124,-63.38339385132396,9.704820377218986,-39.63632673702084,-59.98254951054344,0.0,1,1.5987211554602254e-14,-0.01866660723814695,-0.08399377741956959,-0.5944163302809224,78.57151618030767,63.35035920564851,9.69197490927359,77.73348583732954,59.99808297606773,0.0,1,4.085620730620576e-14,-0.015313296169650492,-0.1444180437129594,-0.7192416269189539,77.34832847544394,-64.02759344436492,9.707435903399698,77.85090268122538,-67.4085519231407,0.0,1,2.1316282072803006e-14
3.7333333333333334,3733333,hold_left_slump,-4.0,1.0,68.0,0.9956618365983234,0.027593921622298206,0.08665749467220447,-0.019661160909083267,-4.0,1.0,68.0,35.56467556441519,7.226677056926796,0,feet,-0.08181880512713224,-0.1721051614549407,-0.24676987931374805,-39.30178388152186,63.972899544268486,9.667238413152461,-39.48803325893248,66.27374631292423,0.0,1,-3.552713678800501e-15,-0.0842845417257343,-0.20953047680756232,-0.34349758867137226,-40.109859758665124,-63.38339385132396,9.704820377218986,-39.63632673702084,-59.98254951054344,0.0,1,1.5987211554602254e-14,-0.01866660723814695,-0.08399377741956959,-0.5944163302809224,78.57151618030767,63.35035920564851,9.69197490927359,77.73348583732954,59.99808297606773,0.0,1,4.085620730620576e-14,-0.015313296169650492,-0.1444180437129594,-0.7192416269189539,77.34832847544394,-64.02759344436492,9.707435903399698,77.85090268122538,-67.4085519231407,0.0,1,2.1316282072803006e-14
3.7416666666666667,3741667,hold_left_slump,-4.0,1.0,68.0,0.9956618365983234,0.027593921622298206,0.08665749467220447,-0.019661160909083267,-4.0,1.0,68.0,35.56467556441519,7.226677056926796,0,feet,-0.08181880512713224,-0.1721051614549407,-0.24676987931374805,-39.30178388152186,63.972899544268486,9.667238413152461,-39.48803325893248,66.27374631292423,0.0,1,-3.552713678800501e-15,-0.0842845417257343,-0.20953047680756232,-0.34349758867137226,-40.109859758665124,-63.38339385132396,9.704820377218986,-39.63632673702084,-59.98254951054344,0.0,1,1.5987211554602254e-14,-0.01866660723814695,-0.08399377741956959,-0.5944163302809224,78.57151618030767,63.35035920564851,9.69197490927359,77.73348583732954,59.99808297606773,0.0,1,4.085620730620576e-14,-0.015313296169650492,-0.1444180437129594,-0.7192416269189539,77.34832847544394,-64.02759344436492,9.707435903399698,77.85090268122538,-67.4085519231407,0.0,1,2.1316282072803006e-14
3.75,3750000,hold_left_slump,-4.0,1.0,68.0,0.9956618365983234,0.027593921622298206,0.08665749467220447,-0.019661160909083267,-4.0,1.0,68.0,35.56467556441519,7.226677056926796,0,feet,-0.08181880512713224,-0.1721051614549407,-0.24676987931374805,-39.30178388152186,63.972899544268486,9.667238413152461,-39.48803325893248,66.27374631292423,0.0,1,-3.552713678800501e-15,-0.0842845417257343,-0.20953047680756232,-0.34349758867137226,-40.109859758665124,-63.38339385132396,9.704820377218986,-39.63632673702084,-59.98254951054344,0.0,1,1.5987211554602254e-14,-0.01866660723814695,-0.08399377741956959,-0.5944163302809224,78.57151618030767,63.35035920564851,9.69197490927359,77.73348583732954,59.99808297606773,0.0,1,4.085620730620576e-14,-0.015313296169650492,-0.1444180437129594,-0.7192416269189539,77.34832847544394,-64.02759344436492,9.707435903399698,77.85090268122538,-67.4085519231407,0.0,1,2.1316282072803006e-14
3.7583333333333333,3758333,hold_left_slump,-4.0,1.0,68.0,0.9956618365983234,0.027593921622298206,0.08665749467220447,-0.019661160909083267,-4.0,1.0,68.0,35.56467556441519,7.226677056926796,0,feet,-0.08181880512713224,-0.1721051614549407,-0.24676987931374805,-39.30178388152186,63.972899544268486,9.667238413152461,-39.48803325893248,66.27374631292423,0.0,1,-3.552713678800501e-15,-0.0842845417257343,-0.20953047680756232,-0.34349758867137226,-40.109859758665124,-63.38339385132396,9.704820377218986,-39.63632673702084,-59.98254951054344,0.0,1,1.5987211554602254e-14,-0.01866660723814695,-0.08399377741956959,-0.5944163302809224,78.57151618030767,63.35035920564851,9.69197490927359,77.73348583732954,59.99808297606773,0.0,1,4.085620730620576e-14,-0.015313296169650492,-0.1444180437129594,-0.7192416269189539,77.34832847544394,-64.02759344436492,9.707435903399698,77.85090268122538,-67.4085519231407,0.0,1,2.1316282072803006e-14
3.7666666666666666,3766667,hold_left_slump,-4.0,1.0,68.0,0.9956618365983234,0.027593921622298206,0.08665749467220447,-0.019661160909083267,-4.0,1.0,68.0,35.56467556441519,7.226677056926796,0,feet,-0.08181880512713224,-0.1721051614549407,-0.24676987931374805,-39.30178388152186,63.972899544268486,9.667238413152461,-39.48803325893248,66.27374631292423,0.0,1,-3.552713678800501e-15,-0.0842845417257343,-0.20953047680756232,-0.34349758867137226,-40.109859758665124,-63.38339385132396,9.704820377218986,-39.63632673702084,-59.98254951054344,0.0,1,1.5987211554602254e-14,-0.01866660723814695,-0.08399377741956959,-0.5944163302809224,78.57151618030767,63.35035920564851,9.69197490927359,77.73348583732954,59.99808297606773,0.0,1,4.085620730620576e-14,-0.015313296169650492,-0.1444180437129594,-0.7192416269189539,77.34832847544394,-64.02759344436492,9.707435903399698,77.85090268122538,-67.4085519231407,0.0,1,2.1316282072803006e-14
3.775,3775000,hold_left_slump,-4.0,1.0,68.0,0.9956618365983234,0.027593921622298206,0.08665749467220447,-0.019661160909083267,-4.0,1.0,68.0,35.56467556441519,7.226677056926796,0,feet,-0.08181880512713224,-0.1721051614549407,-0.24676987931374805,-39.30178388152186,63.972899544268486,9.667238413152461,-39.48803325893248,66.27374631292423,0.0,1,-3.552713678800501e-15,-0.0842845417257343,-0.20953047680756232,-0.34349758867137226,-40.109859758665124,-63.38339385132396,9.704820377218986,-39.63632673702084,-59.98254951054344,0.0,1,1.5987211554602254e-14,-0.01866660723814695,-0.08399377741956959,-0.5944163302809224,78.57151618030767,63.35035920564851,9.69197490927359,77.73348583732954,59.99808297606773,0.0,1,4.085620730620576e-14,-0.015313296169650492,-0.1444180437129594,-0.7192416269189539,77.34832847544394,-64.02759344436492,9.707435903399698,77.85090268122538,-67.4085519231407,0.0,1,2.1316282072803006e-14
3.783333333333333,3783333,hold_left_slump,-4.0,1.0,68.0,0.9956618365983234,0.027593921622298206,0.08665749467220447,-0.019661160909083267,-4.0,1.0,68.0,35.56467556441519,7.226677056926796,0,feet,-0.08181880512713224,-0.1721051614549407,-0.24676987931374805,-39.30178388152186,63.972899544268486,9.667238413152461,-39.48803325893248,66.27374631292423,0.0,1,-3.552713678800501e-15,-0.0842845417257343,-0.20953047680756232,-0.34349758867137226,-40.109859758665124,-63.38339385132396,9.704820377218986,-39.63632673702084,-59.98254951054344,0.0,1,1.5987211554602254e-14,-0.01866660723814695,-0.08399377741956959,-0.5944163302809224,78.57151618030767,63.35035920564851,9.69197490927359,77.73348583732954,59.99808297606773,0.0,1,4.085620730620576e-14,-0.015313296169650492,-0.1444180437129594,-0.7192416269189539,77.34832847544394,-64.02759344436492,9.707435903399698,77.85090268122538,-67.4085519231407,0.0,1,2.1316282072803006e-14
3.7916666666666665,3791667,hold_left_slump,-4.0,1.0,68.0,0.9956618365983234,0.027593921622298206,0.08665749467220447,-0.019661160909083267,-4.0,1.0,68.0,35.56467556441519,7.226677056926796,0,feet,-0.08181880512713224,-0.1721051614549407,-0.24676987931374805,-39.30178388152186,63.972899544268486,9.667238413152461,-39.48803325893248,66.27374631292423,0.0,1,-3.552713678800501e-15,-0.0842845417257343,-0.20953047680756232,-0.34349758867137226,-40.109859758665124,-63.38339385132396,9.704820377218986,-39.63632673702084,-59.98254951054344,0.0,1,1.5987211554602254e-14,-0.01866660723814695,-0.08399377741956959,-0.5944163302809224,78.57151618030767,63.35035920564851,9.69197490927359,77.73348583732954,59.99808297606773,0.0,1,4.085620730620576e-14,-0.015313296169650492,-0.1444180437129594,-0.7192416269189539,77.34832847544394,-64.02759344436492,9.707435903399698,77.85090268122538,-67.4085519231407,0.0,1,2.1316282072803006e-14
3.8,3800000,hold_left_slump,-4.0,1.0,68.0,0.9956618365983234,0.027593921622298206,0.08665749467220447,-0.019661160909083267,-4.0,1.0,68.0,35.56467556441519,7.226677056926796,0,feet,-0.08181880512713224,-0.1721051614549407,-0.24676987931374805,-39.30178388152186,63.972899544268486,9.667238413152461,-39.48803325893248,66.27374631292423,0.0,1,-3.552713678800501e-15,-0.0842845417257343,-0.20953047680756232,-0.34349758867137226,-40.109859758665124,-63.38339385132396,9.704820377218986,-39.63632673702084,-59.98254951054344,0.0,1,1.5987211554602254e-14,-0.01866660723814695,-0.08399377741956959,-0.5944163302809224,78.57151618030767,63.35035920564851,9.69197490927359,77.73348583732954,59.99808297606773,0.0,1,4.085620730620576e-14,-0.015313296169650492,-0.1444180437129594,-0.7192416269189539,77.34832847544394,-64.02759344436492,9.707435903399698,77.85090268122538,-67.4085519231407,0.0,1,2.1316282072803006e-14
3.808333333333333,3808333,hold_left_slump,-4.0,1.0,68.0,0.9956618365983234,0.027593921622298206,0.08665749467220447,-0.019661160909083267,-4.0,1.0,68.0,35.56467556441519,7.226677056926796,0,feet,-0.08181880512713224,-0.1721051614549407,-0.24676987931374805,-39.30178388152186,63.972899544268486,9.667238413152461,-39.48803325893248,66.27374631292423,0.0,1,-3.552713678800501e-15,-0.0842845417257343,-0.20953047680756232,-0.34349758867137226,-40.109859758665124,-63.38339385132396,9.704820377218986,-39.63632673702084,-59.98254951054344,0.0,1,1.5987211554602254e-14,-0.01866660723814695,-0.08399377741956959,-0.5944163302809224,78.57151618030767,63.35035920564851,9.69197490927359,77.73348583732954,59.99808297606773,0.0,1,4.085620730620576e-14,-0.015313296169650492,-0.1444180437129594,-0.7192416269189539,77.34832847544394,-64.02759344436492,9.707435903399698,77.85090268122538,-67.4085519231407,0.0,1,2.1316282072803006e-14
3.816666666666667,3816667,hold_left_slump,-4.0,1.0,68.0,0.9956618365983234,0.027593921622298206,0.08665749467220447,-0.019661160909083267,-4.0,1.0,68.0,35.56467556441519,7.226677056926796,0,feet,-0.08181880512713224,-0.1721051614549407,-0.24676987931374805,-39.30178388152186,63.972899544268486,9.667238413152461,-39.48803325893248,66.27374631292423,0.0,1,-3.552713678800501e-15,-0.0842845417257343,-0.20953047680756232,-0.34349758867137226,-40.109859758665124,-63.38339385132396,9.704820377218986,-39.63632673702084,-59.98254951054344,0.0,1,1.5987211554602254e-14,-0.01866660723814695,-0.08399377741956959,-0.5944163302809224,78.57151618030767,63.35035920564851,9.69197490927359,77.73348583732954,59.99808297606773,0.0,1,4.085620730620576e-14,-0.015313296169650492,-0.1444180437129594,-0.7192416269189539,77.34832847544394,-64.02759344436492,9.707435903399698,77.85090268122538,-67.4085519231407,0.0,1,2.1316282072803006e-14
3.825,3825000,hold_left_slump,-4.0,1.0,68.0,0.9956618365983234,0.027593921622298206,0.08665749467220447,-0.019661160909083267,-4.0,1.0,68.0,35.56467556441519,7.226677056926796,0,feet,-0.08181880512713224,-0.1721051614549407,-0.24676987931374805,-39.30178388152186,63.972899544268486,9.667238413152461,-39.48803325893248,66.27374631292423,0.0,1,-3.552713678800501e-15,-0.0842845417257343,-0.20953047680756232,-0.34349758867137226,-40.109859758665124,-63.38339385132396,9.704820377218986,-39.63632673702084,-59.98254951054344,0.0,1,1.5987211554602254e-14,-0.01866660723814695,-0.08399377741956959,-0.5944163302809224,78.57151618030767,63.35035920564851,9.69197490927359,77.73348583732954,59.99808297606773,0.0,1,4.085620730620576e-14,-0.015313296169650492,-0.1444180437129594,-0.7192416269189539,77.34832847544394,-64.02759344436492,9.707435903399698,77.85090268122538,-67.4085519231407,0.0,1,2.1316282072803006e-14
3.8333333333333335,3833333,hold_left_slump,-4.0,1.0,68.0,0.9956618365983234,0.027593921622298206,0.08665749467220447,-0.019661160909083267,-4.0,1.0,68.0,35.56467556441519,7.226677056926796,0,feet,-0.08181880512713224,-0.1721051614549407,-0.24676987931374805,-39.30178388152186,63.972899544268486,9.667238413152461,-39.48803325893248,66.27374631292423,0.0,1,-3.552713678800501e-15,-0.0842845417257343,-0.20953047680756232,-0.34349758867137226,-40.109859758665124,-63.38339385132396,9.704820377218986,-39.63632673702084,-59.98254951054344,0.0,1,1.5987211554602254e-14,-0.01866660723814695,-0.08399377741956959,-0.5944163302809224,78.57151618030767,63.35035920564851,9.69197490927359,77.73348583732954,59.99808297606773,0.0,1,4.085620730620576e-14,-0.015313296169650492,-0.1444180437129594,-0.7192416269189539,77.34832847544394,-64.02759344436492,9.707435903399698,77.85090268122538,-67.4085519231407,0.0,1,2.1316282072803006e-14
3.841666666666667,3841667,hold_left_slump,-4.0,1.0,68.0,0.9956618365983234,0.027593921622298206,0.08665749467220447,-0.019661160909083267,-4.0,1.0,68.0,35.56467556441519,7.226677056926796,0,feet,-0.08181880512713224,-0.1721051614549407,-0.24676987931374805,-39.30178388152186,63.972899544268486,9.667238413152461,-39.48803325893248,66.27374631292423,0.0,1,-3.552713678800501e-15,-0.0842845417257343,-0.20953047680756232,-0.34349758867137226,-40.109859758665124,-63.38339385132396,9.704820377218986,-39.63632673702084,-59.98254951054344,0.0,1,1.5987211554602254e-14,-0.01866660723814695,-0.08399377741956959,-0.5944163302809224,78.57151618030767,63.35035920564851,9.69197490927359,77.73348583732954,59.99808297606773,0.0,1,4.085620730620576e-14,-0.015313296169650492,-0.1444180437129594,-0.7192416269189539,77.34832847544394,-64.02759344436492,9.707435903399698,77.85090268122538,-67.4085519231407,0.0,1,2.1316282072803006e-14
3.85,3850000,hold_left_slump,-4.0,1.0,68.0,0.9956618365983234,0.027593921622298206,0.08665749467220447,-0.019661160909083267,-4.0,1.0,68.0,35.56467556441519,7.226677056926796,0,feet,-0.08181880512713224,-0.1721051614549407,-0.24676987931374805,-39.30178388152186,63.972899544268486,9.667238413152461,-39.48803325893248,66.27374631292423,0.0,1,-3.552713678800501e-15,-0.0842845417257343,-0.20953047680756232,-0.34349758867137226,-40.109859758665124,-63.38339385132396,9.704820377218986,-39.63632673702084,-59.98254951054344,0.0,1,1.5987211554602254e-14,-0.01866660723814695,-0.08399377741956959,-0.5944163302809224,78.57151618030767,63.35035920564851,9.69197490927359,77.73348583732954,59.99808297606773,0.0,1,4.085620730620576e-14,-0.015313296169650492,-0.1444180437129594,-0.7192416269189539,77.34832847544394,-64.02759344436492,9.707435903399698,77.85090268122538,-67.4085519231407,0.0,1,2.1316282072803006e-14
3.8583333333333334,3858333,hold_left_slump,-4.0,1.0,68.0,0.9956618365983234,0.027593921622298206,0.08665749467220447,-0.019661160909083267,-4.0,1.0,68.0,35.56467556441519,7.226677056926796,0,feet,-0.08181880512713224,-0.1721051614549407,-0.24676987931374805,-39.30178388152186,63.972899544268486,9.667238413152461,-39.48803325893248,66.27374631292423,0.0,1,-3.552713678800501e-15,-0.0842845417257343,-0.20953047680756232,-0.34349758867137226,-40.109859758665124,-63.38339385132396,9.704820377218986,-39.63632673702084,-59.98254951054344,0.0,1,1.5987211554602254e-14,-0.01866660723814695,-0.08399377741956959,-0.5944163302809224,78.57151618030767,63.35035920564851,9.69197490927359,77.73348583732954,59.99808297606773,0.0,1,4.085620730620576e-14,-0.015313296169650492,-0.1444180437129594,-0.7192416269189539,77.34832847544394,-64.02759344436492,9.707435903399698,77.85090268122538,-67.4085519231407,0.0,1,2.1316282072803006e-14
3.8666666666666667,3866667,hold_left_slump,-4.0,1.0,68.0,0.9956618365983234,0.027593921622298206,0.08665749467220447,-0.019661160909083267,-4.0,1.0,68.0,35.56467556441519,7.226677056926796,0,feet,-0.08181880512713224,-0.1721051614549407,-0.24676987931374805,-39.30178388152186,63.972899544268486,9.667238413152461,-39.48803325893248,66.27374631292423,0.0,1,-3.552713678800501e-15,-0.0842845417257343,-0.20953047680756232,-0.34349758867137226,-40.109859758665124,-63.38339385132396,9.704820377218986,-39.63632673702084,-59.98254951054344,0.0,1,1.5987211554602254e-14,-0.01866660723814695,-0.08399377741956959,-0.5944163302809224,78.57151618030767,63.35035920564851,9.69197490927359,77.73348583732954,59.99808297606773,0.0,1,4.085620730620576e-14,-0.015313296169650492,-0.1444180437129594,-0.7192416269189539,77.34832847544394,-64.02759344436492,9.707435903399698,77.85090268122538,-67.4085519231407,0.0,1,2.1316282072803006e-14
3.875,3875000,hold_left_slump,-4.0,1.0,68.0,0.9956618365983234,0.027593921622298206,0.08665749467220447,-0.019661160909083267,-4.0,1.0,68.0,35.56467556441519,7.226677056926796,0,feet,-0.08181880512713224,-0.1721051614549407,-0.24676987931374805,-39.30178388152186,63.972899544268486,9.667238413152461,-39.48803325893248,66.27374631292423,0.0,1,-3.552713678800501e-15,-0.0842845417257343,-0.20953047680756232,-0.34349758867137226,-40.109859758665124,-63.38339385132396,9.704820377218986,-39.63632673702084,-59.98254951054344,0.0,1,1.5987211554602254e-14,-0.01866660723814695,-0.08399377741956959,-0.5944163302809224,78.57151618030767,63.35035920564851,9.69197490927359,77.73348583732954,59.99808297606773,0.0,1,4.085620730620576e-14,-0.015313296169650492,-0.1444180437129594,-0.7192416269189539,77.34832847544394,-64.02759344436492,9.707435903399698,77.85090268122538,-67.4085519231407,0.0,1,2.1316282072803006e-14
3.8833333333333333,3883333,hold_left_slump,-4.0,1.0,68.0,0.9956618365983234,0.027593921622298206,0.08665749467220447,-0.019661160909083267,-4.0,1.0,68.0,35.56467556441519,7.226677056926796,0,feet,-0.08181880512713224,-0.1721051614549407,-0.24676987931374805,-39.30178388152186,63.972899544268486,9.667238413152461,-39.48803325893248,66.27374631292423,0.0,1,-3.552713678800501e-15,-0.0842845417257343,-0.20953047680756232,-0.34349758867137226,-40.109859758665124,-63.38339385132396,9.704820377218986,-39.63632673702084,-59.98254951054344,0.0,1,1.5987211554602254e-14,-0.01866660723814695,-0.08399377741956959,-0.5944163302809224,78.57151618030767,63.35035920564851,9.69197490927359,77.73348583732954,59.99808297606773,0.0,1,4.085620730620576e-14,-0.015313296169650492,-0.1444180437129594,-0.7192416269189539,77.34832847544394,-64.02759344436492,9.707435903399698,77.85090268122538,-67.4085519231407,0.0,1,2.1316282072803006e-14
3.8916666666666666,3891667,hold_left_slump,-4.0,1.0,68.0,0.9956618365983234,0.027593921622298206,0.08665749467220447,-0.019661160909083267,-4.0,1.0,68.0,35.56467556441519,7.226677056926796,0,feet,-0.08181880512713224,-0.1721051614549407,-0.24676987931374805,-39.30178388152186,63.972899544268486,9.667238413152461,-39.48803325893248,66.27374631292423,0.0,1,-3.552713678800501e-15,-0.0842845417257343,-0.20953047680756232,-0.34349758867137226,-40.109859758665124,-63.38339385132396,9.704820377218986,-39.63632673702084,-59.98254951054344,0.0,1,1.5987211554602254e-14,-0.01866660723814695,-0.08399377741956959,-0.5944163302809224,78.57151618030767,63.35035920564851,9.69197490927359,77.73348583732954,59.99808297606773,0.0,1,4.085620730620576e-14,-0.015313296169650492,-0.1444180437129594,-0.7192416269189539,77.34832847544394,-64.02759344436492,9.707435903399698,77.85090268122538,-67.4085519231407,0.0,1,2.1316282072803006e-14
3.9,3900000,hold_left_slump,-4.0,1.0,68.0,0.9956618365983234,0.027593921622298206,0.08665749467220447,-0.019661160909083267,-4.0,1.0,68.0,35.56467556441519,7.226677056926796,0,feet,-0.08181880512713224,-0.1721051614549407,-0.24676987931374805,-39.30178388152186,63.972899544268486,9.667238413152461,-39.48803325893248,66.27374631292423,0.0,1,-3.552713678800501e-15,-0.0842845417257343,-0.20953047680756232,-0.34349758867137226,-40.109859758665124,-63.38339385132396,9.704820377218986,-39.63632673702084,-59.98254951054344,0.0,1,1.5987211554602254e-14,-0.01866660723814695,-0.08399377741956959,-0.5944163302809224,78.57151618030767,63.35035920564851,9.69197490927359,77.73348583732954,59.99808297606773,0.0,1,4.085620730620576e-14,-0.015313296169650492,-0.1444180437129594,-0.7192416269189539,77.34832847544394,-64.02759344436492,9.707435903399698,77.85090268122538,-67.4085519231407,0.0,1,2.1316282072803006e-14
3.908333333333333,3908333,center_after_left_slump,-4.0,0.9999834280198696,68.00001657198013,0.9956618542566027,0.027593464586559837,0.08665751118327471,-0.019660835331560763,-4.0,0.9999834280198696,68.00001657198013,35.56467558387968,7.22669744842446,0,feet,-0.08181746171845461,-0.17210572492427545,-0.24677045686007082,-39.301787400869365,63.97289524815037,9.667237458459041,-39.48803325893248,66.27374631292423,0.0,1,1.7763568394002505e-15,-0.08428311630339191,-0.20953038955991854,-0.34349657838656533,-40.10984998008226,-63.3833996407891,9.704818825551563,-39.63632673702084,-59.98254951054344,0.0,1,7.105427357601002e-15,-0.018666284514885945,-0.08399435720270398,-0.5944171470479915,78.57150635613142,63.3503652654665,9.691973662748119,77.73348583732954,59.99808297606773,0.0,1,1.4210854715202004e-14,-0.015313086646579155,-0.14441757381602782,-0.7192403721012885,77.34833916210025,-64.02758806538135,9.707434583241124,77.85090268122538,-67.4085519231407,0.0,1,2.6645352591003757e-14
3.9166666666666665,3916667,center_after_left_slump,-4.0,0.999869799987807,68.0001302000122,0.9956619753251144,0.02759033085862415,0.08665762438630449,-0.01965860296473722,-4.0,0.999869799987807,68.0001302000122,35.56467571734063,7.226837266375938,0,feet,-0.08180825044321383,-0.17210958846537983,-0.24677441686912172,-39.30181153155528,63.972865791023196,9.667230912331625,-39.48803325893248,66.27374631292423,0.0,1,4.618527782440651e-14,-0.08427334272769027,-0.2095297913989702,-0.3434896512012231,-40.10978293158738,-63.383439336554844,9.704808186154452,-39.63632673702084,-59.98254951054344,0.0,1,3.730349362740526e-14,-0.01866407173031126,-0.0839983325887581,-0.5944227473041845,78.57143899519521,63.350406815218285,9.69196511548816,77.73348583732954,59.99808297606773,0.0,1,6.039613253960852e-14,-0.015311649980215059,-0.14441435197303099,-0.719231768260062,77.34841243634388,-64.02755118360214,9.707425530962112,77.85090268122538,-67.4085519231407,0.0,1,4.085620730620576e-14
3.925,3925000,center_after_left_slump,-4.0,0.999568515908549,68.00043148409145,0.9956622962710232,0.02758202179403708,0.08665792448125952,-0.0196526838540384,-4.0,0.999568515908549,68.00043148409145,35.564676071211565,7.227208000301687,0,feet,-0.08178382670462714,-0.1721198329360698,-0.24678491667759594,-39.301875512256,63.97278768384169,9.667213554109217,-39.48803325893248,66.27374631292423,0.0,1,-5.329070518200751e-15,-0.08424742836837273,-0.2095282059225374,-0.34347128355211476,-40.10960515023484,-63.38354458552807,9.704779974342898,-39.63632673702084,-59.98254951054344,0.0,1,-8.881784197001252e-15,-0.018658204639974585,-0.08400887350726238,-0.5944375961984467,78.57126038689395,63.35051698234828,9.69194245003493,77.73348583732954,59.99808297606773,0.0,1,3.197442310920451e-14,-0.01530784030444643,-0.14440580985873197,-0.719208955109949,77.34860672033328,-64.02745339137071,9.70740152524197,77.85090268122538,-67.4085519231407,0.0,1,8.881784197001252e-15
3.933333333333333,3933333,center_after_left_slump,-4.0,0.9989958622472851,68.00100413775272,0.9956629060296475,0.027566228660588016,0.08665849462558953,-0.019641433329987253,-4.0,0.9989958622472851,68.00100413775272,35.564676743817586,7.227912687704517,0,feet,-0.08173740388102546,-0.1721393059589298,-0.24680487323623534,-39.30199711430523,63.972639217628185,9.66718055634739,-39.48803325893248,66.27374631292423,0.0,1,2.3092638912203256e-14,-0.08419817357106751,-0.20952519456919072,-0.3434363709502808,-40.10926722882985,-63.38374461679521,9.704726345822799,-39.63632673702084,-59.98254951054344,0.0,1,-5.329070518200751e-15,-0.018647053384467593,-0.08402890955730813,-0.5944658190272345,78.57092089965509,63.35072637090665,9.69189935980475,77.73348583732954,59.99808297606773,0.0,1,3.197442310920451e-14,-0.015300597762105017,-0.14438957611486636,-0.7191655934704477,77.34897598884653,-64.02726751508091,9.707355882701776,77.85090268122538,-67.4085519231407,0.0,1,-1.7763568394002505e-14
3.941666666666667,3941667,center_after_left_slump,-4.0,0.9980748397681329,68.00192516023186,0.9956638859970667,0.027540827882203293,0.08665941092732367,-0.019623338617886905,-4.0,0.9980748397681329,68.00192516023186,35.564677825597556,7.229046147197806,0,feet,-0.08166273909778266,-0.17217062867387067,-0.246836968728398,-39.302192673449014,63.972400413748694,9.667127471451167,-39.48803325893248,66.27374631292423,0.0,1,2.3092638912203256e-14,-0.08411895748232823,-0.20952035727140572,-0.34338021674955943,-40.108723706745735,-63.384066289943966,9.70464007623891,-39.63632673702084,-59.98254951054344,0.0,1,-1.4210854715202004e-14,-0.0186291194101722,-0.08406113661852688,-0.5945112092806517,78.57037487554572,63.35106311934094,9.691830029136959,77.73348583732954,59.99808297606773,0.0,1,-4.085620730620576e-14,-0.015288945287881717,-0.14436347314291265,-0.7190958519025328,77.34956987385148,-64.02696855813683,9.707282433715164,77.85090268122538,-67.4085519231407,0.0,1,-1.7763568394002505e-14
3.95,3950000,center_after_left_slump,-4.0,0.9967349913726419,68.00326500862735,0.9956653099821116,0.02750387628115556,0.08666074240018772,-0.01959701544584177,-4.0,0.9967349913726419,68.00326500862735,35.56467939930634,7.230695216164065,0,feet,-0.08155411894141551,-0.17221620268208948,-0.24688365610709573,-39.302477120571574,63.972052973107886,9.66705021757479,-39.48803325893248,66.27374631292423,0.0,1,4.263256414560601e-14,-0.08400372400922151,-0.2095133334407424,-0.34329852075845224,-40.107932959131546,-63.38453414086505,9.704514539801238,-39.63632673702084,-59.98254951054344,0.0,1,3.552713678800501e-14,-0.018603032448316625,-0.08410802358693337,-0.594577236595077,78.5695805241741,63.351552957185824,9.691729111852162,77.73348583732954,59.99808297606773,0.0,1,8.881784197001252e-15,-0.015271985171026792,-0.1443255142529174,-0.7189943932753677,77.35043376770179,-64.02653364366425,9.707175495993624,77.85090268122538,-67.4085519231407,0.0,1,-2.3092638912203256e-14
3.9583333333333335,3958333,center_after_left_slump,-4.0,0.9949122299382724,68.00508777006172,0.9956672441355969,0.027453606319386585,0.08666255089744386,-0.019561204651904085,-4.0,0.9949122299382724,68.00508777006172,35.564681540216974,7.232938990950167,0,feet,-0.08140634514131984,-0.172278217097396,-0.24694716458574817,-39.302864011836924,63.971580224742276,9.666945064109186,-39.48803325893248,66.27374631292423,0.0,1,-1.5987211554602254e-14,-0.08384696785392043,-0.2095038031392047,-0.34318736776417236,-40.10685708522931,-63.385170426140384,9.70434368739322,-39.63632673702084,-59.98254951054344,0.0,1,2.842170943040401e-14,-0.018567547526818107,-0.08417181918038619,-0.5946670546533066,78.5684998162006,63.35221926113293,9.691591708973846,77.73348583732954,59.99808297606773,0.0,1,-3.019806626980426e-14,-0.01524889549654107,-0.14427390101137005,-0.7188563612934833,77.35160892556502,-64.02594195708056,9.707029846930809,77.85090268122538,-67.4085519231407,0.0,1,2.4868995751603507e-14
3.966666666666667,3966667,center_after_left_slump,-4.0,0.9925486661568856,68.00745133384311,0.995669746872305,0.027388421339655168,0.08666489103895275,-0.019514768791047885,-4.0,0.9925486661568856,68.00745133384311,35.56468431632291,7.235849067868756,0,feet,-0.08121472024125076,-0.17235865563200248,-0.2470295051131437,-39.30336555862784,63.97096707422946,9.666808617038576,-39.48803325893248,66.27374631292423,0.0,1,3.375077994860476e-14,-0.08364372057147884,-0.20949148831017572,-0.3430432160286374,-40.105461796427875,-63.38599516697271,9.704122024514078,-39.63632673702084,-59.98254951054344,0.0,1,1.7763568394002505e-14,-0.018521541992846835,-0.08425455876556232,-0.5947835090677906,78.56709837673486,63.353083110895724,9.691413346184504,77.73348583732954,59.99808297606773,0.0,1,1.2434497875801753e-14,-0.0152189265511109,-0.1442070206516064,-0.7186773670106659,77.35313256760428,-64.02517468861484,9.706840695561716,77.85090268122538,-67.4085519231407,0.0,1,-1.7763568394002505e-14
3.975,3975000,center_after_left_slump,-4.0,0.9895924363732376,68.01040756362676,0.9956728687990261,0.027306890807134953,0.08666781014389667,-0.01945668874258666,-4.0,0.9895924363732376,68.01040756362676,35.564687788540205,7.23948978352054,0,feet,-0.08097503327953026,-0.17245930365425632,-0.24713247585856468,-39.30399265760981,63.97019995227264,9.666637804404573,-39.48803325893248,66.27374631292423,0.0,1,-7.105427357601002e-15,-0.08338953660624515,-0.2094761539603862,-0.34286288580765634,-40.103716304594556,-63.38702619347931,9.703844589355342,-39.63632673702084,-59.98254951054344,0.0,1,3.552713678800501e-14,-0.0184640125271871,-0.08435807116512217,-0.594929145277479,78.56534537885574,63.35416334522586,9.691189951501151,77.73348583732954,59.99808297606773,0.0,1,5.684341886080802e-14,-0.015181397268250407,-0.1441234434295553,-0.718453475353031,77.35503798136546,-64.02421497585652,9.706603654874058,77.85090268122538,-67.4085519231407,0.0,1,-7.815970093361102e-14
3.9833333333333334,3983333,center_after_left_slump,-4.0,0.9859975304234633,68.01400246957654,0.9956766526598982,0.027207745552001197,0.0866713481796775,-0.019386060318567096,-4.0,0.9859975304234633,68.01400246957654,35.56469201090975,7.243918453182076,0,feet,-0.08068354549402823,-0.17258175516550267,-0.2472576677289462,-39.30475492119196,63.969266763765326,9.666429862083191,-39.48803325893248,66.27374631292423,0.0,1,1.7763568394002505e-15,-0.0830804792691775,-0.20945760920116951,-0.34264354793660523,-40.10159321114432,-63.3882791900412,9.703506931266467,-39.63632673702084,-59.98254951054344,0.0,1,3.019806626980426e-14,-0.018394072134435113,-0.08448398541001545,-0.595106216484004,78.56321343745675,63.35547661838184,9.69091783358462,77.73348583732954,59.99808297606773,0.0,1,7.105427357601002e-15,-0.015135691775973292,-0.1440219198256587,-0.718181191670126,77.35735462474855,-64.02304784639895,9.706314715093868,77.85090268122538,-67.4085519231407,0.0,1,-4.263256414560601e-14
3.9916666666666667,3991667,center_after_left_slump,-4.0,0.9817236194735702,68.01827638052643,0.9956811333083737,0.027089873013462766,0.08667553773571089,-0.019302090873588494,-4.0,0.9817236194735702,68.01827638052643,35.564697030799486,7.249185606217324,0,feet,-0.0803369760652406,-0.17272741965228589,-0.2474064699360934,-39.30566070861333,63.96815683758875,9.666182320040448,-39.48803325893248,66.27374631292423,0.0,1,7.105427357601002e-15,-0.0827131066247162,-0.2094357080729332,-0.34238271251851815,-40.09906839722886,-63.389767742282956,9.70310508982054,-39.63632673702084,-59.98254951054344,0.0,1,8.881784197001252e-15,-0.01831094709582448,-0.08463373740787894,-0.5953166916486015,78.56067850358598,63.357037457297366,9.690593661023676,77.73348583732954,59.99808297606773,0.0,1,4.263256414560601e-14,-0.01508125609970623,-0.14390137751066012,-0.7178574483297155,77.36010822987899,-64.02166016063067,9.70597021846379,77.85090268122538,-67.4085519231407,0.0,1,5.861977570020827e-14
4.0,4000000,center_after_left_slump,-4.0,0.9767358838579168,68.02326411614209,0.9956863377133637,0.026952312485609597,0.08668040402917342,-0.019204095916413637,-4.0,0.9767358838579168,68.02326411614209,35.56470288910657,7.255335217670428,0,feet,-0.0799324879082346,-0.17289752877846531,-0.2475800756285329,-39.30671715783525,63.96686087734785,9.6658929892048,-39.48803325893248,66.27374631292423,0.0,1,0.0,-0.08228445726182043,-0.20941035009130982,-0.3420782177435915,-40.096120915355726,-63.39150338614703,9.702635574650252,-39.63632673702084,-59.98254951054344,0.0,1,3.730349362740526e-14,-0.018213973873988376,-0.08480857650391638,-0.5955622635669955,78.55771975941543,63.3588583196512,9.690214442869546,77.73348583732954,59.99808297606773,0.0,1,3.552713678800501e-14,-0.015017595063199884,-0.14376091800863078,-0.7174795913688516,77.36332090813376,-64.02004055472007,9.705566835933304,77.85090268122538,-67.4085519231407,0.0,1,1.7763568394002505e-15
4.008333333333334,4008333,center_after_left_slump,-4.0,0.9710048409177138,68.02899515908229,0.9956922850054567,0.0267942503653646,0.08668596494822015,-0.019091495723655805,-4.0,0.9710048409177138,68.02899515908229,35.56470962045964,7.262404935380189,0,feet,-0.07946767352189665,-0.1730931428895155,-0.24777948759942037,-39.307930218383916,63.96537091320597,9.665559949062,-39.48803325893248,66.27374631292423,0.0,1,2.6645352591003757e-14,-0.08179203592935025,-0.2093814804668419,-0.34172821886282456,-40.09273288267935,-63.393495659426776,9.702095346187562,-39.63632673702084,-59.98254951054344,0.0,1,5.329070518200751e-15,-0.01810259596129038,-0.08500957191587988,-0.5958443570357863,78.55431951394789,63.36094965299564,9.689777510639217,77.73348583732954,59.99808297606773,0.0,1,3.552713678800501e-15,-0.014944269420711365,-0.14359981300518188,-0.7170453672111003,77.36701125652216,-64.01817938382638,9.705101546088883,77.85090268122538,-67.4085519231407,0.0,1,-5.1514348342607263e-14
4.016666666666667,4016667,center_after_left_slump,-4.0,0.964506172839506,68.0354938271605,0.9956989865676008,0.026615015402744226,0.0866922311367722,-0.018963811955743884,-4.0,0.964506172839506,68.0354938271605,35.564717253420994,7.27042630212744,0,feet,-0.0789405409017383,-0.1733151573084375,-0.24800552407904952,-39.30930468525016,63.96368025493676,9.665181536051648,-39.48803325893248,66.27374631292423,0.0,1,-1.0658141036401503e-14,-0.0812337990211045,-0.2093490899624313,-0.34133117733260665,-40.088889376141445,-63.39575215602815,9.70148179740697,-39.63632673702084,-59.98254951054344,0.0,1,-3.019806626980426e-14,-0.017976360665499236,-0.08523761902951188,-0.596164137120375,78.55046309953893,63.36331995506083,9.689280501946563,77.73348583732954,59.99808297606773,0.0,1,-3.730349362740526e-14,-0.014860893244883044,-0.14341750026225109,-0.7165529094573033,77.3711944655694,-64.01606866556445,9.704571616564678,77.85090268122538,-67.4085519231407,0.0,1,-1.7763568394002505e-15
4.025,4025000,center_after_left_slump,-4.0,0.9572205544936631,68.04277944550634,0.9957064461732373,0.026414073953554374,0.08669920612367223,-0.01882066427529013,-4.0,0.9572205544936631,68.04277944550634,35.564725810688834,7.2794249724809745,0,feet,-0.07834949952053316,-0.17356430840911807,-0.24825882461797022,-39.31084423392255,63.96178344627304,9.664756332820417,-39.48803325893248,66.27374631292423,0.0,1,5.329070518200751e-15,-0.08060813990059312,-0.20931321436406503,-0.34088585014172335,-40.084578329580495,-63.3982785831461,9.700792736639414,-39.63632673702084,-59.98254951054344,0.0,1,5.329070518200751e-15,-0.0178349158285096,-0.08549344554522209,-0.5965225175313154,78.54613876928669,63.36597583531615,9.68872134587211,77.73348583732954,59.99808297606773,0.0,1,3.019806626980426e-14,-0.01476713158644305,-0.14321357911321364,-0.7160007257549914,77.37588242880307,-64.01370202374083,9.703974588098916,77.85090268122538,-67.4085519231407,0.0,1,2.4868995751603507e-14
4.033333333333333,4033333,center_after_left_slump,-4.0,0.9491334812728677,68.05086651872713,0.9957146601736122,0.0261910252345696,0.0867068864978182,-0.018661766967908222,-4.0,0.9491334812728677,68.05086651872713,35.56473530929942,7.2894209241505905,0,feet,-0.0776933463792231,-0.17384117945901822,-0.24853985606436124,-39.312551456599856,63.95967622059789,9.664283158362139,-39.48803325893248,66.27374631292423,0.0,1,5.3290705182007514e-14,-0.07991387405999006,-0.20927393355069723,-0.3403912793273758,-40.0797904328721,-63.40107882146401,9.700026371496577,-39.63632673702084,-59.98254951054344,0.0,1,-4.618527782440651e-14,-0.017678006475588592,-0.0857776174708258,-0.5969201691130754,78.54133759531658,63.368922077836885,9.68809825013426,77.73348583732954,59.99808297606773,0.0,1,3.907985046680551e-14,-0.014662698414166897,-0.14298780552346235,-0.7153876847495328,77.3810838539025,-64.01107463237399,9.703308261327834,77.85090268122538,-67.4085519231407,0.0,1,-1.0658141036401503e-14
4.041666666666667,4041667,center_after_left_slump,-4.0,0.9402350969306037,68.0597649030694,0.9957236177348324,0.025945596581171574,0.08671526212980891,-0.018486925565457762,-4.0,0.9402350969306037,68.0597649030694,35.56474576082934,7.300428663784665,0,feet,-0.07697125212890032,-0.17414620622831833,-0.24884891863730507,-39.31442789960529,63.9573554579893,9.663761059056547,-39.48803325893248,66.27374631292423,0.0,1,4.263256414560601e-14,-0.07915022411169748,-0.2092313701584656,-0.3398467816823372,-40.07451903311464,-63.404154988415456,9.699181293920219,-39.63632673702084,-59.98254951054344,0.0,1,2.4868995751603507e-14,-0.01750547139420844,-0.08609054495887358,-0.5973575284466102,78.53605336796804,63.372161705494875,9.687409690084628,77.73348583732954,59.99808297606773,0.0,1,4.973799150320701e-14,-0.01454735483645786,-0.14274008671182825,-0.714713003118276,77.38680437552924,-64.0081831600046,9.702570686342526,77.85090268122538,-67.4085519231407,0.0,1,-3.552713678800501e-14
4.05,4050000,center_after_left_slump,-4.0,0.9305200214196468,68.06947997858035,0.9957333011241983,0.025677638707354705,0.0867243164396609,-0.018296033471624257,-4.0,0.9305200214196468,68.06947997858035,35.564757171597684,7.31245742726562,0,feet,-0.07618274726315244,-0.17447968236758848,-0.2491861520957075,-39.31647410200023,63.95481914360165,9.66318930059846,-39.48803325893248,66.27374631292423,0.0,1,1.2434497875801753e-14,-0.0783168046145497,-0.2091856878429179,-0.339251938651405,-40.068760037826166,-63.40750750448283,9.698256466344716,-39.63632673702084,-59.98254951054344,0.0,1,3.907985046680551e-14,-0.01731723964296128,-0.08643248799043723,-0.5978348065647743,78.53028249586727,63.37569604546484,9.686654399509273,77.73348583732954,59.99808297606773,0.0,1,-5.684341886080802e-14,-0.014420907599472788,-0.1424704753375936,-0.7139762326872945,77.39304666982262,-64.00502571429635,9.701760154975382,77.85090268122538,-67.4085519231407,0.0,1,2.3092638912203256e-14
4.058333333333334,4058333,center_after_left_slump,-4.0,0.9199871787305518,68.08001282126945,0.9957436860444104,0.025387120967944515,0.08673402670928869,-0.018089068589682435,-4.0,0.9199871787305518,68.08001282126945,35.56476954286827,7.325511374661758,0,feet,-0.07532770837875002,-0.17484176456032063,-0.2495515420010146,-39.31868963537695,63.952066327339615,9.662567360792252,-39.48803325893248,66.27374631292423,0.0,1,3.552713678800501e-14,-0.0774136067399338,-0.20913708915040186,-0.3386065864117289,-40.062511820078925,-63.411135162453505,9.69725120894504,-39.63632673702084,-59.98254951054344,0.0,1,-1.7763568394002505e-14,-0.017113326992337807,-0.08680356191021543,-0.5983519977775078,78.5240239068538,63.37952479601493,9.685831363187035,77.73348583732954,59.99808297606773,0.0,1,0.0,-0.014283207850930069,-0.14217916326614155,-0.7131772476288929,77.39981057051367,-64.00160178692356,9.700875195729509,77.85090268122538,-67.4085519231407,0.0,1,4.263256414560601e-14
4.066666666666666,4066667,center_after_left_slump,-4.0,0.9086396247301424,68.09136037526986,0.995754742013427,0.025074126622819895,0.0867443644376673,-0.017866089952236684,-4.0,0.9086396247301424,68.09136037526986,35.56478287105186,7.339589780085333,0,feet,-0.0744063445014369,-0.17523247746051496,-0.24994492607040142,-39.32107314479085,63.94909708475804,9.661894923172298,-39.48803325893248,66.27374631292423,0.0,1,1.9539925233402755e-14,-0.07644098278596623,-0.2090858130165265,-0.3379108061284408,-40.055775125459874,-63.415035199502086,9.69616518791949,-39.63632673702084,-59.98254951054344,0.0,1,2.842170943040401e-14,-0.01689383230026742,-0.0872037428205159,-0.5989088886018656,78.51727894971143,63.38364609452839,9.684939811121936,77.73348583732954,59.99808297606773,0.0,1,2.6645352591003757e-14,-0.014134150153614744,-0.14186647493372861,-0.7123162317367822,77.40709318658251,-63.997912198737524,9.699914571217796,77.85090268122538,-67.4085519231407,0.0,1,-1.2434497875801753e-14
4.075,4075000,center_after_left_slump,-4.0,0.896484375,68.103515625,0.9957664327870221,0.0247388481028822,0.08675529573591997,-0.017627234352685022,-4.0,0.896484375,68.103515625,35.56479714790835,7.35468721678869,0,feet,-0.07341918347257614,-0.17565171842890015,-0.25036600061585856,-39.32362239077674,63.945912479098986,9.661171871397435,-39.48803325893248,66.27374631292423,0.0,1,5.329070518200751e-15,-0.07539963055037857,-0.20903213191544,-0.33716491437423945,-40.04855298071506,-63.41920337192502,9.694998404742115,-39.63632673702084,-59.98254951054344,0.0,1,8.881784197001252e-15,-0.016658933826327882,-0.08763287284396037,-0.599505066790329,78.51005129663999,63.38805658668533,9.683979214345463,77.73348583732954,59.99808297606773,0.0,1,1.7763568394002505e-14,-0.013973671728146009,-0.14153286033829682,-0.7113936657746418,77.41488902135895,-63.99395904519936,9.6988772779357,77.85090268122538,-67.4085519231407,0.0,1,-3.197442310920451e-14
4.083333333333333,4083333,center_after_left_slump,-4.0,0.883532232674951,68.11646776732505,0.9957787168204665,0.02438158227747493,0.08676678175898776,-0.017372712978114296,-4.0,0.883532232674951,68.11646776732505,35.564812360748995,7.370793737899788,0,feet,-0.07236705839147106,-0.17609926208426252,-0.25081432706346884,-39.32633429238116,63.94251452436134,9.660398284354542,-39.48803325893248,66.27374631292423,0.0,1,-3.552713678800501e-15,-0.07429057757493984,-0.20897634868875992,-0.3363694536992319,-40.04085060390679,-63.423634032314965,9.693751186307367,-39.63632673702084,-59.98254951054344,0.0,1,1.5987211554602254e-14,-0.016408885489391345,-0.08809066526681386,-0.600139930449425,78.50234684639263,63.39275149671667,9.682949282156244,77.73348583732954,59.99808297606773,0.0,1,1.7763568394002505e-15,-0.013801751900810011,-0.1411788876888802,-0.7104103148928491,77.42319009294583,-63.989745642064065,9.697762548156923,77.85090268122538,-67.4085519231407,0.0,1,6.394884621840902e-14
4.091666666666667,4091667,center_after_left_slump,-4.0,0.8697976162815576,68.13020238371844,0.9957915477652245,0.02400272572292677,0.08677877917003911,-0.0171028080433038,-4.0,0.8697976162815576,68.13020238371844,35.56482849263863,7.3878950532584895,0,feet,-0.07125109410743846,-0.17657476468888467,-0.2512893385461674,-39.32920497112915,63.93890614928153,9.659574431898378,-39.48803325893248,66.27374631292423,0.0,1,1.7763568394002505e-14,-0.07311516527605422,-0.20891879308736705,-0.33552518333528214,-40.032675315891574,-63.42832020892956,9.69242417587376,-39.63632673702084,-59.98254951054344,0.0,1,8.881784197001252e-15,-0.016144013074217867,-0.0885767095765253,-0.6008126972394514,78.49417362799234,63.39772469862917,9.681849960648506,77.73348583732954,59.99808297606773,0.0,1,4.796163466380676e-14,-0.013618411729133584,-0.14080523575088355,-0.709367216107295,77.43198605582663,-63.98527647129704,9.69656985371141,77.85090268122538,-67.4085519231407,0.0,1,5.329070518200751e-15
4.1,4100000,center_after_left_slump,-4.0,0.8552983875766048,68.14470161242339,0.9958048749961108,0.023602769991868056,0.08679124063336159,-0.016817869425491967,-4.0,0.8552983875766048,68.14470161242339,35.56484552259787,7.405972702864659,0,feet,-0.07007269375505398,-0.17707776838916311,-0.25179034656247845,-39.33222979583461,63.93509116209318,9.658700771145604,-39.48803325893248,66.27374631292423,0.0,1,1.7763568394002505e-14,-0.0718750329776845,-0.2088598180628587,-0.3346330700174813,-40.02403645290715,-63.433253686982106,9.691018324707017,-39.63632673702084,-59.98254951054344,0.0,1,1.5987211554602254e-14,-0.015864710393133308,-0.08909047640845902,-0.6015224136451107,78.48554170493452,63.40296878828825,9.680681432362803,77.73348583732954,59.99808297606773,0.0,1,5.861977570020827e-14,-0.013423713775463142,-0.1404126859284065,-0.7082656658334701,77.44126432350325,-63.98055712720214,9.695298911381528,77.85090268122538,-67.4085519231407,0.0,1,-4.618527782440651e-14
4.108333333333333,4108333,center_after_left_slump,-4.0,0.8400556793855918,68.15994432061441,0.995818644163996,0.023182296882957844,0.08680411533114296,-0.0165183112995482,-4.0,0.8400556793855918,68.15994432061441,35.56486342580531,7.4250042274887775,0,feet,-0.06883352532548903,-0.17760770533419912,-0.25231654769294787,-39.33540342815203,63.93107421592292,9.657777943235061,-39.48803325893248,66.27374631292423,0.0,1,5.329070518200751e-15,-0.07057210186392915,-0.2087997958484369,-0.33369427890398873,-40.01494528004435,-63.438425091559616,9.689534884312373,-39.63632673702084,-59.98254951054344,0.0,1,1.7763568394002505e-14,-0.01557143540945205,-0.08963132241790905,-0.6022679643060238,78.47646307977476,63.408475156235305,9.679444116880553,77.73348583732954,59.99808297606773,0.0,1,2.4868995751603507e-14,-0.01321776199698066,-0.14000211412796082,-0.7071072074683986,77.45101019199865,-63.97559426273683,9.693949689629605,77.85090268122538,-67.4085519231407,0.0,1,-5.329070518200751e-15
4.116666666666666,4116667,center_after_left_slump,-4.0,0.8240937234412176,68.17590627655878,0.9958327977688676,0.022741973710653188,0.08681734949928838,-0.016204608773186392,-4.0,0.8240937234412176,68.17590627655878,35.56488217379974,7.444963337027133,0,feet,-0.0675355082664515,-0.17816390169646157,-0.25286703036539215,-39.338719868762304,63.92686077467261,9.656806770460499,-39.48803325893248,66.27374631292423,0.0,1,1.0658141036401503e-14,-0.06920855886944066,-0.20873911387127642,-0.3327101645745034,-40.005414905369676,-63.44382397185375,9.68797539914081,-39.63632673702084,-59.98254951054344,0.0,1,3.019806626980426e-14,-0.015264706329717104,-0.09019849509430466,-0.6030480813954684,78.46695159899798,63.41423406110818,9.67813867217194,77.73348583732954,59.99808297606773,0.0,1,2.842170943040401e-14,-0.013000701719418473,-0.13957448245022253,-0.7058936190124978,77.46120696404736,-63.97039553598827,9.692522416359523,77.85090268122538,-67.4085519231407,0.0,1,0.0
4.125,4125000,center_after_left_slump,-4.0,0.8074396782218718,68.19256032177813,0.9958472757478585,0.02228254857465662,0.08683088697723298,-0.015877294521860912,-4.0,0.8074396782218718,68.19256032177813,35.56490173468239,7.465820077205564,0,feet,-0.06618080010295957,-0.17874558161963439,-0.2534407816595645,-39.34217250407578,63.92245707923445,9.655788253678608,-39.48803325893248,66.27374631292423,0.0,1,2.6645352591003757e-14,-0.06778684052649497,-0.2086781705401144,-0.33168226208684315,-39.99546019445857,-63.44943888638052,9.686341699648459,-39.63632673702084,-59.98254951054344,0.0,1,2.842170943040401e-14,-0.01494509767213792,-0.09079113753508761,-0.6038613540351445,78.45702285806189,63.42023470352824,9.67676599650018,77.73348583732954,59.99808297606773,0.0,1,4.973799150320701e-14,-0.012772719661153342,-0.13913083075820865,-0.704626900723047,77.47183607379492,-63.96496955678252,9.691017587403998,77.85090268122538,-67.4085519231407,0.0,1,-1.0658141036401503e-14
4.133333333333334,4133333,center_after_left_slump,-4.0,0.7901234567901235,68.20987654320987,0.9958620160727212,0.021804845628688764,0.0868446697665909,-0.015536955422996733,-4.0,0.7901234567901235,68.20987654320987,35.56492207331909,7.487540995249461,0,feet,-0.06477178307101417,-0.17935187111937223,-0.25403669414142804,-39.34575415333187,63.91787011388099,9.654723569892681,-39.48803325893248,66.27374631292423,0.0,1,3.552713678800501e-15,-0.0663096167877848,-0.2086173709528616,-0.330612278070741,-39.985097685099404,-63.45525748885103,9.684635895585679,-39.63632673702084,-59.98254951054344,0.0,1,1.9539925233402755e-14,-0.014613236318849143,-0.09140829319700572,-0.604706237733553,78.44669410650695,63.42646530031078,9.675327230680473,77.73348583732954,59.99808297606773,0.0,1,-1.7763568394002505e-15,-0.012534043974278486,-0.13867226817111034,-0.7033092627906261,77.48287721181612,-63.95932583339584,9.689435975423223,77.85090268122538,-67.4085519231407,0.0,1,3.375077994860476e-14
4.141666666666667,4141667,center_after_left_slump,-4.0,0.7721775546312089,68.22782244536879,0.9958769553511747,0.0213097603482524,0.08685863859342673,-0.015184229189224501,-4.0,0.7721775546312089,68.22782244536879,35.56494315154252,7.510089305144255,0,feet,-0.06331105075613319,-0.17998180196306146,-0.2546535727168906,-39.34945711596851,63.913107572674775,9.653614069911079,-39.48803325893248,66.27374631292423,0.0,1,1.4210854715202004e-14,-0.06477977484410458,-0.2085571225696068,-0.329502081837695,-39.97434550192764,-63.46126661435465,9.682860369390504,-39.63632673702084,-59.98254951054344,0.0,1,-3.552713678800501e-15,-0.014269797559727238,-0.09204891064266407,-0.6055810638353094,78.43598415302615,63.43291315885502,9.67382376048944,77.73348583732954,59.99808297606773,0.0,1,4.085620730620576e-14,-0.012284944269765674,-0.1381999645334706,-0.7019431130296794,77.49430845026652,-63.95347471933744,9.687778638900738,77.85090268122538,-67.4085519231407,0.0,1,0.0
4.15,4150000,center_after_left_slump,-4.0,0.7536368774915215,68.24636312250848,0.9958920294265542,0.02079825479707996,0.0868727334689438,-0.014819801000316605,-4.0,0.7536368774915215,68.24636312250848,35.5649649283544,7.533425053108687,0,feet,-0.061801394728762116,-0.1806343155546637,-0.2552901414946316,-39.353273219133406,63.908177825741326,9.652461275978823,-39.48803325893248,66.27374631292423,0.0,1,3.552713678800501e-15,-0.06320040295586438,-0.208497830896341,-0.328353696485824,-39.96322327075836,-63.46745236551141,9.681017769561116,-39.63632673702084,-59.98254951054344,0.0,1,1.7763568394002505e-14,-0.013915501135568942,-0.09271184829997514,-0.6064840489687588,78.42491327039065,63.43956475156648,9.672257219019343,77.73348583732954,59.99808297606773,0.0,1,-6.039613253960852e-14,-0.012025731594729194,-0.13771514190900902,-0.7005310445742428,77.5061063679778,-63.94742736016986,9.686046930926324,77.85090268122538,-67.4085519231407,0.0,1,3.019806626980426e-14
4.158333333333333,4158333,center_after_left_slump,-4.0,0.7345385692170993,68.2654614307829,0.9959071739702644,0.020271352891988163,0.08688689424344734,-0.014444400133551562,-4.0,0.7345385692170993,68.2654614307829,35.5649873601277,7.557505283895367,0,feet,-0.06024579116866491,-0.18130826685050794,-0.2559450506475045,-39.35719386520338,63.90308988525483,9.651266879283199,-39.48803325893248,66.27374631292423,0.0,1,2.3092638912203256e-14,-0.061574774316972114,-0.20843989522428252,-0.32716928997894046,-39.95175203239066,-63.47380019825517,9.679111003882795,-39.63632673702084,-59.98254951054344,0.0,1,4.618527782440651e-14,-0.013551107288396036,-0.0933958792517755,-0.607413304479345,78.41350310013001,63.44640579016582,9.670629488777642,77.73348583732954,59.99808297606773,0.0,1,-3.019806626980426e-14,-0.011756758331186834,-0.13721906614758472,-0.6990758235697832,77.51824617531072,-63.941195640334094,9.684242507459764,77.85090268122538,-67.4085519231407,0.0,1,3.019806626980426e-14
4.166666666666667,4166667,center_after_left_slump,-4.0,0.714921839592116,68.28507816040788,0.9959223250616668,0.01973013566590024,0.0869010611485604,-0.014058796592270583,-4.0,0.714921839592116,68.28507816040788,35.56501040080887,7.582284208518232,0,feet,-0.05864738747059883,-0.18200242833135638,-0.256616883261934,-39.36121007917987,63.89785337099108,9.65003273723466,-39.48803325893248,66.27374631292423,0.0,1,4.440892098500626e-14,-0.05990633096899156,-0.20838370446868204,-0.3259511661795309,-39.939954155670975,-63.48029500691411,9.677143232388048,-39.63632673702084,-59.98254951054344,0.0,1,3.552713678800501e-15,-0.01317741282655227,-0.09409969607230817,-0.60836684583641,78.40177655687216,63.45342129973896,9.668942703330849,77.73348583732954,59.99808297606773,0.0,1,1.9539925233402755e-14,-0.011478417987415668,-0.13671303857245087,-0.6975803768521902,77.53070183858533,-63.93479212994364,9.682367334783187,77.85090268122538,-67.4085519231407,0.0,1,3.730349362740526e-14
4.175,4175000,center_after_left_slump,-4.0,0.6948277921773665,68.30517220782264,0.9959374197502091,0.019175736528837025,0.08691517532283845,-0.013663797732429967,-4.0,0.6948277921773665,68.30517220782264,35.56503400212004,7.607713373985604,0,feet,-0.057009488823860366,-0.18271549405529308,-0.25730416216477225,-39.36531255582654,63.892478475308614,9.648760870428752,-39.48803325893248,66.27374631292423,0.0,1,5.329070518200751e-15,-0.05819866778264382,-0.2083296331496287,-0.3247017558160503,-39.92785324961413,-63.4869212082631,9.675117859931625,-39.63632673702084,-59.98254951054344,0.0,1,1.5987211554602254e-14,-0.012795247212082916,-0.0948219157264969,-0.6093426020014978,78.38975773225341,63.46059569238614,9.667199248304485,77.73348583732954,59.99808297606773,0.0,1,5.329070518200751e-15,-0.011191144855070334,-0.13619838783304727,-0.6960477796049966,77.54344620391122,-63.92823003151413,9.68042369585951,77.85090268122538,-67.4085519231407,0.0,1,0.0
4.183333333333334,4183333,center_after_left_slump,-4.0,0.6742992521487592,68.32570074785124,0.995952396594834,0.01860933652672231,0.0869291793161446,-0.013260244886996982,-4.0,0.6742992521487592,68.32570074785124,35.56505811376122,7.63374183559111,0,feet,-0.05533554475862612,-0.18344608381499405,-0.25800535671719205,-39.36949170641539,63.886975927428715,9.647453459198353,-39.48803325893248,66.27374631292423,0.0,1,-1.9539925233402755e-14,-0.056455516522766036,-0.20827803755554752,-0.3234236073657355,-39.91547407439849,-63.493662824237745,9.673038528266325,-39.63632673702084,-59.98254951054344,0.0,1,-1.7763568394002505e-15,-0.01240546867763026,-0.0955610845470165,-0.6103384247466761,78.37747179831639,63.467912840332296,9.665401761554541,77.73348583732954,59.99808297606773,0.0,1,-1.9539925233402755e-14,-0.010895413507543417,-0.13567646196632266,-0.6944812429861491,77.55645112025115,-63.92152312659307,9.678414195332955,77.85090268122538,-67.4085519231407,0.0,1,-2.6645352591003757e-14
4.191666666666666,4191667,center_after_left_slump,-4.0,0.6533805941358025,68.3466194058642,0.9959671961759896,0.018032159597893505,0.08694301756840603,-0.012849009988081661,-4.0,0.6533805941358025,68.3466194058642,35.565082683612516,7.66031633228377,0,feet,-0.053629135652432325,-0.18419274742169645,-0.25871888956538314,-39.37373770495154,63.8813569568939,9.646112839669833,-39.48803325893248,66.27374631292423,0.0,1,5.329070518200751e-15,-0.05468073001165452,-0.20822925212791876,-0.3221193778352234,-39.90284245106673,-63.50050356301096,9.670909107513374,-39.63632673702084,-59.98254951054344,0.0,1,7.105427357601002e-15,-0.012008960379780387,-0.09631568330313112,-0.6113520979119795,78.36494491032217,63.47535614836521,9.663553132337398,77.73348583732954,59.99808297606773,0.0,1,5.329070518200751e-15,-0.010591738117554872,-0.13514862070686862,-0.69288410171584,77.56968756155887,-63.91468572225508,9.676341762924523,77.85090268122538,-67.4085519231407,0.0,1,7.815970093361102e-14
4.2,4200000,center_after_left_slump,-4.0,0.6321175700600941,68.36788242993991,0.9959817615758688,0.017445467827256048,0.08695663685866918,-0.012430992186743763,-4.0,0.6321175700600941,68.36788242993991,35.565107657936366,7.687381465601618,0,feet,-0.05189395919060891,-0.18495396913677453,-0.25944314333815655,-39.37804053374765,63.87563325609653,9.644741499243544,-39.48803325893248,66.27374631292423,0.0,1,7.993605777301127e-14,-0.052878266404476904,-0.2081835861032082,-0.32079182342235457,-39.889985169785305,-63.50742689815498,9.6687336869253,-39.63632673702084,-59.98254951054344,0.0,1,4.263256414560601e-14,-0.011606626595416447,-0.09708413237402791,-0.6123813465917185,78.35220410891077,63.482908625475964,9.661656499316862,77.73348583732954,59.99808297606773,0.0,1,6.394884621840902e-14,-0.010280671574715683,-0.1346162280831078,-0.6912598016172913,77.58312574784298,-63.9077325974306,9.674209654996034,77.85090268122538,-67.4085519231407,0.0,1,-1.5987211554602254e-14
4.208333333333333,4208333,center_after_left_slump,-4.0,0.6105571369738102,68.38944286302619,0.9959960388228755,0.016850556698066673,0.08696998672070524,-0.012007114470460219,-4.0,0.6105571369738102,68.38944286302619,35.565132981579715,7.714879882613445,0,feet,-0.05013381677501849,-0.185728172270196,-0.2601764672818936,-39.38239002822497,63.869816941780364,9.643342071424627,-39.48803325893248,66.27374631292423,0.0,1,3.019806626980426e-14,-0.051052173589021255,-0.20814132044518496,-0.3194437900438887,-39.876929896532346,-63.514416145628346,9.666516564848934,-39.63632673702084,-59.98254951054344,0.0,1,2.4868995751603507e-14,-0.011199388967201074,-0.09786479703810036,-0.613423846240214,78.33927722155344,63.49055295558241,9.659715247259683,77.73348583732954,59.99808297606773,0.0,1,5.329070518200751e-15,-0.009962804386573154,-0.13408064533341602,-0.6896118871027208,77.59673526502186,-63.900678949034344,9.672021454081381,77.85090268122538,-67.4085519231407,0.0,1,1.2434497875801753e-14
4.216666666666667,4216667,center_after_left_slump,-4.0,0.5887472848981944,68.41125271510181,0.9960099772966938,0.01624875034137674,0.08698301982178189,-0.011578320278283842,-4.0,0.5887472848981944,68.41125271510181,35.5613008161629,7.7427524632687295,0,feet,-0.04835259987602836,-0.18651372396336674,-0.2609171838238229,-39.38677592082226,63.86392051543097,9.641917329938352,-39.48803325893248,66.27374631292423,0.0,1,2.4868995751603507e-14,-0.0492066364883752,-0.20810277332913163,-0.31807825530447476,-39.86370106611249,-63.52145852394954,9.664264314502354,-39.62889899469982,-59.97546142282856,0.0,1,8.881784197001252e-15,-0.010788225078923741,-0.09865610886273535,-0.6144773365482656,78.32619836377285,63.49826946566298,9.657735088535503,77.73640930774546,60.005725519170234,0.0,1,1.2434497875801753e-14,-0.009638763349598456,-0.13354322417239617,-0.687943988597211,77.6104851834457,-63.8935403378641,9.669781066201445,77.85090268122538,-67.4085519231407,0.0,1,-1.7763568394002505e-14
4.225,4225000,center_after_left_slump,-4.0,0.5667368646620455,68.43326313533795,0.9960235300907669,0.01564139678321072,0.0869956923016109,-0.011145570113767437,-4.0,0.5667368646620455,68.43326313533795,35.56132537482878,7.770938512508636,0,feet,-0.04655427632325981,-0.18730894017194588,-0.2616635950551012,-39.39118788390143,63.85795682248496,9.640470182069379,-39.48803325893248,66.27374631292423,0.0,1,3.197442310920451e-14,-0.0473457744330501,-0.20806806625689767,-0.3166981889890903,-39.85033196929175,-63.52853330703417,9.66198115387796,-39.62889899469982,-59.97546142282856,0.0,1,-1.7763568394002505e-15,-0.010374038466249402,-0.09945621886150446,-0.6155393226506787,78.31299103642154,63.50604248494388,9.655718307738454,77.73640930774546,60.005725519170234,0.0,1,-4.263256414560601e-14,-0.00930920997948359,-0.1330053004336813,-0.686259809893699,77.62434417497809,-63.88633263424133,9.667492715812543,77.85090268122538,-67.4085519231407,0.0,1,4.973799150320701e-14
4.233333333333333,4233333,center_after_left_slump,-4.0,0.5445754157402082,68.45542458425979,0.9960366543294301,0.015029863189596237,0.08700796406889884,-0.010709838155768038,-4.0,0.5445754157402082,68.45542458425979,35.56135010200863,7.7993759574405175,0,feet,-0.04474287653133224,-0.18811209086212743,-0.26241398912589453,-39.39561557154574,63.851939010300306,9.63900366117609,-39.48803325893248,66.27374631292423,0.0,1,1.9539925233402755e-14,-0.04547381175362952,-0.208037406860476,-0.315306623905236,-39.836852138075,-63.53562377317187,9.65967037345581,-39.62889899469982,-59.97546142282856,0.0,1,-1.4210854715202004e-14,-0.009957781003487653,-0.10026336559689719,-0.6166073786131383,78.29968487278305,63.51385414097743,9.653668504760773,77.73640930774546,60.005725519170234,0.0,1,-4.085620730620576e-14,-0.00897483869305793,-0.13246818811154304,-0.6845631154329088,77.63828062854277,-63.87907196336702,9.665160938256811,77.85090268122538,-67.4085519231407,0.0,1,3.375077994860476e-14
4.241666666666666,4241667,center_after_left_slump,-4.0,0.5223129940920596,68.47768700590794,0.9960493114374201,0.014415531109599165,0.08701979905336578,-0.010272108867282904,-4.0,0.5223129940920596,68.47768700590794,35.56137494185127,7.828001549825714,0,feet,-0.04292247965748075,-0.18892140543171188,-0.26316664654538036,-39.4000486601565,63.84588048484703,9.637520918337046,-39.48803325893248,66.27374631292423,0.0,1,4.085620730620576e-14,-0.0435950019512914,-0.20801093901860535,-0.3139066668222519,-39.82329178243557,-63.54271331748549,9.657336980690111,-39.62889899469982,-59.97546142282856,0.0,1,1.0658141036401503e-14,-0.009540407327313538,-0.1010757492274883,-0.6176790702377275,78.28630983394405,63.52168650757206,9.651589979295984,77.73640930774546,60.005725519170234,0.0,1,6.927791673660977e-14,-0.008636374737033492,-0.13193317381938785,-0.6828577175027064,77.65226276405971,-63.871774650370526,9.66279056961605,77.85090268122538,-67.4085519231407,0.0,1,1.4210854715202004e-14
4.25,4250000,center_after_left_slump,-4.0,0.5,68.5,0.9960614673599618,0.013799791716550942,0.08703116541155358,-0.00983337360250176,-4.0,0.5,68.5,35.561399838121346,7.856751074075831,0,feet,-0.04109719968867598,-0.18973507836501735,-0.263919846380416,-39.404476887763906,63.83979486608792,9.636025213096467,-39.48803325893248,66.27374631292423,0.0,1,1.7763568394002505e-15,-0.041713612444063575,-0.2079887682868704,-0.3125014644164823,-39.809681495167276,-63.54978552230705,9.654986127067929,-39.62889899469982,-59.97546142282856,0.0,1,2.1316282072803006e-14,-0.009122871579041458,-0.10189154329144712,-0.6187519577364187,78.27289616305984,63.52952166983162,9.64948723672822,77.73640930774546,60.005725519170234,0.0,1,-2.3092638912203256e-14,-0.00829457186160143,-0.13140151167884673,-0.681147463352008,77.66625874470685,-63.86445716503037,9.66038673389302,77.85090268122538,-67.4085519231407,0.0,1,-6.927791673660977e-14
4.258333333333334,4258333,center_after_left_slump,-4.0,0.47768700590794033,68.52231299409206,0.9960730927321396,0.013184041047682924,0.08704203568521232,-0.009394627212287355,-4.0,0.47768700590794033,68.52231299409206,35.56142473439143,7.885559560896688,0,feet,-0.03927117145656345,-0.19055127512830872,-0.2646718723475652,-39.4088900919791,63.833695942037565,9.634519903285785,-39.48803325893248,66.27374631292423,0.0,1,-2.6645352591003757e-14,-0.039833909882998064,-0.20797096107792212,-0.3110941927584969,-39.79605214760423,-63.556824217120536,9.65262309186457,-39.62889899469982,-59.97546142282856,0.0,1,-3.552713678800501e-15,-0.008706124043223351,-0.10270890085026307,-0.6198236042070184,78.25947428197514,63.537341787430904,9.647364974728262,77.73640930774546,60.005725519170234,0.0,1,3.375077994860476e-14,-0.007950209739646663,-0.13087441864876714,-0.6794362222152328,77.68023678746574,-63.857136066151085,9.657954827475919,77.85090268122538,-67.4085519231407,0.0,1,-7.105427357601002e-15
4.266666666666667,4266667,center_after_left_slump,-4.0,0.4554245842597918,68.54457541574021,0.9960841629967706,0.012569675242405784,0.08705238691153325,-0.008956864648319102,-4.0,0.4554245842597918,68.54457541574021,35.56144957423407,7.91436150666182,0,feet,-0.03744853657931335,-0.19136813831000543,-0.26542101879414215,-39.41327824652815,63.82759762149847,9.633008433906163,-39.48803325893248,66.27374631292423,0.0,1,2.842170943040401e-14,-0.0379601456337455,-0.20795754426456936,-0.3096880466032985,-39.78243478345938,-63.5638135352575,9.650253264721016,-39.62889899469982,-59.97546142282856,0.0,1,3.552713678800501e-15,-0.008291107862095526,-0.10352596078644982,-0.620891583989315,78.2460746870193,63.5451291564436,9.645228067948807,77.73640930774546,60.005725519170234,0.0,1,-2.6645352591003757e-14,-0.007604091134948199,-0.13035307029895593,-0.677727872244013,77.69416527192332,-63.849827945582895,9.655500500865585,77.85090268122538,-67.4085519231407,0.0,1,-3.730349362740526e-14
4.275,4275000,center_after_left_slump,-4.0,0.43326313533795435,68.56673686466205,0.9960946584705143,0.011958085779488724,0.08706220068497891,-0.00852107756615125,-4.0,0.43326313533795435,68.56673686466205,35.556827415324726,7.943091098539938,0,feet,-0.035633429330190314,-0.1921837940074722,-0.2661655965650187,-39.41763149632121,63.821513885489836,9.631494325067663,-39.48803325893248,66.27374631292423,0.0,1,3.552713678800501e-15,-0.03609661887463167,-0.20794856784725724,-0.3082862808695861,-39.768856594230215,-63.57074289633151,9.647884638150167,-39.6199763385323,-59.968726973475306,0.0,1,-1.7763568394002505e-14,-0.007878755826914219,-0.10434085425426831,-0.6219534909003306,78.23272784399626,63.55286626969937,9.643081550813108,77.73640930774546,60.005725519170234,0.0,1,1.7763568394002505e-14,-0.007257038825215112,-0.12983859702902212,-0.6760262873438294,77.7080128473212,-63.84254937187545,9.653029637677086,77.85090268122538,-67.4085519231407,0.0,1,-1.7763568394002505e-15
4.283333333333333,4283333,center_after_left_slump,-4.0,0.41125271510180583,68.58874728489819,0.9961045643584724,0.011350654713404467,0.0870714631709484,-0.008088250927447884,-4.0,0.41125271510180583,68.58874728489819,35.55685041963514,7.9716824453428785,0,feet,-0.033829962433426175,-0.1929963584596921,-0.26690393875309715,-39.42194019102518,63.81545873739514,9.629981158991129,-39.48803325893248,66.27374631292423,0.0,1,7.105427357601002e-15,-0.03424743015442866,-0.20794385757748923,-0.3068920949808245,-39.75535299612048,-63.577592236028934,9.645523661648156,-39.6199763385323,-59.968726973475306,0.0,1,-8.881784197001252e-15,-0.007469987246452536,-0.1051517112810294,-0.6230069463487538,78.21946408239884,63.56053587566142,9.640930598401312,77.73640930774546,60.005725519170234,0.0,1,4.440892098500626e-14,-0.006909892288120556,-0.12933208072824032,-0.6743353239140939,77.72174853786032,-63.835316833560135,9.650548330948716,77.85090268122538,-67.4085519231407,0.0,1,-2.1316282072803006e-14
4.291666666666667,4291667,center_after_left_slump,-4.0,0.3894428630261898,68.61055713697381,0.9961138707180498,0.010748749910110855,0.08708016507199863,-0.0076593596016621135,-4.0,0.3894428630261898,68.61055713697381,35.55687321432065,8.000069814003112,0,feet,-0.03204221278867836,-0.19380394492266007,-0.2676344063324918,-39.42619491712439,63.80944615187071,9.62847256608567,-39.48803325893248,66.27374631292423,0.0,1,1.2434497875801753e-14,-0.03241669867360564,-0.20794338285019665,-0.30550862064888085,-39.74195447784197,-63.58434690719631,9.643172499676169,-39.6199763385323,-59.968726973475306,0.0,1,1.4210854715202004e-14,-0.007065704892144087,-0.10595666751498856,-0.6240496073298631,78.20631348888348,63.56812103583123,9.638780505465647,77.73640930774546,60.005725519170234,0.0,1,-1.7763568394002505e-14,-0.006563504160659317,-0.12883455186797166,-0.6726588074911879,77.7353418462885,-63.828146682061075,9.648062856823245,77.85090268122538,-67.4085519231407,0.0,1,-8.348877145181177e-14
4.3,4300000,center_after_left_slump,-4.0,0.367882429939906,68.63211757006009,0.996122572373364,0.010153720282539016,0.0870883015478222,-0.007235364967425682,-4.0,0.367882429939906,68.63211757006009,35.55689574832455,8.02818787153312,0,feet,-0.030274207126114838,-0.19460467078184118,-0.268355393674772,-39.43038652846881,63.803490022566734,9.626972210127484,-39.48803325893248,66.27374631292423,0.0,1,3.197442310920451e-14,-0.030608472542964726,-0.2079470168878368,-0.30413901604825755,-39.72869168311415,-63.59099274891064,9.640836771570342,-39.6199763385323,-59.968726973475306,0.0,1,1.7763568394002505e-15,-0.006666792018572565,-0.10675387111439383,-0.6250791743034485,78.1933058000487,63.57560518070225,9.63663666361991,77.73640930774546,60.005725519170234,0.0,1,1.7763568394002505e-15,-0.006218736484135512,-0.12834698701386404,-0.6710005192949713,77.74876285581267,-63.82105507423784,9.645579645688073,77.85090268122538,-67.4085519231407,0.0,1,-1.7763568394002505e-14
4.308333333333334,4308333,center_after_left_slump,-4.0,0.34661940586419754,68.6533805941358,0.9961306687819823,0.009566891026050942,0.0870958720906509,-0.006817211513908413,-4.0,0.34661940586419754,68.6533805941358,35.5569179714898,8.055971932263745,0,feet,-0.02852990759484575,-0.19539666489361762,-0.26906533394984544,-39.43450617532719,63.79760410872589,9.625483772572622,-39.48803325893248,66.27374631292423,0.0,1,1.4210854715202004e-14,-0.028826714392803154,-0.20795459768559432,-0.3027864015331678,-39.71559487087647,-63.597516139048516,9.638522102386432,-39.6199763385323,-59.968726973475306,0.0,1,1.4210854715202004e-14,-0.006274109457217847,-0.10754148977091926,-0.6260933989584583,78.18047029456787,63.582972164299925,9.634504536768503,77.73640930774546,60.005725519170234,0.0,1,-1.7763568394002505e-15,-0.0058765540828900065,-0.1278701341442683,-0.6693641239002095,77.76197604914029,-63.81406202005005,9.643107935261568,77.85649472150146,-67.41615285013233,0.0,1,-1.7763568394002505e-14
4.316666666666666,4316667,center_after_left_slump,-4.0,0.3257007478512407,68.67429925214876,0.9961381638562676,0.00898955885411717,0.0871028803582112,-0.006405823442394822,-4.0,0.3257007478512407,68.67429925214876,35.551549352853044,8.083358210104308,0,feet,-0.026813197288114043,-0.1961780751452591,-0.26976270441440375,-39.43854533197893,63.79180198073391,9.62401093604661,-39.48803325893248,66.27374631292423,0.0,1,1.2434497875801753e-14,-0.027075373358937505,-0.207965934788521,-0.3014539384196855,-39.70269064142151,-63.60390946270198,9.636239537984515,-39.60964581127373,-59.96241005616752,0.0,1,4.263256414560601e-14,-0.005888492780581345,-0.10831771785933242,-0.6270900918692734,78.16783568472997,63.59020631736097,9.632389634860445,77.73640930774546,60.005725519170234,0.0,1,4.440892098500626e-14,-0.005537726040574231,-0.12740502186889158,-0.6677533446456008,77.77495925720831,-63.80717894040092,9.640652574677333,77.85649472150146,-67.41615285013233,0.0,1,-4.085620730620576e-14
4.325,4325000,center_after_left_slump,-4.0,0.30517220782263343,68.69482779217736,0.9961450657420707,0.008422987234447548,0.08710933396679635,-0.006002101268307763,-4.0,0.30517220782263343,68.69482779217736,35.55156912949281,8.110284075516248,0,feet,-0.025127865709292152,-0.19694707622066687,-0.270446031592142,-39.44249582289666,63.78609696470763,9.622557367061432,-39.48803325893248,66.27374631292423,0.0,1,6.394884621840902e-14,-0.02535811352786732,-0.207980759495614,-0.30014457709424924,-39.690011605023045,-63.61015476195786,9.63399126023046,-39.60964581127373,-59.96241005616752,0.0,1,0.0,-0.005510749533055304,-0.10908078370409946,-0.6280671300496503,78.1554300074491,63.59729249921918,9.630297486067775,77.73640930774546,60.005725519170234,0.0,1,-4.973799150320701e-14,-0.005203118216505764,-0.12695246463073406,-0.6661717365340554,77.7876850293225,-63.80042105098417,9.638219314872728,77.85649472150146,-67.41615285013233,0.0,1,8.526512829121202e-14
4.333333333333333,4333333,center_after_left_slump,-4.0,0.2850781604078841,68.71492183959212,0.9961513865579629,0.007868401625786047,0.08711524424744004,-0.005606918423887264,-4.0,0.2850781604078841,68.71492183959212,35.55158848755416,8.13668831684226,0,feet,-0.02347759418336226,-0.19770187755694257,-0.2711138963512867,-39.44634984758795,63.78050208621298,9.621126698019346,-39.48803325893248,66.27374631292423,0.0,1,4.796163466380676e-14,-0.023678559492075646,-0.20799885592850043,-0.29886121863073933,-39.67758590030509,-63.61624024021777,9.631780563948169,-39.60964581127373,-59.96241005616752,0.0,1,2.1316282072803006e-14,-0.005141656524152882,-0.1098289569524864,-0.6290224644115003,78.14328051480712,63.604216148480425,9.628233607508392,77.73640930774546,60.005725519170234,0.0,1,3.552713678800501e-14,-0.004873588794655159,-0.12651320656983467,-0.664622767210814,77.80012677079452,-63.79380314033056,9.635814859819845,77.85649472150146,-67.41615285013233,0.0,1,-8.881784197001252e-15
4.341666666666667,4341667,center_after_left_slump,-4.0,0.26546143078290063,68.7345385692171,0.9961571420986233,0.00732698471555451,0.08712062596857052,-0.005221117861706972,-4.0,0.26546143078290063,68.7345385692171,35.54551478657952,8.162511405586898,0,feet,-0.021865941219105345,-0.1984407314747232,-0.2717649388862755,-39.45010000418249,63.775030013215286,9.619722508570796,-39.48803325893248,66.27374631292423,0.0,1,2.4868995751603507e-14,-0.02204028760243526,-0.20801997311513487,-0.29760676780122575,-39.66543814369395,-63.622160552539086,9.629616473776878,-39.59798330664155,-59.95657987270394,0.0,1,-1.7763568394002505e-15,-0.004781957178995988,-0.11056055604268389,-0.6299541271367,78.13141356419457,63.61096333258356,9.626203474643809,77.73640930774546,60.005725519170234,0.0,1,2.842170943040401e-14,-0.004549983929647894,-0.12608793103347837,-0.6631097913733655,77.81225895395306,-63.78733951033514,9.633445890255103,77.85649472150146,-67.41615285013233,0.0,1,2.842170943040401e-14
4.35,4350000,center_after_left_slump,-4.0,0.2463631225084786,68.75363687749152,0.996162351506385,0.006799871658500845,0.08712549702889096,-0.004845508659181657,-4.0,0.2463631225084786,68.75363687749152,35.54553142171921,8.187695765202065,0,feet,-0.02029632782776014,-0.19916194146334032,-0.2723978636116331,-39.45373931186743,63.76969299836978,9.618348306399305,-39.48803325893248,66.27374631292423,0.0,1,3.375077994860476e-14,-0.020446538846685236,-0.20804369086548702,-0.2963839972422355,-39.65359855594244,-63.62789934087637,9.627505679776093,-39.59798330664155,-59.95657987270394,0.0,1,3.552713678800501e-15,-0.004432358940289927,-0.11127395575460497,-0.6308602389711551,78.11985450812142,63.61752079635697,9.62421248950394,77.73640930774546,60.005725519170234,0.0,1,4.973799150320701e-14,-0.004233243024784006,-0.12567709690413986,-0.6616360002832806,77.82405168866052,-63.78104864640597,9.63112311055837,77.86371413990612,-67.42344962991251,0.0,1,4.085620730620576e-14
4.358333333333333,4358333,center_after_left_slump,-4.0,0.22782244536879104,68.77217755463121,0.9961670369153058,0.006288145316475534,0.08712987812456648,-0.004480862624187959,-4.0,0.22782244536879104,68.77217755463121,35.53881592878453,8.212186042891275,0,feet,-0.018772022804393274,-0.1998638706000131,-0.273011443977365,-39.457261232290115,63.7645028207654,9.617007507514273,-39.48803325893248,66.27374631292423,0.0,1,4.973799150320701e-14,-0.018900575453215662,-0.2080697523884938,-0.295195558646264,-39.64208980316124,-63.633452957597086,9.62545452821945,-39.58510770194058,-59.95129659363434,0.0,1,-3.552713678800501e-15,-0.004094343284783086,-0.11197102941841797,-0.6317415137395321,78.10878270190258,63.62383787723465,9.622307381310549,77.79797558731573,60.24552022080728,0.0,1,1.5987211554602254e-14,-0.003924060001182728,-0.12528141419478533,-0.6602045398046257,77.83548735491539,-63.77493882799367,9.628850532763991,77.86371413990612,-67.42344962991251,0.0,1,-1.4210854715202004e-14
4.366666666666666,4366667,center_after_left_slump,-4.0,0.20987654320987653,68.79012345679013,0.9961712230724461,0.005792831499426695,0.08713379239509852,-0.004127910901887463,-4.0,0.20987654320987653,68.79012345679013,35.53882973022917,8.235929383912193,0,feet,-0.01729612797861435,-0.20054495008075035,-0.27360452721624773,-39.46065969006096,63.759470727241315,9.615703416137436,-39.48803325893248,66.27374631292423,0.0,1,4.973799150320701e-14,-0.017405289063872953,-0.20809779678180362,-0.2940439205422387,-39.63093878433369,-63.638806210995845,9.623464535036476,-39.58510770194058,-59.95129659363434,0.0,1,3.552713678800501e-14,-0.003767696798393949,-0.11264614209590729,-0.6325943351578891,78.09805488799859,63.629942308735956,9.620502592623325,77.79797558731573,60.24552022080728,0.0,1,1.7763568394002505e-15,-0.00362334108287099,-0.12490125990207313,-0.6588182794886084,77.84653955115623,-63.76902791356909,9.626636416795165,77.87247837417938,-67.4303870690114,0.0,1,6.572520305780927e-14
4.375,4375000,center_after_left_slump,-4.0,0.1925603217781282,68.80743967822187,0.996174936941317,0.005314894207669924,0.08713726505252622,-0.003787340582807552,-4.0,0.1925603217781282,68.80743967822187,35.53153436794433,8.258875707826988,0,feet,-0.015871563441640646,-0.20120368783919051,-0.2741760390344643,-39.46392909250578,63.75460737339757,9.614439204273552,-39.48803325893248,66.27374631292423,0.0,1,3.375077994860476e-14,-0.015963573390369135,-0.20812753460258282,-0.2929314674897645,-39.620166046877614,-63.64395706865332,9.621541588666915,-39.57113857411892,-59.94661477248962,0.0,1,1.7763568394002505e-15,-0.00345300996492659,-0.11329850519654405,-0.6334164625615486,78.0876989048123,63.635823222922326,9.618749219299715,77.79797558731573,60.24552022080728,0.0,1,2.6645352591003757e-14,-0.0033317064493956217,-0.12453717408382836,-0.6574800742746256,77.85719250800948,-63.76332207860176,9.62448715970126,77.87247837417938,-67.4303870690114,0.0,1,2.842170943040401e-14
4.383333333333334,4383333,center_after_left_slump,-4.0,0.17590627655878247,68.82409372344122,0.9961782072926936,0.0048552308754549476,0.08714032299881272,-0.003459791312201751,-4.0,0.17590627655878247,68.82409372344122,35.531545333206715,8.27995931661981,0,feet,-0.014501052757008193,-0.20183867722846394,-0.2747249882579603,-39.46706434882631,63.74992276442403,9.613217891059954,-39.48803325893248,66.27374631292423,0.0,1,8.881784197001252e-15,-0.014577922472601035,-0.20815851966611776,-0.2918604549139312,-39.60979578980185,-63.6488917581334,9.619691108958847,-39.57113857411892,-59.94661477248962,0.0,1,3.375077994860476e-14,-0.0031508191498552662,-0.11392678989035554,-0.6342064373263532,78.07773471130531,63.64147059525762,9.617051859974815,77.79797558731573,60.24552022080728,0.0,1,3.552713678800501e-15,-0.0030498705868113873,-0.1241895801596824,-0.6561924514372452,77.8674279510641,-63.757832280103095,9.622404491837742,77.87247837417938,-67.4303870690114,0.0,1,-3.730349362740526e-14
4.391666666666667,4391667,center_after_left_slump,-4.0,0.15994432061440816,68.84005567938559,0.9961810642881698,0.004414667615817986,0.08714299443644423,-0.003145851900678658,-4.0,0.15994432061440816,68.84005567938559,35.53155584278758,8.300017940068159,0,feet,-0.01318710816243085,-0.2024486057402184,-0.27525047144766956,-39.47006088884085,63.745426195873165,9.61204232199269,-39.48803325893248,66.27374631292423,0.0,1,7.105427357601002e-15,-0.013250711857780484,-0.20819050651689075,-0.2908328532320801,-39.59984713357873,-63.653603709595856,9.617911162477995,-39.57113857411892,-59.94661477248962,0.0,1,-7.105427357601002e-15,-0.0028623176934674532,-0.11453269450222825,-0.6349651247300665,78.06831439098814,63.646842751838925,9.615454558752745,77.85887634862162,60.48548511588986,0.0,1,-4.085620730620576e-14,-0.0027786337234418923,-0.12385862713927231,-0.6549578102670162,77.8772241627598,-63.752574196516164,9.620401785328852,77.88270100380959,-67.43688501965181,0.0,1,2.3092638912203256e-14
4.4,4400000,center_after_left_slump,-4.0,0.144701612423395,68.85529838757661,0.996183539061962,0.0039939544666773895,0.08714530847739023,-0.002846056936057573,-4.0,0.144701612423395,68.85529838757661,35.52375165189082,8.319200817150566,0,feet,-0.011932015770458548,-0.20303226373429029,-0.2757516774974156,-39.47291468148368,63.741126194502556,9.610915148128818,-39.48803325893248,66.27374631292423,0.0,1,1.7763568394002505e-15,-0.011984177791507733,-0.20822319929038935,-0.28985054411238975,-39.59033631344542,-63.658093001679326,9.61620605586527,-39.55621658349227,-59.94256734123544,0.0,1,2.3092638912203256e-14,-0.0025872051696333997,-0.11511155652462302,-0.6356895274167718,78.05931017681743,63.6519656442527,9.613960688052408,77.85887634862162,60.48548511588986,0.0,1,-1.4210854715202004e-14,-0.0025186267511254634,-0.12354461153778074,-0.6537782988756486,77.88656661429985,-63.74755722936441,9.618482143670875,77.8942770445732,-67.44288537420614,0.0,1,-6.572520305780927e-14
4.408333333333333,4408333,center_after_left_slump,-4.0,0.1302023837184426,68.86979761628156,0.9961856633065345,0.003593760638101429,0.08714729475563918,-0.0025608833963806283,-4.0,0.1302023837184426,68.86979761628156,35.52375948451913,8.33747350084245,0,feet,-0.010737820775659657,-0.20358855315209068,-0.27622789222878597,-39.47562225325025,63.737030459311086,9.609838805365868,-39.48803325893248,66.27374631292423,0.0,1,-8.881784197001252e-15,-0.010780128792370114,-0.20825602335975368,-0.28891538914470516,-39.581282893962204,-63.662348674691096,9.614588525236137,-39.55621658349227,-59.94256734123544,0.0,1,-2.1316282072803006e-14,-0.002325868694362576,-0.11566284704716878,-0.6363780501685583,78.05074202352644,63.65683213844986,9.612531320765392,77.85887634862162,60.48548511588986,0.0,1,-5.684341886080802e-14,-0.002270280318579232,-0.12324780680462544,-0.6526559330542874,77.89544501754764,-63.742783305738456,9.616649708483315,77.8942770445732,-67.44288537420614,0.0,1,4.796163466380676e-14
4.416666666666667,4416667,center_after_left_slump,-4.0,0.11646776732504904,68.88353223267495,0.996187468867637,0.003214669760651641,0.08714898304853265,-0.0022907472639861525,-4.0,0.11646776732504904,68.88353223267495,35.523766904096234,8.354805483580549,0,feet,-0.0096063126760213,-0.20411649618673522,-0.2766785029975498,-39.47818070677774,63.73314580289145,9.608815493898739,-39.48803325893248,66.27374631292423,0.0,1,5.861977570020827e-14,-0.009640210661750803,-0.20828882240503788,-0.28802873036396814,-39.572699994477134,-63.66636675754049,9.613051555179467,-39.55621658349227,-59.94256734123544,0.0,1,6.572520305780927e-14,-0.0020786352009416476,-0.11618566085128901,-0.6370297722708718,78.0426229074795,63.661436126115134,9.611169811743046,77.85887634862162,60.48548511588986,0.0,1,2.1316282072803006e-14,-0.0020341153163343506,-0.12296841137374726,-0.6515923456428268,77.90384830171487,-63.73825963351263,9.614903265729673,77.8942770445732,-67.44288537420614,0.0,1,1.4210854715202004e-14
4.425,4425000,center_after_left_slump,-4.0,0.103515625,68.896484375,0.996188987354278,0.00285717513468373,0.08715040291206708,-0.002036000140526807,-4.0,0.103515625,68.896484375,35.523773900973026,8.371170460195678,0,feet,-0.00853901051615713,-0.20461524388315544,-0.27710300332628046,-39.48058773975296,63.729478093217736,9.607847157953017,-39.48803325893248,66.27374631292423,0.0,1,5.329070518200751e-15,-0.00856580069872237,-0.20832127374691112,-0.2871918547908803,-39.56459992988508,-63.67014418333952,9.611597921467627,-39.55621658349227,-59.94256734123544,0.0,1,-2.4868995751603507e-14,-0.0018457736705723704,-0.11667921943963755,-0.6376439267228098,78.03496385832558,63.6657725788246,9.609879167264808,77.85887634862162,60.48548511588986,0.0,1,7.105427357601002e-15,-0.001810719996020893,-0.12270633504592166,-0.6505890478114233,77.91176308829037,-63.73399797703306,9.613257132407867,77.90709045024761,-67.44832533857964,0.0,1,3.907985046680551e-14
4.433333333333334,4433333,center_after_left_slump,-4.0,0.09136037526985742,68.90863962473014,0.9961902497690397,0.0025216749804709915,0.08715158333521508,-0.0017969258627992851,-4.0,0.09136037526985742,68.90863962473014,35.51553472872673,8.386546588579371,0,feet,-0.007537148159725504,-0.20508408464200878,-0.27750099757776914,-39.48284166433749,63.72603219598205,9.606935465892803,-39.48803325893248,66.27374631292423,0.0,1,-3.552713678800501e-15,-0.00755807033241318,-0.2083530141594756,-0.2864058996160743,-39.55699216975154,-63.6736837326738,9.610235893649353,-39.54048570981817,-59.939189948802074,0.0,1,2.3092638912203256e-14,-0.0016280630434293286,-0.11714485575823685,-0.6382219419960244,78.02787445157666,63.669811681366006,9.608719053752644,77.92238588012799,60.72942918762295,0.0,1,-4.796163466380676e-14,-0.0016003532548660715,-0.12246176472957826,-0.6496471557257681,77.91918547624516,-63.72999733291302,9.611703950324838,77.90709045024761,-67.44832533857964,0.0,1,-5.3290705182007514e-14
4.441666666666666,4441667,center_after_left_slump,-4.0,0.08001282126944828,68.91998717873055,0.9961912861639333,0.0022084676890031557,0.08715255241812983,-0.0015737371192404194,-4.0,0.08001282126944828,68.91998717873055,35.51553944462182,8.400916747510394,0,feet,-0.006601659598144405,-0.20552245260218793,-0.27787220568338444,-39.48494142729607,63.72281191758851,9.606081790793837,-39.48803325893248,66.27374631292423,0.0,1,2.3092638912203256e-14,-0.006617737732696138,-0.2083837628113585,-0.2856716551970253,-39.54988560950864,-63.67697902262248,9.608964288522266,-39.54048570981817,-59.939189948802074,0.0,1,-1.5987211554602254e-14,-0.0014250425658000054,-0.1175799030306659,-0.6387612733537802,78.02125363125644,63.673578401511804,9.607635998325037,77.92238588012799,60.72942918762295,0.0,1,-1.4210854715202004e-14,-0.0014034626907677428,-0.12223451693359477,-0.6487676212080382,77.92610706106629,-63.72626684027382,9.610255682189695,77.92101078736077,-67.45314585964564,0.0,1,-6.750155989720952e-14
4.45,4450000,center_after_left_slump,-4.0,0.06947997858035342,68.93052002141965,0.996192125326722,0.0019177470733065327,0.0871533370788375,-0.0013665720669376446,-4.0,0.06947997858035342,68.93052002141965,35.51554382193355,8.414268791098863,0,feet,-0.005733164302301752,-0.20592993587799846,-0.2782164679400081,-39.48688663100638,63.71981994890575,9.605287191571428,-39.48803325893248,66.27374631292423,0.0,1,1.0658141036401503e-14,-0.005745293527429585,-0.20841331813296815,-0.284989638767299,-39.54328520481263,-63.68002989153205,9.607781164362848,-39.54048570981817,-59.939189948802074,0.0,1,-5.329070518200751e-15,-0.0012367918938616107,-0.11798407010400558,-0.6392615895255407,78.01510654724355,63.67707123403509,9.60662626244411,77.92238588012799,60.72942918762295,0.0,1,6.394884621840902e-14,-0.0012202907986078593,-0.12202454003172392,-0.6479510045719361,77.93252557727722,-63.722808591380684,9.60891069739177,77.93589713783665,-67.45731075216628,0.0,1,-2.4868995751603507e-14
4.458333333333333,4458333,center_after_left_slump,-4.0,0.05976490306939643,68.9402350969306,0.9961927945022748,0.001649597620129615,0.08715396279268607,-0.001175490949000037,-4.0,0.05976490306939643,68.9402350969306,35.50694863527043,8.426595799344568,0,feet,-0.004931952623461022,-0.20630628462885348,-0.2785337498882914,-39.48867755551653,63.71705780986948,9.604552394743834,-39.48803325893248,66.27374631292423,0.0,1,-1.5987211554602254e-14,-0.004940970104113429,-0.20844135386654639,-0.28436025222843364,-39.537193738047336,-63.68284130282931,9.606694563774589,-39.524090562975545,-59.93652480087871,0.0,1,3.907985046680551e-14,-0.0010633224170604194,-0.1183571600400306,-0.6397228108874993,78.00943534863734,63.68028993543117,9.605691132825527,77.92238588012799,60.72942918762295,0.0,1,-4.263256414560601e-14,-0.0010508816918992636,-0.12183169195800758,-0.6471976497641387,77.93844160035931,-63.71961806105071,9.607670342974686,77.93589713783665,-67.45731075216628,0.0,1,1.0658141036401503e-14
4.466666666666667,4466667,center_after_left_slump,-4.0,0.05086651872713235,68.94913348127287,0.9961933191530709,0.001403989741841662,0.08715445336840241,-0.0010004727121395028,-4.0,0.05086651872713235,68.94913348127287,35.50695117747032,8.437896324356274,0,feet,-0.004197971248917298,-0.20665141894143835,-0.2788241472838564,-39.49031518180354,63.714525795018034,9.603877776903786,-39.48803325893248,66.27374631292423,0.0,1,2.3092638912203256e-14,-0.004204531366633457,-0.20846774633526444,-0.2837834372979251,-39.531611539441315,-63.68541074761951,9.605698155828293,-39.524090562975545,-59.93652480087871,0.0,1,3.552713678800501e-14,-0.0009045749489575705,-0.11869914069760013,-0.640145049086057,78.00423974326968,63.68323557424733,9.604831423694705,77.92238588012799,60.72942918762295,0.0,1,2.3092638912203256e-14,-0.0008953287854089886,-0.12165580432889911,-0.6465074484662958,77.94385736783832,-63.716695083539136,9.606529737691048,77.93589713783665,-67.45731075216628,0.0,1,-1.0658141036401503e-14
4.475,4475000,center_after_left_slump,-4.0,0.042779445506336645,68.95722055449366,0.9961937227624403,0.0011807750284001683,0.08715483076411136,-0.0008414116243199302,-4.0,0.042779445506336645,68.95722055449366,35.506953487884864,8.448174631837126,0,feet,-0.003530808717249201,-0.20696543650690646,-0.2790878911717125,-39.49180121636668,63.71222292003025,9.603263347961736,-39.48803325893248,66.27374631292423,0.0,1,7.283063041541027e-14,-0.003535461053257194,-0.2084923371086438,-0.28325892229654714,-39.52653588499308,-63.68774125528296,9.604790919132355,-39.524090562975545,-59.93652480087871,0.0,1,2.4868995751603507e-14,-0.0007604169943582484,-0.1190101519145581,-0.6405286147036784,77.99951689490689,63.6859105820059,9.604047452683325,77.92238588012799,60.72942918762295,0.0,1,-1.9539925233402755e-14,-0.0007537372592647529,-0.1214965377284436,-0.6458800153302247,77.94877585061501,-63.71404236297177,9.605491513733,77.95161100010196,-67.46076910097912,0.0,1,-1.0658141036401503e-14
4.483333333333333,4483333,center_after_left_slump,-4.0,0.035493827160493825,68.9645061728395,0.9961940266835013,0.0009796814992559318,0.08715511494608161,-0.0006981138923447692,-4.0,0.035493827160493825,68.9645061728395,35.49809075982872,8.457440937510754,0,feet,-0.002929680997125317,-0.20724862007868072,-0.27932535307246287,-39.4931381172688,63.71014686932351,9.60270873521332,-39.48803325893248,66.27374631292423,0.0,1,3.552713678800501e-14,-0.002932929134765949,-0.20851492007427863,-0.2827862140578232,-39.521961334400764,-63.689840169342745,9.603977140293736,-39.507197293705865,-59.93459691168532,0.0,1,3.552713678800501e-14,-0.0006306399437963073,-0.1192905125591559,-0.6408740250342966,77.99526132103273,63.68831880542422,9.603339018380495,77.92238588012799,60.72942918762295,0.0,1,8.348877145181177e-14,-0.0006259182178633971,-0.12135349287915798,-0.6453147174193887,77.95320419194317,-63.71165208765399,9.604559104399577,77.95161100010196,-67.46076910097912,0.0,1,7.105427357601002e-15
4.491666666666666,4491667,center_after_left_slump,-4.0,0.028995159082286406,68.97100484091771,0.9961942500360225,0.0008003088550812721,0.08715532379228641,-0.0005702942792701288,-4.0,0.028995159082286406,68.97100484091771,35.4980917466153,8.465711638243143,0,feet,-0.0023934171326547293,-0.2075014446999739,-0.27953705028696785,-39.49432912171237,63.708293944751645,9.602213168270104,-39.48803325893248,66.27374631292423,0.0,1,1.0658141036401503e-14,-0.0023956248083010223,-0.20853543471977343,-0.2823643955840378,-39.517879493195906,-63.69170932807924,9.603251480282943,-39.507197293705865,-59.93459691168532,0.0,1,3.375077994860476e-14,-0.0005149561915316347,-0.11954072744542676,-0.641182011973795,77.99146479122719,63.690465560000405,9.60270537961393,77.92238588012799,60.72942918762295,0.0,1,1.2434497875801753e-14,-0.0005116982485531274,-0.12122630353744368,-0.6448103837510857,77.95715263060222,-63.70951963731516,9.60372496792057,77.95161100010196,-67.46076910097912,0.0,1,1.4210854715202004e-14
4.5,4500000,center_after_left_slump,-4.0,0.023264116142083652,68.97673588385791,0.9961944096526189,0.0006421237292269329,0.08715547304209324,-0.00045757272155016955,-4.0,0.023264116142083652,68.97673588385791,35.49809261684228,8.47300953770592,0,feet,-0.0019204449571126325,-0.20772458469410982,-0.27972365132387544,-39.495378275209575,63.706659015428194,9.601775464877356,-39.48803325893248,66.27374631292423,0.0,1,1.2434497875801753e-14,-0.001921900898091522,-0.2085538346940723,-0.2819922537398156,-39.514278573157256,-63.69335532016983,9.602610681189354,-39.507197293705865,-59.93459691168532,0.0,1,1.9539925233402755e-14,-0.0004129961745684696,-0.11976149410917847,-0.641453530029187,77.98811622615223,63.69235768501037,9.602145236516023,77.92238588012799,60.72942918762295,0.0,1,-3.375077994860476e-14,-0.0004108081107583317,-0.12111445437338775,-0.6443655469958052,77.96063344283874,-63.70763879198978,9.602987451155023,77.95161100010196,-67.46076910097912,0.0,1,-2.842170943040401e-14
4.508333333333334,4508333,center_after_left_slump,-4.0,0.018276380526430422,68.98172361947357,0.9961945200747551,0.0005044549388355436,0.08715557629252553,-0.00035947094584363765,-4.0,0.018276380526430422,68.98172361947357,35.49809337420218,8.479364066530067,0,feet,-0.0015087768756267828,-0.2079189204152745,-0.2798859814519603,-39.49629046237138,63.705235468678005,9.601394017627428,-39.48803325893248,66.27374631292423,0.0,1,3.197442310920451e-14,-0.00150970501834502,-0.20857008357685425,-0.2816682646199542,-39.5111437516563,-63.694786013220316,9.602052340959766,-39.507197293705865,-59.93459691168532,0.0,1,3.197442310920451e-14,-0.0003243053317603106,-0.11995370944377104,-0.6416897644477428,77.98520159714126,63.694003599933005,9.601656713387555,77.92238588012799,60.72942918762295,0.0,1,4.440892098500626e-14,-0.00032294237186025754,-0.1210172982480251,-0.643978379005997,77.96366095322703,-63.706004434959205,9.602348630493992,77.96799794480413,-67.46348551523343,0.0,1,-6.750155989720952e-14
4.516666666666667,4516667,center_after_left_slump,-4.0,0.014002469576535935,68.98599753042346,0.9961945935979858,0.00038648873556315226,0.08715564504056503,-0.0002754090854336996,-4.0,0.014002469576535935,68.98599753042346,35.498094023171774,8.484811497013595,0,feet,-0.0011559957159668066,-0.20808554476232732,-0.280025028376397,-39.497071439305266,63.704015162099815,9.601066781557563,-39.48803325893248,66.27374631292423,0.0,1,-1.5987211554602254e-14,-0.001156565177184099,-0.20858418125432987,-0.28139055946182134,-39.508456881522356,-63.696010606138884,9.601573425484986,-39.507197293705865,-59.93459691168532,0.0,1,3.019806626980426e-14,-0.00024834098376302904,-0.12011847619767035,-0.6418921394648236,77.98270382638135,63.69541336228981,9.60123734334028,77.92238588012799,60.72942918762295,0.0,1,-2.4868995751603507e-14,-0.0002475603647784652,-0.12093421278041294,-0.6436465921644832,77.96625434866264,-63.70460382056701,9.60180126148419,77.96799794480413,-67.46348551523343,0.0,1,-3.197442310920451e-14
4.525,4525000,center_after_left_slump,-4.0,0.010407563626762657,68.98959243637324,0.9961946403647127,0.0002872640558842243,0.08715568876988389,-0.0002047022962367936,-4.0,0.010407563626762657,68.98959243637324,35.49809456903823,8.487699637794464,0,feet,-0.000859240645008974,-0.2082257694639198,-0.28014194803505976,-39.49772786757077,63.70298837669698,9.600791262601135,-39.48803325893248,66.27374631292423,0.0,1,1.0658141036401503e-14,-0.0008595752642164278,-0.20859616375109002,-0.2811569138029917,-39.506196386099155,-63.69703968408902,9.601170251325314,-39.507197293705865,-59.93459691168532,0.0,1,-7.105427357601002e-15,-0.000184469136515375,-0.12025710933890021,-0.6420623266663759,77.98060268766423,63.69659872685175,9.600884054656653,77.92238588012799,60.72942918762295,0.0,1,2.842170943040401e-14,-0.00018408931086089098,-0.1208644549457829,-0.6433674865741565,77.9684352291963,-63.703425610275225,9.601340084570197,77.96799794480413,-67.46348551523343,0.0,1,2.1316282072803006e-14
4.533333333333333,4533333,center_after_left_slump,-4.0,0.007451333843115044,68.99254866615688,0.9961946685014615,0.0002056677709784052,0.08715571507920561,-0.0001465573723988262,-4.0,0.007451333843115044,68.99254866615688,35.49809501792527,8.489745574228749,0,feet,-0.0006151931467006655,-0.20834113114928066,-0.28023807050755956,-39.49826734959949,63.70214377100642,9.60056450683716,-39.48803325893248,66.27374631292423,0.0,1,6.039613253960852e-14,-0.0006153804055157863,-0.20860610269297641,-0.28096473681905865,-39.50433715568756,-63.69788527630268,9.600838469462438,-39.507197293705865,-59.93459691168532,0.0,1,2.842170943040401e-14,-0.00013196121298042485,-0.12037114229498913,-0.6422022534588749,77.97887470766537,63.69757320612852,9.600593158755302,77.92238588012799,60.72942918762295,0.0,1,-4.440892098500626e-14,-0.00013185005519833481,-0.12080717778801375,-0.6431379464548748,77.97022831119845,-63.70245664418575,9.600960314274651,77.96799794480413,-67.46348551523343,0.0,1,-2.842170943040401e-14
4.541666666666667,4541667,center_after_left_slump,-4.0,0.005087770061728394,68.99491222993827,0.9961946842962901,0.00014042993621820148,0.08715572984819074,-0.00010006936149760661,-4.0,0.005087770061728394,68.99491222993827,35.49809537681928,8.49138208272717,0,feet,-0.00042006305542985345,-0.20843339722577703,-0.2803149060261658,-39.49869846543754,63.70146833612535,9.60038309046034,-39.48803325893248,66.27374631292423,0.0,1,5.5067062021407764e-14,-0.00042016219922436093,-0.20861410443729023,-0.28081106082405993,-39.50285044523469,-63.69856091647283,9.600573049976575,-39.507197293705865,-59.93459691168532,0.0,1,4.618527782440651e-14,-8.99907201716843e-05,-0.12046233308084497,-0.6423141116362112,77.97749306769941,63.698352132014705,9.600360339607548,77.92238588012799,60.72942918762295,0.0,1,2.4868995751603507e-14,-9.005483333091036e-05,-0.12076144031321379,-0.6429544110896352,77.9716616946382,-63.70168188589241,9.60065633854682,77.96799794480413,-67.46348551523343,0.0,1,-2.842170943040401e-14
4.55,4550000,center_after_left_slump,-4.0,0.0032650086273576483,68.99673499137265,0.996194692410419,9.011904029433354e-05,0.08715573743532265,-6.42181793877867e-05,-4.0,0.0032650086273576483,68.99673499137265,35.498095653595456,8.4926445953475,0,feet,-0.0002695746366239149,-0.20850457159163938,-0.280374151073834,-39.49903081062021,63.700947351501085,9.60024311036483,-39.48803325893248,66.27374631292423,0.0,1,2.3092638912203256e-14,-0.00026962384949325013,-0.20862030891922778,-0.28069253090974877,-39.50170377308315,-63.699081705346494,9.600368267513993,-39.507197293705865,-59.93459691168532,0.0,1,7.283063041541027e-14,-5.7750102275822e-05,-0.12053395248398546,-0.6424010261063571,77.97648071572172,63.698947387714355,9.600185231297637,78.00913867855418,61.530236269951835,0.0,1,-1.0658141036401503e-14,-5.780515769693295e-05,-0.1207262023696476,-0.6428128618725419,77.97276697442884,-63.70108436763043,9.600421707432375,77.96799794480413,-67.46348551523343,0.0,1,4.263256414560601e-14
4.558333333333334,4558333,center_after_left_slump,-4.0,0.0019251602318662048,68.99807483976814,0.9961946961165283,5.313725402894921e-05,0.08715574090072749,-3.7865224737823794e-05,-4.0,0.0019251602318662048,68.99807483976814,35.49809585704398,8.493572874479,0,feet,-0.00015895270411014906,-0.208556900220235,-0.28041769455042864,-39.49927503493164,63.70056434131316,9.600140175205674,-39.48803325893248,66.27374631292423,0.0,1,-1.5987211554602254e-14,-0.00015897522140484455,-0.2086248882771553,-0.2806053946932816,-39.50086082054015,-63.69946437503386,9.600217687369948,-39.507197293705865,-59.93459691168532,0.0,1,1.0658141036401503e-14,-3.4054742995781595e-05,-0.12058628980100794,-0.6424652492657992,77.97573320739914,63.69938487944424,9.600083818097708,78.00913867855418,61.530236269951835,0.0,1,-6.394884621840902e-14,-3.408981156471924e-05,-0.12070031930400749,-0.6427088094133935,77.97357935265207,-63.700645135633025,9.600249123080125,77.96799794480413,-67.46348551523343,0.0,1,-7.105427357601002e-15
4.566666666666666,4566667,center_after_left_slump,-4.0,0.0010041377527147343,68.99899586224728,0.9961946975543826,2.771567893531365e-05,0.08715574224519593,-1.9749993316800852e-05,-4.0,0.0010041377527147343,68.99899586224728,35.49809599689612,8.494211103870143,0,feet,-8.29087613101187e-05,-0.20859287666074877,-0.2804476239837834,-39.49944288174888,63.70030103123559,9.600069396770671,-39.48803325893248,66.27374631292423,0.0,1,4.973799150320701e-14,-8.291784487424181e-05,-0.20862804533400237,-0.28054549213568336,-39.50028133197286,-63.69972735443464,9.600114151973422,-39.507197293705865,-59.93459691168532,0.0,1,7.105427357601002e-14,-1.7768174283450122e-05,-0.12062227014887528,-0.6425093941055193,77.97521935033232,63.69968558534102,9.60001406651049,78.00913867855418,61.530236269951835,0.0,1,1.5987211554602254e-14,-1.778291164633572e-05,-0.12068253647270488,-0.64263728067949,77.97413775135253,-63.70034319562404,9.600130430614229,77.96799794480413,-67.46348551523343,0.0,1,-3.730349362740526e-14
4.575,4575000,center_after_left_slump,-4.0,0.00043148409144999096,68.99956851590855,0.9961946979925229,1.1909595585547258e-05,0.08715574265487987,-8.48669209185444e-06,-4.0,0.00043148409144999096,68.99956851590855,35.49809608385039,8.494607978980483,0,feet,-3.562715067717548e-05,-0.2086152475094245,-0.2804662317575657,-39.49954722760523,63.7001373053227,9.600025381459602,-39.48803325893248,66.27374631292423,0.0,1,3.907985046680551e-14,-3.562990134708954e-05,-0.20863001202800202,-0.2805082453857848,-39.49992101507101,-63.699890835060685,9.600049767512942,-39.507197293705865,-59.93459691168532,0.0,1,8.881784197001252e-15,-7.642603568669415e-06,-0.12064464257851126,-0.6425368404420659,77.97489984957389,63.69987253974139,9.599970681698665,78.00913867855418,61.530236269951835,0.0,1,8.526512829121202e-14,-7.641992349149973e-06,-0.12067148370305736,-0.6425928061513657,77.97448492553212,-63.70015545835946,9.600056609300651,77.96799794480413,-67.46348551523343,0.0,1,5.5067062021407764e-14
4.583333333333333,4583333,center_after_left_slump,-4.0,0.00013020001219362596,68.9998697999878,0.996194698082711,3.5937118453668475e-06,0.08715574273921046,-2.5608531943798983e-06,-4.0,0.00013020001219362596,68.9998697999878,35.4980961295987,8.494816798132916,0,feet,-1.0751192907498819e-05,-0.2086270179153411,-0.2804760213228987,-39.499602121545124,63.70005116271457,9.60000222163282,-39.48803325893248,66.27374631292423,0.0,1,-8.881784197001252e-15,-1.0751233396444349e-05,-0.20863104790295983,-0.28048864859612266,-39.49973144085134,-63.69997683640245,9.600015890400456,-39.507197293705865,-59.93459691168532,0.0,1,-5.329070518200751e-15,-2.3061119822642695e-06,-0.12065765812438833,-0.6425524244278349,77.97479370777513,63.69997131471171,9.599984207265265,77.96799794480415,67.46348551523343,0.0,1,-1.0658141036401503e-14,-2.3060556988419023e-06,-0.120665669816725,-0.642569406965023,77.97466757590499,-63.700056685116344,9.600017763334122,77.96799794480413,-67.46348551523343,0.0,1,1.2434497875801753e-14
4.591666666666667,4591667,center_after_left_slump,-4.0,1.6571980131000674e-05,68.99998342801987,0.996194698091599,4.574110270409667e-07,0.0871557427475213,-3.259478055411345e-07,-4.0,1.6571980131000674e-05,68.99998342801987,35.50719729370584,8.494895556186847,0,feet,-1.3684233897137688e-06,-0.2086309612567092,-0.28047959351284923,-39.499643234803756,63.700018730139085,9.599999389461964,-39.50719729370583,59.93459691168532,0.0,1,2.3092638912203256e-14,-1.3684240585121188e-06,-0.20863143878648938,-0.2804812576485096,-39.499659942905524,-63.70000926984632,9.60000311321378,-39.507197293705865,-59.93459691168532,0.0,1,-1.0658141036401503e-14,-2.935221741218186e-07,-0.12066245761567318,-0.6425584204559844,77.97475251506478,63.700008566987805,9.599998840388956,77.96799794480415,67.46348551523343,0.0,1,-3.730349362740526e-14,-2.9352126240667076e-07,-0.1206634773464681,-0.6425605820088252,77.97473646090215,-63.7000194330094,9.600003111458697,77.96799794480413,-67.46348551523343,0.0,1,3.375077994860476e-14
4.6,4600000,center_after_left_slump,-4.0,0.0,69.0,0.9961946980917455,0.0,0.08715574274765817,0.0,-4.0,0.0,69.0,35.50719729370584,8.494907042713123,0,feet,0.0,-0.20863149580405516,-0.28048015023891226,-39.49964951531304,63.70001399999999,9.600001249710004,-39.50719729370583,59.93459691168532,0.0,1,6.217248937900877e-14,0.0,-0.20863149580405427,-0.2804801797176859,-39.49964951531309,-63.70001399999998,9.600001249709983,-39.507197293705865,-59.93459691168532,0.0,1,4.085620730620576e-14,0.0,-0.12066315759731161,-0.6425592949385468,77.97474650733596,63.70001399999999,9.600000974510145,77.96799794480415,67.46348551523343,0.0,1,-1.7763568394002505e-14,0.0,-0.12066315759731117,-0.6425592949385464,77.97474650733594,-63.70001399999998,9.600000974510131,77.96799794480413,-67.46348551523343,0.0,1,-3.197442310920451e-14
4.608333333333333,4608333,right_front_slump,-4.0,-1.6571980131000674e-05,68.99998342801987,0.996194698091599,-4.574110270409667e-07,0.0871557427475213,3.259478055411345e-07,-4.0,-1.6571980131000674e-05,68.99998342801987,35.50719729370584,8.494885385311562,0,feet,1.3684240585121188e-06,-0.20863143878649026,-0.28048122816963517,-39.49965994290547,63.70000926984633,9.600003113213774,-39.50719729370583,59.93459691168532,0.0,1,-1.5987211554602254e-14,1.3684233897137688e-06,-0.20863096125670832,-0.28047962299157003,-39.4996432348038,-63.70001873013907,9.599999389461942,-39.507197293705865,-59.93459691168532,0.0,1,1.7763568394002505e-15,2.9352126240667076e-07,-0.12066347734646898,-0.6425605820088265,77.97473646090221,63.7000194330094,9.600003111458683,77.96799794480415,67.46348551523343,0.0,1,1.7763568394002505e-14,2.935221741218186e-07,-0.12066245761567274,-0.6425584204559844,77.97475251506478,-63.70000856698779,9.599998840388956,77.96799794480413,-67.46348551523343,0.0,1,-3.730349362740526e-14
4.616666666666666,4616667,right_front_slump,-4.0,-0.00013020001219362596,68.9998697999878,0.996194698082711,-3.5937118453668475e-06,0.08715574273921046,2.5608531943798983e-06,-4.0,-0.00013020001219362596,68.9998697999878,35.49809612959868,8.494736889270158,0,feet,1.0751233396444349e-05,-0.20863104790296072,-0.2804886191165572,-39.49973144085128,63.69997683640246,9.600015890400506,-39.50719729370583,59.93459691168532,0.0,1,4.263256414560601e-14,1.0751192907498819e-05,-0.2086270179153411,-0.280476050801286,-39.4996021215451,-63.70005116271456,9.600002221632849,-39.48803325893248,-66.27374631292423,0.0,1,1.7763568394002505e-14,2.3060556988419023e-06,-0.12066566981672588,-0.642569406965023,77.97466757590502,63.700056685116344,9.600017763334108,77.96799794480415,67.46348551523343,0.0,1,-1.7763568394002505e-15,2.3061119822642695e-06,-0.12065765812438789,-0.6425524244278349,77.9747937077751,-63.699971314711696,9.599984207265265,77.96799794480413,-67.46348551523343,0.0,1,-1.0658141036401503e-14
4.625,4625000,right_front_slump,-4.0,-0.00043148409144999096,68.99956851590855,0.9961946979925229,-1.1909595585547258e-05,0.08715574265487987,8.48669209185444e-06,-4.0,-0.00043148409144999096,68.99956851590855,35.49809608385037,8.494343160241542,0,feet,3.562990134708954e-05,-0.20863001202800335,-0.28050821590438435,-39.49992101507095,63.699890835060685,9.600049767512935,-39.50719729370583,59.93459691168532,0.0,1,1.7763568394002505e-15,3.562715067717548e-05,-0.2086152475094245,-0.28046626123503593,-39.499547227605206,-63.700137305322684,9.60002538145963,-39.48803325893248,-66.27374631292423,0.0,1,6.572520305780927e-14,7.641992349149973e-06,-0.1206714837030578,-0.6425928061513657,77.97448492553217,63.700155458359475,9.60005660930063,77.96799794480415,67.46348551523343,0.0,1,3.375077994860476e-14,7.642603569113504e-06,-0.12064464257851037,-0.6425368404420646,77.9748998495738,-63.69987253974137,9.59997068169855,78.00913867855412,-61.53023626995183,0.0,1,-2.842170943040401e-14
4.633333333333334,4633333,right_front_slump,-4.0,-0.0010041377527147343,68.99899586224728,0.9961946975543826,-2.771567893531365e-05,0.08715574224519593,1.9749993316800852e-05,-4.0,-0.0010041377527147343,68.99899586224728,35.4980959968961,8.493594825081274,0,feet,8.291784487379772e-05,-0.20862804533400325,-0.28054546265079683,-39.500281331972815,63.69972735443463,9.600114151973386,-39.50719729370583,59.93459691168532,0.0,1,3.730349362740526e-14,8.29087613105628e-05,-0.20859287666074877,-0.2804476534595124,-39.49944288174888,-63.70030103123556,9.600069396770643,-39.48803325893248,-66.27374631292423,0.0,1,1.9539925233402755e-14,1.778291164633572e-05,-0.12068253647270488,-0.64263728067949,77.97413775135253,63.70034319562404,9.600130430614229,77.96799794480415,67.46348551523343,0.0,1,-3.730349362740526e-14,1.7768174283450122e-05,-0.1206222701488735,-0.642509394105518,77.97521935033228,-63.69968558534101,9.600014066510482,78.00913867855412,-61.53023626995183,0.0,1,8.881784197001252e-15
4.641666666666667,4641667,right_front_slump,-4.0,-0.0019251602318662048,68.99807483976814,0.9961946961165283,-5.313725402894921e-05,0.08715574090072749,3.7865224737823794e-05,-4.0,-0.0019251602318662048,68.99807483976814,35.498095857043964,8.492391328011479,0,feet,0.00015897522140484455,-0.2086248882771562,-0.28060536520278845,-39.500860820540105,63.69946437503387,9.600217687369941,-39.50719729370583,59.93459691168532,0.0,1,3.552713678800501e-15,0.00015895270411014906,-0.208556900220235,-0.28041772402335585,-39.49927503493163,-63.70056434131316,9.600140175205702,-39.48803325893248,-66.27374631292423,0.0,1,1.0658141036401503e-14,3.408981156471924e-05,-0.12070031930400882,-0.6427088094133948,77.97357935265212,63.70064513563304,9.600249123080133,77.96799794480415,67.46348551523343,0.0,1,-1.7763568394002505e-15,3.4054742995781595e-05,-0.12058628980100705,-0.6424652492657992,77.97573320739914,-63.69938487944424,9.600083818097723,78.00913867855412,-61.53023626995183,0.0,1,-4.973799150320701e-14
4.65,4650000,right_front_slump,-4.0,-0.0032650086273576483,68.99673499137265,0.996194692410419,-9.011904029433354e-05,0.08715573743532265,6.42181793877867e-05,-4.0,-0.0032650086273576483,68.99673499137265,35.49809565359544,8.490640731287797,0,feet,0.00026962384949325013,-0.2086203089192291,-0.280692501411099,-39.50170377308314,63.6990817053465,9.600368267513936,-39.50719729370583,59.93459691168532,0.0,1,1.7763568394002505e-14,0.0002695746366239149,-0.20850457159163938,-0.2803741805426845,-39.49903081062025,-63.70094735150108,9.600243110364808,-39.48803325893248,-66.27374631292423,0.0,1,0.0,5.780515769693295e-05,-0.12072620236964893,-0.6428128618725419,77.9727669744289,63.701084367630436,9.60042170743234,77.96799794480415,67.46348551523343,0.0,1,7.105427357601002e-15,5.7750102275822e-05,-0.12053395248398413,-0.6424010261063571,77.97648071572169,-63.69894738771434,9.600185231297665,78.00913867855412,-61.53023626995183,0.0,1,1.7763568394002505e-14
4.658333333333333,4658333,right_front_slump,-4.0,-0.005087770061728394,68.99491222993827,0.9961946842962901,-0.00014042993621820148,0.08715572984819074,0.00010006936149760661,-4.0,-0.005087770061728394,68.99491222993827,35.49809537681926,8.488259518390166,0,feet,0.00042016219922436093,-0.20861410443729067,-0.2808110313143177,-39.502850445234664,63.69856091647283,9.600573049976575,-39.50719729370583,59.93459691168532,0.0,1,4.618527782440651e-14,0.00042006305543029754,-0.20843339722577703,-0.2803149354894705,-39.49869846543755,-63.701468336125316,9.600383090460312,-39.48803325893248,-66.27374631292423,0.0,1,2.4868995751603507e-14,9.005483333091036e-05,-0.12076144031321467,-0.6429544110896361,77.97166169463827,63.70168188589242,9.600656338546898,77.96799794480415,67.46348551523343,0.0,1,4.973799150320701e-14,8.99907201716843e-05,-0.12046233308084409,-0.6423141116362108,77.97749306769938,-63.6983521320147,9.600360339607583,77.92238588012795,-60.729429187622934,0.0,1,6.039613253960852e-14
4.666666666666667,4666667,right_front_slump,-4.0,-0.007451333843115044,68.99254866615688,0.9961946685014615,-0.0002056677709784052,0.08715571507920561,0.0001465573723988262,-4.0,-0.007451333843115044,68.99254866615688,35.49809501792525,8.485172398019074,0,feet,0.0006153804055157863,-0.2086061026929773,-0.2809647072949364,-39.50433715568748,63.69788527630268,9.600838469462452,-39.50719729370583,59.93459691168532,0.0,1,4.263256414560601e-14,0.0006151931467011096,-0.2083411311492811,-0.2802380999636709,-39.49826734959948,-63.70214377100639,9.600564506837124,-39.48803325893248,-66.27374631292423,0.0,1,2.3092638912203256e-14,0.00013185005519789073,-0.1208071777880142,-0.6431379464548748,77.97022831119848,63.70245664418574,9.60096031427463,77.96799794480415,67.46348551523343,0.0,1,-5.1514348342607263e-14,0.00013196121298042485,-0.12037114229498824,-0.6422022534588749,77.97887470766534,-63.6975732061285,9.600593158755338,77.92238588012795,-60.729429187622934,0.0,1,-8.881784197001252e-15
4.675,4675000,right_front_slump,-4.0,-0.010407563626762657,68.98959243637324,0.9961946403647127,-0.0002872640558842243,0.08715568876988389,0.0002047022962367936,-4.0,-0.010407563626762657,68.98959243637324,35.49809456903821,8.48131210742305,0,feet,0.0008595752642164278,-0.20859616375109047,-0.28115688426088736,-39.50619638609912,63.69703968408902,9.601170251325335,-39.50719729370583,59.93459691168532,0.0,1,1.4210854715202004e-14,0.000859240645008974,-0.2082257694639198,-0.2801419774821716,-39.49772786757077,-63.702988376696965,9.600791262601135,-39.48803325893248,-66.27374631292423,0.0,1,1.0658141036401503e-14,0.00018408931086089098,-0.1208644549457838,-0.6433674865741565,77.96843522919633,63.703425610275225,9.601340084570182,77.96799794480415,67.46348551523343,0.0,1,7.105427357601002e-15,0.0001844691365149309,-0.12025710933889977,-0.6420623266663759,77.9806026876642,-63.69659872685177,9.600884054656689,77.92238588012795,-60.729429187622934,0.0,1,6.217248937900877e-14
4.683333333333334,4683333,right_front_slump,-4.0,-0.014002469576535935,68.98599753042346,0.9961945935979858,-0.00038648873556315226,0.08715564504056503,0.0002754090854336996,-4.0,-0.014002469576535935,68.98599753042346,35.498094023171745,8.476619213811887,0,feet,0.001156565177184099,-0.20858418125433076,-0.2813905298978576,-39.508456881522335,63.69601060613889,9.601573425484958,-39.50719729370583,59.93459691168532,0.0,1,1.7763568394002505e-15,0.0011559957159668066,-0.20808554476232688,-0.2800250578125625,-39.49707143930527,-63.704015162099815,9.601066781557599,-39.48803325893248,-66.27374631292423,0.0,1,2.1316282072803006e-14,0.0002475603647784652,-0.12093421278041339,-0.6436465921644832,77.96625434866267,63.70460382056701,9.60180126148419,77.96799794480415,67.46348551523343,0.0,1,-3.197442310920451e-14,0.00024834098376302904,-0.12011847619766902,-0.6418921394648236,77.98270382638134,-63.695413362289806,9.601237343340316,77.92238588012795,-60.729429187622934,0.0,1,1.0658141036401503e-14
4.691666666666666,4691667,right_front_slump,-4.0,-0.018276380526430422,68.98172361947357,0.9961945200747551,-0.0005044549388355436,0.08715557629252553,0.00035947094584363765,-4.0,-0.018276380526430422,68.98172361947357,35.498093374202156,8.47104191282228,0,feet,0.00150970501834502,-0.20857008357685514,-0.2816682350300139,-39.51114375165628,63.694786013220316,9.60205234095973,-39.50719729370583,59.93459691168532,0.0,1,-3.552713678800501e-15,0.0015087768756267828,-0.2079189204152745,-0.2798860108751047,-39.49629046237138,-63.705235468678,9.601394017627428,-39.48803325893248,-66.27374631292423,0.0,1,3.197442310920451e-14,0.00032294237186025754,-0.1210172982480251,-0.6439783790059974,77.96366095322705,63.70600443495921,9.602348630494049,77.96799794480415,67.46348551523343,0.0,1,-1.0658141036401503e-14,0.0003243053317603106,-0.11995370944376971,-0.6416897644477415,77.98520159714116,-63.694003599933005,9.601656713387513,77.92238588012795,-60.729429187622934,0.0,1,1.7763568394002505e-15
4.7,4700000,right_front_slump,-4.0,-0.023264116142083652,68.97673588385791,0.9961944096526189,-0.0006421237292269329,0.08715547304209324,0.00045757272155016955,-4.0,-0.023264116142083652,68.97673588385791,35.49809261684226,8.464535823199753,0,feet,0.001921900898091522,-0.20855383469407318,-0.2819922241195756,-39.51427857315721,63.693355320169836,9.602610681189375,-39.50719729370583,59.93459691168532,0.0,1,4.263256414560601e-14,0.0019204449571126325,-0.20772458469410982,-0.2797236807318191,-39.49537827520953,-63.70665901542818,9.601775464877406,-39.48803325893248,-66.27374631292423,0.0,1,6.217248937900877e-14,0.0004108081107583317,-0.1211144543733873,-0.6443655469958052,77.96063344283874,63.707638791989794,9.602987451155023,77.95161100010196,67.46076910097914,0.0,1,-2.842170943040401e-14,0.0004129961745689137,-0.11976149410917802,-0.641453530029187,77.98811622615217,-63.69235768501034,9.602145236516044,77.92238588012795,-60.729429187622934,0.0,1,-1.2434497875801753e-14
4.708333333333333,4708333,right_front_slump,-4.0,-0.028995159082286406,68.97100484091771,0.9961942500360225,-0.0008003088550812721,0.08715532379228641,0.0005702942792701288,-4.0,-0.028995159082286406,68.97100484091771,35.49809174661529,8.457063777043345,0,feet,0.0023956248083010223,-0.20853543471977476,-0.2823643659290025,-39.51787949319585,63.69170932807925,9.603251480282928,-39.50719729370583,59.93459691168532,0.0,1,1.9539925233402755e-14,0.0023934171326547293,-0.2075014446999739,-0.27953707967743346,-39.49432912171237,-63.70829394475164,9.602213168270104,-39.48803325893248,-66.27374631292423,0.0,1,1.0658141036401503e-14,0.0005116982485531274,-0.12122630353744368,-0.6448103837510857,77.95715263060222,63.709519637315175,9.60372496792057,77.95161100010196,67.46076910097914,0.0,1,1.4210854715202004e-14,0.0005149561915316347,-0.11954072744542588,-0.6411820119737937,77.99146479122714,-63.690465560000405,9.602705379613909,77.92238588012795,-60.729429187622934,0.0,1,-8.881784197001252e-15
4.716666666666667,4716667,right_front_slump,-4.0,-0.035493827160493825,68.9645061728395,0.9961940266835013,-0.0009796814992559318,0.08715511494608161,0.0006981138923447692,-4.0,-0.035493827160493825,68.9645061728395,35.4980907598287,8.448595605126982,0,feet,0.002932929134765949,-0.20851492007427952,-0.28278618436335856,-39.521961334400714,63.68984016934275,9.603977140293743,-39.50719729370583,59.93459691168532,0.0,1,4.440892098500626e-14,0.002929680997125761,-0.20724862007868072,-0.27932538244309857,-39.493138117268785,-63.71014686932347,9.60270873521332,-39.48803325893248,-66.27374631292423,0.0,1,3.197442310920451e-14,0.0006259182178633971,-0.12135349287915798,-0.6453147174193887,77.95320419194317,63.711652087654,9.604559104399577,77.95161100010196,67.46076910097914,0.0,1,7.105427357601002e-15,0.0006306399437967514,-0.11929051255915413,-0.6408740250342948,77.99526132103263,-63.68831880542419,9.603339018380375,77.92238588012795,-60.729429187622934,0.0,1,-3.907985046680551e-14
4.725,4725000,right_front_slump,-4.0,-0.042779445506336645,68.95722055449366,0.9961937227624403,-0.0011807750284001683,0.08715483076411136,0.0008414116243199302,-4.0,-0.042779445506336645,68.95722055449366,35.50695348788486,8.439107916966258,0,feet,0.003535461053257194,-0.20849233710864423,-0.28325889255790937,-39.52653588499305,63.68774125528297,9.604790919132355,-39.52409056297552,59.9365248008787,0.0,1,2.4868995751603507e-14,0.003530808717249201,-0.20696543650690646,-0.2790879205201011,-39.49180121636669,-63.712222920030236,9.603263347961708,-39.48803325893248,-66.27374631292423,0.0,1,4.440892098500626e-14,0.000753737259265197,-0.12149653772844404,-0.6458800153302247,77.94877585061501,63.714042362971796,9.605491513733,77.95161100010196,67.46076910097914,0.0,1,-8.881784197001252e-15,0.0007604169943582484,-0.11901015191455633,-0.6405286147036784,77.99951689490683,-63.6859105820059,9.60404745268336,77.92238588012795,-60.729429187622934,0.0,1,1.5987211554602254e-14
4.733333333333333,4733333,right_front_slump,-4.0,-0.05086651872713235,68.94913348127287,0.9961933191530709,-0.001403989741841662,0.08715445336840241,0.0010004727121395028,-4.0,-0.05086651872713235,68.94913348127287,35.50695117747031,8.428583875438555,0,feet,0.004204531366633457,-0.20846774633526488,-0.2837834075102892,-39.531611539441336,63.685410747619514,9.605698155828264,-39.52409056297552,59.9365248008787,0.0,1,8.881784197001252e-15,0.004197971248917742,-0.20665141894143835,-0.27882417660753145,-39.49031518180356,-63.714525795018005,9.603877776903744,-39.48803325893248,-66.27374631292423,0.0,1,-1.9539925233402755e-14,0.0008953287854089886,-0.12165580432889911,-0.6465074484662958,77.94385736783832,63.71669508353914,9.606529737691048,77.93589713783665,67.45731075216628,0.0,1,-1.0658141036401503e-14,0.0009045749489580146,-0.11869914069759924,-0.6401450490860565,78.00423974326966,-63.6832355742473,9.60483142369469,77.92238588012795,-60.729429187622934,0.0,1,1.0658141036401503e-14
4.741666666666666,4741667,right_front_slump,-4.0,-0.05976490306939643,68.9402350969306,0.9961927945022748,-0.001649597620129615,0.08715396279268607,0.001175490949000037,-4.0,-0.05976490306939643,68.9402350969306,35.506948635270426,8.417012965893399,0,feet,0.004940970104113429,-0.20844135386654683,-0.28436022238693504,-39.5371937380473,63.682841302829324,9.60669456377461,-39.52409056297552,59.9365248008787,0.0,1,6.039613253960852e-14,0.004931952623461022,-0.20630628462885348,-0.2785337791847504,-39.48867755551651,-63.71705780986947,9.604552394743862,-39.48803325893248,-66.27374631292423,0.0,1,1.4210854715202004e-14,0.0010508816918992636,-0.12183169195800758,-0.6471976497641387,77.93844160035931,63.71961806105071,9.607670342974686,77.93589713783665,67.45731075216628,0.0,1,1.0658141036401503e-14,0.0010633224170604194,-0.11835716004003016,-0.6397228108874993,78.00943534863733,-63.68028993543117,9.605691132825541,77.92238588012795,-60.729429187622934,0.0,1,-2.842170943040401e-14
4.75,4750000,right_front_slump,-4.0,-0.06947997858035342,68.93052002141965,0.996192125326722,-0.0019177470733065327,0.0871533370788375,0.0013665720669376446,-4.0,-0.06947997858035342,68.93052002141965,35.51554382193355,8.404390759803547,0,feet,0.005745293527429585,-0.20841331813296815,-0.28498960886705094,-39.543285204812605,63.68002989153205,9.607781164362905,-39.54048570981817,59.93918994880208,0.0,1,4.973799150320701e-14,0.005733164302301752,-0.20592993587799846,-0.27821649720672514,-39.48688663100638,-63.71981994890574,9.605287191571428,-39.48803325893248,-66.27374631292423,0.0,1,1.0658141036401503e-14,0.0012202907986078593,-0.12202454003172392,-0.6479510045719361,77.93252557727722,63.722808591380684,9.60891069739177,77.93589713783665,67.45731075216628,0.0,1,-2.4868995751603507e-14,0.0012367918938616107,-0.11798407010400425,-0.6392615895255398,78.01510654724349,-63.67707123403509,9.60662626244411,77.92238588012795,-60.729429187622934,0.0,1,6.572520305780927e-14
4.758333333333334,4758333,right_front_slump,-4.0,-0.08001282126944828,68.91998717873055,0.9961912861639333,-0.0022084676890031557,0.08715255241812983,0.0015737371192404194,-4.0,-0.08001282126944828,68.91998717873055,35.51553944462182,8.39071867311118,0,feet,0.006617737732696138,-0.2083837628113585,-0.2856716252331437,-39.54988560950862,63.67697902262248,9.608964288522294,-39.54048570981817,59.93918994880208,0.0,1,1.0658141036401503e-14,0.006601659598144405,-0.20552245260218793,-0.27787223491782376,-39.48494142729607,-63.722811917588494,9.606081790793837,-39.48803325893248,-66.27374631292423,0.0,1,2.3092638912203256e-14,0.0014034626907672987,-0.12223451693359477,-0.6487676212080382,77.92610706106629,63.72626684027381,9.610255682189688,77.92101078736076,67.45314585964563,0.0,1,-7.638334409421077e-14,0.0014250425658000054,-0.11757990303066501,-0.6387612733537802,78.02125363125644,-63.6735784015118,9.607635998325044,77.92238588012795,-60.729429187622934,0.0,1,-7.105427357601002e-15
4.766666666666667,4766667,right_front_slump,-4.0,-0.09136037526985742,68.90863962473014,0.9961902497690397,-0.0025216749804709915,0.08715158333521508,0.0017969258627992851,-4.0,-0.09136037526985742,68.90863962473014,35.51553472872673,8.376003719513903,0,feet,0.00755807033241318,-0.2083530141594756,-0.2864058695837173,-39.55699216975156,63.6736837326738,9.610235893649332,-39.54048570981817,59.93918994880208,0.0,1,1.7763568394002505e-15,0.007537148159725948,-0.20508408464200878,-0.27750102677739585,-39.48284166433748,-63.72603219598202,9.606935465892803,-39.48803325893248,-66.27374631292423,0.0,1,-5.329070518200751e-15,0.0016003532548656274,-0.12246176472957737,-0.6496471557257681,77.91918547624516,63.729997332912994,9.611703950324852,77.90709045024758,67.44832533857961,0.0,1,-4.085620730620576e-14,0.0016280630434293286,-0.11714485575823597,-0.6382219419960244,78.02787445157664,-63.669811681366,9.608719053752665,77.92238588012795,-60.729429187622934,0.0,1,-2.6645352591003757e-14
4.775,4775000,right_front_slump,-4.0,-0.103515625,68.896484375,0.996188987354278,-0.00285717513468373,0.08715040291206708,0.002036000140526807,-4.0,-0.103515625,68.896484375,35.52377390097301,8.360258259015914,0,feet,0.00856580069872237,-0.20832127374691112,-0.28719182468526316,-39.56459992988508,63.67014418333953,9.611597921467656,-39.55621658349225,59.942567341235446,0.0,1,3.552713678800501e-15,0.00853901051615713,-0.20461524388315544,-0.27710303248857215,-39.48058773975296,-63.72947809321772,9.607847157953017,-39.48803325893248,-66.27374631292423,0.0,1,5.329070518200751e-15,0.001810719996020449,-0.12270633504592166,-0.6505890478114233,77.91176308829037,63.73399797703305,9.613257132407853,77.90709045024758,67.44832533857961,0.0,1,2.3092638912203256e-14,0.0018457736705723704,-0.11667921943963755,-0.6376439267228098,78.03496385832558,-63.66577257882459,9.609879167264808,77.85887634862159,-60.48548511588986,0.0,1,7.105427357601002e-15
4.783333333333333,4783333,right_front_slump,-4.0,-0.11646776732504904,68.88353223267495,0.996187468867637,-0.003214669760651641,0.08714898304853265,0.0022907472639861525,-4.0,-0.11646776732504904,68.88353223267495,35.52376690409622,8.343499742138796,0,feet,0.009640210661750803,-0.20828882240503876,-0.2880287001803863,-39.57269999447713,63.6663667575405,9.613051555179403,-39.55621658349225,59.942567341235446,0.0,1,1.7763568394002505e-15,0.0096063126760213,-0.20411649618673522,-0.2766785321200089,-39.47818070677776,-63.73314580289144,9.608815493898717,-39.48803325893248,-66.27374631292423,0.0,1,3.907985046680551e-14,0.0020341153163334624,-0.12296841137374637,-0.6515923456428268,77.90384830171485,63.7382596335126,9.61490326572968,77.89427704457319,67.4428853742061,0.0,1,1.7763568394002505e-14,0.0020786352009416476,-0.11618566085128768,-0.6370297722708704,78.0426229074794,-63.66143612611513,9.611169811743018,77.85887634862159,-60.48548511588986,0.0,1,-7.105427357601002e-15
4.791666666666667,4791667,right_front_slump,-4.0,-0.1302023837184426,68.86979761628156,0.9961856633065345,-0.003593760638101429,0.08714729475563918,0.0025608833963806283,-4.0,-0.1302023837184426,68.86979761628156,35.52375948451912,8.325750450245224,0,feet,0.010780128792370114,-0.20825602335975368,-0.2889153588785689,-39.58128289396217,63.662348674691096,9.614588525236165,-39.55621658349225,59.942567341235446,0.0,1,8.881784197001252e-15,0.010737820775659657,-0.20358855315209023,-0.27622792130895135,-39.47562225325024,-63.737030459311086,9.609838805365897,-39.48803325893248,-66.27374631292423,0.0,1,1.9539925233402755e-14,0.0022702803185778997,-0.12324780680462455,-0.6526559330542874,77.89544501754762,63.74278330573841,9.616649708483308,77.89427704457319,67.4428853742061,0.0,1,3.552713678800501e-14,0.002325868694362576,-0.115662847047167,-0.6363780501685583,78.05074202352637,-63.65683213844986,9.612531320765441,77.85887634862159,-60.48548511588986,0.0,1,-7.105427357601002e-15
4.8,4800000,right_front_slump,-4.0,-0.144701612423395,68.85529838757661,0.996183539061962,-0.0039939544666773895,0.08714530847739023,0.002846056936057573,-4.0,-0.144701612423395,68.85529838757661,35.523751651890805,8.307037232478493,0,feet,0.011984177791508177,-0.2082231992903898,-0.2898505137592333,-39.590336313445405,63.65809300167937,9.61620605586527,-39.55621658349225,59.942567341235446,0.0,1,2.1316282072803006e-14,0.011932015770458548,-0.20303226373429029,-0.2757517065328683,-39.47291468148366,-63.74112619450254,9.610915148128846,-39.48803325893248,-66.27374631292423,0.0,1,2.6645352591003757e-14,0.002518626751124131,-0.12354461153778074,-0.65377829887565,77.88656661429987,63.74755722936437,9.618482143670988,77.89427704457319,67.4428853742061,0.0,1,4.263256414560601e-14,0.0025872051696333997,-0.11511155652462124,-0.6356895274167704,78.05931017681738,-63.651965644252684,9.613960688052401,77.85887634862159,-60.48548511588986,0.0,1,-2.1316282072803006e-14
4.808333333333334,4808333,right_front_slump,-4.0,-0.15994432061440816,68.84005567938559,0.9961810642881698,-0.004414667615817986,0.08714299443644423,0.003145851900678658,-4.0,-0.15994432061440816,68.84005567938559,35.53155584278754,8.28739123986037,0,feet,0.01325071185778004,-0.20819050651689208,-0.2908328227875763,-39.599847133578656,63.65360370959584,9.617911162477995,-39.57113857411885,59.94661477248961,0.0,1,-7.105427357601002e-15,0.01318710816243085,-0.2024486057402184,-0.27525050043604793,-39.47006088884085,-63.74542619587316,9.61204232199269,-39.48803325893248,-66.27374631292423,0.0,1,7.105427357601002e-15,0.002778633723441004,-0.12385862713927231,-0.6549578102670162,77.8772241627598,63.752574196516136,9.62040178532883,77.88270100380956,67.43688501965177,0.0,1,-1.7763568394002505e-15,0.0028623176934674532,-0.1145326945022278,-0.6349651247300665,78.0683143909881,-63.646842751838925,9.615454558752752,77.85887634862159,-60.48548511588986,0.0,1,-3.375077994860476e-14
4.816666666666666,4816667,right_front_slump,-4.0,-0.17590627655878247,68.82409372344122,0.9961782072926936,-0.0048552308754549476,0.08714032299881272,0.003459791312201751,-4.0,-0.17590627655878247,68.82409372344122,35.53154533320667,8.266847657120671,0,feet,0.014577922472601035,-0.2081585196661191,-0.29186042437393045,-39.60979578980176,63.6488917581334,9.619691108958875,-39.57113857411885,59.94661477248961,0.0,1,6.217248937900877e-14,0.014501052757008193,-0.20183867722846394,-0.27472501719696707,-39.46706434882631,-63.74992276442402,9.613217891059954,-39.48803325893248,-66.27374631292423,0.0,1,8.881784197001252e-15,0.0030498705868109433,-0.12418958015968196,-0.6561924514372452,77.86742795106407,63.757832280103095,9.622404491837756,77.87247837417934,67.43038706901137,0.0,1,-2.4868995751603507e-14,0.0031508191498557103,-0.1139267898903551,-0.6342064373263532,78.07773471130531,-63.641470595257594,9.617051859974822,77.79797558731573,-60.24552022080727,0.0,1,1.0658141036401503e-14
4.825,4825000,right_front_slump,-4.0,-0.1925603217781282,68.80743967822187,0.996174936941317,-0.005314894207669924,0.08713726505252622,0.003787340582807552,-4.0,-0.1925603217781282,68.80743967822187,35.53153436794429,8.245445432854396,0,feet,0.015963573390369135,-0.2081275346025837,-0.2929314368503002,-39.62016604687756,63.643957068653336,9.62154158866695,-39.57113857411885,59.94661477248961,0.0,1,3.730349362740526e-14,0.015871563441640646,-0.20120368783919051,-0.27417606792187543,-39.463929092505744,-63.75460737339757,9.61443920427358,-39.48803325893248,-66.27374631292423,0.0,1,6.217248937900877e-14,0.0033317064493951776,-0.12453717408382792,-0.6574800742746256,77.85719250800948,63.763322078601746,9.62448715970126,77.87247837417934,67.43038706901137,0.0,1,2.6645352591003757e-14,0.003453009964927034,-0.11329850519654405,-0.6334164625615486,78.08769890481229,-63.63582322292231,9.618749219299701,77.79797558731573,-60.24552022080727,0.0,1,1.4210854715202004e-14
4.833333333333333,4833333,right_front_slump,-4.0,-0.20987654320987653,68.79012345679013,0.9961712230724461,-0.005792831499426695,0.08713379239509852,0.004127910901887463,-4.0,-0.20987654320987653,68.79012345679013,35.53882973022912,8.223227008617073,0,feet,0.017405289063872953,-0.2080977967818054,-0.2940438897995361,-39.63093878433361,63.638806210995845,9.623464535036462,-39.58510770194049,59.95129659363434,0.0,1,2.1316282072803006e-14,0.01729612797861435,-0.20054495008075035,-0.2736045560499223,-39.46065969006098,-63.7594707272413,9.615703416137414,-39.48803325893248,-66.27374631292423,0.0,1,2.842170943040401e-14,0.003623341082870546,-0.12490125990207224,-0.6588182794886084,77.84653955115617,63.769027913569076,9.62663641679518,77.87247837417934,67.43038706901137,0.0,1,7.815970093361102e-14,0.003767696798394393,-0.11264614209590729,-0.6325943351578891,78.09805488799859,-63.62994230873593,9.62050259262331,77.79797558731573,-60.24552022080727,0.0,1,-1.0658141036401503e-14
4.841666666666667,4841667,right_front_slump,-4.0,-0.22782244536879104,68.77217755463121,0.9961670369153058,-0.006288145316475534,0.08712987812456648,0.004480862624187959,-4.0,-0.22782244536879104,68.77217755463121,35.53881592878448,8.200238047574572,0,feet,0.018900575453215218,-0.20806975238849468,-0.29519552779676594,-39.64208980316113,63.63345295759707,9.625454528219507,-39.58510770194049,59.95129659363434,0.0,1,5.5067062021407764e-14,0.018772022804393718,-0.1998638706000131,-0.2730114727552526,-39.45726123229012,-63.76450282076537,9.617007507514245,-39.48803325893248,-66.27374631292423,0.0,1,1.9539925233402755e-14,0.003924060001182728,-0.12528141419478533,-0.6602045398046257,77.83548735491539,63.77493882799367,9.628850532763991,77.86371413990612,67.4234496299125,0.0,1,-1.4210854715202004e-14,0.00409434328478353,-0.11197102941841797,-0.6317415137395321,78.10878270190258,-63.62383787723463,9.622307381310542,77.79797558731573,-60.24552022080727,0.0,1,1.0658141036401503e-14
4.85,4850000,right_front_slump,-4.0,-0.2463631225084786,68.75363687749152,0.996162351506385,-0.006799871658500845,0.08712549702889096,0.004845508659181657,-4.0,-0.2463631225084786,68.75363687749152,35.545531421719154,8.176527163324451,0,feet,0.020446538846685236,-0.20804369086548924,-0.29638396628261177,-39.653598555942324,63.62789934087637,9.627505679776078,-39.59798330664144,59.956579872703934,0.0,1,-1.0658141036401503e-14,0.02029632782776014,-0.19916194146334032,-0.272397892331782,-39.45373931186742,-63.76969299836977,9.618348306399334,-39.48803325893248,-66.27374631292423,0.0,1,6.039613253960852e-14,0.004233243024784006,-0.1256770969041403,-0.6616360002832806,77.82405168866052,63.781048646405985,9.631123110558363,77.86371413990612,67.4234496299125,0.0,1,3.375077994860476e-14,0.004432358940289927,-0.11127395575460497,-0.6308602389711551,78.11985450812142,-63.617520796356956,9.62421248950394,77.73640930774546,-60.00572551917024,0.0,1,4.973799150320701e-14
4.858333333333333,4858333,right_front_slump,-4.0,-0.26546143078290063,68.7345385692171,0.9961571420986233,-0.00732698471555451,0.08712062596857052,0.005221117861706972,-4.0,-0.26546143078290063,68.7345385692171,35.54551478657946,8.152145649497633,0,feet,0.022040287602434816,-0.2080199731151362,-0.2976067367283859,-39.66543814369382,63.62216055253908,9.62961647377692,-39.59798330664144,59.956579872703934,0.0,1,4.263256414560601e-14,0.021865941219105345,-0.1984407314747232,-0.2717649675468392,-39.45010000418249,-63.77503001321527,9.619722508570796,-39.48803325893248,-66.27374631292423,0.0,1,2.4868995751603507e-14,0.00454998392964745,-0.12608793103347748,-0.6631097913733655,77.81225895395303,63.78733951033514,9.633445890255125,77.85649472150145,67.4161528501323,0.0,1,4.796163466380676e-14,0.004781957178995988,-0.11056055604268389,-0.6299541271367,78.13141356419457,-63.61096333258355,9.626203474643809,77.73640930774546,-60.00572551917024,0.0,1,2.842170943040401e-14
4.866666666666666,4866667,right_front_slump,-4.0,-0.2850781604078841,68.71492183959212,0.9961513865579629,-0.007868401625786047,0.08711524424744004,0.005606918423887264,-4.0,-0.2850781604078841,68.71492183959212,35.55158848755411,8.12714721073607,0,feet,0.023678559492075646,-0.20799885592850176,-0.2988611874418403,-39.67758590030501,63.616240240217785,9.63178056394819,-39.60964581127365,59.96241005616753,0.0,1,4.263256414560601e-14,0.02347759418336226,-0.19770187755694257,-0.2711139249505332,-39.446349847587975,-63.78050208621298,9.621126698019317,-39.48803325893248,-66.27374631292423,0.0,1,1.9539925233402755e-14,0.004873588794654715,-0.12651320656983467,-0.664622767210814,77.80012677079452,63.793803140330546,9.635814859819831,77.85649472150145,67.4161528501323,0.0,1,-2.4868995751603507e-14,0.005141656524152882,-0.1098289569524864,-0.6290224644115003,78.14328051480712,-63.60421614848042,9.628233607508392,77.73640930774546,-60.00572551917024,0.0,1,3.552713678800501e-14
4.875,4875000,right_front_slump,-4.0,-0.30517220782263343,68.69482779217736,0.9961450657420707,-0.008422987234447548,0.08710933396679635,0.006002101268307763,-4.0,-0.30517220782263343,68.69482779217736,35.55156912949276,8.101587695622186,0,feet,0.025358113527867765,-0.20798075949561534,-0.30014454578671446,-39.69001160502297,63.61015476195789,9.633991260230474,-39.60964581127365,59.96241005616753,0.0,1,1.2434497875801753e-14,0.025127865709292152,-0.19694707622066687,-0.27044606012845795,-39.442495822896696,-63.78609696470762,9.622557367061404,-39.48803325893248,-66.27374631292423,0.0,1,3.552713678800501e-14,0.00520311821650532,-0.12695246463073406,-0.6661717365340554,77.7876850293225,63.800421050984156,9.638219314872728,77.85649472150145,67.4161528501323,0.0,1,8.348877145181177e-14,0.005510749533055304,-0.10908078370409946,-0.6280671300496503,78.1554300074491,-63.59729249921917,9.630297486067775,77.73640930774546,-60.00572551917024,0.0,1,-4.973799150320701e-14
4.883333333333334,4883333,right_front_slump,-4.0,-0.3257007478512407,68.67429925214876,0.9961381638562676,-0.00898955885411717,0.0871028803582112,0.006405823442394822,-4.0,-0.3257007478512407,68.67429925214876,35.551549352852994,8.075524832111128,0,feet,0.027075373358937505,-0.20796593478852277,-0.30145390699121233,-39.70269064142147,63.603909462701985,9.636239537984459,-39.60964581127365,59.96241005616753,0.0,1,-1.4210854715202004e-14,0.026813197288114043,-0.1961780751452591,-0.2697627328863037,-39.43854533197893,-63.79180198073391,9.62401093604661,-39.48803325893248,-66.27374631292423,0.0,1,1.2434497875801753e-14,0.005537726040573343,-0.12740502186889202,-0.6677533446456012,77.77495925720834,63.807178940400874,9.640652574677297,77.85649472150145,67.4161528501323,0.0,1,-7.993605777301127e-14,0.005888492780581345,-0.10831771785933242,-0.6270900918692734,78.16783568472997,-63.59020631736096,9.632389634860445,77.73640930774546,-60.00572551917024,0.0,1,4.440892098500626e-14
4.891666666666667,4891667,right_front_slump,-4.0,-0.34661940586419754,68.6533805941358,0.9961306687819823,-0.009566891026050942,0.0870958720906509,0.006817211513908413,-4.0,-0.34661940586419754,68.6533805941358,35.556917971489796,8.04901796598623,0,feet,0.028826714392803154,-0.20795459768559432,-0.3027863699817259,-39.71559487087647,63.59751613904853,9.638522102386432,-39.61997633853228,59.968726973475306,0.0,1,1.4210854715202004e-14,0.02852990759484575,-0.19539666489361718,-0.26906536235597267,-39.43450617532722,-63.79760410872588,9.625483772572629,-39.48803325893248,-66.27374631292423,0.0,1,1.9539925233402755e-14,0.005876554082889118,-0.1278701341442674,-0.6693641239002095,77.76197604914026,63.81406202005001,9.643107935261568,77.85649472150145,67.4161528501323,0.0,1,-2.1316282072803006e-14,0.006274109457217847,-0.10754148977091926,-0.6260933989584583,78.18047029456787,-63.582972164299925,9.634504536768503,77.73640930774546,-60.00572551917024,0.0,1,-1.7763568394002505e-15
4.9,4900000,right_front_slump,-4.0,-0.367882429939906,68.63211757006009,0.996122572373364,-0.010153720282539016,0.0870883015478222,0.007235364967425682,-4.0,-0.367882429939906,68.63211757006009,35.55689574832454,8.022127802823547,0,feet,0.03060847254296517,-0.20794701688783723,-0.3041389843720945,-39.72869168311415,63.59099274891068,9.640836771570328,-39.61997633853228,59.968726973475306,0.0,1,-1.4210854715202004e-14,0.030274207126114838,-0.19460467078184118,-0.2683554220139093,-39.43038652846883,-63.80349002256672,9.626972210127455,-39.48803325893248,-66.27374631292423,0.0,1,1.7763568394002505e-15,0.006218736484135068,-0.12834698701386316,-0.6710005192949713,77.74876285581261,63.821055074237826,9.645579645688088,77.85090268122535,67.40855192314066,0.0,1,-5.329070518200751e-15,0.006666792018572565,-0.10675387111439383,-0.6250791743034485,78.1933058000487,-63.57560518070223,9.63663666361991,77.73640930774546,-60.00572551917024,0.0,1,1.7763568394002505e-15
4.908333333333333,4908333,right_front_slump,-4.0,-0.3894428630261898,68.61055713697381,0.9961138707180498,-0.010748749910110855,0.08708016507199863,0.0076593596016621135,-4.0,-0.3894428630261898,68.61055713697381,35.556873214320646,7.994916153912129,0,feet,0.03241669867360564,-0.2079433828501971,-0.3055085888465401,-39.74195447784196,63.58434690719633,9.643172499676169,-39.61997633853228,59.968726973475306,0.0,1,1.4210854715202004e-14,0.03204221278867836,-0.19380394492265962,-0.2676344346035622,-39.42619491712443,-63.80944615187071,9.628472566085648,-39.48803325893248,-66.27374631292423,0.0,1,-8.881784197001252e-15,0.006563504160658429,-0.12883455186797033,-0.6726588074911879,77.73534184628848,63.828146682061046,9.648062856823259,77.85090268122535,67.40855192314066,0.0,1,-7.283063041541027e-14,0.007065704892144087,-0.10595666751498856,-0.6240496073298631,78.20631348888348,-63.56812103583123,9.638780505465647,77.73640930774546,-60.00572551917024,0.0,1,-1.7763568394002505e-14
4.916666666666667,4916667,right_front_slump,-4.0,-0.41125271510180583,68.58874728489819,0.9961045643584724,-0.011350654713404467,0.0870714631709484,0.008088250927447884,-4.0,-0.41125271510180583,68.58874728489819,35.55685041963513,7.967445686533708,0,feet,0.03424743015442866,-0.20794385757748923,-0.3068920630511389,-39.75535299612048,63.57759223602895,9.645523661648156,-39.61997633853228,59.968726973475306,0.0,1,-8.881784197001252e-15,0.03382996243342662,-0.19299635845969165,-0.2669039669551725,-39.42194019102517,-63.8154587373951,9.629981158991185,-39.48803325893248,-66.27374631292423,0.0,1,6.217248937900877e-14,0.006909892288119668,-0.12933208072823899,-0.6743353239140939,77.72174853786031,63.83531683356011,9.650548330948723,77.85090268122535,67.40855192314066,0.0,1,-1.7763568394002505e-14,0.007469987246452536,-0.1051517112810294,-0.6230069463487538,78.21946408239884,-63.56053587566142,9.640930598401312,77.73640930774546,-60.00572551917024,0.0,1,4.440892098500626e-14
4.925,4925000,right_front_slump,-4.0,-0.43326313533795435,68.56673686466205,0.9960946584705143,-0.011958085779488724,0.08706220068497891,0.00852107756615125,-4.0,-0.43326313533795435,68.56673686466205,35.55682741532472,7.939779678959411,0,feet,0.036096618874632114,-0.20794856784725768,-0.3082862488116822,-39.76885659423017,63.57074289633155,9.64788463815021,-39.61997633853228,59.968726973475306,0.0,1,2.4868995751603507e-14,0.035633429330190314,-0.1921837940074722,-0.2661656246973183,-39.41763149632121,-63.82151388548983,9.631494325067663,-39.48803325893248,-66.27374631292423,0.0,1,3.552713678800501e-15,0.007257038825214224,-0.12983859702902123,-0.6760262873438303,77.70801284732114,63.84254937187542,9.653029637677122,77.85090268122535,67.40855192314066,0.0,1,3.019806626980426e-14,0.007878755826914219,-0.10434085425426831,-0.6219534909003306,78.23272784399626,-63.55286626969937,9.643081550813108,77.73640930774546,-60.00572551917024,0.0,1,1.7763568394002505e-14
4.933333333333334,4933333,right_front_slump,-4.0,-0.4554245842597918,68.54457541574021,0.9960841629967706,-0.012569675242405784,0.08705238691153325,0.008956864648319102,-4.0,-0.4554245842597918,68.54457541574021,35.56144957423407,7.911981780471308,0,feet,0.0379601456337455,-0.20795754426456936,-0.3096880144165923,-39.78243478345938,63.5638135352575,9.650253264721016,-39.62889899469982,59.97546142282857,0.0,1,3.552713678800501e-15,0.03744853657931335,-0.19136813831000543,-0.2654210468560403,-39.41327824652815,-63.82759762149846,9.633008433906134,-39.48803325893248,-66.27374631292423,0.0,1,0.0,0.007604091134947311,-0.13035307029895504,-0.677727872244013,77.69416527192331,63.84982794558287,9.655500500865593,77.85090268122535,67.40855192314066,0.0,1,-3.019806626980426e-14,0.008291107862095526,-0.10352596078644982,-0.620891583989315,78.2460746870193,-63.545129156443586,9.645228067948807,77.73640930774546,-60.00572551917024,0.0,1,-2.6645352591003757e-14
4.941666666666666,4941667,right_front_slump,-4.0,-0.47768700590794033,68.52231299409206,0.9960730927321396,-0.013184041047682924,0.08704203568521232,0.009394627212287355,-4.0,-0.47768700590794033,68.52231299409206,35.56142473439143,7.884115776665567,0,feet,0.039833909882998064,-0.20797096107792212,-0.3110941604427002,-39.79605214760422,63.55682421712055,9.65262309186459,-39.62889899469982,59.97546142282857,0.0,1,1.7763568394002505e-14,0.03927117145656389,-0.19055127512830872,-0.2646719003385938,-39.4088900919791,-63.83369594203753,9.634519903285813,-39.48803325893248,-66.27374631292423,0.0,1,0.0,0.007950209739645775,-0.13087441864876626,-0.6794362222152328,77.68023678746572,63.85713606615106,9.657954827475919,77.85090268122535,67.40855192314066,0.0,1,-1.0658141036401503e-14,0.008706124043222907,-0.10270890085026307,-0.6198236042070184,78.25947428197514,-63.53734178743092,9.64736497472827,77.73640930774546,-60.00572551917024,0.0,1,3.907985046680551e-14
4.95,4950000,right_front_slump,-4.0,-0.5,68.5,0.9960614673599618,-0.013799791716550942,0.08703116541155358,0.00983337360250176,-4.0,-0.5,68.5,35.561399838121346,7.856245360239548,0,feet,0.041713612444063575,-0.2079887682868704,-0.3125014319716053,-39.80968149516725,63.54978552230705,9.654986127067936,-39.62889899469982,59.97546142282857,0.0,1,2.4868995751603507e-14,0.04109719968867598,-0.18973507836501735,-0.2639198743002651,-39.404476887763906,-63.83979486608792,9.636025213096467,-39.48803325893248,-66.27374631292423,0.0,1,1.7763568394002505e-15,0.008294571861600986,-0.13140151167884673,-0.681147463352008,77.66625874470687,63.86445716503036,9.660386733893013,77.85090268122535,67.40855192314066,0.0,1,-7.638334409421077e-14,0.009122871579041458,-0.10189154329144712,-0.6187519577364187,78.27289616305984,-63.52952166983161,9.64948723672822,77.73640930774546,-60.00572551917024,0.0,1,-2.3092638912203256e-14
4.958333333333333,4958333,right_front_slump,-4.0,-0.5223129940920596,68.47768700590794,0.9960493114374201,-0.014415531109599165,0.08701979905336578,0.010272108867282904,-4.0,-0.5223129940920596,68.47768700590794,35.56137494185127,7.828433907409753,0,feet,0.043595001951291845,-0.20801093901860535,-0.31390663424859655,-39.82329178243557,63.54271331748552,9.657336980690118,-39.62889899469982,59.97546142282857,0.0,1,1.5987211554602254e-14,0.04292247965748075,-0.18892140543171143,-0.2631666743939016,-39.400048660156536,-63.845880484847015,9.637520918337025,-39.48803325893248,-66.27374631292423,0.0,1,1.9539925233402755e-14,0.008636374737032604,-0.13193317381938785,-0.6828577175027064,77.65226276405971,63.8717746503705,9.662790569616021,77.85090268122535,67.40855192314066,0.0,1,-1.5987211554602254e-14,0.009540407327313538,-0.1010757492274883,-0.6176790702377275,78.28630983394405,-63.521686507572056,9.651589979295984,77.73640930774546,-60.00572551917024,0.0,1,6.927791673660977e-14
4.966666666666667,4966667,right_front_slump,-4.0,-0.5445754157402082,68.45542458425979,0.9960366543294301,-0.015029863189596237,0.08700796406889884,0.010709838155768038,-4.0,-0.5445754157402082,68.45542458425979,35.56135010200863,7.800744260051118,0,feet,0.04547381175362952,-0.208037406860476,-0.3153065912033952,-39.836852138075,63.53562377317187,9.65967037345581,-39.62889899469982,59.97546142282857,0.0,1,-1.4210854715202004e-14,0.04474287653133224,-0.18811209086212743,-0.2624140169031026,-39.395615571545726,-63.8519390103003,9.63900366117609,-39.48803325893248,-66.27374631292423,0.0,1,1.9539925233402755e-14,0.008974838693057485,-0.13246818811154215,-0.6845631154329088,77.63828062854276,63.879071963367004,9.665160938256818,77.85090268122535,67.40855192314066,0.0,1,3.907985046680551e-14,0.00995778100348721,-0.10026336559689719,-0.6166073786131383,78.29968487278306,-63.51385414097744,9.653668504760788,77.73640930774546,-60.00572551917024,0.0,1,-2.842170943040401e-14
4.975,4975000,right_front_slump,-4.0,-0.5667368646620455,68.43326313533795,0.9960235300907669,-0.01564139678321072,0.0869956923016109,0.011145570113767437,-4.0,-0.5667368646620455,68.43326313533795,35.56132537482878,7.773238513590293,0,feet,0.0473457744330501,-0.20806806625689767,-0.31669815615994157,-39.85033196929175,63.52853330703418,9.66198115387796,-39.62889899469982,59.97546142282857,0.0,1,-1.7763568394002505e-15,0.04655427632326026,-0.18730894017194544,-0.26166362276117106,-39.39118788390146,-63.857956822484915,9.640470182069357,-39.48803325893248,-66.27374631292423,0.0,1,7.105427357601002e-15,0.009309209979482702,-0.13300530043367997,-0.6862598098936972,77.62434417497799,63.886332634241285,9.6674927158125,77.85090268122535,67.40855192314066,0.0,1,1.7763568394002505e-15,0.010374038466248958,-0.09945621886150446,-0.6155393226506787,78.31299103642154,-63.5060424849439,9.655718307738454,77.73640930774546,-60.00572551917024,0.0,1,-4.440892098500626e-14
4.983333333333333,4983333,right_front_slump,-4.0,-0.5887472848981944,68.41125271510181,0.9960099772966938,-0.01624875034137674,0.08698301982178189,0.011578320278283842,-4.0,-0.5887472848981944,68.41125271510181,35.5613008161629,7.74597781062802,0,feet,0.0492066364883752,-0.20810277332913163,-0.3180782223491794,-39.86370106611249,63.521458523949555,9.664264314502354,-39.62889899469982,59.97546142282857,0.0,1,8.881784197001252e-15,0.04835259987602836,-0.1865137239633663,-0.26091721145909696,-39.38677592082227,-63.86392051543096,9.64191732993838,-39.48803325893248,-66.27374631292423,0.0,1,5.3290705182007514e-14,0.009638763349598012,-0.13354322417239572,-0.687943988597211,77.61048518344568,63.89354033786409,9.669781066201445,77.85090268122535,67.40855192314066,0.0,1,-1.9539925233402755e-14,0.010788225078923741,-0.09865610886273535,-0.6144773365482656,78.32619836377285,-63.49826946566297,9.657735088535503,77.73640930774546,-60.00572551917024,0.0,1,1.2434497875801753e-14
4.991666666666666,4991667,right_front_slump,-4.0,-0.6105571369738102,68.38944286302619,0.9959960388228755,-0.016850556698066673,0.08696998672070524,0.012007114470460219,-4.0,-0.6105571369738102,68.38944286302619,35.565132981579715,7.719022140207798,0,feet,0.051052173589021255,-0.20814132044518496,-0.31944375696387883,-39.876929896532346,63.514416145628346,9.666516564848934,-39.63632673702084,59.98254951054347,0.0,1,2.4868995751603507e-14,0.05013381677501849,-0.185728172270196,-0.2601764948468741,-39.38239002822495,-63.86981694178035,9.643342071424641,-39.48803325893248,-66.27374631292423,0.0,1,4.440892098500626e-14,0.00996280438657271,-0.13408064533341513,-0.6896118871027208,77.59673526502188,63.90067894903433,9.672021454081388,77.85090268122535,67.40855192314066,0.0,1,1.7763568394002505e-14,0.011199388967201074,-0.09786479703810036,-0.613423846240214,78.33927722155344,-63.490552955582395,9.659715247259683,77.73348583732954,-59.998082976067735,0.0,1,5.329070518200751e-15
5.0,5000000,right_front_slump,-4.0,-0.6321175700600941,68.36788242993991,0.9959817615758688,-0.017445467827256048,0.08695663685866918,0.012430992186743763,-4.0,-0.6321175700600941,68.36788242993991,35.565107657936366,7.6924301425914265,0,feet,0.05287826640447735,-0.20818358610320864,-0.3207917902193307,-39.889985169785334,63.507426898155025,9.66873368692525,-39.63632673702084,59.98254951054347,0.0,1,-1.0658141036401503e-14,0.05189395919060891,-0.18495396913677453,-0.25944317083350876,-39.37804053374766,-63.87563325609652,9.644741499243516,-39.48803325893248,-66.27374631292423,0.0,1,5.1514348342607263e-14,0.010280671574714795,-0.13461622808310736,-0.6912598016172913,77.58312574784296,63.90773259743056,9.674209654996034,77.85090268122535,67.40855192314066,0.0,1,-1.7763568394002505e-14,0.011606626595416447,-0.09708413237402791,-0.6123813465917185,78.35220410891077,-63.48290862547595,9.66165649931687,77.73348583732954,-59.998082976067735,0.0,1,7.105427357601002e-14
5.008333333333334,5008333,right_front_slump,-4.0,-0.6533805941358025,68.3466194058642,0.9959671961759896,-0.018032159597893505,0.08694301756840603,0.012849009988081661,-4.0,-0.6533805941358025,68.3466194058642,35.565082683612516,7.666258919345182,0,feet,0.054680730011654965,-0.20822925212791876,-0.32211934451115276,-39.90284245106676,63.50050356301099,9.67090910751336,-39.63632673702084,59.98254951054347,0.0,1,-8.881784197001252e-15,0.053629135652432325,-0.18419274742169645,-0.25871891699193394,-39.37373770495153,-63.88135695689388,9.646112839669861,-39.48803325893248,-66.27374631292423,0.0,1,3.552713678800501e-14,0.010591738117554428,-0.13514862070686728,-0.69288410171584,77.56968756155882,63.91468572225505,9.676341762924544,77.85090268122535,67.40855192314066,0.0,1,9.947598300641403e-14,0.012008960379780387,-0.09631568330313112,-0.6113520979119795,78.36494491032217,-63.4753561483652,9.663553132337398,77.73348583732954,-59.998082976067735,0.0,1,5.329070518200751e-15
5.016666666666667,5016667,right_front_slump,-4.0,-0.6742992521487592,68.32570074785124,0.995952396594834,-0.01860933652672231,0.0869291793161446,0.013260244886996982,-4.0,-0.6742992521487592,68.32570074785124,35.56505811376122,7.640563848486785,0,feet,0.05645551652276648,-0.20827803755554797,-0.32342357392284127,-39.915474074398475,63.493662824237774,9.67303852826631,-39.63632673702084,59.98254951054347,0.0,1,-1.7763568394002505e-14,0.05533554475862612,-0.18344608381499405,-0.2580053840759242,-39.36949170641539,-63.88697592742871,9.647453459198353,-39.48803325893248,-66.27374631292423,0.0,1,-1.9539925233402755e-14,0.010895413507542528,-0.13567646196632221,-0.6944812429861491,77.55645112025115,63.921523126593044,9.678414195332955,77.85090268122535,67.40855192314066,0.0,1,-3.019806626980426e-14,0.01240546867763026,-0.0955610845470165,-0.6103384247466761,78.37747179831639,-63.467912840332296,9.665401761554541,77.73348583732954,-59.998082976067735,0.0,1,-1.7763568394002505e-14
5.025,5025000,right_front_slump,-4.0,-0.6948277921773665,68.30517220782264,0.9959374197502091,-0.019175736528837025,0.08691517532283845,0.013663797732429967,-4.0,-0.6948277921773665,68.30517220782264,35.56503400212004,7.615398404389936,0,feet,0.058198667782644264,-0.2083296331496287,-0.3247017222567994,-39.92785324961414,63.48692120826314,9.675117859931632,-39.63632673702084,59.98254951054347,0.0,1,2.1316282072803006e-14,0.057009488823860366,-0.18271549405529308,-0.25730418945682576,-39.36531255582654,-63.892478475308614,9.648760870428752,-39.48803325893248,-66.27374631292423,0.0,1,5.329070518200751e-15,0.01119114485506989,-0.13619838783304683,-0.696047779604998,77.54344620391122,63.92823003151412,9.680423695859574,77.85090268122535,67.40855192314066,0.0,1,6.572520305780927e-14,0.012795247212082916,-0.09482191572649645,-0.6093426020014978,78.38975773225339,-63.46059569238614,9.667199248304506,77.73348583732954,-59.998082976067735,0.0,1,2.842170943040401e-14
5.033333333333333,5033333,right_front_slump,-4.0,-0.714921839592116,68.28507816040788,0.9959223250616668,-0.01973013566590024,0.0869010611485604,0.014058796592270583,-4.0,-0.714921839592116,68.28507816040788,35.56501040080887,7.590813982093323,0,feet,0.059906330968992005,-0.20838370446868204,-0.32595113250662555,-39.939954155670975,63.480295006914154,9.677143232388062,-39.63632673702084,59.98254951054347,0.0,1,1.5987211554602254e-14,0.05864738747059883,-0.18200242833135638,-0.25661691048859936,-39.36121007917987,-63.89785337099108,9.65003273723466,-39.48803325893248,-66.27374631292423,0.0,1,4.440892098500626e-14,0.01147841798741478,-0.13671303857244999,-0.6975803768521902,77.53070183858533,63.93479212994361,9.682367334783166,77.85090268122535,67.40855192314066,0.0,1,1.2434497875801753e-14,0.01317741282655227,-0.09409969607230817,-0.60836684583641,78.40177655687216,-63.453421299738956,9.668942703330849,77.73348583732954,-59.998082976067735,0.0,1,1.9539925233402755e-14
5.041666666666667,5041667,right_front_slump,-4.0,-0.7345385692170993,68.2654614307829,0.9959071739702644,-0.020271352891988163,0.08688689424344734,0.014444400133551562,-4.0,-0.7345385692170993,68.2654614307829,35.5649873601277,7.56685972561376,0,feet,0.06157477431697256,-0.20843989522428252,-0.32716925619530857,-39.95175203239068,63.47380019825521,9.679111003882788,-39.63632673702084,59.98254951054347,0.0,1,3.730349362740526e-14,0.06024579116866535,-0.18130826685050794,-0.2559450778102219,-39.357193865203364,-63.90308988525479,9.651266879283199,-39.48803325893248,-66.27374631292423,0.0,1,1.9539925233402755e-14,0.01175675833118639,-0.13721906614758383,-0.6990758235697832,77.51824617531072,63.941195640334065,9.684242507459771,77.85090268122535,67.40855192314066,0.0,1,3.552713678800501e-14,0.013551107288396036,-0.0933958792517755,-0.607413304479345,78.41350310013001,-63.446405790165805,9.670629488777642,77.73348583732954,-59.998082976067735,0.0,1,-3.019806626980426e-14
5.05,5050000,right_front_slump,-4.0,-0.7536368774915215,68.24636312250848,0.9958920294265542,-0.02079825479707996,0.0868727334689438,0.014819801000316605,-4.0,-0.7536368774915215,68.24636312250848,35.5649649283544,7.543582359818579,0,feet,0.06320040295586438,-0.20849783089634144,-0.32835366259460885,-39.963223270758334,63.46745236551141,9.681017769561123,-39.63632673702084,59.98254951054347,0.0,1,2.4868995751603507e-14,0.061801394728762116,-0.1806343155546637,-0.25529016859498155,-39.353273219133406,-63.908177825741326,9.652461275978823,-39.48803325893248,-66.27374631292423,0.0,1,3.552713678800501e-15,0.01202573159472875,-0.13771514190900813,-0.7005310445742428,77.50610636797776,63.94742736016985,9.686046930926338,77.85090268122535,67.40855192314066,0.0,1,3.907985046680551e-14,0.013915501135569386,-0.09271184829997514,-0.6064840489687597,78.42491327039066,-63.43956475156645,9.672257219019421,77.73348583732954,-59.998082976067735,0.0,1,1.9539925233402755e-14
5.058333333333334,5058333,right_front_slump,-4.0,-0.7721775546312089,68.22782244536879,0.9958769553511747,-0.0213097603482524,0.08685863859342673,0.015184229189224501,-4.0,-0.7721775546312089,68.22782244536879,35.56494315154252,7.521026025372933,0,feet,0.06477977484410502,-0.2085571225696068,-0.32950204784224013,-39.97434550192762,63.46126661435468,9.682860369390525,-39.63632673702084,59.98254951054347,0.0,1,1.5987211554602254e-14,0.06331105075613319,-0.17998180196306146,-0.25465359975659174,-39.34945711596851,-63.91310757267476,9.653614069911079,-39.48803325893248,-66.27374631292423,0.0,1,1.2434497875801753e-14,0.012284944269764786,-0.13819996453347017,-0.7019431130296794,77.49430845026649,63.953474719337414,9.687778638900738,77.85090268122535,67.40855192314066,0.0,1,-3.552713678800501e-15,0.014269797559727238,-0.09204891064266407,-0.6055810638353094,78.43598415302615,-63.43291315885501,9.67382376048944,77.73348583732954,-59.998082976067735,0.0,1,4.263256414560601e-14
5.066666666666666,5066667,right_front_slump,-4.0,-0.7901234567901235,68.20987654320987,0.9958620160727212,-0.021804845628688764,0.0868446697665909,0.015536955422996733,-4.0,-0.7901234567901235,68.20987654320987,35.56492207331909,7.499232116240705,0,feet,0.06630961678778524,-0.2086173709528616,-0.3306122439745818,-39.98509768509939,63.45525748885106,9.6846358955857,-39.63632673702084,59.98254951054347,0.0,1,3.907985046680551e-14,0.06477178307101417,-0.17935187111937223,-0.25403672112233044,-39.34575415333183,-63.91787011388099,9.654723569892731,-39.48803325893248,-66.27374631292423,0.0,1,5.5067062021407764e-14,0.012534043974278042,-0.13867226817110945,-0.7033092627906261,77.48287721181612,63.95932583339584,9.689435975423223,77.85090268122535,67.40855192314066,0.0,1,3.375077994860476e-14,0.014613236318849143,-0.09140829319700572,-0.604706237733553,78.44669410650695,-63.42646530031078,9.675327230680473,77.73348583732954,-59.998082976067735,0.0,1,0.0
5.075,5075000,right_front_slump,-4.0,-0.8074396782218718,68.19256032177813,0.9958472757478585,-0.02228254857465662,0.08683088697723298,0.015877294521860912,-4.0,-0.8074396782218718,68.19256032177813,35.56490173468239,7.478239119186682,0,feet,0.06778684052649497,-0.2086781705401144,-0.33168222789368906,-39.99546019445856,63.449438886380534,9.686341699648487,-39.63632673702084,59.98254951054347,0.0,1,5.684341886080802e-14,0.06618080010296001,-0.17874558161963439,-0.25344080858364215,-39.34217250407578,-63.92245707923442,9.655788253678608,-39.48803325893248,-66.27374631292423,0.0,1,2.6645352591003757e-14,0.012772719661152454,-0.13913083075820776,-0.704626900723047,77.47183607379489,63.96496955678249,9.691017587404005,77.85090268122535,67.40855192314066,0.0,1,-5.329070518200751e-15,0.01494509767213792,-0.09079113753508761,-0.6038613540351445,78.45702285806189,-63.42023470352822,9.67676599650018,77.73348583732954,-59.998082976067735,0.0,1,4.973799150320701e-14
5.083333333333333,5083333,right_front_slump,-4.0,-0.8240937234412176,68.17590627655878,0.9958327977688676,-0.022741973710653188,0.08681734949928838,0.016204608773186392,-4.0,-0.8240937234412176,68.17590627655878,35.56488217379974,7.458082454701923,0,feet,0.0692085588694411,-0.20873911387127642,-0.33271013028822694,-40.005414905369655,63.44382397185378,9.687975399140832,-39.63632673702084,59.98254951054347,0.0,1,4.973799150320701e-14,0.0675355082664515,-0.17816390169646157,-0.25286705723473535,-39.338719868762304,-63.92686077467261,9.656806770460499,-39.48803325893248,-66.27374631292423,0.0,1,1.0658141036401503e-14,0.013000701719418029,-0.13957448245022253,-0.7058936190124978,77.46120696404735,63.97039553598825,9.692522416359509,77.85090268122535,67.40855192314066,0.0,1,-1.4210854715202004e-14,0.015264706329717548,-0.09019849509430466,-0.6030480813954684,78.46695159899797,-63.414234061108154,9.678138672171919,77.73348583732954,-59.998082976067735,0.0,1,8.881784197001252e-15
5.091666666666667,5091667,right_front_slump,-4.0,-0.8400556793855918,68.15994432061441,0.995818644163996,-0.023182296882957844,0.08680411533114296,0.0165183112995482,-4.0,-0.8400556793855918,68.15994432061441,35.56486342580531,7.438669568873621,0,feet,0.07057210186392959,-0.20879979584843733,-0.33369424452860974,-40.01494528004436,63.43842509155966,9.689534884312344,-39.63632673702084,59.98254951054347,0.0,1,-1.2434497875801753e-14,0.06883352532548903,-0.17760770533419912,-0.2523165745097553,-39.335403428152006,-63.9310742159229,9.657777943235082,-39.48803325893248,-66.27374631292423,0.0,1,2.842170943040401e-14,0.013217761996979771,-0.14000211412795993,-0.7071072074683986,77.45101019199862,63.9755942627368,9.693949689629605,77.85090268122535,67.40855192314066,0.0,1,-8.881784197001252e-15,0.015571435409452494,-0.08963132241790905,-0.6022679643060238,78.47646307977476,-63.40847515623527,9.67944411688054,77.73348583732954,-59.998082976067735,0.0,1,1.2434497875801753e-14
5.1,5100000,right_front_slump,-4.0,-0.8552983875766048,68.14470161242339,0.9958048749961108,-0.023602769991868056,0.08679124063336159,0.016817869425491967,-4.0,-0.8552983875766048,68.14470161242339,35.56484552259787,7.419617190881894,0,feet,0.07187503297768494,-0.20885981806285825,-0.3346330355571512,-40.02403645290718,63.43325368698215,9.691018324706995,-39.63632673702084,59.98254951054347,0.0,1,-7.105427357601002e-15,0.07007269375505398,-0.17707776838916311,-0.2517903733290474,-39.33222979583461,-63.93509116209317,9.658700771145604,-39.48803325893248,-66.27374631292423,0.0,1,1.7763568394002505e-14,0.013423713775462698,-0.1404126859284065,-0.7082656658334701,77.44126432350325,63.98055712720211,9.695298911381514,77.85090268122535,67.40855192314066,0.0,1,-6.217248937900877e-14,0.015864710393133308,-0.08909047640845902,-0.6015224136451107,78.48554170493452,-63.40296878828825,9.680681432362803,77.73348583732954,-59.998082976067735,0.0,1,5.861977570020827e-14
5.108333333333333,5108333,right_front_slump,-4.0,-0.8697976162815576,68.13020238371844,0.9957915477652245,-0.02400272572292677,0.08677877917003911,0.0171028080433038,-4.0,-0.8697976162815576,68.13020238371844,35.56482849263863,7.401519717001634,0,feet,0.07311516527605422,-0.20891879308736705,-0.33552514879426987,-40.032675315891574,63.42832020892958,9.69242417587376,-39.63632673702084,59.98254951054347,0.0,1,8.881784197001252e-15,0.07125109410743846,-0.17657476468888467,-0.2512893652648862,-39.32920497112915,-63.93890614928152,9.659574431898378,-39.48803325893248,-66.27374631292423,0.0,1,1.7763568394002505e-14,0.013618411729132696,-0.14080523575088222,-0.709367216107295,77.43198605582657,63.98527647129701,9.696569853711424,77.85090268122535,67.40855192314066,0.0,1,1.7763568394002505e-14,0.016144013074217867,-0.0885767095765253,-0.6008126972394514,78.49417362799234,-63.39772469862917,9.681849960648506,77.73348583732954,-59.998082976067735,0.0,1,4.796163466380676e-14
5.116666666666666,5116667,right_front_slump,-4.0,-0.883532232674951,68.11646776732505,0.9957787168204665,-0.02438158227747493,0.08676678175898776,0.017372712978114296,-4.0,-0.883532232674951,68.11646776732505,35.564812360748995,7.384399633550402,0,feet,0.07429057757494029,-0.20897634868875992,-0.33636941908190154,-40.04085060390681,63.42363403231499,9.693751186307345,-39.63632673702084,59.98254951054347,0.0,1,-7.105427357601002e-15,0.07236705839147106,-0.17609926208426252,-0.25081435373680394,-39.32633429238116,-63.942514524361336,9.660398284354535,-39.48803325893248,-66.27374631292423,0.0,1,-1.2434497875801753e-14,0.013801751900809123,-0.1411788876888802,-0.7104103148928491,77.42319009294583,63.98974564206404,9.697762548156902,77.85090268122535,67.40855192314066,0.0,1,4.085620730620576e-14,0.01640888548939179,-0.08809066526681386,-0.600139930449425,78.50234684639261,-63.39275149671664,9.68294928215623,77.73348583732954,-59.998082976067735,0.0,1,-1.0658141036401503e-14
5.125,5125000,right_front_slump,-4.0,-0.896484375,68.103515625,0.9957664327870221,-0.0247388481028822,0.08675529573591997,0.017627234352685022,-4.0,-0.896484375,68.103515625,35.56479714790835,7.368275423177856,0,feet,0.07539963055037902,-0.20903213191544,-0.3371648796850386,-40.04855298071506,63.41920337192505,9.69499840474213,-39.63632673702084,59.98254951054347,0.0,1,1.9539925233402755e-14,0.07341918347257614,-0.17565171842890015,-0.25036602724634616,-39.32362239077674,-63.94591247909898,9.661171871397435,-39.48803325893248,-66.27374631292423,0.0,1,5.329070518200751e-15,0.013973671728145565,-0.14153286033829593,-0.7113936657746418,77.41488902135892,63.99395904519935,9.698877277935715,77.85090268122535,67.40855192314066,0.0,1,-1.9539925233402755e-14,0.016658933826327882,-0.08763287284396037,-0.599505066790329,78.51005129663999,-63.38805658668532,9.683979214345463,77.73348583732954,-59.998082976067735,0.0,1,1.7763568394002505e-14
5.133333333333334,5133333,right_front_slump,-4.0,-0.9086396247301424,68.09136037526986,0.995754742013427,-0.025074126622819895,0.0867443644376673,0.017866089952236684,-4.0,-0.9086396247301424,68.09136037526986,35.56478287105186,7.353161394040541,0,feet,0.07644098278596667,-0.2090858130165274,-0.33791077137187786,-40.05577512545985,63.415035199502114,9.696165187919476,-39.63632673702084,59.98254951054347,0.0,1,1.2434497875801753e-14,0.0744063445014369,-0.17523247746051496,-0.24994495266063188,-39.32107314479085,-63.94909708475804,9.661894923172298,-39.48803325893248,-66.27374631292423,0.0,1,1.9539925233402755e-14,0.014134150153613856,-0.14186647493372773,-0.7123162317367835,77.40709318658249,63.997912198737495,9.699914571217832,77.85090268122535,67.40855192314066,0.0,1,2.1316282072803006e-14,0.01689383230026742,-0.0872037428205159,-0.5989088886018656,78.51727894971143,-63.38364609452839,9.684939811121936,77.73348583732954,-59.998082976067735,0.0,1,2.6645352591003757e-14
5.141666666666667,5141667,right_front_slump,-4.0,-0.9199871787305518,68.08001282126945,0.9957436860444104,-0.025387120967944515,0.08673402670928869,0.018089068589682435,-4.0,-0.9199871787305518,68.08001282126945,35.56476954286827,7.339067506138079,0,feet,0.07741360673993425,-0.20913708915040186,-0.3386065515923562,-40.062511820078896,63.41113516245355,9.697251208945097,-39.63632673702084,59.98254951054347,0.0,1,3.907985046680551e-14,0.07532770837875002,-0.1748417645603202,-0.24955156855362626,-39.31868963537696,-63.9520663273396,9.66256736079226,-39.48803325893248,-66.27374631292423,0.0,1,4.263256414560601e-14,0.01428320785092918,-0.1421791632661411,-0.7131772476288929,77.39981057051362,64.00160178692353,9.700875195729495,77.85090268122535,67.40855192314066,0.0,1,2.4868995751603507e-14,0.017113326992337807,-0.08680356191021543,-0.5983519977775078,78.52402390685378,-63.37952479601491,9.685831363187035,77.73348583732954,-59.998082976067735,0.0,1,1.7763568394002505e-15
5.15,5150000,right_front_slump,-4.0,-0.9305200214196468,68.06947997858035,0.9957333011241983,-0.025677638707354705,0.0867243164396609,0.018296033471624257,-4.0,-0.9305200214196468,68.06947997858035,35.564757171597684,7.325999194259545,0,feet,0.07831680461455015,-0.2091856878429179,-0.3392519037737962,-40.06876003782619,63.40750750448286,9.69825646634468,-39.63632673702084,59.98254951054347,0.0,1,0.0,0.07618274726315288,-0.17447968236758848,-0.24918617861336667,-39.31647410200023,-63.95481914360161,9.66318930059846,-39.48803325893248,-66.27374631292423,0.0,1,1.0658141036401503e-14,0.014420907599472343,-0.14247047533759272,-0.7139762326872945,77.3930466698226,64.00502571429634,9.701760154975396,77.85090268122535,67.40855192314066,0.0,1,3.552713678800501e-14,0.01731723964296128,-0.08643248799043723,-0.5978348065647743,78.53028249586727,-63.37569604546483,9.686654399509273,77.73348583732954,-59.998082976067735,0.0,1,-5.684341886080802e-14
5.158333333333333,5158333,right_front_slump,-4.0,-0.9402350969306037,68.0597649030694,0.9957236177348324,-0.025945596581171574,0.08671526212980891,0.018486925565457762,-4.0,-0.9402350969306037,68.0597649030694,35.56474576082934,7.313957187028755,0,feet,0.07915022411169792,-0.2092313701584656,-0.3398467467510713,-40.07451903311464,63.404154988415485,9.699181293920226,-39.63632673702084,59.98254951054347,0.0,1,3.197442310920451e-14,0.07697125212890032,-0.17414620622831833,-0.24884894512269673,-39.314427899605306,-63.957355457989294,9.663761059056519,-39.48803325893248,-66.27374631292423,0.0,1,1.4210854715202004e-14,0.014547354836456972,-0.14274008671182825,-0.714713003118276,77.38680437552924,64.00818316000458,9.702570686342511,77.85090268122535,67.40855192314066,0.0,1,-5.1514348342607263e-14,0.017505471394208882,-0.08609054495887358,-0.5973575284466102,78.53605336796804,-63.37216170549485,9.687409690084607,77.73348583732954,-59.998082976067735,0.0,1,3.019806626980426e-14
5.166666666666667,5166667,right_front_slump,-4.0,-0.9491334812728677,68.05086651872713,0.9957146601736122,-0.0261910252345696,0.0867068864978182,0.018661766967908222,-4.0,-0.9491334812728677,68.05086651872713,35.56473530929942,7.302937321586981,0,feet,0.07991387405999051,-0.2092739335506968,-0.3403912443470092,-40.079790432872116,63.40107882146407,9.700026371496598,-39.63632673702084,59.98254951054347,0.0,1,-2.4868995751603507e-14,0.0776933463792231,-0.17384117945901822,-0.24853988252017434,-39.3125514565999,-63.95967622059788,9.664283158362089,-39.48803325893248,-66.27374631292423,0.0,1,5.329070518200751e-15,0.014662698414166009,-0.14298780552346146,-0.7153876847495328,77.38108385390247,64.01107463237396,9.703308261327841,77.85090268122535,67.40855192314066,0.0,1,-7.105427357601002e-15,0.017678006475588592,-0.0857776174708258,-0.5969201691130754,78.54133759531658,-63.368922077836885,9.68809825013426,77.73348583732954,-59.998082976067735,0.0,1,4.085620730620576e-14
5.175,5175000,right_front_slump,-4.0,-0.9572205544936631,68.04277944550634,0.9957064461732373,-0.026414073953554374,0.08669920612367223,0.01882066427529013,-4.0,-0.9572205544936631,68.04277944550634,35.564725810688834,7.292930353511409,0,feet,0.08060813990059357,-0.2093132143640659,-0.34088581511677196,-40.08457832958045,63.39827858314613,9.700792736639421,-39.63632673702084,59.98254951054347,0.0,1,1.0658141036401503e-14,0.07834949952053316,-0.17356430840911807,-0.24825885104688217,-39.31084423392255,-63.96178344627304,9.664756332820417,-39.48803325893248,-66.27374631292423,0.0,1,5.329070518200751e-15,0.014767131586442606,-0.14321357911321275,-0.7160007257549914,77.37588242880301,64.01370202374082,9.70397458809893,77.85090268122535,67.40855192314066,0.0,1,3.730349362740526e-14,0.0178349158285096,-0.08549344554522209,-0.5965225175313154,78.54613876928669,-63.365975835316135,9.68872134587211,77.73348583732954,-59.998082976067735,0.0,1,3.019806626980426e-14
5.183333333333334,5183333,right_front_slump,-4.0,-0.964506172839506,68.0354938271605,0.9956989865676008,-0.026615015402744226,0.0866922311367722,0.018963811955743884,-4.0,-0.964506172839506,68.0354938271605,35.564717253420994,7.283921761637558,0,feet,0.08123379902110495,-0.2093490899624313,-0.3413311422675198,-40.088889376141445,63.39575215602818,9.701481797406991,-39.63632673702084,59.98254951054347,0.0,1,-1.0658141036401503e-14,0.0789405409017383,-0.1733151573084366,-0.24800555048371065,-39.30930468525017,-63.96368025493676,9.665181536051676,-39.48803325893248,-66.27374631292423,0.0,1,1.9539925233402755e-14,0.0148608932448826,-0.1434175002622502,-0.7165529094573033,77.3711944655694,64.01606866556445,9.704571616564678,77.85090268122535,67.40855192314066,0.0,1,-3.552713678800501e-15,0.017976360665499236,-0.08523761902951232,-0.596164137120375,78.55046309953896,-63.36331995506081,9.689280501946548,77.73348583732954,-59.998082976067735,0.0,1,-5.1514348342607263e-14
5.191666666666666,5191667,right_front_slump,-4.0,-0.9710048409177138,68.02899515908229,0.9956922850054567,-0.0267942503653646,0.08668596494822015,0.019091495723655805,-4.0,-0.9710048409177138,68.02899515908229,35.56470962045964,7.275891547535352,0,feet,0.08179203592935069,-0.2093814804668419,-0.34172818376196457,-40.092732882679314,63.393495659426804,9.702095346187612,-39.63632673702084,59.98254951054347,0.0,1,5.3290705182007514e-14,0.07946767352189665,-0.1730931428895155,-0.24777951398243525,-39.30793021838392,-63.96537091320596,9.665559949062,-39.48803325893248,-66.27374631292423,0.0,1,2.4868995751603507e-14,0.01494426942071092,-0.14359981300518188,-0.7170453672111003,77.36701125652216,64.01817938382636,9.705101546088883,77.85090268122535,67.40855192314066,0.0,1,-5.1514348342607263e-14,0.01810259596129038,-0.08500957191587988,-0.5958443570357863,78.55431951394789,-63.36094965299563,9.689777510639217,77.73348583732954,-59.998082976067735,0.0,1,3.552713678800501e-15
5.2,5200000,right_front_slump,-4.0,-0.9767358838579168,68.02326411614209,0.9956863377133637,-0.026952312485609597,0.08668040402917342,0.019204095916413637,-4.0,-0.9767358838579168,68.02326411614209,35.56470288910657,7.268814029480652,0,feet,0.08228445726182043,-0.20941035009130982,-0.3420781826112016,-40.09612091535575,63.39150338614703,9.702635574650195,-39.63632673702084,59.98254951054347,0.0,1,-2.1316282072803006e-14,0.07993248790823504,-0.17289752877846443,-0.24758010199244973,-39.30671715783528,-63.966860877347806,9.6658929892048,-39.48803325893248,-66.27374631292423,0.0,1,-1.7763568394002505e-15,0.015017595063198996,-0.1437609180086299,-0.7174795913688516,77.36332090813373,64.02004055472004,9.705566835933311,77.85090268122535,67.40855192314066,0.0,1,5.329070518200751e-15,0.018213973873988376,-0.08480857650391593,-0.5955622635669955,78.5577197594154,-63.35885831965119,9.690214442869568,77.73348583732954,-59.998082976067735,0.0,1,5.861977570020827e-14
5.208333333333333,5208333,right_front_slump,-4.0,-0.9817236194735702,68.01827638052643,0.9956811333083737,-0.027089873013462766,0.08667553773571089,0.019302090873588494,-4.0,-0.9817236194735702,68.01827638052643,35.564697030799486,7.262657630868588,0,feet,0.08271310662471665,-0.20943570807293366,-0.34238267735870354,-40.09906839722886,63.389767742282984,9.703105089820504,-39.63632673702084,59.98254951054347,0.0,1,-2.842170943040401e-14,0.08033697606524104,-0.17272741965228589,-0.2474064962833813,-39.30566070861334,-63.96815683758871,9.666182320040448,-39.48803325893248,-66.27374631292423,0.0,1,5.329070518200751e-15,0.015081256099705342,-0.14390137751065968,-0.7178574483297155,77.36010822987899,64.02166016063065,9.705970218463776,77.85090268122535,67.40855192314066,0.0,1,4.263256414560601e-14,0.01831094709582448,-0.08463373740787894,-0.5953166916486015,78.56067850358598,-63.357037457297366,9.690593661023676,77.73348583732954,-59.998082976067735,0.0,1,4.263256414560601e-14
5.216666666666667,5216667,right_front_slump,-4.0,-0.9859975304234633,68.01400246957654,0.9956766526598982,-0.027207745552001197,0.0866713481796775,0.019386060318567096,-4.0,-0.9859975304234633,68.01400246957654,35.56469201090975,7.257384663131361,0,feet,0.08308047926917794,-0.20945760920116996,-0.34264351275330274,-40.101593211144326,63.38827919004123,9.703506931266453,-39.63632673702084,59.98254951054347,0.0,1,1.4210854715202004e-14,0.08068354549402823,-0.17258175516550267,-0.24725769406197928,-39.30475492119194,-63.969266763765326,9.666429862083184,-39.48803325893248,-66.27374631292423,0.0,1,-5.329070518200751e-15,0.015135691775972404,-0.14402191982565826,-0.718181191670126,77.35735462474852,64.02304784639892,9.706314715093853,77.85090268122535,67.40855192314066,0.0,1,-5.861977570020827e-14,0.01839407213443467,-0.08448398541001545,-0.595106216484004,78.56321343745675,-63.35547661838185,9.690917833584635,77.73348583732954,-59.998082976067735,0.0,1,1.9539925233402755e-14
5.225,5225000,right_front_slump,-4.0,-0.9895924363732376,68.01040756362676,0.9956728687990261,-0.027306890807134953,0.08666781014389667,0.01945668874258666,-4.0,-0.9895924363732376,68.01040756362676,35.564687788540205,7.25295110335216,0,feet,0.08338953660624515,-0.2094761539603871,-0.3428628506046043,-40.10371630459456,63.38702619347932,9.703844589355292,-39.63632673702084,59.98254951054347,0.0,1,-1.5987211554602254e-14,0.08097503327953026,-0.17245930365425632,-0.24713250217960336,-39.30399265760979,-63.97019995227264,9.666637804404601,-39.48803325893248,-66.27374631292423,0.0,1,1.9539925233402755e-14,0.015181397268249519,-0.1441234434295544,-0.718453475353031,77.35503798136541,64.02421497585648,9.706603654874073,77.85090268122535,67.40855192314066,0.0,1,-6.394884621840902e-14,0.0184640125271871,-0.08435807116512217,-0.594929145277479,78.56534537885574,-63.35416334522585,9.691189951501151,77.73348583732954,-59.998082976067735,0.0,1,5.861977570020827e-14
5.233333333333333,5233333,right_front_slump,-4.0,-0.9925486661568856,68.00745133384311,0.995669746872305,-0.027388421339655168,0.08666489103895275,0.019514768791047885,-4.0,-0.9925486661568856,68.00745133384311,35.56468431632291,7.249306366909494,0,feet,0.08364372057147929,-0.20949148831017528,-0.34304318080935037,-40.10546179642793,63.385995166972755,9.704122024514028,-39.63632673702084,59.98254951054347,0.0,1,-3.730349362740526e-14,0.0812147202412512,-0.17235865563200248,-0.24702953142431605,-39.30336555862786,-63.970967074229414,9.666808617038548,-39.48803325893248,-66.27374631292423,0.0,1,3.552713678800501e-15,0.015218926551110012,-0.14420702065160507,-0.7186773670106659,77.35313256760422,64.02517468861481,9.706840695561738,77.85090268122535,67.40855192314066,0.0,1,1.7763568394002505e-15,0.018521541992846835,-0.08425455876556187,-0.5947835090677906,78.56709837673486,-63.35308311089571,9.691413346184518,77.73348583732954,-59.998082976067735,0.0,1,2.6645352591003757e-14
5.241666666666666,5241667,right_front_slump,-4.0,-0.9949122299382724,68.00508777006172,0.9956672441355969,-0.027453606319386585,0.08666255089744386,0.019561204651904085,-4.0,-0.9949122299382724,68.00508777006172,35.564681540216974,7.2463930756412225,0,feet,0.08384696785392087,-0.2095038031392047,-0.34318733253190903,-40.10685708522934,63.3851704261404,9.70434368739317,-39.63632673702084,59.98254951054347,0.0,1,-2.4868995751603507e-14,0.08140634514132028,-0.172278217097396,-0.24694719088903083,-39.30286401183689,-63.97158022474224,9.666945064109207,-39.48803325893248,-66.27374631292423,0.0,1,3.552713678800501e-15,0.015248895496540626,-0.14427390101136917,-0.7188563612934833,77.35160892556496,64.02594195708055,9.707029846930823,77.85090268122535,67.40855192314066,0.0,1,3.907985046680551e-14,0.018567547526818107,-0.08417181918038619,-0.5946670546533066,78.5684998162006,-63.35221926113292,9.691591708973846,77.73348583732954,-59.998082976067735,0.0,1,-3.019806626980426e-14
5.25,5250000,right_front_slump,-4.0,-0.9967349913726419,68.00326500862735,0.9956653099821116,-0.02750387628115556,0.08666074240018772,0.01959701544584177,-4.0,-0.9967349913726419,68.00326500862735,35.56467939930634,7.24414682218783,0,feet,0.08400372400922196,-0.2095133334407433,-0.3432984855161836,-40.10793295913154,63.38453414086508,9.704514539801202,-39.63632673702084,59.98254951054347,0.0,1,-1.7763568394002505e-15,0.08155411894141551,-0.17221620268208948,-0.2468836824042917,-39.30247712057161,-63.972052973107886,9.667050217574769,-39.48803325893248,-66.27374631292423,0.0,1,2.3092638912203256e-14,0.015271985171025904,-0.1443255142529165,-0.7189943932753691,77.3504337677018,64.02653364366422,9.707175495993667,77.85090268122535,67.40855192314066,0.0,1,1.7763568394002505e-14,0.01860303244831707,-0.08410802358693337,-0.594577236595077,78.5695805241741,-63.351552957185795,9.691729111852155,77.73348583732954,-59.998082976067735,0.0,1,3.552713678800501e-15
5.258333333333334,5258333,right_front_slump,-4.0,-0.9980748397681329,68.00192516023186,0.9956638859970667,-0.027540827882203293,0.08665941092732367,0.019623338617886905,-4.0,-0.9980748397681329,68.00192516023186,35.564677825597556,7.242495931358164,0,feet,0.08411895748232867,-0.20952035727140572,-0.343380181499938,-40.108723706745714,63.384066289943995,9.704640076238952,-39.63632673702084,59.98254951054347,0.0,1,2.6645352591003757e-14,0.08166273909778266,-0.17217062867387067,-0.24683699502112066,-39.302192673449014,-63.97240041374869,9.667127471451167,-39.48803325893248,-66.27374631292423,0.0,1,2.3092638912203256e-14,0.015288945287880829,-0.14436347314291176,-0.7190958519025328,77.34956987385142,64.0269685581368,9.707282433715193,77.85090268122535,67.40855192314066,0.0,1,8.881784197001252e-15,0.018629119410172645,-0.08406113661852688,-0.5945112092806517,78.5703748755457,-63.35106311934092,9.691830029136952,77.73348583732954,-59.998082976067735,0.0,1,-4.440892098500626e-14
5.266666666666667,5266667,right_front_slump,-4.0,-0.9989958622472851,68.00100413775272,0.9956629060296475,-0.027566228660588016,0.08665849462558953,0.019641433329987253,-4.0,-0.9989958622472851,68.00100413775272,35.564676743817586,7.241361219559693,0,feet,0.08419817357106796,-0.20952519456919072,-0.3434363356956047,-40.10926722882985,63.38374461679527,9.704726345822806,-39.63632673702084,59.98254951054347,0.0,1,-1.7763568394002505e-15,0.0817374038810259,-0.1721393059589298,-0.2468048995258818,-39.30199711430523,-63.97263921762814,9.66718055634739,-39.48803325893248,-66.27374631292423,0.0,1,1.9539925233402755e-14,0.015300597762104129,-0.1443895761148668,-0.7191655934704486,77.34897598884653,64.02726751508088,9.707355882701762,77.85090268122535,67.40855192314066,0.0,1,-3.019806626980426e-14,0.018647053384467593,-0.08402890955730813,-0.5944658190272345,78.57092089965509,-63.35072637090665,9.69189935980475,77.73348583732954,-59.998082976067735,0.0,1,3.375077994860476e-14
5.275,5275000,right_front_slump,-4.0,-0.999568515908549,68.00043148409145,0.9956622962710232,-0.02758202179403708,0.08665792448125952,0.0196526838540384,-4.0,-0.999568515908549,68.00043148409145,35.564676071211565,7.240655753549248,0,feet,0.08424742836837318,-0.2095282059225374,-0.34347124829429676,-40.10960515023484,63.3835445855281,9.70477997434292,-39.63632673702084,59.98254951054347,0.0,1,1.0658141036401503e-14,0.08178382670462714,-0.1721198329360698,-0.24678494296533016,-39.30187551225602,-63.97278768384167,9.667213554109217,-39.48803325893248,-66.27374631292423,0.0,1,-7.105427357601002e-15,0.015307840304445541,-0.14440580985873064,-0.719208955109949,77.34860672033322,64.02745339137068,9.707401525241991,77.85090268122535,67.40855192314066,0.0,1,2.842170943040401e-14,0.018658204639974585,-0.08400887350726238,-0.5944375961984467,78.57126038689395,-63.35051698234828,9.69194245003493,77.73348583732954,-59.998082976067735,0.0,1,3.197442310920451e-14
5.283333333333333,5283333,right_front_slump,-4.0,-0.999869799987807,68.0001302000122,0.9956619753251144,-0.02759033085862415,0.08665762438630449,0.01965860296473722,-4.0,-0.999869799987807,68.0001302000122,35.56467571734063,7.240284609990454,0,feet,0.08427334272769071,-0.2095297913989702,-0.3434896159417522,-40.10978293158739,63.383439336554886,9.704808186154459,-39.63632673702084,59.98254951054347,0.0,1,4.263256414560601e-14,0.08180825044321383,-0.17210958846537983,-0.24677444315584962,-39.30181153155528,-63.97286579102319,9.667230912331625,-39.48803325893248,-66.27374631292423,0.0,1,4.618527782440651e-14,0.01531164998021417,-0.1444143519730301,-0.719231768260062,77.34841243634388,64.02755118360211,9.70742553096212,77.85090268122535,67.40855192314066,0.0,1,4.618527782440651e-14,0.01866407173031126,-0.0839983325887581,-0.5944227473041845,78.57143899519521,-63.35040681521827,9.69196511548816,77.73348583732954,-59.998082976067735,0.0,1,6.039613253960852e-14
5.291666666666667,5291667,right_front_slump,-4.0,-0.9999834280198696,68.00001657198013,0.9956618542566027,-0.027593464586559837,0.08665751118327471,0.019660835331560763,-4.0,-0.9999834280198696,68.00001657198013,35.56467558387968,7.240144637548909,0,feet,0.08428311630339191,-0.20953038955991854,-0.34349654312647004,-40.109849980082274,63.3833996407891,9.704818825551556,-39.63632673702084,59.98254951054347,0.0,1,0.0,0.08181746171845461,-0.17210572492427545,-0.24677048314641903,-39.3017874008694,-63.97289524815036,9.66723745845902,-39.48803325893248,-66.27374631292423,0.0,1,-1.9539925233402755e-14,0.015313086646578267,-0.14441757381602693,-0.7192403721012885,77.34833916210019,64.02758806538132,9.707434583241124,77.85090268122535,67.40855192314066,0.0,1,2.3092638912203256e-14,0.01866628451488639,-0.08399435720270398,-0.5944171470479915,78.57150635613141,-63.35036526546648,9.691973662748104,77.73348583732954,-59.998082976067735,0.0,1,1.7763568394002505e-15
5.3,5300000,right_front_slump,-4.0,-1.0,68.0,0.9956618365983234,-0.027593921622298206,0.08665749467220447,0.019661160909083267,-4.0,-1.0,68.0,35.56467556441519,7.240124223519835,0,feet,0.08428454172573474,-0.20953047680756232,-0.3434975534111864,-40.10985975866512,63.38339385132399,9.704820377219022,-39.63632673702084,59.98254951054347,0.0,1,5.1514348342607263e-14,0.08181880512713269,-0.1721051614549407,-0.2467699056000412,-39.301783881521864,-63.972899544268444,9.667238413152461,-39.48803325893248,-66.27374631292423,0.0,1,-3.552713678800501e-15,0.015313296169650048,-0.14441804371295808,-0.7192416269189539,77.3483284754439,64.02759344436492,9.707435903399727,77.85090268122535,67.40855192314066,0.0,1,4.796163466380676e-14,0.01866660723814695,-0.08399377741956959,-0.5944163302809224,78.57151618030767,-63.3503592056485,9.69197490927359,77.73348583732954,-59.998082976067735,0.0,1,4.085620730620576e-14
5.308333333333334,5308333,hold_right_slump,-4.0,-1.0,68.0,0.9956618365983234,-0.027593921622298206,0.08665749467220447,0.019661160909083267,-4.0,-1.0,68.0,35.56467556441519,7.240124223519835,0,feet,0.08428454172573474,-0.20953047680756232,-0.3434975534111864,-40.10985975866512,63.38339385132399,9.704820377219022,-39.63632673702084,59.98254951054347,0.0,1,5.1514348342607263e-14,0.08181880512713269,-0.1721051614549407,-0.2467699056000412,-39.301783881521864,-63.972899544268444,9.667238413152461,-39.48803325893248,-66.27374631292423,0.0,1,-3.552713678800501e-15,0.015313296169650048,-0.14441804371295808,-0.7192416269189539,77.3483284754439,64.02759344436492,9.707435903399727,77.85090268122535,67.40855192314066,0.0,1,4.796163466380676e-14,0.01866660723814695,-0.08399377741956959,-0.5944163302809224,78.57151618030767,-63.3503592056485,9.69197490927359,77.73348583732954,-59.998082976067735,0.0,1,4.085620730620576e-14
5.316666666666666,5316667,hold_right_slump,-4.0,-1.0,68.0,0.9956618365983234,-0.027593921622298206,0.08665749467220447,0.019661160909083267,-4.0,-1.0,68.0,35.56467556441519,7.240124223519835,0,feet,0.08428454172573474,-0.20953047680756232,-0.3434975534111864,-40.10985975866512,63.38339385132399,9.704820377219022,-39.63632673702084,59.98254951054347,0.0,1,5.1514348342607263e-14,0.08181880512713269,-0.1721051614549407,-0.2467699056000412,-39.301783881521864,-63.972899544268444,9.667238413152461,-39.48803325893248,-66.27374631292423,0.0,1,-3.552713678800501e-15,0.015313296169650048,-0.14441804371295808,-0.7192416269189539,77.3483284754439,64.02759344436492,9.707435903399727,77.85090268122535,67.40855192314066,0.0,1,4.796163466380676e-14,0.01866660723814695,-0.08399377741956959,-0.5944163302809224,78.57151618030767,-63.3503592056485,9.69197490927359,77.73348583732954,-59.998082976067735,0.0,1,4.085620730620576e-14
5.325,5325000,hold_right_slump,-4.0,-1.0,68.0,0.9956618365983234,-0.027593921622298206,0.08665749467220447,0.019661160909083267,-4.0,-1.0,68.0,35.56467556441519,7.240124223519835,0,feet,0.08428454172573474,-0.20953047680756232,-0.3434975534111864,-40.10985975866512,63.38339385132399,9.704820377219022,-39.63632673702084,59.98254951054347,0.0,1,5.1514348342607263e-14,0.08181880512713269,-0.1721051614549407,-0.2467699056000412,-39.301783881521864,-63.972899544268444,9.667238413152461,-39.48803325893248,-66.27374631292423,0.0,1,-3.552713678800501e-15,0.015313296169650048,-0.14441804371295808,-0.7192416269189539,77.3483284754439,64.02759344436492,9.707435903399727,77.85090268122535,67.40855192314066,0.0,1,4.796163466380676e-14,0.01866660723814695,-0.08399377741956959,-0.5944163302809224,78.57151618030767,-63.3503592056485,9.69197490927359,77.73348583732954,-59.998082976067735,0.0,1,4.085620730620576e-14
5.333333333333333,5333333,hold_right_slump,-4.0,-1.0,68.0,0.9956618365983234,-0.027593921622298206,0.08665749467220447,0.019661160909083267,-4.0,-1.0,68.0,35.56467556441519,7.240124223519835,0,feet,0.08428454172573474,-0.20953047680756232,-0.3434975534111864,-40.10985975866512,63.38339385132399,9.704820377219022,-39.63632673702084,59.98254951054347,0.0,1,5.1514348342607263e-14,0.08181880512713269,-0.1721051614549407,-0.2467699056000412,-39.301783881521864,-63.972899544268444,9.667238413152461,-39.48803325893248,-66.27374631292423,0.0,1,-3.552713678800501e-15,0.015313296169650048,-0.14441804371295808,-0.7192416269189539,77.3483284754439,64.02759344436492,9.707435903399727,77.85090268122535,67.40855192314066,0.0,1,4.796163466380676e-14,0.01866660723814695,-0.08399377741956959,-0.5944163302809224,78.57151618030767,-63.3503592056485,9.69197490927359,77.73348583732954,-59.998082976067735,0.0,1,4.085620730620576e-14
5.341666666666667,5341667,hold_right_slump,-4.0,-1.0,68.0,0.9956618365983234,-0.027593921622298206,0.08665749467220447,0.019661160909083267,-4.0,-1.0,68.0,35.56467556441519,7.240124223519835,0,feet,0.08428454172573474,-0.20953047680756232,-0.3434975534111864,-40.10985975866512,63.38339385132399,9.704820377219022,-39.63632673702084,59.98254951054347,0.0,1,5.1514348342607263e-14,0.08181880512713269,-0.1721051614549407,-0.2467699056000412,-39.301783881521864,-63.972899544268444,9.667238413152461,-39.48803325893248,-66.27374631292423,0.0,1,-3.552713678800501e-15,0.015313296169650048,-0.14441804371295808,-0.7192416269189539,77.3483284754439,64.02759344436492,9.707435903399727,77.85090268122535,67.40855192314066,0.0,1,4.796163466380676e-14,0.01866660723814695,-0.08399377741956959,-0.5944163302809224,78.57151618030767,-63.3503592056485,9.69197490927359,77.73348583732954,-59.998082976067735,0.0,1,4.085620730620576e-14
5.35,5350000,hold_right_slump,-4.0,-1.0,68.0,0.9956618365983234,-0.027593921622298206,0.08665749467220447,0.019661160909083267,-4.0,-1.0,68.0,35.56467556441519,7.240124223519835,0,feet,0.08428454172573474,-0.20953047680756232,-0.3434975534111864,-40.10985975866512,63.38339385132399,9.704820377219022,-39.63632673702084,59.98254951054347,0.0,1,5.1514348342607263e-14,0.08181880512713269,-0.1721051614549407,-0.2467699056000412,-39.301783881521864,-63.972899544268444,9.667238413152461,-39.48803325893248,-66.27374631292423,0.0,1,-3.552713678800501e-15,0.015313296169650048,-0.14441804371295808,-0.7192416269189539,77.3483284754439,64.02759344436492,9.707435903399727,77.85090268122535,67.40855192314066,0.0,1,4.796163466380676e-14,0.01866660723814695,-0.08399377741956959,-0.5944163302809224,78.57151618030767,-63.3503592056485,9.69197490927359,77.73348583732954,-59.998082976067735,0.0,1,4.085620730620576e-14
5.358333333333333,5358333,hold_right_slump,-4.0,-1.0,68.0,0.9956618365983234,-0.027593921622298206,0.08665749467220447,0.019661160909083267,-4.0,-1.0,68.0,35.56467556441519,7.240124223519835,0,feet,0.08428454172573474,-0.20953047680756232,-0.3434975534111864,-40.10985975866512,63.38339385132399,9.704820377219022,-39.63632673702084,59.98254951054347,0.0,1,5.1514348342607263e-14,0.08181880512713269,-0.1721051614549407,-0.2467699056000412,-39.301783881521864,-63.972899544268444,9.667238413152461,-39.48803325893248,-66.27374631292423,0.0,1,-3.552713678800501e-15,0.015313296169650048,-0.14441804371295808,-0.7192416269189539,77.3483284754439,64.02759344436492,9.707435903399727,77.85090268122535,67.40855192314066,0.0,1,4.796163466380676e-14,0.01866660723814695,-0.08399377741956959,-0.5944163302809224,78.57151618030767,-63.3503592056485,9.69197490927359,77.73348583732954,-59.998082976067735,0.0,1,4.085620730620576e-14
5.366666666666666,5366667,hold_right_slump,-4.0,-1.0,68.0,0.9956618365983234,-0.027593921622298206,0.08665749467220447,0.019661160909083267,-4.0,-1.0,68.0,35.56467556441519,7.240124223519835,0,feet,0.08428454172573474,-0.20953047680756232,-0.3434975534111864,-40.10985975866512,63.38339385132399,9.704820377219022,-39.63632673702084,59.98254951054347,0.0,1,5.1514348342607263e-14,0.08181880512713269,-0.1721051614549407,-0.2467699056000412,-39.301783881521864,-63.972899544268444,9.667238413152461,-39.48803325893248,-66.27374631292423,0.0,1,-3.552713678800501e-15,0.015313296169650048,-0.14441804371295808,-0.7192416269189539,77.3483284754439,64.02759344436492,9.707435903399727,77.85090268122535,67.40855192314066,0.0,1,4.796163466380676e-14,0.01866660723814695,-0.08399377741956959,-0.5944163302809224,78.57151618030767,-63.3503592056485,9.69197490927359,77.73348583732954,-59.998082976067735,0.0,1,4.085620730620576e-14
5.375,5375000,hold_right_slump,-4.0,-1.0,68.0,0.9956618365983234,-0.027593921622298206,0.08665749467220447,0.019661160909083267,-4.0,-1.0,68.0,35.56467556441519,7.240124223519835,0,feet,0.08428454172573474,-0.20953047680756232,-0.3434975534111864,-40.10985975866512,63.38339385132399,9.704820377219022,-39.63632673702084,59.98254951054347,0.0,1,5.1514348342607263e-14,0.08181880512713269,-0.1721051614549407,-0.2467699056000412,-39.301783881521864,-63.972899544268444,9.667238413152461,-39.48803325893248,-66.27374631292423,0.0,1,-3.552713678800501e-15,0.015313296169650048,-0.14441804371295808,-0.7192416269189539,77.3483284754439,64.02759344436492,9.707435903399727,77.85090268122535,67.40855192314066,0.0,1,4.796163466380676e-14,0.01866660723814695,-0.08399377741956959,-0.5944163302809224,78.57151618030767,-63.3503592056485,9.69197490927359,77.73348583732954,-59.998082976067735,0.0,1,4.085620730620576e-14
5.383333333333334,5383333,hold_right_slump,-4.0,-1.0,68.0,0.9956618365983234,-0.027593921622298206,0.08665749467220447,0.019661160909083267,-4.0,-1.0,68.0,35.56467556441519,7.240124223519835,0,feet,0.08428454172573474,-0.20953047680756232,-0.3434975534111864,-40.10985975866512,63.38339385132399,9.704820377219022,-39.63632673702084,59.98254951054347,0.0,1,5.1514348342607263e-14,0.08181880512713269,-0.1721051614549407,-0.2467699056000412,-39.301783881521864,-63.972899544268444,9.667238413152461,-39.48803325893248,-66.27374631292423,0.0,1,-3.552713678800501e-15,0.015313296169650048,-0.14441804371295808,-0.7192416269189539,77.3483284754439,64.02759344436492,9.707435903399727,77.85090268122535,67.40855192314066,0.0,1,4.796163466380676e-14,0.01866660723814695,-0.08399377741956959,-0.5944163302809224,78.57151618030767,-63.3503592056485,9.69197490927359,77.73348583732954,-59.998082976067735,0.0,1,4.085620730620576e-14
5.391666666666667,5391667,hold_right_slump,-4.0,-1.0,68.0,0.9956618365983234,-0.027593921622298206,0.08665749467220447,0.019661160909083267,-4.0,-1.0,68.0,35.56467556441519,7.240124223519835,0,feet,0.08428454172573474,-0.20953047680756232,-0.3434975534111864,-40.10985975866512,63.38339385132399,9.704820377219022,-39.63632673702084,59.98254951054347,0.0,1,5.1514348342607263e-14,0.08181880512713269,-0.1721051614549407,-0.2467699056000412,-39.301783881521864,-63.972899544268444,9.667238413152461,-39.48803325893248,-66.27374631292423,0.0,1,-3.552713678800501e-15,0.015313296169650048,-0.14441804371295808,-0.7192416269189539,77.3483284754439,64.02759344436492,9.707435903399727,77.85090268122535,67.40855192314066,0.0,1,4.796163466380676e-14,0.01866660723814695,-0.08399377741956959,-0.5944163302809224,78.57151618030767,-63.3503592056485,9.69197490927359,77.73348583732954,-59.998082976067735,0.0,1,4.085620730620576e-14
5.4,5400000,hold_right_slump,-4.0,-1.0,68.0,0.9956618365983234,-0.027593921622298206,0.08665749467220447,0.019661160909083267,-4.0,-1.0,68.0,35.56467556441519,7.240124223519835,0,feet,0.08428454172573474,-0.20953047680756232,-0.3434975534111864,-40.10985975866512,63.38339385132399,9.704820377219022,-39.63632673702084,59.98254951054347,0.0,1,5.1514348342607263e-14,0.08181880512713269,-0.1721051614549407,-0.2467699056000412,-39.301783881521864,-63.972899544268444,9.667238413152461,-39.48803325893248,-66.27374631292423,0.0,1,-3.552713678800501e-15,0.015313296169650048,-0.14441804371295808,-0.7192416269189539,77.3483284754439,64.02759344436492,9.707435903399727,77.85090268122535,67.40855192314066,0.0,1,4.796163466380676e-14,0.01866660723814695,-0.08399377741956959,-0.5944163302809224,78.57151618030767,-63.3503592056485,9.69197490927359,77.73348583732954,-59.998082976067735,0.0,1,4.085620730620576e-14
5.408333333333333,5408333,hold_right_slump,-4.0,-1.0,68.0,0.9956618365983234,-0.027593921622298206,0.08665749467220447,0.019661160909083267,-4.0,-1.0,68.0,35.56467556441519,7.240124223519835,0,feet,0.08428454172573474,-0.20953047680756232,-0.3434975534111864,-40.10985975866512,63.38339385132399,9.704820377219022,-39.63632673702084,59.98254951054347,0.0,1,5.1514348342607263e-14,0.08181880512713269,-0.1721051614549407,-0.2467699056000412,-39.301783881521864,-63.972899544268444,9.667238413152461,-39.48803325893248,-66.27374631292423,0.0,1,-3.552713678800501e-15,0.015313296169650048,-0.14441804371295808,-0.7192416269189539,77.3483284754439,64.02759344436492,9.707435903399727,77.85090268122535,67.40855192314066,0.0,1,4.796163466380676e-14,0.01866660723814695,-0.08399377741956959,-0.5944163302809224,78.57151618030767,-63.3503592056485,9.69197490927359,77.73348583732954,-59.998082976067735,0.0,1,4.085620730620576e-14
5.416666666666667,5416667,hold_right_slump,-4.0,-1.0,68.0,0.9956618365983234,-0.027593921622298206,0.08665749467220447,0.019661160909083267,-4.0,-1.0,68.0,35.56467556441519,7.240124223519835,0,feet,0.08428454172573474,-0.20953047680756232,-0.3434975534111864,-40.10985975866512,63.38339385132399,9.704820377219022,-39.63632673702084,59.98254951054347,0.0,1,5.1514348342607263e-14,0.08181880512713269,-0.1721051614549407,-0.2467699056000412,-39.301783881521864,-63.972899544268444,9.667238413152461,-39.48803325893248,-66.27374631292423,0.0,1,-3.552713678800501e-15,0.015313296169650048,-0.14441804371295808,-0.7192416269189539,77.3483284754439,64.02759344436492,9.707435903399727,77.85090268122535,67.40855192314066,0.0,1,4.796163466380676e-14,0.01866660723814695,-0.08399377741956959,-0.5944163302809224,78.57151618030767,-63.3503592056485,9.69197490927359,77.73348583732954,-59.998082976067735,0.0,1,4.085620730620576e-14
5.425,5425000,hold_right_slump,-4.0,-1.0,68.0,0.9956618365983234,-0.027593921622298206,0.08665749467220447,0.019661160909083267,-4.0,-1.0,68.0,35.56467556441519,7.240124223519835,0,feet,0.08428454172573474,-0.20953047680756232,-0.3434975534111864,-40.10985975866512,63.38339385132399,9.704820377219022,-39.63632673702084,59.98254951054347,0.0,1,5.1514348342607263e-14,0.08181880512713269,-0.1721051614549407,-0.2467699056000412,-39.301783881521864,-63.972899544268444,9.667238413152461,-39.48803325893248,-66.27374631292423,0.0,1,-3.552713678800501e-15,0.015313296169650048,-0.14441804371295808,-0.7192416269189539,77.3483284754439,64.02759344436492,9.707435903399727,77.85090268122535,67.40855192314066,0.0,1,4.796163466380676e-14,0.01866660723814695,-0.08399377741956959,-0.5944163302809224,78.57151618030767,-63.3503592056485,9.69197490927359,77.73348583732954,-59.998082976067735,0.0,1,4.085620730620576e-14
5.433333333333334,5433333,hold_right_slump,-4.0,-1.0,68.0,0.9956618365983234,-0.027593921622298206,0.08665749467220447,0.019661160909083267,-4.0,-1.0,68.0,35.56467556441519,7.240124223519835,0,feet,0.08428454172573474,-0.20953047680756232,-0.3434975534111864,-40.10985975866512,63.38339385132399,9.704820377219022,-39.63632673702084,59.98254951054347,0.0,1,5.1514348342607263e-14,0.08181880512713269,-0.1721051614549407,-0.2467699056000412,-39.301783881521864,-63.972899544268444,9.667238413152461,-39.48803325893248,-66.27374631292423,0.0,1,-3.552713678800501e-15,0.015313296169650048,-0.14441804371295808,-0.7192416269189539,77.3483284754439,64.02759344436492,9.707435903399727,77.85090268122535,67.40855192314066,0.0,1,4.796163466380676e-14,0.01866660723814695,-0.08399377741956959,-0.5944163302809224,78.57151618030767,-63.3503592056485,9.69197490927359,77.73348583732954,-59.998082976067735,0.0,1,4.085620730620576e-14
5.441666666666666,5441667,hold_right_slump,-4.0,-1.0,68.0,0.9956618365983234,-0.027593921622298206,0.08665749467220447,0.019661160909083267,-4.0,-1.0,68.0,35.56467556441519,7.240124223519835,0,feet,0.08428454172573474,-0.20953047680756232,-0.3434975534111864,-40.10985975866512,63.38339385132399,9.704820377219022,-39.63632673702084,59.98254951054347,0.0,1,5.1514348342607263e-14,0.08181880512713269,-0.1721051614549407,-0.2467699056000412,-39.301783881521864,-63.972899544268444,9.667238413152461,-39.48803325893248,-66.27374631292423,0.0,1,-3.552713678800501e-15,0.015313296169650048,-0.14441804371295808,-0.7192416269189539,77.3483284754439,64.02759344436492,9.707435903399727,77.85090268122535,67.40855192314066,0.0,1,4.796163466380676e-14,0.01866660723814695,-0.08399377741956959,-0.5944163302809224,78.57151618030767,-63.3503592056485,9.69197490927359,77.73348583732954,-59.998082976067735,0.0,1,4.085620730620576e-14
5.45,5450000,hold_right_slump,-4.0,-1.0,68.0,0.9956618365983234,-0.027593921622298206,0.08665749467220447,0.019661160909083267,-4.0,-1.0,68.0,35.56467556441519,7.240124223519835,0,feet,0.08428454172573474,-0.20953047680756232,-0.3434975534111864,-40.10985975866512,63.38339385132399,9.704820377219022,-39.63632673702084,59.98254951054347,0.0,1,5.1514348342607263e-14,0.08181880512713269,-0.1721051614549407,-0.2467699056000412,-39.301783881521864,-63.972899544268444,9.667238413152461,-39.48803325893248,-66.27374631292423,0.0,1,-3.552713678800501e-15,0.015313296169650048,-0.14441804371295808,-0.7192416269189539,77.3483284754439,64.02759344436492,9.707435903399727,77.85090268122535,67.40855192314066,0.0,1,4.796163466380676e-14,0.01866660723814695,-0.08399377741956959,-0.5944163302809224,78.57151618030767,-63.3503592056485,9.69197490927359,77.73348583732954,-59.998082976067735,0.0,1,4.085620730620576e-14
5.458333333333333,5458333,hold_right_slump,-4.0,-1.0,68.0,0.9956618365983234,-0.027593921622298206,0.08665749467220447,0.019661160909083267,-4.0,-1.0,68.0,35.56467556441519,7.240124223519835,0,feet,0.08428454172573474,-0.20953047680756232,-0.3434975534111864,-40.10985975866512,63.38339385132399,9.704820377219022,-39.63632673702084,59.98254951054347,0.0,1,5.1514348342607263e-14,0.08181880512713269,-0.1721051614549407,-0.2467699056000412,-39.301783881521864,-63.972899544268444,9.667238413152461,-39.48803325893248,-66.27374631292423,0.0,1,-3.552713678800501e-15,0.015313296169650048,-0.14441804371295808,-0.7192416269189539,77.3483284754439,64.02759344436492,9.707435903399727,77.85090268122535,67.40855192314066,0.0,1,4.796163466380676e-14,0.01866660723814695,-0.08399377741956959,-0.5944163302809224,78.57151618030767,-63.3503592056485,9.69197490927359,77.73348583732954,-59.998082976067735,0.0,1,4.085620730620576e-14
5.466666666666667,5466667,hold_right_slump,-4.0,-1.0,68.0,0.9956618365983234,-0.027593921622298206,0.08665749467220447,0.019661160909083267,-4.0,-1.0,68.0,35.56467556441519,7.240124223519835,0,feet,0.08428454172573474,-0.20953047680756232,-0.3434975534111864,-40.10985975866512,63.38339385132399,9.704820377219022,-39.63632673702084,59.98254951054347,0.0,1,5.1514348342607263e-14,0.08181880512713269,-0.1721051614549407,-0.2467699056000412,-39.301783881521864,-63.972899544268444,9.667238413152461,-39.48803325893248,-66.27374631292423,0.0,1,-3.552713678800501e-15,0.015313296169650048,-0.14441804371295808,-0.7192416269189539,77.3483284754439,64.02759344436492,9.707435903399727,77.85090268122535,67.40855192314066,0.0,1,4.796163466380676e-14,0.01866660723814695,-0.08399377741956959,-0.5944163302809224,78.57151618030767,-63.3503592056485,9.69197490927359,77.73348583732954,-59.998082976067735,0.0,1,4.085620730620576e-14
5.475,5475000,hold_right_slump,-4.0,-1.0,68.0,0.9956618365983234,-0.027593921622298206,0.08665749467220447,0.019661160909083267,-4.0,-1.0,68.0,35.56467556441519,7.240124223519835,0,feet,0.08428454172573474,-0.20953047680756232,-0.3434975534111864,-40.10985975866512,63.38339385132399,9.704820377219022,-39.63632673702084,59.98254951054347,0.0,1,5.1514348342607263e-14,0.08181880512713269,-0.1721051614549407,-0.2467699056000412,-39.301783881521864,-63.972899544268444,9.667238413152461,-39.48803325893248,-66.27374631292423,0.0,1,-3.552713678800501e-15,0.015313296169650048,-0.14441804371295808,-0.7192416269189539,77.3483284754439,64.02759344436492,9.707435903399727,77.85090268122535,67.40855192314066,0.0,1,4.796163466380676e-14,0.01866660723814695,-0.08399377741956959,-0.5944163302809224,78.57151618030767,-63.3503592056485,9.69197490927359,77.73348583732954,-59.998082976067735,0.0,1,4.085620730620576e-14
5.483333333333333,5483333,hold_right_slump,-4.0,-1.0,68.0,0.9956618365983234,-0.027593921622298206,0.08665749467220447,0.019661160909083267,-4.0,-1.0,68.0,35.56467556441519,7.240124223519835,0,feet,0.08428454172573474,-0.20953047680756232,-0.3434975534111864,-40.10985975866512,63.38339385132399,9.704820377219022,-39.63632673702084,59.98254951054347,0.0,1,5.1514348342607263e-14,0.08181880512713269,-0.1721051614549407,-0.2467699056000412,-39.301783881521864,-63.972899544268444,9.667238413152461,-39.48803325893248,-66.27374631292423,0.0,1,-3.552713678800501e-15,0.015313296169650048,-0.14441804371295808,-0.7192416269189539,77.3483284754439,64.02759344436492,9.707435903399727,77.85090268122535,67.40855192314066,0.0,1,4.796163466380676e-14,0.01866660723814695,-0.08399377741956959,-0.5944163302809224,78.57151618030767,-63.3503592056485,9.69197490927359,77.73348583732954,-59.998082976067735,0.0,1,4.085620730620576e-14
5.491666666666666,5491667,hold_right_slump,-4.0,-1.0,68.0,0.9956618365983234,-0.027593921622298206,0.08665749467220447,0.019661160909083267,-4.0,-1.0,68.0,35.56467556441519,7.240124223519835,0,feet,0.08428454172573474,-0.20953047680756232,-0.3434975534111864,-40.10985975866512,63.38339385132399,9.704820377219022,-39.63632673702084,59.98254951054347,0.0,1,5.1514348342607263e-14,0.08181880512713269,-0.1721051614549407,-0.2467699056000412,-39.301783881521864,-63.972899544268444,9.667238413152461,-39.48803325893248,-66.27374631292423,0.0,1,-3.552713678800501e-15,0.015313296169650048,-0.14441804371295808,-0.7192416269189539,77.3483284754439,64.02759344436492,9.707435903399727,77.85090268122535,67.40855192314066,0.0,1,4.796163466380676e-14,0.01866660723814695,-0.08399377741956959,-0.5944163302809224,78.57151618030767,-63.3503592056485,9.69197490927359,77.73348583732954,-59.998082976067735,0.0,1,4.085620730620576e-14
5.5,5500000,hold_right_slump,-4.0,-1.0,68.0,0.9956618365983234,-0.027593921622298206,0.08665749467220447,0.019661160909083267,-4.0,-1.0,68.0,35.56467556441519,7.240124223519835,0,feet,0.08428454172573474,-0.20953047680756232,-0.3434975534111864,-40.10985975866512,63.38339385132399,9.704820377219022,-39.63632673702084,59.98254951054347,0.0,1,5.1514348342607263e-14,0.08181880512713269,-0.1721051614549407,-0.2467699056000412,-39.301783881521864,-63.972899544268444,9.667238413152461,-39.48803325893248,-66.27374631292423,0.0,1,-3.552713678800501e-15,0.015313296169650048,-0.14441804371295808,-0.7192416269189539,77.3483284754439,64.02759344436492,9.707435903399727,77.85090268122535,67.40855192314066,0.0,1,4.796163466380676e-14,0.01866660723814695,-0.08399377741956959,-0.5944163302809224,78.57151618030767,-63.3503592056485,9.69197490927359,77.73348583732954,-59.998082976067735,0.0,1,4.085620730620576e-14
5.508333333333334,5508333,hold_right_slump,-4.0,-1.0,68.0,0.9956618365983234,-0.027593921622298206,0.08665749467220447,0.019661160909083267,-4.0,-1.0,68.0,35.56467556441519,7.240124223519835,0,feet,0.08428454172573474,-0.20953047680756232,-0.3434975534111864,-40.10985975866512,63.38339385132399,9.704820377219022,-39.63632673702084,59.98254951054347,0.0,1,5.1514348342607263e-14,0.08181880512713269,-0.1721051614549407,-0.2467699056000412,-39.301783881521864,-63.972899544268444,9.667238413152461,-39.48803325893248,-66.27374631292423,0.0,1,-3.552713678800501e-15,0.015313296169650048,-0.14441804371295808,-0.7192416269189539,77.3483284754439,64.02759344436492,9.707435903399727,77.85090268122535,67.40855192314066,0.0,1,4.796163466380676e-14,0.01866660723814695,-0.08399377741956959,-0.5944163302809224,78.57151618030767,-63.3503592056485,9.69197490927359,77.73348583732954,-59.998082976067735,0.0,1,4.085620730620576e-14
5.516666666666667,5516667,hold_right_slump,-4.0,-1.0,68.0,0.9956618365983234,-0.027593921622298206,0.08665749467220447,0.019661160909083267,-4.0,-1.0,68.0,35.56467556441519,7.240124223519835,0,feet,0.08428454172573474,-0.20953047680756232,-0.3434975534111864,-40.10985975866512,63.38339385132399,9.704820377219022,-39.63632673702084,59.98254951054347,0.0,1,5.1514348342607263e-14,0.08181880512713269,-0.1721051614549407,-0.2467699056000412,-39.301783881521864,-63.972899544268444,9.667238413152461,-39.48803325893248,-66.27374631292423,0.0,1,-3.552713678800501e-15,0.015313296169650048,-0.14441804371295808,-0.7192416269189539,77.3483284754439,64.02759344436492,9.707435903399727,77.85090268122535,67.40855192314066,0.0,1,4.796163466380676e-14,0.01866660723814695,-0.08399377741956959,-0.5944163302809224,78.57151618030767,-63.3503592056485,9.69197490927359,77.73348583732954,-59.998082976067735,0.0,1,4.085620730620576e-14
5.525,5525000,hold_right_slump,-4.0,-1.0,68.0,0.9956618365983234,-0.027593921622298206,0.08665749467220447,0.019661160909083267,-4.0,-1.0,68.0,35.56467556441519,7.240124223519835,0,feet,0.08428454172573474,-0.20953047680756232,-0.3434975534111864,-40.10985975866512,63.38339385132399,9.704820377219022,-39.63632673702084,59.98254951054347,0.0,1,5.1514348342607263e-14,0.08181880512713269,-0.1721051614549407,-0.2467699056000412,-39.301783881521864,-63.972899544268444,9.667238413152461,-39.48803325893248,-66.27374631292423,0.0,1,-3.552713678800501e-15,0.015313296169650048,-0.14441804371295808,-0.7192416269189539,77.3483284754439,64.02759344436492,9.707435903399727,77.85090268122535,67.40855192314066,0.0,1,4.796163466380676e-14,0.01866660723814695,-0.08399377741956959,-0.5944163302809224,78.57151618030767,-63.3503592056485,9.69197490927359,77.73348583732954,-59.998082976067735,0.0,1,4.085620730620576e-14
5.533333333333333,5533333,hold_right_slump,-4.0,-1.0,68.0,0.9956618365983234,-0.027593921622298206,0.08665749467220447,0.019661160909083267,-4.0,-1.0,68.0,35.56467556441519,7.240124223519835,0,feet,0.08428454172573474,-0.20953047680756232,-0.3434975534111864,-40.10985975866512,63.38339385132399,9.704820377219022,-39.63632673702084,59.98254951054347,0.0,1,5.1514348342607263e-14,0.08181880512713269,-0.1721051614549407,-0.2467699056000412,-39.301783881521864,-63.972899544268444,9.667238413152461,-39.48803325893248,-66.27374631292423,0.0,1,-3.552713678800501e-15,0.015313296169650048,-0.14441804371295808,-0.7192416269189539,77.3483284754439,64.02759344436492,9.707435903399727,77.85090268122535,67.40855192314066,0.0,1,4.796163466380676e-14,0.01866660723814695,-0.08399377741956959,-0.5944163302809224,78.57151618030767,-63.3503592056485,9.69197490927359,77.73348583732954,-59.998082976067735,0.0,1,4.085620730620576e-14
5.541666666666667,5541667,hold_right_slump,-4.0,-1.0,68.0,0.9956618365983234,-0.027593921622298206,0.08665749467220447,0.019661160909083267,-4.0,-1.0,68.0,35.56467556441519,7.240124223519835,0,feet,0.08428454172573474,-0.20953047680756232,-0.3434975534111864,-40.10985975866512,63.38339385132399,9.704820377219022,-39.63632673702084,59.98254951054347,0.0,1,5.1514348342607263e-14,0.08181880512713269,-0.1721051614549407,-0.2467699056000412,-39.301783881521864,-63.972899544268444,9.667238413152461,-39.48803325893248,-66.27374631292423,0.0,1,-3.552713678800501e-15,0.015313296169650048,-0.14441804371295808,-0.7192416269189539,77.3483284754439,64.02759344436492,9.707435903399727,77.85090268122535,67.40855192314066,0.0,1,4.796163466380676e-14,0.01866660723814695,-0.08399377741956959,-0.5944163302809224,78.57151618030767,-63.3503592056485,9.69197490927359,77.73348583732954,-59.998082976067735,0.0,1,4.085620730620576e-14
5.55,5550000,hold_right_slump,-4.0,-1.0,68.0,0.9956618365983234,-0.027593921622298206,0.08665749467220447,0.019661160909083267,-4.0,-1.0,68.0,35.56467556441519,7.240124223519835,0,feet,0.08428454172573474,-0.20953047680756232,-0.3434975534111864,-40.10985975866512,63.38339385132399,9.704820377219022,-39.63632673702084,59.98254951054347,0.0,1,5.1514348342607263e-14,0.08181880512713269,-0.1721051614549407,-0.2467699056000412,-39.301783881521864,-63.972899544268444,9.667238413152461,-39.48803325893248,-66.27374631292423,0.0,1,-3.552713678800501e-15,0.015313296169650048,-0.14441804371295808,-0.7192416269189539,77.3483284754439,64.02759344436492,9.707435903399727,77.85090268122535,67.40855192314066,0.0,1,4.796163466380676e-14,0.01866660723814695,-0.08399377741956959,-0.5944163302809224,78.57151618030767,-63.3503592056485,9.69197490927359,77.73348583732954,-59.998082976067735,0.0,1,4.085620730620576e-14
5.558333333333334,5558333,hold_right_slump,-4.0,-1.0,68.0,0.9956618365983234,-0.027593921622298206,0.08665749467220447,0.019661160909083267,-4.0,-1.0,68.0,35.56467556441519,7.240124223519835,0,feet,0.08428454172573474,-0.20953047680756232,-0.3434975534111864,-40.10985975866512,63.38339385132399,9.704820377219022,-39.63632673702084,59.98254951054347,0.0,1,5.1514348342607263e-14,0.08181880512713269,-0.1721051614549407,-0.2467699056000412,-39.301783881521864,-63.972899544268444,9.667238413152461,-39.48803325893248,-66.27374631292423,0.0,1,-3.552713678800501e-15,0.015313296169650048,-0.14441804371295808,-0.7192416269189539,77.3483284754439,64.02759344436492,9.707435903399727,77.85090268122535,67.40855192314066,0.0,1,4.796163466380676e-14,0.01866660723814695,-0.08399377741956959,-0.5944163302809224,78.57151618030767,-63.3503592056485,9.69197490927359,77.73348583732954,-59.998082976067735,0.0,1,4.085620730620576e-14
5.566666666666666,5566667,hold_right_slump,-4.0,-1.0,68.0,0.9956618365983234,-0.027593921622298206,0.08665749467220447,0.019661160909083267,-4.0,-1.0,68.0,35.56467556441519,7.240124223519835,0,feet,0.08428454172573474,-0.20953047680756232,-0.3434975534111864,-40.10985975866512,63.38339385132399,9.704820377219022,-39.63632673702084,59.98254951054347,0.0,1,5.1514348342607263e-14,0.08181880512713269,-0.1721051614549407,-0.2467699056000412,-39.301783881521864,-63.972899544268444,9.667238413152461,-39.48803325893248,-66.27374631292423,0.0,1,-3.552713678800501e-15,0.015313296169650048,-0.14441804371295808,-0.7192416269189539,77.3483284754439,64.02759344436492,9.707435903399727,77.85090268122535,67.40855192314066,0.0,1,4.796163466380676e-14,0.01866660723814695,-0.08399377741956959,-0.5944163302809224,78.57151618030767,-63.3503592056485,9.69197490927359,77.73348583732954,-59.998082976067735,0.0,1,4.085620730620576e-14
5.575,5575000,hold_right_slump,-4.0,-1.0,68.0,0.9956618365983234,-0.027593921622298206,0.08665749467220447,0.019661160909083267,-4.0,-1.0,68.0,35.56467556441519,7.240124223519835,0,feet,0.08428454172573474,-0.20953047680756232,-0.3434975534111864,-40.10985975866512,63.38339385132399,9.704820377219022,-39.63632673702084,59.98254951054347,0.0,1,5.1514348342607263e-14,0.08181880512713269,-0.1721051614549407,-0.2467699056000412,-39.301783881521864,-63.972899544268444,9.667238413152461,-39.48803325893248,-66.27374631292423,0.0,1,-3.552713678800501e-15,0.015313296169650048,-0.14441804371295808,-0.7192416269189539,77.3483284754439,64.02759344436492,9.707435903399727,77.85090268122535,67.40855192314066,0.0,1,4.796163466380676e-14,0.01866660723814695,-0.08399377741956959,-0.5944163302809224,78.57151618030767,-63.3503592056485,9.69197490927359,77.73348583732954,-59.998082976067735,0.0,1,4.085620730620576e-14
5.583333333333333,5583333,hold_right_slump,-4.0,-1.0,68.0,0.9956618365983234,-0.027593921622298206,0.08665749467220447,0.019661160909083267,-4.0,-1.0,68.0,35.56467556441519,7.240124223519835,0,feet,0.08428454172573474,-0.20953047680756232,-0.3434975534111864,-40.10985975866512,63.38339385132399,9.704820377219022,-39.63632673702084,59.98254951054347,0.0,1,5.1514348342607263e-14,0.08181880512713269,-0.1721051614549407,-0.2467699056000412,-39.301783881521864,-63.972899544268444,9.667238413152461,-39.48803325893248,-66.27374631292423,0.0,1,-3.552713678800501e-15,0.015313296169650048,-0.14441804371295808,-0.7192416269189539,77.3483284754439,64.02759344436492,9.707435903399727,77.85090268122535,67.40855192314066,0.0,1,4.796163466380676e-14,0.01866660723814695,-0.08399377741956959,-0.5944163302809224,78.57151618030767,-63.3503592056485,9.69197490927359,77.73348583732954,-59.998082976067735,0.0,1,4.085620730620576e-14
5.591666666666667,5591667,hold_right_slump,-4.0,-1.0,68.0,0.9956618365983234,-0.027593921622298206,0.08665749467220447,0.019661160909083267,-4.0,-1.0,68.0,35.56467556441519,7.240124223519835,0,feet,0.08428454172573474,-0.20953047680756232,-0.3434975534111864,-40.10985975866512,63.38339385132399,9.704820377219022,-39.63632673702084,59.98254951054347,0.0,1,5.1514348342607263e-14,0.08181880512713269,-0.1721051614549407,-0.2467699056000412,-39.301783881521864,-63.972899544268444,9.667238413152461,-39.48803325893248,-66.27374631292423,0.0,1,-3.552713678800501e-15,0.015313296169650048,-0.14441804371295808,-0.7192416269189539,77.3483284754439,64.02759344436492,9.707435903399727,77.85090268122535,67.40855192314066,0.0,1,4.796163466380676e-14,0.01866660723814695,-0.08399377741956959,-0.5944163302809224,78.57151618030767,-63.3503592056485,9.69197490927359,77.73348583732954,-59.998082976067735,0.0,1,4.085620730620576e-14
5.6,5600000,hold_right_slump,-4.0,-1.0,68.0,0.9956618365983234,-0.027593921622298206,0.08665749467220447,0.019661160909083267,-4.0,-1.0,68.0,35.56467556441519,7.240124223519835,0,feet,0.08428454172573474,-0.20953047680756232,-0.3434975534111864,-40.10985975866512,63.38339385132399,9.704820377219022,-39.63632673702084,59.98254951054347,0.0,1,5.1514348342607263e-14,0.08181880512713269,-0.1721051614549407,-0.2467699056000412,-39.301783881521864,-63.972899544268444,9.667238413152461,-39.48803325893248,-66.27374631292423,0.0,1,-3.552713678800501e-15,0.015313296169650048,-0.14441804371295808,-0.7192416269189539,77.3483284754439,64.02759344436492,9.707435903399727,77.85090268122535,67.40855192314066,0.0,1,4.796163466380676e-14,0.01866660723814695,-0.08399377741956959,-0.5944163302809224,78.57151618030767,-63.3503592056485,9.69197490927359,77.73348583732954,-59.998082976067735,0.0,1,4.085620730620576e-14
5.608333333333333,5608333,hold_right_slump,-4.0,-1.0,68.0,0.9956618365983234,-0.027593921622298206,0.08665749467220447,0.019661160909083267,-4.0,-1.0,68.0,35.56467556441519,7.240124223519835,0,feet,0.08428454172573474,-0.20953047680756232,-0.3434975534111864,-40.10985975866512,63.38339385132399,9.704820377219022,-39.63632673702084,59.98254951054347,0.0,1,5.1514348342607263e-14,0.08181880512713269,-0.1721051614549407,-0.2467699056000412,-39.301783881521864,-63.972899544268444,9.667238413152461,-39.48803325893248,-66.27374631292423,0.0,1,-3.552713678800501e-15,0.015313296169650048,-0.14441804371295808,-0.7192416269189539,77.3483284754439,64.02759344436492,9.707435903399727,77.85090268122535,67.40855192314066,0.0,1,4.796163466380676e-14,0.01866660723814695,-0.08399377741956959,-0.5944163302809224,78.57151618030767,-63.3503592056485,9.69197490927359,77.73348583732954,-59.998082976067735,0.0,1,4.085620730620576e-14
5.616666666666666,5616667,hold_right_slump,-4.0,-1.0,68.0,0.9956618365983234,-0.027593921622298206,0.08665749467220447,0.019661160909083267,-4.0,-1.0,68.0,35.56467556441519,7.240124223519835,0,feet,0.08428454172573474,-0.20953047680756232,-0.3434975534111864,-40.10985975866512,63.38339385132399,9.704820377219022,-39.63632673702084,59.98254951054347,0.0,1,5.1514348342607263e-14,0.08181880512713269,-0.1721051614549407,-0.2467699056000412,-39.301783881521864,-63.972899544268444,9.667238413152461,-39.48803325893248,-66.27374631292423,0.0,1,-3.552713678800501e-15,0.015313296169650048,-0.14441804371295808,-0.7192416269189539,77.3483284754439,64.02759344436492,9.707435903399727,77.85090268122535,67.40855192314066,0.0,1,4.796163466380676e-14,0.01866660723814695,-0.08399377741956959,-0.5944163302809224,78.57151618030767,-63.3503592056485,9.69197490927359,77.73348583732954,-59.998082976067735,0.0,1,4.085620730620576e-14
5.625,5625000,hold_right_slump,-4.0,-1.0,68.0,0.9956618365983234,-0.027593921622298206,0.08665749467220447,0.019661160909083267,-4.0,-1.0,68.0,35.56467556441519,7.240124223519835,0,feet,0.08428454172573474,-0.20953047680756232,-0.3434975534111864,-40.10985975866512,63.38339385132399,9.704820377219022,-39.63632673702084,59.98254951054347,0.0,1,5.1514348342607263e-14,0.08181880512713269,-0.1721051614549407,-0.2467699056000412,-39.301783881521864,-63.972899544268444,9.667238413152461,-39.48803325893248,-66.27374631292423,0.0,1,-3.552713678800501e-15,0.015313296169650048,-0.14441804371295808,-0.7192416269189539,77.3483284754439,64.02759344436492,9.707435903399727,77.85090268122535,67.40855192314066,0.0,1,4.796163466380676e-14,0.01866660723814695,-0.08399377741956959,-0.5944163302809224,78.57151618030767,-63.3503592056485,9.69197490927359,77.73348583732954,-59.998082976067735,0.0,1,4.085620730620576e-14
5.633333333333334,5633333,hold_right_slump,-4.0,-1.0,68.0,0.9956618365983234,-0.027593921622298206,0.08665749467220447,0.019661160909083267,-4.0,-1.0,68.0,35.56467556441519,7.240124223519835,0,feet,0.08428454172573474,-0.20953047680756232,-0.3434975534111864,-40.10985975866512,63.38339385132399,9.704820377219022,-39.63632673702084,59.98254951054347,0.0,1,5.1514348342607263e-14,0.08181880512713269,-0.1721051614549407,-0.2467699056000412,-39.301783881521864,-63.972899544268444,9.667238413152461,-39.48803325893248,-66.27374631292423,0.0,1,-3.552713678800501e-15,0.015313296169650048,-0.14441804371295808,-0.7192416269189539,77.3483284754439,64.02759344436492,9.707435903399727,77.85090268122535,67.40855192314066,0.0,1,4.796163466380676e-14,0.01866660723814695,-0.08399377741956959,-0.5944163302809224,78.57151618030767,-63.3503592056485,9.69197490927359,77.73348583732954,-59.998082976067735,0.0,1,4.085620730620576e-14
5.641666666666667,5641667,hold_right_slump,-4.0,-1.0,68.0,0.9956618365983234,-0.027593921622298206,0.08665749467220447,0.019661160909083267,-4.0,-1.0,68.0,35.56467556441519,7.240124223519835,0,feet,0.08428454172573474,-0.20953047680756232,-0.3434975534111864,-40.10985975866512,63.38339385132399,9.704820377219022,-39.63632673702084,59.98254951054347,0.0,1,5.1514348342607263e-14,0.08181880512713269,-0.1721051614549407,-0.2467699056000412,-39.301783881521864,-63.972899544268444,9.667238413152461,-39.48803325893248,-66.27374631292423,0.0,1,-3.552713678800501e-15,0.015313296169650048,-0.14441804371295808,-0.7192416269189539,77.3483284754439,64.02759344436492,9.707435903399727,77.85090268122535,67.40855192314066,0.0,1,4.796163466380676e-14,0.01866660723814695,-0.08399377741956959,-0.5944163302809224,78.57151618030767,-63.3503592056485,9.69197490927359,77.73348583732954,-59.998082976067735,0.0,1,4.085620730620576e-14
5.65,5650000,hold_right_slump,-4.0,-1.0,68.0,0.9956618365983234,-0.027593921622298206,0.08665749467220447,0.019661160909083267,-4.0,-1.0,68.0,35.56467556441519,7.240124223519835,0,feet,0.08428454172573474,-0.20953047680756232,-0.3434975534111864,-40.10985975866512,63.38339385132399,9.704820377219022,-39.63632673702084,59.98254951054347,0.0,1,5.1514348342607263e-14,0.08181880512713269,-0.1721051614549407,-0.2467699056000412,-39.301783881521864,-63.972899544268444,9.667238413152461,-39.48803325893248,-66.27374631292423,0.0,1,-3.552713678800501e-15,0.015313296169650048,-0.14441804371295808,-0.7192416269189539,77.3483284754439,64.02759344436492,9.707435903399727,77.85090268122535,67.40855192314066,0.0,1,4.796163466380676e-14,0.01866660723814695,-0.08399377741956959,-0.5944163302809224,78.57151618030767,-63.3503592056485,9.69197490927359,77.73348583732954,-59.998082976067735,0.0,1,4.085620730620576e-14
5.658333333333333,5658333,hold_right_slump,-4.0,-1.0,68.0,0.9956618365983234,-0.027593921622298206,0.08665749467220447,0.019661160909083267,-4.0,-1.0,68.0,35.56467556441519,7.240124223519835,0,feet,0.08428454172573474,-0.20953047680756232,-0.3434975534111864,-40.10985975866512,63.38339385132399,9.704820377219022,-39.63632673702084,59.98254951054347,0.0,1,5.1514348342607263e-14,0.08181880512713269,-0.1721051614549407,-0.2467699056000412,-39.301783881521864,-63.972899544268444,9.667238413152461,-39.48803325893248,-66.27374631292423,0.0,1,-3.552713678800501e-15,0.015313296169650048,-0.14441804371295808,-0.7192416269189539,77.3483284754439,64.02759344436492,9.707435903399727,77.85090268122535,67.40855192314066,0.0,1,4.796163466380676e-14,0.01866660723814695,-0.08399377741956959,-0.5944163302809224,78.57151618030767,-63.3503592056485,9.69197490927359,77.73348583732954,-59.998082976067735,0.0,1,4.085620730620576e-14
5.666666666666667,5666667,hold_right_slump,-4.0,-1.0,68.0,0.9956618365983234,-0.027593921622298206,0.08665749467220447,0.019661160909083267,-4.0,-1.0,68.0,35.56467556441519,7.240124223519835,0,feet,0.08428454172573474,-0.20953047680756232,-0.3434975534111864,-40.10985975866512,63.38339385132399,9.704820377219022,-39.63632673702084,59.98254951054347,0.0,1,5.1514348342607263e-14,0.08181880512713269,-0.1721051614549407,-0.2467699056000412,-39.301783881521864,-63.972899544268444,9.667238413152461,-39.48803325893248,-66.27374631292423,0.0,1,-3.552713678800501e-15,0.015313296169650048,-0.14441804371295808,-0.7192416269189539,77.3483284754439,64.02759344436492,9.707435903399727,77.85090268122535,67.40855192314066,0.0,1,4.796163466380676e-14,0.01866660723814695,-0.08399377741956959,-0.5944163302809224,78.57151618030767,-63.3503592056485,9.69197490927359,77.73348583732954,-59.998082976067735,0.0,1,4.085620730620576e-14
5.675,5675000,hold_right_slump,-4.0,-1.0,68.0,0.9956618365983234,-0.027593921622298206,0.08665749467220447,0.019661160909083267,-4.0,-1.0,68.0,35.56467556441519,7.240124223519835,0,feet,0.08428454172573474,-0.20953047680756232,-0.3434975534111864,-40.10985975866512,63.38339385132399,9.704820377219022,-39.63632673702084,59.98254951054347,0.0,1,5.1514348342607263e-14,0.08181880512713269,-0.1721051614549407,-0.2467699056000412,-39.301783881521864,-63.972899544268444,9.667238413152461,-39.48803325893248,-66.27374631292423,0.0,1,-3.552713678800501e-15,0.015313296169650048,-0.14441804371295808,-0.7192416269189539,77.3483284754439,64.02759344436492,9.707435903399727,77.85090268122535,67.40855192314066,0.0,1,4.796163466380676e-14,0.01866660723814695,-0.08399377741956959,-0.5944163302809224,78.57151618030767,-63.3503592056485,9.69197490927359,77.73348583732954,-59.998082976067735,0.0,1,4.085620730620576e-14
5.683333333333334,5683333,hold_right_slump,-4.0,-1.0,68.0,0.9956618365983234,-0.027593921622298206,0.08665749467220447,0.019661160909083267,-4.0,-1.0,68.0,35.56467556441519,7.240124223519835,0,feet,0.08428454172573474,-0.20953047680756232,-0.3434975534111864,-40.10985975866512,63.38339385132399,9.704820377219022,-39.63632673702084,59.98254951054347,0.0,1,5.1514348342607263e-14,0.08181880512713269,-0.1721051614549407,-0.2467699056000412,-39.301783881521864,-63.972899544268444,9.667238413152461,-39.48803325893248,-66.27374631292423,0.0,1,-3.552713678800501e-15,0.015313296169650048,-0.14441804371295808,-0.7192416269189539,77.3483284754439,64.02759344436492,9.707435903399727,77.85090268122535,67.40855192314066,0.0,1,4.796163466380676e-14,0.01866660723814695,-0.08399377741956959,-0.5944163302809224,78.57151618030767,-63.3503592056485,9.69197490927359,77.73348583732954,-59.998082976067735,0.0,1,4.085620730620576e-14
5.691666666666666,5691667,hold_right_slump,-4.0,-1.0,68.0,0.9956618365983234,-0.027593921622298206,0.08665749467220447,0.019661160909083267,-4.0,-1.0,68.0,35.56467556441519,7.240124223519835,0,feet,0.08428454172573474,-0.20953047680756232,-0.3434975534111864,-40.10985975866512,63.38339385132399,9.704820377219022,-39.63632673702084,59.98254951054347,0.0,1,5.1514348342607263e-14,0.08181880512713269,-0.1721051614549407,-0.2467699056000412,-39.301783881521864,-63.972899544268444,9.667238413152461,-39.48803325893248,-66.27374631292423,0.0,1,-3.552713678800501e-15,0.015313296169650048,-0.14441804371295808,-0.7192416269189539,77.3483284754439,64.02759344436492,9.707435903399727,77.85090268122535,67.40855192314066,0.0,1,4.796163466380676e-14,0.01866660723814695,-0.08399377741956959,-0.5944163302809224,78.57151618030767,-63.3503592056485,9.69197490927359,77.73348583732954,-59.998082976067735,0.0,1,4.085620730620576e-14
5.7,5700000,hold_right_slump,-4.0,-1.0,68.0,0.9956618365983234,-0.027593921622298206,0.08665749467220447,0.019661160909083267,-4.0,-1.0,68.0,35.56467556441519,7.240124223519835,0,feet,0.08428454172573474,-0.20953047680756232,-0.3434975534111864,-40.10985975866512,63.38339385132399,9.704820377219022,-39.63632673702084,59.98254951054347,0.0,1,5.1514348342607263e-14,0.08181880512713269,-0.1721051614549407,-0.2467699056000412,-39.301783881521864,-63.972899544268444,9.667238413152461,-39.48803325893248,-66.27374631292423,0.0,1,-3.552713678800501e-15,0.015313296169650048,-0.14441804371295808,-0.7192416269189539,77.3483284754439,64.02759344436492,9.707435903399727,77.85090268122535,67.40855192314066,0.0,1,4.796163466380676e-14,0.01866660723814695,-0.08399377741956959,-0.5944163302809224,78.57151618030767,-63.3503592056485,9.69197490927359,77.73348583732954,-59.998082976067735,0.0,1,4.085620730620576e-14
5.708333333333333,5708333,hold_right_slump,-4.0,-1.0,68.0,0.9956618365983234,-0.027593921622298206,0.08665749467220447,0.019661160909083267,-4.0,-1.0,68.0,35.56467556441519,7.240124223519835,0,feet,0.08428454172573474,-0.20953047680756232,-0.3434975534111864,-40.10985975866512,63.38339385132399,9.704820377219022,-39.63632673702084,59.98254951054347,0.0,1,5.1514348342607263e-14,0.08181880512713269,-0.1721051614549407,-0.2467699056000412,-39.301783881521864,-63.972899544268444,9.667238413152461,-39.48803325893248,-66.27374631292423,0.0,1,-3.552713678800501e-15,0.015313296169650048,-0.14441804371295808,-0.7192416269189539,77.3483284754439,64.02759344436492,9.707435903399727,77.85090268122535,67.40855192314066,0.0,1,4.796163466380676e-14,0.01866660723814695,-0.08399377741956959,-0.5944163302809224,78.57151618030767,-63.3503592056485,9.69197490927359,77.73348583732954,-59.998082976067735,0.0,1,4.085620730620576e-14
5.716666666666667,5716667,hold_right_slump,-4.0,-1.0,68.0,0.9956618365983234,-0.027593921622298206,0.08665749467220447,0.019661160909083267,-4.0,-1.0,68.0,35.56467556441519,7.240124223519835,0,feet,0.08428454172573474,-0.20953047680756232,-0.3434975534111864,-40.10985975866512,63.38339385132399,9.704820377219022,-39.63632673702084,59.98254951054347,0.0,1,5.1514348342607263e-14,0.08181880512713269,-0.1721051614549407,-0.2467699056000412,-39.301783881521864,-63.972899544268444,9.667238413152461,-39.48803325893248,-66.27374631292423,0.0,1,-3.552713678800501e-15,0.015313296169650048,-0.14441804371295808,-0.7192416269189539,77.3483284754439,64.02759344436492,9.707435903399727,77.85090268122535,67.40855192314066,0.0,1,4.796163466380676e-14,0.01866660723814695,-0.08399377741956959,-0.5944163302809224,78.57151618030767,-63.3503592056485,9.69197490927359,77.73348583732954,-59.998082976067735,0.0,1,4.085620730620576e-14
5.725,5725000,hold_right_slump,-4.0,-1.0,68.0,0.9956618365983234,-0.027593921622298206,0.08665749467220447,0.019661160909083267,-4.0,-1.0,68.0,35.56467556441519,7.240124223519835,0,feet,0.08428454172573474,-0.20953047680756232,-0.3434975534111864,-40.10985975866512,63.38339385132399,9.704820377219022,-39.63632673702084,59.98254951054347,0.0,1,5.1514348342607263e-14,0.08181880512713269,-0.1721051614549407,-0.2467699056000412,-39.301783881521864,-63.972899544268444,9.667238413152461,-39.48803325893248,-66.27374631292423,0.0,1,-3.552713678800501e-15,0.015313296169650048,-0.14441804371295808,-0.7192416269189539,77.3483284754439,64.02759344436492,9.707435903399727,77.85090268122535,67.40855192314066,0.0,1,4.796163466380676e-14,0.01866660723814695,-0.08399377741956959,-0.5944163302809224,78.57151618030767,-63.3503592056485,9.69197490927359,77.73348583732954,-59.998082976067735,0.0,1,4.085620730620576e-14
5.733333333333333,5733333,hold_right_slump,-4.0,-1.0,68.0,0.9956618365983234,-0.027593921622298206,0.08665749467220447,0.019661160909083267,-4.0,-1.0,68.0,35.56467556441519,7.240124223519835,0,feet,0.08428454172573474,-0.20953047680756232,-0.3434975534111864,-40.10985975866512,63.38339385132399,9.704820377219022,-39.63632673702084,59.98254951054347,0.0,1,5.1514348342607263e-14,0.08181880512713269,-0.1721051614549407,-0.2467699056000412,-39.301783881521864,-63.972899544268444,9.667238413152461,-39.48803325893248,-66.27374631292423,0.0,1,-3.552713678800501e-15,0.015313296169650048,-0.14441804371295808,-0.7192416269189539,77.3483284754439,64.02759344436492,9.707435903399727,77.85090268122535,67.40855192314066,0.0,1,4.796163466380676e-14,0.01866660723814695,-0.08399377741956959,-0.5944163302809224,78.57151618030767,-63.3503592056485,9.69197490927359,77.73348583732954,-59.998082976067735,0.0,1,4.085620730620576e-14
5.741666666666666,5741667,hold_right_slump,-4.0,-1.0,68.0,0.9956618365983234,-0.027593921622298206,0.08665749467220447,0.019661160909083267,-4.0,-1.0,68.0,35.56467556441519,7.240124223519835,0,feet,0.08428454172573474,-0.20953047680756232,-0.3434975534111864,-40.10985975866512,63.38339385132399,9.704820377219022,-39.63632673702084,59.98254951054347,0.0,1,5.1514348342607263e-14,0.08181880512713269,-0.1721051614549407,-0.2467699056000412,-39.301783881521864,-63.972899544268444,9.667238413152461,-39.48803325893248,-66.27374631292423,0.0,1,-3.552713678800501e-15,0.015313296169650048,-0.14441804371295808,-0.7192416269189539,77.3483284754439,64.02759344436492,9.707435903399727,77.85090268122535,67.40855192314066,0.0,1,4.796163466380676e-14,0.01866660723814695,-0.08399377741956959,-0.5944163302809224,78.57151618030767,-63.3503592056485,9.69197490927359,77.73348583732954,-59.998082976067735,0.0,1,4.085620730620576e-14
5.75,5750000,hold_right_slump,-4.0,-1.0,68.0,0.9956618365983234,-0.027593921622298206,0.08665749467220447,0.019661160909083267,-4.0,-1.0,68.0,35.56467556441519,7.240124223519835,0,feet,0.08428454172573474,-0.20953047680756232,-0.3434975534111864,-40.10985975866512,63.38339385132399,9.704820377219022,-39.63632673702084,59.98254951054347,0.0,1,5.1514348342607263e-14,0.08181880512713269,-0.1721051614549407,-0.2467699056000412,-39.301783881521864,-63.972899544268444,9.667238413152461,-39.48803325893248,-66.27374631292423,0.0,1,-3.552713678800501e-15,0.015313296169650048,-0.14441804371295808,-0.7192416269189539,77.3483284754439,64.02759344436492,9.707435903399727,77.85090268122535,67.40855192314066,0.0,1,4.796163466380676e-14,0.01866660723814695,-0.08399377741956959,-0.5944163302809224,78.57151618030767,-63.3503592056485,9.69197490927359,77.73348583732954,-59.998082976067735,0.0,1,4.085620730620576e-14
5.758333333333334,5758333,hold_right_slump,-4.0,-1.0,68.0,0.9956618365983234,-0.027593921622298206,0.08665749467220447,0.019661160909083267,-4.0,-1.0,68.0,35.56467556441519,7.240124223519835,0,feet,0.08428454172573474,-0.20953047680756232,-0.3434975534111864,-40.10985975866512,63.38339385132399,9.704820377219022,-39.63632673702084,59.98254951054347,0.0,1,5.1514348342607263e-14,0.08181880512713269,-0.1721051614549407,-0.2467699056000412,-39.301783881521864,-63.972899544268444,9.667238413152461,-39.48803325893248,-66.27374631292423,0.0,1,-3.552713678800501e-15,0.015313296169650048,-0.14441804371295808,-0.7192416269189539,77.3483284754439,64.02759344436492,9.707435903399727,77.85090268122535,67.40855192314066,0.0,1,4.796163466380676e-14,0.01866660723814695,-0.08399377741956959,-0.5944163302809224,78.57151618030767,-63.3503592056485,9.69197490927359,77.73348583732954,-59.998082976067735,0.0,1,4.085620730620576e-14
5.766666666666667,5766667,hold_right_slump,-4.0,-1.0,68.0,0.9956618365983234,-0.027593921622298206,0.08665749467220447,0.019661160909083267,-4.0,-1.0,68.0,35.56467556441519,7.240124223519835,0,feet,0.08428454172573474,-0.20953047680756232,-0.3434975534111864,-40.10985975866512,63.38339385132399,9.704820377219022,-39.63632673702084,59.98254951054347,0.0,1,5.1514348342607263e-14,0.08181880512713269,-0.1721051614549407,-0.2467699056000412,-39.301783881521864,-63.972899544268444,9.667238413152461,-39.48803325893248,-66.27374631292423,0.0,1,-3.552713678800501e-15,0.015313296169650048,-0.14441804371295808,-0.7192416269189539,77.3483284754439,64.02759344436492,9.707435903399727,77.85090268122535,67.40855192314066,0.0,1,4.796163466380676e-14,0.01866660723814695,-0.08399377741956959,-0.5944163302809224,78.57151618030767,-63.3503592056485,9.69197490927359,77.73348583732954,-59.998082976067735,0.0,1,4.085620730620576e-14
5.775,5775000,hold_right_slump,-4.0,-1.0,68.0,0.9956618365983234,-0.027593921622298206,0.08665749467220447,0.019661160909083267,-4.0,-1.0,68.0,35.56467556441519,7.240124223519835,0,feet,0.08428454172573474,-0.20953047680756232,-0.3434975534111864,-40.10985975866512,63.38339385132399,9.704820377219022,-39.63632673702084,59.98254951054347,0.0,1,5.1514348342607263e-14,0.08181880512713269,-0.1721051614549407,-0.2467699056000412,-39.301783881521864,-63.972899544268444,9.667238413152461,-39.48803325893248,-66.27374631292423,0.0,1,-3.552713678800501e-15,0.015313296169650048,-0.14441804371295808,-0.7192416269189539,77.3483284754439,64.02759344436492,9.707435903399727,77.85090268122535,67.40855192314066,0.0,1,4.796163466380676e-14,0.01866660723814695,-0.08399377741956959,-0.5944163302809224,78.57151618030767,-63.3503592056485,9.69197490927359,77.73348583732954,-59.998082976067735,0.0,1,4.085620730620576e-14
5.783333333333333,5783333,hold_right_slump,-4.0,-1.0,68.0,0.9956618365983234,-0.027593921622298206,0.08665749467220447,0.019661160909083267,-4.0,-1.0,68.0,35.56467556441519,7.240124223519835,0,feet,0.08428454172573474,-0.20953047680756232,-0.3434975534111864,-40.10985975866512,63.38339385132399,9.704820377219022,-39.63632673702084,59.98254951054347,0.0,1,5.1514348342607263e-14,0.08181880512713269,-0.1721051614549407,-0.2467699056000412,-39.301783881521864,-63.972899544268444,9.667238413152461,-39.48803325893248,-66.27374631292423,0.0,1,-3.552713678800501e-15,0.015313296169650048,-0.14441804371295808,-0.7192416269189539,77.3483284754439,64.02759344436492,9.707435903399727,77.85090268122535,67.40855192314066,0.0,1,4.796163466380676e-14,0.01866660723814695,-0.08399377741956959,-0.5944163302809224,78.57151618030767,-63.3503592056485,9.69197490927359,77.73348583732954,-59.998082976067735,0.0,1,4.085620730620576e-14
5.791666666666667,5791667,hold_right_slump,-4.0,-1.0,68.0,0.9956618365983234,-0.027593921622298206,0.08665749467220447,0.019661160909083267,-4.0,-1.0,68.0,35.56467556441519,7.240124223519835,0,feet,0.08428454172573474,-0.20953047680756232,-0.3434975534111864,-40.10985975866512,63.38339385132399,9.704820377219022,-39.63632673702084,59.98254951054347,0.0,1,5.1514348342607263e-14,0.08181880512713269,-0.1721051614549407,-0.2467699056000412,-39.301783881521864,-63.972899544268444,9.667238413152461,-39.48803325893248,-66.27374631292423,0.0,1,-3.552713678800501e-15,0.015313296169650048,-0.14441804371295808,-0.7192416269189539,77.3483284754439,64.02759344436492,9.707435903399727,77.85090268122535,67.40855192314066,0.0,1,4.796163466380676e-14,0.01866660723814695,-0.08399377741956959,-0.5944163302809224,78.57151618030767,-63.3503592056485,9.69197490927359,77.73348583732954,-59.998082976067735,0.0,1,4.085620730620576e-14
5.8,5800000,hold_right_slump,-4.0,-1.0,68.0,0.9956618365983234,-0.027593921622298206,0.08665749467220447,0.019661160909083267,-4.0,-1.0,68.0,35.56467556441519,7.240124223519835,0,feet,0.08428454172573474,-0.20953047680756232,-0.3434975534111864,-40.10985975866512,63.38339385132399,9.704820377219022,-39.63632673702084,59.98254951054347,0.0,1,5.1514348342607263e-14,0.08181880512713269,-0.1721051614549407,-0.2467699056000412,-39.301783881521864,-63.972899544268444,9.667238413152461,-39.48803325893248,-66.27374631292423,0.0,1,-3.552713678800501e-15,0.015313296169650048,-0.14441804371295808,-0.7192416269189539,77.3483284754439,64.02759344436492,9.707435903399727,77.85090268122535,67.40855192314066,0.0,1,4.796163466380676e-14,0.01866660723814695,-0.08399377741956959,-0.5944163302809224,78.57151618030767,-63.3503592056485,9.69197490927359,77.73348583732954,-59.998082976067735,0.0,1,4.085620730620576e-14
5.808333333333334,5808333,center_after_right_slump,-4.0,-0.9999834280198696,68.00001657198013,0.9956618542566027,-0.027593464586559837,0.08665751118327471,0.019660835331560763,-4.0,-0.9999834280198696,68.00001657198013,35.56467558387968,7.240144637548909,0,feet,0.08428311630339191,-0.20953038955991854,-0.34349654312647004,-40.109849980082274,63.3833996407891,9.704818825551556,-39.63632673702084,59.98254951054347,0.0,1,0.0,0.08181746171845461,-0.17210572492427545,-0.24677048314641903,-39.3017874008694,-63.97289524815036,9.66723745845902,-39.48803325893248,-66.27374631292423,0.0,1,-1.9539925233402755e-14,0.015313086646578267,-0.14441757381602693,-0.7192403721012885,77.34833916210019,64.02758806538132,9.707434583241124,77.85090268122535,67.40855192314066,0.0,1,2.3092638912203256e-14,0.01866628451488639,-0.08399435720270398,-0.5944171470479915,78.57150635613141,-63.35036526546648,9.691973662748104,77.73348583732954,-59.998082976067735,0.0,1,1.7763568394002505e-15
5.816666666666666,5816667,center_after_right_slump,-4.0,-0.999869799987807,68.0001302000122,0.9956619753251144,-0.02759033085862415,0.08665762438630449,0.01965860296473722,-4.0,-0.999869799987807,68.0001302000122,35.56467571734063,7.240284609990454,0,feet,0.08427334272769071,-0.2095297913989702,-0.3434896159417522,-40.10978293158739,63.383439336554886,9.704808186154459,-39.63632673702084,59.98254951054347,0.0,1,4.263256414560601e-14,0.08180825044321383,-0.17210958846537983,-0.24677444315584962,-39.30181153155528,-63.97286579102319,9.667230912331625,-39.48803325893248,-66.27374631292423,0.0,1,4.618527782440651e-14,0.01531164998021417,-0.1444143519730301,-0.719231768260062,77.34841243634388,64.02755118360211,9.70742553096212,77.85090268122535,67.40855192314066,0.0,1,4.618527782440651e-14,0.01866407173031126,-0.0839983325887581,-0.5944227473041845,78.57143899519521,-63.35040681521827,9.69196511548816,77.73348583732954,-59.998082976067735,0.0,1,6.039613253960852e-14
5.825,5825000,center_after_right_slump,-4.0,-0.999568515908549,68.00043148409145,0.9956622962710232,-0.02758202179403708,0.08665792448125952,0.0196526838540384,-4.0,-0.999568515908549,68.00043148409145,35.564676071211565,7.240655753549248,0,feet,0.08424742836837318,-0.2095282059225374,-0.34347124829429676,-40.10960515023484,63.3835445855281,9.70477997434292,-39.63632673702084,59.98254951054347,0.0,1,1.0658141036401503e-14,0.08178382670462714,-0.1721198329360698,-0.24678494296533016,-39.30187551225602,-63.97278768384167,9.667213554109217,-39.48803325893248,-66.27374631292423,0.0,1,-7.105427357601002e-15,0.015307840304445541,-0.14440580985873064,-0.719208955109949,77.34860672033322,64.02745339137068,9.707401525241991,77.85090268122535,67.40855192314066,0.0,1,2.842170943040401e-14,0.018658204639974585,-0.08400887350726238,-0.5944375961984467,78.57126038689395,-63.35051698234828,9.69194245003493,77.73348583732954,-59.998082976067735,0.0,1,3.197442310920451e-14
5.833333333333333,5833333,center_after_right_slump,-4.0,-0.9989958622472851,68.00100413775272,0.9956629060296475,-0.027566228660588016,0.08665849462558953,0.019641433329987253,-4.0,-0.9989958622472851,68.00100413775272,35.564676743817586,7.241361219559693,0,feet,0.08419817357106796,-0.20952519456919072,-0.3434363356956047,-40.10926722882985,63.38374461679527,9.704726345822806,-39.63632673702084,59.98254951054347,0.0,1,-1.7763568394002505e-15,0.0817374038810259,-0.1721393059589298,-0.2468048995258818,-39.30199711430523,-63.97263921762814,9.66718055634739,-39.48803325893248,-66.27374631292423,0.0,1,1.9539925233402755e-14,0.015300597762104129,-0.1443895761148668,-0.7191655934704486,77.34897598884653,64.02726751508088,9.707355882701762,77.85090268122535,67.40855192314066,0.0,1,-3.019806626980426e-14,0.018647053384467593,-0.08402890955730813,-0.5944658190272345,78.57092089965509,-63.35072637090665,9.69189935980475,77.73348583732954,-59.998082976067735,0.0,1,3.375077994860476e-14
5.841666666666667,5841667,center_after_right_slump,-4.0,-0.9980748397681329,68.00192516023186,0.9956638859970667,-0.027540827882203293,0.08665941092732367,0.019623338617886905,-4.0,-0.9980748397681329,68.00192516023186,35.564677825597556,7.242495931358164,0,feet,0.08411895748232867,-0.20952035727140572,-0.343380181499938,-40.108723706745714,63.384066289943995,9.704640076238952,-39.63632673702084,59.98254951054347,0.0,1,2.6645352591003757e-14,0.08166273909778266,-0.17217062867387067,-0.24683699502112066,-39.302192673449014,-63.97240041374869,9.667127471451167,-39.48803325893248,-66.27374631292423,0.0,1,2.3092638912203256e-14,0.015288945287880829,-0.14436347314291176,-0.7190958519025328,77.34956987385142,64.0269685581368,9.707282433715193,77.85090268122535,67.40855192314066,0.0,1,8.881784197001252e-15,0.018629119410172645,-0.08406113661852688,-0.5945112092806517,78.5703748755457,-63.35106311934092,9.691830029136952,77.73348583732954,-59.998082976067735,0.0,1,-4.440892098500626e-14
5.85,5850000,center_after_right_slump,-4.0,-0.9967349913726419,68.00326500862735,0.9956653099821116,-0.02750387628115556,0.08666074240018772,0.01959701544584177,-4.0,-0.9967349913726419,68.00326500862735,35.56467939930634,7.24414682218783,0,feet,0.08400372400922196,-0.2095133334407433,-0.3432984855161836,-40.10793295913154,63.38453414086508,9.704514539801202,-39.63632673702084,59.98254951054347,0.0,1,-1.7763568394002505e-15,0.08155411894141551,-0.17221620268208948,-0.2468836824042917,-39.30247712057161,-63.972052973107886,9.667050217574769,-39.48803325893248,-66.27374631292423,0.0,1,2.3092638912203256e-14,0.015271985171025904,-0.1443255142529165,-0.7189943932753691,77.3504337677018,64.02653364366422,9.707175495993667,77.85090268122535,67.40855192314066,0.0,1,1.7763568394002505e-14,0.01860303244831707,-0.08410802358693337,-0.594577236595077,78.5695805241741,-63.351552957185795,9.691729111852155,77.73348583732954,-59.998082976067735,0.0,1,3.552713678800501e-15
5.858333333333333,5858333,center_after_right_slump,-4.0,-0.9949122299382724,68.00508777006172,0.9956672441355969,-0.027453606319386585,0.08666255089744386,0.019561204651904085,-4.0,-0.9949122299382724,68.00508777006172,35.564681540216974,7.2463930756412225,0,feet,0.08384696785392087,-0.2095038031392047,-0.34318733253190903,-40.10685708522934,63.3851704261404,9.70434368739317,-39.63632673702084,59.98254951054347,0.0,1,-2.4868995751603507e-14,0.08140634514132028,-0.172278217097396,-0.24694719088903083,-39.30286401183689,-63.97158022474224,9.666945064109207,-39.48803325893248,-66.27374631292423,0.0,1,3.552713678800501e-15,0.015248895496540626,-0.14427390101136917,-0.7188563612934833,77.35160892556496,64.02594195708055,9.707029846930823,77.85090268122535,67.40855192314066,0.0,1,3.907985046680551e-14,0.018567547526818107,-0.08417181918038619,-0.5946670546533066,78.5684998162006,-63.35221926113292,9.691591708973846,77.73348583732954,-59.998082976067735,0.0,1,-3.019806626980426e-14
5.866666666666666,5866667,center_after_right_slump,-4.0,-0.9925486661568856,68.00745133384311,0.995669746872305,-0.027388421339655168,0.08666489103895275,0.019514768791047885,-4.0,-0.9925486661568856,68.00745133384311,35.56468431632291,7.249306366909494,0,feet,0.08364372057147929,-0.20949148831017528,-0.34304318080935037,-40.10546179642793,63.385995166972755,9.704122024514028,-39.63632673702084,59.98254951054347,0.0,1,-3.730349362740526e-14,0.0812147202412512,-0.17235865563200248,-0.24702953142431605,-39.30336555862786,-63.970967074229414,9.666808617038548,-39.48803325893248,-66.27374631292423,0.0,1,3.552713678800501e-15,0.015218926551110012,-0.14420702065160507,-0.7186773670106659,77.35313256760422,64.02517468861481,9.706840695561738,77.85090268122535,67.40855192314066,0.0,1,1.7763568394002505e-15,0.018521541992846835,-0.08425455876556187,-0.5947835090677906,78.56709837673486,-63.35308311089571,9.691413346184518,77.73348583732954,-59.998082976067735,0.0,1,2.6645352591003757e-14
5.875,5875000,center_after_right_slump,-4.0,-0.9895924363732376,68.01040756362676,0.9956728687990261,-0.027306890807134953,0.08666781014389667,0.01945668874258666,-4.0,-0.9895924363732376,68.01040756362676,35.564687788540205,7.25295110335216,0,feet,0.08338953660624515,-0.2094761539603871,-0.3428628506046043,-40.10371630459456,63.38702619347932,9.703844589355292,-39.63632673702084,59.98254951054347,0.0,1,-1.5987211554602254e-14,0.08097503327953026,-0.17245930365425632,-0.24713250217960336,-39.30399265760979,-63.97019995227264,9.666637804404601,-39.48803325893248,-66.27374631292423,0.0,1,1.9539925233402755e-14,0.015181397268249519,-0.1441234434295544,-0.718453475353031,77.35503798136541,64.02421497585648,9.706603654874073,77.85090268122535,67.40855192314066,0.0,1,-6.394884621840902e-14,0.0184640125271871,-0.08435807116512217,-0.594929145277479,78.56534537885574,-63.35416334522585,9.691189951501151,77.73348583732954,-59.998082976067735,0.0,1,5.861977570020827e-14
5.883333333333334,5883333,center_after_right_slump,-4.0,-0.9859975304234633,68.01400246957654,0.9956766526598982,-0.027207745552001197,0.0866713481796775,0.019386060318567096,-4.0,-0.9859975304234633,68.01400246957654,35.56469201090975,7.257384663131361,0,feet,0.08308047926917794,-0.20945760920116996,-0.34264351275330274,-40.101593211144326,63.38827919004123,9.703506931266453,-39.63632673702084,59.98254951054347,0.0,1,1.4210854715202004e-14,0.08068354549402823,-0.17258175516550267,-0.24725769406197928,-39.30475492119194,-63.969266763765326,9.666429862083184,-39.48803325893248,-66.27374631292423,0.0,1,-5.329070518200751e-15,0.015135691775972404,-0.14402191982565826,-0.718181191670126,77.35735462474852,64.02304784639892,9.706314715093853,77.85090268122535,67.40855192314066,0.0,1,-5.861977570020827e-14,0.01839407213443467,-0.08448398541001545,-0.595106216484004,78.56321343745675,-63.35547661838185,9.690917833584635,77.73348583732954,-59.998082976067735,0.0,1,1.9539925233402755e-14
5.891666666666667,5891667,center_after_right_slump,-4.0,-0.9817236194735702,68.01827638052643,0.9956811333083737,-0.027089873013462766,0.08667553773571089,0.019302090873588494,-4.0,-0.9817236194735702,68.01827638052643,35.564697030799486,7.262657630868588,0,feet,0.08271310662471665,-0.20943570807293366,-0.34238267735870354,-40.09906839722886,63.389767742282984,9.703105089820504,-39.63632673702084,59.98254951054347,0.0,1,-2.842170943040401e-14,0.08033697606524104,-0.17272741965228589,-0.2474064962833813,-39.30566070861334,-63.96815683758871,9.666182320040448,-39.48803325893248,-66.27374631292423,0.0,1,5.329070518200751e-15,0.015081256099705342,-0.14390137751065968,-0.7178574483297155,77.36010822987899,64.02166016063065,9.705970218463776,77.85090268122535,67.40855192314066,0.0,1,4.263256414560601e-14,0.01831094709582448,-0.08463373740787894,-0.5953166916486015,78.56067850358598,-63.357037457297366,9.690593661023676,77.73348583732954,-59.998082976067735,0.0,1,4.263256414560601e-14
5.9,5900000,center_after_right_slump,-4.0,-0.9767358838579168,68.02326411614209,0.9956863377133637,-0.026952312485609597,0.08668040402917342,0.019204095916413637,-4.0,-0.9767358838579168,68.02326411614209,35.56470288910657,7.268814029480652,0,feet,0.08228445726182043,-0.20941035009130982,-0.3420781826112016,-40.09612091535575,63.39150338614703,9.702635574650195,-39.63632673702084,59.98254951054347,0.0,1,-2.1316282072803006e-14,0.07993248790823504,-0.17289752877846443,-0.24758010199244973,-39.30671715783528,-63.966860877347806,9.6658929892048,-39.48803325893248,-66.27374631292423,0.0,1,-1.7763568394002505e-15,0.015017595063198996,-0.1437609180086299,-0.7174795913688516,77.36332090813373,64.02004055472004,9.705566835933311,77.85090268122535,67.40855192314066,0.0,1,5.329070518200751e-15,0.018213973873988376,-0.08480857650391593,-0.5955622635669955,78.5577197594154,-63.35885831965119,9.690214442869568,77.73348583732954,-59.998082976067735,0.0,1,5.861977570020827e-14
5.908333333333333,5908333,center_after_right_slump,-4.0,-0.9710048409177138,68.02899515908229,0.9956922850054567,-0.0267942503653646,0.08668596494822015,0.019091495723655805,-4.0,-0.9710048409177138,68.02899515908229,35.56470962045964,7.275891547535352,0,feet,0.08179203592935069,-0.2093814804668419,-0.34172818376196457,-40.092732882679314,63.393495659426804,9.702095346187612,-39.63632673702084,59.98254951054347,0.0,1,5.3290705182007514e-14,0.07946767352189665,-0.1730931428895155,-0.24777951398243525,-39.30793021838392,-63.96537091320596,9.665559949062,-39.48803325893248,-66.27374631292423,0.0,1,2.4868995751603507e-14,0.01494426942071092,-0.14359981300518188,-0.7170453672111003,77.36701125652216,64.01817938382636,9.705101546088883,77.85090268122535,67.40855192314066,0.0,1,-5.1514348342607263e-14,0.01810259596129038,-0.08500957191587988,-0.5958443570357863,78.55431951394789,-63.36094965299563,9.689777510639217,77.73348583732954,-59.998082976067735,0.0,1,3.552713678800501e-15
5.916666666666667,5916667,center_after_right_slump,-4.0,-0.964506172839506,68.0354938271605,0.9956989865676008,-0.026615015402744226,0.0866922311367722,0.018963811955743884,-4.0,-0.964506172839506,68.0354938271605,35.564717253420994,7.283921761637558,0,feet,0.08123379902110495,-0.2093490899624313,-0.3413311422675198,-40.088889376141445,63.39575215602818,9.701481797406991,-39.63632673702084,59.98254951054347,0.0,1,-1.0658141036401503e-14,0.0789405409017383,-0.1733151573084366,-0.24800555048371065,-39.30930468525017,-63.96368025493676,9.665181536051676,-39.48803325893248,-66.27374631292423,0.0,1,1.9539925233402755e-14,0.0148608932448826,-0.1434175002622502,-0.7165529094573033,77.3711944655694,64.01606866556445,9.704571616564678,77.85090268122535,67.40855192314066,0.0,1,-3.552713678800501e-15,0.017976360665499236,-0.08523761902951232,-0.596164137120375,78.55046309953896,-63.36331995506081,9.689280501946548,77.73348583732954,-59.998082976067735,0.0,1,-5.1514348342607263e-14
5.925,5925000,center_after_right_slump,-4.0,-0.9572205544936631,68.04277944550634,0.9957064461732373,-0.026414073953554374,0.08669920612367223,0.01882066427529013,-4.0,-0.9572205544936631,68.04277944550634,35.564725810688834,7.292930353511409,0,feet,0.08060813990059357,-0.2093132143640659,-0.34088581511677196,-40.08457832958045,63.39827858314613,9.700792736639421,-39.63632673702084,59.98254951054347,0.0,1,1.0658141036401503e-14,0.07834949952053316,-0.17356430840911807,-0.24825885104688217,-39.31084423392255,-63.96178344627304,9.664756332820417,-39.48803325893248,-66.27374631292423,0.0,1,5.329070518200751e-15,0.014767131586442606,-0.14321357911321275,-0.7160007257549914,77.37588242880301,64.01370202374082,9.70397458809893,77.85090268122535,67.40855192314066,0.0,1,3.730349362740526e-14,0.0178349158285096,-0.08549344554522209,-0.5965225175313154,78.54613876928669,-63.365975835316135,9.68872134587211,77.73348583732954,-59.998082976067735,0.0,1,3.019806626980426e-14
5.933333333333334,5933333,center_after_right_slump,-4.0,-0.9491334812728677,68.05086651872713,0.9957146601736122,-0.0261910252345696,0.0867068864978182,0.018661766967908222,-4.0,-0.9491334812728677,68.05086651872713,35.56473530929942,7.302937321586981,0,feet,0.07991387405999051,-0.2092739335506968,-0.3403912443470092,-40.079790432872116,63.40107882146407,9.700026371496598,-39.63632673702084,59.98254951054347,0.0,1,-2.4868995751603507e-14,0.0776933463792231,-0.17384117945901822,-0.24853988252017434,-39.3125514565999,-63.95967622059788,9.664283158362089,-39.48803325893248,-66.27374631292423,0.0,1,5.329070518200751e-15,0.014662698414166009,-0.14298780552346146,-0.7153876847495328,77.38108385390247,64.01107463237396,9.703308261327841,77.85090268122535,67.40855192314066,0.0,1,-7.105427357601002e-15,0.017678006475588592,-0.0857776174708258,-0.5969201691130754,78.54133759531658,-63.368922077836885,9.68809825013426,77.73348583732954,-59.998082976067735,0.0,1,4.085620730620576e-14
5.941666666666666,5941667,center_after_right_slump,-4.0,-0.9402350969306037,68.0597649030694,0.9957236177348324,-0.025945596581171574,0.08671526212980891,0.018486925565457762,-4.0,-0.9402350969306037,68.0597649030694,35.56474576082934,7.313957187028755,0,feet,0.07915022411169792,-0.2092313701584656,-0.3398467467510713,-40.07451903311464,63.404154988415485,9.699181293920226,-39.63632673702084,59.98254951054347,0.0,1,3.197442310920451e-14,0.07697125212890032,-0.17414620622831833,-0.24884894512269673,-39.314427899605306,-63.957355457989294,9.663761059056519,-39.48803325893248,-66.27374631292423,0.0,1,1.4210854715202004e-14,0.014547354836456972,-0.14274008671182825,-0.714713003118276,77.38680437552924,64.00818316000458,9.702570686342511,77.85090268122535,67.40855192314066,0.0,1,-5.1514348342607263e-14,0.017505471394208882,-0.08609054495887358,-0.5973575284466102,78.53605336796804,-63.37216170549485,9.687409690084607,77.73348583732954,-59.998082976067735,0.0,1,3.019806626980426e-14
5.95,5950000,center_after_right_slump,-4.0,-0.9305200214196468,68.06947997858035,0.9957333011241983,-0.025677638707354705,0.0867243164396609,0.018296033471624257,-4.0,-0.9305200214196468,68.06947997858035,35.564757171597684,7.325999194259545,0,feet,0.07831680461455015,-0.2091856878429179,-0.3392519037737962,-40.06876003782619,63.40750750448286,9.69825646634468,-39.63632673702084,59.98254951054347,0.0,1,0.0,0.07618274726315288,-0.17447968236758848,-0.24918617861336667,-39.31647410200023,-63.95481914360161,9.66318930059846,-39.48803325893248,-66.27374631292423,0.0,1,1.0658141036401503e-14,0.014420907599472343,-0.14247047533759272,-0.7139762326872945,77.3930466698226,64.00502571429634,9.701760154975396,77.85090268122535,67.40855192314066,0.0,1,3.552713678800501e-14,0.01731723964296128,-0.08643248799043723,-0.5978348065647743,78.53028249586727,-63.37569604546483,9.686654399509273,77.73348583732954,-59.998082976067735,0.0,1,-5.684341886080802e-14
5.958333333333333,5958333,center_after_right_slump,-4.0,-0.9199871787305518,68.08001282126945,0.9957436860444104,-0.025387120967944515,0.08673402670928869,0.018089068589682435,-4.0,-0.9199871787305518,68.08001282126945,35.56476954286827,7.339067506138079,0,feet,0.07741360673993425,-0.20913708915040186,-0.3386065515923562,-40.062511820078896,63.41113516245355,9.697251208945097,-39.63632673702084,59.98254951054347,0.0,1,3.907985046680551e-14,0.07532770837875002,-0.1748417645603202,-0.24955156855362626,-39.31868963537696,-63.9520663273396,9.66256736079226,-39.48803325893248,-66.27374631292423,0.0,1,4.263256414560601e-14,0.01428320785092918,-0.1421791632661411,-0.7131772476288929,77.39981057051362,64.00160178692353,9.700875195729495,77.85090268122535,67.40855192314066,0.0,1,2.4868995751603507e-14,0.017113326992337807,-0.08680356191021543,-0.5983519977775078,78.52402390685378,-63.37952479601491,9.685831363187035,77.73348583732954,-59.998082976067735,0.0,1,1.7763568394002505e-15
5.966666666666667,5966667,center_after_right_slump,-4.0,-0.9086396247301424,68.09136037526986,0.995754742013427,-0.025074126622819895,0.0867443644376673,0.017866089952236684,-4.0,-0.9086396247301424,68.09136037526986,35.56478287105186,7.353161394040541,0,feet,0.07644098278596667,-0.2090858130165274,-0.33791077137187786,-40.05577512545985,63.415035199502114,9.696165187919476,-39.63632673702084,59.98254951054347,0.0,1,1.2434497875801753e-14,0.0744063445014369,-0.17523247746051496,-0.24994495266063188,-39.32107314479085,-63.94909708475804,9.661894923172298,-39.48803325893248,-66.27374631292423,0.0,1,1.9539925233402755e-14,0.014134150153613856,-0.14186647493372773,-0.7123162317367835,77.40709318658249,63.997912198737495,9.699914571217832,77.85090268122535,67.40855192314066,0.0,1,2.1316282072803006e-14,0.01689383230026742,-0.0872037428205159,-0.5989088886018656,78.51727894971143,-63.38364609452839,9.684939811121936,77.73348583732954,-59.998082976067735,0.0,1,2.6645352591003757e-14
5.975,5975000,center_after_right_slump,-4.0,-0.896484375,68.103515625,0.9957664327870221,-0.0247388481028822,0.08675529573591997,0.017627234352685022,-4.0,-0.896484375,68.103515625,35.56479714790835,7.368275423177856,0,feet,0.07539963055037902,-0.20903213191544,-0.3371648796850386,-40.04855298071506,63.41920337192505,9.69499840474213,-39.63632673702084,59.98254951054347,0.0,1,1.9539925233402755e-14,0.07341918347257614,-0.17565171842890015,-0.25036602724634616,-39.32362239077674,-63.94591247909898,9.661171871397435,-39.48803325893248,-66.27374631292423,0.0,1,5.329070518200751e-15,0.013973671728145565,-0.14153286033829593,-0.7113936657746418,77.41488902135892,63.99395904519935,9.698877277935715,77.85090268122535,67.40855192314066,0.0,1,-1.9539925233402755e-14,0.016658933826327882,-0.08763287284396037,-0.599505066790329,78.51005129663999,-63.38805658668532,9.683979214345463,77.73348583732954,-59.998082976067735,0.0,1,1.7763568394002505e-14
5.983333333333333,5983333,center_after_right_slump,-4.0,-0.883532232674951,68.11646776732505,0.9957787168204665,-0.02438158227747493,0.08676678175898776,0.017372712978114296,-4.0,-0.883532232674951,68.11646776732505,35.564812360748995,7.384399633550402,0,feet,0.07429057757494029,-0.20897634868875992,-0.33636941908190154,-40.04085060390681,63.42363403231499,9.693751186307345,-39.63632673702084,59.98254951054347,0.0,1,-7.105427357601002e-15,0.07236705839147106,-0.17609926208426252,-0.25081435373680394,-39.32633429238116,-63.942514524361336,9.660398284354535,-39.48803325893248,-66.27374631292423,0.0,1,-1.2434497875801753e-14,0.013801751900809123,-0.1411788876888802,-0.7104103148928491,77.42319009294583,63.98974564206404,9.697762548156902,77.85090268122535,67.40855192314066,0.0,1,4.085620730620576e-14,0.01640888548939179,-0.08809066526681386,-0.600139930449425,78.50234684639261,-63.39275149671664,9.68294928215623,77.73348583732954,-59.998082976067735,0.0,1,-1.0658141036401503e-14
5.991666666666666,5991667,center_after_right_slump,-4.0,-0.8697976162815576,68.13020238371844,0.9957915477652245,-0.02400272572292677,0.08677877917003911,0.0171028080433038,-4.0,-0.8697976162815576,68.13020238371844,35.56482849263863,7.401519717001634,0,feet,0.07311516527605422,-0.20891879308736705,-0.33552514879426987,-40.032675315891574,63.42832020892958,9.69242417587376,-39.63632673702084,59.98254951054347,0.0,1,8.881784197001252e-15,0.07125109410743846,-0.17657476468888467,-0.2512893652648862,-39.32920497112915,-63.93890614928152,9.659574431898378,-39.48803325893248,-66.27374631292423,0.0,1,1.7763568394002505e-14,0.013618411729132696,-0.14080523575088222,-0.709367216107295,77.43198605582657,63.98527647129701,9.696569853711424,77.85090268122535,67.40855192314066,0.0,1,1.7763568394002505e-14,0.016144013074217867,-0.0885767095765253,-0.6008126972394514,78.49417362799234,-63.39772469862917,9.681849960648506,77.73348583732954,-59.998082976067735,0.0,1,4.796163466380676e-14
6.0,6000000,center_after_right_slump,-4.0,-0.8552983875766048,68.14470161242339,0.9958048749961108,-0.023602769991868056,0.08679124063336159,0.016817869425491967,-4.0,-0.8552983875766048,68.14470161242339,35.56484552259787,7.419617190881894,0,feet,0.07187503297768494,-0.20885981806285825,-0.3346330355571512,-40.02403645290718,63.43325368698215,9.691018324706995,-39.63632673702084,59.98254951054347,0.0,1,-7.105427357601002e-15,0.07007269375505398,-0.17707776838916311,-0.2517903733290474,-39.33222979583461,-63.93509116209317,9.658700771145604,-39.48803325893248,-66.27374631292423,0.0,1,1.7763568394002505e-14,0.013423713775462698,-0.1404126859284065,-0.7082656658334701,77.44126432350325,63.98055712720211,9.695298911381514,77.85090268122535,67.40855192314066,0.0,1,-6.217248937900877e-14,0.015864710393133308,-0.08909047640845902,-0.6015224136451107,78.48554170493452,-63.40296878828825,9.680681432362803,77.73348583732954,-59.998082976067735,0.0,1,5.861977570020827e-14
6.008333333333334,6008333,center_after_right_slump,-4.0,-0.8400556793855918,68.15994432061441,0.995818644163996,-0.023182296882957844,0.08680411533114296,0.0165183112995482,-4.0,-0.8400556793855918,68.15994432061441,35.56486342580531,7.438669568873621,0,feet,0.07057210186392959,-0.20879979584843733,-0.33369424452860974,-40.01494528004436,63.43842509155966,9.689534884312344,-39.63632673702084,59.98254951054347,0.0,1,-1.2434497875801753e-14,0.06883352532548903,-0.17760770533419912,-0.2523165745097553,-39.335403428152006,-63.9310742159229,9.657777943235082,-39.48803325893248,-66.27374631292423,0.0,1,2.842170943040401e-14,0.013217761996979771,-0.14000211412795993,-0.7071072074683986,77.45101019199862,63.9755942627368,9.693949689629605,77.85090268122535,67.40855192314066,0.0,1,-8.881784197001252e-15,0.015571435409452494,-0.08963132241790905,-0.6022679643060238,78.47646307977476,-63.40847515623527,9.67944411688054,77.73348583732954,-59.998082976067735,0.0,1,1.2434497875801753e-14
6.016666666666667,6016667,center_after_right_slump,-4.0,-0.8240937234412176,68.17590627655878,0.9958327977688676,-0.022741973710653188,0.08681734949928838,0.016204608773186392,-4.0,-0.8240937234412176,68.17590627655878,35.56488217379974,7.458082454701923,0,feet,0.0692085588694411,-0.20873911387127642,-0.33271013028822694,-40.005414905369655,63.44382397185378,9.687975399140832,-39.63632673702084,59.98254951054347,0.0,1,4.973799150320701e-14,0.0675355082664515,-0.17816390169646157,-0.25286705723473535,-39.338719868762304,-63.92686077467261,9.656806770460499,-39.48803325893248,-66.27374631292423,0.0,1,1.0658141036401503e-14,0.013000701719418029,-0.13957448245022253,-0.7058936190124978,77.46120696404735,63.97039553598825,9.692522416359509,77.85090268122535,67.40855192314066,0.0,1,-1.4210854715202004e-14,0.015264706329717548,-0.09019849509430466,-0.6030480813954684,78.46695159899797,-63.414234061108154,9.678138672171919,77.73348583732954,-59.998082976067735,0.0,1,8.881784197001252e-15
6.025,6025000,center_after_right_slump,-4.0,-0.8074396782218718,68.19256032177813,0.9958472757478585,-0.02228254857465662,0.08683088697723298,0.015877294521860912,-4.0,-0.8074396782218718,68.19256032177813,35.56490173468239,7.478239119186682,0,feet,0.06778684052649497,-0.2086781705401144,-0.33168222789368906,-39.99546019445856,63.449438886380534,9.686341699648487,-39.63632673702084,59.98254951054347,0.0,1,5.684341886080802e-14,0.06618080010296001,-0.17874558161963439,-0.25344080858364215,-39.34217250407578,-63.92245707923442,9.655788253678608,-39.48803325893248,-66.27374631292423,0.0,1,2.6645352591003757e-14,0.012772719661152454,-0.13913083075820776,-0.704626900723047,77.47183607379489,63.96496955678249,9.691017587404005,77.85090268122535,67.40855192314066,0.0,1,-5.329070518200751e-15,0.01494509767213792,-0.09079113753508761,-0.6038613540351445,78.45702285806189,-63.42023470352822,9.67676599650018,77.73348583732954,-59.998082976067735,0.0,1,4.973799150320701e-14
6.033333333333333,6033333,center_after_right_slump,-4.0,-0.7901234567901235,68.20987654320987,0.9958620160727212,-0.021804845628688764,0.0868446697665909,0.015536955422996733,-4.0,-0.7901234567901235,68.20987654320987,35.56492207331909,7.499232116240705,0,feet,0.06630961678778524,-0.2086173709528616,-0.3306122439745818,-39.98509768509939,63.45525748885106,9.6846358955857,-39.63632673702084,59.98254951054347,0.0,1,3.907985046680551e-14,0.06477178307101417,-0.17935187111937223,-0.25403672112233044,-39.34575415333183,-63.91787011388099,9.654723569892731,-39.48803325893248,-66.27374631292423,0.0,1,5.5067062021407764e-14,0.012534043974278042,-0.13867226817110945,-0.7033092627906261,77.48287721181612,63.95932583339584,9.689435975423223,77.85090268122535,67.40855192314066,0.0,1,3.375077994860476e-14,0.014613236318849143,-0.09140829319700572,-0.604706237733553,78.44669410650695,-63.42646530031078,9.675327230680473,77.73348583732954,-59.998082976067735,0.0,1,0.0
6.041666666666667,6041667,center_after_right_slump,-4.0,-0.7721775546312089,68.22782244536879,0.9958769553511747,-0.0213097603482524,0.08685863859342673,0.015184229189224501,-4.0,-0.7721775546312089,68.22782244536879,35.56494315154252,7.521026025372933,0,feet,0.06477977484410502,-0.2085571225696068,-0.32950204784224013,-39.97434550192762,63.46126661435468,9.682860369390525,-39.63632673702084,59.98254951054347,0.0,1,1.5987211554602254e-14,0.06331105075613319,-0.17998180196306146,-0.25465359975659174,-39.34945711596851,-63.91310757267476,9.653614069911079,-39.48803325893248,-66.27374631292423,0.0,1,1.2434497875801753e-14,0.012284944269764786,-0.13819996453347017,-0.7019431130296794,77.49430845026649,63.953474719337414,9.687778638900738,77.85090268122535,67.40855192314066,0.0,1,-3.552713678800501e-15,0.014269797559727238,-0.09204891064266407,-0.6055810638353094,78.43598415302615,-63.43291315885501,9.67382376048944,77.73348583732954,-59.998082976067735,0.0,1,4.263256414560601e-14
6.05,6050000,center_after_right_slump,-4.0,-0.7536368774915215,68.24636312250848,0.9958920294265542,-0.02079825479707996,0.0868727334689438,0.014819801000316605,-4.0,-0.7536368774915215,68.24636312250848,35.5649649283544,7.543582359818579,0,feet,0.06320040295586438,-0.20849783089634144,-0.32835366259460885,-39.963223270758334,63.46745236551141,9.681017769561123,-39.63632673702084,59.98254951054347,0.0,1,2.4868995751603507e-14,0.061801394728762116,-0.1806343155546637,-0.25529016859498155,-39.353273219133406,-63.908177825741326,9.652461275978823,-39.48803325893248,-66.27374631292423,0.0,1,3.552713678800501e-15,0.01202573159472875,-0.13771514190900813,-0.7005310445742428,77.50610636797776,63.94742736016985,9.686046930926338,77.85090268122535,67.40855192314066,0.0,1,3.907985046680551e-14,0.013915501135569386,-0.09271184829997514,-0.6064840489687597,78.42491327039066,-63.43956475156645,9.672257219019421,77.73348583732954,-59.998082976067735,0.0,1,1.9539925233402755e-14
6.058333333333334,6058333,center_after_right_slump,-4.0,-0.7345385692170993,68.2654614307829,0.9959071739702644,-0.020271352891988163,0.08688689424344734,0.014444400133551562,-4.0,-0.7345385692170993,68.2654614307829,35.5649873601277,7.56685972561376,0,feet,0.06157477431697256,-0.20843989522428252,-0.32716925619530857,-39.95175203239068,63.47380019825521,9.679111003882788,-39.63632673702084,59.98254951054347,0.0,1,3.730349362740526e-14,0.06024579116866535,-0.18130826685050794,-0.2559450778102219,-39.357193865203364,-63.90308988525479,9.651266879283199,-39.48803325893248,-66.27374631292423,0.0,1,1.9539925233402755e-14,0.01175675833118639,-0.13721906614758383,-0.6990758235697832,77.51824617531072,63.941195640334065,9.684242507459771,77.85090268122535,67.40855192314066,0.0,1,3.552713678800501e-14,0.013551107288396036,-0.0933958792517755,-0.607413304479345,78.41350310013001,-63.446405790165805,9.670629488777642,77.73348583732954,-59.998082976067735,0.0,1,-3.019806626980426e-14
6.066666666666666,6066667,center_after_right_slump,-4.0,-0.714921839592116,68.28507816040788,0.9959223250616668,-0.01973013566590024,0.0869010611485604,0.014058796592270583,-4.0,-0.714921839592116,68.28507816040788,35.56501040080887,7.590813982093323,0,feet,0.059906330968992005,-0.20838370446868204,-0.32595113250662555,-39.939954155670975,63.480295006914154,9.677143232388062,-39.63632673702084,59.98254951054347,0.0,1,1.5987211554602254e-14,0.05864738747059883,-0.18200242833135638,-0.25661691048859936,-39.36121007917987,-63.89785337099108,9.65003273723466,-39.48803325893248,-66.27374631292423,0.0,1,4.440892098500626e-14,0.01147841798741478,-0.13671303857244999,-0.6975803768521902,77.53070183858533,63.93479212994361,9.682367334783166,77.85090268122535,67.40855192314066,0.0,1,1.2434497875801753e-14,0.01317741282655227,-0.09409969607230817,-0.60836684583641,78.40177655687216,-63.453421299738956,9.668942703330849,77.73348583732954,-59.998082976067735,0.0,1,1.9539925233402755e-14
6.075,6075000,center_after_right_slump,-4.0,-0.6948277921773665,68.30517220782264,0.9959374197502091,-0.019175736528837025,0.08691517532283845,0.013663797732429967,-4.0,-0.6948277921773665,68.30517220782264,35.56503400212004,7.615398404389936,0,feet,0.058198667782644264,-0.2083296331496287,-0.3247017222567994,-39.92785324961414,63.48692120826314,9.675117859931632,-39.63632673702084,59.98254951054347,0.0,1,2.1316282072803006e-14,0.057009488823860366,-0.18271549405529308,-0.25730418945682576,-39.36531255582654,-63.892478475308614,9.648760870428752,-39.48803325893248,-66.27374631292423,0.0,1,5.329070518200751e-15,0.01119114485506989,-0.13619838783304683,-0.696047779604998,77.54344620391122,63.92823003151412,9.680423695859574,77.85090268122535,67.40855192314066,0.0,1,6.572520305780927e-14,0.012795247212082916,-0.09482191572649645,-0.6093426020014978,78.38975773225339,-63.46059569238614,9.667199248304506,77.73348583732954,-59.998082976067735,0.0,1,2.842170943040401e-14
6.083333333333333,6083333,center_after_right_slump,-4.0,-0.6742992521487592,68.32570074785124,0.995952396594834,-0.01860933652672231,0.0869291793161446,0.013260244886996982,-4.0,-0.6742992521487592,68.32570074785124,35.56505811376122,7.640563848486785,0,feet,0.05645551652276648,-0.20827803755554797,-0.32342357392284127,-39.915474074398475,63.493662824237774,9.67303852826631,-39.63632673702084,59.98254951054347,0.0,1,-1.7763568394002505e-14,0.05533554475862612,-0.18344608381499405,-0.2580053840759242,-39.36949170641539,-63.88697592742871,9.647453459198353,-39.48803325893248,-66.27374631292423,0.0,1,-1.9539925233402755e-14,0.010895413507542528,-0.13567646196632221,-0.6944812429861491,77.55645112025115,63.921523126593044,9.678414195332955,77.85090268122535,67.40855192314066,0.0,1,-3.019806626980426e-14,0.01240546867763026,-0.0955610845470165,-0.6103384247466761,78.37747179831639,-63.467912840332296,9.665401761554541,77.73348583732954,-59.998082976067735,0.0,1,-1.7763568394002505e-14
6.091666666666667,6091667,center_after_right_slump,-4.0,-0.6533805941358025,68.3466194058642,0.9959671961759896,-0.018032159597893505,0.08694301756840603,0.012849009988081661,-4.0,-0.6533805941358025,68.3466194058642,35.565082683612516,7.666258919345182,0,feet,0.054680730011654965,-0.20822925212791876,-0.32211934451115276,-39.90284245106676,63.50050356301099,9.67090910751336,-39.63632673702084,59.98254951054347,0.0,1,-8.881784197001252e-15,0.053629135652432325,-0.18419274742169645,-0.25871891699193394,-39.37373770495153,-63.88135695689388,9.646112839669861,-39.48803325893248,-66.27374631292423,0.0,1,3.552713678800501e-14,0.010591738117554428,-0.13514862070686728,-0.69288410171584,77.56968756155882,63.91468572225505,9.676341762924544,77.85090268122535,67.40855192314066,0.0,1,9.947598300641403e-14,0.012008960379780387,-0.09631568330313112,-0.6113520979119795,78.36494491032217,-63.4753561483652,9.663553132337398,77.73348583732954,-59.998082976067735,0.0,1,5.329070518200751e-15
6.1,6100000,center_after_right_slump,-4.0,-0.6321175700600941,68.36788242993991,0.9959817615758688,-0.017445467827256048,0.08695663685866918,0.012430992186743763,-4.0,-0.6321175700600941,68.36788242993991,35.565107657936366,7.6924301425914265,0,feet,0.05287826640447735,-0.20818358610320864,-0.3207917902193307,-39.889985169785334,63.507426898155025,9.66873368692525,-39.63632673702084,59.98254951054347,0.0,1,-1.0658141036401503e-14,0.05189395919060891,-0.18495396913677453,-0.25944317083350876,-39.37804053374766,-63.87563325609652,9.644741499243516,-39.48803325893248,-66.27374631292423,0.0,1,5.1514348342607263e-14,0.010280671574714795,-0.13461622808310736,-0.6912598016172913,77.58312574784296,63.90773259743056,9.674209654996034,77.85090268122535,67.40855192314066,0.0,1,-1.7763568394002505e-14,0.011606626595416447,-0.09708413237402791,-0.6123813465917185,78.35220410891077,-63.48290862547595,9.66165649931687,77.73348583732954,-59.998082976067735,0.0,1,7.105427357601002e-14
6.108333333333333,6108333,center_after_right_slump,-4.0,-0.6105571369738102,68.38944286302619,0.9959960388228755,-0.016850556698066673,0.08696998672070524,0.012007114470460219,-4.0,-0.6105571369738102,68.38944286302619,35.565132981579715,7.719022140207798,0,feet,0.051052173589021255,-0.20814132044518496,-0.31944375696387883,-39.876929896532346,63.514416145628346,9.666516564848934,-39.63632673702084,59.98254951054347,0.0,1,2.4868995751603507e-14,0.05013381677501849,-0.185728172270196,-0.2601764948468741,-39.38239002822495,-63.86981694178035,9.643342071424641,-39.48803325893248,-66.27374631292423,0.0,1,4.440892098500626e-14,0.00996280438657271,-0.13408064533341513,-0.6896118871027208,77.59673526502188,63.90067894903433,9.672021454081388,77.85090268122535,67.40855192314066,0.0,1,1.7763568394002505e-14,0.011199388967201074,-0.09786479703810036,-0.613423846240214,78.33927722155344,-63.490552955582395,9.659715247259683,77.73348583732954,-59.998082976067735,0.0,1,5.329070518200751e-15
6.116666666666666,6116667,center_after_right_slump,-4.0,-0.5887472848981944,68.41125271510181,0.9960099772966938,-0.01624875034137674,0.08698301982178189,0.011578320278283842,-4.0,-0.5887472848981944,68.41125271510181,35.5613008161629,7.74597781062802,0,feet,0.0492066364883752,-0.20810277332913163,-0.3180782223491794,-39.86370106611249,63.521458523949555,9.664264314502354,-39.62889899469982,59.97546142282857,0.0,1,8.881784197001252e-15,0.04835259987602836,-0.1865137239633663,-0.26091721145909696,-39.38677592082227,-63.86392051543096,9.64191732993838,-39.48803325893248,-66.27374631292423,0.0,1,5.3290705182007514e-14,0.009638763349598012,-0.13354322417239572,-0.687943988597211,77.61048518344568,63.89354033786409,9.669781066201445,77.85090268122535,67.40855192314066,0.0,1,-1.9539925233402755e-14,0.010788225078923741,-0.09865610886273535,-0.6144773365482656,78.32619836377285,-63.49826946566297,9.657735088535503,77.73640930774546,-60.00572551917024,0.0,1,1.2434497875801753e-14
6.125,6125000,center_after_right_slump,-4.0,-0.5667368646620455,68.43326313533795,0.9960235300907669,-0.01564139678321072,0.0869956923016109,0.011145570113767437,-4.0,-0.5667368646620455,68.43326313533795,35.56132537482878,7.773238513590293,0,feet,0.0473457744330501,-0.20806806625689767,-0.31669815615994157,-39.85033196929175,63.52853330703418,9.66198115387796,-39.62889899469982,59.97546142282857,0.0,1,-1.7763568394002505e-15,0.04655427632326026,-0.18730894017194544,-0.26166362276117106,-39.39118788390146,-63.857956822484915,9.640470182069357,-39.48803325893248,-66.27374631292423,0.0,1,7.105427357601002e-15,0.009309209979482702,-0.13300530043367997,-0.6862598098936972,77.62434417497799,63.886332634241285,9.6674927158125,77.85090268122535,67.40855192314066,0.0,1,1.7763568394002505e-15,0.010374038466248958,-0.09945621886150446,-0.6155393226506787,78.31299103642154,-63.5060424849439,9.655718307738454,77.73640930774546,-60.00572551917024,0.0,1,-4.440892098500626e-14
6.133333333333334,6133333,center_after_right_slump,-4.0,-0.5445754157402082,68.45542458425979,0.9960366543294301,-0.015029863189596237,0.08700796406889884,0.010709838155768038,-4.0,-0.5445754157402082,68.45542458425979,35.56135010200863,7.800744260051118,0,feet,0.04547381175362952,-0.208037406860476,-0.3153065912033952,-39.836852138075,63.53562377317187,9.65967037345581,-39.62889899469982,59.97546142282857,0.0,1,-1.4210854715202004e-14,0.04474287653133224,-0.18811209086212743,-0.2624140169031026,-39.395615571545726,-63.8519390103003,9.63900366117609,-39.48803325893248,-66.27374631292423,0.0,1,1.9539925233402755e-14,0.008974838693057485,-0.13246818811154215,-0.6845631154329088,77.63828062854276,63.879071963367004,9.665160938256818,77.85090268122535,67.40855192314066,0.0,1,3.907985046680551e-14,0.00995778100348721,-0.10026336559689719,-0.6166073786131383,78.29968487278306,-63.51385414097744,9.653668504760788,77.73640930774546,-60.00572551917024,0.0,1,-2.842170943040401e-14
6.141666666666667,6141667,center_after_right_slump,-4.0,-0.5223129940920596,68.47768700590794,0.9960493114374201,-0.014415531109599165,0.08701979905336578,0.010272108867282904,-4.0,-0.5223129940920596,68.47768700590794,35.56137494185127,7.828433907409753,0,feet,0.043595001951291845,-0.20801093901860535,-0.31390663424859655,-39.82329178243557,63.54271331748552,9.657336980690118,-39.62889899469982,59.97546142282857,0.0,1,1.5987211554602254e-14,0.04292247965748075,-0.18892140543171143,-0.2631666743939016,-39.400048660156536,-63.845880484847015,9.637520918337025,-39.48803325893248,-66.27374631292423,0.0,1,1.9539925233402755e-14,0.008636374737032604,-0.13193317381938785,-0.6828577175027064,77.65226276405971,63.8717746503705,9.662790569616021,77.85090268122535,67.40855192314066,0.0,1,-1.5987211554602254e-14,0.009540407327313538,-0.1010757492274883,-0.6176790702377275,78.28630983394405,-63.521686507572056,9.651589979295984,77.73640930774546,-60.00572551917024,0.0,1,6.927791673660977e-14
6.15,6150000,center_after_right_slump,-4.0,-0.5,68.5,0.9960614673599618,-0.013799791716550942,0.08703116541155358,0.00983337360250176,-4.0,-0.5,68.5,35.561399838121346,7.856245360239548,0,feet,0.041713612444063575,-0.2079887682868704,-0.3125014319716053,-39.80968149516725,63.54978552230705,9.654986127067936,-39.62889899469982,59.97546142282857,0.0,1,2.4868995751603507e-14,0.04109719968867598,-0.18973507836501735,-0.2639198743002651,-39.404476887763906,-63.83979486608792,9.636025213096467,-39.48803325893248,-66.27374631292423,0.0,1,1.7763568394002505e-15,0.008294571861600986,-0.13140151167884673,-0.681147463352008,77.66625874470687,63.86445716503036,9.660386733893013,77.85090268122535,67.40855192314066,0.0,1,-7.638334409421077e-14,0.009122871579041458,-0.10189154329144712,-0.6187519577364187,78.27289616305984,-63.52952166983161,9.64948723672822,77.73640930774546,-60.00572551917024,0.0,1,-2.3092638912203256e-14
6.158333333333333,6158333,center_after_right_slump,-4.0,-0.47768700590794033,68.52231299409206,0.9960730927321396,-0.013184041047682924,0.08704203568521232,0.009394627212287355,-4.0,-0.47768700590794033,68.52231299409206,35.56142473439143,7.884115776665567,0,feet,0.039833909882998064,-0.20797096107792212,-0.3110941604427002,-39.79605214760422,63.55682421712055,9.65262309186459,-39.62889899469982,59.97546142282857,0.0,1,1.7763568394002505e-14,0.03927117145656389,-0.19055127512830872,-0.2646719003385938,-39.4088900919791,-63.83369594203753,9.634519903285813,-39.48803325893248,-66.27374631292423,0.0,1,0.0,0.007950209739645775,-0.13087441864876626,-0.6794362222152328,77.68023678746572,63.85713606615106,9.657954827475919,77.85090268122535,67.40855192314066,0.0,1,-1.0658141036401503e-14,0.008706124043222907,-0.10270890085026307,-0.6198236042070184,78.25947428197514,-63.53734178743092,9.64736497472827,77.73640930774546,-60.00572551917024,0.0,1,3.907985046680551e-14
6.166666666666667,6166667,center_after_right_slump,-4.0,-0.4554245842597918,68.54457541574021,0.9960841629967706,-0.012569675242405784,0.08705238691153325,0.008956864648319102,-4.0,-0.4554245842597918,68.54457541574021,35.56144957423407,7.911981780471308,0,feet,0.0379601456337455,-0.20795754426456936,-0.3096880144165923,-39.78243478345938,63.5638135352575,9.650253264721016,-39.62889899469982,59.97546142282857,0.0,1,3.552713678800501e-15,0.03744853657931335,-0.19136813831000543,-0.2654210468560403,-39.41327824652815,-63.82759762149846,9.633008433906134,-39.48803325893248,-66.27374631292423,0.0,1,0.0,0.007604091134947311,-0.13035307029895504,-0.677727872244013,77.69416527192331,63.84982794558287,9.655500500865593,77.85090268122535,67.40855192314066,0.0,1,-3.019806626980426e-14,0.008291107862095526,-0.10352596078644982,-0.620891583989315,78.2460746870193,-63.545129156443586,9.645228067948807,77.73640930774546,-60.00572551917024,0.0,1,-2.6645352591003757e-14
6.175,6175000,center_after_right_slump,-4.0,-0.43326313533795435,68.56673686466205,0.9960946584705143,-0.011958085779488724,0.08706220068497891,0.00852107756615125,-4.0,-0.43326313533795435,68.56673686466205,35.55682741532472,7.939779678959411,0,feet,0.036096618874632114,-0.20794856784725768,-0.3082862488116822,-39.76885659423017,63.57074289633155,9.64788463815021,-39.61997633853228,59.968726973475306,0.0,1,2.4868995751603507e-14,0.035633429330190314,-0.1921837940074722,-0.2661656246973183,-39.41763149632121,-63.82151388548983,9.631494325067663,-39.48803325893248,-66.27374631292423,0.0,1,3.552713678800501e-15,0.007257038825214224,-0.12983859702902123,-0.6760262873438303,77.70801284732114,63.84254937187542,9.653029637677122,77.85090268122535,67.40855192314066,0.0,1,3.019806626980426e-14,0.007878755826914219,-0.10434085425426831,-0.6219534909003306,78.23272784399626,-63.55286626969937,9.643081550813108,77.73640930774546,-60.00572551917024,0.0,1,1.7763568394002505e-14
6.183333333333334,6183333,center_after_right_slump,-4.0,-0.41125271510180583,68.58874728489819,0.9961045643584724,-0.011350654713404467,0.0870714631709484,0.008088250927447884,-4.0,-0.41125271510180583,68.58874728489819,35.55685041963513,7.967445686533708,0,feet,0.03424743015442866,-0.20794385757748923,-0.3068920630511389,-39.75535299612048,63.57759223602895,9.645523661648156,-39.61997633853228,59.968726973475306,0.0,1,-8.881784197001252e-15,0.03382996243342662,-0.19299635845969165,-0.2669039669551725,-39.42194019102517,-63.8154587373951,9.629981158991185,-39.48803325893248,-66.27374631292423,0.0,1,6.217248937900877e-14,0.006909892288119668,-0.12933208072823899,-0.6743353239140939,77.72174853786031,63.83531683356011,9.650548330948723,77.85090268122535,67.40855192314066,0.0,1,-1.7763568394002505e-14,0.007469987246452536,-0.1051517112810294,-0.6230069463487538,78.21946408239884,-63.56053587566142,9.640930598401312,77.73640930774546,-60.00572551917024,0.0,1,4.440892098500626e-14
6.191666666666666,6191667,center_after_right_slump,-4.0,-0.3894428630261898,68.61055713697381,0.9961138707180498,-0.010748749910110855,0.08708016507199863,0.0076593596016621135,-4.0,-0.3894428630261898,68.61055713697381,35.556873214320646,7.994916153912129,0,feet,0.03241669867360564,-0.2079433828501971,-0.3055085888465401,-39.74195447784196,63.58434690719633,9.643172499676169,-39.61997633853228,59.968726973475306,0.0,1,1.4210854715202004e-14,0.03204221278867836,-0.19380394492265962,-0.2676344346035622,-39.42619491712443,-63.80944615187071,9.628472566085648,-39.48803325893248,-66.27374631292423,0.0,1,-8.881784197001252e-15,0.006563504160658429,-0.12883455186797033,-0.6726588074911879,77.73534184628848,63.828146682061046,9.648062856823259,77.85090268122535,67.40855192314066,0.0,1,-7.283063041541027e-14,0.007065704892144087,-0.10595666751498856,-0.6240496073298631,78.20631348888348,-63.56812103583123,9.638780505465647,77.73640930774546,-60.00572551917024,0.0,1,-1.7763568394002505e-14
6.2,6200000,center_after_right_slump,-4.0,-0.367882429939906,68.63211757006009,0.996122572373364,-0.010153720282539016,0.0870883015478222,0.007235364967425682,-4.0,-0.367882429939906,68.63211757006009,35.55689574832454,8.022127802823547,0,feet,0.03060847254296517,-0.20794701688783723,-0.3041389843720945,-39.72869168311415,63.59099274891068,9.640836771570328,-39.61997633853228,59.968726973475306,0.0,1,-1.4210854715202004e-14,0.030274207126114838,-0.19460467078184118,-0.2683554220139093,-39.43038652846883,-63.80349002256672,9.626972210127455,-39.48803325893248,-66.27374631292423,0.0,1,1.7763568394002505e-15,0.006218736484135068,-0.12834698701386316,-0.6710005192949713,77.74876285581261,63.821055074237826,9.645579645688088,77.85090268122535,67.40855192314066,0.0,1,-5.329070518200751e-15,0.006666792018572565,-0.10675387111439383,-0.6250791743034485,78.1933058000487,-63.57560518070223,9.63663666361991,77.73640930774546,-60.00572551917024,0.0,1,1.7763568394002505e-15
6.208333333333333,6208333,center_after_right_slump,-4.0,-0.34661940586419754,68.6533805941358,0.9961306687819823,-0.009566891026050942,0.0870958720906509,0.006817211513908413,-4.0,-0.34661940586419754,68.6533805941358,35.556917971489796,8.04901796598623,0,feet,0.028826714392803154,-0.20795459768559432,-0.3027863699817259,-39.71559487087647,63.59751613904853,9.638522102386432,-39.61997633853228,59.968726973475306,0.0,1,1.4210854715202004e-14,0.02852990759484575,-0.19539666489361718,-0.26906536235597267,-39.43450617532722,-63.79760410872588,9.625483772572629,-39.48803325893248,-66.27374631292423,0.0,1,1.9539925233402755e-14,0.005876554082889118,-0.1278701341442674,-0.6693641239002095,77.76197604914026,63.81406202005001,9.643107935261568,77.85649472150145,67.4161528501323,0.0,1,-2.1316282072803006e-14,0.006274109457217847,-0.10754148977091926,-0.6260933989584583,78.18047029456787,-63.582972164299925,9.634504536768503,77.73640930774546,-60.00572551917024,0.0,1,-1.7763568394002505e-15
6.216666666666667,6216667,center_after_right_slump,-4.0,-0.3257007478512407,68.67429925214876,0.9961381638562676,-0.00898955885411717,0.0871028803582112,0.006405823442394822,-4.0,-0.3257007478512407,68.67429925214876,35.551549352852994,8.075524832111128,0,feet,0.027075373358937505,-0.20796593478852277,-0.30145390699121233,-39.70269064142147,63.603909462701985,9.636239537984459,-39.60964581127365,59.96241005616753,0.0,1,-1.4210854715202004e-14,0.026813197288114043,-0.1961780751452591,-0.2697627328863037,-39.43854533197893,-63.79180198073391,9.62401093604661,-39.48803325893248,-66.27374631292423,0.0,1,1.2434497875801753e-14,0.005537726040573343,-0.12740502186889202,-0.6677533446456012,77.77495925720834,63.807178940400874,9.640652574677297,77.85649472150145,67.4161528501323,0.0,1,-7.993605777301127e-14,0.005888492780581345,-0.10831771785933242,-0.6270900918692734,78.16783568472997,-63.59020631736096,9.632389634860445,77.73640930774546,-60.00572551917024,0.0,1,4.440892098500626e-14
6.225,6225000,center_after_right_slump,-4.0,-0.30517220782263343,68.69482779217736,0.9961450657420707,-0.008422987234447548,0.08710933396679635,0.006002101268307763,-4.0,-0.30517220782263343,68.69482779217736,35.55156912949276,8.101587695622186,0,feet,0.025358113527867765,-0.20798075949561534,-0.30014454578671446,-39.69001160502297,63.61015476195789,9.633991260230474,-39.60964581127365,59.96241005616753,0.0,1,1.2434497875801753e-14,0.025127865709292152,-0.19694707622066687,-0.27044606012845795,-39.442495822896696,-63.78609696470762,9.622557367061404,-39.48803325893248,-66.27374631292423,0.0,1,3.552713678800501e-14,0.00520311821650532,-0.12695246463073406,-0.6661717365340554,77.7876850293225,63.800421050984156,9.638219314872728,77.85649472150145,67.4161528501323,0.0,1,8.348877145181177e-14,0.005510749533055304,-0.10908078370409946,-0.6280671300496503,78.1554300074491,-63.59729249921917,9.630297486067775,77.73640930774546,-60.00572551917024,0.0,1,-4.973799150320701e-14
6.233333333333333,6233333,center_after_right_slump,-4.0,-0.2850781604078841,68.71492183959212,0.9961513865579629,-0.007868401625786047,0.08711524424744004,0.005606918423887264,-4.0,-0.2850781604078841,68.71492183959212,35.55158848755411,8.12714721073607,0,feet,0.023678559492075646,-0.20799885592850176,-0.2988611874418403,-39.67758590030501,63.616240240217785,9.63178056394819,-39.60964581127365,59.96241005616753,0.0,1,4.263256414560601e-14,0.02347759418336226,-0.19770187755694257,-0.2711139249505332,-39.446349847587975,-63.78050208621298,9.621126698019317,-39.48803325893248,-66.27374631292423,0.0,1,1.9539925233402755e-14,0.004873588794654715,-0.12651320656983467,-0.664622767210814,77.80012677079452,63.793803140330546,9.635814859819831,77.85649472150145,67.4161528501323,0.0,1,-2.4868995751603507e-14,0.005141656524152882,-0.1098289569524864,-0.6290224644115003,78.14328051480712,-63.60421614848042,9.628233607508392,77.73640930774546,-60.00572551917024,0.0,1,3.552713678800501e-14
6.241666666666666,6241667,center_after_right_slump,-4.0,-0.26546143078290063,68.7345385692171,0.9961571420986233,-0.00732698471555451,0.08712062596857052,0.005221117861706972,-4.0,-0.26546143078290063,68.7345385692171,35.54551478657946,8.152145649497633,0,feet,0.022040287602434816,-0.2080199731151362,-0.2976067367283859,-39.66543814369382,63.62216055253908,9.62961647377692,-39.59798330664144,59.956579872703934,0.0,1,4.263256414560601e-14,0.021865941219105345,-0.1984407314747232,-0.2717649675468392,-39.45010000418249,-63.77503001321527,9.619722508570796,-39.48803325893248,-66.27374631292423,0.0,1,2.4868995751603507e-14,0.00454998392964745,-0.12608793103347748,-0.6631097913733655,77.81225895395303,63.78733951033514,9.633445890255125,77.85649472150145,67.4161528501323,0.0,1,4.796163466380676e-14,0.004781957178995988,-0.11056055604268389,-0.6299541271367,78.13141356419457,-63.61096333258355,9.626203474643809,77.73640930774546,-60.00572551917024,0.0,1,2.842170943040401e-14
6.25,6250000,center_after_right_slump,-4.0,-0.2463631225084786,68.75363687749152,0.996162351506385,-0.006799871658500845,0.08712549702889096,0.004845508659181657,-4.0,-0.2463631225084786,68.75363687749152,35.545531421719154,8.176527163324451,0,feet,0.020446538846685236,-0.20804369086548924,-0.29638396628261177,-39.653598555942324,63.62789934087637,9.627505679776078,-39.59798330664144,59.956579872703934,0.0,1,-1.0658141036401503e-14,0.02029632782776014,-0.19916194146334032,-0.272397892331782,-39.45373931186742,-63.76969299836977,9.618348306399334,-39.48803325893248,-66.27374631292423,0.0,1,6.039613253960852e-14,0.004233243024784006,-0.1256770969041403,-0.6616360002832806,77.82405168866052,63.781048646405985,9.631123110558363,77.86371413990612,67.4234496299125,0.0,1,3.375077994860476e-14,0.004432358940289927,-0.11127395575460497,-0.6308602389711551,78.11985450812142,-63.617520796356956,9.62421248950394,77.73640930774546,-60.00572551917024,0.0,1,4.973799150320701e-14
6.258333333333334,6258333,center_after_right_slump,-4.0,-0.22782244536879104,68.77217755463121,0.9961670369153058,-0.006288145316475534,0.08712987812456648,0.004480862624187959,-4.0,-0.22782244536879104,68.77217755463121,35.53881592878448,8.200238047574572,0,feet,0.018900575453215218,-0.20806975238849468,-0.29519552779676594,-39.64208980316113,63.63345295759707,9.625454528219507,-39.58510770194049,59.95129659363434,0.0,1,5.5067062021407764e-14,0.018772022804393718,-0.1998638706000131,-0.2730114727552526,-39.45726123229012,-63.76450282076537,9.617007507514245,-39.48803325893248,-66.27374631292423,0.0,1,1.9539925233402755e-14,0.003924060001182728,-0.12528141419478533,-0.6602045398046257,77.83548735491539,63.77493882799367,9.628850532763991,77.86371413990612,67.4234496299125,0.0,1,-1.4210854715202004e-14,0.00409434328478353,-0.11197102941841797,-0.6317415137395321,78.10878270190258,-63.62383787723463,9.622307381310542,77.79797558731573,-60.24552022080727,0.0,1,1.0658141036401503e-14
6.266666666666667,6266667,center_after_right_slump,-4.0,-0.20987654320987653,68.79012345679013,0.9961712230724461,-0.005792831499426695,0.08713379239509852,0.004127910901887463,-4.0,-0.20987654320987653,68.79012345679013,35.53882973022912,8.223227008617073,0,feet,0.017405289063872953,-0.2080977967818054,-0.2940438897995361,-39.63093878433361,63.638806210995845,9.623464535036462,-39.58510770194049,59.95129659363434,0.0,1,2.1316282072803006e-14,0.01729612797861435,-0.20054495008075035,-0.2736045560499223,-39.46065969006098,-63.7594707272413,9.615703416137414,-39.48803325893248,-66.27374631292423,0.0,1,2.842170943040401e-14,0.003623341082870546,-0.12490125990207224,-0.6588182794886084,77.84653955115617,63.769027913569076,9.62663641679518,77.87247837417934,67.43038706901137,0.0,1,7.815970093361102e-14,0.003767696798394393,-0.11264614209590729,-0.6325943351578891,78.09805488799859,-63.62994230873593,9.62050259262331,77.79797558731573,-60.24552022080727,0.0,1,-1.0658141036401503e-14
6.275,6275000,center_after_right_slump,-4.0,-0.1925603217781282,68.80743967822187,0.996174936941317,-0.005314894207669924,0.08713726505252622,0.003787340582807552,-4.0,-0.1925603217781282,68.80743967822187,35.53153436794429,8.245445432854396,0,feet,0.015963573390369135,-0.2081275346025837,-0.2929314368503002,-39.62016604687756,63.643957068653336,9.62154158866695,-39.57113857411885,59.94661477248961,0.0,1,3.730349362740526e-14,0.015871563441640646,-0.20120368783919051,-0.27417606792187543,-39.463929092505744,-63.75460737339757,9.61443920427358,-39.48803325893248,-66.27374631292423,0.0,1,6.217248937900877e-14,0.0033317064493951776,-0.12453717408382792,-0.6574800742746256,77.85719250800948,63.763322078601746,9.62448715970126,77.87247837417934,67.43038706901137,0.0,1,2.6645352591003757e-14,0.003453009964927034,-0.11329850519654405,-0.6334164625615486,78.08769890481229,-63.63582322292231,9.618749219299701,77.79797558731573,-60.24552022080727,0.0,1,1.4210854715202004e-14
6.283333333333333,6283333,center_after_right_slump,-4.0,-0.17590627655878247,68.82409372344122,0.9961782072926936,-0.0048552308754549476,0.08714032299881272,0.003459791312201751,-4.0,-0.17590627655878247,68.82409372344122,35.53154533320667,8.266847657120671,0,feet,0.014577922472601035,-0.2081585196661191,-0.29186042437393045,-39.60979578980176,63.6488917581334,9.619691108958875,-39.57113857411885,59.94661477248961,0.0,1,6.217248937900877e-14,0.014501052757008193,-0.20183867722846394,-0.27472501719696707,-39.46706434882631,-63.74992276442402,9.613217891059954,-39.48803325893248,-66.27374631292423,0.0,1,8.881784197001252e-15,0.0030498705868109433,-0.12418958015968196,-0.6561924514372452,77.86742795106407,63.757832280103095,9.622404491837756,77.87247837417934,67.43038706901137,0.0,1,-2.4868995751603507e-14,0.0031508191498557103,-0.1139267898903551,-0.6342064373263532,78.07773471130531,-63.641470595257594,9.617051859974822,77.79797558731573,-60.24552022080727,0.0,1,1.0658141036401503e-14
6.291666666666667,6291667,center_after_right_slump,-4.0,-0.15994432061440816,68.84005567938559,0.9961810642881698,-0.004414667615817986,0.08714299443644423,0.003145851900678658,-4.0,-0.15994432061440816,68.84005567938559,35.53155584278754,8.28739123986037,0,feet,0.01325071185778004,-0.20819050651689208,-0.2908328227875763,-39.599847133578656,63.65360370959584,9.617911162477995,-39.57113857411885,59.94661477248961,0.0,1,-7.105427357601002e-15,0.01318710816243085,-0.2024486057402184,-0.27525050043604793,-39.47006088884085,-63.74542619587316,9.61204232199269,-39.48803325893248,-66.27374631292423,0.0,1,7.105427357601002e-15,0.002778633723441004,-0.12385862713927231,-0.6549578102670162,77.8772241627598,63.752574196516136,9.62040178532883,77.88270100380956,67.43688501965177,0.0,1,-1.7763568394002505e-15,0.0028623176934674532,-0.1145326945022278,-0.6349651247300665,78.0683143909881,-63.646842751838925,9.615454558752752,77.85887634862159,-60.48548511588986,0.0,1,-3.375077994860476e-14
6.3,6300000,center_after_right_slump,-4.0,-0.144701612423395,68.85529838757661,0.996183539061962,-0.0039939544666773895,0.08714530847739023,0.002846056936057573,-4.0,-0.144701612423395,68.85529838757661,35.523751651890805,8.307037232478493,0,feet,0.011984177791508177,-0.2082231992903898,-0.2898505137592333,-39.590336313445405,63.65809300167937,9.61620605586527,-39.55621658349225,59.942567341235446,0.0,1,2.1316282072803006e-14,0.011932015770458548,-0.20303226373429029,-0.2757517065328683,-39.47291468148366,-63.74112619450254,9.610915148128846,-39.48803325893248,-66.27374631292423,0.0,1,2.6645352591003757e-14,0.002518626751124131,-0.12354461153778074,-0.65377829887565,77.88656661429987,63.74755722936437,9.618482143670988,77.89427704457319,67.4428853742061,0.0,1,4.263256414560601e-14,0.0025872051696333997,-0.11511155652462124,-0.6356895274167704,78.05931017681738,-63.651965644252684,9.613960688052401,77.85887634862159,-60.48548511588986,0.0,1,-2.1316282072803006e-14
6.308333333333334,6308333,center_after_right_slump,-4.0,-0.1302023837184426,68.86979761628156,0.9961856633065345,-0.003593760638101429,0.08714729475563918,0.0025608833963806283,-4.0,-0.1302023837184426,68.86979761628156,35.52375948451912,8.325750450245224,0,feet,0.010780128792370114,-0.20825602335975368,-0.2889153588785689,-39.58128289396217,63.662348674691096,9.614588525236165,-39.55621658349225,59.942567341235446,0.0,1,8.881784197001252e-15,0.010737820775659657,-0.20358855315209023,-0.27622792130895135,-39.47562225325024,-63.737030459311086,9.609838805365897,-39.48803325893248,-66.27374631292423,0.0,1,1.9539925233402755e-14,0.0022702803185778997,-0.12324780680462455,-0.6526559330542874,77.89544501754762,63.74278330573841,9.616649708483308,77.89427704457319,67.4428853742061,0.0,1,3.552713678800501e-14,0.002325868694362576,-0.115662847047167,-0.6363780501685583,78.05074202352637,-63.65683213844986,9.612531320765441,77.85887634862159,-60.48548511588986,0.0,1,-7.105427357601002e-15
6.316666666666666,6316667,center_after_right_slump,-4.0,-0.11646776732504904,68.88353223267495,0.996187468867637,-0.003214669760651641,0.08714898304853265,0.0022907472639861525,-4.0,-0.11646776732504904,68.88353223267495,35.52376690409622,8.343499742138796,0,feet,0.009640210661750803,-0.20828882240503876,-0.2880287001803863,-39.57269999447713,63.6663667575405,9.613051555179403,-39.55621658349225,59.942567341235446,0.0,1,1.7763568394002505e-15,0.0096063126760213,-0.20411649618673522,-0.2766785321200089,-39.47818070677776,-63.73314580289144,9.608815493898717,-39.48803325893248,-66.27374631292423,0.0,1,3.907985046680551e-14,0.0020341153163334624,-0.12296841137374637,-0.6515923456428268,77.90384830171485,63.7382596335126,9.61490326572968,77.89427704457319,67.4428853742061,0.0,1,1.7763568394002505e-14,0.0020786352009416476,-0.11618566085128768,-0.6370297722708704,78.0426229074794,-63.66143612611513,9.611169811743018,77.85887634862159,-60.48548511588986,0.0,1,-7.105427357601002e-15
6.325,6325000,center_after_right_slump,-4.0,-0.103515625,68.896484375,0.996188987354278,-0.00285717513468373,0.08715040291206708,0.002036000140526807,-4.0,-0.103515625,68.896484375,35.52377390097301,8.360258259015914,0,feet,0.00856580069872237,-0.20832127374691112,-0.28719182468526316,-39.56459992988508,63.67014418333953,9.611597921467656,-39.55621658349225,59.942567341235446,0.0,1,3.552713678800501e-15,0.00853901051615713,-0.20461524388315544,-0.27710303248857215,-39.48058773975296,-63.72947809321772,9.607847157953017,-39.48803325893248,-66.27374631292423,0.0,1,5.329070518200751e-15,0.001810719996020449,-0.12270633504592166,-0.6505890478114233,77.91176308829037,63.73399797703305,9.613257132407853,77.90709045024758,67.44832533857961,0.0,1,2.3092638912203256e-14,0.0018457736705723704,-0.11667921943963755,-0.6376439267228098,78.03496385832558,-63.66577257882459,9.609879167264808,77.85887634862159,-60.48548511588986,0.0,1,7.105427357601002e-15
6.333333333333333,6333333,center_after_right_slump,-4.0,-0.09136037526985742,68.90863962473014,0.9961902497690397,-0.0025216749804709915,0.08715158333521508,0.0017969258627992851,-4.0,-0.09136037526985742,68.90863962473014,35.51553472872673,8.376003719513903,0,feet,0.00755807033241318,-0.2083530141594756,-0.2864058695837173,-39.55699216975156,63.6736837326738,9.610235893649332,-39.54048570981817,59.93918994880208,0.0,1,1.7763568394002505e-15,0.007537148159725948,-0.20508408464200878,-0.27750102677739585,-39.48284166433748,-63.72603219598202,9.606935465892803,-39.48803325893248,-66.27374631292423,0.0,1,-5.329070518200751e-15,0.0016003532548656274,-0.12246176472957737,-0.6496471557257681,77.91918547624516,63.729997332912994,9.611703950324852,77.90709045024758,67.44832533857961,0.0,1,-4.085620730620576e-14,0.0016280630434293286,-0.11714485575823597,-0.6382219419960244,78.02787445157664,-63.669811681366,9.608719053752665,77.92238588012795,-60.729429187622934,0.0,1,-2.6645352591003757e-14
6.341666666666667,6341667,center_after_right_slump,-4.0,-0.08001282126944828,68.91998717873055,0.9961912861639333,-0.0022084676890031557,0.08715255241812983,0.0015737371192404194,-4.0,-0.08001282126944828,68.91998717873055,35.51553944462182,8.39071867311118,0,feet,0.006617737732696138,-0.2083837628113585,-0.2856716252331437,-39.54988560950862,63.67697902262248,9.608964288522294,-39.54048570981817,59.93918994880208,0.0,1,1.0658141036401503e-14,0.006601659598144405,-0.20552245260218793,-0.27787223491782376,-39.48494142729607,-63.722811917588494,9.606081790793837,-39.48803325893248,-66.27374631292423,0.0,1,2.3092638912203256e-14,0.0014034626907672987,-0.12223451693359477,-0.6487676212080382,77.92610706106629,63.72626684027381,9.610255682189688,77.92101078736076,67.45314585964563,0.0,1,-7.638334409421077e-14,0.0014250425658000054,-0.11757990303066501,-0.6387612733537802,78.02125363125644,-63.6735784015118,9.607635998325044,77.92238588012795,-60.729429187622934,0.0,1,-7.105427357601002e-15
6.35,6350000,center_after_right_slump,-4.0,-0.06947997858035342,68.93052002141965,0.996192125326722,-0.0019177470733065327,0.0871533370788375,0.0013665720669376446,-4.0,-0.06947997858035342,68.93052002141965,35.51554382193355,8.404390759803547,0,feet,0.005745293527429585,-0.20841331813296815,-0.28498960886705094,-39.543285204812605,63.68002989153205,9.607781164362905,-39.54048570981817,59.93918994880208,0.0,1,4.973799150320701e-14,0.005733164302301752,-0.20592993587799846,-0.27821649720672514,-39.48688663100638,-63.71981994890574,9.605287191571428,-39.48803325893248,-66.27374631292423,0.0,1,1.0658141036401503e-14,0.0012202907986078593,-0.12202454003172392,-0.6479510045719361,77.93252557727722,63.722808591380684,9.60891069739177,77.93589713783665,67.45731075216628,0.0,1,-2.4868995751603507e-14,0.0012367918938616107,-0.11798407010400425,-0.6392615895255398,78.01510654724349,-63.67707123403509,9.60662626244411,77.92238588012795,-60.729429187622934,0.0,1,6.572520305780927e-14
6.358333333333333,6358333,center_after_right_slump,-4.0,-0.05976490306939643,68.9402350969306,0.9961927945022748,-0.001649597620129615,0.08715396279268607,0.001175490949000037,-4.0,-0.05976490306939643,68.9402350969306,35.506948635270426,8.417012965893399,0,feet,0.004940970104113429,-0.20844135386654683,-0.28436022238693504,-39.5371937380473,63.682841302829324,9.60669456377461,-39.52409056297552,59.9365248008787,0.0,1,6.039613253960852e-14,0.004931952623461022,-0.20630628462885348,-0.2785337791847504,-39.48867755551651,-63.71705780986947,9.604552394743862,-39.48803325893248,-66.27374631292423,0.0,1,1.4210854715202004e-14,0.0010508816918992636,-0.12183169195800758,-0.6471976497641387,77.93844160035931,63.71961806105071,9.607670342974686,77.93589713783665,67.45731075216628,0.0,1,1.0658141036401503e-14,0.0010633224170604194,-0.11835716004003016,-0.6397228108874993,78.00943534863733,-63.68028993543117,9.605691132825541,77.92238588012795,-60.729429187622934,0.0,1,-2.842170943040401e-14
6.366666666666666,6366667,center_after_right_slump,-4.0,-0.05086651872713235,68.94913348127287,0.9961933191530709,-0.001403989741841662,0.08715445336840241,0.0010004727121395028,-4.0,-0.05086651872713235,68.94913348127287,35.50695117747031,8.428583875438555,0,feet,0.004204531366633457,-0.20846774633526488,-0.2837834075102892,-39.531611539441336,63.685410747619514,9.605698155828264,-39.52409056297552,59.9365248008787,0.0,1,8.881784197001252e-15,0.004197971248917742,-0.20665141894143835,-0.27882417660753145,-39.49031518180356,-63.714525795018005,9.603877776903744,-39.48803325893248,-66.27374631292423,0.0,1,-1.9539925233402755e-14,0.0008953287854089886,-0.12165580432889911,-0.6465074484662958,77.94385736783832,63.71669508353914,9.606529737691048,77.93589713783665,67.45731075216628,0.0,1,-1.0658141036401503e-14,0.0009045749489580146,-0.11869914069759924,-0.6401450490860565,78.00423974326966,-63.6832355742473,9.60483142369469,77.92238588012795,-60.729429187622934,0.0,1,1.0658141036401503e-14
6.375,6375000,center_after_right_slump,-4.0,-0.042779445506336645,68.95722055449366,0.9961937227624403,-0.0011807750284001683,0.08715483076411136,0.0008414116243199302,-4.0,-0.042779445506336645,68.95722055449366,35.50695348788486,8.439107916966258,0,feet,0.003535461053257194,-0.20849233710864423,-0.28325889255790937,-39.52653588499305,63.68774125528297,9.604790919132355,-39.52409056297552,59.9365248008787,0.0,1,2.4868995751603507e-14,0.003530808717249201,-0.20696543650690646,-0.2790879205201011,-39.49180121636669,-63.712222920030236,9.603263347961708,-39.48803325893248,-66.27374631292423,0.0,1,4.440892098500626e-14,0.000753737259265197,-0.12149653772844404,-0.6458800153302247,77.94877585061501,63.714042362971796,9.605491513733,77.95161100010196,67.46076910097914,0.0,1,-8.881784197001252e-15,0.0007604169943582484,-0.11901015191455633,-0.6405286147036784,77.99951689490683,-63.6859105820059,9.60404745268336,77.92238588012795,-60.729429187622934,0.0,1,1.5987211554602254e-14
6.383333333333334,6383333,center_after_right_slump,-4.0,-0.035493827160493825,68.9645061728395,0.9961940266835013,-0.0009796814992559318,0.08715511494608161,0.0006981138923447692,-4.0,-0.035493827160493825,68.9645061728395,35.4980907598287,8.448595605126982,0,feet,0.002932929134765949,-0.20851492007427952,-0.28278618436335856,-39.521961334400714,63.68984016934275,9.603977140293743,-39.50719729370583,59.93459691168532,0.0,1,4.440892098500626e-14,0.002929680997125761,-0.20724862007868072,-0.27932538244309857,-39.493138117268785,-63.71014686932347,9.60270873521332,-39.48803325893248,-66.27374631292423,0.0,1,3.197442310920451e-14,0.0006259182178633971,-0.12135349287915798,-0.6453147174193887,77.95320419194317,63.711652087654,9.604559104399577,77.95161100010196,67.46076910097914,0.0,1,7.105427357601002e-15,0.0006306399437967514,-0.11929051255915413,-0.6408740250342948,77.99526132103263,-63.68831880542419,9.603339018380375,77.92238588012795,-60.729429187622934,0.0,1,-3.907985046680551e-14
6.391666666666667,6391667,center_after_right_slump,-4.0,-0.028995159082286406,68.97100484091771,0.9961942500360225,-0.0008003088550812721,0.08715532379228641,0.0005702942792701288,-4.0,-0.028995159082286406,68.97100484091771,35.49809174661529,8.457063777043345,0,feet,0.0023956248083010223,-0.20853543471977476,-0.2823643659290025,-39.51787949319585,63.69170932807925,9.603251480282928,-39.50719729370583,59.93459691168532,0.0,1,1.9539925233402755e-14,0.0023934171326547293,-0.2075014446999739,-0.27953707967743346,-39.49432912171237,-63.70829394475164,9.602213168270104,-39.48803325893248,-66.27374631292423,0.0,1,1.0658141036401503e-14,0.0005116982485531274,-0.12122630353744368,-0.6448103837510857,77.95715263060222,63.709519637315175,9.60372496792057,77.95161100010196,67.46076910097914,0.0,1,1.4210854715202004e-14,0.0005149561915316347,-0.11954072744542588,-0.6411820119737937,77.99146479122714,-63.690465560000405,9.602705379613909,77.92238588012795,-60.729429187622934,0.0,1,-8.881784197001252e-15
6.4,6400000,center_after_right_slump,-4.0,-0.023264116142083652,68.97673588385791,0.9961944096526189,-0.0006421237292269329,0.08715547304209324,0.00045757272155016955,-4.0,-0.023264116142083652,68.97673588385791,35.49809261684226,8.464535823199753,0,feet,0.001921900898091522,-0.20855383469407318,-0.2819922241195756,-39.51427857315721,63.693355320169836,9.602610681189375,-39.50719729370583,59.93459691168532,0.0,1,4.263256414560601e-14,0.0019204449571126325,-0.20772458469410982,-0.2797236807318191,-39.49537827520953,-63.70665901542818,9.601775464877406,-39.48803325893248,-66.27374631292423,0.0,1,6.217248937900877e-14,0.0004108081107583317,-0.1211144543733873,-0.6443655469958052,77.96063344283874,63.707638791989794,9.602987451155023,77.95161100010196,67.46076910097914,0.0,1,-2.842170943040401e-14,0.0004129961745689137,-0.11976149410917802,-0.641453530029187,77.98811622615217,-63.69235768501034,9.602145236516044,77.92238588012795,-60.729429187622934,0.0,1,-1.2434497875801753e-14
6.408333333333333,6408333,center_after_right_slump,-4.0,-0.018276380526430422,68.98172361947357,0.9961945200747551,-0.0005044549388355436,0.08715557629252553,0.00035947094584363765,-4.0,-0.018276380526430422,68.98172361947357,35.498093374202156,8.47104191282228,0,feet,0.00150970501834502,-0.20857008357685514,-0.2816682350300139,-39.51114375165628,63.694786013220316,9.60205234095973,-39.50719729370583,59.93459691168532,0.0,1,-3.552713678800501e-15,0.0015087768756267828,-0.2079189204152745,-0.2798860108751047,-39.49629046237138,-63.705235468678,9.601394017627428,-39.48803325893248,-66.27374631292423,0.0,1,3.197442310920451e-14,0.00032294237186025754,-0.1210172982480251,-0.6439783790059974,77.96366095322705,63.70600443495921,9.602348630494049,77.96799794480415,67.46348551523343,0.0,1,-1.0658141036401503e-14,0.0003243053317603106,-0.11995370944376971,-0.6416897644477415,77.98520159714116,-63.694003599933005,9.601656713387513,77.92238588012795,-60.729429187622934,0.0,1,1.7763568394002505e-15
6.416666666666667,6416667,center_after_right_slump,-4.0,-0.014002469576535935,68.98599753042346,0.9961945935979858,-0.00038648873556315226,0.08715564504056503,0.0002754090854336996,-4.0,-0.014002469576535935,68.98599753042346,35.498094023171745,8.476619213811887,0,feet,0.001156565177184099,-0.20858418125433076,-0.2813905298978576,-39.508456881522335,63.69601060613889,9.601573425484958,-39.50719729370583,59.93459691168532,0.0,1,1.7763568394002505e-15,0.0011559957159668066,-0.20808554476232688,-0.2800250578125625,-39.49707143930527,-63.704015162099815,9.601066781557599,-39.48803325893248,-66.27374631292423,0.0,1,2.1316282072803006e-14,0.0002475603647784652,-0.12093421278041339,-0.6436465921644832,77.96625434866267,63.70460382056701,9.60180126148419,77.96799794480415,67.46348551523343,0.0,1,-3.197442310920451e-14,0.00024834098376302904,-0.12011847619766902,-0.6418921394648236,77.98270382638134,-63.695413362289806,9.601237343340316,77.92238588012795,-60.729429187622934,0.0,1,1.0658141036401503e-14
6.425,6425000,center_after_right_slump,-4.0,-0.010407563626762657,68.98959243637324,0.9961946403647127,-0.0002872640558842243,0.08715568876988389,0.0002047022962367936,-4.0,-0.010407563626762657,68.98959243637324,35.49809456903821,8.48131210742305,0,feet,0.0008595752642164278,-0.20859616375109047,-0.28115688426088736,-39.50619638609912,63.69703968408902,9.601170251325335,-39.50719729370583,59.93459691168532,0.0,1,1.4210854715202004e-14,0.000859240645008974,-0.2082257694639198,-0.2801419774821716,-39.49772786757077,-63.702988376696965,9.600791262601135,-39.48803325893248,-66.27374631292423,0.0,1,1.0658141036401503e-14,0.00018408931086089098,-0.1208644549457838,-0.6433674865741565,77.96843522919633,63.703425610275225,9.601340084570182,77.96799794480415,67.46348551523343,0.0,1,7.105427357601002e-15,0.0001844691365149309,-0.12025710933889977,-0.6420623266663759,77.9806026876642,-63.69659872685177,9.600884054656689,77.92238588012795,-60.729429187622934,0.0,1,6.217248937900877e-14
6.433333333333334,6433333,center_after_right_slump,-4.0,-0.007451333843115044,68.99254866615688,0.9961946685014615,-0.0002056677709784052,0.08715571507920561,0.0001465573723988262,-4.0,-0.007451333843115044,68.99254866615688,35.49809501792525,8.485172398019074,0,feet,0.0006153804055157863,-0.2086061026929773,-0.2809647072949364,-39.50433715568748,63.69788527630268,9.600838469462452,-39.50719729370583,59.93459691168532,0.0,1,4.263256414560601e-14,0.0006151931467011096,-0.2083411311492811,-0.2802380999636709,-39.49826734959948,-63.70214377100639,9.600564506837124,-39.48803325893248,-66.27374631292423,0.0,1,2.3092638912203256e-14,0.00013185005519789073,-0.1208071777880142,-0.6431379464548748,77.97022831119848,63.70245664418574,9.60096031427463,77.96799794480415,67.46348551523343,0.0,1,-5.1514348342607263e-14,0.00013196121298042485,-0.12037114229498824,-0.6422022534588749,77.97887470766534,-63.6975732061285,9.600593158755338,77.92238588012795,-60.729429187622934,0.0,1,-8.881784197001252e-15
6.441666666666666,6441667,center_after_right_slump,-4.0,-0.005087770061728394,68.99491222993827,0.9961946842962901,-0.00014042993621820148,0.08715572984819074,0.00010006936149760661,-4.0,-0.005087770061728394,68.99491222993827,35.49809537681926,8.488259518390166,0,feet,0.00042016219922436093,-0.20861410443729067,-0.2808110313143177,-39.502850445234664,63.69856091647283,9.600573049976575,-39.50719729370583,59.93459691168532,0.0,1,4.618527782440651e-14,0.00042006305543029754,-0.20843339722577703,-0.2803149354894705,-39.49869846543755,-63.701468336125316,9.600383090460312,-39.48803325893248,-66.27374631292423,0.0,1,2.4868995751603507e-14,9.005483333091036e-05,-0.12076144031321467,-0.6429544110896361,77.97166169463827,63.70168188589242,9.600656338546898,77.96799794480415,67.46348551523343,0.0,1,4.973799150320701e-14,8.99907201716843e-05,-0.12046233308084409,-0.6423141116362108,77.97749306769938,-63.6983521320147,9.600360339607583,77.92238588012795,-60.729429187622934,0.0,1,6.039613253960852e-14
6.45,6450000,center_after_right_slump,-4.0,-0.0032650086273576483,68.99673499137265,0.996194692410419,-9.011904029433354e-05,0.08715573743532265,6.42181793877867e-05,-4.0,-0.0032650086273576483,68.99673499137265,35.49809565359544,8.490640731287797,0,feet,0.00026962384949325013,-0.2086203089192291,-0.280692501411099,-39.50170377308314,63.6990817053465,9.600368267513936,-39.50719729370583,59.93459691168532,0.0,1,1.7763568394002505e-14,0.0002695746366239149,-0.20850457159163938,-0.2803741805426845,-39.49903081062025,-63.70094735150108,9.600243110364808,-39.48803325893248,-66.27374631292423,0.0,1,0.0,5.780515769693295e-05,-0.12072620236964893,-0.6428128618725419,77.9727669744289,63.701084367630436,9.60042170743234,77.96799794480415,67.46348551523343,0.0,1,7.105427357601002e-15,5.7750102275822e-05,-0.12053395248398413,-0.6424010261063571,77.97648071572169,-63.69894738771434,9.600185231297665,78.00913867855412,-61.53023626995183,0.0,1,1.7763568394002505e-14
6.458333333333333,6458333,center_after_right_slump,-4.0,-0.0019251602318662048,68.99807483976814,0.9961946961165283,-5.313725402894921e-05,0.08715574090072749,3.7865224737823794e-05,-4.0,-0.0019251602318662048,68.99807483976814,35.498095857043964,8.492391328011479,0,feet,0.00015897522140484455,-0.2086248882771562,-0.28060536520278845,-39.500860820540105,63.69946437503387,9.600217687369941,-39.50719729370583,59.93459691168532,0.0,1,3.552713678800501e-15,0.00015895270411014906,-0.208556900220235,-0.28041772402335585,-39.49927503493163,-63.70056434131316,9.600140175205702,-39.48803325893248,-66.27374631292423,0.0,1,1.0658141036401503e-14,3.408981156471924e-05,-0.12070031930400882,-0.6427088094133948,77.97357935265212,63.70064513563304,9.600249123080133,77.96799794480415,67.46348551523343,0.0,1,-1.7763568394002505e-15,3.4054742995781595e-05,-0.12058628980100705,-0.6424652492657992,77.97573320739914,-63.69938487944424,9.600083818097723,78.00913867855412,-61.53023626995183,0.0,1,-4.973799150320701e-14
6.466666666666667,6466667,center_after_right_slump,-4.0,-0.0010041377527147343,68.99899586224728,0.9961946975543826,-2.771567893531365e-05,0.08715574224519593,1.9749993316800852e-05,-4.0,-0.0010041377527147343,68.99899586224728,35.4980959968961,8.493594825081274,0,feet,8.291784487379772e-05,-0.20862804533400325,-0.28054546265079683,-39.500281331972815,63.69972735443463,9.600114151973386,-39.50719729370583,59.93459691168532,0.0,1,3.730349362740526e-14,8.29087613105628e-05,-0.20859287666074877,-0.2804476534595124,-39.49944288174888,-63.70030103123556,9.600069396770643,-39.48803325893248,-66.27374631292423,0.0,1,1.9539925233402755e-14,1.778291164633572e-05,-0.12068253647270488,-0.64263728067949,77.97413775135253,63.70034319562404,9.600130430614229,77.96799794480415,67.46348551523343,0.0,1,-3.730349362740526e-14,1.7768174283450122e-05,-0.1206222701488735,-0.642509394105518,77.97521935033228,-63.69968558534101,9.600014066510482,78.00913867855412,-61.53023626995183,0.0,1,8.881784197001252e-15
6.475,6475000,center_after_right_slump,-4.0,-0.00043148409144999096,68.99956851590855,0.9961946979925229,-1.1909595585547258e-05,0.08715574265487987,8.48669209185444e-06,-4.0,-0.00043148409144999096,68.99956851590855,35.49809608385037,8.494343160241542,0,feet,3.562990134708954e-05,-0.20863001202800335,-0.28050821590438435,-39.49992101507095,63.699890835060685,9.600049767512935,-39.50719729370583,59.93459691168532,0.0,1,1.7763568394002505e-15,3.562715067717548e-05,-0.2086152475094245,-0.28046626123503593,-39.499547227605206,-63.700137305322684,9.60002538145963,-39.48803325893248,-66.27374631292423,0.0,1,6.572520305780927e-14,7.641992349149973e-06,-0.1206714837030578,-0.6425928061513657,77.97448492553217,63.700155458359475,9.60005660930063,77.96799794480415,67.46348551523343,0.0,1,3.375077994860476e-14,7.642603569113504e-06,-0.12064464257851037,-0.6425368404420646,77.9748998495738,-63.69987253974137,9.59997068169855,78.00913867855412,-61.53023626995183,0.0,1,-2.842170943040401e-14
6.483333333333333,6483333,center_after_right_slump,-4.0,-0.00013020001219362596,68.9998697999878,0.996194698082711,-3.5937118453668475e-06,0.08715574273921046,2.5608531943798983e-06,-4.0,-0.00013020001219362596,68.9998697999878,35.49809612959868,8.494736889270158,0,feet,1.0751233396444349e-05,-0.20863104790296072,-0.2804886191165572,-39.49973144085128,63.69997683640246,9.600015890400506,-39.50719729370583,59.93459691168532,0.0,1,4.263256414560601e-14,1.0751192907498819e-05,-0.2086270179153411,-0.280476050801286,-39.4996021215451,-63.70005116271456,9.600002221632849,-39.48803325893248,-66.27374631292423,0.0,1,1.7763568394002505e-14,2.3060556988419023e-06,-0.12066566981672588,-0.642569406965023,77.97466757590502,63.700056685116344,9.600017763334108,77.96799794480415,67.46348551523343,0.0,1,-1.7763568394002505e-15,2.3061119822642695e-06,-0.12065765812438789,-0.6425524244278349,77.9747937077751,-63.699971314711696,9.599984207265265,77.96799794480413,-67.46348551523343,0.0,1,-1.0658141036401503e-14
6.491666666666666,6491667,center_after_right_slump,-4.0,-1.6571980131000674e-05,68.99998342801987,0.996194698091599,-4.574110270409667e-07,0.0871557427475213,3.259478055411345e-07,-4.0,-1.6571980131000674e-05,68.99998342801987,35.50719729370584,8.494885385311562,0,feet,1.3684240585121188e-06,-0.20863143878649026,-0.28048122816963517,-39.49965994290547,63.70000926984633,9.600003113213774,-39.50719729370583,59.93459691168532,0.0,1,-1.5987211554602254e-14,1.3684233897137688e-06,-0.20863096125670832,-0.28047962299157003,-39.4996432348038,-63.70001873013907,9.599999389461942,-39.507197293705865,-59.93459691168532,0.0,1,1.7763568394002505e-15,2.9352126240667076e-07,-0.12066347734646898,-0.6425605820088265,77.97473646090221,63.7000194330094,9.600003111458683,77.96799794480415,67.46348551523343,0.0,1,1.7763568394002505e-14,2.935221741218186e-07,-0.12066245761567274,-0.6425584204559844,77.97475251506478,-63.70000856698779,9.599998840388956,77.96799794480413,-67.46348551523343,0.0,1,-3.730349362740526e-14
6.5,6500000,center_after_right_slump,-4.0,0.0,69.0,0.9961946980917455,0.0,0.08715574274765817,0.0,-4.0,0.0,69.0,35.50719729370584,8.494907042713123,0,feet,0.0,-0.20863149580405516,-0.28048015023891226,-39.49964951531304,63.70001399999999,9.600001249710004,-39.50719729370583,59.93459691168532,0.0,1,6.217248937900877e-14,0.0,-0.20863149580405427,-0.2804801797176859,-39.49964951531309,-63.70001399999998,9.600001249709983,-39.507197293705865,-59.93459691168532,0.0,1,4.085620730620576e-14,0.0,-0.12066315759731161,-0.6425592949385468,77.97474650733596,63.70001399999999,9.600000974510145,77.96799794480415,67.46348551523343,0.0,1,-1.7763568394002505e-14,0.0,-0.12066315759731117,-0.6425592949385464,77.97474650733594,-63.70001399999998,9.600000974510131,77.96799794480413,-67.46348551523343,0.0,1,-3.197442310920451e-14
6.508333333333334,6508333,lift_sad_droop,-3.999977140239191,0.0,69.00004000458142,0.9961947415581616,0.0,0.08715524592282202,0.0,-3.999977140239191,0.0,69.00004000458142,35.507220153466655,8.495038156912415,0,feet,0.0,-0.20862990045239016,-0.2804791667919919,-39.499651265768314,63.70001399999999,9.600001251086056,-39.50719729370583,59.93459691168532,0.0,1,1.7763568394002505e-14,0.0,-0.20862990045238972,-0.2804791962706732,-39.499651265768364,-63.70001399999998,9.600001251086034,-39.507197293705865,-59.93459691168532,0.0,1,-3.552713678800501e-15,0.0,-0.12066143654280692,-0.6425564744812653,77.97471882088851,63.70001399999999,9.600000961816491,77.96795222528253,67.46348551523343,0.0,1,6.927791673660977e-14,0.0,-0.12066143654280648,-0.642556474481264,77.97471882088847,-63.70001399999998,9.600000961816441,77.9679522252825,-67.46348551523343,0.0,1,1.7763568394002505e-14
6.516666666666667,6516667,lift_sad_droop,-3.9998194135802434,0.0,69.00031602623457,0.9961950414588595,0.0,0.08715181795453987,0.0,-3.9998194135802434,0.0,69.00031602623457,35.5073778801256,8.495942813888874,0,feet,0.0,-0.20861889289071733,-0.280472381218408,-39.4996633433199,63.70001399999999,9.600001260571922,-39.50719729370583,59.93459691168532,0.0,1,-1.2434497875801753e-14,0.0,-0.20861889289071733,-0.28047241069645423,-39.49966334331988,-63.70001399999998,9.600001260571943,-39.507197293705865,-59.93459691168532,0.0,1,8.881784197001252e-15,0.0,-0.12064956188129772,-0.6425370139205038,77.97452779111191,63.70001399999999,9.60000087330966,77.96763677196464,67.46348551523343,0.0,1,-6.217248937900877e-14,0.0,-0.12064956188129683,-0.6425370139205038,77.97452779111188,-63.70001399999998,9.600000873309682,77.9676367719646,-67.46348551523343,0.0,1,-4.085620730620576e-14
6.525,6525000,lift_sad_droop,-3.9993982031249975,0.0,69.00105314453126,0.9961958422885466,0.0,0.08714266352948546,0.0,-3.9993982031249975,0.0,69.00105314453126,35.507799090580846,8.498358722491162,0,feet,0.0,-0.20858949682195416,-0.2804542599866773,-39.49969559521188,63.70001399999999,9.600001285828625,-39.50719729370583,59.93459691168532,0.0,1,2.1316282072803006e-14,0.0,-0.2085894968219537,-0.2804542894630271,-39.4996955952119,-63.70001399999998,9.600001285828625,-39.507197293705865,-59.93459691168532,0.0,1,2.1316282072803006e-14,0.0,-0.120617852084977,-0.6424850433972598,77.97401764283254,63.70001399999999,9.600000629049383,77.96679435105415,67.46348551523343,0.0,1,1.7763568394002505e-14,0.0,-0.120617852084977,-0.6424850433972598,77.97401764283254,-63.70001399999998,9.600000629049383,77.96679435105412,-67.46348551523343,0.0,1,1.7763568394002505e-14
6.533333333333333,6533333,lift_sad_droop,-3.998591604938274,0.0,69.00246469135801,0.9961973756048971,0.0,0.0871251332160565,0.0,-3.998591604938274,0.0,69.00246469135801,35.50860568876757,8.502985130735745,0,feet,0.0,-0.20853320361067107,-0.2804195574761712,-39.499757350714695,63.70001399999999,9.600001333887413,-39.50719729370583,59.93459691168532,0.0,1,3.552713678800501e-14,0.0,-0.20853320361067107,-0.28041958694927205,-39.49975735071472,-63.70001399999998,9.600001333887384,-39.507197293705865,-59.93459691168532,0.0,1,7.105427357601002e-15,0.0,-0.12055713579009009,-0.6423855185502236,77.97304072660324,63.70001399999999,9.600000129209462,77.9651811546807,67.46348551523343,0.0,1,8.881784197001252e-15,0.0,-0.12055713579008964,-0.6423855185502227,77.97304072660322,-63.70001399999998,9.600000129209434,77.96518115468068,-67.46348551523343,0.0,1,-2.1316282072803006e-14
6.541666666666667,6541667,lift_sad_droop,-3.9972843123070976,0.0,69.00475245346257,0.9961998600695914,0.0,0.08709672093326179,0.0,-3.9972843123070976,0.0,69.00475245346257,35.50991298139875,8.510483533133275,0,feet,0.0,-0.20844196334876308,-0.2803633100785268,-39.499857425905,63.70001399999999,9.600001410923475,-39.50719729370583,59.93459691168532,0.0,1,4.973799150320701e-14,0.0,-0.2084419633487622,-0.2803633395463625,-39.499857425905034,-63.70001399999998,9.600001410923454,-39.507197293705865,-59.93459691168532,0.0,1,2.6645352591003757e-14,0.0,-0.12045874801764445,-0.642224203381458,77.9714573737144,63.70001399999999,9.599999229546398,77.96256656941836,67.46348551523343,0.0,1,7.105427357601002e-15,0.0,-0.12045874801764311,-0.6422242033814562,77.9714573737143,-63.70001399999998,9.599999229546334,77.96256656941833,-67.46348551523343,0.0,1,-5.5067062021407764e-14
6.55,6550000,lift_sad_droop,-3.9953674999999964,0.0,69.00810687500001,0.996203501440328,0.0,0.08705506141535027,0.0,-3.9953674999999964,0.0,69.00810687500001,35.51182979370585,8.521478389903635,0,feet,0.0,-0.20830817568658144,-0.28028083004638127,-39.5000041273238,63.70001399999999,9.600001521965957,-39.50719729370583,59.93459691168532,0.0,1,8.881784197001252e-15,0.0,-0.2083081756865801,-0.2802808595064952,-39.500004127323876,-63.70001399999998,9.600001521965943,-39.507197293705865,-59.93459691168532,0.0,1,-5.329070518200751e-15,0.0,-0.12031451792679038,-0.641987662984302,77.96913564562934,63.70001399999999,9.59999856531769,77.97562387961956,67.46543482646467,0.0,1,-3.552713678800501e-15,0.0,-0.1203145179267886,-0.6419876629843002,77.96913564562925,-63.70001399999998,9.599998565317662,77.9756238796195,-67.46543482646467,0.0,1,-3.019806626980426e-14
6.558333333333334,6558333,lift_sad_droop,-3.992738708526234,0.0,69.0127072600791,0.9962084925258158,0.0,0.08699792767325892,0.0,-3.992738708526234,0.0,69.0127072600791,35.51445858517961,8.536557855140487,0,feet,0.0,-0.20812468048716148,-0.2801676991499802,-39.50020525478092,63.70001399999999,9.600001670561468,-39.50719729370583,59.93459691168532,0.0,1,8.881784197001252e-15,0.0,-0.20812468048716015,-0.280167728599503,-39.500205254780965,-63.70001399999998,9.600001670561475,-39.507197293705865,-59.93459691168532,0.0,1,1.5987211554602254e-14,0.0,-0.12011676479227607,-0.641663247879448,77.96595115975946,63.70001399999999,9.599999742596182,77.97036629667204,67.46543482646467,0.0,1,-7.105427357601002e-14,0.0,-0.12011676479227473,-0.641663247879448,77.96595115975941,-63.70001399999998,9.599999742596218,77.97036629667198,-67.46543482646467,0.0,1,-3.552713678800501e-14
6.566666666666666,6566667,lift_sad_droop,-3.989301728395062,0.0,69.01872197530864,0.996215013114716,0.0,0.08692322845388392,0.0,-3.989301728395062,0.0,69.01872197530864,35.51789556531078,8.556274511228438,0,feet,0.0,-0.20788474835626491,-0.2800197621964129,-39.50046810354941,63.70001399999999,9.60000185840562,-39.50719729370583,59.93459691168532,0.0,1,1.9539925233402755e-14,0.0,-0.20788474835626358,-0.28001979163208457,-39.50046810354945,-63.70001399999998,9.600001858405655,-39.507197293705865,-59.93459691168532,0.0,1,5.5067062021407764e-14,0.0,-0.11985835115271737,-0.641239016666991,77.96178751214208,63.70001399999999,9.60000060650296,77.9634923364097,67.46543482646467,0.0,1,4.796163466380676e-14,0.0,-0.11985835115271648,-0.6412390166669892,77.96178751214201,-63.70001399999998,9.600000606502874,77.96349233640964,-67.46543482646467,0.0,1,-3.552713678800501e-14
6.575,6575000,lift_sad_droop,-3.9849664843750032,0.0,69.02630865234374,0.9962232298885021,0.0,0.08682900569810068,0.0,-3.9849664843750032,0.0,69.02630865234374,35.52223080933084,8.5811461070507,0,feet,0.0,-0.20758207109623505,-0.2798331204606894,-39.50079946616811,63.70001399999999,9.600002084957808,-39.50719729370583,59.93459691168532,0.0,1,1.7763568394002505e-14,0.0,-0.2075820710962346,-0.2798331498788835,-39.500799466168125,-63.70001399999998,9.600002084957808,-39.507197293705865,-59.93459691168532,0.0,1,1.7763568394002505e-14,0.0,-0.11953262051555225,-0.6407037841313099,77.95653547056561,63.70001399999999,9.600000604936476,77.95482184836958,67.46543482646467,0.0,1,-1.5987211554602254e-14,0.0,-0.11953262051555091,-0.6407037841313099,77.95653547056557,-63.70001399999998,9.600000604936511,77.95482184836952,-67.46543482646467,0.0,1,1.9539925233402755e-14
6.583333333333333,6583333,lift_sad_droop,-3.9796489197530898,0.0,69.03561439043209,0.9962332963272517,0.0,0.08671343199838374,0.0,-3.9796489197530898,0.0,69.03561439043209,35.527548373952754,8.611656297749484,0,feet,0.0,-0.20721075212712714,-0.27960412507261667,-39.501205634047544,63.70001399999999,9.600002347052119,-39.50719729370583,59.93459691168532,0.0,1,2.6645352591003757e-14,0.0,-0.20721075212712625,-0.2796041544693644,-39.50120563404761,-63.70001399999998,9.600002347052104,-39.507197293705865,-59.93459691168532,0.0,1,1.2434497875801753e-14,0.0,-0.11913341799443344,-0.6400470794620032,77.95009304549723,63.70001399999999,9.599998940968206,77.94418671912575,67.46543482646467,0.0,1,-7.105427357601002e-15,0.0,-0.11913341799443256,-0.6400470794620032,77.9500930454972,-63.70001399999998,9.59999894096822,77.9441867191257,-67.46543482646467,0.0,1,7.105427357601002e-15
6.591666666666667,6591667,lift_sad_droop,-3.9732708805941326,0.0,69.04677595896027,0.9962453526164762,0.0,0.08657480805680756,0.0,-3.9732708805941326,0.0,69.04677595896027,35.53392641311171,8.64825538401793,0,feet,0.0,-0.20676529691426904,-0.2793293703984743,-39.50169239905267,63.70001399999999,9.600002638516642,-39.50719729370583,59.93459691168532,0.0,1,2.6645352591003757e-14,0.0,-0.2067652969142686,-0.2793293997694857,-39.50169239905271,-63.70001399999998,9.600002638516585,-39.507197293705865,-59.93459691168532,0.0,1,-3.019806626980426e-14,0.0,-0.11865501570772219,-0.6392592075597214,77.9423645543824,63.70001399999999,9.600001001049705,77.94865970080058,67.46660975416599,0.0,1,2.1316282072803006e-14,0.0,-0.11865501570772219,-0.6392592075597214,77.9423645543824,-63.70001399999998,9.600001001049705,77.94865970080056,-67.46660975416599,0.0,1,2.1316282072803006e-14
6.6,6600000,lift_sad_droop,-3.965759999999999,0.0,69.05992,0.9962595255622184,0.0,0.08641156014413519,0.0,-3.965759999999999,0.0,69.05992,35.54143729370585,8.691361049109204,0,feet,0.0,-0.2062406034372546,-0.2790056874518898,-39.50226505521423,63.70001399999999,9.600002949812797,-39.50719729370583,59.93459691168532,0.0,1,-1.0658141036401503e-14,0.0,-0.20624060343725326,-0.27900571679257613,-39.502265055214274,-63.70001399999998,9.600002949812833,-39.507197293705865,-59.93459691168532,0.0,1,2.4868995751603507e-14,0.0,-0.11809228795825799,-0.6383310398788358,77.93326233269812,63.70001399999999,9.600003057704868,77.93363793961231,67.46660975416599,0.0,1,-1.7763568394002505e-15,0.0,-0.11809228795825755,-0.6383310398788358,77.93326233269812,-63.70001399999998,9.600003057704868,77.9336379396123,-67.46660975416599,0.0,1,-1.7763568394002505e-15
6.608333333333333,6608333,lift_sad_droop,-3.9570495823688305,0.0,69.07516323085454,0.9962759285208281,0.0,0.08622223756062972,0.0,-3.9570495823688305,0.0,69.07516323085454,35.55014771133701,8.741359091950741,0,feet,0.0,-0.20563195273140256,-0.27863013736398434,-39.50292840070373,63.70001399999999,9.6000032677049,-39.50719729370583,59.93459691168532,0.0,1,5.684341886080802e-14,0.0,-0.2056319527314021,-0.27863016666947704,-39.502928400703745,-63.70001399999998,9.600003267704906,-39.507197293705865,-59.93459691168532,0.0,1,6.394884621840902e-14,0.0,-0.11744061107140391,-0.6372541029810552,77.92270552655616,63.70001399999999,9.600000872364596,77.91621710434997,67.46660975416599,0.0,1,1.7763568394002505e-14,0.0,-0.11744061107140435,-0.6372541029810552,77.92270552655621,-63.70001399999998,9.600000872364582,77.91621710434995,-67.46660975416599,0.0,1,3.552713678800501e-15
6.616666666666666,6616667,lift_sad_droop,-3.9470784876543252,0.0,69.09261264660493,0.9962946613490329,0.0,0.08600551009915562,0.0,-3.9470784876543252,0.0,69.09261264660493,35.56011880605152,8.798604154942055,0,feet,0.0,-0.20493499952896066,-0.2782000049389026,-39.503686740186986,63.70001399999999,9.600003574968383,-39.50719729370583,59.93459691168532,0.0,1,3.197442310920451e-14,0.0,-0.20493499952896022,-0.27820003420407646,-39.50368674018702,-63.70001399999998,9.600003574968362,-39.507197293705865,-59.93459691168532,0.0,1,1.2434497875801753e-14,0.0,-0.11669570876667024,-0.6360207254104271,77.91061833480083,63.70001399999999,9.600002936179138,77.91352596583204,66.68099574143415,0.0,1,3.197442310920451e-14,0.0,-0.11669570876666979,-0.6360207254104271,77.91061833480082,-63.70001399999998,9.600002936179159,77.91352596583201,-66.68099574143415,0.0,1,5.3290705182007514e-14
6.625,6625000,lift_sad_droop,-3.935791015625,0.0,69.11236572265625,0.9963158103791765,0.0,0.0857601655110619,0.0,-3.935791015625,0.0,69.11236572265625,35.57140627808084,8.863420445202536,0,feet,0.0,-0.20414576302368204,-0.2777127923172009,-39.50454388765701,63.70001399999999,9.600003850146507,-39.50719729370583,59.93459691168532,0.0,1,1.5987211554602254e-14,0.0,-0.20414576302368115,-0.27771282153669086,-39.50454388765705,-63.70001399999998,9.600003850146514,-39.507197293705865,-59.93459691168532,0.0,1,2.3092638912203256e-14,0.0,-0.11585398389759893,-0.6346236589981005,77.89693338379207,63.70001399999999,9.600001512516073,77.89095102177339,66.68099574143415,0.0,1,2.6645352591003757e-14,0.0,-0.11585398389759805,-0.6346236589981005,77.89693338379202,-63.70001399999998,9.600001512516101,77.89095102177336,-66.68099574143415,0.0,1,5.5067062021407764e-14
6.633333333333334,6633333,lift_sad_droop,-3.9231367901234555,0.0,69.13451061728395,0.9963394484237923,0.0,0.08548510697526995,0.0,-3.9231367901234555,0.0,69.13451061728395,35.584060503582386,8.93610244821312,0,feet,0.0,-0.2032606177790095,-0.27716621276616804,-39.505503169831144,63.70001399999999,9.600004067360395,-39.50719729370583,59.93459691168532,0.0,1,3.552713678800501e-14,0.0,-0.2032606177790086,-0.2771662419343892,-39.50550316983118,-63.70001399999998,9.600004067360402,-39.507197293705865,-59.93459691168532,0.0,1,4.440892098500626e-14,0.0,-0.11491225165777941,-0.6330563456281868,77.88158878857023,63.70001399999999,9.599995459696544,77.87154521824523,66.67369822588526,0.0,1,2.842170943040401e-14,0.0,-0.11491225165777941,-0.6330563456281868,77.88158878857023,-63.70001399999998,9.599995459696544,77.87154521824523,-66.67369822588526,0.0,1,2.842170943040401e-14
6.641666666666667,6641667,lift_sad_droop,-3.9090706433256157,0.0,69.15912637418018,0.9963656348130021,0.0,0.08517935057091756,0.0,-3.9090706433256157,0.0,69.15912637418018,35.59812665038023,9.01691563296744,0,feet,0.0,-0.20227628479679094,-0.2765581846131746,-39.506567430184624,63.70001399999999,9.600004196179427,-39.50719729370583,59.93459691168532,0.0,1,-2.3092638912203256e-14,0.0,-0.20227628479679005,-0.2765582137243423,-39.50656743018463,-63.70001399999998,9.600004196179455,-39.507197293705865,-59.93459691168532,0.0,1,5.329070518200751e-15,0.0,-0.11386764675917194,-0.6313129952787113,77.86452709421195,63.70001399999999,9.599997831086547,77.8699575908009,66.65383891335583,0.0,1,4.618527782440651e-14,0.0,-0.11386764675917194,-0.6313129952787113,77.86452709421195,-63.70001399999998,9.599997831086547,77.8699575908009,-66.65383891335583,0.0,1,4.618527782440651e-14
6.65,6650000,lift_sad_droop,-3.893552499999997,0.0,69.186283125,0.9963944154676081,0.0,0.08484202275384281,0.0,-3.893552499999997,0.0,69.186283125,35.613644793705845,9.106097147912244,0,feet,0.0,-0.2011898227603659,-0.2758868253353426,-39.50773903368031,63.70001399999999,9.600004201556864,-39.50719729370583,59.93459691168532,0.0,1,2.6645352591003757e-14,0.0,-0.201189822760365,-0.27588685438348604,-39.50773903368028,-63.70001399999998,9.600004201556914,-39.507197293705865,-59.93459691168532,0.0,1,7.638334409421077e-14,0.0,-0.11271806988228183,-0.6293880842978896,77.84569986694306,63.70001399999999,9.599996973866439,77.83892130414965,66.65383891335583,0.0,1,-1.9539925233402755e-14,0.0,-0.11271806988228183,-0.6293880842978896,77.84569986694306,-63.70001399999998,9.599996973866439,77.83892130414965,-66.65383891335583,0.0,1,-1.9539925233402755e-14
6.658333333333333,6658333,lift_sad_droop,-3.8765472617669787,0.0,69.21604229190778,0.9964258230101413,0.0,0.08447235783712048,0.0,-3.8765472617669787,0.0,69.21604229190778,35.63065003193886,9.203856507114011,0,feet,0.0,-0.19999861946293596,-0.2751504458163012,-39.50901987224355,63.70001399999999,9.600004043832428,-39.50719729370583,59.93459691168532,0.0,1,1.9539925233402755e-14,0.0,-0.19999861946293507,-0.27515047479528265,-39.50901987224358,-63.70001399999998,9.600004043832435,-39.507197293705865,-59.93459691168532,0.0,1,2.6645352591003757e-14,0.0,-0.11146193030949814,-0.6272766089853641,77.82506486310564,63.70001399999999,9.599978211538584,77.80491082768361,66.65383891335583,0.0,1,3.375077994860476e-14,0.0,-0.11146193030949814,-0.6272766089853641,77.82506486310564,-63.70001399999998,9.599978211538584,77.80491082768361,-66.65383891335583,0.0,1,3.375077994860476e-14
6.666666666666667,6666667,lift_sad_droop,-3.858024691358024,0.0,69.24845679012346,0.9964598769155769,0.0,0.08406969547579678,0.0,-3.858024691358024,0.0,69.24845679012346,35.64917260234782,9.310376266238372,0,feet,0.0,-0.1987003834293004,-0.2743475447786037,-39.51041137102155,63.70001399999999,9.60000367880653,-39.50719729370583,59.93459691168532,0.0,1,4.085620730620576e-14,0.0,-0.1987003834293004,-0.2743475736821366,-39.51041137102158,-63.70001399999998,9.600003678806509,-39.507197293705865,-59.93459691168532,0.0,1,1.9539925233402755e-14,0.0,-0.11009799077563853,-0.6249742293446263,77.80258435988496,63.70001399999999,9.599936586295897,77.7678656868657,66.65383891335583,0.0,1,0.0,0.0,-0.11009799077563853,-0.6249742293446263,77.80258435988496,-63.70001399999998,9.599936586295897,77.7678656868657,-66.65383891335583,0.0,1,0.0
6.675,6675000,lift_sad_droop,-3.8379592968750003,0.0,69.28357123046875,0.9964965837028974,0.0,0.0836334781559059,0.0,-3.8379592968750003,0.0,69.28357123046875,35.669237996830844,9.425812688070081,0,feet,0.0,-0.19729313573650753,-0.2734768033982822,-39.51191449545697,63.70001399999999,9.600003057884855,-39.50719729370583,59.93459691168532,0.0,1,-1.0658141036401503e-14,0.0,-0.1972931357365062,-0.27347683221994457,-39.511914495457006,-63.70001399999998,9.60000305788492,-39.507197293705865,-59.93459691168532,0.0,1,5.3290705182007514e-14,0.0,-0.1086240703719712,-0.622478627130318,77.77821175604019,63.70001399999999,9.599986612402788,77.85600444306276,62.45001583058992,0.0,1,-3.552713678800501e-15,0.0,-0.1086240703719712,-0.622478627130318,77.77821175604019,-63.70001399999998,9.599986612402788,77.85600444306276,-62.45001583058992,0.0,1,-3.552713678800501e-15
6.683333333333334,6683333,lift_sad_droop,-3.816330216049383,0.0,69.32142212191359,0.9965359371681957,0.0,0.08316324868778212,0.0,-3.816330216049383,0.0,69.32142212191359,35.69086707765646,9.550296397437393,0,feet,0.0,-0.19577520203641985,-0.2725370801062401,-39.51352975919851,63.70001399999999,9.600002128295223,-39.50719729370583,59.93459691168532,0.0,1,4.796163466380676e-14,0.0,-0.19577520203641896,-0.272537108839491,-39.51352975919854,-63.70001399999998,9.60000212829523,-39.507197293705865,-59.93459691168532,0.0,1,5.5067062021407764e-14,0.0,-0.1070400010456134,-0.619786331170896,77.7519223840807,63.70001399999999,9.600109119899692,77.81274628141152,62.45001583058992,0.0,1,3.730349362740526e-14,0.0,-0.1070400010456134,-0.619786331170896,77.7519223840807,-63.70001399999998,9.600109119899692,77.81274628141152,-62.45001583058992,0.0,1,3.730349362740526e-14
6.691666666666666,6691667,lift_sad_droop,-3.7931211005015424,0.0,69.3620380741223,0.9965779186595534,0.0,0.08265864770362852,0.0,-3.7931211005015424,0.0,69.3620380741223,35.796913305908504,9.683933025529,0,feet,0.0,-0.19414502881298912,-0.2715275611349184,-39.515258464586616,63.70001399999999,9.600010722014957,-39.59003440641005,63.70001591752033,0.0,1,-2.6645352591003757e-14,0.0,-0.19414502881298912,-0.2715275897731293,-39.51525846458657,-63.70001399999998,9.600010722015014,-39.59003440641005,-63.70001591752033,0.0,1,2.842170943040401e-14,0.0,-0.10534696475054828,-0.6168933927880622,77.72370598393164,63.70001399999999,9.600207186301965,77.76632805031583,62.45001583058992,0.0,1,-1.4210854715202004e-14,0.0,-0.10534696475054828,-0.6168933927880622,77.72370598393164,-63.70001399999998,9.600207186301965,77.76632805031583,-62.45001583058992,0.0,1,-1.4210854715202004e-14
6.7,6700000,lift_sad_droop,-3.7683200000000006,0.0,69.40544,0.9966224973935014,0.0,0.08211941115924017,0.0,-3.7683200000000006,0.0,69.40544,35.821714406410045,9.826803843711872,0,feet,0.0,-0.19240159709934668,-0.2704473833728511,-39.517099764798246,63.70001399999999,9.600024887589193,-39.59003440641005,63.70001591752033,0.0,1,3.552713678800501e-14,0.0,-0.19240159709934668,-0.2704474119092959,-39.51709976479822,-63.70001399999998,9.600024887589214,-39.59003440641005,-63.70001591752033,0.0,1,5.684341886080802e-14,0.0,-0.1035455174076394,-0.613797472767073,77.69354653989971,63.70001399999999,9.600273817974212,77.71672584931275,62.45001583058992,0.0,1,-5.1514348342607263e-14,0.0,-0.1035455174076394,-0.613797472767073,77.69354653989971,-63.70001399999998,9.600273817974212,77.71672584931275,-62.45001583058992,0.0,1,-5.1514348342607263e-14
6.708333333333333,6708333,lift_sad_droop,-3.741919246720681,0.0,69.45164131823881,0.9966696308124792,0.0,0.08154536783972749,0.0,-3.741919246720681,0.0,69.45164131823881,35.848115159689364,9.978966387067658,0,feet,0.0,-0.19054419014489632,-0.2692958284632674,-39.519052246415384,63.70001399999999,9.600039522691588,-39.59003440641005,63.70001591752033,0.0,1,-1.0658141036401503e-14,0.0,-0.19054419014489632,-0.2692958568911372,-39.51905224641537,-63.70001399999998,9.600039522691617,-39.59003440641005,-63.70001591752033,0.0,1,1.7763568394002505e-14,0.0,-0.10163663504710474,-0.6104966976004564,77.66143309745344,63.70001399999999,9.600301477253993,77.66392434275411,62.45001583058992,0.0,1,6.927791673660977e-14,0.0,-0.10163663504710474,-0.6104966976004564,77.66143309745344,-63.70001399999998,9.600301477253993,77.66392434275411,-62.45001583058992,0.0,1,6.927791673660977e-14
6.716666666666667,6716667,lift_sad_droop,-3.7139153395061726,0.0,69.5006481558642,0.9967192649823442,0.0,0.08093643686903651,0.0,-3.7139153395061726,0.0,69.5006481558642,35.876119066903875,10.140455067968013,0,feet,0.0,-0.18857227636103824,-0.26807241551825234,-39.521114710927726,63.70001399999999,9.60005455087898,-39.59003440641005,63.70001591752033,0.0,1,-3.375077994860476e-14,0.0,-0.18857227636103824,-0.2680724438306785,-39.521114710927705,-63.70001399999998,9.600054550879008,-39.59003440641005,-63.70001591752033,0.0,1,-5.329070518200751e-15,0.0,-0.09962154790507194,-0.6069898062692896,77.627358072543,63.70001399999999,9.600294787681179,77.62880076986299,62.45001583167165,0.0,1,-1.9539925233402755e-14,0.0,-0.09962154790507194,-0.6069898062692896,77.627358072543,-63.70001399999998,9.600294787681179,77.62880076986299,-62.45001583167165,0.0,1,-1.9539925233402755e-14
6.725,6725000,lift_sad_droop,-3.6843088281250003,0.0,69.55245955078125,0.9967713350286496,0.0,0.08029262522301496,0.0,-3.6843088281250003,0.0,69.55245955078125,35.90572557828505,10.31128178010242,0,feet,0.0,-0.18648559189299707,-0.26677681771797124,-39.52328556002404,63.70001399999999,9.600069890151019,-39.59003440641005,63.70001591752033,0.0,1,-8.881784197001252e-15,0.0,-0.18648559189299707,-0.2667768459080353,-39.52328556002401,-63.70001399999998,9.600069890151048,-39.59003440641005,-63.70001591752033,0.0,1,1.7763568394002505e-14,0.0,-0.09750172979297833,-0.6032761380138063,77.59131732762012,63.70001399999999,9.600270304376068,77.56958774710064,62.45001583167165,0.0,1,8.881784197001252e-15,0.0,-0.09750172979297833,-0.6032761380138063,77.59131732762012,-63.70001399999998,9.600270304376068,77.56958774710064,-62.45001583167165,0.0,1,8.881784197001252e-15
6.733333333333333,6733333,lift_sad_droop,-3.653104197530866,0.0,69.60706765432099,0.996825765610105,0.0,0.0796140252457317,0.0,-3.653104197530866,0.0,69.60706765432099,35.93693020887918,10.491436493458068,0,feet,0.0,-0.18428413379805075,-0.2654088582522127,-39.5255628086519,63.70001399999999,9.600085453648916,-39.59003440641005,63.70001591752033,0.0,1,3.907985046680551e-14,0.0,-0.18428413379805075,-0.26540888631296067,-39.52556280865191,-63.70001399999998,9.600085453648887,-39.59003440641005,-63.70001591752033,0.0,1,1.0658141036401503e-14,0.0,-0.09527974473868861,-0.5993547070368557,77.5533184892882,63.70001399999999,9.600184018644782,77.50717848591238,62.45001583167165,0.0,1,-7.105427357601002e-15,0.0,-0.09527974473868861,-0.5993547070368557,77.5533184892882,-63.70001399999998,9.600184018644782,77.50717848591238,-62.45001583167165,0.0,1,-7.105427357601002e-15
6.741666666666666,6741667,lift_sad_droop,-3.6203097521219147,0.0,69.66445793378665,0.9968824714273574,0.0,0.0789008121687216,0.0,-3.6203097521219147,0.0,69.66445793378665,35.969724654288136,10.680887840827637,0,feet,0.0,-0.18196815339128758,-0.2639685064439692,-39.52794409890553,63.70001399999999,9.600101150404242,-39.59003440641005,63.70001591752033,0.0,1,3.019806626980426e-14,0.0,-0.18196815339128758,-0.2639685343684257,-39.527944098905515,-63.70001399999998,9.600101150404264,-39.59003440641005,-63.70001591752033,0.0,1,5.3290705182007514e-14,0.0,-0.09295809794596321,-0.5952253874134819,77.51336946584335,63.70001399999999,9.600026549021138,77.44158959509447,62.45001583167165,0.0,1,5.684341886080802e-14,0.0,-0.09295809794596321,-0.5952253874134819,77.51336946584335,-63.70001399999998,9.600026549021138,77.44158959509447,-62.45001583167165,0.0,1,5.684341886080802e-14
6.75,6750000,lift_sad_droop,-3.5859375,0.0,69.724609375,0.9969413577649822,0.0,0.07815324163279423,0.0,-3.5859375,0.0,69.724609375,36.00409690641005,10.879583696489725,0,feet,0.0,-0.17953814974788385,-0.26245587405034154,-39.53042671472227,63.70001399999999,9.60011688613065,-39.59003440641005,63.70001591752033,0.0,1,4.796163466380676e-14,0.0,-0.17953814974788385,-0.262455901831518,-39.530426714722296,-63.70001399999998,9.600116886130621,-39.59003440641005,-63.70001591752033,0.0,1,1.9539925233402755e-14,0.0,-0.09053737770621861,-0.5908908083911113,77.47146029495917,63.70001399999999,9.599974136041773,77.49596155661008,61.81332379076298,0.0,1,1.7763568394002505e-14,0.0,-0.09053737770621861,-0.5908908083911113,77.47146029495917,-63.70001399999998,9.599974136041773,77.49596155661008,-61.81332379076298,0.0,1,1.7763568394002505e-14
6.758333333333334,6758333,lift_sad_droop,-3.550003037229938,0.0,69.78749468484762,0.9970023210643488,0.0,0.07737164721201853,0.0,-3.550003037229938,0.0,69.78749468484762,36.04003136918011,11.087451747766572,0,feet,0.0,-0.17699486334980818,-0.26087121173530514,-39.53300759736498,63.70001399999999,9.600132564049758,-39.59003440641005,63.70001591752033,0.0,1,1.0658141036401503e-14,0.0,-0.17699486334980818,-0.2608712393662165,-39.53300759736494,-63.70001399999998,9.60013256404978,-39.59003440641005,-63.70001591752033,0.0,1,3.019806626980426e-14,0.0,-0.0880208861077687,-0.5863515223673792,77.42760990990719,63.70001399999999,9.600004757980237,77.42409263106995,61.81332379076298,0.0,1,2.6645352591003757e-14,0.0,-0.0880208861077687,-0.5863515223673792,77.42760990990719,-63.70001399999998,9.600004757980237,77.42409263106995,-61.81332379076298,0.0,1,2.6645352591003757e-14
6.766666666666667,6766667,lift_sad_droop,-3.5125254320987644,0.0,69.85308049382716,0.997065249524834,0.0,0.07655643793947338,0.0,-3.5125254320987644,0.0,69.85308049382716,36.077508974311286,11.3044000602154,0,feet,0.0,-0.17433926986392168,-0.2592149057081623,-39.53568336166211,63.70001399999999,9.600148085743953,-39.59003440641005,63.70001591752033,0.0,1,1.2434497875801753e-14,0.0,-0.17433926986392168,-0.25921493318183675,-39.53568336166208,-63.70001399999998,9.600148085743953,-39.59003440641005,-63.70001591752033,0.0,1,1.2434497875801753e-14,0.0,-0.08541119789712726,-0.5816095170920268,77.38183094819846,63.70001399999999,9.600179126476604,77.42975443973484,62.450015841895706,0.0,1,6.927791673660977e-14,0.0,-0.08541119789712726,-0.5816095170920268,77.38183094819846,-63.70001399999998,9.600179126476604,77.42975443973484,-62.450015841895706,0.0,1,6.927791673660977e-14
6.775,6775000,lift_sad_droop,-3.4735271093749995,0.0,69.92132755859375,0.997130023730676,0.0,0.07570809583433816,0.0,-3.4735271093749995,0.0,69.92132755859375,36.11650729703505,11.53031763725329,0,feet,0.0,-0.1715725740376257,-0.257487474520806,-39.53845031297664,63.70001399999999,9.600163352026037,-39.59003440641005,63.70001591752033,0.0,1,4.440892098500626e-14,0.0,-0.1715725740376257,-0.25748750183029445,-39.53845031297664,-63.70001399999998,9.600163352026037,-39.59003440641005,-63.70001591752033,0.0,1,4.440892098500626e-14,0.0,-0.08271454051911009,-0.5766636893642421,77.3341730165814,63.70001399999999,9.600282636311825,77.35175779428731,62.450015841895706,0.0,1,2.4868995751603507e-14,0.0,-0.08271454051911009,-0.5766636893642421,77.3341730165814,-63.70001399999998,9.600282636311825,77.35175779428731,-62.450015841895706,0.0,1,2.4868995751603507e-14
6.783333333333333,6783333,lift_sad_droop,-3.433033734567902,0.0,69.99219096450616,0.9971965173006241,0.0,0.07482717342988458,0.0,-3.433033734567902,0.0,69.99219096450616,36.15700067184215,11.765074975050425,0,feet,0.0,-0.16869620369752703,-0.25568956601627013,-39.54130446486839,63.70001399999999,9.600178263817611,-39.59003440641005,63.70001591752033,0.0,1,2.6645352591003757e-14,0.0,-0.16869620369752703,-0.2556895931546612,-39.541304464868375,-63.70001399999998,9.600178263817611,-39.59003440641005,-63.70001591752033,0.0,1,2.6645352591003757e-14,0.0,-0.07993511256678598,-0.5715156774033954,77.28466666690319,63.70001399999999,9.600288684886465,77.27077104467311,62.450015841895706,0.0,1,-3.019806626980426e-14,0.0,-0.07993511256678598,-0.5715156774033954,77.28466666690319,-63.70001399999998,9.600288684886465,77.27077104467311,-62.450015841895706,0.0,1,-3.019806626980426e-14
6.791666666666667,6791667,lift_sad_droop,-3.3910740981867282,0.0,70.06562032817322,0.9972645975574055,0.0,0.07391429130192634,0.0,-3.3910740981867282,0.0,70.06562032817322,36.19896030822332,12.008524613554286,0,feet,0.0,-0.16571180383603945,-0.2538219544204279,-39.54424155741328,63.70001399999999,9.60019272302695,-39.59003440641005,63.70001591752033,0.0,1,3.197442310920451e-14,0.0,-0.16571180383603945,-0.25382198138085554,-39.544241557413294,-63.70001399999998,9.600192723026922,-39.59003440641005,-63.70001591752033,0.0,1,3.552713678800501e-15,0.0,-0.0770771613146759,-0.5661676823362356,77.23334429831183,63.70001399999999,9.600186163115048,77.18685177191077,62.450015841895706,0.0,1,-1.7763568394002505e-15,0.0,-0.0770771613146759,-0.5661676823362356,77.23334429831183,-63.70001399999998,9.600186163115048,77.18685177191077,-62.450015841895706,0.0,1,-1.7763568394002505e-15
6.8,6800000,lift_sad_droop,-3.3476799999999995,0.0,70.14156,0.9973341262139357,0.0,0.07297013559728052,0.0,-3.3476799999999995,0.0,70.14156,36.24235440641005,12.260501684526567,0,feet,0.0,-0.16262123077042911,-0.25188553756802223,-39.547257076138344,63.70001399999999,9.600206633416448,-39.59003440641005,63.70001591752033,0.0,1,5.329070518200751e-15,0.0,-0.16262123077042911,-0.25188556434368126,-39.547257076138344,-63.70001399999998,9.600206633416477,-39.59003440641005,-63.70001591752033,0.0,1,3.375077994860476e-14,0.0,-0.0741447794580039,-0.5606226264836089,77.1802380546112,63.70001399999999,9.599992842298185,77.1897385421478,66.83608228292456,0.0,1,-1.7763568394002505e-15,0.0,-0.0741447794580039,-0.5606226264836089,77.1802380546112,-63.70001399999998,9.599992842298185,77.1897385421478,-66.83608228292456,0.0,1,-1.7763568394002505e-15
6.808333333333334,6808333,lift_sad_droop,-3.3028861332947534,0.0,70.21994926673418,0.9974049600731134,0.0,0.07199545556179944,0.0,-3.3028861332947534,0.0,70.21994926673418,36.28714827311529,12.520824457486839,0,feet,0.0,-0.15942654635847342,-0.24988133425368142,-39.55034627152838,63.70001399999999,9.600219901451645,-39.59003440641005,63.70001591752033,0.0,1,1.7763568394002505e-14,0.0,-0.15942654635847342,-0.24988136083783186,-39.55034627152839,-63.70001399999998,9.60021990145163,-39.59003440641005,-63.70001591752033,0.0,1,5.329070518200751e-15,0.0,-0.07113882366387614,-0.5548873144197453,77.12535273548228,63.70001399999999,9.600002167850135,77.12356488089517,66.8071668787559,0.0,1,-2.842170943040401e-14,0.0,-0.07113882366387614,-0.5548873144197453,77.12535273548228,-63.70001399999998,9.600002167850135,77.12356488089517,-66.8071668787559,0.0,1,-2.842170943040401e-14
6.816666666666666,6816667,lift_sad_droop,-3.256729969135802,0.0,70.30072255401235,0.9974769517379862,0.0,0.07099106106753944,0.0,-3.256729969135802,0.0,70.30072255401235,36.33330443727424,12.789294884461391,0,feet,0.0,-0.15613001225474132,-0.24781048169787434,-39.553504179056375,63.70001399999999,9.600232437121903,-39.59003440641005,63.70001591752033,0.0,1,-1.0658141036401503e-14,0.0,-0.15613001225474132,-0.24781050808385752,-39.55350417905636,-63.70001399999998,9.600232437121925,-39.59003440641005,-63.70001591752033,0.0,1,1.0658141036401503e-14,0.0,-0.0680666326250039,-0.5489624379609346,77.06875575088301,63.70001399999999,9.600000163425676,77.06403969536319,67.46351606241697,0.0,1,4.796163466380676e-14,0.0,-0.0680666326250039,-0.5489624379609346,77.06875575088301,-63.70001399999998,9.600000163425676,77.06403969536319,-67.46351606241697,0.0,1,4.796163466380676e-14
6.825,6825000,lift_sad_droop,-3.2092516406250002,0.0,70.38380962890625,0.9975499503290293,0.0,0.06995782013864686,0.0,-3.2092516406250002,0.0,70.38380962890625,36.38078276578505,13.065699144433346,0,feet,0.0,-0.15273408419138468,-0.24567423311723324,-39.55672563968707,63.70001399999999,9.60024415472531,-39.59003440641005,63.70001591752033,0.0,1,-8.881784197001252e-15,0.0,-0.15273408419138468,-0.24567425929848108,-39.55672563968705,-63.70001399999998,9.600244154725331,-39.59003440641005,-63.70001591752033,0.0,1,1.2434497875801753e-14,0.0,-0.06493291425900205,-0.5428518624576895,77.01049136915319,63.70001399999999,9.599996278735716,76.99933353572163,67.4669073296858,0.0,1,2.1316282072803006e-14,0.0,-0.06493291425900205,-0.5428518624576895,77.01049136915319,-63.70001399999998,9.599996278735716,76.99933353572163,-67.4669073296858,0.0,1,2.1316282072803006e-14
6.833333333333333,6833333,lift_sad_droop,-3.160493827160494,0.0,70.46913580246914,0.9976238022052647,0.0,0.0688966564755576,0.0,-3.160493827160494,0.0,70.46913580246914,36.429540579249554,13.349808188381672,0,feet,0.0,-0.14924140626739035,-0.24347395538802852,-39.560005320798496,63.70001399999999,9.600254973608543,-39.59003440641005,63.70001591752033,0.0,1,-3.552713678800501e-15,0.0,-0.14924140626739035,-0.24347398135807197,-39.560005320798496,-63.70001399999998,9.600254973608514,-39.59003440641005,-63.70001591752033,0.0,1,-3.019806626980426e-14,0.0,-0.061739694881933094,-0.5365626040261069,76.95058152264798,63.70001399999999,9.600220049158935,76.98902096332256,62.45001585419338,0.0,1,3.907985046680551e-14,0.0,-0.061739694881933094,-0.5365626040261069,76.95058152264798,-63.70001399999998,9.600220049158935,76.98902096332256,-62.45001585419338,0.0,1,3.907985046680551e-14
6.841666666666667,6841667,lift_sad_droop,-3.1105016386959865,0.0,70.55662213228203,0.9976983516859445,0.0,0.06780854697712951,0.0,-3.1105016386959865,0.0,70.55662213228203,36.47953276771406,13.641378285780313,0,feet,0.0,-0.14565480523031127,-0.24121112679097134,-39.563337737464146,63.70001399999999,9.60026481885506,-39.59003440641005,63.70001591752033,0.0,1,3.552713678800501e-14,0.0,-0.14565480523031127,-0.24121115254345238,-39.56333773746415,-63.70001399999998,9.600264818855031,-39.59003440641005,-63.70001591752033,0.0,1,7.105427357601002e-15,0.0,-0.058496805593348356,-0.5300942740281238,76.88912217455328,63.70001399999999,9.600297004548665,76.88903658639354,62.45001585419338,0.0,1,-2.1316282072803006e-14,0.0,-0.058496805593348356,-0.5300942740281238,76.88912217455328,-63.70001399999998,9.600297004548665,76.88903658639354,-62.45001585419338,0.0,1,-2.1316282072803006e-14
6.85,6850000,lift_sad_droop,-3.059322500000001,0.0,70.646185625,0.9977734417695385,0.0,0.06669451926035053,0.0,-3.059322500000001,0.0,70.646185625,36.53071190641005,13.940151573408293,0,feet,0.0,-0.14197728473475157,-0.23888733482495184,-39.56671727403451,63.70001399999999,9.600273621913907,-39.59003440641005,63.70001591752033,0.0,1,-5.329070518200751e-15,0.0,-0.14197728473475157,-0.23888736035363367,-39.56671727403451,-63.70001399999998,9.600273621913907,-39.59003440641005,-63.70001591752033,0.0,1,-5.329070518200751e-15,0.0,-0.05520885988003954,-0.5234521139137591,76.82616237371339,63.70001399999999,9.600269878621049,76.80114470951123,62.450015854839656,0.0,1,2.4868995751603507e-14,0.0,-0.05520885988003954,-0.5234521139137591,76.82616237371339,-63.70001399999998,9.600269878621049,76.80114470951123,-62.45001585483965,0.0,1,2.4868995751603507e-14
6.858333333333333,6858333,lift_sad_droop,-3.007006034915124,0.0,70.73773943889853,0.9978489148468037,0.0,0.06555564917729338,0.0,-3.007006034915124,0.0,70.73773943889853,36.583028371494926,14.245856607294186,0,feet,0.0,-0.13821201956213702,-0.23650427407669516,-39.570138205953,63.70001399999999,9.600281321163777,-39.59003440641005,63.70001591752033,0.0,1,2.6645352591003757e-14,0.0,-0.13821201956213702,-0.23650429937547202,-39.57013820595297,-63.70001399999998,9.600281321163777,-39.59003440641005,-63.70001591752033,0.0,1,2.6645352591003757e-14,0.0,-0.05188183472764285,-0.5166403773968016,76.76176582998532,63.70001399999999,9.600080704595904,76.69651177934148,62.450015854839656,0.0,1,-1.2434497875801753e-14,0.0,-0.05188183472764285,-0.5166403773968016,76.76176582998532,-63.70001399999998,9.600080704595904,76.69651177934148,-62.45001585483965,0.0,1,-1.2434497875801753e-14
6.866666666666666,6866667,lift_sad_droop,-2.953603950617284,0.0,70.83119308641976,0.9979246134047578,0.0,0.06439305832902144,0.0,-2.953603950617284,0.0,70.83119308641976,36.63643045579276,14.558208918586146,0,feet,0.0,-0.134362349786723,-0.23406374413273712,-39.57359472173947,63.70001399999999,9.600287862405331,-39.59003440641005,63.70001591752033,0.0,1,4.796163466380676e-14,0.0,-0.134362349786723,-0.23406376919564353,-39.57359472173949,-63.70001399999998,9.600287862405303,-39.59003440641005,-63.70001591752033,0.0,1,1.9539925233402755e-14,0.0,-0.04851749270999628,-0.509667817429178,76.69596069333247,63.70001399999999,9.599997702564863,76.70590948685329,61.49525244739142,0.0,1,5.329070518200751e-15,0.0,-0.04851749270999628,-0.509667817429178,76.69596069333247,-63.70001399999998,9.599997702564863,76.70590948685329,-61.49525244739142,0.0,1,5.329070518200751e-15
6.875,6875000,lift_sad_droop,-2.899169921875,0.0,70.92645263671875,0.9980003807184533,0.0,0.06320791157617996,0.0,-2.899169921875,0.0,70.92645263671875,36.69086448453505,14.876911574101868,0,feet,0.0,-0.13043177487320046,-0.2315676475195354,-39.57708094507011,63.70001399999999,9.60029319927871,-39.59003440641005,63.70001591752033,0.0,1,-2.6645352591003757e-14,0.0,-0.13043177487320046,-0.23156767234075915,-39.57708094507007,-63.70001399999998,9.600293199278731,-39.59003440641005,-63.70001591752033,0.0,1,-7.105427357601002e-15,0.0,-0.045122042062302636,-0.5025391441822866,76.62881917024329,63.70001399999999,9.599950262523635,76.59704142936872,61.49525244739142,0.0,1,-2.1316282072803006e-14,0.0,-0.045122042062302636,-0.5025391441822866,76.62881917024329,-63.70001399999998,9.599950262523635,76.59704142936872,-61.49525244739142,0.0,1,-2.1316282072803006e-14
6.883333333333334,6883333,lift_sad_droop,-2.843759475308642,0.0,71.02342091820988,0.9980760615275217,0.0,0.06200141454604636,0.0,-2.843759475308642,0.0,71.02342091820988,36.746274931101404,15.201655742272017,0,feet,0.0,-0.12642394769182852,-0.22901798765697912,-39.580590956880144,63.70001399999999,9.60029729360187,-39.59003440641005,63.70001591752033,0.0,1,7.105427357601002e-15,0.0,-0.12642394769182852,-0.22901801223086826,-39.580590956880144,-63.70001399999998,9.60029729360187,-39.59003440641005,-63.70001591752033,0.0,1,7.105427357601002e-15,0.0,-0.04169990742797802,-0.4952610656250638,76.56039897190735,63.70001399999999,9.600001809602546,76.55850757746279,67.42276366565305,0.0,1,-5.1514348342607263e-14,0.0,-0.04169990742797802,-0.4952610656250638,76.56039897190735,-63.70001399999998,9.600001809602546,76.55850757746279,-67.42276366565305,0.0,1,-5.1514348342607263e-14
6.891666666666667,6891667,lift_sad_droop,-2.78742987364969,0.0,71.12199772111305,0.9981515026945569,0.0,0.06077481113584841,0.0,-2.78742987364969,0.0,71.12199772111305,36.802604532760355,15.532121265144326,0,feet,0.0,-0.1223426684375859,-0.22641686680997797,-39.58411881741415,63.70001399999999,9.600300115625835,-39.59003440641005,63.70001591752033,0.0,1,1.7763568394002505e-14,0.0,-0.1223426684375859,-0.226416891131052,-39.58411881741414,-63.70001399999998,9.60030011562585,-39.59003440641005,-63.70001591752033,0.0,1,3.197442310920451e-14,0.0,-0.0382579305049533,-0.4878381760770991,76.49078140424896,63.70001399999999,9.600031581453102,76.56296264057033,62.45001586773867,0.0,1,-7.105427357601002e-15,0.0,-0.0382579305049533,-0.4878381760770991,76.49078140424896,-63.70001399999998,9.600031581453102,76.56296264057033,-62.45001586773867,0.0,1,-7.105427357601002e-15
6.9,6900000,lift_sad_droop,-2.7302400000000002,0.0,71.22208,0.9982265538425155,0.0,0.059529381012199206,0.0,-2.7302400000000002,0.0,71.22208,36.859794406410046,15.867977237068537,0,feet,0.0,-0.11819187844049273,-0.22376648402232968,-39.587658588144315,63.70001399999999,9.600301644207136,-39.59003440641005,63.70001591752033,0.0,1,1.9539925233402755e-14,0.0,-0.11819187844049273,-0.22376650808529108,-39.58765858814429,-63.70001399999998,9.600301644207171,-39.59003440641005,-63.70001591752033,0.0,1,5.684341886080802e-14,0.0,-0.03479842492765872,-0.4802798008465068,76.42001260940758,63.70001399999999,9.600260425355842,76.44858289327095,62.45001586773867,0.0,1,-2.1316282072803006e-14,0.0,-0.03479842492765872,-0.4802798008465068,76.42001260940758,-63.70001399999998,9.600260425355842,76.44858289327095,-62.45001586773867,0.0,1,-2.1316282072803006e-14
6.908333333333333,6908333,lift_sad_droop,-2.6722502420910494,0.0,71.32356207634066,0.9983010679684311,0.0,0.05826643710653597,0.0,-2.6722502420910494,0.0,71.32356207634066,36.917784164319,16.20888259062953,0,feet,0.0,-0.11397565385494923,-0.2210691330165453,-39.591204353477096,63.70001399999999,9.600301866894718,-39.59003440641005,63.70001591752033,0.0,1,3.552713678800501e-15,0.0,-0.11397565385494923,-0.2210691568162848,-39.59120435347711,-63.70001399999998,9.600301866894718,-39.59003440641005,-63.70001591752033,0.0,1,5.329070518200751e-15,0.0,-0.031331886590064695,-0.47258743815714377,76.34821019587785,63.70001399999999,9.600290252018034,76.33260337745305,62.45001586773867,0.0,1,-7.105427357601002e-15,0.0,-0.031331886590064695,-0.47258743815714377,76.34821019587785,-63.70001399999998,9.600290252018034,76.33260337745305,-62.45001586773867,0.0,1,-7.105427357601002e-15
6.916666666666667,6916667,lift_sad_droop,-2.61352237654321,0.0,71.42633584104938,0.9983749020308735,0.0,0.056987323106491745,0.0,-2.61352237654321,0.0,71.42633584104938,36.97651202986684,16.5544866903425,0,feet,0.0,-0.1096981992167052,-0.21832720004285644,-39.59475024216573,63.70001399999999,9.600300779932468,-39.59003440641005,63.70001591752033,0.0,1,3.019806626980426e-14,0.0,-0.1096981992167052,-0.21832722357446954,-39.59475024216573,-63.70001399999998,9.600300779932468,-39.59003440641005,-63.70001591752033,0.0,1,3.019806626980426e-14,0.0,-0.027862114261902438,-0.4647692735565574,76.27543540400443,63.70001399999999,9.60021902719776,76.31535170585255,62.4500158716601,0.0,1,-2.842170943040401e-14,0.0,-0.027862114261902438,-0.4647692735565574,76.27543540400443,-63.70001399999998,9.60021902719776,76.31535170585255,-62.4500158716601,0.0,1,-2.842170943040401e-14
6.925,6925000,lift_sad_droop,-2.554119453124999,0.0,71.53029095703126,0.998447917508728,0.0,0.055693410943166335,0.0,-2.554119453124999,0.0,71.53029095703126,37.03591495328505,16.904429934567887,0,feet,0.0,-0.10536384085685624,-0.21554316166024678,-39.59829044834467,63.70001399999999,9.600298388177848,-39.59003440641005,63.70001591752033,0.0,1,1.7763568394002505e-14,0.0,-0.10536384085685624,-0.21554318491903945,-39.59829044834468,-63.70001399999998,9.60029838817782,-39.59003440641005,-63.70001591752033,0.0,1,-1.0658141036401503e-14,0.0,-0.02439072594217162,-0.4568358322761248,76.20173641834695,63.70001399999999,9.600300606721532,76.19654585901613,62.4500158716601,0.0,1,1.4210854715202004e-14,0.0,-0.02439072594217162,-0.4568358322761248,76.20173641834695,-63.70001399999998,9.600300606721532,76.19654585901613,-62.4500158716601,0.0,1,1.4210854715202004e-14
6.933333333333334,6933333,lift_sad_droop,-2.4941056790123453,0.0,71.63531506172839,0.9985199809290236,0.0,0.05438609827430474,0.0,-2.4941056790123453,0.0,71.63531506172839,37.095928727397705,17.258344366045748,0,feet,0.0,-0.10097702016309196,-0.21271958243197586,-39.60181925210201,63.70001399999999,9.600294704939557,-39.59003440641005,63.70001591752033,0.0,1,1.2434497875801753e-14,0.0,-0.10097702016309196,-0.2127196054134739,-39.60181925210201,-63.70001399999998,9.600294704939557,-39.59003440641005,-63.70001591752033,0.0,1,1.2434497875801753e-14,0.0,-0.02092626432037248,-0.4487910179705339,76.12722063783862,63.70001399999999,9.60026809073959,76.15235339524874,62.450015874526294,0.0,1,-2.1316282072803006e-14,0.0,-0.020926264320373367,-0.44879101797053433,76.12722063783868,-63.70001399999998,9.600268090739597,76.15235339524877,-62.45001587452629,0.0,1,-1.5987211554602254e-14
6.941666666666666,6941667,lift_sad_droop,-2.4335463030478395,0.0,71.74129396966629,0.9985909643617049,0.0,0.05306680596342784,0.0,-2.4335463030478395,0.0,71.74129396966629,37.15648810336221,17.615854291391067,0,feet,0.0,-0.09654228667930598,-0.20985911251776557,-39.60533103950484,63.70001399999999,9.600289751736362,-39.59003440641005,63.70001591752033,0.0,1,-1.7763568394002505e-15,0.0,-0.09654228667930598,-0.20985913521772837,-39.60533103950484,-63.70001399999998,9.600289751736362,-39.59003440641005,-63.70001591752033,0.0,1,-1.7763568394002505e-15,0.0,-0.01747142214541819,-0.44064454981739143,76.05195020188172,63.70001399999999,9.600278638414757,76.03123464331972,62.450015874526294,0.0,1,5.3290705182007514e-14,0.0,-0.017471422145418636,-0.44064454981739143,76.05195020188175,-63.70001399999998,9.60027863841475,76.03123464331975,-62.45001587452629,0.0,1,4.618527782440651e-14
6.95,6950000,lift_sad_droop,-2.3725075,0.0,71.848111875,0.9986607458794109,0.0,0.05173697555499922,0.0,-2.3725075,0.0,71.848111875,37.21752690641005,17.97657690983084,0,feet,0.0,-0.09206429103556157,-0.20696448514465615,-39.608820321991765,63.70001399999999,9.600283557981697,-39.59003440641005,63.70001591752033,0.0,1,-1.5987211554602254e-14,0.0,-0.09206429103556157,-0.20696450755908335,-39.60882032199174,-63.70001399999998,9.600283557981726,-39.59003440641005,-63.70001591752033,0.0,1,1.2434497875801753e-14,0.0,-0.014034549121012319,-0.4324007815249229,75.97603544687598,63.70001399999999,9.600068038711541,75.90915703722405,62.450015874526294,0.0,1,8.881784197001252e-15,0.0,-0.014034549121012763,-0.4324007815249229,75.97603544687598,-63.70001399999998,9.600068038711541,75.90915703722408,-62.45001587452629,0.0,1,8.881784197001252e-15
6.958333333333333,6958333,lift_sad_droop,-2.3110562548225304,0.0,71.95565155406057,0.9987292099805088,0.0,0.05039806674574633,0.0,-2.3110562548225304,0.0,71.95565155406057,37.278978151587516,18.34012295140522,0,feet,0.0,-0.08754777770132671,-0.2040385139383183,-39.612281755049636,63.70001399999999,9.600276160598547,-39.59003440641005,63.70001591752033,0.0,1,1.7763568394002505e-15,0.0,-0.08754777770132671,-0.20403853606345956,-39.61228175504965,-63.70001399999998,9.600276160598519,-39.59003440641005,-63.70001591752033,0.0,1,-2.842170943040401e-14,0.0,-0.010615476548363478,-0.42407225673760474,75.8995185854717,63.70001399999999,9.599975535796688,75.92110191012709,66.24574647018272,0.0,1,-7.105427357601002e-14,0.0,-0.010615476548363478,-0.42407225673760474,75.8995185854717,-63.70001399999998,9.599975535796688,75.9211019101271,-66.24574647018272,0.0,1,-7.105427357601002e-14
6.966666666666667,6966667,lift_sad_droop,-2.24926024691358,0.0,72.06379456790124,0.9987962479738162,0.0,0.04905155485228865,0.0,-2.24926024691358,0.0,72.06379456790124,37.34077415949647,18.70609732479423,0,feet,0.0,-0.08299757755583936,-0.20108409009664552,-39.61571015608983,63.70001399999999,9.600267603570053,-39.59003440641005,63.70001591752033,0.0,1,1.7763568394002505e-15,0.0,-0.08299757755583936,-0.2010841119290112,-39.61571015608983,-63.70001399999998,9.600267603570025,-39.59003440641005,-63.70001591752033,0.0,1,-2.4868995751603507e-14,0.0,-0.007219103159652018,-0.415666831407159,75.82248878962072,63.70001399999999,9.59996730112082,75.79750989430919,66.24574647018272,0.0,1,2.6645352591003757e-14,0.0,-0.0072191031596529065,-0.4156668314071603,75.82248878962078,-63.70001399999998,9.59996730112087,75.7975098943092,-66.24574647018272,0.0,1,7.638334409421077e-14
6.975,6975000,lift_sad_droop,-2.187187734375,0.0,72.17242146484375,0.9988617583236391,0.0,0.04769892827525678,0.0,-2.187187734375,0.0,72.17242146484375,37.40284667203505,19.074099774873083,0,feet,0.0,-0.07841860027040992,-0.19810417938744962,-39.619100521443656,63.70001399999999,9.600257937432481,-39.59003440641005,63.70001591752033,0.0,1,1.4210854715202004e-14,0.0,-0.07841860027040992,-0.19810420092382097,-39.61910052144364,-63.70001399999998,9.600257937432481,-39.59003440641005,-63.70001591752033,0.0,1,1.0658141036401503e-14,0.0,-0.003850235216099396,-0.40719241721889743,75.74503481350465,63.70001399999999,9.60000192872964,75.74369574119203,67.46091065718838,0.0,1,6.039613253960852e-14,0.0,-0.0038502352160980635,-0.40719241721889565,75.74503481350456,-63.70001399999998,9.600001928729583,75.74369574119196,-67.46091065718838,0.0,1,1.7763568394002505e-15
6.983333333333333,6983333,lift_sad_droop,-2.124907438271605,0.0,72.2814119830247,0.9989256469539533,0.0,0.04634168596011551,0.0,-2.124907438271605,0.0,72.2814119830247,37.46512696813844,19.44372555004081,0,feet,0.0,-0.0738158264984543,-0.19510181895226975,-39.6224480423969,63.70001399999999,9.60024721871688,-39.59003440641005,63.70001591752033,0.0,1,4.263256414560601e-14,0.0,-0.0738158264984543,-0.1951018401897051,-39.622448042396904,-63.70001399999998,9.600247218716852,-39.59003440641005,-63.70001591752033,0.0,1,1.2434497875801753e-14,0.0,-0.0005140595573527307,-0.39865661806307573,75.6672510401425,63.70001399999999,9.600001667414908,75.67477851740453,67.25214372180568,0.0,1,3.730349362740526e-14,0.0,-0.0005140595573513984,-0.39865661806307573,75.66725104014246,-63.70001399999998,9.600001667414944,75.67477851740448,-67.25214372180568,0.0,1,7.283063041541027e-14
6.991666666666666,6991667,lift_sad_droop,-2.062488426890432,0.0,72.39064525294174,0.9989878275107603,0.0,0.044981334854929854,0.0,-2.062488426890432,0.0,72.39064525294174,37.527545979519616,19.814566079309458,0,feet,0.0,-0.06919429987000969,-0.19208011389856638,-39.62574812018778,63.70001399999999,9.600235509346973,-39.59003440641005,63.70001591752033,0.0,1,3.552713678800501e-15,0.0,-0.06919429987000969,-0.19208013483441588,-39.62574812018778,-63.70001399999998,9.600235509346973,-39.59003440641005,-63.70001591752033,0.0,1,3.552713678800501e-15,0.0,0.0027859909781953185,-0.3900687043666897,75.58921999319013,63.70001399999999,9.600000658334821,75.58868151753134,67.10684953362784,0.0,1,-1.2434497875801753e-14,0.0,0.002785990978197539,-0.3900687043666893,75.58921999319004,-63.70001399999998,9.600000658334842,75.58868151753127,-67.10684953362784,0.0,1,8.881784197001252e-15
7.0,7000000,lift_sad_droop,-2.0,0.0,72.5,0.9990482215818578,0.0,0.043619387365336,0.0,-2.0,0.0,72.5,37.59003440641005,20.186209659086693,0,feet,0.0,-0.06455911878846798,-0.18904223366300776,-39.628996379895405,63.70001399999999,9.600222876001382,-39.59003440641005,63.70001591752033,0.0,1,-7.105427357601002e-15,0.0,-0.06455911878846798,-0.18904225429491728,-39.628996379895405,-63.70001399999998,9.600222876001382,-39.59003440641005,-63.70001591752033,0.0,1,-7.105427357601002e-15,0.0,0.006046050125170677,-0.3814375113287607,75.5110294131615,63.70001399999999,9.599989011150484,75.52596758196421,66.4822615229347,0.0,1,2.842170943040401e-14,0.0,0.006046050125171565,-0.38143751132876025,75.51102941316147,-63.70001399999998,9.599989011150491,75.52596758196415,-66.4822615229347,0.0,1,3.375077994860476e-14
7.008333333333334,7008333,lift_sad_droop,-1.9375115731095678,0.0,72.60935474705826,0.9991067588734732,0.0,0.04225735880699918,0.0,-1.9375115731095678,0.0,72.60935474705826,37.65252283330048,20.558242149530287,0,feet,0.0,-0.05991542802826055,-0.18599140812903947,-39.63218868315044,63.70001399999999,9.600209389447215,-39.59003440641005,63.70001591752033,0.0,1,-1.5987211554602254e-14,0.0,-0.05991542802826055,-0.1859914284549622,-39.63218868315042,-63.70001399999998,9.60020938944723,-39.59003440641005,-63.70001591752033,0.0,1,0.0,0.0,0.009263378624476903,-0.37277291832920767,75.43276060100582,63.70001399999999,9.60002242749183,75.4595521128943,63.700015888785835,0.0,1,3.907985046680551e-14,0.0,0.009263378624477792,-0.37277291832920634,75.43276060100577,-63.70001399999998,9.600022427491794,75.45955211289424,-63.70001588878583,0.0,1,5.329070518200751e-15
7.016666666666667,7016667,lift_sad_droop,-1.875092561728395,0.0,72.7185880169753,0.9991633773434276,0.0,0.040896764855857,0.0,-1.875092561728395,0.0,72.7185880169753,37.714941844681654,20.930054721172695,0,feet,0.0,-0.05526841013318018,-0.1829309234826626,-39.635321139604685,63.70001399999999,9.60019512385422,-39.59003440641005,63.70001591752033,0.0,1,-2.4868995751603507e-14,0.0,-0.05526841013318018,-0.18293094350086658,-39.635321139604685,-63.70001399999998,9.60019512385422,-39.59003440641005,-63.70001591752033,0.0,1,-2.4868995751603507e-14,0.0,0.012433723908246375,-0.3640833601199027,75.35450888756066,63.70001399999999,9.600039404057057,75.33471409013195,63.700015888785835,0.0,1,-6.217248937900877e-14,0.0,0.012433723908247263,-0.3640833601199027,75.35450888756063,-63.70001399999998,9.600039404057078,75.3347140901319,-63.70001588878583,0.0,1,-4.085620730620576e-14
7.025,7025000,lift_sad_droop,-1.8128122656249996,0.0,72.82757853515625,0.999218023290705,0.0,0.03953911899645934,0.0,-1.8128122656249996,0.0,72.82757853515625,37.77722214078505,21.301137368669018,0,feet,0.0,-0.05062327661602373,-0.1798641177911282,-39.638390117101416,63.70001399999999,9.600180156097153,-39.59003440641005,63.70001591752033,0.0,1,-1.2434497875801753e-14,0.0,-0.05062327661602373,-0.17986413750020613,-39.638390117101416,-63.70001399999998,9.600180156097153,-39.59003440641005,-63.70001591752033,0.0,1,-1.2434497875801753e-14,0.0,0.015553107451504733,-0.355377417651475,75.27636752200836,63.70001399999999,9.599982483523071,75.29511252894635,65.87399660422699,0.0,1,-5.5067062021407764e-14,0.0,0.015553107451506065,-0.355377417651475,75.27636752200833,-63.70001399999998,9.599982483523107,75.29511252894628,-65.87399660422699,0.0,1,-1.9539925233402755e-14
7.033333333333333,7033333,lift_sad_droop,-1.75073975308642,0.0,72.93620543209876,0.9992706514015227,0.0,0.03818592996872573,0.0,-1.75073975308642,0.0,72.93620543209876,37.83929465332363,21.671360596107014,0,feet,0.0,-0.045985258961181774,-0.17679437629024664,-39.64139225049484,63.70001399999999,9.600164565054577,-39.59003440641005,63.70001591752033,0.0,1,1.5987211554602254e-14,0.0,-0.045985258961181774,-0.17679439568912203,-39.641392250494825,-63.70001399999998,9.600164565054577,-39.59003440641005,-63.70001591752033,0.0,1,1.5987211554602254e-14,0.0,0.018621895964410662,-0.34666769302849465,75.19839936680718,63.70001399999999,9.600078021455097,75.26346455747695,63.700015894040135,0.0,1,-1.5987211554602254e-14,0.0,0.018621895964411994,-0.3466676930284942,75.19839936680712,-63.70001399999998,9.600078021455118,75.26346455747685,-63.700015894040135,0.0,1,5.329070518200751e-15
7.041666666666667,7041667,lift_sad_droop,-1.6889437451774691,0.0,73.04434844593943,0.9993212247522121,0.0,0.036838699213446686,0.0,-1.6889437451774691,0.0,73.04434844593943,37.90109066123258,22.040308198590267,0,feet,0.0,-0.041359599432765126,-0.1737251263671391,-39.64432444907379,63.70001399999999,9.600148430912185,-39.59003440641005,63.70001591752033,0.0,1,-7.105427357601002e-15,0.0,-0.041359599432765126,-0.17372514545507522,-39.644324449073764,-63.70001399999998,9.600148430912213,-39.59003440641005,-63.70001591752033,0.0,1,2.1316282072803006e-14,0.0,0.021636644669088323,-0.33796318319256713,75.12069906377153,63.70001399999999,9.600279364414824,75.13987254165905,63.700015894040135,0.0,1,5.1514348342607263e-14,0.0,0.0216366446690901,-0.3379631831925658,75.12069906377147,-63.70001399999998,9.600279364414767,75.13987254165895,-63.700015894040135,0.0,1,-5.329070518200751e-15
7.05,7050000,lift_sad_droop,-1.6274925000000002,0.0,73.151888125,0.9993697147694306,0.0,0.035498918316857905,0.0,-1.6274925000000002,0.0,73.151888125,37.962541906410046,22.407565148957644,0,feet,0.0,-0.03675154169178363,-0.1706598322265469,-39.64718390255211,63.70001399999999,9.600131834478546,-39.59003440641005,63.70001591752033,0.0,1,-3.019806626980426e-14,0.0,-0.03675154169178363,-0.1706598510031525,-39.647183902552094,-63.70001399999998,9.600131834478574,-39.59003440641005,-63.70001591752033,0.0,1,-1.7763568394002505e-15,0.0,0.0245899832531431,-0.3292690877387239,75.04339002619076,63.70001399999999,9.600262156940772,75.01697005130411,63.700015894040135,0.0,1,-1.5987211554602254e-14,0.0,0.024589983253143988,-0.3292690877387239,75.04339002619074,-63.70001399999998,9.600262156940794,75.01697005130401,-63.700015894040135,0.0,1,5.329070518200751e-15
7.058333333333334,7058333,lift_sad_droop,-1.5664536969521603,0.0,73.25870603033371,0.9994161011484421,0.0,0.034168066454614406,0.0,-1.5664536969521603,0.0,73.25870603033371,38.02358070945789,22.77271834541809,0,feet,0.0,-0.03216632122681329,-0.1676019892302496,-39.64996808559625,63.70001399999999,9.600114856520094,-39.59003440641005,63.70001591752033,0.0,1,1.7763568394002505e-14,0.0,-0.03216632122681329,-0.16760200769548828,-39.649968085596264,-63.70001399999998,9.600114856520094,-39.59003440641005,-63.70001591752033,0.0,1,1.7763568394002505e-14,0.0,0.02748341084239625,-0.3205987151287477,74.96652963911566,63.70001399999999,9.600285010314181,74.9523941061376,63.70001589562644,0.0,1,-1.7763568394002505e-15,0.0,0.027483410842398026,-0.3205987151287464,74.96652963911558,-63.70001399999998,9.600285010314167,74.9523941061375,-63.70001589562645,0.0,1,-1.5987211554602254e-14
7.066666666666666,7066667,lift_sad_droop,-1.5058943209876543,0.0,73.36468493827161,0.9994603717304084,0.0,0.0328476078354875,0.0,-1.5058943209876543,0.0,73.36468493827161,38.08414008542239,23.13535736662967,0,feet,0.0,-0.0276091556034741,-0.16455511790077848,-39.652674760868834,63.70001399999999,9.600097577122469,-39.59003440641005,63.70001591752033,0.0,1,6.039613253960852e-14,0.0,-0.0276091556034741,-0.16455513605497307,-39.652674760868855,-63.70001399999998,9.60009757712244,-39.59003440641005,-63.70001591752033,0.0,1,3.197442310920451e-14,0.0,0.030313965612806637,-0.3119611326805516,74.89021060098044,63.70001399999999,9.600294029673762,74.878598539439,63.700015896894804,0.0,1,7.105427357601002e-15,0.0,0.0303139656128093,-0.3119611326805507,74.89021060098032,-63.70001399999998,9.600294029673783,74.87859853943887,-63.7000158968948,0.0,1,2.842170943040401e-14
7.075,7075000,lift_sad_droop,-1.4458805468749998,0.0,73.46970904296874,0.9995025223398415,0.0,0.03153898914509858,0.0,-1.4458805468749998,0.0,73.46970904296874,38.144153859535045,23.495075233771928,0,feet,0.0,-0.023085234538911426,-0.1615227575823459,-39.65530198057597,63.70001399999999,9.600080075084826,-39.59003440641005,63.70001591752033,0.0,1,-7.105427357601002e-15,0.0,-0.023085234538911426,-0.16152277542618432,-39.65530198057597,-63.70001399999998,9.600080075084826,-39.59003440641005,-63.70001591752033,0.0,1,-7.105427357601002e-15,0.0,0.03307984907896744,-0.3033663360574099,74.81451744919212,63.70001399999999,9.600299631404333,74.81051608646283,63.70001589824611,0.0,1,-1.4210854715202004e-14,0.0,0.03307984907897099,-0.30336633605740815,74.81451744919195,-63.70001399999998,9.60029963140434,74.81051608646267,-63.70001589824611,0.0,1,-7.105427357601002e-15
7.083333333333333,7083333,lift_sad_droop,-1.3864776234567902,0.0,73.57366415895062,0.9995425565835692,0.0,0.030243636989992946,0.0,-1.3864776234567902,0.0,73.57366415895062,38.20355678295326,23.851469179133574,0,feet,0.0,-0.018599709808314824,-0.15850845975385752,-39.657848086515514,63.70001399999999,9.60006242735271,-39.59003440641005,63.70001591752033,0.0,1,2.1316282072803006e-14,0.0,-0.018599709808314824,-0.158508477288398,-39.657848086515514,-63.70001399999998,9.60006242735271,-39.59003440641005,-63.70001591752033,0.0,1,2.1316282072803006e-14,0.0,0.0357781954093741,-0.29482316659852037,74.73954270691438,63.70001399999999,9.60022879674814,74.77016642691206,63.70001590020452,0.0,1,-6.572520305780927e-14,0.0,0.03577819540937588,-0.29482316659852037,74.73954270691432,-63.70001399999998,9.60022879674819,74.77016642691196,-63.70001590020452,0.0,1,-1.5987211554602254e-14
7.091666666666667,7091667,lift_sad_droop,-1.3277497579089506,0.0,73.67643792365934,0.9995804856127583,0.0,0.028962955342341713,0.0,-1.3277497579089506,0.0,73.67643792365934,38.262284648501094,24.204141420713327,0,feet,0.0,-0.014157684991305874,-0.1555157809908989,-39.66031170863366,63.70001399999999,9.600044708493343,-39.59003440641005,63.70001591752033,0.0,1,3.375077994860476e-14,0.0,-0.014157684991305874,-0.1555157982175741,-39.66031170863367,-63.70001399999998,9.600044708493314,-39.59003440641005,-63.70001591752033,0.0,1,3.552713678800501e-15,0.0,0.03841028655388312,-0.286344163189328,74.66535010707476,63.70001399999999,9.600269319525552,74.65271069581638,63.70001590020452,0.0,1,3.019806626980426e-14,0.0,0.0384102865538849,-0.2863441631893262,74.66535010707464,-63.70001399999998,9.600269319525523,74.65271069581628,-63.70001590020452,0.0,1,0.0
7.1,7100000,lift_sad_droop,-1.2697600000000002,0.0,73.77792,0.9996163278497349,0.0,0.027698322985543356,0.0,-1.2697600000000002,0.0,73.77792,38.32027440641005,24.552699942312607,0,feet,0.0,-0.009764205066808085,-0.1525482755758527,-39.662691762105766,63.70001399999999,9.60002699021949,-39.59003440641005,63.70001591752033,0.0,1,5.861977570020827e-14,0.0,-0.009764205066808085,-0.1525482924964745,-39.662691762105766,-63.70001399999998,9.60002699021949,-39.59003440641005,-63.70001591752033,0.0,1,5.861977570020827e-14,0.0,0.04097293655571077,-0.27793751361416774,74.59203504105604,63.70001399999999,9.600301709049162,74.59508479424682,63.70001590160536,0.0,1,2.3092638912203256e-14,0.0,0.040972936555713435,-0.27793751361416597,74.5920350410559,-63.70001399999998,9.600301709049148,74.59508479424666,-63.700015901605354,0.0,1,1.0658141036401503e-14
7.108333333333333,7108333,lift_sad_droop,-1.2125701263503086,0.0,73.87800227888695,0.9996501086815197,0.0,0.026451090960975837,0.0,-1.2125701263503086,0.0,73.87800227888695,38.37746428005974,24.896759278580582,0,feet,0.0,-0.005424245865745192,-0.14960948775756933,-39.66498744296946,63.70001399999999,9.600009340963624,-39.59003440641005,63.70001591752033,0.0,1,1.7763568394002505e-15,0.0,-0.005424245865745192,-0.14960950437432974,-39.66498744296946,-63.70001399999998,9.600009340963624,-39.59003440641005,-63.70001591752033,0.0,1,1.7763568394002505e-15,0.0,0.043463350803827794,-0.2696115902204044,74.51969021020335,63.70001399999999,9.600223037138917,74.48070504694743,63.70001590160536,0.0,1,2.842170943040401e-14,0.0,0.0434633508038309,-0.2696115902204026,74.51969021020321,-63.70001399999998,9.600223037138917,74.48070504694728,-63.700015901605354,0.0,1,2.842170943040401e-14
7.116666666666666,7116667,lift_sad_droop,-1.1562405246913583,0.0,73.97657908179012,0.9996818601221741,0.0,0.025222580016128725,0.0,-1.1562405246913583,0.0,73.97657908179012,38.43379388171869,25.235941304459544,0,feet,0.0,-0.0011427033915984985,-0.1467029436645073,-39.66719822234699,63.70001399999999,9.599991825506379,-39.59003440641005,63.70001591752033,0.0,1,5.1514348342607263e-14,0.0,-0.0011427033915984985,-0.14670295997998117,-39.667198222347004,-63.70001399999998,9.59999182550635,-39.59003440641005,-63.70001591752033,0.0,1,2.3092638912203256e-14,0.0,0.04588000497436129,-0.26137566988151395,74.44839744845919,63.70001399999999,9.600000194745803,74.4545729427916,65.47797763449199,0.0,1,2.4868995751603507e-14,0.0,0.04588000497436484,-0.2613756698815113,74.44839744845902,-63.70001399999998,9.600000194745789,74.4545729427914,-65.47797763449199,0.0,1,1.2434497875801753e-14
7.125,7125000,lift_sad_droop,-1.100830078125,0.0,74.07354736328125,0.999711620446217,0.0,0.024014078054320095,0.0,-1.100830078125,0.0,74.07354736328125,38.54780375913022,25.569876028467583,0,feet,0.0,0.003075742189079911,-0.14383225771520092,-39.66932468216515,63.70001399999999,9.59998175397267,-39.64863383725521,60.014427080345826,0.0,1,1.5987211554602254e-14,0.0,0.003075742189079911,-0.14383227373235963,-39.66932468216516,-63.70001399999998,9.599981753972642,-39.648633837255225,-60.014427080345826,0.0,1,-1.4210854715202004e-14,0.0,0.04822779415947798,-0.2532447580429005,74.37819417423397,63.70001399999999,9.600001901838553,74.383790407141,65.46633517931168,0.0,1,1.4210854715202004e-14,0.0,0.04822779415948153,-0.25324475804289825,74.3781941742338,-63.70001399999998,9.600001901838553,74.38379040714081,-65.46633517931168,0.0,1,1.2434497875801753e-14
7.133333333333334,7133333,lift_sad_droop,-1.0463960493827158,0.0,74.16880691358024,0.9997394337955336,0.0,0.022826837586177633,0.0,-1.0463960493827158,0.0,74.16880691358024,38.602237787872504,25.898202389248475,0,feet,0.0,0.007226351590620794,-0.1410008617823637,-39.67136658181269,63.70001399999999,9.599977135910024,-39.64863383725521,60.014427080345826,0.0,1,-3.552713678800501e-14,0.0,0.007226351590620794,-0.1410008775045597,-39.67136658181269,-63.70001399999998,9.599977135910024,-39.648633837255225,-60.014427080345826,0.0,1,-3.552713678800501e-14,0.0,0.050501982741698814,-0.24522474837888364,74.30918560577364,63.70001399999999,9.599967077016629,74.28544973864531,65.4658392688918,0.0,1,-1.2434497875801753e-14,0.0,0.050501982741703255,-0.24522474837888097,74.30918560577341,-63.70001399999998,9.599967077016629,74.28544973864511,-65.4658392688918,0.0,1,-1.2434497875801753e-14
7.141666666666667,7141667,lift_sad_droop,-0.9929939650848766,0.0,74.26226056110147,0.9997653497623394,0.0,0.021662073183035733,0.0,-0.9929939650848766,0.0,74.26226056110147,38.65563987217034,26.220569054814163,0,feet,0.0,0.011304434689314746,-0.13821208514500416,-39.67332350367342,63.70001399999999,9.599972302462291,-39.64863383725521,60.014427080345826,0.0,1,0.0,0.0,0.01130443468931519,-0.13821210057596245,-39.67332350367344,-63.70001399999998,9.59997230246232,-39.648633837255225,-60.014427080345826,0.0,1,2.842170943040401e-14,0.0,0.05270366156840334,-0.2373265965985638,74.24143388312984,63.70001399999999,9.599996584869928,74.23366241224211,67.46700275270982,0.0,1,-1.7763568394002505e-15,0.0,0.052703661568406,-0.23732659659856292,74.24143388312979,-63.70001399999998,9.599996584869999,74.23366241224198,-67.46700275270982,0.0,1,6.927791673660977e-14
7.15,7150000,lift_sad_droop,-0.9406774999999998,0.0,74.353814375,0.9997894229509011,0.0,0.02052095893237241,0.0,-0.9406774999999998,0.0,74.353814375,38.70795633725522,26.53663522390368,0,feet,0.0,0.015305523909521224,-0.13546929397826624,-39.67519593556609,63.70001399999999,9.599967304246633,-39.64863383725521,60.014427080345826,0.0,1,1.7763568394002505e-15,0.0,0.015305523909521668,-0.13546930912209243,-39.6751959355661,-63.70001399999998,9.599967304246633,-39.648633837255225,-60.014427080345826,0.0,1,1.7763568394002505e-15,0.0,0.05483111457737477,-0.22955840758000123,74.17502012764801,63.70001399999999,9.600003442804692,74.17125961287562,65.99266422206816,0.0,1,2.6645352591003757e-14,0.0,0.054831114577378326,-0.22955840757999857,74.1750201276478,-63.70001399999998,9.60000344280462,74.17125961287547,-65.99266422206816,0.0,1,-4.440892098500626e-14
7.158333333333333,7158333,lift_sad_droop,-0.8894983613040124,0.0,74.44337786771798,0.9998117125208428,0.0,0.019404625895381254,0.0,-0.8894983613040124,0.0,74.44337786771798,38.759135475951204,26.846071428883988,0,feet,0.0,0.019225286511149076,-0.13277579104475068,-39.67698459255856,63.70001399999999,9.599962188589302,-39.64863383725521,60.014427080345826,0.0,1,-2.1316282072803006e-14,0.0,0.019225286511149076,-0.13277580590592875,-39.67698459255856,-63.70001399999998,9.599962188589302,-39.648633837255225,-60.014427080345826,0.0,1,-2.1316282072803006e-14,0.0,0.05688669862168716,-0.22193171130931688,74.10999533358036,63.70001399999999,9.600147787426963,74.16339086600654,63.700015908487444,0.0,1,4.796163466380676e-14,0.0,0.05688669862168849,-0.2219317113093151,74.10999533358026,-63.70001399999998,9.600147787426891,74.16339086600648,-63.700015908487444,0.0,1,-2.4868995751603507e-14
7.166666666666667,7166667,lift_sad_droop,-0.8395061728395061,0.0,74.53086419753086,0.9998322817149704,0.0,0.018314159566743867,0.0,-0.8395061728395061,0.0,74.53086419753086,38.80912766441571,27.148560339621014,0,feet,0.0,0.023059535816643884,-0.1301348057560423,-39.6786904040806,63.70001399999999,9.599956999406942,-39.64863383725521,60.014427080345826,0.0,1,3.552713678800501e-14,0.0,0.023059535816644328,-0.13013482033942791,-39.6786904040806,-63.70001399999998,9.59995699940697,-39.648633837255225,-60.014427080345826,0.0,1,6.394884621840902e-14,0.0,0.058867996337841344,-0.21445336091585654,74.04644302479662,63.70001399999999,9.600281290889399,74.06340648907752,63.700015908487444,0.0,1,2.4868995751603507e-14,0.0,0.05886799633784223,-0.2144533609158552,74.04644302479653,-63.70001399999998,9.60028129088937,74.06340648907747,-63.700015908487444,0.0,1,-5.329070518200751e-15
7.175,7175000,lift_sad_droop,-0.7907483593750002,0.0,74.61619037109375,0.9998511973746539,0.0,0.017250597336640125,0.0,-0.7907483593750002,0.0,74.61619037109375,38.85788547788022,27.443797567756256,0,feet,0.0,0.026804242484317786,-0.12754948398910182,-39.680314500172535,63.70001399999999,9.599951777132446,-39.64863383725521,60.014427080345826,0.0,1,1.5987211554602254e-14,0.0,0.026804242484317786,-0.12754949829991657,-39.68031450017255,-63.70001399999998,9.599951777132418,-39.648633837255225,-60.014427080345826,0.0,1,-1.2434497875801753e-14,0.0,0.060773076351564814,-0.20713027268711803,73.9844402733413,63.70001399999999,9.600278357561564,73.96589086214851,63.700015908487444,0.0,1,-2.1316282072803006e-14,0.0,0.0607730763515657,-0.2071302726871176,73.98444027334128,-63.70001399999998,9.600278357561564,73.96589086214846,-63.700015908487444,0.0,1,-2.3092638912203256e-14
7.183333333333334,7183333,lift_sad_droop,-0.7432700308641974,0.0,74.69927744598766,0.9998685294458836,0.0,0.016214925955004022,0.0,-0.7432700308641974,0.0,74.69927744598766,38.90536380639102,27.731492470831746,0,feet,0.0,0.03045554581423504,-0.1250228776827691,-39.68185819698385,63.70001399999999,9.599946558684152,-39.64863383725521,60.014427080345826,0.0,1,5.329070518200751e-15,0.0,0.03045554581423504,-0.12502289172659609,-39.68185819698385,-63.70001399999998,9.599946558684152,-39.648633837255225,-60.014427080345826,0.0,1,5.329070518200751e-15,0.0,0.06260230253567611,-0.19997109705287475,73.92404598849302,63.70001399999999,9.600149361431235,73.8709342051269,63.700015908487444,0.0,1,-3.552713678800501e-15,0.0,0.062602302535677,-0.1999710970528743,73.92404598849299,-63.70001399999998,9.600149361431235,73.87093420512684,-63.700015908487444,0.0,1,-5.329070518200751e-15
7.191666666666666,7191667,lift_sad_droop,-0.697113866705247,0.0,74.78005073326582,0.9998843504791893,0.0,0.015208078998006067,0.0,-0.697113866705247,0.0,74.78005073326582,38.951519970549974,28.011368955717188,0,feet,0.0,0.03400976507266318,-0.12255793424203532,-39.68332298164586,63.70001399999999,9.599941377473712,-39.64863383725521,60.014427080345826,0.0,1,-3.197442310920451e-14,0.0,0.03400976507266362,-0.12255794802480846,-39.68332298164584,-63.70001399999998,9.599941377473769,-39.648633837255225,-60.014427080345826,0.0,1,2.6645352591003757e-14,0.0,0.06436172317622058,-0.19298931395960572,73.8652779445673,63.70001399999999,9.600247697946017,73.89639061968303,63.700015910542625,0.0,1,1.2434497875801753e-14,0.0,0.06436172317622146,-0.19298931395960572,73.86527794456727,-63.70001399999998,9.600247697946045,73.896390619683,-63.70001591054262,0.0,1,4.085620730620576e-14
7.2,7200000,lift_sad_droop,-0.6523200000000001,0.0,74.85844,0.9998987351266647,0.0,0.014230934336715614,0.0,-0.6523200000000001,0.0,74.85844,38.996313837255215,28.28316628080494,0,feet,0.0,0.037463410820969045,-0.12015748578014751,-39.68471049664753,63.70001399999999,9.599936263450829,-39.64863383725521,60.014427080345826,0.0,1,8.881784197001252e-15,0.0,0.03746341082096949,-0.12015749930813868,-39.68471049664757,-63.70001399999998,9.599936263450829,-39.648633837255225,-60.014427080345826,0.0,1,7.105427357601002e-15,0.0,0.06604733141678887,-0.18618880499795143,73.80822170334376,63.70001399999999,9.600298008261476,73.80680288627254,63.700015910542625,0.0,1,3.730349362740526e-14,0.0,0.06604733141678931,-0.18618880499795099,73.8082217033437,-63.70001399999998,9.600298008261433,73.80680288627251,-63.70001591054262,0.0,1,-3.552713678800501e-15
7.208333333333333,7208333,lift_sad_droop,-0.6089259018132718,0.0,74.93437967182678,0.9999117596393718,0.0,0.013284311607872253,0.0,-0.6089259018132718,0.0,74.93437967182678,39.039707935441946,28.546639856452735,0,feet,0.0,0.04081319623473911,-0.11782423823072286,-39.68602252384999,63.70001399999999,9.599931243180137,-39.64863383725521,60.014427080345826,0.0,1,2.1316282072803006e-14,0.0,0.04081319623473956,-0.11782425151053655,-39.686022523850006,-63.70001399999998,9.599931243180137,-39.648633837255225,-60.014427080345826,0.0,1,2.1316282072803006e-14,0.0,0.0676587244910194,-0.1795762838870476,73.7529341806595,63.70001399999999,9.600241672353846,73.72001468989907,63.700015910542625,0.0,1,4.440892098500626e-14,0.0,0.0676587244910194,-0.17957628388704716,73.75293418065944,-63.70001399999998,9.600241672353803,73.72001468989905,-63.70001591054262,0.0,1,3.552713678800501e-15
7.216666666666667,7216667,lift_sad_droop,-0.5669662654320987,0.0,75.00780903549382,0.9999235013684248,0.0,0.012368969686671305,0.0,-0.5669662654320987,0.0,75.00780903549382,39.08166757182312,28.801562043169724,0,feet,0.0,0.044056048398956715,-0.11556076036403606,-39.6872609682804,63.70001399999999,9.599926339947615,-39.64863383725521,60.014427080345826,0.0,1,1.4210854715202004e-14,0.0,0.04405604839895716,-0.11556077340259296,-39.687260968280384,-63.70001399999998,9.599926339947643,-39.648633837255225,-60.014427080345826,0.0,1,4.263256414560601e-14,0.0,0.06919671740277034,-0.17315911977679388,73.69946101102141,63.70001399999999,9.600088992399137,73.63609541713673,63.700015910542625,0.0,1,5.3290705182007514e-14,0.0,0.06919671740277122,-0.17315911977679388,73.69946101102138,-63.70001399999998,9.600088992399165,73.6360954171367,-63.70001591054262,0.0,1,8.171241461241152e-14
7.225,7225000,lift_sad_droop,-0.5264728906250001,0.0,75.07867244140625,0.9999340382730486,0.0,0.011485604161447649,0.0,-0.5264728906250001,0.0,75.07867244140625,39.12216094663022,29.047722947058816,0,feet,0.0,0.04718911956509286,-0.11336947274329967,-39.688427841849766,63.70001399999999,9.599921573891592,-39.64863383725521,60.014427080345826,0.0,1,-3.552713678800501e-15,0.0,0.04718911956509331,-0.11336948554781934,-39.68842784184978,-63.70001399999998,9.599921573891592,-39.648633837255225,-60.014427080345826,0.0,1,-3.552713678800501e-15,0.0,0.07066472092412424,-0.1669465772901968,73.64782707643752,63.70001399999999,9.60000211935592,73.65390904911638,66.67236698627397,0.0,1,1.9539925233402755e-14,0.0,0.07066472092412424,-0.1669465772901968,73.64782707643752,-63.70001399999998,9.60000211935592,73.65390904911641,-66.67236698627397,0.0,1,1.9539925233402755e-14
7.233333333333333,7233333,lift_sad_droop,-0.48747456790123456,0.0,75.14691950617284,0.9999434484388928,0.0,0.010634844810122874,0.0,-0.48747456790123456,0.0,75.14691950617284,39.16115926935398,29.284931212046644,0,feet,0.0,0.050209798356169344,-0.11125263665819762,-39.68952524714251,63.70001399999999,9.599916962154865,-39.64863383725521,60.014427080345826,0.0,1,1.4210854715202004e-14,0.0,0.05020979835616979,-0.11125264923618872,-39.68952524714251,-63.70001399999998,9.599916962154893,-39.648633837255225,-60.014427080345826,0.0,1,4.085620730620576e-14,0.0,0.07206360781526566,-0.16094511344275375,73.5980721523956,63.70001399999999,9.599983165672612,73.57846163906909,66.67061985496431,0.0,1,1.0658141036401503e-14,0.0,0.07206360781526566,-0.16094511344275375,73.5980721523956,-63.70001399999998,9.599983165672612,73.57846163906909,-66.67061985496431,0.0,1,1.0658141036401503e-14
7.241666666666666,7241667,lift_sad_droop,-0.4499969627700618,0.0,75.2125053151524,0.9999518096098418,0.0,0.00981725307826463,0.0,-0.4499969627700618,0.0,75.2125053151524,39.19863687448515,29.513014808453406,0,feet,0.0,0.053115720906042,-0.10921234307400463,-39.69055536142598,63.70001399999999,9.599912519053575,-39.64863383725521,60.014427080345826,0.0,1,-3.375077994860476e-14,0.0,0.05311572090604244,-0.10921235543324359,-39.69055536142596,-63.70001399999998,9.599912519053632,-39.648633837255225,-60.014427080345826,0.0,1,2.3092638912203256e-14,0.0,0.07339195030472512,-0.15515850896846262,73.55024738075234,63.70001399999999,9.599889407531862,73.50350642880674,66.67061985496431,0.0,1,5.1514348342607263e-14,0.0,0.07339195030472467,-0.15515850896846173,73.55024738075237,-63.70001399999998,9.599889407531833,73.50350642880674,-66.67061985496431,0.0,1,2.3092638912203256e-14
7.25,7250000,lift_sad_droop,-0.4140625,0.0,75.275390625,0.9999591987365046,0.0,0.009033319558593137,0.0,-0.4140625,0.0,75.275390625,39.23457133725522,29.731821817475307,0,feet,0.0,0.05590478191950554,-0.10725050163539729,-39.691520421029765,63.70001399999999,9.599908256259667,-39.64863383725521,60.014427080345826,0.0,1,-3.197442310920451e-14,0.0,0.05590478191950554,-0.10725051378390793,-39.691520421029736,-63.70001399999998,9.599908256259724,-39.648633837255225,-60.014427080345826,0.0,1,2.4868995751603507e-14,0.0,0.07465107798443382,-0.14959249248820727,73.50438099145506,63.70001399999999,9.59974072487158,73.57528708953372,66.08449162208595,0.0,1,-1.9539925233402755e-14,0.0,0.07465107798443382,-0.14959249248820727,73.50438099145506,-63.70001399999998,9.59974072487158,73.57528708953372,-66.08449162208595,0.0,1,-1.9539925233402755e-14
7.258333333333334,7258333,lift_sad_droop,-0.37969024787808636,0.0,75.33554206621335,0.9999656915444879,0.0,0.008283461471759348,0.0,-0.37969024787808636,0.0,75.33554206621335,39.26894358937713,29.941221211176412,0,feet,0.0,0.058575145640180626,-0.10536882976437179,-39.692422706243114,63.70001399999999,9.599904182991793,-39.64863383725521,60.014427080345826,0.0,1,-2.1316282072803006e-14,0.0,0.058575145640180626,-0.10536884171040839,-39.692422706243114,-63.70001399999998,9.599904182991793,-39.648633837255225,-60.014427080345826,0.0,1,-2.1316282072803006e-14,0.0,0.0758479368013294,-0.1442574204872824,73.46046104227631,63.70001399999999,9.599891986418243,73.50654258528989,66.08449162208595,0.0,1,3.197442310920451e-14,0.0,0.0758479368013294,-0.1442574204872824,73.46046104227631,-63.70001399999998,9.599891986418243,73.50654258528989,-66.08449162208595,0.0,1,3.197442310920451e-14
7.266666666666667,7266667,lift_sad_droop,-0.3468958024691358,0.0,75.39293234567901,0.9999713621254542,0.0,0.007568020148211438,0.0,-0.3468958024691358,0.0,75.39293234567901,39.301738034786084,30.141103627610185,0,feet,0.0,0.061125256713672194,-0.1035688418917089,-39.693264526876575,63.70001399999999,9.599900306212334,-39.64863383725521,60.014427080345826,0.0,1,3.907985046680551e-14,0.0,0.06112525671367264,-0.1035688536437318,-39.69326452687662,-63.70001399999998,9.599900306212277,-39.648633837255225,-60.014427080345826,0.0,1,-1.7763568394002505e-14,0.0,0.07697758113971354,-0.13915206206911757,73.41855064413112,63.70001399999999,9.599976445952294,73.44095369447199,66.08449162208595,0.0,1,1.5987211554602254e-14,0.0,0.07697758113971354,-0.13915206206911757,73.41855064413112,-63.70001399999998,9.599976445952294,73.44095369447199,-66.08449162208595,0.0,1,1.5987211554602254e-14
7.275,7275000,lift_sad_droop,-0.31569117187500007,0.0,75.44754044921875,0.999976282553843,0.0,0.006887258510961723,0.0,-0.31569117187500007,0.0,75.44754044921875,39.332942665380216,30.331382140717324,0,feet,0.0,0.06355385093401544,-0.10185183886090021,-39.69404820862967,63.70001399999999,9.599896630825981,-39.64863383725521,60.014427080345826,0.0,1,1.7763568394002505e-14,0.0,0.06355385093401589,-0.10185185042755496,-39.69404820862968,-63.70001399999998,9.59989663082601,-39.648633837255225,-60.014427080345826,0.0,1,4.618527782440651e-14,0.0,0.07804134334938162,-0.13428029996976987,73.37866610770196,63.70001399999999,9.600002585661045,73.37854443328372,66.08449162208595,0.0,1,1.7763568394002505e-14,0.0,0.07804134334938162,-0.13428029996976987,73.37866610770196,-63.70001399999998,9.600002585661045,73.37854443328372,-66.08449162208595,0.0,1,1.7763568394002505e-14
7.283333333333333,7283333,lift_sad_droop,-0.2860846604938272,0.0,75.4993518441358,0.9999805225319827,0.0,0.0062413585590646746,0.0,-0.2860846604938272,0.0,75.4993518441358,39.36254917676139,30.511993024673934,0,feet,0.0,0.06585996586212772,-0.10021889754256064,-39.69477608040179,63.70001399999999,9.599893159877766,-39.64863383725521,60.014427080345826,0.0,1,-2.4868995751603507e-14,0.0,0.06585996586212817,-0.10021890893264818,-39.69477608040179,-63.70001399999998,9.599893159877794,-39.648633837255225,-60.014427080345826,0.0,1,3.552713678800501e-15,0.0,0.07904060977725624,-0.1296453904322763,73.34081896286374,63.70001399999999,9.59997853875717,73.31933141052137,66.08449162208595,0.0,1,4.263256414560601e-14,0.0,0.07904060977725624,-0.1296453904322763,73.34081896286374,-63.70001399999998,9.59997853875717,73.31933141052137,-66.08449162208595,0.0,1,4.263256414560601e-14
7.291666666666667,7291667,lift_sad_droop,-0.258080753279321,0.0,75.54835868176119,0.9999841490661516,0.0,0.005630418851618257,0.0,-0.258080753279321,0.0,75.54835868176119,39.390553083975895,30.682896512393135,0,feet,0.0,0.06804295130573346,-0.09867086069595343,-39.69545046267671,63.70001399999999,9.599889894746497,-39.64863383725521,60.014427080345826,0.0,1,4.085620730620576e-14,0.0,0.0680429513057339,-0.09867087191840485,-39.69545046267678,-63.70001399999998,9.59988989474644,-39.648633837255225,-60.014427080345826,0.0,1,-1.7763568394002505e-14,0.0,0.07997875172339253,-0.1252517127642916,73.30500287289253,63.70001399999999,9.600027093298436,73.37709449673375,63.70001591546515,0.0,1,2.6645352591003757e-14,0.0,0.07997875172339253,-0.1252517127642916,73.30500287289253,-63.70001399999998,9.600027093298436,73.37709449673375,-63.700015915465144,0.0,1,2.6645352591003757e-14
7.3,7300000,lift_sad_droop,-0.23168000000000005,0.0,75.59456,0.9999872261759445,0.0,0.005054451992105466,0.0,-0.23168000000000005,0.0,75.59456,39.41695383725522,30.844077547914637,0,feet,0.0,0.07010247965108674,-0.0972083271123938,-39.69607365710271,63.70001399999999,9.59988683533112,-39.64863383725521,60.014427080345826,0.0,1,-5.329070518200751e-15,0.0,0.07010247965108674,-0.09720833817624941,-39.696073657102694,-63.70001399999998,9.599886835331134,-39.648633837255225,-60.014427080345826,0.0,1,1.0658141036401503e-14,0.0,0.08085718087125704,-0.12110112606774637,73.27122028008475,63.70001399999999,9.600151075984954,73.32429299017511,63.70001591546515,0.0,1,-1.0658141036401503e-14,0.0,0.08085718087125704,-0.12110112606774637,73.27122028008475,-63.70001399999998,9.600151075984954,73.32429299017511,-63.700015915465144,0.0,1,-1.0658141036401503e-14
7.308333333333334,7308333,lift_sad_droop,-0.20687889949845684,0.0,75.6379619258777,0.9999898146390807,0.0,0.004513382112900454,0.0,-0.20687889949845684,0.0,75.6379619258777,39.44175493775676,30.995546532450057,0,feet,0.0,0.07203855603778742,-0.09583164207299033,-39.69664793737963,63.70001399999999,9.599883980229137,-39.64863383725521,60.014427080345826,0.0,1,-1.2434497875801753e-14,0.0,0.07203855603778786,-0.09583165298735974,-39.69664793737966,-63.70001399999998,9.599883980229109,-39.648633837255225,-60.014427080345826,0.0,1,-3.907985046680551e-14,0.0,0.0816753424939125,-0.11719289852341053,73.2394813387091,63.70001399999999,9.60023321013037,73.27469078917203,63.70001591546515,0.0,1,1.9539925233402755e-14,0.0,0.0816753424939125,-0.11719289852341053,73.2394813387091,-63.70001399999998,9.60023321013037,73.27469078917203,-63.700015915465144,0.0,1,1.9539925233402755e-14
7.316666666666666,7316667,lift_sad_droop,-0.18366978395061723,0.0,75.67857787808641,0.9999919717735373,0.0,0.004007042359773864,0.0,-0.18366978395061723,0.0,75.67857787808641,39.4649640533046,31.137340063887734,0,feet,0.0,0.07385152836905595,-0.09454088815029182,-39.69717554155562,63.70001399999999,9.59988132690269,-39.64863383725521,60.014427080345826,0.0,1,1.7763568394002505e-14,0.0,0.07385152836905595,-0.0945408989243317,-39.69717554155565,-63.70001399999998,9.599881326902633,-39.648633837255225,-60.014427080345826,0.0,1,-3.907985046680551e-14,0.0,0.08243481023652288,-0.11352746821492499,73.20977686962561,63.70001399999999,9.60027995965747,73.22827255807634,63.70001591546515,0.0,1,2.842170943040401e-14,0.0,0.08243481023652288,-0.11352746821492499,73.20977686962561,-63.70001399999998,9.60027995965747,73.22827255807634,-63.700015915465144,0.0,1,2.842170943040401e-14
7.325,7325000,lift_sad_droop,-0.16204070312499996,0.0,75.71642876953125,0.9999937512586118,0.0,0.0035351723762446735,0.0,-0.16204070312499996,0.0,75.71642876953125,39.48659313413022,31.26952166959957,0,feet,0.0,0.07554209715100724,-0.09333587638019303,-39.69765866581984,63.70001399999999,9.599878871832502,-39.64863383725521,60.014427080345826,0.0,1,4.440892098500626e-14,0.0,0.07554209715100768,-0.0933358870230716,-39.69765866581989,-63.70001399999998,9.599878871832473,-39.648633837255225,-60.014427080345826,0.0,1,1.5987211554602254e-14,0.0,0.08313720235039535,-0.1101044977207204,73.18209216156339,63.70001399999999,9.60029733158487,73.1850143964251,63.70001591546515,0.0,1,3.019806626980426e-14,0.0,0.08313720235039535,-0.1101044977207204,73.18209216156339,-63.70001399999998,9.60029733158487,73.1850143964251,-63.700015915465144,0.0,1,3.019806626980426e-14
7.333333333333333,7333333,lift_sad_droop,-0.1419753086419753,0.0,75.75154320987654,0.9999952029962136,0.0,0.003097415787640778,0.0,-0.1419753086419753,0.0,75.75154320987654,39.506658528613244,31.392182532433736,0,feet,0.0,0.07711132515577601,-0.0922161378266102,-39.6980994598664,63.70001399999999,9.599876610657603,-39.64863383725521,60.014427080345826,0.0,1,1.0658141036401503e-14,0.0,0.07711132515577601,-0.09221614834747749,-39.69809945986641,-63.70001399999998,9.599876610657574,-39.648633837255225,-60.014427080345826,0.0,1,-1.7763568394002505e-14,0.0,0.08378425481934881,-0.10692291398986775,73.1564063283661,63.70001399999999,9.600295116318577,73.16576300005455,63.70001591568979,0.0,1,3.730349362740526e-14,0.0,0.08378425481934881,-0.10692291398986775,73.1564063283661,-63.70001399999998,9.600295116318577,73.16576300005455,-63.70001591568979,0.0,1,3.730349362740526e-14
7.341666666666667,7341667,lift_sad_droop,-0.12345273823302468,0.0,75.7839577080922,0.999996373013347,0.0,0.0026933176847473866,0.0,-0.12345273823302468,0.0,75.7839577080922,39.52518109902219,31.5054422098234,0,feet,0.0,0.07856064690474351,-0.09118091555726915,-39.69850002388712,63.70001399999999,9.599874538300085,-39.64863383725521,60.014427080345826,0.0,1,2.4868995751603507e-14,0.0,0.07856064690474396,-0.09118092596521965,-39.69850002388715,-63.70001399999998,9.599874538300085,-39.648633837255225,-60.014427080345826,0.0,1,2.4868995751603507e-14,0.0,0.08437802518165194,-0.10398107302772441,73.13269090004074,63.70001399999999,9.600298853820235,73.12871785923666,63.70001591568979,0.0,1,3.552713678800501e-14,0.0,0.08437802518165194,-0.10398107302772441,73.13269090004074,-63.70001399999998,9.600298853820235,73.12871785923666,-63.70001591568979,0.0,1,3.552713678800501e-14
7.35,7350000,lift_sad_droop,-0.1064475,0.0,75.813716875,0.99999730340638,0.0,0.002322322106940586,0.0,-0.1064475,0.0,75.813716875,39.54218633725522,31.609449345990193,0,feet,0.0,0.07989187796967245,-0.09022915704425039,-39.69886240723478,63.70001399999999,9.599872649073475,-39.64863383725521,60.014427080345826,0.0,1,8.881784197001252e-15,0.0,0.07989187796967245,-0.09022916734829067,-39.698862407234806,-63.70001399999998,9.599872649073447,-39.648633837255225,-60.014427080345826,0.0,1,-1.9539925233402755e-14,0.0,0.08491981329974685,-0.10127573249058752,73.11091671776036,63.70001399999999,9.600285991842881,73.09470738277061,63.70001591568979,0.0,1,4.085620730620576e-14,0.0,0.08491981329974685,-0.10127573249058752,73.11091671776036,-63.70001399999998,9.600285991842881,73.09470738277061,-63.70001591568979,0.0,1,4.085620730620576e-14
7.358333333333333,7358333,lift_sad_droop,-0.0909293566743827,0.0,75.84087362581982,0.9999980323273006,0.0,0.0019837695247229216,0.0,-0.0909293566743827,0.0,75.84087362581982,39.55770448058084,31.70438237727525,0,feet,0.0,0.08110722409122673,-0.08935950699788808,-39.69918860877888,63.70001399999999,9.599870936775517,-39.64863383725521,60.014427080345826,0.0,1,1.7763568394002505e-15,0.0,0.08110722409122717,-0.08935951720690172,-39.69918860877891,-63.70001399999998,9.599870936775517,-39.648633837255225,-60.014427080345826,0.0,1,3.552713678800501e-15,0.0,0.08541143182862765,-0.0988032015380349,73.0910454463596,63.70001399999999,9.600260648162816,73.06367109611938,63.70001591568979,0.0,1,-3.552713678800501e-15,0.0,0.08541143182862765,-0.0988032015380349,73.0910454463596,-63.70001399999998,9.600260648162816,73.06367109611938,-63.70001591568979,0.0,1,-3.552713678800501e-15
7.366666666666666,7366667,lift_sad_droop,-0.07686320987654321,0.0,75.86548938271605,0.9999985940117287,0.0,0.001676894321598021,0.0,-0.07686320987654321,0.0,75.86548938271605,39.571770627378676,31.790450230689714,0,feet,0.0,0.08220929011615441,-0.08857030063715321,-39.69948057895718,63.70001399999999,9.599869394764127,-39.64863383725521,60.014427080345826,0.0,1,-1.5987211554602254e-14,0.0,0.0822092901161553,-0.0885703107598621,-39.6994805789572,-63.70001399999998,9.599869394764156,-39.648633837255225,-60.014427080345826,0.0,1,1.2434497875801753e-14,0.0,0.08585475055915293,-0.09655889561019038,73.07303247966705,63.70001399999999,9.600226460448155,73.0355388025237,63.70001591568979,0.0,1,0.0,0.0,0.08585475055915293,-0.09655889561019038,73.07303247966705,-63.70001399999998,9.600226460448155,73.0355388025237,-63.70001591568979,0.0,1,0.0
7.375,7375000,lift_sad_droop,-0.064208984375,0.0,75.88763427734375,0.9999990188479952,0.0,0.0014008222752416382,0.0,-0.064208984375,0.0,75.88763427734375,39.58442485288022,31.867893015840423,0,feet,0.0,0.08320108875637233,-0.08785955739382167,-39.699740223504776,63.70001399999999,9.599868016017496,-39.64863383725521,60.014427080345826,0.0,1,1.0658141036401503e-14,0.0,0.08320108875637233,-0.08785956743875234,-39.6997402235048,-63.70001399999998,9.599868016017467,-39.648633837255225,-60.014427080345826,0.0,1,-1.7763568394002505e-14,0.0,0.08625170171313545,-0.09453731736370985,73.05682679386645,63.70001399999999,9.600186593982244,73.01023035152062,63.70001591568979,0.0,1,5.3290705182007514e-14,0.0,0.08625170171313545,-0.09453731736370985,73.05682679386645,-63.70001399999998,9.600186593982244,73.01023035152062,-63.70001591568979,0.0,1,5.3290705182007514e-14
7.383333333333334,7383333,lift_sad_droop,-0.05292151234567902,0.0,75.90738735339507,0.9999993334861007,0.0,0.001154568037946708,0.0,-0.05292151234567902,0.0,75.90738735339507,39.59571232490954,31.936982710457073,0,feet,0.0,0.08408604917526263,-0.08722497504160431,-39.69996940881953,63.70001399999999,9.599866793178066,-39.64863383725521,60.014427080345826,0.0,1,-1.2434497875801753e-14,0.0,0.08408604917526263,-0.08722498501704612,-39.69996940881954,-63.70001399999998,9.599866793178037,-39.648633837255225,-60.014427080345826,0.0,1,-4.085620730620576e-14,0.0,0.0866042861406906,-0.09273203917514472,73.04237080117335,63.70001399999999,9.600143753788558,72.98765540746197,63.70001591568979,0.0,1,-1.2434497875801753e-14,0.0,0.0866042861406906,-0.09273203917514472,73.04237080117335,-63.70001399999998,9.600143753788558,72.98765540746197,-63.70001591568979,0.0,1,-1.2434497875801753e-14
7.391666666666667,7391667,lift_sad_droop,-0.04295041763117285,0.0,75.92483676914544,0.9999995609848416,0.0,0.0009370326163393722,0.0,-0.04295041763117285,0.0,75.92483676914544,39.60568341962404,31.99802383982395,0,feet,0.0,0.08486802540878946,-0.08666392423495584,-39.700169968900695,63.70001399999999,9.599865718582024,-39.64863383725521,60.014427080345826,0.0,1,1.9539925233402755e-14,0.0,0.0848680254087899,-0.08666393414892681,-39.700169968900695,-63.70001399999998,9.599865718582052,-39.648633837255225,-60.014427080345826,0.0,1,4.796163466380676e-14,0.0,0.08691458038172506,-0.09113568717219733,73.0296002037973,63.70001399999999,9.600100200972278,72.96771321803296,63.70001591568979,0.0,1,1.5987211554602254e-14,0.0,0.08691458038172506,-0.09113568717219733,73.0296002037973,-63.70001399999998,9.600100200972278,72.96771321803296,-63.70001591568979,0.0,1,1.5987211554602254e-14
7.4,7400000,lift_sad_droop,-0.034240000000000013,0.0,75.94008,0.9999997209948258,0.0,0.0007470008503811981,0.0,-0.034240000000000013,0.0,75.94008,39.61439383725522,32.05135415050293,0,feet,0.0,0.08555130463138205,-0.08617344343558431,-39.70034371377132,63.70001399999999,9.599864784273919,-39.64863383725521,60.014427080345826,0.0,1,4.440892098500626e-14,0.0,0.08555130463138205,-0.0861734532957894,-39.700343713771304,-63.70001399999998,9.599864784273919,-39.648633837255225,-60.014427080345826,0.0,1,4.440892098500626e-14,0.0,0.08718474454053293,-0.08973992672478026,73.01844384815739,63.70001399999999,9.600057773028283,72.95029238277061,63.70001591568979,0.0,1,2.4868995751603507e-14,0.0,0.08718474454053293,-0.08973992672478026,73.01844384815739,-63.70001399999998,9.600057773028283,72.95029238277061,-63.70001591568979,0.0,1,2.4868995751603507e-14
7.408333333333333,7408333,lift_sad_droop,-0.026729119405864192,0.0,75.95322404103973,0.9999998299745021,0.0,0.000583138891689305,0.0,-0.026729119405864192,0.0,75.95322404103973,39.621904717849354,32.0973452788263,0,feet,0.0,0.08614061527915862,-0.0857502341977634,-39.700492439270285,63.70001399999999,9.599863982008728,-39.64863383725521,60.014427080345826,0.0,1,2.3092638912203256e-14,0.0,0.08614061527915906,-0.0857502440115554,-39.700492439270334,-63.70001399999998,9.5998639820087,-39.648633837255225,-60.014427080345826,0.0,1,-5.329070518200751e-15,0.0,0.08741703090870478,-0.08853544929868784,73.00882357931977,63.70001399999999,9.600017907802169,72.93527062158235,63.70001591568979,0.0,1,-2.1316282072803006e-14,0.0,0.08741703090870478,-0.08853544929868784,73.00882357931977,-63.70001399999998,9.600017907802169,72.93527062158235,-63.70001591568979,0.0,1,-2.1316282072803006e-14
7.416666666666667,7416667,lift_sad_droop,-0.020351080246913577,0.0,75.9643856095679,0.9999999014356886,0.0,0.0004439916812205327,0.0,-0.020351080246913577,0.0,75.9643856095679,39.62828275700831,32.13640341473722,0,feet,0.0,0.0866411350457863,-0.08539065677638069,-39.700617938073364,63.70001399999999,9.599863303242046,-39.64863383725521,60.014427080345826,0.0,1,7.105427357601002e-15,0.0,0.0866411350457863,-0.08539066655072514,-39.700617938073364,-63.70001399999998,9.599863303242046,-39.648633837255225,-60.014427080345826,0.0,1,7.105427357601002e-15,0.0,0.08761379325687058,-0.08751196054529231,73.00065409562366,63.70001399999999,9.599981670715408,72.92251454326444,63.70001591568979,0.0,1,1.7763568394002505e-15,0.0,0.08761379325687058,-0.08751196054529231,73.00065409562366,-63.70001399999998,9.599981670715408,72.92251454326444,-63.70001591568979,0.0,1,1.7763568394002505e-15
7.425,7425000,lift_sad_droop,-0.015033515624999999,0.0,75.97369134765626,0.9999999462144185,0.0,0.0003279804263776228,0.0,-0.015033515624999999,0.0,75.97369134765626,39.63360032163022,32.168969961664104,0,feet,0.0,0.08705849876916583,-0.08509072601437895,-39.70072201177431,63.70001399999999,9.599862739109653,-39.64863383725521,60.014427080345826,0.0,1,-1.7763568394002505e-14,0.0,0.08705849876916627,-0.08509073575580883,-39.700722011774324,-63.70001399999998,9.599862739109653,-39.648633837255225,-60.014427080345826,0.0,1,-1.7763568394002505e-14,0.0,0.08777749670019785,-0.08665816947132043,72.99384280345875,63.70001399999999,9.599949784790866,72.91187941402062,63.70001591568979,0.0,1,-1.2434497875801753e-14,0.0,0.08777749670019785,-0.08665816947132043,72.99384280345875,-63.70001399999998,9.599949784790866,72.91187941402062,-63.70001591568979,0.0,1,-1.2434497875801753e-14
7.433333333333334,7433333,lift_sad_droop,-0.010698271604938272,0.0,75.98127802469136,0.9999999727622015,0.0,0.00023340007760438717,0.0,-0.010698271604938272,0.0,75.98127802469136,39.63793556565028,32.1955221932321,0,feet,0.0,0.0873988062302673,-0.0848461074587572,-39.70080648382941,63.70001399999999,9.599862280398611,-39.64863383725521,60.014427080345826,0.0,1,-2.3092638912203256e-14,0.0,0.08739880623026774,-0.08484611717333479,-39.700806483829425,-63.70001399999998,9.59986228039864,-39.648633837255225,-60.014427080345826,0.0,1,5.329070518200751e-15,0.0,0.08791072802608868,-0.08596177850363462,72.9882896721545,63.70001399999999,9.599922662935683,72.9032089259805,63.70001591568979,0.0,1,4.973799150320701e-14,0.0,0.08791072802608868,-0.08596177850363462,72.9882896721545,-63.70001399999998,9.599922662935683,72.9032089259805,-63.70001591568979,0.0,1,4.973799150320701e-14
7.441666666666666,7441667,lift_sad_droop,-0.007261291473765432,0.0,75.98729273992092,0.999999987452058,0.0,0.00015841680454264616,0.0,-0.007261291473765432,0.0,75.98729273992092,39.64137254578145,32.21657390774167,0,feet,0.0,0.0876686298886753,-0.08465211364668246,-39.70087321313838,63.70001399999999,9.59986191751102,-39.64863383725521,60.014427080345826,0.0,1,1.7763568394002505e-15,0.0,0.08766862988867574,-0.08465212333996108,-39.700873213138394,-63.70001399999998,9.59986191751102,-39.648633837255225,-60.014427080345826,0.0,1,1.7763568394002505e-15,0.0,0.08801620635500962,-0.0854094742352931,72.98388708893614,63.70001399999999,9.599900441850139,72.89633496571815,63.70001591568979,0.0,1,-8.881784197001252e-15,0.0,0.08801620635500962,-0.0854094742352931,72.98388708893614,-63.70001399999998,9.599900441850139,72.89633496571815,-63.70001591568979,0.0,1,-8.881784197001252e-15
7.45,7450000,lift_sad_droop,-0.004632500000000001,0.0,75.991893125,0.9999999948928852,0.0,0.00010106547182624569,0.0,-0.004632500000000001,0.0,75.991893125,39.64400133725522,32.232676081479966,0,feet,0.0,0.08787502258291813,-0.08450370049554445,-39.700924108005516,63.70001399999999,9.599861640422532,-39.64863383725521,60.014427080345826,0.0,1,5.329070518200751e-15,0.0,0.08787502258291857,-0.08450371017252589,-39.70092410800553,-63.70001399999998,9.599861640422532,-39.648633837255225,-60.014427080345826,0.0,1,5.329070518200751e-15,0.0,0.0880967939870243,-0.0849869186109542,72.98051971389687,63.70001399999999,9.599883016845439,72.89107738277062,63.70001591568979,0.0,1,7.105427357601002e-15,0.0,0.0880967939870243,-0.0849869186109542,72.98051971389687,-63.70001399999998,9.599883016845439,72.89107738277062,-63.70001591568979,0.0,1,7.105427357601002e-15
7.458333333333333,7458333,lift_sad_droop,-0.0027156876929012343,0.0,75.99524754653743,0.9999999982448897,0.0,5.924711458660723e-05,0.0,-0.0027156876929012343,0.0,75.99524754653743,39.64591814956232,32.244417522077384,0,feet,0.0,0.08802552522727014,-0.08439546372285323,-39.70096114019222,63.70001399999999,9.599861438637447,-39.64863383725521,60.014427080345826,0.0,1,-5.329070518200751e-15,0.0,0.08802552522727014,-0.08439547338794773,-39.70096114019222,-63.70001399999998,9.599861438637447,-39.648633837255225,-60.014427080345826,0.0,1,-5.329070518200751e-15,0.0,0.0881555072671607,-0.0846787402820981,72.97806433492654,63.70001399999999,9.599870076753646,72.88724375815642,63.70001591568979,0.0,1,1.2434497875801753e-14,0.0,0.0881555072671607,-0.0846787402820981,72.97806433492654,-63.70001399999998,9.599870076753646,72.88724375815642,-63.70001591568979,0.0,1,1.2434497875801753e-14
7.466666666666667,7466667,lift_sad_droop,-0.001408395061728395,0.0,75.99753530864197,0.9999999995279437,0.0,3.072641374015172e-05,0.0,-0.001408395061728395,0.0,75.99753530864197,39.64722544219349,32.252425523276656,0,feet,0.0,0.08812817454061461,-0.0843216352138727,-39.70098635874132,63.70001399999999,9.599861301142042,-39.64863383725521,60.014427080345826,0.0,1,-2.4868995751603507e-14,0.0,0.08812817454061461,-0.08432164487085902,-39.700986358741304,-63.70001399999998,9.599861301142042,-39.648633837255225,-60.014427080345826,0.0,1,-2.4868995751603507e-14,0.0,0.08819552728238733,-0.08446852583541808,72.97638972253135,63.70001399999999,9.599861138018909,72.88462917289407,63.70001591568979,0.0,1,4.085620730620576e-14,0.0,0.08819552728238733,-0.08446852583541808,72.97638972253135,-63.70001399999998,9.599861138018909,72.88462917289407,-63.70001591568979,0.0,1,4.085620730620576e-14
7.475,7475000,lift_sad_droop,-0.0006017968750000001,0.0,75.99894685546874,0.9999999999138124,0.0,1.312917112082625e-05,0.0,-0.0006017968750000001,0.0,75.99894685546874,39.648032040380215,32.25736652264842,0,feet,0.0,0.08819151084698085,-0.08427607924664215,-39.70100190321887,63.70001399999999,9.599861216358178,-39.64863383725521,60.014427080345826,0.0,1,-1.7763568394002505e-14,0.0,0.08819151084698085,-0.08427608889862359,-39.70100190321887,-63.70001399999998,9.599861216358178,-39.648633837255225,-60.014427080345826,0.0,1,-1.7763568394002505e-14,0.0,0.08822026522817872,-0.08433886160259041,72.97535612332635,63.70001399999999,9.599858785618054,73.02816790102797,60.014427080345826,0.0,1,6.039613253960852e-14,0.0,0.08822026522817872,-0.08433886160259041,72.97535612332635,-63.70001399999998,9.599858785618054,73.02816790102797,-60.014427080345826,0.0,1,6.039613253960852e-14
7.483333333333333,7483333,lift_sad_droop,-0.00018058641975308642,0.0,75.99968397376543,0.9999999999922391,0.0,3.939784511339662e-06,0.0,-0.00018058641975308642,0.0,75.99968397376543,39.648453250835466,32.259946763961494,0,feet,0.0,0.08822458599163907,-0.08425228847558008,-39.701010015985645,63.70001399999999,9.599861172098898,-39.64863383725521,60.014427080345826,0.0,1,-2.842170943040401e-14,0.0,0.08822458599163951,-0.08425229812494806,-39.70101001598566,-63.70001399999998,9.599861172098926,-39.648633837255225,-60.014427080345826,0.0,1,0.0,0.0,0.08823323044502063,-0.08427119230505253,72.97481604411185,63.70001399999999,9.599860444131536,73.02732548011748,60.014427080345826,0.0,1,-1.7763568394002505e-15,0.0,0.08823323044502063,-0.08427119230505253,72.97481604411185,-63.70001399999998,9.599860444131536,73.02732548011748,-60.014427080345826,0.0,1,-1.7763568394002505e-15
7.491666666666666,7491667,lift_sad_droop,-2.2859760802469136e-05,0.0,75.99995999541859,0.9999999999998757,0.0,4.987226152767637e-07,0.0,-2.2859760802469136e-05,0.0,75.99995999541859,39.648610977494414,32.26091296610107,0,feet,0.0,0.08823697142109355,-0.08424337956614902,-39.7010130530743,63.70001399999999,9.599861155528345,-39.64863383725521,60.014427080345826,0.0,1,4.440892098500626e-14,0.0,0.08823697142109355,-0.08424338921453822,-39.70101305307431,-63.70001399999998,9.599861155528316,-39.648633837255225,-60.014427080345826,0.0,1,1.5987211554602254e-14,0.0,0.08823808490290519,-0.08424585212569147,72.97461380562295,63.70001399999999,9.599861062727811,73.02701002679959,60.014427080345826,0.0,1,8.881784197001252e-15,0.0,0.08823808490290519,-0.08424585212569147,72.97461380562295,-63.70001399999998,9.599861062727811,73.02701002679959,-60.014427080345826,0.0,1,8.881784197001252e-15
7.5,7500000,lift_sad_droop,0.0,0.0,76.0,1.0,0.0,0.0,0.0,0.0,0.0,76.0,39.64863383725522,32.261053000620635,0,feet,0.0,0.08823876647995776,-0.08424208836393632,-39.70101349321082,63.70001399999999,9.599861153126795,-39.64863383725521,60.014427080345826,0.0,1,-3.552713678800501e-15,0.0,0.08823876647995776,-0.08424209801218518,-39.70101349321078,-63.70001399999998,9.599861153126852,-39.648633837255225,-60.014427080345826,0.0,1,5.5067062021407764e-14,0.0,0.08823878845016475,-0.08424217947162838,72.97458449463139,63.70001399999999,9.599861152271842,73.02696430727798,60.014427080345826,0.0,1,-1.7763568394002505e-15,0.0,0.08823878845016475,-0.08424217947162838,72.97458449463139,-63.70001399999998,9.599861152271842,73.02696430727798,-60.014427080345826,0.0,1,-1.7763568394002505e-15
7.508333333333334,7508333,return_to_standing,0.0,0.0,76.0000552099323,1.0,0.0,0.0,0.0,0.0,0.0,76.0000552099323,39.64863383725522,32.26110821055293,0,feet,0.0,0.08823781987963297,-0.08424121075186841,-39.70100728414793,63.70001399999999,9.599861187003256,-39.64863383725521,60.014427080345826,0.0,1,1.7763568394002505e-15,0.0,0.08823781987963342,-0.08424122040001913,-39.70100728414794,-63.70001399999998,9.599861187003285,-39.648633837255225,-60.014427080345826,0.0,1,3.019806626980426e-14,0.0,0.08823784184963568,-0.08424130185864653,72.97459070369587,63.70001399999999,9.599861186148416,73.02696430727798,60.014427080345826,0.0,1,1.7763568394002505e-15,0.0,0.08823784184963568,-0.08424130185864653,72.97459070369587,-63.70001399999998,9.599861186148416,73.02696430727798,-60.014427080345826,0.0,1,1.7763568394002505e-15
7.516666666666667,7516667,return_to_standing,0.0,0.0,76.00043475676594,1.0,0.0,0.0,0.0,0.0,0.0,76.00043475676594,39.64863383725522,32.261487757386575,0,feet,0.0,0.08823131234976467,-0.0842351774759793,-39.700964599104196,63.70001399999999,9.599861419782883,-39.64863383725521,60.014427080345826,0.0,1,2.6645352591003757e-14,0.0,0.08823131234976511,-0.08423518712346745,-39.70096459910424,-63.70001399999998,9.599861419782854,-39.648633837255225,-60.014427080345826,0.0,1,0.0,0.0,0.08823133431836183,-0.08423526857648422,72.97463338875065,63.70001399999999,9.59986141892881,73.02696430727798,60.014427080345826,0.0,1,4.085620730620576e-14,0.0,0.08823133431836183,-0.08423526857648422,72.97463338875065,-63.70001399999998,9.59986141892881,73.02696430727798,-60.014427080345826,0.0,1,4.085620730620576e-14
7.525,7525000,return_to_standing,0.0,0.0,76.00144413716355,1.0,0.0,0.0,0.0,0.0,0.0,76.00144413716355,39.64863383725522,32.26249713778418,0,feet,0.0,0.0882140058190033,-0.08421913207870713,-39.70085107970973,63.70001399999999,9.599862037928531,-39.64863383725521,60.014427080345826,0.0,1,-5.329070518200751e-15,0.0,0.08821400581900374,-0.08421914172443357,-39.70085107970975,-63.70001399999998,9.599862037928531,-39.648633837255225,-60.014427080345826,0.0,1,-5.329070518200751e-15,0.0,0.08821402778386078,-0.08421922316252628,72.97474690817455,63.70001399999999,9.599862037076505,73.02696430727798,60.014427080345826,0.0,1,4.263256414560601e-14,0.0,0.08821402778386078,-0.08421922316252628,72.97474690817455,-63.70001399999998,9.599862037076505,73.02696430727798,-60.014427080345826,0.0,1,4.263256414560601e-14
7.533333333333333,7533333,return_to_standing,0.0,0.0,76.00336869311361,1.0,0.0,0.0,0.0,0.0,0.0,76.00336869311361,39.64863383725522,32.26442169373425,0,feet,0.0,0.08818100726624012,-0.08418853763104783,-39.70063463051781,63.70001399999999,9.599863212836496,-39.64863383725521,60.014427080345826,0.0,1,2.1316282072803006e-14,0.0,0.08818100726624012,-0.08418854727341296,-39.700634630517825,-63.70001399999998,9.599863212836468,-39.648633837255225,-60.014427080345826,0.0,1,-7.105427357601002e-15,0.0,0.08818102922396731,-0.08418862868304666,72.97496335742244,63.70001399999999,9.59986321198825,73.02696430727798,60.014427080345826,0.0,1,1.4210854715202004e-14,0.0,0.08818102922396731,-0.08418862868304666,72.97496335742244,-63.70001399999998,9.59986321198825,73.02696430727798,-60.014427080345826,0.0,1,1.4210854715202004e-14
7.541666666666667,7541667,return_to_standing,0.0,0.0,76.00647405007572,1.0,0.0,0.0,0.0,0.0,0.0,76.00647405007572,39.64863383725522,32.26752705069636,0,feet,0.0,0.08812776069401318,-0.08413916891418971,-39.70028536597961,63.70001399999999,9.599865098388193,-39.64863383725521,60.014427080345826,0.0,1,1.5987211554602254e-14,0.0,0.08812776069401318,-0.08413917855113207,-39.700285365979624,-63.70001399999998,9.599865098388165,-39.648633837255225,-60.014427080345826,0.0,1,-1.2434497875801753e-14,0.0,0.08812778264023402,-0.08413925991484428,72.97531262205104,63.70001399999999,9.599865097546143,73.02696430727798,60.014427080345826,0.0,1,2.1316282072803006e-14,0.0,0.08812778264023402,-0.08413925991484428,72.97531262205104,-63.70001399999998,9.599865097546143,73.02696430727798,-60.014427080345826,0.0,1,2.1316282072803006e-14
7.55,7550000,return_to_standing,0.0,0.0,76.01100655512562,1.0,0.0,0.0,0.0,0.0,0.0,76.01100655512562,39.64863383725522,32.27205955574625,0,feet,0.0,0.0880500389785106,-0.08406710439646625,-39.699775556520095,63.70001399999999,9.599867827851682,-39.64863383725521,60.014427080345826,0.0,1,8.881784197001252e-15,0.0,0.08805003897851105,-0.08406711402549139,-39.69977555652011,-63.70001399999998,9.599867827851682,-39.648633837255225,-60.014427080345826,0.0,1,8.881784197001252e-15,0.0,0.08805006090793199,-0.08406719532216655,72.97582243164248,63.70001399999999,9.599867827018585,73.02696430727798,60.014427080345826,0.0,1,-4.973799150320701e-14,0.0,0.08805006090793199,-0.08406719532216655,72.97582243164248,-63.70001399999998,9.599867827018585,73.02696430727798,-60.014427080345826,0.0,1,-4.973799150320701e-14
7.558333333333334,7558333,return_to_standing,0.0,0.0,76.01719371510018,1.0,0.0,0.0,0.0,0.0,0.0,76.01719371510018,39.64863383725522,32.27824671572081,0,feet,0.0,0.08794393563812264,-0.08396871807533346,-39.69907957402336,63.70001399999999,9.599871510354347,-39.64863383725521,60.014427080345826,0.0,1,8.881784197001252e-15,0.0,0.08794393563812308,-0.08396872769354857,-39.699079574023386,-63.70001399999998,9.599871510354347,-39.648633837255225,-60.014427080345826,0.0,1,8.881784197001252e-15,0.0,0.08794395754460282,-0.08396880889869829,72.97651841431943,63.70001399999999,9.599871509533614,73.02696430727798,60.014427080345826,0.0,1,3.019806626980426e-14,0.0,0.08794395754460282,-0.08396880889869829,72.97651841431943,-63.70001399999998,9.599871509533614,73.02696430727798,-60.014427080345826,0.0,1,3.019806626980426e-14
7.566666666666666,7566667,return_to_standing,0.0,0.0,76.02524463474263,1.0,0.0,0.0,0.0,0.0,0.0,76.02524463474263,39.64863383725522,32.28629763536327,0,feet,0.0,0.08780585655749373,-0.08384067124586503,-39.69817383699872,63.70001399999999,9.599876227123772,-39.64863383725521,60.014427080345826,0.0,1,-1.2434497875801753e-14,0.0,0.08780585655749418,-0.0838406808500114,-39.698173836998706,-63.70001399999998,9.5998762271238,-39.648633837255225,-60.014427080345826,0.0,1,1.5987211554602254e-14,0.0,0.08780587843410759,-0.08384076193602796,72.97742415157853,63.70001399999999,9.599876226318983,73.02696430727798,60.014427080345826,0.0,1,7.105427357601002e-15,0.0,0.08780587843410759,-0.08384076193602796,72.97742415157853,-63.70001399999998,9.599876226318983,73.02696430727798,-60.014427080345826,0.0,1,7.105427357601002e-15
7.575,7575000,return_to_standing,0.0,0.0,76.03535045484763,1.0,0.0,0.0,0.0,0.0,0.0,76.03535045484763,39.64863383725522,32.296403455468266,0,feet,0.0,0.08763251169936526,-0.08367990424951222,-39.697036755665394,63.70001399999999,9.599882027668926,-39.64863383725521,60.014427080345826,0.0,1,2.4868995751603507e-14,0.0,0.0876325116993657,-0.08367991383599005,-39.69703675566542,-63.70001399999998,9.599882027668926,-39.648633837255225,-60.014427080345826,0.0,1,2.4868995751603507e-14,0.0,0.08763253353846467,-0.08367999477241561,72.97856123320628,63.70001399999999,9.59988202688406,73.02696430727798,60.014427080345826,0.0,1,1.0658141036401503e-14,0.0,0.08763253353846467,-0.08367999477241561,72.97856123320628,-63.70001399999998,9.59988202688406,73.02696430727798,-60.014427080345826,0.0,1,1.0658141036401503e-14
7.583333333333333,7583333,return_to_standing,0.0,0.0,76.04768479040627,1.0,0.0,0.0,0.0,0.0,0.0,76.04768479040627,39.64863383725522,32.3087377910269,0,feet,0.0,0.08742090683210568,-0.08348362824962141,-39.695648677162744,63.70001399999999,9.599888926050113,-39.64863383725521,60.014427080345826,0.0,1,7.105427357601002e-15,0.0,0.08742090683210568,-0.08348363781452584,-39.695648677162744,-63.70001399999998,9.599888926050113,-39.648633837255225,-60.014427080345826,0.0,1,7.105427357601002e-15,0.0,0.08742092862538309,-0.08348371856829306,72.97994931206833,63.70001399999999,9.59988892528952,73.02696430727798,60.014427080345826,0.0,1,-1.7763568394002505e-15,0.0,0.08742092862538309,-0.08348371856829306,72.97994931206833,-63.70001399999998,9.59988892528952,73.02696430727798,-60.014427080345826,0.0,1,-1.7763568394002505e-15
7.591666666666667,7591667,return_to_standing,0.0,0.0,76.0624041687512,1.0,0.0,0.0,0.0,0.0,0.0,76.0624041687512,39.64863383725522,32.323457169371835,0,feet,0.0,0.0871683352967918,-0.08324931707352112,-39.693991831061865,63.70001399999999,9.599896897366577,-39.64863383725521,60.014427080345826,0.0,1,-1.9539925233402755e-14,0.0,0.08716833529679224,-0.08324932661266615,-39.69399183106188,-63.70001399999998,9.599896897366605,-39.648633837255225,-60.014427080345826,0.0,1,8.881784197001252e-15,0.0,0.08716835703533388,-0.08324940714834028,72.98160615859837,63.70001399999999,9.59989689663486,73.02696430727798,60.014427080345826,0.0,1,1.4210854715202004e-14,0.0,0.08716835703533388,-0.08324940714834028,72.98160615859837,-63.70001399999998,9.59989689663486,73.02696430727798,-60.014427080345826,0.0,1,1.4210854715202004e-14
7.6,7600000,return_to_standing,0.0,0.0,76.07964846770177,1.0,0.0,0.0,0.0,0.0,0.0,76.07964846770177,39.64863383725522,32.34070146832241,0,feet,0.0,0.08687236983395774,-0.08297469915473643,-39.69205027532935,63.70001399999999,9.599905874568535,-39.64863383725521,60.014427080345826,0.0,1,-2.4868995751603507e-14,0.0,0.08687236983395819,-0.08297470866368384,-39.692050275329365,-63.70001399999998,9.599905874568563,-39.648633837255225,-60.014427080345826,0.0,1,3.552713678800501e-15,0.0,0.08687239150830317,-0.08297478894369359,72.98354771483383,63.70001399999999,9.599905873870412,73.02696430727798,60.014427080345826,0.0,1,5.329070518200751e-15,0.0,0.08687239150830317,-0.08297478894369359,72.98354771483383,-63.70001399999998,9.599905873870412,73.02696430727798,-60.014427080345826,0.0,1,5.329070518200751e-15
7.608333333333333,7608333,return_to_standing,0.0,0.0,76.09954135370907,1.0,0.0,0.0,0.0,0.0,0.0,76.09954135370907,39.64863383725522,32.360594354329706,0,feet,0.0,0.0865308544867136,-0.08265774960321481,-39.68980984286665,63.70001399999999,9.599915745684058,-39.64863383725521,60.014427080345826,0.0,1,-8.881784197001252e-15,0.0,0.08653085448671405,-0.08265775907729944,-39.68980984286667,-63.70001399999998,9.599915745684058,-39.648633837255225,-60.014427080345826,0.0,1,-8.881784197001252e-15,0.0,0.08653087608690502,-0.08265783906216351,72.98578814787703,63.70001399999999,9.599915745024447,73.02696430727798,60.014427080345826,0.0,1,1.5987211554602254e-14,0.0,0.08653087608690502,-0.08265783906216351,72.98578814787703,-63.70001399999998,9.599915745024447,73.02696430727798,-60.014427080345826,0.0,1,1.5987211554602254e-14
7.616666666666666,7616667,return_to_standing,0.0,0.0,76.12219072000099,1.0,0.0,0.0,0.0,0.0,0.0,76.12219072000099,39.64863383725522,32.38324372062162,0,feet,0.0,0.08614189659379967,-0.08229668242621502,-39.68725808872629,63.70001399999999,9.599926351533611,-39.64863383725521,60.014427080345826,0.0,1,7.105427357601002e-15,0.0,0.08614189659380012,-0.08229669186057142,-39.68725808872632,-63.70001399999998,9.599926351533611,-39.648633837255225,-60.014427080345826,0.0,1,7.105427357601002e-15,0.0,0.08614191810943561,-0.08229677150911296,72.98833990267872,63.70001399999999,9.599926350917485,73.02696430727798,60.014427080345826,0.0,1,-2.3092638912203256e-14,0.0,0.08614191810943561,-0.08229677150911296,72.98833990267872,-63.70001399999998,9.599926350917485,73.02696430727798,-60.014427080345826,0.0,1,-2.3092638912203256e-14
7.625,7625000,return_to_standing,0.0,0.0,76.14768912472736,1.0,0.0,0.0,0.0,0.0,0.0,76.14768912472736,39.64863383725522,32.408742125348,0,feet,0.0,0.08570385888330767,-0.08188994291773266,-39.68438423808499,63.70001399999999,9.599937483989734,-39.64863383725521,60.014427080345826,0.0,1,-1.7763568394002505e-14,0.0,0.08570385888330811,-0.0818899523073191,-39.684384238085,-63.70001399999998,9.599937483989763,-39.648633837255225,-60.014427080345826,0.0,1,1.0658141036401503e-14,0.0,0.08570388030358922,-0.08189003157687624,72.99121375406514,63.70001399999999,9.599937483422295,73.02696430727798,60.014427080345826,0.0,1,2.3092638912203256e-14,0.0,0.08570388030358922,-0.08189003157687624,72.99121375406514,-63.70001399999998,9.599937483422295,73.02696430727798,-60.014427080345826,0.0,1,2.3092638912203256e-14
7.633333333333334,7633333,return_to_standing,0.0,0.0,76.17611422910504,1.0,0.0,0.0,0.0,0.0,0.0,76.17611422910504,39.64863383725522,32.437167229725674,0,feet,0.0,0.08521535167521632,-0.08143620023002551,-39.68117913503285,63.70001399999999,9.599948884825565,-39.64863383725521,60.014427080345826,0.0,1,1.7763568394002505e-15,0.0,0.08521535167521632,-0.08143620956964792,-39.68117913503288,-63.70001399999998,9.599948884825537,-39.648633837255225,-60.014427080345826,0.0,1,-2.6645352591003757e-14,0.0,0.08521537298899684,-0.08143628841627315,72.99441885794855,63.70001399999999,9.599948884311786,73.02696430727798,60.014427080345826,0.0,1,8.881784197001252e-15,0.0,0.08521537298899684,-0.08143628841627315,72.99441885794855,-63.70001399999998,9.599948884311786,73.02696430727798,-60.014427080345826,0.0,1,8.881784197001252e-15
7.641666666666667,7641667,return_to_standing,0.0,0.0,76.20752923556294,1.0,0.0,0.0,0.0,0.0,0.0,76.20752923556294,39.64863383725522,32.46858223618358,0,feet,0.0,0.0846752251985774,-0.08093434013686052,-39.677635192222326,63.70001399999999,9.599960245182316,-39.64863383725521,60.014427080345826,0.0,1,-7.105427357601002e-15,0.0,0.0846752251985774,-0.0809343494211956,-39.677635192222326,-63.70001399999998,9.599960245182316,-39.648633837255225,-60.014427080345826,0.0,1,-7.105427357601002e-15,0.0,0.08467524639440516,-0.08093442779985383,72.9979628016786,63.70001399999999,9.599960244727257,73.02696430727798,60.014427080345826,0.0,1,-8.881784197001252e-15,0.0,0.08467524639440516,-0.08093442779985383,72.9979628016786,-63.70001399999998,9.599960244727257,73.02696430727798,-60.014427080345826,0.0,1,-8.881784197001252e-15
7.65,7650000,return_to_standing,0.0,0.0,76.2419833258872,1.0,0.0,0.0,0.0,0.0,0.0,76.2419833258872,39.64863383725522,32.50303632650784,0,feet,0.0,0.08408256202708264,-0.08038345799459679,-39.67374634140157,63.70001399999999,9.599971205675885,-39.64863383725521,60.014427080345826,0.0,1,-1.9539925233402755e-14,0.0,0.08408256202708264,-0.08038346721821332,-39.673746341401554,-63.70001399999998,9.599971205675914,-39.648633837255225,-60.014427080345826,0.0,1,8.881784197001252e-15,0.0,0.08408258309324657,-0.08038354508296974,73.00185165350877,63.70001399999999,9.599971205284518,73.02696430727798,60.014427080345826,0.0,1,1.2434497875801753e-14,0.0,0.08408258309324657,-0.08038354508296974,73.00185165350877,-63.70001399999998,9.599971205284518,73.02696430727798,-60.014427080345826,0.0,1,1.2434497875801753e-14
7.658333333333333,7658333,return_to_standing,0.0,0.0,76.27951209936623,1.0,0.0,0.0,0.0,0.0,0.0,76.27951209936623,39.64863383725522,32.540565099986864,0,feet,0.0,0.08343666963488117,-0.07978285190399648,-39.6695079848451,63.70001399999999,9.599981357150313,-39.64863383725521,60.014427080345826,0.0,1,7.105427357601002e-15,0.0,0.08343666963488117,-0.07978286106137755,-39.6695079848451,-63.70001399999998,9.599981357150313,-39.648633837255225,-60.014427080345826,0.0,1,7.105427357601002e-15,0.0,0.08343669055944991,-0.07978293836557615,73.00609001116592,63.70001399999999,9.599981356827357,73.02696430727798,60.014427080345826,0.0,1,0.0,0.0,0.08343669055944991,-0.07978293836557615,73.00609001116592,-63.70001399999998,9.599981356827357,73.02696430727798,-60.014427080345826,0.0,1,0.0
7.666666666666667,7666667,return_to_standing,0.0,0.0,76.32013801093576,1.0,0.0,0.0,0.0,0.0,0.0,76.32013801093576,39.59003440672778,32.5811910115564,0,feet,0.0,0.0827374112567063,-0.07913233083956417,-39.664919164923525,63.70001399999999,9.600009873810976,-39.590034406727774,63.70001591752033,0.0,1,0.0,0.0,0.0827374112567063,-0.07913233992516178,-39.664919164923525,-63.70001399999998,9.600009873810976,-39.59003440672778,-63.70001591752033,0.0,1,0.0,0.0,0.08273743201217476,-0.07913241660748893,73.01067883238102,63.70001399999999,9.600009872662568,73.08556373780529,63.70001591752033,0.0,1,4.796163466380676e-14,0.0,0.08273743201217476,-0.07913241660748893,73.01067883238102,-63.70001399999998,9.600009872662568,73.08556373780529,-63.70001591752033,0.0,1,4.796163466380676e-14
7.675,7675000,return_to_standing,0.0,0.0,76.36387080932403,1.0,0.0,0.0,0.0,0.0,0.0,76.36387080932403,39.59003440672778,32.62492380994466,0,feet,0.0,0.08198436582022106,-0.07843143382899465,-39.659977046318375,63.70001399999999,9.600047152563661,-39.590034406727774,63.70001591752033,0.0,1,1.5987211554602254e-14,0.0,0.08198436582022106,-0.07843144283720127,-39.659977046318375,-63.70001399999998,9.600047152563661,-39.59003440672778,-63.70001591752033,0.0,1,1.5987211554602254e-14,0.0,0.08198438640998607,-0.07843151886475841,73.01562095226978,63.70001399999999,9.600047151500377,73.08556373780529,63.70001591752033,0.0,1,3.730349362740526e-14,0.0,0.08198438640998607,-0.07843151886475841,73.01562095226978,-63.70001399999998,9.600047151500377,73.08556373780529,-63.70001591752033,0.0,1,3.730349362740526e-14
7.683333333333334,7683333,return_to_standing,0.0,0.0,76.41070797519676,1.0,0.0,0.0,0.0,0.0,0.0,76.41070797519676,39.59003440672778,32.67176097581739,0,feet,0.0,0.08117732808494083,-0.07767989449219126,-39.654680213170174,63.70001399999999,9.600084282129401,-39.590034406727774,63.70001591752033,0.0,1,1.5987211554602254e-14,0.0,0.08117732808494127,-0.07767990341735587,-39.65468021317019,-63.70001399999998,9.600084282129401,-39.59003440672778,-63.70001591752033,0.0,1,1.5987211554602254e-14,0.0,0.08117734849667269,-0.07767997874240651,73.02091778679463,63.70001399999999,9.600084281155901,73.08556373780529,63.70001591752033,0.0,1,2.1316282072803006e-14,0.0,0.08117734849667269,-0.07767997874240651,73.02091778679463,-63.70001399999998,9.600084281155901,73.08556373780529,-63.70001591752033,0.0,1,2.1316282072803006e-14
7.691666666666666,7691667,return_to_standing,0.0,0.0,76.46063515930231,1.0,0.0,0.0,0.0,0.0,0.0,76.46063515930231,39.59003440672778,32.72168815992295,0,feet,0.0,0.08031643307248393,-0.07687775771629202,-39.64902947910273,63.70001399999999,9.600120670372519,-39.590034406727774,63.70001591752033,0.0,1,-1.7763568394002505e-15,0.0,0.08031643307248393,-0.07687776655275913,-39.64902947910271,-63.70001399999998,9.600120670372519,-39.59003440672778,-63.70001591752033,0.0,1,-1.7763568394002505e-15,0.0,0.08031645329378767,-0.07687784112751572,73.02656852233167,63.70001399999999,9.600120669493123,73.08556373780529,63.70001591752033,0.0,1,-2.1316282072803006e-14,0.0,0.08031645329378767,-0.07687784112751572,73.02656852233167,-63.70001399999998,9.600120669493123,73.08556373780529,-63.70001591752033,0.0,1,-2.1316282072803006e-14
7.7,7700000,return_to_standing,0.0,0.0,76.51362662061679,1.0,0.0,0.0,0.0,0.0,0.0,76.51362662061679,39.59003440672778,32.774679621237425,0,feet,0.0,0.07940200512084328,-0.07602523976889008,-39.643026897439995,63.70001399999999,9.600155681040107,-39.590034406727774,63.70001591752033,0.0,1,1.4210854715202004e-14,0.0,0.07940200512084328,-0.076025248511014,-39.64302689743998,-63.70001399999998,9.600155681040135,-39.59003440672778,-63.70001591752033,0.0,1,4.085620730620576e-14,0.0,0.0794020251392964,-0.07602532228779468,73.0325711055566,63.70001399999999,9.600155680258823,73.08556373780529,63.70001591752033,0.0,1,5.329070518200751e-15,0.0,0.0794020251392964,-0.07602532228779468,73.0325711055566,-63.70001399999998,9.600155680258823,73.08556373780529,-63.70001591752033,0.0,1,5.329070518200751e-15
7.708333333333333,7708333,return_to_standing,0.0,0.0,76.56964566448907,1.0,0.0,0.0,0.0,0.0,0.0,76.56964566448907,39.59003440672778,32.83069866510971,0,feet,0.0,0.07843455112223596,-0.07512272258723973,-39.63667571765169,63.70001399999999,9.600188638375485,-39.590034406727774,63.70001591752033,0.0,1,8.881784197001252e-15,0.0,0.0784345511222364,-0.07512273122940138,-39.63667571765173,-63.70001399999998,9.600188638375485,-39.59003440672778,-63.70001591752033,0.0,1,1.0658141036401503e-14,0.0,0.07843457092542305,-0.07512280416077877,73.03892228699908,63.70001399999999,9.600188637695922,73.08556373780529,63.70001591752033,0.0,1,4.973799150320701e-14,0.0,0.07843457092542305,-0.07512280416077877,73.03892228699908,-63.70001399999998,9.600188637695922,73.08556373780529,-63.70001591752033,0.0,1,4.973799150320701e-14
7.716666666666667,7716667,return_to_standing,0.0,0.0,76.62864508078592,1.0,0.0,0.0,0.0,0.0,0.0,76.62864508078592,39.59003440672778,32.88969808140655,0,feet,0.0,0.0774147538558041,-0.0741707482232532,-39.62998034247471,63.70001399999999,9.600218832219198,-39.590034406727774,63.70001591752033,0.0,1,3.197442310920451e-14,0.0,0.0774147538558041,-0.07417075675988194,-39.62998034247474,-63.70001399999998,9.60021883221917,-39.59003440672778,-63.70001591752033,0.0,1,1.7763568394002505e-15,0.0,0.07741477343134928,-0.0741708287988243,73.04561766392132,63.70001399999999,9.600218831644426,73.08556373780529,63.70001591752033,0.0,1,3.907985046680551e-14,0.0,0.07741477343134928,-0.0741708287988243,73.04561766392132,-63.70001399999998,9.600218831644426,73.08556373780529,-63.70001591752033,0.0,1,3.907985046680551e-14
7.725,7725000,return_to_standing,0.0,0.0,76.69056758203709,1.0,0.0,0.0,0.0,0.0,0.0,76.69056758203709,39.59003440672778,32.951620582657725,0,feet,0.0,0.07634346540768666,-0.07317001343139662,-39.62294628564915,63.70001399999999,9.600245523553241,-39.590034406727774,63.70001591752033,0.0,1,-5.329070518200751e-15,0.0,0.07634346540768666,-0.07317002185698307,-39.62294628564918,-63.70001399999998,9.600245523553241,-39.59003440672778,-63.70001591752033,0.0,1,-5.329070518200751e-15,0.0,0.07634348474328956,-0.07317009295699606,73.05265172258203,63.70001399999999,9.600245523085988,73.08556373780529,63.70001591752033,0.0,1,1.7763568394002505e-14,0.0,0.07634348474328956,-0.07317009295699606,73.05265172258203,-63.70001399999998,9.600245523085988,73.08556373780529,-63.70001591752033,0.0,1,1.7763568394002505e-14
7.733333333333333,7733333,return_to_standing,0.0,0.0,76.7553462415804,1.0,0.0,0.0,0.0,0.0,0.0,76.7553462415804,39.59003440672778,33.01639924220103,0,feet,0.0,0.07522170067032663,-0.07212136438547834,-39.615580130201586,63.70001399999999,9.60026795044233,-39.590034406727774,63.70001591752033,0.0,1,-1.5987211554602254e-14,0.0,0.07522170067032663,-0.07212137269459085,-39.61558013020161,-63.70001399999998,9.60026795044233,-39.59003440672778,-63.70001591752033,0.0,1,-1.5987211554602254e-14,0.0,0.07522171975379566,-0.07212144280985466,73.06001787995308,63.70001399999999,9.600267950084756,73.08556373780529,63.70001591752033,0.0,1,-1.5987211554602254e-14,0.0,0.07522171975379566,-0.07212144280985466,73.06001787995308,-63.70001399999998,9.600267950084756,73.08556373780529,-63.70001591752033,0.0,1,-1.5987211554602254e-14
7.741666666666666,7741667,return_to_standing,0.0,0.0,76.8229049317068,1.0,0.0,0.0,0.0,0.0,0.0,76.8229049317068,39.59003440672778,33.083957932327436,0,feet,0.0,0.07405063091224484,-0.07102579150936661,-39.60788948720429,63.70001399999999,9.600285334321029,-39.590034406727774,63.70001591752033,0.0,1,0.0,0.0,0.07405063091224484,-0.07102579969666767,-39.60788948720429,-63.70001399999998,9.600285334321029,-39.59003440672778,-63.70001591752033,0.0,1,0.0,0.0,0.07405064973152742,-0.07102586878216899,73.06770852496064,63.70001399999999,9.600285334074869,73.08556373780529,63.70001591752033,0.0,1,2.4868995751603507e-14,0.0,0.07405064973152742,-0.07102586878216899,73.06770852496064,-63.70001399999998,9.600285334074869,73.08556373780529,-63.70001591752033,0.0,1,2.4868995751603507e-14
7.75,7750000,return_to_standing,0.0,0.0,76.89315876180552,1.0,0.0,0.0,0.0,0.0,0.0,76.89315876180552,39.59003440672778,33.15421176242616,0,feet,0.0,0.07283157740902091,-0.06988442440585096,-39.599882954935396,63.70001399999999,9.60029688657474,-39.590034406727774,63.70001591752033,0.0,1,8.881784197001252e-15,0.0,0.07283157740902091,-0.06988443246611098,-39.59988295493541,-63.70001399999998,9.60029688657471,-39.59003440672778,-63.70001591752033,0.0,1,-1.9539925233402755e-14,0.0,0.0728315959522372,-0.06988450047776817,73.07571505932444,63.70001399999999,9.6002968864411,73.08556373780529,63.70001591752033,0.0,1,1.2434497875801753e-14,0.0,0.0728315959522372,-0.06988450047776817,73.07571505932444,-63.70001399999998,9.6002968864411,73.08556373780529,-63.70001591752033,0.0,1,1.2434497875801753e-14
7.758333333333334,7758333,return_to_standing,0.0,0.0,76.96601451650909,1.0,0.0,0.0,0.0,0.0,0.0,76.96601451650909,39.59003440672778,33.227067517129726,0,feet,0.0,0.07156600512574096,-0.06869852686711253,-39.59157007836277,63.70001399999999,9.600301815359302,-39.590034406727774,63.70001591752033,0.0,1,1.2434497875801753e-14,0.0,0.0715660051257414,-0.0686985347952267,-39.59157007836281,-63.70001399999998,9.600301815359302,-39.59003440672778,-63.70001591752033,0.0,1,1.2434497875801753e-14,0.0,0.07156602338121631,-0.06869860169001551,73.08402793807443,63.70001399999999,9.60030181533881,73.08556373780529,63.70001591752033,0.0,1,1.0658141036401503e-14,0.0,0.07156602338121631,-0.06869860169001551,73.08402793807443,-63.70001399999998,9.60030181533881,73.08556373780529,-63.70001591752033,0.0,1,1.0658141036401503e-14
7.766666666666667,7766667,return_to_standing,0.0,0.0,77.04137109383846,1.0,0.0,0.0,0.0,0.0,0.0,77.04137109383846,39.59003440672778,33.3024240944591,0,feet,0.0,0.07025551644076389,-0.06746949194969654,-39.582961308870864,63.70001399999999,9.600299332602347,-39.590034406727774,63.70001591752033,0.0,1,5.329070518200751e-15,0.0,0.07025551644076433,-0.06746949974069905,-39.58296130887088,-63.70001399999998,9.600299332602347,-39.59003440672778,-63.70001591752033,0.0,1,5.329070518200751e-15,0.0,0.07025553439705767,-0.06746956547677208,73.09263670982378,63.70001399999999,9.600299332695059,73.08556373780529,63.70001591752033,0.0,1,5.329070518200751e-15,0.0,0.07025553439705767,-0.06746956547677208,73.09263670982378,-63.70001399999998,9.600299332695059,73.08556373780529,-63.70001591752033,0.0,1,5.329070518200751e-15
7.775,7775000,return_to_standing,0.0,0.0,77.1191199433481,1.0,0.0,0.0,0.0,0.0,0.0,77.1191199433481,39.59003440672778,33.38017294396873,0,feet,0.0,0.0689018449003167,-0.06619883709632823,-39.57406796414921,63.70001399999999,9.60028866112836,-39.590034406727774,63.70001591752033,0.0,1,5.329070518200751e-15,0.0,0.0689018449003167,-0.0661988447454025,-39.57406796414921,-63.70001399999998,9.60028866112836,-39.59003440672778,-63.70001591752033,0.0,1,5.329070518200751e-15,0.0,0.06890186254625652,-0.06619890928220684,73.1015300568802,63.70001399999999,9.600288661333764,73.08556373780529,63.70001591752033,0.0,1,8.881784197001252e-15,0.0,0.06890186254625652,-0.06619890928220684,73.1015300568802,-63.70001399999998,9.600288661333764,73.08556373780529,-63.70001591752033,0.0,1,8.881784197001252e-15
7.783333333333333,7783333,return_to_standing,0.0,0.0,77.19914550427104,1.0,0.0,0.0,0.0,0.0,0.0,77.19914550427104,39.59003440672778,33.46019850489168,0,feet,0.0,0.06750684899311477,-0.064888199286524,-39.564902188159174,63.70001399999999,9.600269041848165,-39.590034406727774,63.70001591752033,0.0,1,1.0658141036401503e-14,0.0,0.06750684899311521,-0.06488820678901996,-39.56490218815918,-63.70001399999998,9.600269041848193,-39.59003440672778,-63.70001591752033,0.0,1,3.907985046680551e-14,0.0,0.06750686631782621,-0.06488827008741271,73.11069583527944,63.70001399999999,9.60026904216518,73.08556373780529,63.70001591752033,0.0,1,1.7763568394002505e-14,0.0,0.06750686631782621,-0.06488827008741271,73.11069583527944,-63.70001399999998,9.60026904216518,73.08556373780529,-63.70001591752033,0.0,1,1.7763568394002505e-14
7.791666666666667,7791667,return_to_standing,0.0,0.0,77.28132564366402,1.0,0.0,0.0,0.0,0.0,0.0,77.28132564366402,39.59003440672778,33.54237864428465,0,feet,0.0,0.06607250593398328,-0.0635393301976257,-39.5554769110954,63.70001399999999,9.600239740953043,-39.590034406727774,63.70001591752033,0.0,1,1.4210854715202004e-14,0.0,0.06607250593398328,-0.0635393375490727,-39.5554769110954,-63.70001399999998,9.600239740953043,-39.59003440672778,-63.70001591752033,0.0,1,1.4210854715202004e-14,0.0,0.06607252292691923,-0.06353939957142618,73.12012111482377,63.70001399999999,9.600239741380022,73.08556373780529,63.70001591752033,0.0,1,2.6645352591003757e-14,0.0,0.06607252292691923,-0.06353939957142618,73.12012111482377,-63.70001399999998,9.600239741380022,73.08556373780529,-63.70001591752033,0.0,1,2.6645352591003757e-14
7.8,7800000,return_to_standing,0.0,0.0,77.36553209455253,1.0,0.0,0.0,0.0,0.0,0.0,77.36553209455253,39.59003440672778,33.62658509517317,0,feet,0.0,0.06460090544522323,-0.06215409135764194,-39.545805809257715,63.70001399999999,9.600200057053215,-39.590034406727774,63.70001591752033,0.0,1,2.3092638912203256e-14,0.0,0.06460090544522323,-0.06215409855376075,-39.545805809257715,-63.70001399999998,9.600200057053215,-39.59003440672778,-63.70001591752033,0.0,1,2.3092638912203256e-14,0.0,0.06460092209619628,-0.06215415926407175,73.12979221921003,63.70001399999999,9.600200057587884,73.08556373780529,63.70001591752033,0.0,1,-2.4868995751603507e-14,0.0,0.06460092209619628,-0.06215415926407175,73.12979221921003,-63.70001399999998,9.600200057587884,73.08556373780529,-63.70001591752033,0.0,1,-2.4868995751603507e-14
7.808333333333334,7808333,return_to_standing,0.0,0.0,77.45163089407596,1.0,0.0,0.0,0.0,0.0,0.0,77.45163089407596,39.59003440672778,33.712683894696596,0,feet,0.0,0.06309424352436155,-0.06073444927115501,-39.53590326474965,63.70001399999999,9.600149328200402,-39.590034406727774,63.70001591752033,0.0,1,1.2434497875801753e-14,0.0,0.06309424352436155,-0.06073445630786933,-39.53590326474965,-63.70001399999998,9.600149328200402,-39.59003440672778,-63.70001591752033,0.0,1,1.2434497875801753e-14,0.0,0.06309425982357242,-0.06073451567186572,73.13969476633133,63.70001399999999,9.600149328840118,73.08556373780529,63.70001591752033,0.0,1,1.9539925233402755e-14,0.0,0.06309425982357242,-0.06073451567186572,73.13969476633133,-63.70001399999998,9.600149328840118,73.08556373780529,-63.70001591752033,0.0,1,1.9539925233402755e-14
7.816666666666666,7816667,return_to_standing,0.0,0.0,77.53948282163257,1.0,0.0,0.0,0.0,0.0,0.0,77.53948282163257,39.59003440672778,33.80053582225321,0,feet,0.0,0.06155481618681202,-0.0592824704994821,-39.52578432492078,63.70001399999999,9.600086938734833,-39.590034406727774,63.70001591752033,0.0,1,5.684341886080802e-14,0.0,0.06155481618681202,-0.059282477372931464,-39.52578432492081,-63.70001399999998,9.600086938734805,-39.59003440672778,-63.70001591752033,0.0,1,2.6645352591003757e-14,0.0,0.06155483212488022,-0.05928253535816541,73.14981370883413,63.70001399999999,9.600086939476185,73.08556373780529,63.70001591752033,0.0,1,1.0658141036401503e-14,0.0,0.06155483212488022,-0.05928253535816541,73.14981370883413,-63.70001399999998,9.600086939476185,73.08556373780529,-63.70001591752033,0.0,1,1.0658141036401503e-14
7.825,7825000,return_to_standing,0.0,0.0,77.62894383702472,1.0,0.0,0.0,0.0,0.0,0.0,77.62894383702472,39.59003440672778,33.889996837645356,0,feet,0.0,0.05998501317194682,-0.057800316676336116,-39.51546466147098,63.70001399999999,9.60001232589677,-39.590034406727774,63.70001591752033,0.0,1,-3.552713678800501e-14,0.0,0.059985013171947266,-0.05780032338288876,-39.515464661470965,-63.70001399999998,9.600012325896827,-39.59003440672778,-63.70001591752033,0.0,1,2.1316282072803006e-14,0.0,0.059985028739939494,-0.05780037995883758,73.16013337501508,63.70001399999999,9.60001232673612,73.08556373780529,63.70001591752033,0.0,1,4.263256414560601e-14,0.0,0.059985028739939494,-0.05780037995883758,73.16013337501508,-63.70001399999998,9.60001232673612,73.08556373780529,-63.70001591752033,0.0,1,4.263256414560601e-14
7.833333333333333,7833333,return_to_standing,0.0,0.0,77.71986551860385,1.0,0.0,0.0,0.0,0.0,0.0,77.71986551860385,39.50719729469091,33.98091851922449,0,feet,0.0,0.05838869823594317,-0.056291551815658813,-39.50496961693847,63.70001399999999,9.60000395837642,-39.507197294690926,59.93459691168532,0.0,1,-1.7763568394002505e-15,0.0,0.058388698235942726,-0.05629155835206712,-39.50496961693844,-63.70001399999998,9.600003958376448,-39.5071972946909,-59.93459691168532,0.0,1,2.6645352591003757e-14,0.0,0.05838871340979379,-0.05629161347637002,73.1706284224332,63.70001399999999,9.600003958400833,73.16840084984197,59.93459691168532,0.0,1,8.881784197001252e-15,0.0,0.05838871340979379,-0.05629161347637002,73.1706284224332,-63.70001399999998,9.600003958400833,73.16840084984197,-59.93459691168532,0.0,1,8.881784197001252e-15
7.841666666666667,7841667,return_to_standing,0.0,0.0,77.81209550141564,1.0,0.0,0.0,0.0,0.0,0.0,77.81209550141564,39.48805774789526,34.073148502036275,0,feet,0.0,0.05676730432613075,-0.05475745311272373,-39.494308547761676,63.70001399999999,9.599997174389884,-39.48805774789529,66.27374638689588,0.0,1,-3.552713678800501e-14,0.0,0.05676730432612942,-0.05475745947587196,-39.49430854776158,-63.70001399999998,9.599997174389912,-39.48805774789523,-66.27374638689588,0.0,1,-5.329070518200751e-15,0.0,0.056767319110734515,-0.05475751313443178,73.1812894944598,63.70001399999999,9.599997174323292,73.18754039663739,66.27374638689588,0.0,1,-7.105427357601002e-15,0.0,0.056767319110734515,-0.05475751313443178,73.1812894944598,-63.70001399999998,9.599997174323292,73.18754039663739,-66.27374638689588,0.0,1,-7.105427357601002e-15
7.85,7850000,return_to_standing,0.0,0.0,77.90547791534502,1.0,0.0,0.0,0.0,0.0,0.0,77.90547791534502,39.477051944277115,34.16653091596565,0,feet,0.0,0.05512365656180185,-0.05320062098038392,-39.4834999864091,63.70001399999999,9.600002506424516,-39.47705194427714,60.71151150841919,0.0,1,1.2434497875801753e-14,0.0,0.055123656561800516,-0.05320062716743568,-39.48349998640906,-63.70001399999998,9.600002506424488,-39.477051944277086,-60.71151150841919,0.0,1,-1.5987211554602254e-14,0.0,0.05512367095153836,-0.05320067933805195,73.19209805869477,63.70001399999999,9.600002506357754,73.19854620025548,60.71151150841919,0.0,1,3.375077994860476e-14,0.0,0.05512367095153836,-0.05320067933805195,73.19209805869477,-63.70001399999998,9.600002506357754,73.19854620025548,-60.71151150841919,0.0,1,3.375077994860476e-14
7.858333333333333,7858333,return_to_standing,0.0,0.0,77.99985382326136,1.0,0.0,0.0,0.0,0.0,0.0,77.99985382326136,39.477051944277115,34.260906823881996,0,feet,0.0,0.05346017416514526,-0.051623280746837086,-39.47255981731879,63.70001399999999,9.600003620905596,-39.47705194427714,60.71151150841919,0.0,1,5.684341886080802e-14,0.0,0.053460174165143926,-0.05162328675519712,-39.472559817318746,-63.70001399999998,9.60000362090554,-39.477051944277086,-60.71151150841919,0.0,1,0.0,0.0,0.053460188155277866,-0.05162333741806213,73.20303823069347,63.70001399999999,9.600003620950702,73.19854620025548,60.71151150841919,0.0,1,-1.7763568394002505e-15,0.0,0.053460188155277866,-0.05162333741806213,73.20303823069347,-63.70001399999998,9.600003620950702,73.19854620025548,-60.71151150841919,0.0,1,-1.7763568394002505e-15
7.866666666666666,7866667,return_to_standing,0.0,0.0,78.09506165916346,1.0,0.0,0.0,0.0,0.0,0.0,78.09506165916346,39.45938236621291,34.3561146597841,0,feet,0.0,0.05177957507539377,-0.05002794995693538,-39.46150591502118,63.70001399999999,9.599997770480428,-39.45938236621295,60.73333348422281,0.0,1,0.0,0.0,0.05177957507539244,-0.05002795578428154,-39.46150591502111,-63.70001399999998,9.599997770480428,-39.459382366212864,-60.73333348422281,0.0,1,0.0,0.0,0.05177958865666055,-0.050028004917058055,73.21409213595456,63.70001399999999,9.599997770459765,73.21621577831957,60.73333348422281,0.0,1,3.197442310920451e-14,0.0,0.05177958865666055,-0.050028004917058055,73.21409213595456,-63.70001399999998,9.599997770459765,73.21621577831957,-60.73333348422281,0.0,1,3.197442310920451e-14
7.875,7875000,return_to_standing,0.0,0.0,78.19093766632469,1.0,0.0,0.0,0.0,0.0,0.0,78.19093766632469,39.45050768100776,34.45199066694532,0,feet,0.0,0.05008497378890597,-0.048417535025920166,-39.450358742458164,63.70001399999999,9.600001678185407,-39.4505076810078,60.7399748722095,0.0,1,1.2434497875801753e-14,0.0,0.05008497378890464,-0.048417540670249615,-39.45035874245809,-63.70001399999998,9.600001678185436,-39.450507681007714,-60.7399748722095,0.0,1,4.085620730620576e-14,0.0,0.05008498695742469,-0.04841758825774711,73.22523931149993,63.70001399999999,9.600001678186857,73.22509046352467,60.7399748722095,0.0,1,5.861977570020827e-14,0.0,0.05008498695742469,-0.04841758825774711,73.22523931149993,-63.70001399999998,9.600001678186857,73.22509046352467,-60.7399748722095,0.0,1,5.861977570020827e-14
7.883333333333334,7883333,return_to_standing,0.0,0.0,78.28731633543809,1.0,0.0,0.0,0.0,0.0,0.0,78.28731633543809,39.440267095123325,34.54836933605873,0,feet,0.0,0.04837893695328388,-0.04679443278290707,-39.4391351884544,63.70001399999999,9.59999841095042,-39.440267095123374,60.74619282880431,0.0,1,1.0658141036401503e-14,0.0,0.0483789369532821,-0.046794438242481196,-39.43913518845427,-63.70001399999998,9.599998410950448,-39.440267095123275,-60.74619282880431,0.0,1,3.730349362740526e-14,0.0,0.04837894970396128,-0.04679448427004207,73.23646286851232,63.70001399999999,9.599998410960708,73.23533104940903,60.74619282880431,0.0,1,-2.4868995751603507e-14,0.0,0.04837894970396128,-0.04679448427004207,73.23646286851232,-63.70001399999998,9.599998410960708,73.23533104940903,-60.74619282880431,0.0,1,-2.4868995751603507e-14
7.891666666666667,7891667,return_to_standing,0.0,0.0,78.3840308427614,1.0,0.0,0.0,0.0,0.0,0.0,78.3840308427614,39.440267095123325,34.64508384338204,0,feet,0.0,0.046664412878231865,-0.04516141471358903,-39.427854652267925,63.70001399999999,9.599990453262222,-39.440267095123374,60.74619282880431,0.0,1,1.9539925233402755e-14,0.0,0.04666441287823053,-0.045161419986976536,-39.42785465226787,-63.70001399999998,9.599990453262194,-39.440267095123275,-60.74619282880431,0.0,1,-8.881784197001252e-15,0.0,0.04666442520848113,-0.04516146444429214,73.2477434077168,63.70001399999999,9.599990453371532,73.23533104940903,60.74619282880431,0.0,1,1.2434497875801753e-14,0.0,0.04666442520848113,-0.04516146444429214,73.2477434077168,-63.70001399999998,9.599990453371532,73.23533104940903,-60.74619282880431,0.0,1,1.2434497875801753e-14
7.9,7900000,return_to_standing,0.0,0.0,78.48091348826223,1.0,0.0,0.0,0.0,0.0,0.0,78.48091348826223,39.440267095123325,34.741966488882866,0,feet,0.0,0.044944184400860454,-0.04352110636465145,-39.41653546642195,63.70001399999999,9.599969144807844,-39.440267095123374,60.74619282880431,0.0,1,1.9539925233402755e-14,0.0,0.04494418440085868,-0.043521111450716354,-39.41653546642186,-63.70001399999998,9.599969144807872,-39.440267095123275,-60.74619282880431,0.0,1,4.796163466380676e-14,0.0,0.04494419630703339,-0.043521154328317824,73.25906259659652,63.70001399999999,9.599969145009354,73.23533104940903,60.74619282880431,0.0,1,2.3092638912203256e-14,0.0,0.04494419630703339,-0.043521154328317824,73.25906259659652,-63.70001399999998,9.599969145009354,73.23533104940903,-60.74619282880431,0.0,1,2.3092638912203256e-14
7.908333333333333,7908333,return_to_standing,0.0,0.0,78.57779613376306,1.0,0.0,0.0,0.0,0.0,0.0,78.57779613376306,39.326713184981614,34.83884913438369,0,feet,0.0,0.043222104573532594,-0.04187716680863618,-39.40520303010226,63.70001399999999,9.59998462522887,-39.32671318498165,63.700015918920016,0.0,1,1.4210854715202004e-14,0.0,0.043222104573531706,-0.041877171706653726,-39.405203030102214,-63.70001399999998,9.59998462522887,-39.326713184981585,-63.700015918920016,0.0,1,1.4210854715202004e-14,0.0,0.043222116036431224,-0.04187721298278513,73.27039503606667,63.70001399999999,9.599984624588217,73.34888495955002,63.700015918920016,0.0,1,5.861977570020827e-14,0.0,0.043222116036431224,-0.04187721298278513,73.27039503606667,-63.70001399999998,9.599984624588217,73.34888495955002,-63.700015918920016,0.0,1,5.861977570020827e-14
7.916666666666667,7916667,return_to_standing,0.0,0.0,78.67451064108637,1.0,0.0,0.0,0.0,0.0,0.0,78.67451064108637,39.326713184981614,34.935563641707006,0,feet,0.0,0.04150175112634402,-0.040233014362642816,-39.39388078327442,63.70001399999999,9.600070519228339,-39.32671318498165,63.700015918920016,0.0,1,-1.7763568394002505e-15,0.0,0.041501751126343134,-0.04023301907227994,-39.393880783274376,-63.70001399999998,9.600070519228339,-39.326713184981585,-63.700015918920016,0.0,1,0.0,0.0,0.04150176216123702,-0.0402330587605495,73.28171728593517,63.70001399999999,9.600070518701315,73.34888495955002,63.700015918920016,0.0,1,-2.6645352591003757e-14,0.0,0.04150176216123702,-0.0402330587605495,73.28171728593517,-63.70001399999998,9.600070518701315,73.34888495955002,-63.700015918920016,0.0,1,-2.6645352591003757e-14
7.925,7925000,return_to_standing,0.0,0.0,78.77088931019978,1.0,0.0,0.0,0.0,0.0,0.0,78.77088931019978,39.326713184981614,35.03194231082041,0,feet,0.0,0.039784621493354155,-0.03859008597980873,-39.38257862317082,63.70001399999999,9.600142942333378,-39.32671318498165,63.700015918920016,0.0,1,-3.552713678800501e-15,0.0,0.03978462149335327,-0.038590090500894014,-39.38257862317076,-63.70001399999998,9.600142942333406,-39.326713184981585,-63.700015918920016,0.0,1,2.6645352591003757e-14,0.0,0.039784632098775585,-0.03859012859996236,73.29301944907971,63.70001399999999,9.600142941912793,73.34888495955002,63.700015918920016,0.0,1,3.375077994860476e-14,0.0,0.039784632098775585,-0.03859012859996236,73.29301944907971,-63.70001399999998,9.600142941912793,73.34888495955002,-63.700015918920016,0.0,1,3.375077994860476e-14
7.933333333333334,7933333,return_to_standing,0.0,0.0,78.866765317361,1.0,0.0,0.0,0.0,0.0,0.0,78.866765317361,39.326713184981614,35.127818317981635,0,feet,0.0,0.038073704898336835,-0.03695125480656891,-39.3713162709097,63.70001399999999,9.600201874186979,-39.32671318498165,63.700015918920016,0.0,1,0.0,0.0,0.0380737048983355,-0.03695125913926178,-39.37131627090963,-63.70001399999998,9.600201874186979,-39.326713184981585,-63.700015918920016,0.0,1,0.0,0.0,0.0380737150735766,-0.0369512956505611,73.30428180437684,63.70001399999999,9.600201873865274,73.34888495955002,63.700015918920016,0.0,1,1.0658141036401503e-14,0.0,0.0380737150735766,-0.0369512956505611,73.30428180437684,-63.70001399999998,9.600201873865274,73.34888495955002,-63.700015918920016,0.0,1,1.0658141036401503e-14
7.941666666666666,7941667,return_to_standing,0.0,0.0,78.9619731532631,1.0,0.0,0.0,0.0,0.0,0.0,78.9619731532631,39.326713184981614,35.22302615388374,0,feet,0.0,0.036371986324386096,-0.03531940277320622,-39.36011342636523,63.70001399999999,9.60024738661943,-39.32671318498165,63.700015918920016,0.0,1,8.881784197001252e-15,0.0,0.03637198632438521,-0.035319406917999174,-39.36011342636519,-63.70001399999998,9.60024738661943,-39.326713184981585,-63.700015918920016,0.0,1,1.0658141036401503e-14,0.0,0.03637199606950947,-0.03531944184576208,73.31548465194697,63.70001399999999,9.600247386389071,73.34888495955002,63.700015918920016,0.0,1,3.552713678800501e-14,0.0,0.03637199606950947,-0.03531944184576208,73.31548465194697,-63.70001399999998,9.600247386389071,73.34888495955002,-63.700015918920016,0.0,1,3.552713678800501e-14
7.95,7950000,return_to_standing,0.0,0.0,79.05634906117945,1.0,0.0,0.0,0.0,0.0,0.0,79.05634906117945,39.326713184981614,35.31740206180008,0,feet,0.0,0.034682438508697455,-0.03369741277552096,-39.34898971474344,63.70001399999999,9.600279642627044,-39.32671318498165,63.700015918920016,0.0,1,0.0,0.0,0.03468243850869612,-0.033697416733242225,-39.34898971474336,-63.70001399999998,9.600279642627044,-39.326713184981585,-63.700015918920016,0.0,1,0.0,0.0,0.034682447824554874,-0.033697450084519076,73.32660836657877,63.70001399999999,9.600279642480416,73.34888495955002,63.700015918920016,0.0,1,4.263256414560601e-14,0.0,0.034682447824554874,-0.033697450084519076,73.32660836657877,-63.70001399999998,9.600279642480416,73.34888495955002,-63.700015918920016,0.0,1,4.263256414560601e-14
7.958333333333333,7958333,return_to_standing,0.0,0.0,79.14973147510882,1.0,0.0,0.0,0.0,0.0,0.0,79.14973147510882,39.326713184981614,35.41078447572946,0,feet,0.0,0.03300801377354512,-0.0320881605919463,-39.33796463204517,63.70001399999999,9.600298894584299,-39.32671318498165,63.700015918920016,0.0,1,1.7763568394002505e-15,0.0,0.03300801377354423,-0.032088164363761607,-39.33796463204513,-63.70001399999998,9.600298894584299,-39.326713184981585,-63.700015918920016,0.0,1,3.552713678800501e-15,0.0,0.03300802266178282,-0.032088196148431614,73.33763345226598,63.70001399999999,9.600298894513728,73.34888495955002,63.700015918920016,0.0,1,8.881784197001252e-15,0.0,0.03300802266178282,-0.032088196148431614,73.33763345226598,-63.70001399999998,9.600298894513728,73.34888495955002,-63.700015918920016,0.0,1,8.881784197001252e-15
7.966666666666667,7966667,return_to_standing,0.0,0.0,79.24196145792061,1.0,0.0,0.0,0.0,0.0,0.0,79.24196145792061,39.326713184981614,35.503014458541244,0,feet,0.0,0.031351635693365854,-0.030494506536284494,-39.32705748942759,63.70001399999999,9.600305481695443,-39.32671318498165,63.700015918920016,0.0,1,-1.9539925233402755e-14,0.0,0.031351635693364965,-0.030494510123697083,-39.32705748942752,-63.70001399999998,9.600305481695472,-39.326713184981585,-63.700015918920016,0.0,1,8.881784197001252e-15,0.0,0.031351644156433434,-0.03049454035447452,73.34854059784627,63.70001399999999,9.600305481693425,73.34888495955002,63.700015918920016,0.0,1,1.7763568394002505e-14,0.0,0.031351644156433434,-0.03049454035447452,73.34854059784627,-63.70001399999998,9.600305481693425,73.34888495955002,-63.700015918920016,0.0,1,1.7763568394002505e-14
7.975,7975000,return_to_standing,0.0,0.0,79.33288313949974,1.0,0.0,0.0,0.0,0.0,0.0,79.33288313949974,39.326713184981614,35.59393614012038,0,feet,0.0,0.02971619059927333,-0.028919286848532177,-39.31628735648265,63.70001399999999,9.600299826699072,-39.32671318498165,63.700015918920016,0.0,1,3.197442310920451e-14,0.0,0.02971619059927244,-0.02891929025337836,-39.316287356482626,-63.70001399999998,9.600299826699043,-39.326713184981585,-63.700015918920016,0.0,1,3.552713678800501e-15,0.0,0.029716198640429514,-0.028919318945807237,73.35931073372222,63.70001399999999,9.600299826758075,73.34888495955002,63.700015918920016,0.0,1,3.730349362740526e-14,0.0,0.029716198640429514,-0.028919318945807237,73.35931073372222,-63.70001399999998,9.600299826758075,73.34888495955002,-63.700015918920016,0.0,1,3.730349362740526e-14
7.983333333333333,7983333,return_to_standing,0.0,0.0,79.42234415489189,1.0,0.0,0.0,0.0,0.0,0.0,79.42234415489189,39.31224494887885,35.68339715551252,0,feet,0.0,0.028104714041066625,-0.027365493154499987,-39.3056742860455,63.70001399999999,9.60029325999865,-39.31224494887888,63.70001591896379,0.0,1,8.881784197001252e-15,0.0,0.028104714041065737,-0.027365496378979337,-39.30567428604544,-63.70001399999998,9.60029325999865,-39.31224494887882,-63.7000159189638,0.0,1,8.881784197001252e-15,0.0,0.02810472166303768,-0.027365523550245463,73.36992380706226,63.70001399999999,9.600293260033837,73.36335319565272,63.70001591896379,0.0,1,-1.7763568394002505e-15,0.0,0.02810472166303768,-0.027365523550245463,73.36992380706226,-63.70001399999998,9.600293260033837,73.36335319565272,-63.7000159189638,0.0,1,-1.7763568394002505e-15
7.991666666666666,7991667,return_to_standing,0.0,0.0,79.5101960824485,1.0,0.0,0.0,0.0,0.0,0.0,79.5101960824485,39.31224494887885,35.77124908306914,0,feet,0.0,0.026519885497435336,-0.025835785103142772,-39.29523597949378,63.70001399999999,9.600280441036404,-39.31224494887888,63.70001591896379,0.0,1,1.4210854715202004e-14,0.0,0.026519885497434448,-0.02583578814976928,-39.29523597949374,-63.70001399999998,9.600280441036404,-39.31224494887882,-63.7000159189638,0.0,1,1.4210854715202004e-14,0.0,0.02651989270659927,-0.02583581382252209,73.38036211646485,63.70001399999999,9.600280441122422,73.36335319565272,63.70001591896379,0.0,1,-2.6645352591003757e-14,0.0,0.02651989270659927,-0.02583581382252209,73.38036211646485,-63.70001399999998,9.600280441122422,73.36335319565272,-63.7000159189638,0.0,1,-2.6645352591003757e-14
8.0,8000000,return_to_standing,0.0,0.0,79.59629488197193,1.0,0.0,0.0,0.0,0.0,0.0,79.59629488197193,39.31224494887885,35.85734788259256,0,feet,0.0,0.02496433347368887,-0.024332782316573542,-39.284989815694146,63.70001399999999,9.60025681996585,-39.31224494887888,63.70001591896379,0.0,1,1.5987211554602254e-14,0.0,0.024964333473687983,-0.024332785188181827,-39.284989815694104,-63.70001399999998,9.60025681996585,-39.31224494887882,-63.7000159189638,0.0,1,1.5987211554602254e-14,0.0,0.02496434027573402,-0.024332809386317322,73.3906082830681,63.70001399999999,9.600256820095765,73.36335319565272,63.70001591896379,0.0,1,-7.105427357601002e-15,0.0,0.02496434027573402,-0.024332809386317322,73.3906082830681,-63.70001399999998,9.600256820095765,73.36335319565272,-63.7000159189638,0.0,1,-7.105427357601002e-15
8.008333333333333,8008333,return_to_standing,0.0,0.0,79.68050133286044,1.0,0.0,0.0,0.0,0.0,0.0,79.68050133286044,39.31224494887885,35.94155433348108,0,feet,0.0,0.0234407067501734,-0.02285913308235843,-39.274953307823694,63.70001399999999,9.60022307996499,-39.31224494887888,63.70001591896379,0.0,1,-1.7763568394002505e-14,0.0,0.023440706750172957,-0.022859135782105522,-39.27495330782363,-63.70001399999998,9.600223079965048,-39.31224494887882,-63.7000159189638,0.0,1,3.907985046680551e-14,0.0,0.023440713151586134,-0.022859158532227752,73.40064479368993,63.70001399999999,9.600223080132125,73.36335319565272,63.70001591896379,0.0,1,1.4210854715202004e-14,0.0,0.023440713151586134,-0.022859158532227752,73.40064479368993,-63.70001399999998,9.600223080132125,73.36335319565272,-63.7000159189638,0.0,1,1.4210854715202004e-14
8.016666666666667,8016667,return_to_standing,0.0,0.0,79.76268147225342,1.0,0.0,0.0,0.0,0.0,0.0,79.76268147225342,39.31224494887885,36.023734472874054,0,feet,0.0,0.021951572112975715,-0.02141741490051574,-39.26514342916627,63.70001399999999,9.600179961772923,-39.31224494887888,63.70001591896379,0.0,1,1.0658141036401503e-14,0.0,0.021951572112974826,-0.0214174174318722,-39.265143429166244,-63.70001399999998,9.600179961772909,-39.31224494887882,-63.7000159189638,0.0,1,-3.552713678800501e-15,0.0,0.02195157812103332,-0.021417438763239982,73.41045467504145,63.70001399999999,9.600179961970738,73.36335319565272,63.70001591896379,0.0,1,-1.5987211554602254e-14,0.0,0.02195157812103332,-0.021417438763239982,73.41045467504145,-63.70001399999998,9.600179961970738,73.36335319565272,-63.7000159189638,0.0,1,-1.5987211554602254e-14
8.025,8025000,return_to_standing,0.0,0.0,79.84270703317637,1.0,0.0,0.0,0.0,0.0,0.0,79.84270703317637,39.31224494887885,36.103760033797,0,feet,0.0,0.020499404999613446,-0.020010124494258985,-39.2555765508601,63.70001399999999,9.600128256656333,-39.31224494887888,63.70001591896379,0.0,1,-1.7763568394002505e-15,0.0,0.020499404999612114,-0.020010126861006228,-39.25557655086003,-63.70001399999998,9.600128256656333,-39.31224494887882,-63.7000159189638,0.0,1,-1.7763568394002505e-15,0.0,0.02049941062236904,-0.020010146805469642,73.42002155597976,63.70001399999999,9.600128256878833,73.36335319565272,63.70001591896379,0.0,1,7.105427357601002e-15,0.0,0.02049941062236904,-0.020010146805469642,73.42002155597976,-63.70001399999998,9.600128256878833,73.36335319565272,-63.7000159189638,0.0,1,7.105427357601002e-15
8.033333333333333,8033333,return_to_standing,0.0,0.0,79.920455882686,1.0,0.0,0.0,0.0,0.0,0.0,79.920455882686,39.31224494887885,36.181508883306634,0,feet,0.0,0.019086580035218237,-0.018639667645418356,-39.24626837897175,63.70001399999999,9.600068798910158,-39.31224494887888,63.70001591896379,0.0,1,-1.9539925233402755e-14,0.0,0.01908658003521735,-0.018639669851635787,-39.24626837897168,-63.70001399999998,9.6000687989102,-39.31224494887882,-63.7000159189638,0.0,1,2.3092638912203256e-14,0.0,0.019086585281482105,-0.018639688443552682,73.42932973043358,63.70001399999999,9.600068799151572,73.36335319565272,63.70001591896379,0.0,1,-1.2434497875801753e-14,0.0,0.019086585281482105,-0.018639688443552682,73.42932973043358,-63.70001399999998,9.600068799151572,73.36335319565272,-63.7000159189638,0.0,1,-1.2434497875801753e-14
8.041666666666666,8041667,return_to_standing,0.0,0.0,79.99581246001537,1.0,0.0,0.0,0.0,0.0,0.0,79.99581246001537,39.31224494887885,36.25686546063601,0,feet,0.0,0.017715361472995017,-0.017308348876750035,-39.2372338909926,63.70001399999999,9.600002457956975,-39.31224494887888,63.70001591896379,0.0,1,-1.2434497875801753e-14,0.0,0.017715361472993685,-0.01730835092680305,-39.23723389099254,-63.70001399999998,9.600002457956975,-39.31224494887882,-63.7000159189638,0.0,1,-1.2434497875801753e-14,0.0,0.017715366352314632,-0.017308368202959556,73.43836422090706,63.70001399999999,9.60000245821199,73.36335319565272,63.70001591896379,0.0,1,2.6645352591003757e-14,0.0,0.017715366352314632,-0.017308368202959556,73.43836422090706,-63.70001399999998,9.60000245821199,73.36335319565272,-63.7000159189638,0.0,1,2.6645352591003757e-14
8.05,8050000,return_to_standing,0.0,0.0,80.06866821471894,1.0,0.0,0.0,0.0,0.0,0.0,80.06866821471894,39.196041815472,36.329721215339575,0,feet,0.0,0.01638811568433196,-0.016018575857026818,-39.2284887650707,63.70001399999999,9.599942290073926,-39.19604181547202,65.90477742429005,0.0,1,0.0,0.0,0.016388115684331517,-0.016018577755585017,-39.22848876507067,-63.70001399999998,9.59994229007394,-39.19604181547197,-65.90477742429005,0.0,1,1.4210854715202004e-14,0.0,0.016388120200372835,-0.01601859374882153,73.44710934929105,63.70001399999999,9.599942289972006,73.47955632905933,65.90477742429005,0.0,1,4.973799150320701e-14,0.0,0.016388120200372835,-0.01601859374882153,73.44710934929105,-63.70001399999998,9.599942289972006,73.47955632905933,-65.90477742429005,0.0,1,4.973799150320701e-14
8.058333333333334,8058333,return_to_standing,0.0,0.0,80.13892204481766,1.0,0.0,0.0,0.0,0.0,0.0,80.13892204481766,39.196041815472,36.399975045438296,0,feet,0.0,0.015108275739262211,-0.014773803812335284,-39.22005557324049,63.70001399999999,9.599967089356426,-39.19604181547202,65.90477742429005,0.0,1,2.842170943040401e-14,0.0,0.015108275739261323,-0.01477380556449237,-39.22005557324046,-63.70001399999998,9.599967089356397,-39.19604181547197,-65.90477742429005,0.0,1,0.0,0.0,0.015108279910572175,-0.014773820324669895,73.45554254345365,63.70001399999999,9.599967089286821,73.47955632905933,65.90477742429005,0.0,1,5.684341886080802e-14,0.0,0.015108279910572175,-0.014773820324669895,73.45554254345365,-63.70001399999998,9.599967089286821,73.47955632905933,-65.90477742429005,0.0,1,5.684341886080802e-14
8.066666666666666,8066667,return_to_standing,0.0,0.0,80.20648073494407,1.0,0.0,0.0,0.0,0.0,0.0,80.20648073494407,39.196041815472,36.4675337355647,0,feet,0.0,0.013876009811183643,-0.013574311841665576,-39.211935483393134,63.70001399999999,9.599983967101608,-39.19604181547202,65.90477742429005,0.0,1,-1.0658141036401503e-14,0.0,0.013876009811182755,-0.013574313452568987,-39.211935483393056,-63.70001399999998,9.59998396710165,-39.19604181547197,-65.90477742429005,0.0,1,3.197442310920451e-14,0.0,0.01387601364931701,-0.013574327023017752,73.46366263555046,63.70001399999999,9.599983967059273,73.47955632905933,65.90477742429005,0.0,1,1.7763568394002505e-14,0.0,0.01387601364931701,-0.013574327023017752,73.46366263555046,-63.70001399999998,9.599983967059273,73.47955632905933,-65.90477742429005,0.0,1,1.7763568394002505e-14
8.075,8075000,return_to_standing,0.0,0.0,80.27125939448737,1.0,0.0,0.0,0.0,0.0,0.0,80.27125939448737,39.196041815472,36.53231239510801,0,feet,0.0,0.012693040873036576,-0.012421890701515004,-39.20413990496267,63.70001399999999,9.599993708239325,-39.19604181547202,65.90477742429005,0.0,1,-3.552713678800501e-15,0.0,0.012693040873036132,-0.012421892176541327,-39.204139904962645,-63.70001399999998,9.599993708239325,-39.19604181547197,-65.90477742429005,0.0,1,-3.552713678800501e-15,0.0,0.012693044390157393,-0.012421904602532674,73.47145821614376,63.70001399999999,9.599993708219557,73.47955632905933,65.90477742429005,0.0,1,-1.0658141036401503e-14,0.0,0.012693044390157393,-0.012421904602532674,73.47145821614376,-63.70001399999998,9.599993708219557,73.47955632905933,-65.90477742429005,0.0,1,-1.0658141036401503e-14
8.083333333333334,8083333,return_to_standing,0.0,0.0,80.33318189573855,1.0,0.0,0.0,0.0,0.0,0.0,80.33318189573855,39.196041815472,36.59423489635918,0,feet,0.0,0.011560933090493997,-0.011318177143151864,-39.196679197997085,63.70001399999999,9.599997102657483,-39.19604181547202,65.90477742429005,0.0,1,2.3092638912203256e-14,0.0,0.011560933090492664,-0.011318178487891295,-39.196679197997035,-63.70001399999998,9.599997102657454,-39.19604181547197,-65.90477742429005,0.0,1,-5.329070518200751e-15,0.0,0.011560936299331193,-0.011318189816488022,73.47891892518243,63.70001399999999,9.599997102656033,73.47955632905933,65.90477742429005,0.0,1,-7.105427357601002e-15,0.0,0.011560936299331193,-0.011318189816488022,73.47891892518243,-63.70001399999998,9.599997102656033,73.47955632905933,-65.90477742429005,0.0,1,-7.105427357601002e-15
8.091666666666667,8091667,return_to_standing,0.0,0.0,80.39218131203539,1.0,0.0,0.0,0.0,0.0,0.0,80.39218131203539,39.196041815472,36.653234312656025,0,feet,0.0,0.01048108206439613,-0.010264643277289931,-39.18956260862046,63.70001399999999,9.599994937351127,-39.19604181547202,65.90477742429005,0.0,1,3.197442310920451e-14,0.0,0.010481082064395242,-0.010264644497527176,-39.189562608620435,-63.70001399999998,9.599994937351099,-39.19604181547197,-65.90477742429005,0.0,1,3.552713678800501e-15,0.0,0.010481084978200883,-0.010264654777423665,73.48603551653929,63.70001399999999,9.599994937364215,73.47955632905933,65.90477742429005,0.0,1,4.618527782440651e-14,0.0,0.010481084978200883,-0.010264654777423665,73.48603551653929,-63.70001399999998,9.599994937364215,73.47955632905933,-65.90477742429005,0.0,1,4.618527782440651e-14
8.1,8100000,return_to_standing,0.0,0.0,80.44820035590767,1.0,0.0,0.0,0.0,0.0,0.0,80.44820035590767,39.196041815472,36.70925335652831,0,feet,0.0,0.009454705104873451,-0.009262585990780003,-39.18279820475904,63.70001399999999,9.59998798874578,-39.19604181547202,65.90477742429005,0.0,1,-5.329070518200751e-15,0.0,0.009454705104872563,-0.009262587092472074,-39.18279820475898,-63.70001399999998,9.59998798874581,-39.19604181547197,-65.90477742429005,0.0,1,2.3092638912203256e-14,0.0,0.009454707737365897,-0.0092625963738171,73.49279992228563,63.70001399999999,9.599987988769968,73.47955632905933,65.90477742429005,0.0,1,5.684341886080802e-14,0.0,0.009454707737365897,-0.0092625963738171,73.49279992228563,-63.70001399999998,9.599987988769968,73.47955632905933,-65.90477742429005,0.0,1,5.684341886080802e-14
8.108333333333333,8108333,return_to_standing,0.0,0.0,80.50119181722215,1.0,0.0,0.0,0.0,0.0,0.0,80.50119181722215,39.196041815472,36.762244817842785,0,feet,0.0,0.008482831557404591,-0.008313116447937752,-39.176392812260275,63.70001399999999,9.59997701528296,-39.19604181547202,65.90477742429005,0.0,1,1.2434497875801753e-14,0.0,0.008482831557403703,-0.008313117437190432,-39.17639281226025,-63.70001399999998,9.599977015282946,-39.19604181547197,-65.90477742429005,0.0,1,-1.7763568394002505e-15,0.0,0.008482833922723199,-0.008313125771400642,73.49920531657148,63.70001399999999,9.599977015315062,73.47955632905933,65.90477742429005,0.0,1,-1.9539925233402755e-14,0.0,0.008482833922723199,-0.008313125771400642,73.49920531657148,-63.70001399999998,9.599977015315062,73.47955632905933,-65.90477742429005,0.0,1,-1.9539925233402755e-14
8.116666666666667,8116667,return_to_standing,0.0,0.0,80.5511190013277,1.0,0.0,0.0,0.0,0.0,0.0,80.5511190013277,39.196041815472,36.81217200194834,0,feet,0.0,0.00756629320085489,-0.007417149708778936,-39.17035195153474,63.70001399999999,9.599962750353725,-39.19604181547202,65.90477742429005,0.0,1,3.552713678800501e-15,0.0,0.007566293200854446,-0.007417150591826349,-39.1703519515347,-63.70001399999998,9.599962750353754,-39.19604181547197,-65.90477742429005,0.0,1,3.197442310920451e-14,0.0,0.007566295313496507,-0.007417158031390869,73.50524617898455,63.70001399999999,9.599962750391214,73.47955632905933,65.90477742429005,0.0,1,-5.329070518200751e-15,0.0,0.007566295313496507,-0.007417158031390869,73.50524617898455,-63.70001399999998,9.599962750391214,73.47955632905933,-65.90477742429005,0.0,1,-5.329070518200751e-15
8.125,8125000,return_to_standing,0.0,0.0,80.59795616720044,1.0,0.0,0.0,0.0,0.0,0.0,80.59795616720044,39.13629722968143,36.85900916782107,0,feet,0.0,0.0067060034574937255,-0.006575676947089715,-39.16468167877026,63.70001399999999,9.599961607683966,-39.13629722968146,59.9925097393973,0.0,1,-1.7763568394002505e-15,0.0,0.006706003457492393,-0.006575677730300988,-39.16468167877018,-63.70001399999998,9.59996160768398,-39.136297229681404,-59.99250973939729,0.0,1,1.2434497875801753e-14,0.0,0.006706005330912479,-0.006575684327460252,73.5109164533443,63.70001399999999,9.599961607647273,73.53930091484985,59.9925097393973,0.0,1,1.9539925233402755e-14,0.0,0.006706005330912479,-0.006575684327460252,73.5109164533443,-63.70001399999998,9.599961607647273,73.53930091484985,-59.99250973939729,0.0,1,1.9539925233402755e-14
8.133333333333333,8133333,return_to_standing,0.0,0.0,80.64168896558868,1.0,0.0,0.0,0.0,0.0,0.0,80.64168896558868,39.13629722968143,36.90274196620932,0,feet,0.0,0.005902399457192065,-0.005789219833320924,-39.15938489075508,63.70001399999999,9.599975807566508,-39.13629722968146,59.9925097393973,0.0,1,-5.329070518200751e-15,0.0,0.005902399457191176,-0.005789220523142458,-39.159384890755035,-63.70001399999998,9.599975807566508,-39.136297229681404,-59.99250973939729,0.0,1,-5.329070518200751e-15,0.0,0.005902401108091926,-0.005789226333747344,73.51621324284133,63.70001399999999,9.599975807540204,73.53930091484985,59.9925097393973,0.0,1,-1.4210854715202004e-14,0.0,0.005902401108091926,-0.005789226333747344,73.51621324284133,-63.70001399999998,9.599975807540204,73.53930091484985,-59.99250973939729,0.0,1,-1.4210854715202004e-14
8.141666666666667,8141667,return_to_standing,0.0,0.0,80.68231487715823,1.0,0.0,0.0,0.0,0.0,0.0,80.68231487715823,39.13629722968143,36.94336787777887,0,feet,0.0,0.00515530401513109,-0.00505769251850019,-39.154460450974156,63.70001399999999,9.59998638766477,-39.13629722968146,59.9925097393973,0.0,1,2.1316282072803006e-14,0.0,0.005155304015130202,-0.005057693121387263,-39.15446045097413,-63.70001399999998,9.599986387664757,-39.136297229681404,-59.99250973939729,0.0,1,7.105427357601002e-15,0.0,0.00515530545867815,-0.005057698199774308,73.52113768400136,63.70001399999999,9.599986387646666,73.53930091484985,59.9925097393973,0.0,1,-5.329070518200751e-15,0.0,0.00515530545867815,-0.005057698199774308,73.52113768400136,-63.70001399999998,9.599986387646666,73.53930091484985,-59.99250973939729,0.0,1,-5.329070518200751e-15
8.15,8150000,return_to_standing,0.0,0.0,80.71984365063726,1.0,0.0,0.0,0.0,0.0,0.0,80.71984365063726,39.13629722968143,36.98089665125789,0,feet,0.0,0.004464664637270577,-0.004381124919335733,-39.149908041378986,63.70001399999999,9.599993921443996,-39.13629722968146,59.9925097393973,0.0,1,2.6645352591003757e-14,0.0,0.0044646646372696885,-0.0043811254417591705,-39.14990804137898,-63.70001399999998,9.599993921443954,-39.136297229681404,-59.99250973939729,0.0,1,-1.5987211554602254e-14,0.0,0.004464665888719299,-0.004381129842427445,73.52569009487277,63.70001399999999,9.599993921432244,73.53930091484985,59.9925097393973,0.0,1,1.4210854715202004e-14,0.0,0.004464665888719299,-0.004381129842427445,73.52569009487277,-63.70001399999998,9.599993921432244,73.53930091484985,-59.99250973939729,0.0,1,1.4210854715202004e-14
8.158333333333333,8158333,return_to_standing,0.0,0.0,80.75429774096152,1.0,0.0,0.0,0.0,0.0,0.0,80.75429774096152,39.13629722968143,37.015350741582154,0,feet,0.0,0.003830185173488765,-0.003759301944025406,-39.145725734676176,63.70001399999999,9.599998940065063,-39.13629722968146,59.9925097393973,0.0,1,3.019806626980426e-14,0.0,0.0038301851734874326,-0.0037593023924475943,-39.145725734676134,-63.70001399999998,9.599998940065035,-39.136297229681404,-59.99250973939729,0.0,1,1.7763568394002505e-15,0.0,0.0038301862481096016,-0.003759306169794474,73.52987240274908,63.70001399999999,9.599998940058086,73.53930091484985,59.9925097393973,0.0,1,3.019806626980426e-14,0.0,0.0038301862481096016,-0.003759306169794474,73.52987240274908,-63.70001399999998,9.599998940058086,73.53930091484985,-59.99250973939729,0.0,1,3.019806626980426e-14
8.166666666666666,8166667,return_to_standing,0.0,0.0,80.78571274741942,1.0,0.0,0.0,0.0,0.0,0.0,80.78571274741942,39.13629722968143,37.04676574804006,0,feet,0.0,0.003251317024330014,-0.003191754416076442,-39.14190993647256,63.70001399999999,9.600001929347641,-39.13629722968146,59.9925097393973,0.0,1,-1.2434497875801753e-14,0.0,0.0032513170243295697,-0.0031917547969135818,-39.141909936472516,-63.70001399999998,9.60000192934767,-39.136297229681404,-59.99250973939729,0.0,1,1.5987211554602254e-14,0.0,0.0032513179373294676,-0.003191758004979839,73.53368820202422,63.70001399999999,9.60000192934416,73.53930091484985,59.9925097393973,0.0,1,3.375077994860476e-14,0.0,0.0032513179373294676,-0.003191758004979839,73.53368820202422,-63.70001399999998,9.60000192934416,73.53930091484985,-59.99250973939729,0.0,1,3.375077994860476e-14
8.175,8175000,return_to_standing,0.0,0.0,80.8141378517971,1.0,0.0,0.0,0.0,0.0,0.0,80.8141378517971,39.13629722968143,37.075190852417734,0,feet,0.0,0.0027272505269411162,-0.002677750287839231,-39.138455328620566,63.70001399999999,9.600003327528839,-39.13629722968146,59.9925097393973,0.0,1,-2.1316282072803006e-14,0.0,0.002727250526940228,-0.002677750607432028,-39.138455328620495,-63.70001399999998,9.600003327528853,-39.136297229681404,-59.99250973939729,0.0,1,-7.105427357601002e-15,0.0,0.00272725129337692,-0.002677753299620722,73.53714281084706,63.70001399999999,9.60000332752773,73.53930091484985,59.9925097393973,0.0,1,8.881784197001252e-15,0.0,0.00272725129337692,-0.002677753299620722,73.53714281084706,-63.70001399999998,9.60000332752773,73.53930091484985,-59.99250973939729,0.0,1,8.881784197001252e-15
8.183333333333334,8183333,return_to_standing,0.0,0.0,80.83963625652348,1.0,0.0,0.0,0.0,0.0,0.0,80.83963625652348,39.13629722968143,37.10068925714411,0,feet,0.0,0.0022569065268638333,-0.0022162861545353962,-39.13535481380522,63.70001399999999,9.600003523843554,-39.13629722968146,59.9925097393973,0.0,1,5.329070518200751e-15,0.0,0.002256906526862945,-0.002216286419115754,-39.13535481380518,-63.70001399999998,9.600003523843554,-39.136297229681404,-59.99250973939729,0.0,1,5.329070518200751e-15,0.0,0.002256907161565014,-0.002216288647913345,73.54024332653432,63.70001399999999,9.60000352384398,73.53930091484985,59.9925097393973,0.0,1,2.1316282072803006e-14,0.0,0.002256907161565014,-0.002216288647913345,73.54024332653432,-63.70001399999998,9.60000352384398,73.53930091484985,-59.99250973939729,0.0,1,2.1316282072803006e-14
8.191666666666666,8191667,return_to_standing,0.0,0.0,80.86228562281539,1.0,0.0,0.0,0.0,0.0,0.0,80.86228562281539,39.13629722968143,37.12333862343603,0,feet,0.0,0.0018389281392328094,-0.0018060790744862665,-39.13259946139267,63.70001399999999,9.600002857940481,-39.13629722968146,59.9925097393973,0.0,1,-2.4868995751603507e-14,0.0,0.0018389281392314771,-0.0018060792901430922,-39.1325994613926,-63.70001399999998,9.600002857940495,-39.136297229681404,-59.99250973939729,0.0,1,-1.0658141036401503e-14,0.0,0.0018389286567104257,-0.0018060811068245641,73.54299867972219,63.70001399999999,9.600002857941817,73.53930091484985,59.9925097393973,0.0,1,-3.552713678800501e-15,0.0,0.0018389286567104257,-0.0018060811068245641,73.54299867972219,-63.70001399999998,9.600002857941817,73.53930091484985,-59.99250973939729,0.0,1,-3.552713678800501e-15
8.2,8200000,return_to_standing,0.0,0.0,80.88217850882269,1.0,0.0,0.0,0.0,0.0,0.0,80.88217850882269,39.13629722968143,37.143231509443325,0,feet,0.0,0.001471672699435711,-0.0014455586956745314,-39.13017845453737,63.70001399999999,9.600001620132531,-39.13629722968146,59.9925097393973,0.0,1,1.2434497875801753e-14,0.0,0.0014716726994348228,-0.001445558868315544,-39.13017845453734,-63.70001399999998,9.600001620132517,-39.136297229681404,-59.99250973939729,0.0,1,-1.7763568394002505e-15,0.0,0.0014716731137944805,-0.001445560322646422,73.54541968725906,63.70001399999999,9.600001620134279,73.53930091484985,59.9925097393973,0.0,1,1.7763568394002505e-14,0.0,0.0014716731137944805,-0.001445560322646422,73.54541968725906,-63.70001399999998,9.600001620134279,73.53930091484985,-59.99250973939729,0.0,1,1.7763568394002505e-14
8.208333333333334,8208333,return_to_standing,0.0,0.0,80.89942280777326,1.0,0.0,0.0,0.0,0.0,0.0,80.89942280777326,39.1284980773924,37.1604758083939,0,feet,0.0,0.0011532307704773537,-0.001132886073450745,-39.128079215557065,63.70001399999999,9.600001507498305,-39.128498077392415,59.980312244891614,0.0,1,-1.0658141036401503e-14,0.0,0.0011532307704764655,-0.0011328862087722769,-39.12807921555702,-63.70001399999998,9.600001507498305,-39.12849807739238,-59.98031224489162,0.0,1,-1.0658141036401503e-14,0.0,0.0011532310952988567,-0.00113288734869732,73.54751892683089,63.70001399999999,9.600001507498433,73.54710006713886,59.980312244891614,0.0,1,2.4868995751603507e-14,0.0,0.0011532310952988567,-0.00113288734869732,73.54751892683089,-63.70001399999998,9.600001507498433,73.54710006713886,-59.98031224489162,0.0,1,2.4868995751603507e-14
8.216666666666667,8216667,return_to_standing,0.0,0.0,80.9141421861182,1.0,0.0,0.0,0.0,0.0,0.0,80.9141421861182,39.1284980773924,37.17519518673883,0,feet,0.0,0.0008813378784009451,-0.0008658672638222065,-39.126286824353116,63.70001399999999,9.600001261967378,-39.128498077392415,59.980312244891614,0.0,1,3.552713678800501e-15,0.0,0.000881337878400501,-0.0008658673672625739,-39.12628682435312,-63.70001399999998,9.60000126196735,-39.12849807739238,-59.98031224489162,0.0,1,-2.4868995751603507e-14,0.0,0.0008813381267409603,-0.0008658682386366578,73.54931131853982,63.70001399999999,9.600001261967734,73.54710006713886,59.980312244891614,0.0,1,-1.7763568394002505e-14,0.0,0.0008813381267409603,-0.0008658682386366578,73.54931131853982,-63.70001399999998,9.600001261967734,73.54710006713886,-59.98031224489162,0.0,1,-1.7763568394002505e-14
8.225,8225000,return_to_standing,0.0,0.0,80.92647652167683,1.0,0.0,0.0,0.0,0.0,0.0,80.92647652167683,39.1284980773924,37.18752952229747,0,feet,0.0,0.0006534431593050449,-0.0006420210700412987,-39.12478447136354,63.70001399999999,9.600000798361734,-39.128498077392415,59.980312244891614,0.0,1,2.4868995751603507e-14,0.0,0.0006534431593041568,-0.000642021146749272,-39.124784471363505,-63.70001399999998,9.600000798361705,-39.12849807739238,-59.98031224489162,0.0,1,-3.552713678800501e-15,0.0,0.000653443343492377,-0.0006420217929328231,73.55081367195282,63.70001399999999,9.600000798362174,73.54710006713886,59.980312244891614,0.0,1,-5.329070518200751e-15,0.0,0.000653443343492377,-0.0006420217929328231,73.55081367195282,-63.70001399999998,9.600000798362174,73.54710006713886,-59.98031224489162,0.0,1,-5.329070518200751e-15
8.233333333333333,8233333,return_to_standing,0.0,0.0,80.93658234178183,1.0,0.0,0.0,0.0,0.0,0.0,80.93658234178183,39.1284980773924,37.197635342402464,0,feet,0.0,0.00046668419037798614,-0.0004585548119373506,-39.12355329159146,63.70001399999999,9.60000024315147,-39.128498077392415,59.980312244891614,0.0,1,-1.4210854715202004e-14,0.0,0.00046668419037709796,-0.00045855486673129775,-39.123553291591406,-63.70001399999998,9.600000243151499,-39.12849807739238,-59.98031224489162,0.0,1,1.4210854715202004e-14,0.0,0.00046668432195984266,-0.0004585553283047439,73.55204485207207,63.70001399999999,9.600000243151953,73.54710006713886,59.980312244891614,0.0,1,2.3092638912203256e-14,0.0,0.00046668432195984266,-0.0004585553283047439,73.55204485207207,-63.70001399999998,9.600000243151953,73.54710006713886,-59.98031224489162,0.0,1,2.3092638912203256e-14
8.241666666666667,8241667,return_to_standing,0.0,0.0,80.94463326142429,1.0,0.0,0.0,0.0,0.0,0.0,80.94463326142429,39.1284980773924,37.20568626204492,0,feet,0.0,0.0003178751231374122,-0.0003123532176481092,-39.122572286572705,63.70001399999999,9.599999687730104,-39.128498077392415,59.980312244891614,0.0,1,-1.2434497875801753e-14,0.0,0.0003178751231360799,-0.00031235325497558364,-39.12257228657261,-63.70001399999998,9.599999687730133,-39.12849807739238,-59.98031224489162,0.0,1,1.5987211554602254e-14,0.0,0.00031787521278170416,-0.00031235356940984005,73.55302585736746,63.70001399999999,9.59999968773046,73.54710006713886,59.980312244891614,0.0,1,-2.3092638912203256e-14,0.0,0.00031787521278170416,-0.00031235356940984005,73.55302585736746,-63.70001399999998,9.59999968773046,73.54710006713886,-59.98031224489162,0.0,1,-2.3092638912203256e-14
8.25,8250000,return_to_standing,0.0,0.0,80.95082042139884,1.0,0.0,0.0,0.0,0.0,0.0,80.95082042139884,39.1284980773924,37.21187342201948,0,feet,0.0,0.00020349954506304613,-0.00019997202247790113,-39.12181827751368,63.70001399999999,9.599999192692096,-39.128498077392415,59.980312244891614,0.0,1,7.105427357601002e-15,0.0,0.00020349954506260204,-0.00019997204637567378,-39.121818277513654,-63.70001399999998,9.59999919269211,-39.12849807739238,-59.98031224489162,0.0,1,2.1316282072803006e-14,0.0,0.00020349960246246468,-0.00019997224769285893,73.5537798666391,63.70001399999999,9.599999192692366,73.54710006713886,59.980312244891614,0.0,1,1.2434497875801753e-14,0.0,0.00020349960246246468,-0.00019997224769285893,73.5537798666391,-63.70001399999998,9.599999192692366,73.54710006713886,-59.98031224489162,0.0,1,1.2434497875801753e-14
8.258333333333333,8258333,return_to_standing,0.0,0.0,80.95535292644873,1.0,0.0,0.0,0.0,0.0,0.0,80.95535292644873,39.1284980773924,37.21640592706936,0,feet,0.0,0.00011970341207145907,-0.000117631682231778,-39.12126585889433,63.70001399999999,9.59999879241819,-39.128498077392415,59.980312244891614,0.0,1,-3.552713678800501e-15,0.0,0.00011970341207057089,-0.0001176316962907542,-39.121265858894304,-63.70001399999998,9.599998792418177,-39.12849807739238,-59.98031224489162,0.0,1,-1.7763568394002505e-14,0.0,0.00011970344583911441,-0.00011763181471913242,73.55433228541429,63.70001399999999,9.599998792418361,73.54710006713886,59.980312244891614,0.0,1,1.7763568394002505e-15,0.0,0.00011970344583911441,-0.00011763181471913242,73.55433228541429,-63.70001399999998,9.599998792418361,73.54710006713886,-59.98031224489162,0.0,1,1.7763568394002505e-15
8.266666666666667,8266667,return_to_standing,0.0,0.0,80.95845828341085,1.0,0.0,0.0,0.0,0.0,0.0,80.95845828341085,39.1284980773924,37.21951128403148,0,feet,0.0,6.228801504848391e-05,-6.121114156298901e-05,-39.12088735228954,63.70001399999999,9.599998499806077,-39.128498077392415,59.980312244891614,0.0,1,1.7763568394002505e-14,0.0,6.228801504759574e-05,-6.121114887891466e-05,-39.120887352289515,-63.70001399999998,9.599998499806048,-39.12849807739238,-59.98031224489162,0.0,1,-1.0658141036401503e-14,0.0,6.228803262064986e-05,-6.121121050606249e-05,73.55471079212586,63.70001399999999,9.599998499806134,73.54710006713886,59.980312244891614,0.0,1,-1.7763568394002505e-14,0.0,6.228803262064986e-05,-6.121121050606249e-05,73.55471079212586,-63.70001399999998,9.599998499806134,73.54710006713886,-59.98031224489162,0.0,1,-1.7763568394002505e-14
8.275,8275000,return_to_standing,0.0,0.0,80.96038283936092,1.0,0.0,0.0,0.0,0.0,0.0,80.96038283936092,39.1284980773924,37.22143583998155,0,feet,0.0,2.6702938105138685e-05,-2.6241588753528333e-05,-39.120652760127506,63.70001399999999,9.599998310958824,-39.128498077392415,59.980312244891614,0.0,1,3.552713678800501e-15,0.0,2.6702938104694596e-05,-2.624159189057451e-05,-39.12065276012748,-63.70001399999998,9.599998310958838,-39.12849807739238,-59.98031224489162,0.0,1,1.7763568394002505e-14,0.0,2.670294563866804e-05,-2.6241618311217962e-05,73.55494538435408,63.70001399999999,9.599998310958881,73.54710006713886,59.980312244891614,0.0,1,2.1316282072803006e-14,0.0,2.670294563866804e-05,-2.6241618311217962e-05,73.55494538435408,-63.70001399999998,9.599998310958881,73.54710006713886,-59.98031224489162,0.0,1,2.1316282072803006e-14
8.283333333333333,8283333,return_to_standing,0.0,0.0,80.96139221975852,1.0,0.0,0.0,0.0,0.0,0.0,80.96139221975852,39.1284980773924,37.22244522037916,0,feet,0.0,8.038960353839997e-06,-7.900118976333914e-06,-39.120529719060926,63.70001399999999,9.599998209618647,-39.128498077392415,59.980312244891614,0.0,1,2.842170943040401e-14,0.0,8.038960352951818e-06,-7.900119920023485e-06,-39.12052971906091,-63.70001399999998,9.599998209618605,-39.12849807739238,-59.98031224489162,0.0,1,-1.4210854715202004e-14,0.0,8.038962621359502e-06,-7.900127874993501e-06,73.5550684254554,63.70001399999999,9.599998209618647,73.54710006713886,59.980312244891614,0.0,1,1.5987211554602254e-14,0.0,8.038962621359502e-06,-7.900127874993501e-06,73.5550684254554,-63.70001399999998,9.599998209618647,73.54710006713886,-59.98031224489162,0.0,1,1.5987211554602254e-14
8.291666666666666,8291667,return_to_standing,0.0,0.0,80.96177176659216,1.0,0.0,0.0,0.0,0.0,0.0,80.96177176659216,39.11558723449706,37.2228247672128,0,feet,0.0,1.0207110276994058e-06,-1.003084581174818e-06,-39.12048345169157,63.70001399999999,9.599998163753853,-39.11558723449707,59.96905316591212,0.0,1,-7.349621355956515e-09,0.0,1.0207110272553166e-06,-1.003084701967083e-06,-39.12048345169151,-63.70001399999998,9.599998163753881,-39.11558723449705,-59.96905316591213,0.0,1,-7.3495929342470845e-09,0.0,1.020711315913303e-06,-1.0030857118259462e-06,73.55511469283783,63.70001399999999,9.599998163753924,73.56001091003418,59.96905316591212,0.0,1,-7.349552078039778e-09,0.0,1.020711315913303e-06,-1.0030857118259462e-06,73.55511469283783,-63.70001399999998,9.599998163753924,73.56001091003418,-59.96905316591213,0.0,1,-7.349552078039778e-09
8.3,8300000,return_to_standing,0.0,0.0,80.96182697652446,1.0,0.0,0.0,0.0,0.0,0.0,80.96182697652446,39.11558723449706,37.2228799771451,0,feet,0.0,0.0,0.0,-39.120476722717285,63.70001399999999,9.599998167183458,-39.11558723449707,59.96905316591212,0.0,1,0.0,0.0,0.0,0.0,-39.12047672271727,-63.70001399999998,9.599998167183486,-39.11558723449705,-59.96905316591213,0.0,1,2.842170943040401e-14,0.0,0.0,0.0,73.55512142181396,63.70001399999999,9.599998167183458,73.56001091003418,59.96905316591212,0.0,1,0.0,0.0,0.0,0.0,73.55512142181396,-63.70001399999998,9.599998167183458,73.56001091003418,-59.96905316591213,0.0,1,0.0
8.308333333333334,8308333,hold_standing,0.0,0.0,80.96182697652446,1.0,0.0,0.0,0.0,0.0,0.0,80.96182697652446,39.11558723449706,37.2228799771451,0,feet,0.0,0.0,0.0,-39.120476722717285,63.70001399999999,9.599998167183458,-39.11558723449707,59.96905316591212,0.0,1,0.0,0.0,0.0,0.0,-39.12047672271727,-63.70001399999998,9.599998167183486,-39.11558723449705,-59.96905316591213,0.0,1,2.842170943040401e-14,0.0,0.0,0.0,73.55512142181396,63.70001399999999,9.599998167183458,73.56001091003418,59.96905316591212,0.0,1,0.0,0.0,0.0,0.0,73.55512142181396,-63.70001399999998,9.599998167183458,73.56001091003418,-59.96905316591213,0.0,1,0.0
8.316666666666666,8316667,hold_standing,0.0,0.0,80.96182697652446,1.0,0.0,0.0,0.0,0.0,0.0,80.96182697652446,39.11558723449706,37.2228799771451,0,feet,0.0,0.0,0.0,-39.120476722717285,63.70001399999999,9.599998167183458,-39.11558723449707,59.96905316591212,0.0,1,0.0,0.0,0.0,0.0,-39.12047672271727,-63.70001399999998,9.599998167183486,-39.11558723449705,-59.96905316591213,0.0,1,2.842170943040401e-14,0.0,0.0,0.0,73.55512142181396,63.70001399999999,9.599998167183458,73.56001091003418,59.96905316591212,0.0,1,0.0,0.0,0.0,0.0,73.55512142181396,-63.70001399999998,9.599998167183458,73.56001091003418,-59.96905316591213,0.0,1,0.0
8.325,8325000,hold_standing,0.0,0.0,80.96182697652446,1.0,0.0,0.0,0.0,0.0,0.0,80.96182697652446,39.11558723449706,37.2228799771451,0,feet,0.0,0.0,0.0,-39.120476722717285,63.70001399999999,9.599998167183458,-39.11558723449707,59.96905316591212,0.0,1,0.0,0.0,0.0,0.0,-39.12047672271727,-63.70001399999998,9.599998167183486,-39.11558723449705,-59.96905316591213,0.0,1,2.842170943040401e-14,0.0,0.0,0.0,73.55512142181396,63.70001399999999,9.599998167183458,73.56001091003418,59.96905316591212,0.0,1,0.0,0.0,0.0,0.0,73.55512142181396,-63.70001399999998,9.599998167183458,73.56001091003418,-59.96905316591213,0.0,1,0.0
8.333333333333334,8333333,hold_standing,0.0,0.0,80.96182697652446,1.0,0.0,0.0,0.0,0.0,0.0,80.96182697652446,39.11558723449706,37.2228799771451,0,feet,0.0,0.0,0.0,-39.120476722717285,63.70001399999999,9.599998167183458,-39.11558723449707,59.96905316591212,0.0,1,0.0,0.0,0.0,0.0,-39.12047672271727,-63.70001399999998,9.599998167183486,-39.11558723449705,-59.96905316591213,0.0,1,2.842170943040401e-14,0.0,0.0,0.0,73.55512142181396,63.70001399999999,9.599998167183458,73.56001091003418,59.96905316591212,0.0,1,0.0,0.0,0.0,0.0,73.55512142181396,-63.70001399999998,9.599998167183458,73.56001091003418,-59.96905316591213,0.0,1,0.0
8.341666666666667,8341667,hold_standing,0.0,0.0,80.96182697652446,1.0,0.0,0.0,0.0,0.0,0.0,80.96182697652446,39.11558723449706,37.2228799771451,0,feet,0.0,0.0,0.0,-39.120476722717285,63.70001399999999,9.599998167183458,-39.11558723449707,59.96905316591212,0.0,1,0.0,0.0,0.0,0.0,-39.12047672271727,-63.70001399999998,9.599998167183486,-39.11558723449705,-59.96905316591213,0.0,1,2.842170943040401e-14,0.0,0.0,0.0,73.55512142181396,63.70001399999999,9.599998167183458,73.56001091003418,59.96905316591212,0.0,1,0.0,0.0,0.0,0.0,73.55512142181396,-63.70001399999998,9.599998167183458,73.56001091003418,-59.96905316591213,0.0,1,0.0
8.35,8350000,hold_standing,0.0,0.0,80.96182697652446,1.0,0.0,0.0,0.0,0.0,0.0,80.96182697652446,39.11558723449706,37.2228799771451,0,feet,0.0,0.0,0.0,-39.120476722717285,63.70001399999999,9.599998167183458,-39.11558723449707,59.96905316591212,0.0,1,0.0,0.0,0.0,0.0,-39.12047672271727,-63.70001399999998,9.599998167183486,-39.11558723449705,-59.96905316591213,0.0,1,2.842170943040401e-14,0.0,0.0,0.0,73.55512142181396,63.70001399999999,9.599998167183458,73.56001091003418,59.96905316591212,0.0,1,0.0,0.0,0.0,0.0,73.55512142181396,-63.70001399999998,9.599998167183458,73.56001091003418,-59.96905316591213,0.0,1,0.0
8.358333333333333,8358333,hold_standing,0.0,0.0,80.96182697652446,1.0,0.0,0.0,0.0,0.0,0.0,80.96182697652446,39.11558723449706,37.2228799771451,0,feet,0.0,0.0,0.0,-39.120476722717285,63.70001399999999,9.599998167183458,-39.11558723449707,59.96905316591212,0.0,1,0.0,0.0,0.0,0.0,-39.12047672271727,-63.70001399999998,9.599998167183486,-39.11558723449705,-59.96905316591213,0.0,1,2.842170943040401e-14,0.0,0.0,0.0,73.55512142181396,63.70001399999999,9.599998167183458,73.56001091003418,59.96905316591212,0.0,1,0.0,0.0,0.0,0.0,73.55512142181396,-63.70001399999998,9.599998167183458,73.56001091003418,-59.96905316591213,0.0,1,0.0
8.366666666666667,8366667,hold_standing,0.0,0.0,80.96182697652446,1.0,0.0,0.0,0.0,0.0,0.0,80.96182697652446,39.11558723449706,37.2228799771451,0,feet,0.0,0.0,0.0,-39.120476722717285,63.70001399999999,9.599998167183458,-39.11558723449707,59.96905316591212,0.0,1,0.0,0.0,0.0,0.0,-39.12047672271727,-63.70001399999998,9.599998167183486,-39.11558723449705,-59.96905316591213,0.0,1,2.842170943040401e-14,0.0,0.0,0.0,73.55512142181396,63.70001399999999,9.599998167183458,73.56001091003418,59.96905316591212,0.0,1,0.0,0.0,0.0,0.0,73.55512142181396,-63.70001399999998,9.599998167183458,73.56001091003418,-59.96905316591213,0.0,1,0.0
8.375,8375000,hold_standing,0.0,0.0,80.96182697652446,1.0,0.0,0.0,0.0,0.0,0.0,80.96182697652446,39.11558723449706,37.2228799771451,0,feet,0.0,0.0,0.0,-39.120476722717285,63.70001399999999,9.599998167183458,-39.11558723449707,59.96905316591212,0.0,1,0.0,0.0,0.0,0.0,-39.12047672271727,-63.70001399999998,9.599998167183486,-39.11558723449705,-59.96905316591213,0.0,1,2.842170943040401e-14,0.0,0.0,0.0,73.55512142181396,63.70001399999999,9.599998167183458,73.56001091003418,59.96905316591212,0.0,1,0.0,0.0,0.0,0.0,73.55512142181396,-63.70001399999998,9.599998167183458,73.56001091003418,-59.96905316591213,0.0,1,0.0
8.383333333333333,8383333,hold_standing,0.0,0.0,80.96182697652446,1.0,0.0,0.0,0.0,0.0,0.0,80.96182697652446,39.11558723449706,37.2228799771451,0,feet,0.0,0.0,0.0,-39.120476722717285,63.70001399999999,9.599998167183458,-39.11558723449707,59.96905316591212,0.0,1,0.0,0.0,0.0,0.0,-39.12047672271727,-63.70001399999998,9.599998167183486,-39.11558723449705,-59.96905316591213,0.0,1,2.842170943040401e-14,0.0,0.0,0.0,73.55512142181396,63.70001399999999,9.599998167183458,73.56001091003418,59.96905316591212,0.0,1,0.0,0.0,0.0,0.0,73.55512142181396,-63.70001399999998,9.599998167183458,73.56001091003418,-59.96905316591213,0.0,1,0.0
8.391666666666667,8391667,hold_standing,0.0,0.0,80.96182697652446,1.0,0.0,0.0,0.0,0.0,0.0,80.96182697652446,39.11558723449706,37.2228799771451,0,feet,0.0,0.0,0.0,-39.120476722717285,63.70001399999999,9.599998167183458,-39.11558723449707,59.96905316591212,0.0,1,0.0,0.0,0.0,0.0,-39.12047672271727,-63.70001399999998,9.599998167183486,-39.11558723449705,-59.96905316591213,0.0,1,2.842170943040401e-14,0.0,0.0,0.0,73.55512142181396,63.70001399999999,9.599998167183458,73.56001091003418,59.96905316591212,0.0,1,0.0,0.0,0.0,0.0,73.55512142181396,-63.70001399999998,9.599998167183458,73.56001091003418,-59.96905316591213,0.0,1,0.0
8.4,8400000,hold_standing,0.0,0.0,80.96182697652446,1.0,0.0,0.0,0.0,0.0,0.0,80.96182697652446,39.11558723449706,37.2228799771451,0,feet,0.0,0.0,0.0,-39.120476722717285,63.70001399999999,9.599998167183458,-39.11558723449707,59.96905316591212,0.0,1,0.0,0.0,0.0,0.0,-39.12047672271727,-63.70001399999998,9.599998167183486,-39.11558723449705,-59.96905316591213,0.0,1,2.842170943040401e-14,0.0,0.0,0.0,73.55512142181396,63.70001399999999,9.599998167183458,73.56001091003418,59.96905316591212,0.0,1,0.0,0.0,0.0,0.0,73.55512142181396,-63.70001399999998,9.599998167183458,73.56001091003418,-59.96905316591213,0.0,1,0.0
8.408333333333333,8408333,hold_standing,0.0,0.0,80.96182697652446,1.0,0.0,0.0,0.0,0.0,0.0,80.96182697652446,39.11558723449706,37.2228799771451,0,feet,0.0,0.0,0.0,-39.120476722717285,63.70001399999999,9.599998167183458,-39.11558723449707,59.96905316591212,0.0,1,0.0,0.0,0.0,0.0,-39.12047672271727,-63.70001399999998,9.599998167183486,-39.11558723449705,-59.96905316591213,0.0,1,2.842170943040401e-14,0.0,0.0,0.0,73.55512142181396,63.70001399999999,9.599998167183458,73.56001091003418,59.96905316591212,0.0,1,0.0,0.0,0.0,0.0,73.55512142181396,-63.70001399999998,9.599998167183458,73.56001091003418,-59.96905316591213,0.0,1,0.0
8.416666666666666,8416667,hold_standing,0.0,0.0,80.96182697652446,1.0,0.0,0.0,0.0,0.0,0.0,80.96182697652446,39.11558723449706,37.2228799771451,0,feet,0.0,0.0,0.0,-39.120476722717285,63.70001399999999,9.599998167183458,-39.11558723449707,59.96905316591212,0.0,1,0.0,0.0,0.0,0.0,-39.12047672271727,-63.70001399999998,9.599998167183486,-39.11558723449705,-59.96905316591213,0.0,1,2.842170943040401e-14,0.0,0.0,0.0,73.55512142181396,63.70001399999999,9.599998167183458,73.56001091003418,59.96905316591212,0.0,1,0.0,0.0,0.0,0.0,73.55512142181396,-63.70001399999998,9.599998167183458,73.56001091003418,-59.96905316591213,0.0,1,0.0
8.425,8425000,hold_standing,0.0,0.0,80.96182697652446,1.0,0.0,0.0,0.0,0.0,0.0,80.96182697652446,39.11558723449706,37.2228799771451,0,feet,0.0,0.0,0.0,-39.120476722717285,63.70001399999999,9.599998167183458,-39.11558723449707,59.96905316591212,0.0,1,0.0,0.0,0.0,0.0,-39.12047672271727,-63.70001399999998,9.599998167183486,-39.11558723449705,-59.96905316591213,0.0,1,2.842170943040401e-14,0.0,0.0,0.0,73.55512142181396,63.70001399999999,9.599998167183458,73.56001091003418,59.96905316591212,0.0,1,0.0,0.0,0.0,0.0,73.55512142181396,-63.70001399999998,9.599998167183458,73.56001091003418,-59.96905316591213,0.0,1,0.0
8.433333333333334,8433333,hold_standing,0.0,0.0,80.96182697652446,1.0,0.0,0.0,0.0,0.0,0.0,80.96182697652446,39.11558723449706,37.2228799771451,0,feet,0.0,0.0,0.0,-39.120476722717285,63.70001399999999,9.599998167183458,-39.11558723449707,59.96905316591212,0.0,1,0.0,0.0,0.0,0.0,-39.12047672271727,-63.70001399999998,9.599998167183486,-39.11558723449705,-59.96905316591213,0.0,1,2.842170943040401e-14,0.0,0.0,0.0,73.55512142181396,63.70001399999999,9.599998167183458,73.56001091003418,59.96905316591212,0.0,1,0.0,0.0,0.0,0.0,73.55512142181396,-63.70001399999998,9.599998167183458,73.56001091003418,-59.96905316591213,0.0,1,0.0
8.441666666666666,8441667,hold_standing,0.0,0.0,80.96182697652446,1.0,0.0,0.0,0.0,0.0,0.0,80.96182697652446,39.11558723449706,37.2228799771451,0,feet,0.0,0.0,0.0,-39.120476722717285,63.70001399999999,9.599998167183458,-39.11558723449707,59.96905316591212,0.0,1,0.0,0.0,0.0,0.0,-39.12047672271727,-63.70001399999998,9.599998167183486,-39.11558723449705,-59.96905316591213,0.0,1,2.842170943040401e-14,0.0,0.0,0.0,73.55512142181396,63.70001399999999,9.599998167183458,73.56001091003418,59.96905316591212,0.0,1,0.0,0.0,0.0,0.0,73.55512142181396,-63.70001399999998,9.599998167183458,73.56001091003418,-59.96905316591213,0.0,1,0.0
8.45,8450000,hold_standing,0.0,0.0,80.96182697652446,1.0,0.0,0.0,0.0,0.0,0.0,80.96182697652446,39.11558723449706,37.2228799771451,0,feet,0.0,0.0,0.0,-39.120476722717285,63.70001399999999,9.599998167183458,-39.11558723449707,59.96905316591212,0.0,1,0.0,0.0,0.0,0.0,-39.12047672271727,-63.70001399999998,9.599998167183486,-39.11558723449705,-59.96905316591213,0.0,1,2.842170943040401e-14,0.0,0.0,0.0,73.55512142181396,63.70001399999999,9.599998167183458,73.56001091003418,59.96905316591212,0.0,1,0.0,0.0,0.0,0.0,73.55512142181396,-63.70001399999998,9.599998167183458,73.56001091003418,-59.96905316591213,0.0,1,0.0
8.458333333333334,8458333,hold_standing,0.0,0.0,80.96182697652446,1.0,0.0,0.0,0.0,0.0,0.0,80.96182697652446,39.11558723449706,37.2228799771451,0,feet,0.0,0.0,0.0,-39.120476722717285,63.70001399999999,9.599998167183458,-39.11558723449707,59.96905316591212,0.0,1,0.0,0.0,0.0,0.0,-39.12047672271727,-63.70001399999998,9.599998167183486,-39.11558723449705,-59.96905316591213,0.0,1,2.842170943040401e-14,0.0,0.0,0.0,73.55512142181396,63.70001399999999,9.599998167183458,73.56001091003418,59.96905316591212,0.0,1,0.0,0.0,0.0,0.0,73.55512142181396,-63.70001399999998,9.599998167183458,73.56001091003418,-59.96905316591213,0.0,1,0.0
8.466666666666667,8466667,hold_standing,0.0,0.0,80.96182697652446,1.0,0.0,0.0,0.0,0.0,0.0,80.96182697652446,39.11558723449706,37.2228799771451,0,feet,0.0,0.0,0.0,-39.120476722717285,63.70001399999999,9.599998167183458,-39.11558723449707,59.96905316591212,0.0,1,0.0,0.0,0.0,0.0,-39.12047672271727,-63.70001399999998,9.599998167183486,-39.11558723449705,-59.96905316591213,0.0,1,2.842170943040401e-14,0.0,0.0,0.0,73.55512142181396,63.70001399999999,9.599998167183458,73.56001091003418,59.96905316591212,0.0,1,0.0,0.0,0.0,0.0,73.55512142181396,-63.70001399999998,9.599998167183458,73.56001091003418,-59.96905316591213,0.0,1,0.0
8.475,8475000,hold_standing,0.0,0.0,80.96182697652446,1.0,0.0,0.0,0.0,0.0,0.0,80.96182697652446,39.11558723449706,37.2228799771451,0,feet,0.0,0.0,0.0,-39.120476722717285,63.70001399999999,9.599998167183458,-39.11558723449707,59.96905316591212,0.0,1,0.0,0.0,0.0,0.0,-39.12047672271727,-63.70001399999998,9.599998167183486,-39.11558723449705,-59.96905316591213,0.0,1,2.842170943040401e-14,0.0,0.0,0.0,73.55512142181396,63.70001399999999,9.599998167183458,73.56001091003418,59.96905316591212,0.0,1,0.0,0.0,0.0,0.0,73.55512142181396,-63.70001399999998,9.599998167183458,73.56001091003418,-59.96905316591213,0.0,1,0.0
8.483333333333333,8483333,hold_standing,0.0,0.0,80.96182697652446,1.0,0.0,0.0,0.0,0.0,0.0,80.96182697652446,39.11558723449706,37.2228799771451,0,feet,0.0,0.0,0.0,-39.120476722717285,63.70001399999999,9.599998167183458,-39.11558723449707,59.96905316591212,0.0,1,0.0,0.0,0.0,0.0,-39.12047672271727,-63.70001399999998,9.599998167183486,-39.11558723449705,-59.96905316591213,0.0,1,2.842170943040401e-14,0.0,0.0,0.0,73.55512142181396,63.70001399999999,9.599998167183458,73.56001091003418,59.96905316591212,0.0,1,0.0,0.0,0.0,0.0,73.55512142181396,-63.70001399999998,9.599998167183458,73.56001091003418,-59.96905316591213,0.0,1,0.0
8.491666666666667,8491667,hold_standing,0.0,0.0,80.96182697652446,1.0,0.0,0.0,0.0,0.0,0.0,80.96182697652446,39.11558723449706,37.2228799771451,0,feet,0.0,0.0,0.0,-39.120476722717285,63.70001399999999,9.599998167183458,-39.11558723449707,59.96905316591212,0.0,1,0.0,0.0,0.0,0.0,-39.12047672271727,-63.70001399999998,9.599998167183486,-39.11558723449705,-59.96905316591213,0.0,1,2.842170943040401e-14,0.0,0.0,0.0,73.55512142181396,63.70001399999999,9.599998167183458,73.56001091003418,59.96905316591212,0.0,1,0.0,0.0,0.0,0.0,73.55512142181396,-63.70001399999998,9.599998167183458,73.56001091003418,-59.96905316591213,0.0,1,0.0
8.5,8500000,hold_standing,0.0,0.0,80.96182697652446,1.0,0.0,0.0,0.0,0.0,0.0,80.96182697652446,39.11558723449706,37.2228799771451,0,feet,0.0,0.0,0.0,-39.120476722717285,63.70001399999999,9.599998167183458,-39.11558723449707,59.96905316591212,0.0,1,0.0,0.0,0.0,0.0,-39.12047672271727,-63.70001399999998,9.599998167183486,-39.11558723449705,-59.96905316591213,0.0,1,2.842170943040401e-14,0.0,0.0,0.0,73.55512142181396,63.70001399999999,9.599998167183458,73.56001091003418,59.96905316591212,0.0,1,0.0,0.0,0.0,0.0,73.55512142181396,-63.70001399999998,9.599998167183458,73.56001091003418,-59.96905316591213,0.0,1,0.0
8.508333333333333,8508333,hold_standing,0.0,0.0,80.96182697652446,1.0,0.0,0.0,0.0,0.0,0.0,80.96182697652446,39.11558723449706,37.2228799771451,0,feet,0.0,0.0,0.0,-39.120476722717285,63.70001399999999,9.599998167183458,-39.11558723449707,59.96905316591212,0.0,1,0.0,0.0,0.0,0.0,-39.12047672271727,-63.70001399999998,9.599998167183486,-39.11558723449705,-59.96905316591213,0.0,1,2.842170943040401e-14,0.0,0.0,0.0,73.55512142181396,63.70001399999999,9.599998167183458,73.56001091003418,59.96905316591212,0.0,1,0.0,0.0,0.0,0.0,73.55512142181396,-63.70001399999998,9.599998167183458,73.56001091003418,-59.96905316591213,0.0,1,0.0
8.516666666666667,8516667,hold_standing,0.0,0.0,80.96182697652446,1.0,0.0,0.0,0.0,0.0,0.0,80.96182697652446,39.11558723449706,37.2228799771451,0,feet,0.0,0.0,0.0,-39.120476722717285,63.70001399999999,9.599998167183458,-39.11558723449707,59.96905316591212,0.0,1,0.0,0.0,0.0,0.0,-39.12047672271727,-63.70001399999998,9.599998167183486,-39.11558723449705,-59.96905316591213,0.0,1,2.842170943040401e-14,0.0,0.0,0.0,73.55512142181396,63.70001399999999,9.599998167183458,73.56001091003418,59.96905316591212,0.0,1,0.0,0.0,0.0,0.0,73.55512142181396,-63.70001399999998,9.599998167183458,73.56001091003418,-59.96905316591213,0.0,1,0.0
8.525,8525000,hold_standing,0.0,0.0,80.96182697652446,1.0,0.0,0.0,0.0,0.0,0.0,80.96182697652446,39.11558723449706,37.2228799771451,0,feet,0.0,0.0,0.0,-39.120476722717285,63.70001399999999,9.599998167183458,-39.11558723449707,59.96905316591212,0.0,1,0.0,0.0,0.0,0.0,-39.12047672271727,-63.70001399999998,9.599998167183486,-39.11558723449705,-59.96905316591213,0.0,1,2.842170943040401e-14,0.0,0.0,0.0,73.55512142181396,63.70001399999999,9.599998167183458,73.56001091003418,59.96905316591212,0.0,1,0.0,0.0,0.0,0.0,73.55512142181396,-63.70001399999998,9.599998167183458,73.56001091003418,-59.96905316591213,0.0,1,0.0
8.533333333333333,8533333,hold_standing,0.0,0.0,80.96182697652446,1.0,0.0,0.0,0.0,0.0,0.0,80.96182697652446,39.11558723449706,37.2228799771451,0,feet,0.0,0.0,0.0,-39.120476722717285,63.70001399999999,9.599998167183458,-39.11558723449707,59.96905316591212,0.0,1,0.0,0.0,0.0,0.0,-39.12047672271727,-63.70001399999998,9.599998167183486,-39.11558723449705,-59.96905316591213,0.0,1,2.842170943040401e-14,0.0,0.0,0.0,73.55512142181396,63.70001399999999,9.599998167183458,73.56001091003418,59.96905316591212,0.0,1,0.0,0.0,0.0,0.0,73.55512142181396,-63.70001399999998,9.599998167183458,73.56001091003418,-59.96905316591213,0.0,1,0.0
8.541666666666666,8541667,hold_standing,0.0,0.0,80.96182697652446,1.0,0.0,0.0,0.0,0.0,0.0,80.96182697652446,39.11558723449706,37.2228799771451,0,feet,0.0,0.0,0.0,-39.120476722717285,63.70001399999999,9.599998167183458,-39.11558723449707,59.96905316591212,0.0,1,0.0,0.0,0.0,0.0,-39.12047672271727,-63.70001399999998,9.599998167183486,-39.11558723449705,-59.96905316591213,0.0,1,2.842170943040401e-14,0.0,0.0,0.0,73.55512142181396,63.70001399999999,9.599998167183458,73.56001091003418,59.96905316591212,0.0,1,0.0,0.0,0.0,0.0,73.55512142181396,-63.70001399999998,9.599998167183458,73.56001091003418,-59.96905316591213,0.0,1,0.0
8.55,8550000,hold_standing,0.0,0.0,80.96182697652446,1.0,0.0,0.0,0.0,0.0,0.0,80.96182697652446,39.11558723449706,37.2228799771451,0,feet,0.0,0.0,0.0,-39.120476722717285,63.70001399999999,9.599998167183458,-39.11558723449707,59.96905316591212,0.0,1,0.0,0.0,0.0,0.0,-39.12047672271727,-63.70001399999998,9.599998167183486,-39.11558723449705,-59.96905316591213,0.0,1,2.842170943040401e-14,0.0,0.0,0.0,73.55512142181396,63.70001399999999,9.599998167183458,73.56001091003418,59.96905316591212,0.0,1,0.0,0.0,0.0,0.0,73.55512142181396,-63.70001399999998,9.599998167183458,73.56001091003418,-59.96905316591213,0.0,1,0.0
8.558333333333334,8558333,hold_standing,0.0,0.0,80.96182697652446,1.0,0.0,0.0,0.0,0.0,0.0,80.96182697652446,39.11558723449706,37.2228799771451,0,feet,0.0,0.0,0.0,-39.120476722717285,63.70001399999999,9.599998167183458,-39.11558723449707,59.96905316591212,0.0,1,0.0,0.0,0.0,0.0,-39.12047672271727,-63.70001399999998,9.599998167183486,-39.11558723449705,-59.96905316591213,0.0,1,2.842170943040401e-14,0.0,0.0,0.0,73.55512142181396,63.70001399999999,9.599998167183458,73.56001091003418,59.96905316591212,0.0,1,0.0,0.0,0.0,0.0,73.55512142181396,-63.70001399999998,9.599998167183458,73.56001091003418,-59.96905316591213,0.0,1,0.0
8.566666666666666,8566667,hold_standing,0.0,0.0,80.96182697652446,1.0,0.0,0.0,0.0,0.0,0.0,80.96182697652446,39.11558723449706,37.2228799771451,0,feet,0.0,0.0,0.0,-39.120476722717285,63.70001399999999,9.599998167183458,-39.11558723449707,59.96905316591212,0.0,1,0.0,0.0,0.0,0.0,-39.12047672271727,-63.70001399999998,9.599998167183486,-39.11558723449705,-59.96905316591213,0.0,1,2.842170943040401e-14,0.0,0.0,0.0,73.55512142181396,63.70001399999999,9.599998167183458,73.56001091003418,59.96905316591212,0.0,1,0.0,0.0,0.0,0.0,73.55512142181396,-63.70001399999998,9.599998167183458,73.56001091003418,-59.96905316591213,0.0,1,0.0
8.575,8575000,hold_standing,0.0,0.0,80.96182697652446,1.0,0.0,0.0,0.0,0.0,0.0,80.96182697652446,39.11558723449706,37.2228799771451,0,feet,0.0,0.0,0.0,-39.120476722717285,63.70001399999999,9.599998167183458,-39.11558723449707,59.96905316591212,0.0,1,0.0,0.0,0.0,0.0,-39.12047672271727,-63.70001399999998,9.599998167183486,-39.11558723449705,-59.96905316591213,0.0,1,2.842170943040401e-14,0.0,0.0,0.0,73.55512142181396,63.70001399999999,9.599998167183458,73.56001091003418,59.96905316591212,0.0,1,0.0,0.0,0.0,0.0,73.55512142181396,-63.70001399999998,9.599998167183458,73.56001091003418,-59.96905316591213,0.0,1,0.0
8.583333333333334,8583333,hold_standing,0.0,0.0,80.96182697652446,1.0,0.0,0.0,0.0,0.0,0.0,80.96182697652446,39.11558723449706,37.2228799771451,0,feet,0.0,0.0,0.0,-39.120476722717285,63.70001399999999,9.599998167183458,-39.11558723449707,59.96905316591212,0.0,1,0.0,0.0,0.0,0.0,-39.12047672271727,-63.70001399999998,9.599998167183486,-39.11558723449705,-59.96905316591213,0.0,1,2.842170943040401e-14,0.0,0.0,0.0,73.55512142181396,63.70001399999999,9.599998167183458,73.56001091003418,59.96905316591212,0.0,1,0.0,0.0,0.0,0.0,73.55512142181396,-63.70001399999998,9.599998167183458,73.56001091003418,-59.96905316591213,0.0,1,0.0
8.591666666666667,8591667,hold_standing,0.0,0.0,80.96182697652446,1.0,0.0,0.0,0.0,0.0,0.0,80.96182697652446,39.11558723449706,37.2228799771451,0,feet,0.0,0.0,0.0,-39.120476722717285,63.70001399999999,9.599998167183458,-39.11558723449707,59.96905316591212,0.0,1,0.0,0.0,0.0,0.0,-39.12047672271727,-63.70001399999998,9.599998167183486,-39.11558723449705,-59.96905316591213,0.0,1,2.842170943040401e-14,0.0,0.0,0.0,73.55512142181396,63.70001399999999,9.599998167183458,73.56001091003418,59.96905316591212,0.0,1,0.0,0.0,0.0,0.0,73.55512142181396,-63.70001399999998,9.599998167183458,73.56001091003418,-59.96905316591213,0.0,1,0.0
8.6,8600000,hold_standing,0.0,0.0,80.96182697652446,1.0,0.0,0.0,0.0,0.0,0.0,80.96182697652446,39.11558723449706,37.2228799771451,0,feet,0.0,0.0,0.0,-39.120476722717285,63.70001399999999,9.599998167183458,-39.11558723449707,59.96905316591212,0.0,1,0.0,0.0,0.0,0.0,-39.12047672271727,-63.70001399999998,9.599998167183486,-39.11558723449705,-59.96905316591213,0.0,1,2.842170943040401e-14,0.0,0.0,0.0,73.55512142181396,63.70001399999999,9.599998167183458,73.56001091003418,59.96905316591212,0.0,1,0.0,0.0,0.0,0.0,73.55512142181396,-63.70001399999998,9.599998167183458,73.56001091003418,-59.96905316591213,0.0,1,0.0
8.608333333333333,8608333,hold_standing,0.0,0.0,80.96182697652446,1.0,0.0,0.0,0.0,0.0,0.0,80.96182697652446,39.11558723449706,37.2228799771451,0,feet,0.0,0.0,0.0,-39.120476722717285,63.70001399999999,9.599998167183458,-39.11558723449707,59.96905316591212,0.0,1,0.0,0.0,0.0,0.0,-39.12047672271727,-63.70001399999998,9.599998167183486,-39.11558723449705,-59.96905316591213,0.0,1,2.842170943040401e-14,0.0,0.0,0.0,73.55512142181396,63.70001399999999,9.599998167183458,73.56001091003418,59.96905316591212,0.0,1,0.0,0.0,0.0,0.0,73.55512142181396,-63.70001399999998,9.599998167183458,73.56001091003418,-59.96905316591213,0.0,1,0.0
8.616666666666667,8616667,hold_standing,0.0,0.0,80.96182697652446,1.0,0.0,0.0,0.0,0.0,0.0,80.96182697652446,39.11558723449706,37.2228799771451,0,feet,0.0,0.0,0.0,-39.120476722717285,63.70001399999999,9.599998167183458,-39.11558723449707,59.96905316591212,0.0,1,0.0,0.0,0.0,0.0,-39.12047672271727,-63.70001399999998,9.599998167183486,-39.11558723449705,-59.96905316591213,0.0,1,2.842170943040401e-14,0.0,0.0,0.0,73.55512142181396,63.70001399999999,9.599998167183458,73.56001091003418,59.96905316591212,0.0,1,0.0,0.0,0.0,0.0,73.55512142181396,-63.70001399999998,9.599998167183458,73.56001091003418,-59.96905316591213,0.0,1,0.0
8.625,8625000,hold_standing,0.0,0.0,80.96182697652446,1.0,0.0,0.0,0.0,0.0,0.0,80.96182697652446,39.11558723449706,37.2228799771451,0,feet,0.0,0.0,0.0,-39.120476722717285,63.70001399999999,9.599998167183458,-39.11558723449707,59.96905316591212,0.0,1,0.0,0.0,0.0,0.0,-39.12047672271727,-63.70001399999998,9.599998167183486,-39.11558723449705,-59.96905316591213,0.0,1,2.842170943040401e-14,0.0,0.0,0.0,73.55512142181396,63.70001399999999,9.599998167183458,73.56001091003418,59.96905316591212,0.0,1,0.0,0.0,0.0,0.0,73.55512142181396,-63.70001399999998,9.599998167183458,73.56001091003418,-59.96905316591213,0.0,1,0.0
8.633333333333333,8633333,hold_standing,0.0,0.0,80.96182697652446,1.0,0.0,0.0,0.0,0.0,0.0,80.96182697652446,39.11558723449706,37.2228799771451,0,feet,0.0,0.0,0.0,-39.120476722717285,63.70001399999999,9.599998167183458,-39.11558723449707,59.96905316591212,0.0,1,0.0,0.0,0.0,0.0,-39.12047672271727,-63.70001399999998,9.599998167183486,-39.11558723449705,-59.96905316591213,0.0,1,2.842170943040401e-14,0.0,0.0,0.0,73.55512142181396,63.70001399999999,9.599998167183458,73.56001091003418,59.96905316591212,0.0,1,0.0,0.0,0.0,0.0,73.55512142181396,-63.70001399999998,9.599998167183458,73.56001091003418,-59.96905316591213,0.0,1,0.0
8.641666666666667,8641667,hold_standing,0.0,0.0,80.96182697652446,1.0,0.0,0.0,0.0,0.0,0.0,80.96182697652446,39.11558723449706,37.2228799771451,0,feet,0.0,0.0,0.0,-39.120476722717285,63.70001399999999,9.599998167183458,-39.11558723449707,59.96905316591212,0.0,1,0.0,0.0,0.0,0.0,-39.12047672271727,-63.70001399999998,9.599998167183486,-39.11558723449705,-59.96905316591213,0.0,1,2.842170943040401e-14,0.0,0.0,0.0,73.55512142181396,63.70001399999999,9.599998167183458,73.56001091003418,59.96905316591212,0.0,1,0.0,0.0,0.0,0.0,73.55512142181396,-63.70001399999998,9.599998167183458,73.56001091003418,-59.96905316591213,0.0,1,0.0
8.65,8650000,hold_standing,0.0,0.0,80.96182697652446,1.0,0.0,0.0,0.0,0.0,0.0,80.96182697652446,39.11558723449706,37.2228799771451,0,feet,0.0,0.0,0.0,-39.120476722717285,63.70001399999999,9.599998167183458,-39.11558723449707,59.96905316591212,0.0,1,0.0,0.0,0.0,0.0,-39.12047672271727,-63.70001399999998,9.599998167183486,-39.11558723449705,-59.96905316591213,0.0,1,2.842170943040401e-14,0.0,0.0,0.0,73.55512142181396,63.70001399999999,9.599998167183458,73.56001091003418,59.96905316591212,0.0,1,0.0,0.0,0.0,0.0,73.55512142181396,-63.70001399999998,9.599998167183458,73.56001091003418,-59.96905316591213,0.0,1,0.0
8.658333333333333,8658333,hold_standing,0.0,0.0,80.96182697652446,1.0,0.0,0.0,0.0,0.0,0.0,80.96182697652446,39.11558723449706,37.2228799771451,0,feet,0.0,0.0,0.0,-39.120476722717285,63.70001399999999,9.599998167183458,-39.11558723449707,59.96905316591212,0.0,1,0.0,0.0,0.0,0.0,-39.12047672271727,-63.70001399999998,9.599998167183486,-39.11558723449705,-59.96905316591213,0.0,1,2.842170943040401e-14,0.0,0.0,0.0,73.55512142181396,63.70001399999999,9.599998167183458,73.56001091003418,59.96905316591212,0.0,1,0.0,0.0,0.0,0.0,73.55512142181396,-63.70001399999998,9.599998167183458,73.56001091003418,-59.96905316591213,0.0,1,0.0
8.666666666666666,8666667,hold_standing,0.0,0.0,80.96182697652446,1.0,0.0,0.0,0.0,0.0,0.0,80.96182697652446,39.11558723449706,37.2228799771451,0,feet,0.0,0.0,0.0,-39.120476722717285,63.70001399999999,9.599998167183458,-39.11558723449707,59.96905316591212,0.0,1,0.0,0.0,0.0,0.0,-39.12047672271727,-63.70001399999998,9.599998167183486,-39.11558723449705,-59.96905316591213,0.0,1,2.842170943040401e-14,0.0,0.0,0.0,73.55512142181396,63.70001399999999,9.599998167183458,73.56001091003418,59.96905316591212,0.0,1,0.0,0.0,0.0,0.0,73.55512142181396,-63.70001399999998,9.599998167183458,73.56001091003418,-59.96905316591213,0.0,1,0.0
8.675,8675000,hold_standing,0.0,0.0,80.96182697652446,1.0,0.0,0.0,0.0,0.0,0.0,80.96182697652446,39.11558723449706,37.2228799771451,0,feet,0.0,0.0,0.0,-39.120476722717285,63.70001399999999,9.599998167183458,-39.11558723449707,59.96905316591212,0.0,1,0.0,0.0,0.0,0.0,-39.12047672271727,-63.70001399999998,9.599998167183486,-39.11558723449705,-59.96905316591213,0.0,1,2.842170943040401e-14,0.0,0.0,0.0,73.55512142181396,63.70001399999999,9.599998167183458,73.56001091003418,59.96905316591212,0.0,1,0.0,0.0,0.0,0.0,73.55512142181396,-63.70001399999998,9.599998167183458,73.56001091003418,-59.96905316591213,0.0,1,0.0
8.683333333333334,8683333,hold_standing,0.0,0.0,80.96182697652446,1.0,0.0,0.0,0.0,0.0,0.0,80.96182697652446,39.11558723449706,37.2228799771451,0,feet,0.0,0.0,0.0,-39.120476722717285,63.70001399999999,9.599998167183458,-39.11558723449707,59.96905316591212,0.0,1,0.0,0.0,0.0,0.0,-39.12047672271727,-63.70001399999998,9.599998167183486,-39.11558723449705,-59.96905316591213,0.0,1,2.842170943040401e-14,0.0,0.0,0.0,73.55512142181396,63.70001399999999,9.599998167183458,73.56001091003418,59.96905316591212,0.0,1,0.0,0.0,0.0,0.0,73.55512142181396,-63.70001399999998,9.599998167183458,73.56001091003418,-59.96905316591213,0.0,1,0.0
8.691666666666666,8691667,hold_standing,0.0,0.0,80.96182697652446,1.0,0.0,0.0,0.0,0.0,0.0,80.96182697652446,39.11558723449706,37.2228799771451,0,feet,0.0,0.0,0.0,-39.120476722717285,63.70001399999999,9.599998167183458,-39.11558723449707,59.96905316591212,0.0,1,0.0,0.0,0.0,0.0,-39.12047672271727,-63.70001399999998,9.599998167183486,-39.11558723449705,-59.96905316591213,0.0,1,2.842170943040401e-14,0.0,0.0,0.0,73.55512142181396,63.70001399999999,9.599998167183458,73.56001091003418,59.96905316591212,0.0,1,0.0,0.0,0.0,0.0,73.55512142181396,-63.70001399999998,9.599998167183458,73.56001091003418,-59.96905316591213,0.0,1,0.0
8.7,8700000,hold_standing,0.0,0.0,80.96182697652446,1.0,0.0,0.0,0.0,0.0,0.0,80.96182697652446,39.11558723449706,37.2228799771451,0,feet,0.0,0.0,0.0,-39.120476722717285,63.70001399999999,9.599998167183458,-39.11558723449707,59.96905316591212,0.0,1,0.0,0.0,0.0,0.0,-39.12047672271727,-63.70001399999998,9.599998167183486,-39.11558723449705,-59.96905316591213,0.0,1,2.842170943040401e-14,0.0,0.0,0.0,73.55512142181396,63.70001399999999,9.599998167183458,73.56001091003418,59.96905316591212,0.0,1,0.0,0.0,0.0,0.0,73.55512142181396,-63.70001399999998,9.599998167183458,73.56001091003418,-59.96905316591213,0.0,1,0.0
8.708333333333334,8708333,hold_standing,0.0,0.0,80.96182697652446,1.0,0.0,0.0,0.0,0.0,0.0,80.96182697652446,39.11558723449706,37.2228799771451,0,feet,0.0,0.0,0.0,-39.120476722717285,63.70001399999999,9.599998167183458,-39.11558723449707,59.96905316591212,0.0,1,0.0,0.0,0.0,0.0,-39.12047672271727,-63.70001399999998,9.599998167183486,-39.11558723449705,-59.96905316591213,0.0,1,2.842170943040401e-14,0.0,0.0,0.0,73.55512142181396,63.70001399999999,9.599998167183458,73.56001091003418,59.96905316591212,0.0,1,0.0,0.0,0.0,0.0,73.55512142181396,-63.70001399999998,9.599998167183458,73.56001091003418,-59.96905316591213,0.0,1,0.0
8.716666666666667,8716667,hold_standing,0.0,0.0,80.96182697652446,1.0,0.0,0.0,0.0,0.0,0.0,80.96182697652446,39.11558723449706,37.2228799771451,0,feet,0.0,0.0,0.0,-39.120476722717285,63.70001399999999,9.599998167183458,-39.11558723449707,59.96905316591212,0.0,1,0.0,0.0,0.0,0.0,-39.12047672271727,-63.70001399999998,9.599998167183486,-39.11558723449705,-59.96905316591213,0.0,1,2.842170943040401e-14,0.0,0.0,0.0,73.55512142181396,63.70001399999999,9.599998167183458,73.56001091003418,59.96905316591212,0.0,1,0.0,0.0,0.0,0.0,73.55512142181396,-63.70001399999998,9.599998167183458,73.56001091003418,-59.96905316591213,0.0,1,0.0
8.725,8725000,hold_standing,0.0,0.0,80.96182697652446,1.0,0.0,0.0,0.0,0.0,0.0,80.96182697652446,39.11558723449706,37.2228799771451,0,feet,0.0,0.0,0.0,-39.120476722717285,63.70001399999999,9.599998167183458,-39.11558723449707,59.96905316591212,0.0,1,0.0,0.0,0.0,0.0,-39.12047672271727,-63.70001399999998,9.599998167183486,-39.11558723449705,-59.96905316591213,0.0,1,2.842170943040401e-14,0.0,0.0,0.0,73.55512142181396,63.70001399999999,9.599998167183458,73.56001091003418,59.96905316591212,0.0,1,0.0,0.0,0.0,0.0,73.55512142181396,-63.70001399999998,9.599998167183458,73.56001091003418,-59.96905316591213,0.0,1,0.0
8.733333333333333,8733333,hold_standing,0.0,0.0,80.96182697652446,1.0,0.0,0.0,0.0,0.0,0.0,80.96182697652446,39.11558723449706,37.2228799771451,0,feet,0.0,0.0,0.0,-39.120476722717285,63.70001399999999,9.599998167183458,-39.11558723449707,59.96905316591212,0.0,1,0.0,0.0,0.0,0.0,-39.12047672271727,-63.70001399999998,9.599998167183486,-39.11558723449705,-59.96905316591213,0.0,1,2.842170943040401e-14,0.0,0.0,0.0,73.55512142181396,63.70001399999999,9.599998167183458,73.56001091003418,59.96905316591212,0.0,1,0.0,0.0,0.0,0.0,73.55512142181396,-63.70001399999998,9.599998167183458,73.56001091003418,-59.96905316591213,0.0,1,0.0
8.741666666666667,8741667,hold_standing,0.0,0.0,80.96182697652446,1.0,0.0,0.0,0.0,0.0,0.0,80.96182697652446,39.11558723449706,37.2228799771451,0,feet,0.0,0.0,0.0,-39.120476722717285,63.70001399999999,9.599998167183458,-39.11558723449707,59.96905316591212,0.0,1,0.0,0.0,0.0,0.0,-39.12047672271727,-63.70001399999998,9.599998167183486,-39.11558723449705,-59.96905316591213,0.0,1,2.842170943040401e-14,0.0,0.0,0.0,73.55512142181396,63.70001399999999,9.599998167183458,73.56001091003418,59.96905316591212,0.0,1,0.0,0.0,0.0,0.0,73.55512142181396,-63.70001399999998,9.599998167183458,73.56001091003418,-59.96905316591213,0.0,1,0.0
8.75,8750000,hold_standing,0.0,0.0,80.96182697652446,1.0,0.0,0.0,0.0,0.0,0.0,80.96182697652446,39.11558723449706,37.2228799771451,0,feet,0.0,0.0,0.0,-39.120476722717285,63.70001399999999,9.599998167183458,-39.11558723449707,59.96905316591212,0.0,1,0.0,0.0,0.0,0.0,-39.12047672271727,-63.70001399999998,9.599998167183486,-39.11558723449705,-59.96905316591213,0.0,1,2.842170943040401e-14,0.0,0.0,0.0,73.55512142181396,63.70001399999999,9.599998167183458,73.56001091003418,59.96905316591212,0.0,1,0.0,0.0,0.0,0.0,73.55512142181396,-63.70001399999998,9.599998167183458,73.56001091003418,-59.96905316591213,0.0,1,0.0
8.758333333333333,8758333,hold_standing,0.0,0.0,80.96182697652446,1.0,0.0,0.0,0.0,0.0,0.0,80.96182697652446,39.11558723449706,37.2228799771451,0,feet,0.0,0.0,0.0,-39.120476722717285,63.70001399999999,9.599998167183458,-39.11558723449707,59.96905316591212,0.0,1,0.0,0.0,0.0,0.0,-39.12047672271727,-63.70001399999998,9.599998167183486,-39.11558723449705,-59.96905316591213,0.0,1,2.842170943040401e-14,0.0,0.0,0.0,73.55512142181396,63.70001399999999,9.599998167183458,73.56001091003418,59.96905316591212,0.0,1,0.0,0.0,0.0,0.0,73.55512142181396,-63.70001399999998,9.599998167183458,73.56001091003418,-59.96905316591213,0.0,1,0.0
8.766666666666667,8766667,hold_standing,0.0,0.0,80.96182697652446,1.0,0.0,0.0,0.0,0.0,0.0,80.96182697652446,39.11558723449706,37.2228799771451,0,feet,0.0,0.0,0.0,-39.120476722717285,63.70001399999999,9.599998167183458,-39.11558723449707,59.96905316591212,0.0,1,0.0,0.0,0.0,0.0,-39.12047672271727,-63.70001399999998,9.599998167183486,-39.11558723449705,-59.96905316591213,0.0,1,2.842170943040401e-14,0.0,0.0,0.0,73.55512142181396,63.70001399999999,9.599998167183458,73.56001091003418,59.96905316591212,0.0,1,0.0,0.0,0.0,0.0,73.55512142181396,-63.70001399999998,9.599998167183458,73.56001091003418,-59.96905316591213,0.0,1,0.0
8.775,8775000,hold_standing,0.0,0.0,80.96182697652446,1.0,0.0,0.0,0.0,0.0,0.0,80.96182697652446,39.11558723449706,37.2228799771451,0,feet,0.0,0.0,0.0,-39.120476722717285,63.70001399999999,9.599998167183458,-39.11558723449707,59.96905316591212,0.0,1,0.0,0.0,0.0,0.0,-39.12047672271727,-63.70001399999998,9.599998167183486,-39.11558723449705,-59.96905316591213,0.0,1,2.842170943040401e-14,0.0,0.0,0.0,73.55512142181396,63.70001399999999,9.599998167183458,73.56001091003418,59.96905316591212,0.0,1,0.0,0.0,0.0,0.0,73.55512142181396,-63.70001399999998,9.599998167183458,73.56001091003418,-59.96905316591213,0.0,1,0.0
8.783333333333333,8783333,hold_standing,0.0,0.0,80.96182697652446,1.0,0.0,0.0,0.0,0.0,0.0,80.96182697652446,39.11558723449706,37.2228799771451,0,feet,0.0,0.0,0.0,-39.120476722717285,63.70001399999999,9.599998167183458,-39.11558723449707,59.96905316591212,0.0,1,0.0,0.0,0.0,0.0,-39.12047672271727,-63.70001399999998,9.599998167183486,-39.11558723449705,-59.96905316591213,0.0,1,2.842170943040401e-14,0.0,0.0,0.0,73.55512142181396,63.70001399999999,9.599998167183458,73.56001091003418,59.96905316591212,0.0,1,0.0,0.0,0.0,0.0,73.55512142181396,-63.70001399999998,9.599998167183458,73.56001091003418,-59.96905316591213,0.0,1,0.0
8.791666666666666,8791667,hold_standing,0.0,0.0,80.96182697652446,1.0,0.0,0.0,0.0,0.0,0.0,80.96182697652446,39.11558723449706,37.2228799771451,0,feet,0.0,0.0,0.0,-39.120476722717285,63.70001399999999,9.599998167183458,-39.11558723449707,59.96905316591212,0.0,1,0.0,0.0,0.0,0.0,-39.12047672271727,-63.70001399999998,9.599998167183486,-39.11558723449705,-59.96905316591213,0.0,1,2.842170943040401e-14,0.0,0.0,0.0,73.55512142181396,63.70001399999999,9.599998167183458,73.56001091003418,59.96905316591212,0.0,1,0.0,0.0,0.0,0.0,73.55512142181396,-63.70001399999998,9.599998167183458,73.56001091003418,-59.96905316591213,0.0,1,0.0
8.8,8800000,hold_standing,0.0,0.0,80.96182697652446,1.0,0.0,0.0,0.0,0.0,0.0,80.96182697652446,39.11558723449706,37.2228799771451,0,feet,0.0,0.0,0.0,-39.120476722717285,63.70001399999999,9.599998167183458,-39.11558723449707,59.96905316591212,0.0,1,0.0,0.0,0.0,0.0,-39.12047672271727,-63.70001399999998,9.599998167183486,-39.11558723449705,-59.96905316591213,0.0,1,2.842170943040401e-14,0.0,0.0,0.0,73.55512142181396,63.70001399999999,9.599998167183458,73.56001091003418,59.96905316591212,0.0,1,0.0,0.0,0.0,0.0,73.55512142181396,-63.70001399999998,9.599998167183458,73.56001091003418,-59.96905316591213,0.0,1,0.0
